uncertainty,regime,response,impulse,t,fevd_share
vix,combined,aluminium,aluminium,1,0
vix,combined,aluminium,aluminium,2,1
vix,combined,aluminium,aluminium,3,0.9491448366949816
vix,combined,aluminium,aluminium,4,0.9330944074747116
vix,combined,aluminium,aluminium,5,0.9275815925578856
vix,combined,aluminium,aluminium,6,0.9261393870690583
vix,combined,aluminium,aluminium,7,0.9257878753907387
vix,combined,aluminium,aluminium,8,0.9257040540405056
vix,combined,aluminium,aluminium,9,0.9256868168150196
vix,combined,aluminium,aluminium,10,0.9256838669436167
vix,combined,aluminium,aluminium,11,0.9256834224417629
vix,combined,aluminium,aluminium,12,0.9256833562164429
vix,combined,aluminium,aluminium,13,0.9256833562164429
vix,combined,aluminium,aluminium,14,0.9256833562164429
vix,combined,aluminium,aluminium,15,0.9256833562164429
vix,combined,aluminium,aluminium,16,0.9256833562164429
vix,combined,aluminium,aluminium,17,0.9256833562164429
vix,combined,aluminium,aluminium,18,0.9256833562164429
vix,combined,aluminium,aluminium,19,0.9256833562164429
vix,combined,aluminium,aluminium,20,0.9256833562164429
vix,combined,aluminium,aluminium,21,0.9256833562164429
vix,combined,aluminium,aluminium,22,0.9256833562164429
vix,combined,aluminium,aluminium,23,0.9256833562164429
vix,combined,aluminium,aluminium,24,0.9256833562164429
vix,combined,aluminium,cocoa,1,0
vix,combined,aluminium,cocoa,2,0
vix,combined,aluminium,cocoa,3,1.7896435451671258e-4
vix,combined,aluminium,cocoa,4,5.709353072494856e-4
vix,combined,aluminium,cocoa,5,7.059270269568574e-4
vix,combined,aluminium,cocoa,6,7.420450037395606e-4
vix,combined,aluminium,cocoa,7,7.460206745732346e-4
vix,combined,aluminium,cocoa,8,7.461243746051771e-4
vix,combined,aluminium,cocoa,9,7.461158813081513e-4
vix,combined,aluminium,cocoa,10,7.461168750164497e-4
vix,combined,aluminium,cocoa,11,7.461191592597125e-4
vix,combined,aluminium,cocoa,12,7.461201121863811e-4
vix,combined,aluminium,cocoa,13,7.461201121863811e-4
vix,combined,aluminium,cocoa,14,7.461201121863811e-4
vix,combined,aluminium,cocoa,15,7.461201121863811e-4
vix,combined,aluminium,cocoa,16,7.461201121863811e-4
vix,combined,aluminium,cocoa,17,7.461201121863811e-4
vix,combined,aluminium,cocoa,18,7.461201121863811e-4
vix,combined,aluminium,cocoa,19,7.461201121863811e-4
vix,combined,aluminium,cocoa,20,7.461201121863811e-4
vix,combined,aluminium,cocoa,21,7.461201121863811e-4
vix,combined,aluminium,cocoa,22,7.461201121863811e-4
vix,combined,aluminium,cocoa,23,7.461201121863811e-4
vix,combined,aluminium,cocoa,24,7.461201121863811e-4
vix,combined,aluminium,coffee_arabic,1,0
vix,combined,aluminium,coffee_arabic,2,0
vix,combined,aluminium,coffee_arabic,3,0.0030929692485771945
vix,combined,aluminium,coffee_arabic,4,0.00389003834682804
vix,combined,aluminium,coffee_arabic,5,0.0038879888315319086
vix,combined,aluminium,coffee_arabic,6,0.003886708700543944
vix,combined,aluminium,coffee_arabic,7,0.0038906348854814503
vix,combined,aluminium,coffee_arabic,8,0.0038913715792790265
vix,combined,aluminium,coffee_arabic,9,0.003891325356075494
vix,combined,aluminium,coffee_arabic,10,0.0038913335515988632
vix,combined,aluminium,coffee_arabic,11,0.0038913526586390173
vix,combined,aluminium,coffee_arabic,12,0.0038913572931851144
vix,combined,aluminium,coffee_arabic,13,0.0038913572931851144
vix,combined,aluminium,coffee_arabic,14,0.0038913572931851144
vix,combined,aluminium,coffee_arabic,15,0.0038913572931851144
vix,combined,aluminium,coffee_arabic,16,0.0038913572931851144
vix,combined,aluminium,coffee_arabic,17,0.0038913572931851144
vix,combined,aluminium,coffee_arabic,18,0.0038913572931851144
vix,combined,aluminium,coffee_arabic,19,0.0038913572931851144
vix,combined,aluminium,coffee_arabic,20,0.0038913572931851144
vix,combined,aluminium,coffee_arabic,21,0.0038913572931851144
vix,combined,aluminium,coffee_arabic,22,0.0038913572931851144
vix,combined,aluminium,coffee_arabic,23,0.0038913572931851144
vix,combined,aluminium,coffee_arabic,24,0.0038913572931851144
vix,combined,aluminium,copper,1,0
vix,combined,aluminium,copper,2,0
vix,combined,aluminium,copper,3,0.02298850488696778
vix,combined,aluminium,copper,4,0.028842351453688894
vix,combined,aluminium,copper,5,0.02983960593449472
vix,combined,aluminium,copper,6,0.029939840883639483
vix,combined,aluminium,copper,7,0.029934139550741933
vix,combined,aluminium,copper,8,0.029932380788596995
vix,combined,aluminium,copper,9,0.029933788436898798
vix,combined,aluminium,copper,10,0.02993445862766166
vix,combined,aluminium,copper,11,0.02993456604143421
vix,combined,aluminium,copper,12,0.029934568485044208
vix,combined,aluminium,copper,13,0.029934568485044208
vix,combined,aluminium,copper,14,0.029934568485044208
vix,combined,aluminium,copper,15,0.029934568485044208
vix,combined,aluminium,copper,16,0.029934568485044208
vix,combined,aluminium,copper,17,0.029934568485044208
vix,combined,aluminium,copper,18,0.029934568485044208
vix,combined,aluminium,copper,19,0.029934568485044208
vix,combined,aluminium,copper,20,0.029934568485044208
vix,combined,aluminium,copper,21,0.029934568485044208
vix,combined,aluminium,copper,22,0.029934568485044208
vix,combined,aluminium,copper,23,0.029934568485044208
vix,combined,aluminium,copper,24,0.029934568485044208
vix,combined,aluminium,cotton_a_indx,1,0
vix,combined,aluminium,cotton_a_indx,2,0
vix,combined,aluminium,cotton_a_indx,3,0.002550297002659694
vix,combined,aluminium,cotton_a_indx,4,0.0032168032348575634
vix,combined,aluminium,cotton_a_indx,5,0.003393137456125215
vix,combined,aluminium,cotton_a_indx,6,0.003417517071926581
vix,combined,aluminium,cotton_a_indx,7,0.0034205454167833597
vix,combined,aluminium,cotton_a_indx,8,0.0034210920916275638
vix,combined,aluminium,cotton_a_indx,9,0.003421350343962879
vix,combined,aluminium,cotton_a_indx,10,0.0034214936726333772
vix,combined,aluminium,cotton_a_indx,11,0.003421555762843706
vix,combined,aluminium,cotton_a_indx,12,0.0034215748122013627
vix,combined,aluminium,cotton_a_indx,13,0.0034215748122013627
vix,combined,aluminium,cotton_a_indx,14,0.0034215748122013627
vix,combined,aluminium,cotton_a_indx,15,0.0034215748122013627
vix,combined,aluminium,cotton_a_indx,16,0.0034215748122013627
vix,combined,aluminium,cotton_a_indx,17,0.0034215748122013627
vix,combined,aluminium,cotton_a_indx,18,0.0034215748122013627
vix,combined,aluminium,cotton_a_indx,19,0.0034215748122013627
vix,combined,aluminium,cotton_a_indx,20,0.0034215748122013627
vix,combined,aluminium,cotton_a_indx,21,0.0034215748122013627
vix,combined,aluminium,cotton_a_indx,22,0.0034215748122013627
vix,combined,aluminium,cotton_a_indx,23,0.0034215748122013627
vix,combined,aluminium,cotton_a_indx,24,0.0034215748122013627
vix,combined,aluminium,crude_wti,1,0
vix,combined,aluminium,crude_wti,2,0
vix,combined,aluminium,crude_wti,3,2.0087028825333737e-4
vix,combined,aluminium,crude_wti,4,0.0011114985272033511
vix,combined,aluminium,crude_wti,5,0.001916096306868903
vix,combined,aluminium,crude_wti,6,0.002188360263809804
vix,combined,aluminium,crude_wti,7,0.002244721938788084
vix,combined,aluminium,crude_wti,8,0.0022538272390667854
vix,combined,aluminium,crude_wti,9,0.0022549732566189556
vix,combined,aluminium,crude_wti,10,0.002255084339925677
vix,combined,aluminium,crude_wti,11,0.0022550954309224465
vix,combined,aluminium,crude_wti,12,0.0022550975885465615
vix,combined,aluminium,crude_wti,13,0.0022550975885465615
vix,combined,aluminium,crude_wti,14,0.0022550975885465615
vix,combined,aluminium,crude_wti,15,0.0022550975885465615
vix,combined,aluminium,crude_wti,16,0.0022550975885465615
vix,combined,aluminium,crude_wti,17,0.0022550975885465615
vix,combined,aluminium,crude_wti,18,0.0022550975885465615
vix,combined,aluminium,crude_wti,19,0.0022550975885465615
vix,combined,aluminium,crude_wti,20,0.0022550975885465615
vix,combined,aluminium,crude_wti,21,0.0022550975885465615
vix,combined,aluminium,crude_wti,22,0.0022550975885465615
vix,combined,aluminium,crude_wti,23,0.0022550975885465615
vix,combined,aluminium,crude_wti,24,0.0022550975885465615
vix,combined,aluminium,gold,1,0
vix,combined,aluminium,gold,2,0
vix,combined,aluminium,gold,3,0.005385068763104914
vix,combined,aluminium,gold,4,0.0053432784344114165
vix,combined,aluminium,gold,5,0.005455971023036709
vix,combined,aluminium,gold,6,0.005620031287262468
vix,combined,aluminium,gold,7,0.005713368259120136
vix,combined,aluminium,gold,8,0.005746596480808954
vix,combined,aluminium,gold,9,0.0057534850552902975
vix,combined,aluminium,gold,10,0.005754207022280338
vix,combined,aluminium,gold,11,0.0057542235885311484
vix,combined,aluminium,gold,12,0.005754224808205573
vix,combined,aluminium,gold,13,0.005754224808205573
vix,combined,aluminium,gold,14,0.005754224808205573
vix,combined,aluminium,gold,15,0.005754224808205573
vix,combined,aluminium,gold,16,0.005754224808205573
vix,combined,aluminium,gold,17,0.005754224808205573
vix,combined,aluminium,gold,18,0.005754224808205573
vix,combined,aluminium,gold,19,0.005754224808205573
vix,combined,aluminium,gold,20,0.005754224808205573
vix,combined,aluminium,gold,21,0.005754224808205573
vix,combined,aluminium,gold,22,0.005754224808205573
vix,combined,aluminium,gold,23,0.005754224808205573
vix,combined,aluminium,gold,24,0.005754224808205573
vix,combined,aluminium,lead,1,0
vix,combined,aluminium,lead,2,0
vix,combined,aluminium,lead,3,0.0031845250278184777
vix,combined,aluminium,lead,4,0.005014950018728521
vix,combined,aluminium,lead,5,0.005461323634504077
vix,combined,aluminium,lead,6,0.005533181266742507
vix,combined,aluminium,lead,7,0.005544354185036935
vix,combined,aluminium,lead,8,0.005545007899357382
vix,combined,aluminium,lead,9,0.005544902433508345
vix,combined,aluminium,lead,10,0.005544950932081462
vix,combined,aluminium,lead,11,0.005544982473799059
vix,combined,aluminium,lead,12,0.005544987642275123
vix,combined,aluminium,lead,13,0.005544987642275123
vix,combined,aluminium,lead,14,0.005544987642275123
vix,combined,aluminium,lead,15,0.005544987642275123
vix,combined,aluminium,lead,16,0.005544987642275123
vix,combined,aluminium,lead,17,0.005544987642275123
vix,combined,aluminium,lead,18,0.005544987642275123
vix,combined,aluminium,lead,19,0.005544987642275123
vix,combined,aluminium,lead,20,0.005544987642275123
vix,combined,aluminium,lead,21,0.005544987642275123
vix,combined,aluminium,lead,22,0.005544987642275123
vix,combined,aluminium,lead,23,0.005544987642275123
vix,combined,aluminium,lead,24,0.005544987642275123
vix,combined,aluminium,maize,1,0
vix,combined,aluminium,maize,2,0
vix,combined,aluminium,maize,3,0.003453446789730889
vix,combined,aluminium,maize,4,0.004367142083715715
vix,combined,aluminium,maize,5,0.004717649661712211
vix,combined,aluminium,maize,6,0.004880157033256206
vix,combined,aluminium,maize,7,0.004924214262889218
vix,combined,aluminium,maize,8,0.004931757158064792
vix,combined,aluminium,maize,9,0.004932818592615623
vix,combined,aluminium,maize,10,0.00493296476416239
vix,combined,aluminium,maize,11,0.004932986895564796
vix,combined,aluminium,maize,12,0.004932991308050457
vix,combined,aluminium,maize,13,0.004932991308050457
vix,combined,aluminium,maize,14,0.004932991308050457
vix,combined,aluminium,maize,15,0.004932991308050457
vix,combined,aluminium,maize,16,0.004932991308050457
vix,combined,aluminium,maize,17,0.004932991308050457
vix,combined,aluminium,maize,18,0.004932991308050457
vix,combined,aluminium,maize,19,0.004932991308050457
vix,combined,aluminium,maize,20,0.004932991308050457
vix,combined,aluminium,maize,21,0.004932991308050457
vix,combined,aluminium,maize,22,0.004932991308050457
vix,combined,aluminium,maize,23,0.004932991308050457
vix,combined,aluminium,maize,24,0.004932991308050457
vix,combined,aluminium,ngas_us,1,0
vix,combined,aluminium,ngas_us,2,0
vix,combined,aluminium,ngas_us,3,0.003201433555127543
vix,combined,aluminium,ngas_us,4,0.003385793669030031
vix,combined,aluminium,ngas_us,5,0.003386814892411222
vix,combined,aluminium,ngas_us,6,0.0034149614518842993
vix,combined,aluminium,ngas_us,7,0.0034209891242930348
vix,combined,aluminium,ngas_us,8,0.0034217729914579474
vix,combined,aluminium,ngas_us,9,0.0034217865245019683
vix,combined,aluminium,ngas_us,10,0.003421776201389264
vix,combined,aluminium,ngas_us,11,0.003421782986644668
vix,combined,aluminium,ngas_us,12,0.0034217867571140065
vix,combined,aluminium,ngas_us,13,0.0034217867571140065
vix,combined,aluminium,ngas_us,14,0.0034217867571140065
vix,combined,aluminium,ngas_us,15,0.0034217867571140065
vix,combined,aluminium,ngas_us,16,0.0034217867571140065
vix,combined,aluminium,ngas_us,17,0.0034217867571140065
vix,combined,aluminium,ngas_us,18,0.0034217867571140065
vix,combined,aluminium,ngas_us,19,0.0034217867571140065
vix,combined,aluminium,ngas_us,20,0.0034217867571140065
vix,combined,aluminium,ngas_us,21,0.0034217867571140065
vix,combined,aluminium,ngas_us,22,0.0034217867571140065
vix,combined,aluminium,ngas_us,23,0.0034217867571140065
vix,combined,aluminium,ngas_us,24,0.0034217867571140065
vix,combined,aluminium,nickel,1,0
vix,combined,aluminium,nickel,2,0
vix,combined,aluminium,nickel,3,6.453919638944296e-4
vix,combined,aluminium,nickel,4,8.339772848902133e-4
vix,combined,aluminium,nickel,5,8.550280540688519e-4
vix,combined,aluminium,nickel,6,8.566470084198647e-4
vix,combined,aluminium,nickel,7,8.564966275812214e-4
vix,combined,aluminium,nickel,8,8.566310134255618e-4
vix,combined,aluminium,nickel,9,8.570117494907533e-4
vix,combined,aluminium,nickel,10,8.571863058372203e-4
vix,combined,aluminium,nickel,11,8.572202999893719e-4
vix,combined,aluminium,nickel,12,8.572224722997933e-4
vix,combined,aluminium,nickel,13,8.572224722997933e-4
vix,combined,aluminium,nickel,14,8.572224722997933e-4
vix,combined,aluminium,nickel,15,8.572224722997933e-4
vix,combined,aluminium,nickel,16,8.572224722997933e-4
vix,combined,aluminium,nickel,17,8.572224722997933e-4
vix,combined,aluminium,nickel,18,8.572224722997933e-4
vix,combined,aluminium,nickel,19,8.572224722997933e-4
vix,combined,aluminium,nickel,20,8.572224722997933e-4
vix,combined,aluminium,nickel,21,8.572224722997933e-4
vix,combined,aluminium,nickel,22,8.572224722997933e-4
vix,combined,aluminium,nickel,23,8.572224722997933e-4
vix,combined,aluminium,nickel,24,8.572224722997933e-4
vix,combined,aluminium,platinum,1,0
vix,combined,aluminium,platinum,2,0
vix,combined,aluminium,platinum,3,0.003709133032011037
vix,combined,aluminium,platinum,4,0.006059432506438335
vix,combined,aluminium,platinum,5,0.008091811439439203
vix,combined,aluminium,platinum,6,0.00853224190427826
vix,combined,aluminium,platinum,7,0.008596821261916854
vix,combined,aluminium,platinum,8,0.008604913137500945
vix,combined,aluminium,platinum,9,0.008605619737067837
vix,combined,aluminium,platinum,10,0.008605630788603115
vix,combined,aluminium,platinum,11,0.008605626597659045
vix,combined,aluminium,platinum,12,0.00860562637453129
vix,combined,aluminium,platinum,13,0.00860562637453129
vix,combined,aluminium,platinum,14,0.00860562637453129
vix,combined,aluminium,platinum,15,0.00860562637453129
vix,combined,aluminium,platinum,16,0.00860562637453129
vix,combined,aluminium,platinum,17,0.00860562637453129
vix,combined,aluminium,platinum,18,0.00860562637453129
vix,combined,aluminium,platinum,19,0.00860562637453129
vix,combined,aluminium,platinum,20,0.00860562637453129
vix,combined,aluminium,platinum,21,0.00860562637453129
vix,combined,aluminium,platinum,22,0.00860562637453129
vix,combined,aluminium,platinum,23,0.00860562637453129
vix,combined,aluminium,platinum,24,0.00860562637453129
vix,combined,aluminium,silver,1,0
vix,combined,aluminium,silver,2,0
vix,combined,aluminium,silver,3,6.96345772190325e-6
vix,combined,aluminium,silver,4,2.3176752787224897e-4
vix,combined,aluminium,silver,5,4.608372490435857e-4
vix,combined,aluminium,silver,6,5.731077290524453e-4
vix,combined,aluminium,silver,7,6.308369844733528e-4
vix,combined,aluminium,silver,8,6.516161329712156e-4
vix,combined,aluminium,silver,9,6.557426441390227e-4
vix,combined,aluminium,silver,10,6.561410550570541e-4
vix,combined,aluminium,silver,11,6.561508302027244e-4
vix,combined,aluminium,silver,12,6.561511474481714e-4
vix,combined,aluminium,silver,13,6.561511474481714e-4
vix,combined,aluminium,silver,14,6.561511474481714e-4
vix,combined,aluminium,silver,15,6.561511474481714e-4
vix,combined,aluminium,silver,16,6.561511474481714e-4
vix,combined,aluminium,silver,17,6.561511474481714e-4
vix,combined,aluminium,silver,18,6.561511474481714e-4
vix,combined,aluminium,silver,19,6.561511474481714e-4
vix,combined,aluminium,silver,20,6.561511474481714e-4
vix,combined,aluminium,silver,21,6.561511474481714e-4
vix,combined,aluminium,silver,22,6.561511474481714e-4
vix,combined,aluminium,silver,23,6.561511474481714e-4
vix,combined,aluminium,silver,24,6.561511474481714e-4
vix,combined,aluminium,soybeans,1,0
vix,combined,aluminium,soybeans,2,0
vix,combined,aluminium,soybeans,3,5.744866618335425e-5
vix,combined,aluminium,soybeans,4,1.2691662271111643e-4
vix,combined,aluminium,soybeans,5,1.919712582506601e-4
vix,combined,aluminium,soybeans,6,2.2587447611066043e-4
vix,combined,aluminium,soybeans,7,2.3196179786120368e-4
vix,combined,aluminium,soybeans,8,2.321547967684564e-4
vix,combined,aluminium,soybeans,9,2.322003946539202e-4
vix,combined,aluminium,soybeans,10,2.322546061361975e-4
vix,combined,aluminium,soybeans,11,2.322632073056788e-4
vix,combined,aluminium,soybeans,12,2.3226319269006003e-4
vix,combined,aluminium,soybeans,13,2.3226319269006003e-4
vix,combined,aluminium,soybeans,14,2.3226319269006003e-4
vix,combined,aluminium,soybeans,15,2.3226319269006003e-4
vix,combined,aluminium,soybeans,16,2.3226319269006003e-4
vix,combined,aluminium,soybeans,17,2.3226319269006003e-4
vix,combined,aluminium,soybeans,18,2.3226319269006003e-4
vix,combined,aluminium,soybeans,19,2.3226319269006003e-4
vix,combined,aluminium,soybeans,20,2.3226319269006003e-4
vix,combined,aluminium,soybeans,21,2.3226319269006003e-4
vix,combined,aluminium,soybeans,22,2.3226319269006003e-4
vix,combined,aluminium,soybeans,23,2.3226319269006003e-4
vix,combined,aluminium,soybeans,24,2.3226319269006003e-4
vix,combined,aluminium,sugar_wld,1,0
vix,combined,aluminium,sugar_wld,2,0
vix,combined,aluminium,sugar_wld,3,6.032394797659762e-4
vix,combined,aluminium,sugar_wld,4,5.960584961352609e-4
vix,combined,aluminium,sugar_wld,5,5.985539144081623e-4
vix,combined,aluminium,sugar_wld,6,5.977867248380604e-4
vix,combined,aluminium,sugar_wld,7,6.020514105954419e-4
vix,combined,aluminium,sugar_wld,8,6.055307654148334e-4
vix,combined,aluminium,sugar_wld,9,6.066523511314254e-4
vix,combined,aluminium,sugar_wld,10,6.068233007411734e-4
vix,combined,aluminium,sugar_wld,11,6.068307327632744e-4
vix,combined,aluminium,sugar_wld,12,6.068308863428961e-4
vix,combined,aluminium,sugar_wld,13,6.068308863428961e-4
vix,combined,aluminium,sugar_wld,14,6.068308863428961e-4
vix,combined,aluminium,sugar_wld,15,6.068308863428961e-4
vix,combined,aluminium,sugar_wld,16,6.068308863428961e-4
vix,combined,aluminium,sugar_wld,17,6.068308863428961e-4
vix,combined,aluminium,sugar_wld,18,6.068308863428961e-4
vix,combined,aluminium,sugar_wld,19,6.068308863428961e-4
vix,combined,aluminium,sugar_wld,20,6.068308863428961e-4
vix,combined,aluminium,sugar_wld,21,6.068308863428961e-4
vix,combined,aluminium,sugar_wld,22,6.068308863428961e-4
vix,combined,aluminium,sugar_wld,23,6.068308863428961e-4
vix,combined,aluminium,sugar_wld,24,6.068308863428961e-4
vix,combined,aluminium,tin,1,0
vix,combined,aluminium,tin,2,0
vix,combined,aluminium,tin,3,7.781804201565672e-4
vix,combined,aluminium,tin,4,0.0019583110782891277
vix,combined,aluminium,tin,5,0.002090444930185684
vix,combined,aluminium,tin,6,0.0020871854224385165
vix,combined,aluminium,tin,7,0.0020887108632000944
vix,combined,aluminium,tin,8,0.002088727846974877
vix,combined,aluminium,tin,9,0.0020887586953091033
vix,combined,aluminium,tin,10,0.002088915374915666
vix,combined,aluminium,tin,11,0.002088993435296874
vix,combined,aluminium,tin,12,0.002089011585044858
vix,combined,aluminium,tin,13,0.002089011585044858
vix,combined,aluminium,tin,14,0.002089011585044858
vix,combined,aluminium,tin,15,0.002089011585044858
vix,combined,aluminium,tin,16,0.002089011585044858
vix,combined,aluminium,tin,17,0.002089011585044858
vix,combined,aluminium,tin,18,0.002089011585044858
vix,combined,aluminium,tin,19,0.002089011585044858
vix,combined,aluminium,tin,20,0.002089011585044858
vix,combined,aluminium,tin,21,0.002089011585044858
vix,combined,aluminium,tin,22,0.002089011585044858
vix,combined,aluminium,tin,23,0.002089011585044858
vix,combined,aluminium,tin,24,0.002089011585044858
vix,combined,aluminium,wheat_us_hrw,1,0
vix,combined,aluminium,wheat_us_hrw,2,0
vix,combined,aluminium,wheat_us_hrw,3,7.474242040447364e-4
vix,combined,aluminium,wheat_us_hrw,4,0.0010861925401834303
vix,combined,aluminium,wheat_us_hrw,5,0.0010966888387157496
vix,combined,aluminium,wheat_us_hrw,6,0.001095829715491602
vix,combined,aluminium,wheat_us_hrw,7,0.001097190376725446
vix,combined,aluminium,wheat_us_hrw,8,0.001097280394000498
vix,combined,aluminium,wheat_us_hrw,9,0.0010972772635083157
vix,combined,aluminium,wheat_us_hrw,10,0.0010973217487999112
vix,combined,aluminium,wheat_us_hrw,11,0.001097333565505436
vix,combined,aluminium,wheat_us_hrw,12,0.0010973336685798896
vix,combined,aluminium,wheat_us_hrw,13,0.0010973336685798896
vix,combined,aluminium,wheat_us_hrw,14,0.0010973336685798896
vix,combined,aluminium,wheat_us_hrw,15,0.0010973336685798896
vix,combined,aluminium,wheat_us_hrw,16,0.0010973336685798896
vix,combined,aluminium,wheat_us_hrw,17,0.0010973336685798896
vix,combined,aluminium,wheat_us_hrw,18,0.0010973336685798896
vix,combined,aluminium,wheat_us_hrw,19,0.0010973336685798896
vix,combined,aluminium,wheat_us_hrw,20,0.0010973336685798896
vix,combined,aluminium,wheat_us_hrw,21,0.0010973336685798896
vix,combined,aluminium,wheat_us_hrw,22,0.0010973336685798896
vix,combined,aluminium,wheat_us_hrw,23,0.0010973336685798896
vix,combined,aluminium,wheat_us_hrw,24,0.0010973336685798896
vix,combined,aluminium,zinc,1,0
vix,combined,aluminium,zinc,2,0
vix,combined,aluminium,zinc,3,7.130216448402252e-5
vix,combined,aluminium,zinc,4,2.7014539305541505e-4
vix,combined,aluminium,zinc,5,2.685569903609056e-4
vix,combined,aluminium,zinc,6,2.691369875075261e-4
vix,combined,aluminium,zinc,7,2.6906698920050546e-4
vix,combined,aluminium,zinc,8,2.69161269573278e-4
vix,combined,aluminium,zinc,9,2.6937446889959213e-4
vix,combined,aluminium,zinc,10,2.6947388954341083e-4
vix,combined,aluminium,zinc,11,2.694938918761286e-4
vix,combined,aluminium,zinc,12,2.69495649811569e-4
vix,combined,aluminium,zinc,13,2.69495649811569e-4
vix,combined,aluminium,zinc,14,2.69495649811569e-4
vix,combined,aluminium,zinc,15,2.69495649811569e-4
vix,combined,aluminium,zinc,16,2.69495649811569e-4
vix,combined,aluminium,zinc,17,2.69495649811569e-4
vix,combined,aluminium,zinc,18,2.69495649811569e-4
vix,combined,aluminium,zinc,19,2.69495649811569e-4
vix,combined,aluminium,zinc,20,2.69495649811569e-4
vix,combined,aluminium,zinc,21,2.69495649811569e-4
vix,combined,aluminium,zinc,22,2.69495649811569e-4
vix,combined,aluminium,zinc,23,2.69495649811569e-4
vix,combined,aluminium,zinc,24,2.69495649811569e-4
vix,combined,cocoa,aluminium,1,0
vix,combined,cocoa,aluminium,2,0
vix,combined,cocoa,aluminium,3,4.985864100676965e-4
vix,combined,cocoa,aluminium,4,4.954518715425356e-4
vix,combined,cocoa,aluminium,5,5.294586192247028e-4
vix,combined,cocoa,aluminium,6,5.365101715193435e-4
vix,combined,cocoa,aluminium,7,5.365170827372091e-4
vix,combined,cocoa,aluminium,8,5.366898570142268e-4
vix,combined,cocoa,aluminium,9,5.367836471317183e-4
vix,combined,cocoa,aluminium,10,5.368038397929377e-4
vix,combined,cocoa,aluminium,11,5.368075124281746e-4
vix,combined,cocoa,aluminium,12,5.36808364806562e-4
vix,combined,cocoa,aluminium,13,5.36808364806562e-4
vix,combined,cocoa,aluminium,14,5.36808364806562e-4
vix,combined,cocoa,aluminium,15,5.36808364806562e-4
vix,combined,cocoa,aluminium,16,5.36808364806562e-4
vix,combined,cocoa,aluminium,17,5.36808364806562e-4
vix,combined,cocoa,aluminium,18,5.36808364806562e-4
vix,combined,cocoa,aluminium,19,5.36808364806562e-4
vix,combined,cocoa,aluminium,20,5.36808364806562e-4
vix,combined,cocoa,aluminium,21,5.36808364806562e-4
vix,combined,cocoa,aluminium,22,5.36808364806562e-4
vix,combined,cocoa,aluminium,23,5.36808364806562e-4
vix,combined,cocoa,aluminium,24,5.36808364806562e-4
vix,combined,cocoa,cocoa,1,0
vix,combined,cocoa,cocoa,2,1
vix,combined,cocoa,cocoa,3,0.9463617020322831
vix,combined,cocoa,cocoa,4,0.9281778723409034
vix,combined,cocoa,cocoa,5,0.9248401315769516
vix,combined,cocoa,cocoa,6,0.9244234153645127
vix,combined,cocoa,cocoa,7,0.9243400623995839
vix,combined,cocoa,cocoa,8,0.9243067158896419
vix,combined,cocoa,cocoa,9,0.9242946307502741
vix,combined,cocoa,cocoa,10,0.9242911105334428
vix,combined,cocoa,cocoa,11,0.9242902924540563
vix,combined,cocoa,cocoa,12,0.9242901409273927
vix,combined,cocoa,cocoa,13,0.9242901409273927
vix,combined,cocoa,cocoa,14,0.9242901409273927
vix,combined,cocoa,cocoa,15,0.9242901409273927
vix,combined,cocoa,cocoa,16,0.9242901409273927
vix,combined,cocoa,cocoa,17,0.9242901409273927
vix,combined,cocoa,cocoa,18,0.9242901409273927
vix,combined,cocoa,cocoa,19,0.9242901409273927
vix,combined,cocoa,cocoa,20,0.9242901409273927
vix,combined,cocoa,cocoa,21,0.9242901409273927
vix,combined,cocoa,cocoa,22,0.9242901409273927
vix,combined,cocoa,cocoa,23,0.9242901409273927
vix,combined,cocoa,cocoa,24,0.9242901409273927
vix,combined,cocoa,coffee_arabic,1,0
vix,combined,cocoa,coffee_arabic,2,0
vix,combined,cocoa,coffee_arabic,3,5.41793541264764e-4
vix,combined,cocoa,coffee_arabic,4,7.860128198274864e-4
vix,combined,cocoa,coffee_arabic,5,8.266576713038198e-4
vix,combined,cocoa,coffee_arabic,6,8.273618187353392e-4
vix,combined,cocoa,coffee_arabic,7,8.28301179157686e-4
vix,combined,cocoa,coffee_arabic,8,8.292266579736188e-4
vix,combined,cocoa,coffee_arabic,9,8.29385030052678e-4
vix,combined,cocoa,coffee_arabic,10,8.293833362017762e-4
vix,combined,cocoa,coffee_arabic,11,8.293893726906477e-4
vix,combined,cocoa,coffee_arabic,12,8.293948897963974e-4
vix,combined,cocoa,coffee_arabic,13,8.293948897963974e-4
vix,combined,cocoa,coffee_arabic,14,8.293948897963974e-4
vix,combined,cocoa,coffee_arabic,15,8.293948897963974e-4
vix,combined,cocoa,coffee_arabic,16,8.293948897963974e-4
vix,combined,cocoa,coffee_arabic,17,8.293948897963974e-4
vix,combined,cocoa,coffee_arabic,18,8.293948897963974e-4
vix,combined,cocoa,coffee_arabic,19,8.293948897963974e-4
vix,combined,cocoa,coffee_arabic,20,8.293948897963974e-4
vix,combined,cocoa,coffee_arabic,21,8.293948897963974e-4
vix,combined,cocoa,coffee_arabic,22,8.293948897963974e-4
vix,combined,cocoa,coffee_arabic,23,8.293948897963974e-4
vix,combined,cocoa,coffee_arabic,24,8.293948897963974e-4
vix,combined,cocoa,copper,1,0
vix,combined,cocoa,copper,2,0
vix,combined,cocoa,copper,3,0.00467862628096396
vix,combined,cocoa,copper,4,0.004613024676613823
vix,combined,cocoa,copper,5,0.004656051629388453
vix,combined,cocoa,copper,6,0.004687537187221949
vix,combined,cocoa,copper,7,0.004696451124106018
vix,combined,cocoa,copper,8,0.004696632593809887
vix,combined,cocoa,copper,9,0.004696836342490459
vix,combined,cocoa,copper,10,0.00469726436765225
vix,combined,cocoa,copper,11,0.00469745319799192
vix,combined,cocoa,copper,12,0.004697490689887804
vix,combined,cocoa,copper,13,0.004697490689887804
vix,combined,cocoa,copper,14,0.004697490689887804
vix,combined,cocoa,copper,15,0.004697490689887804
vix,combined,cocoa,copper,16,0.004697490689887804
vix,combined,cocoa,copper,17,0.004697490689887804
vix,combined,cocoa,copper,18,0.004697490689887804
vix,combined,cocoa,copper,19,0.004697490689887804
vix,combined,cocoa,copper,20,0.004697490689887804
vix,combined,cocoa,copper,21,0.004697490689887804
vix,combined,cocoa,copper,22,0.004697490689887804
vix,combined,cocoa,copper,23,0.004697490689887804
vix,combined,cocoa,copper,24,0.004697490689887804
vix,combined,cocoa,cotton_a_indx,1,0
vix,combined,cocoa,cotton_a_indx,2,0
vix,combined,cocoa,cotton_a_indx,3,9.507687479330537e-4
vix,combined,cocoa,cotton_a_indx,4,0.0012524288884874298
vix,combined,cocoa,cotton_a_indx,5,0.001264520878649414
vix,combined,cocoa,cotton_a_indx,6,0.0012642727991410139
vix,combined,cocoa,cotton_a_indx,7,0.001264199538650952
vix,combined,cocoa,cotton_a_indx,8,0.0012641699801855793
vix,combined,cocoa,cotton_a_indx,9,0.0012641545897288736
vix,combined,cocoa,cotton_a_indx,10,0.001264173432296849
vix,combined,cocoa,cotton_a_indx,11,0.0012642005002485336
vix,combined,cocoa,cotton_a_indx,12,0.0012642155359326589
vix,combined,cocoa,cotton_a_indx,13,0.0012642155359326589
vix,combined,cocoa,cotton_a_indx,14,0.0012642155359326589
vix,combined,cocoa,cotton_a_indx,15,0.0012642155359326589
vix,combined,cocoa,cotton_a_indx,16,0.0012642155359326589
vix,combined,cocoa,cotton_a_indx,17,0.0012642155359326589
vix,combined,cocoa,cotton_a_indx,18,0.0012642155359326589
vix,combined,cocoa,cotton_a_indx,19,0.0012642155359326589
vix,combined,cocoa,cotton_a_indx,20,0.0012642155359326589
vix,combined,cocoa,cotton_a_indx,21,0.0012642155359326589
vix,combined,cocoa,cotton_a_indx,22,0.0012642155359326589
vix,combined,cocoa,cotton_a_indx,23,0.0012642155359326589
vix,combined,cocoa,cotton_a_indx,24,0.0012642155359326589
vix,combined,cocoa,crude_wti,1,0
vix,combined,cocoa,crude_wti,2,0
vix,combined,cocoa,crude_wti,3,0.00237258069508754
vix,combined,cocoa,crude_wti,4,0.0024737436713550675
vix,combined,cocoa,crude_wti,5,0.0024647962690996766
vix,combined,cocoa,crude_wti,6,0.002464271581793936
vix,combined,cocoa,crude_wti,7,0.002464750801746479
vix,combined,cocoa,crude_wti,8,0.0024649112341868402
vix,combined,cocoa,crude_wti,9,0.002464945698589677
vix,combined,cocoa,crude_wti,10,0.002464960819993133
vix,combined,cocoa,crude_wti,11,0.0024649704507049906
vix,combined,cocoa,crude_wti,12,0.0024649755427465087
vix,combined,cocoa,crude_wti,13,0.0024649755427465087
vix,combined,cocoa,crude_wti,14,0.0024649755427465087
vix,combined,cocoa,crude_wti,15,0.0024649755427465087
vix,combined,cocoa,crude_wti,16,0.0024649755427465087
vix,combined,cocoa,crude_wti,17,0.0024649755427465087
vix,combined,cocoa,crude_wti,18,0.0024649755427465087
vix,combined,cocoa,crude_wti,19,0.0024649755427465087
vix,combined,cocoa,crude_wti,20,0.0024649755427465087
vix,combined,cocoa,crude_wti,21,0.0024649755427465087
vix,combined,cocoa,crude_wti,22,0.0024649755427465087
vix,combined,cocoa,crude_wti,23,0.0024649755427465087
vix,combined,cocoa,crude_wti,24,0.0024649755427465087
vix,combined,cocoa,gold,1,0
vix,combined,cocoa,gold,2,0
vix,combined,cocoa,gold,3,6.395368412831803e-4
vix,combined,cocoa,gold,4,0.003630128542413189
vix,combined,cocoa,gold,5,0.004705683025559184
vix,combined,cocoa,gold,6,0.004805872491304157
vix,combined,cocoa,gold,7,0.004805978877536572
vix,combined,cocoa,gold,8,0.0048088642242210605
vix,combined,cocoa,gold,9,0.004811509529610079
vix,combined,cocoa,gold,10,0.004812364094231544
vix,combined,cocoa,gold,11,0.004812498595234487
vix,combined,cocoa,gold,12,0.004812507096604602
vix,combined,cocoa,gold,13,0.004812507096604602
vix,combined,cocoa,gold,14,0.004812507096604602
vix,combined,cocoa,gold,15,0.004812507096604602
vix,combined,cocoa,gold,16,0.004812507096604602
vix,combined,cocoa,gold,17,0.004812507096604602
vix,combined,cocoa,gold,18,0.004812507096604602
vix,combined,cocoa,gold,19,0.004812507096604602
vix,combined,cocoa,gold,20,0.004812507096604602
vix,combined,cocoa,gold,21,0.004812507096604602
vix,combined,cocoa,gold,22,0.004812507096604602
vix,combined,cocoa,gold,23,0.004812507096604602
vix,combined,cocoa,gold,24,0.004812507096604602
vix,combined,cocoa,lead,1,0
vix,combined,cocoa,lead,2,0
vix,combined,cocoa,lead,3,2.2978287831529277e-5
vix,combined,cocoa,lead,4,0.0018517612219220792
vix,combined,cocoa,lead,5,0.0023260046999448013
vix,combined,cocoa,lead,6,0.002398182350318709
vix,combined,cocoa,lead,7,0.0024022777575492538
vix,combined,cocoa,lead,8,0.0024021950542030433
vix,combined,cocoa,lead,9,0.00240223054182605
vix,combined,cocoa,lead,10,0.002402242044272145
vix,combined,cocoa,lead,11,0.0024022410031172003
vix,combined,cocoa,lead,12,0.0024022406005521696
vix,combined,cocoa,lead,13,0.0024022406005521696
vix,combined,cocoa,lead,14,0.0024022406005521696
vix,combined,cocoa,lead,15,0.0024022406005521696
vix,combined,cocoa,lead,16,0.0024022406005521696
vix,combined,cocoa,lead,17,0.0024022406005521696
vix,combined,cocoa,lead,18,0.0024022406005521696
vix,combined,cocoa,lead,19,0.0024022406005521696
vix,combined,cocoa,lead,20,0.0024022406005521696
vix,combined,cocoa,lead,21,0.0024022406005521696
vix,combined,cocoa,lead,22,0.0024022406005521696
vix,combined,cocoa,lead,23,0.0024022406005521696
vix,combined,cocoa,lead,24,0.0024022406005521696
vix,combined,cocoa,maize,1,0
vix,combined,cocoa,maize,2,0
vix,combined,cocoa,maize,3,0.010584294700665131
vix,combined,cocoa,maize,4,0.012148935244957804
vix,combined,cocoa,maize,5,0.01210949718742713
vix,combined,cocoa,maize,6,0.012110374549891863
vix,combined,cocoa,maize,7,0.01211731364058687
vix,combined,cocoa,maize,8,0.012121478377845088
vix,combined,cocoa,maize,9,0.012122983456779386
vix,combined,cocoa,maize,10,0.012123373396714198
vix,combined,cocoa,maize,11,0.012123460814238256
vix,combined,cocoa,maize,12,0.012123479645777112
vix,combined,cocoa,maize,13,0.012123479645777112
vix,combined,cocoa,maize,14,0.012123479645777112
vix,combined,cocoa,maize,15,0.012123479645777112
vix,combined,cocoa,maize,16,0.012123479645777112
vix,combined,cocoa,maize,17,0.012123479645777112
vix,combined,cocoa,maize,18,0.012123479645777112
vix,combined,cocoa,maize,19,0.012123479645777112
vix,combined,cocoa,maize,20,0.012123479645777112
vix,combined,cocoa,maize,21,0.012123479645777112
vix,combined,cocoa,maize,22,0.012123479645777112
vix,combined,cocoa,maize,23,0.012123479645777112
vix,combined,cocoa,maize,24,0.012123479645777112
vix,combined,cocoa,ngas_us,1,0
vix,combined,cocoa,ngas_us,2,0
vix,combined,cocoa,ngas_us,3,0.0020404609728074596
vix,combined,cocoa,ngas_us,4,0.0020857121200913826
vix,combined,cocoa,ngas_us,5,0.0020791705359835882
vix,combined,cocoa,ngas_us,6,0.002080616197274271
vix,combined,cocoa,ngas_us,7,0.002080606772668455
vix,combined,cocoa,ngas_us,8,0.0020810302317129967
vix,combined,cocoa,ngas_us,9,0.0020811634554528642
vix,combined,cocoa,ngas_us,10,0.0020811694313288
vix,combined,cocoa,ngas_us,11,0.0020811678068104874
vix,combined,cocoa,ngas_us,12,0.002081169679609214
vix,combined,cocoa,ngas_us,13,0.002081169679609214
vix,combined,cocoa,ngas_us,14,0.002081169679609214
vix,combined,cocoa,ngas_us,15,0.002081169679609214
vix,combined,cocoa,ngas_us,16,0.002081169679609214
vix,combined,cocoa,ngas_us,17,0.002081169679609214
vix,combined,cocoa,ngas_us,18,0.002081169679609214
vix,combined,cocoa,ngas_us,19,0.002081169679609214
vix,combined,cocoa,ngas_us,20,0.002081169679609214
vix,combined,cocoa,ngas_us,21,0.002081169679609214
vix,combined,cocoa,ngas_us,22,0.002081169679609214
vix,combined,cocoa,ngas_us,23,0.002081169679609214
vix,combined,cocoa,ngas_us,24,0.002081169679609214
vix,combined,cocoa,nickel,1,0
vix,combined,cocoa,nickel,2,0
vix,combined,cocoa,nickel,3,0.0076753493120939285
vix,combined,cocoa,nickel,4,0.01057135711230876
vix,combined,cocoa,nickel,5,0.011031670877571453
vix,combined,cocoa,nickel,6,0.011111972972429898
vix,combined,cocoa,nickel,7,0.011121751715404924
vix,combined,cocoa,nickel,8,0.011121849113176725
vix,combined,cocoa,nickel,9,0.01112179378674607
vix,combined,cocoa,nickel,10,0.011121997319617766
vix,combined,cocoa,nickel,11,0.011122116467169454
vix,combined,cocoa,nickel,12,0.011122147101408788
vix,combined,cocoa,nickel,13,0.011122147101408788
vix,combined,cocoa,nickel,14,0.011122147101408788
vix,combined,cocoa,nickel,15,0.011122147101408788
vix,combined,cocoa,nickel,16,0.011122147101408788
vix,combined,cocoa,nickel,17,0.011122147101408788
vix,combined,cocoa,nickel,18,0.011122147101408788
vix,combined,cocoa,nickel,19,0.011122147101408788
vix,combined,cocoa,nickel,20,0.011122147101408788
vix,combined,cocoa,nickel,21,0.011122147101408788
vix,combined,cocoa,nickel,22,0.011122147101408788
vix,combined,cocoa,nickel,23,0.011122147101408788
vix,combined,cocoa,nickel,24,0.011122147101408788
vix,combined,cocoa,platinum,1,0
vix,combined,cocoa,platinum,2,0
vix,combined,cocoa,platinum,3,0.00525953004773851
vix,combined,cocoa,platinum,4,0.005399111926542171
vix,combined,cocoa,platinum,5,0.0053895429480839835
vix,combined,cocoa,platinum,6,0.005411120230469058
vix,combined,cocoa,platinum,7,0.005435442128520928
vix,combined,cocoa,platinum,8,0.00544591477050325
vix,combined,cocoa,platinum,9,0.005448968664574282
vix,combined,cocoa,platinum,10,0.005449638652427961
vix,combined,cocoa,platinum,11,0.005449745028343766
vix,combined,cocoa,platinum,12,0.005449756844875918
vix,combined,cocoa,platinum,13,0.005449756844875918
vix,combined,cocoa,platinum,14,0.005449756844875918
vix,combined,cocoa,platinum,15,0.005449756844875918
vix,combined,cocoa,platinum,16,0.005449756844875918
vix,combined,cocoa,platinum,17,0.005449756844875918
vix,combined,cocoa,platinum,18,0.005449756844875918
vix,combined,cocoa,platinum,19,0.005449756844875918
vix,combined,cocoa,platinum,20,0.005449756844875918
vix,combined,cocoa,platinum,21,0.005449756844875918
vix,combined,cocoa,platinum,22,0.005449756844875918
vix,combined,cocoa,platinum,23,0.005449756844875918
vix,combined,cocoa,platinum,24,0.005449756844875918
vix,combined,cocoa,silver,1,0
vix,combined,cocoa,silver,2,0
vix,combined,cocoa,silver,3,0.0013389382970162213
vix,combined,cocoa,silver,4,0.0018214296689765738
vix,combined,cocoa,silver,5,0.0020023720564100456
vix,combined,cocoa,silver,6,0.0020144829204331647
vix,combined,cocoa,silver,7,0.002015785622461992
vix,combined,cocoa,silver,8,0.00201953712664996
vix,combined,cocoa,silver,9,0.002021481589335897
vix,combined,cocoa,silver,10,0.002021961675512112
vix,combined,cocoa,silver,11,0.0020220186448784224
vix,combined,cocoa,silver,12,0.0020220207619114873
vix,combined,cocoa,silver,13,0.0020220207619114873
vix,combined,cocoa,silver,14,0.0020220207619114873
vix,combined,cocoa,silver,15,0.0020220207619114873
vix,combined,cocoa,silver,16,0.0020220207619114873
vix,combined,cocoa,silver,17,0.0020220207619114873
vix,combined,cocoa,silver,18,0.0020220207619114873
vix,combined,cocoa,silver,19,0.0020220207619114873
vix,combined,cocoa,silver,20,0.0020220207619114873
vix,combined,cocoa,silver,21,0.0020220207619114873
vix,combined,cocoa,silver,22,0.0020220207619114873
vix,combined,cocoa,silver,23,0.0020220207619114873
vix,combined,cocoa,silver,24,0.0020220207619114873
vix,combined,cocoa,soybeans,1,0
vix,combined,cocoa,soybeans,2,0
vix,combined,cocoa,soybeans,3,0.001012004842779732
vix,combined,cocoa,soybeans,4,0.0010686464054880682
vix,combined,cocoa,soybeans,5,0.0010669845103700771
vix,combined,cocoa,soybeans,6,0.0010866823676171176
vix,combined,cocoa,soybeans,7,0.0010997620551771838
vix,combined,cocoa,soybeans,8,0.0011033706105762781
vix,combined,cocoa,soybeans,9,0.0011038262803705502
vix,combined,cocoa,soybeans,10,0.0011038395815062346
vix,combined,cocoa,soybeans,11,0.0011038390545291422
vix,combined,cocoa,soybeans,12,0.0011038394247384507
vix,combined,cocoa,soybeans,13,0.0011038394247384507
vix,combined,cocoa,soybeans,14,0.0011038394247384507
vix,combined,cocoa,soybeans,15,0.0011038394247384507
vix,combined,cocoa,soybeans,16,0.0011038394247384507
vix,combined,cocoa,soybeans,17,0.0011038394247384507
vix,combined,cocoa,soybeans,18,0.0011038394247384507
vix,combined,cocoa,soybeans,19,0.0011038394247384507
vix,combined,cocoa,soybeans,20,0.0011038394247384507
vix,combined,cocoa,soybeans,21,0.0011038394247384507
vix,combined,cocoa,soybeans,22,0.0011038394247384507
vix,combined,cocoa,soybeans,23,0.0011038394247384507
vix,combined,cocoa,soybeans,24,0.0011038394247384507
vix,combined,cocoa,sugar_wld,1,0
vix,combined,cocoa,sugar_wld,2,0
vix,combined,cocoa,sugar_wld,3,0.0017504290966007358
vix,combined,cocoa,sugar_wld,4,0.002368780461500645
vix,combined,cocoa,sugar_wld,5,0.0023722085167660616
vix,combined,cocoa,sugar_wld,6,0.002371143212292584
vix,combined,cocoa,sugar_wld,7,0.002371591382547933
vix,combined,cocoa,sugar_wld,8,0.002373313723181661
vix,combined,cocoa,sugar_wld,9,0.002374593555617869
vix,combined,cocoa,sugar_wld,10,0.0023750411605490394
vix,combined,cocoa,sugar_wld,11,0.0023751247706743947
vix,combined,cocoa,sugar_wld,12,0.0023751319912415484
vix,combined,cocoa,sugar_wld,13,0.0023751319912415484
vix,combined,cocoa,sugar_wld,14,0.0023751319912415484
vix,combined,cocoa,sugar_wld,15,0.0023751319912415484
vix,combined,cocoa,sugar_wld,16,0.0023751319912415484
vix,combined,cocoa,sugar_wld,17,0.0023751319912415484
vix,combined,cocoa,sugar_wld,18,0.0023751319912415484
vix,combined,cocoa,sugar_wld,19,0.0023751319912415484
vix,combined,cocoa,sugar_wld,20,0.0023751319912415484
vix,combined,cocoa,sugar_wld,21,0.0023751319912415484
vix,combined,cocoa,sugar_wld,22,0.0023751319912415484
vix,combined,cocoa,sugar_wld,23,0.0023751319912415484
vix,combined,cocoa,sugar_wld,24,0.0023751319912415484
vix,combined,cocoa,tin,1,0
vix,combined,cocoa,tin,2,0
vix,combined,cocoa,tin,3,0.012162912247552725
vix,combined,cocoa,tin,4,0.019144429440569467
vix,combined,cocoa,tin,5,0.020127164428058897
vix,combined,cocoa,tin,6,0.02017534228205718
vix,combined,cocoa,tin,7,0.02017349984915607
vix,combined,cocoa,tin,8,0.020174288071849417
vix,combined,cocoa,tin,9,0.020174395095362955
vix,combined,cocoa,tin,10,0.02017432599697399
vix,combined,cocoa,tin,11,0.020174316003228925
vix,combined,cocoa,tin,12,0.02017432104586916
vix,combined,cocoa,tin,13,0.02017432104586916
vix,combined,cocoa,tin,14,0.02017432104586916
vix,combined,cocoa,tin,15,0.02017432104586916
vix,combined,cocoa,tin,16,0.02017432104586916
vix,combined,cocoa,tin,17,0.02017432104586916
vix,combined,cocoa,tin,18,0.02017432104586916
vix,combined,cocoa,tin,19,0.02017432104586916
vix,combined,cocoa,tin,20,0.02017432104586916
vix,combined,cocoa,tin,21,0.02017432104586916
vix,combined,cocoa,tin,22,0.02017432104586916
vix,combined,cocoa,tin,23,0.02017432104586916
vix,combined,cocoa,tin,24,0.02017432104586916
vix,combined,cocoa,wheat_us_hrw,1,0
vix,combined,cocoa,wheat_us_hrw,2,0
vix,combined,cocoa,wheat_us_hrw,3,0.0019697174042343116
vix,combined,cocoa,wheat_us_hrw,4,0.001971155927212715
vix,combined,cocoa,wheat_us_hrw,5,0.0019939800547142
vix,combined,cocoa,wheat_us_hrw,6,0.001997991849700886
vix,combined,cocoa,wheat_us_hrw,7,0.00200694024023506
vix,combined,cocoa,wheat_us_hrw,8,0.002009651101997738
vix,combined,cocoa,wheat_us_hrw,9,0.00200991574878081
vix,combined,cocoa,wheat_us_hrw,10,0.002009909708469443
vix,combined,cocoa,wheat_us_hrw,11,0.002009912662986438
vix,combined,cocoa,wheat_us_hrw,12,0.0020099140398939304
vix,combined,cocoa,wheat_us_hrw,13,0.0020099140398939304
vix,combined,cocoa,wheat_us_hrw,14,0.0020099140398939304
vix,combined,cocoa,wheat_us_hrw,15,0.0020099140398939304
vix,combined,cocoa,wheat_us_hrw,16,0.0020099140398939304
vix,combined,cocoa,wheat_us_hrw,17,0.0020099140398939304
vix,combined,cocoa,wheat_us_hrw,18,0.0020099140398939304
vix,combined,cocoa,wheat_us_hrw,19,0.0020099140398939304
vix,combined,cocoa,wheat_us_hrw,20,0.0020099140398939304
vix,combined,cocoa,wheat_us_hrw,21,0.0020099140398939304
vix,combined,cocoa,wheat_us_hrw,22,0.0020099140398939304
vix,combined,cocoa,wheat_us_hrw,23,0.0020099140398939304
vix,combined,cocoa,wheat_us_hrw,24,0.0020099140398939304
vix,combined,cocoa,zinc,1,0
vix,combined,cocoa,zinc,2,0
vix,combined,cocoa,zinc,3,1.3979024179659426e-4
vix,combined,cocoa,zinc,4,1.4001765928718478e-4
vix,combined,cocoa,zinc,5,2.1410451449334363e-4
vix,combined,cocoa,zinc,6,2.328496532866054e-4
vix,combined,cocoa,zinc,7,2.3876783217274114e-4
vix,combined,cocoa,zinc,8,2.401613812707806e-4
vix,combined,cocoa,zinc,9,2.404022372758215e-4
vix,combined,cocoa,zinc,10,2.404406090168841e-4
vix,combined,cocoa,zinc,11,2.40445660668524e-4
vix,combined,cocoa,zinc,12,2.4044581695506473e-4
vix,combined,cocoa,zinc,13,2.4044581695506473e-4
vix,combined,cocoa,zinc,14,2.4044581695506473e-4
vix,combined,cocoa,zinc,15,2.4044581695506473e-4
vix,combined,cocoa,zinc,16,2.4044581695506473e-4
vix,combined,cocoa,zinc,17,2.4044581695506473e-4
vix,combined,cocoa,zinc,18,2.4044581695506473e-4
vix,combined,cocoa,zinc,19,2.4044581695506473e-4
vix,combined,cocoa,zinc,20,2.4044581695506473e-4
vix,combined,cocoa,zinc,21,2.4044581695506473e-4
vix,combined,cocoa,zinc,22,2.4044581695506473e-4
vix,combined,cocoa,zinc,23,2.4044581695506473e-4
vix,combined,cocoa,zinc,24,2.4044581695506473e-4
vix,combined,coffee_arabic,aluminium,1,0
vix,combined,coffee_arabic,aluminium,2,0
vix,combined,coffee_arabic,aluminium,3,1.4575686047890962e-4
vix,combined,coffee_arabic,aluminium,4,4.1630566204846656e-4
vix,combined,coffee_arabic,aluminium,5,4.507909891687566e-4
vix,combined,coffee_arabic,aluminium,6,4.512046311807268e-4
vix,combined,coffee_arabic,aluminium,7,4.512004577976617e-4
vix,combined,coffee_arabic,aluminium,8,4.514422493845261e-4
vix,combined,coffee_arabic,aluminium,9,4.5162971131192765e-4
vix,combined,coffee_arabic,aluminium,10,4.5168811325956135e-4
vix,combined,coffee_arabic,aluminium,11,4.5169953448543796e-4
vix,combined,coffee_arabic,aluminium,12,4.5170141692628857e-4
vix,combined,coffee_arabic,aluminium,13,4.5170141692628857e-4
vix,combined,coffee_arabic,aluminium,14,4.5170141692628857e-4
vix,combined,coffee_arabic,aluminium,15,4.5170141692628857e-4
vix,combined,coffee_arabic,aluminium,16,4.5170141692628857e-4
vix,combined,coffee_arabic,aluminium,17,4.5170141692628857e-4
vix,combined,coffee_arabic,aluminium,18,4.5170141692628857e-4
vix,combined,coffee_arabic,aluminium,19,4.5170141692628857e-4
vix,combined,coffee_arabic,aluminium,20,4.5170141692628857e-4
vix,combined,coffee_arabic,aluminium,21,4.5170141692628857e-4
vix,combined,coffee_arabic,aluminium,22,4.5170141692628857e-4
vix,combined,coffee_arabic,aluminium,23,4.5170141692628857e-4
vix,combined,coffee_arabic,aluminium,24,4.5170141692628857e-4
vix,combined,coffee_arabic,cocoa,1,0
vix,combined,coffee_arabic,cocoa,2,0
vix,combined,coffee_arabic,cocoa,3,1.3752702666693644e-5
vix,combined,coffee_arabic,cocoa,4,4.2222275882178604e-4
vix,combined,coffee_arabic,cocoa,5,4.41035382158869e-4
vix,combined,coffee_arabic,cocoa,6,4.410938657186908e-4
vix,combined,coffee_arabic,cocoa,7,4.411060649266157e-4
vix,combined,coffee_arabic,cocoa,8,4.411411993210412e-4
vix,combined,coffee_arabic,cocoa,9,4.4121850875390186e-4
vix,combined,coffee_arabic,cocoa,10,4.4124914729654893e-4
vix,combined,coffee_arabic,cocoa,11,4.412553475156091e-4
vix,combined,coffee_arabic,cocoa,12,4.4125616320156707e-4
vix,combined,coffee_arabic,cocoa,13,4.4125616320156707e-4
vix,combined,coffee_arabic,cocoa,14,4.4125616320156707e-4
vix,combined,coffee_arabic,cocoa,15,4.4125616320156707e-4
vix,combined,coffee_arabic,cocoa,16,4.4125616320156707e-4
vix,combined,coffee_arabic,cocoa,17,4.4125616320156707e-4
vix,combined,coffee_arabic,cocoa,18,4.4125616320156707e-4
vix,combined,coffee_arabic,cocoa,19,4.4125616320156707e-4
vix,combined,coffee_arabic,cocoa,20,4.4125616320156707e-4
vix,combined,coffee_arabic,cocoa,21,4.4125616320156707e-4
vix,combined,coffee_arabic,cocoa,22,4.4125616320156707e-4
vix,combined,coffee_arabic,cocoa,23,4.4125616320156707e-4
vix,combined,coffee_arabic,cocoa,24,4.4125616320156707e-4
vix,combined,coffee_arabic,coffee_arabic,1,0
vix,combined,coffee_arabic,coffee_arabic,2,1
vix,combined,coffee_arabic,coffee_arabic,3,0.9294272001633098
vix,combined,coffee_arabic,coffee_arabic,4,0.9165501392257035
vix,combined,coffee_arabic,coffee_arabic,5,0.9147621713679754
vix,combined,coffee_arabic,coffee_arabic,6,0.9143520787989592
vix,combined,coffee_arabic,coffee_arabic,7,0.9142201754020984
vix,combined,coffee_arabic,coffee_arabic,8,0.9141758024714184
vix,combined,coffee_arabic,coffee_arabic,9,0.9141639252329502
vix,combined,coffee_arabic,coffee_arabic,10,0.9141615267180287
vix,combined,coffee_arabic,coffee_arabic,11,0.9141611613933941
vix,combined,coffee_arabic,coffee_arabic,12,0.914161114996438
vix,combined,coffee_arabic,coffee_arabic,13,0.914161114996438
vix,combined,coffee_arabic,coffee_arabic,14,0.914161114996438
vix,combined,coffee_arabic,coffee_arabic,15,0.914161114996438
vix,combined,coffee_arabic,coffee_arabic,16,0.914161114996438
vix,combined,coffee_arabic,coffee_arabic,17,0.914161114996438
vix,combined,coffee_arabic,coffee_arabic,18,0.914161114996438
vix,combined,coffee_arabic,coffee_arabic,19,0.914161114996438
vix,combined,coffee_arabic,coffee_arabic,20,0.914161114996438
vix,combined,coffee_arabic,coffee_arabic,21,0.914161114996438
vix,combined,coffee_arabic,coffee_arabic,22,0.914161114996438
vix,combined,coffee_arabic,coffee_arabic,23,0.914161114996438
vix,combined,coffee_arabic,coffee_arabic,24,0.914161114996438
vix,combined,coffee_arabic,copper,1,0
vix,combined,coffee_arabic,copper,2,0
vix,combined,coffee_arabic,copper,3,9.023003976439124e-5
vix,combined,coffee_arabic,copper,4,6.495891049578843e-4
vix,combined,coffee_arabic,copper,5,7.475181563325993e-4
vix,combined,coffee_arabic,copper,6,7.497572910128796e-4
vix,combined,coffee_arabic,copper,7,7.617418385026241e-4
vix,combined,coffee_arabic,copper,8,7.664144166597589e-4
vix,combined,coffee_arabic,copper,9,7.669223198455337e-4
vix,combined,coffee_arabic,copper,10,7.669216770995355e-4
vix,combined,coffee_arabic,copper,11,7.669328979396494e-4
vix,combined,coffee_arabic,copper,12,7.669360794890731e-4
vix,combined,coffee_arabic,copper,13,7.669360794890731e-4
vix,combined,coffee_arabic,copper,14,7.669360794890731e-4
vix,combined,coffee_arabic,copper,15,7.669360794890731e-4
vix,combined,coffee_arabic,copper,16,7.669360794890731e-4
vix,combined,coffee_arabic,copper,17,7.669360794890731e-4
vix,combined,coffee_arabic,copper,18,7.669360794890731e-4
vix,combined,coffee_arabic,copper,19,7.669360794890731e-4
vix,combined,coffee_arabic,copper,20,7.669360794890731e-4
vix,combined,coffee_arabic,copper,21,7.669360794890731e-4
vix,combined,coffee_arabic,copper,22,7.669360794890731e-4
vix,combined,coffee_arabic,copper,23,7.669360794890731e-4
vix,combined,coffee_arabic,copper,24,7.669360794890731e-4
vix,combined,coffee_arabic,cotton_a_indx,1,0
vix,combined,coffee_arabic,cotton_a_indx,2,0
vix,combined,coffee_arabic,cotton_a_indx,3,0.0020484015934514764
vix,combined,coffee_arabic,cotton_a_indx,4,0.002255193573172343
vix,combined,coffee_arabic,cotton_a_indx,5,0.002284914841969956
vix,combined,coffee_arabic,cotton_a_indx,6,0.0022852747090413303
vix,combined,coffee_arabic,cotton_a_indx,7,0.0022854598307372174
vix,combined,coffee_arabic,cotton_a_indx,8,0.0022857327321249422
vix,combined,coffee_arabic,cotton_a_indx,9,0.0022858893240764525
vix,combined,coffee_arabic,cotton_a_indx,10,0.0022859242929368292
vix,combined,coffee_arabic,cotton_a_indx,11,0.0022859263387882546
vix,combined,coffee_arabic,cotton_a_indx,12,0.0022859262277921386
vix,combined,coffee_arabic,cotton_a_indx,13,0.0022859262277921386
vix,combined,coffee_arabic,cotton_a_indx,14,0.0022859262277921386
vix,combined,coffee_arabic,cotton_a_indx,15,0.0022859262277921386
vix,combined,coffee_arabic,cotton_a_indx,16,0.0022859262277921386
vix,combined,coffee_arabic,cotton_a_indx,17,0.0022859262277921386
vix,combined,coffee_arabic,cotton_a_indx,18,0.0022859262277921386
vix,combined,coffee_arabic,cotton_a_indx,19,0.0022859262277921386
vix,combined,coffee_arabic,cotton_a_indx,20,0.0022859262277921386
vix,combined,coffee_arabic,cotton_a_indx,21,0.0022859262277921386
vix,combined,coffee_arabic,cotton_a_indx,22,0.0022859262277921386
vix,combined,coffee_arabic,cotton_a_indx,23,0.0022859262277921386
vix,combined,coffee_arabic,cotton_a_indx,24,0.0022859262277921386
vix,combined,coffee_arabic,crude_wti,1,0
vix,combined,coffee_arabic,crude_wti,2,0
vix,combined,coffee_arabic,crude_wti,3,0.002786338014469137
vix,combined,coffee_arabic,crude_wti,4,0.002985133638863318
vix,combined,coffee_arabic,crude_wti,5,0.003142900568410918
vix,combined,coffee_arabic,crude_wti,6,0.0031662874660349956
vix,combined,coffee_arabic,crude_wti,7,0.0031674557974119767
vix,combined,coffee_arabic,crude_wti,8,0.0031673514008447013
vix,combined,coffee_arabic,crude_wti,9,0.0031673130491507995
vix,combined,coffee_arabic,crude_wti,10,0.0031673072569385714
vix,combined,coffee_arabic,crude_wti,11,0.003167307442161815
vix,combined,coffee_arabic,crude_wti,12,0.0031673076815142837
vix,combined,coffee_arabic,crude_wti,13,0.0031673076815142837
vix,combined,coffee_arabic,crude_wti,14,0.0031673076815142837
vix,combined,coffee_arabic,crude_wti,15,0.0031673076815142837
vix,combined,coffee_arabic,crude_wti,16,0.0031673076815142837
vix,combined,coffee_arabic,crude_wti,17,0.0031673076815142837
vix,combined,coffee_arabic,crude_wti,18,0.0031673076815142837
vix,combined,coffee_arabic,crude_wti,19,0.0031673076815142837
vix,combined,coffee_arabic,crude_wti,20,0.0031673076815142837
vix,combined,coffee_arabic,crude_wti,21,0.0031673076815142837
vix,combined,coffee_arabic,crude_wti,22,0.0031673076815142837
vix,combined,coffee_arabic,crude_wti,23,0.0031673076815142837
vix,combined,coffee_arabic,crude_wti,24,0.0031673076815142837
vix,combined,coffee_arabic,gold,1,0
vix,combined,coffee_arabic,gold,2,0
vix,combined,coffee_arabic,gold,3,0.024777066586170824
vix,combined,coffee_arabic,gold,4,0.025922724114142853
vix,combined,coffee_arabic,gold,5,0.025871707067898556
vix,combined,coffee_arabic,gold,6,0.025878480542696047
vix,combined,coffee_arabic,gold,7,0.025874747283166587
vix,combined,coffee_arabic,gold,8,0.025876492721268265
vix,combined,coffee_arabic,gold,9,0.02587870917762621
vix,combined,coffee_arabic,gold,10,0.025879493142118275
vix,combined,coffee_arabic,gold,11,0.02587962471344543
vix,combined,coffee_arabic,gold,12,0.0258796321726263
vix,combined,coffee_arabic,gold,13,0.0258796321726263
vix,combined,coffee_arabic,gold,14,0.0258796321726263
vix,combined,coffee_arabic,gold,15,0.0258796321726263
vix,combined,coffee_arabic,gold,16,0.0258796321726263
vix,combined,coffee_arabic,gold,17,0.0258796321726263
vix,combined,coffee_arabic,gold,18,0.0258796321726263
vix,combined,coffee_arabic,gold,19,0.0258796321726263
vix,combined,coffee_arabic,gold,20,0.0258796321726263
vix,combined,coffee_arabic,gold,21,0.0258796321726263
vix,combined,coffee_arabic,gold,22,0.0258796321726263
vix,combined,coffee_arabic,gold,23,0.0258796321726263
vix,combined,coffee_arabic,gold,24,0.0258796321726263
vix,combined,coffee_arabic,lead,1,0
vix,combined,coffee_arabic,lead,2,0
vix,combined,coffee_arabic,lead,3,0.006292354250543574
vix,combined,coffee_arabic,lead,4,0.007617268169869195
vix,combined,coffee_arabic,lead,5,0.007864143862706157
vix,combined,coffee_arabic,lead,6,0.007880197795645449
vix,combined,coffee_arabic,lead,7,0.007879074115197327
vix,combined,coffee_arabic,lead,8,0.007879477362427861
vix,combined,coffee_arabic,lead,9,0.007879788655205526
vix,combined,coffee_arabic,lead,10,0.007879837780615151
vix,combined,coffee_arabic,lead,11,0.007879836784833748
vix,combined,coffee_arabic,lead,12,0.007879836762987527
vix,combined,coffee_arabic,lead,13,0.007879836762987527
vix,combined,coffee_arabic,lead,14,0.007879836762987527
vix,combined,coffee_arabic,lead,15,0.007879836762987527
vix,combined,coffee_arabic,lead,16,0.007879836762987527
vix,combined,coffee_arabic,lead,17,0.007879836762987527
vix,combined,coffee_arabic,lead,18,0.007879836762987527
vix,combined,coffee_arabic,lead,19,0.007879836762987527
vix,combined,coffee_arabic,lead,20,0.007879836762987527
vix,combined,coffee_arabic,lead,21,0.007879836762987527
vix,combined,coffee_arabic,lead,22,0.007879836762987527
vix,combined,coffee_arabic,lead,23,0.007879836762987527
vix,combined,coffee_arabic,lead,24,0.007879836762987527
vix,combined,coffee_arabic,maize,1,0
vix,combined,coffee_arabic,maize,2,0
vix,combined,coffee_arabic,maize,3,0.0016293664167119377
vix,combined,coffee_arabic,maize,4,0.002414429429831646
vix,combined,coffee_arabic,maize,5,0.002437569513029873
vix,combined,coffee_arabic,maize,6,0.0024372504723132408
vix,combined,coffee_arabic,maize,7,0.0024375586586145876
vix,combined,coffee_arabic,maize,8,0.0024375217124505658
vix,combined,coffee_arabic,maize,9,0.0024374900224104715
vix,combined,coffee_arabic,maize,10,0.0024374877637159064
vix,combined,coffee_arabic,maize,11,0.002437492060270635
vix,combined,coffee_arabic,maize,12,0.002437494680211703
vix,combined,coffee_arabic,maize,13,0.002437494680211703
vix,combined,coffee_arabic,maize,14,0.002437494680211703
vix,combined,coffee_arabic,maize,15,0.002437494680211703
vix,combined,coffee_arabic,maize,16,0.002437494680211703
vix,combined,coffee_arabic,maize,17,0.002437494680211703
vix,combined,coffee_arabic,maize,18,0.002437494680211703
vix,combined,coffee_arabic,maize,19,0.002437494680211703
vix,combined,coffee_arabic,maize,20,0.002437494680211703
vix,combined,coffee_arabic,maize,21,0.002437494680211703
vix,combined,coffee_arabic,maize,22,0.002437494680211703
vix,combined,coffee_arabic,maize,23,0.002437494680211703
vix,combined,coffee_arabic,maize,24,0.002437494680211703
vix,combined,coffee_arabic,ngas_us,1,0
vix,combined,coffee_arabic,ngas_us,2,0
vix,combined,coffee_arabic,ngas_us,3,6.936064230027728e-5
vix,combined,coffee_arabic,ngas_us,4,3.2738571387862903e-4
vix,combined,coffee_arabic,ngas_us,5,3.947934095577535e-4
vix,combined,coffee_arabic,ngas_us,6,4.060111194105283e-4
vix,combined,coffee_arabic,ngas_us,7,4.0595259563195083e-4
vix,combined,coffee_arabic,ngas_us,8,4.064963178509884e-4
vix,combined,coffee_arabic,ngas_us,9,4.0677073008682014e-4
vix,combined,coffee_arabic,ngas_us,10,4.068157109916811e-4
vix,combined,coffee_arabic,ngas_us,11,4.068173284674369e-4
vix,combined,coffee_arabic,ngas_us,12,4.068175130188207e-4
vix,combined,coffee_arabic,ngas_us,13,4.068175130188207e-4
vix,combined,coffee_arabic,ngas_us,14,4.068175130188207e-4
vix,combined,coffee_arabic,ngas_us,15,4.068175130188207e-4
vix,combined,coffee_arabic,ngas_us,16,4.068175130188207e-4
vix,combined,coffee_arabic,ngas_us,17,4.068175130188207e-4
vix,combined,coffee_arabic,ngas_us,18,4.068175130188207e-4
vix,combined,coffee_arabic,ngas_us,19,4.068175130188207e-4
vix,combined,coffee_arabic,ngas_us,20,4.068175130188207e-4
vix,combined,coffee_arabic,ngas_us,21,4.068175130188207e-4
vix,combined,coffee_arabic,ngas_us,22,4.068175130188207e-4
vix,combined,coffee_arabic,ngas_us,23,4.068175130188207e-4
vix,combined,coffee_arabic,ngas_us,24,4.068175130188207e-4
vix,combined,coffee_arabic,nickel,1,0
vix,combined,coffee_arabic,nickel,2,0
vix,combined,coffee_arabic,nickel,3,0.005926595608881356
vix,combined,coffee_arabic,nickel,4,0.005999588942036674
vix,combined,coffee_arabic,nickel,5,0.00607368689984908
vix,combined,coffee_arabic,nickel,6,0.006212112712426346
vix,combined,coffee_arabic,nickel,7,0.0062664391957545215
vix,combined,coffee_arabic,nickel,8,0.006279468868427383
vix,combined,coffee_arabic,nickel,9,0.006281669147179225
vix,combined,coffee_arabic,nickel,10,0.006281942787755882
vix,combined,coffee_arabic,nickel,11,0.0062819738584479505
vix,combined,coffee_arabic,nickel,12,0.0062819804342306145
vix,combined,coffee_arabic,nickel,13,0.0062819804342306145
vix,combined,coffee_arabic,nickel,14,0.0062819804342306145
vix,combined,coffee_arabic,nickel,15,0.0062819804342306145
vix,combined,coffee_arabic,nickel,16,0.0062819804342306145
vix,combined,coffee_arabic,nickel,17,0.0062819804342306145
vix,combined,coffee_arabic,nickel,18,0.0062819804342306145
vix,combined,coffee_arabic,nickel,19,0.0062819804342306145
vix,combined,coffee_arabic,nickel,20,0.0062819804342306145
vix,combined,coffee_arabic,nickel,21,0.0062819804342306145
vix,combined,coffee_arabic,nickel,22,0.0062819804342306145
vix,combined,coffee_arabic,nickel,23,0.0062819804342306145
vix,combined,coffee_arabic,nickel,24,0.0062819804342306145
vix,combined,coffee_arabic,platinum,1,0
vix,combined,coffee_arabic,platinum,2,0
vix,combined,coffee_arabic,platinum,3,0.00532422732997765
vix,combined,coffee_arabic,platinum,4,0.006010859967416999
vix,combined,coffee_arabic,platinum,5,0.0060275981177892275
vix,combined,coffee_arabic,platinum,6,0.0060403152067158685
vix,combined,coffee_arabic,platinum,7,0.006051198868567915
vix,combined,coffee_arabic,platinum,8,0.006055210948715803
vix,combined,coffee_arabic,platinum,9,0.006056135782126235
vix,combined,coffee_arabic,platinum,10,0.006056278589565592
vix,combined,coffee_arabic,platinum,11,0.006056290229742093
vix,combined,coffee_arabic,platinum,12,0.006056290055636526
vix,combined,coffee_arabic,platinum,13,0.006056290055636526
vix,combined,coffee_arabic,platinum,14,0.006056290055636526
vix,combined,coffee_arabic,platinum,15,0.006056290055636526
vix,combined,coffee_arabic,platinum,16,0.006056290055636526
vix,combined,coffee_arabic,platinum,17,0.006056290055636526
vix,combined,coffee_arabic,platinum,18,0.006056290055636526
vix,combined,coffee_arabic,platinum,19,0.006056290055636526
vix,combined,coffee_arabic,platinum,20,0.006056290055636526
vix,combined,coffee_arabic,platinum,21,0.006056290055636526
vix,combined,coffee_arabic,platinum,22,0.006056290055636526
vix,combined,coffee_arabic,platinum,23,0.006056290055636526
vix,combined,coffee_arabic,platinum,24,0.006056290055636526
vix,combined,coffee_arabic,silver,1,0
vix,combined,coffee_arabic,silver,2,0
vix,combined,coffee_arabic,silver,3,0.005340323233545509
vix,combined,coffee_arabic,silver,4,0.006246403068341732
vix,combined,coffee_arabic,silver,5,0.006298698866891565
vix,combined,coffee_arabic,silver,6,0.006299667900340653
vix,combined,coffee_arabic,silver,7,0.006302238580245208
vix,combined,coffee_arabic,silver,8,0.006305282567319006
vix,combined,coffee_arabic,silver,9,0.00630689747224552
vix,combined,coffee_arabic,silver,10,0.006307354923286069
vix,combined,coffee_arabic,silver,11,0.006307420281621765
vix,combined,coffee_arabic,silver,12,0.0063074231255181735
vix,combined,coffee_arabic,silver,13,0.0063074231255181735
vix,combined,coffee_arabic,silver,14,0.0063074231255181735
vix,combined,coffee_arabic,silver,15,0.0063074231255181735
vix,combined,coffee_arabic,silver,16,0.0063074231255181735
vix,combined,coffee_arabic,silver,17,0.0063074231255181735
vix,combined,coffee_arabic,silver,18,0.0063074231255181735
vix,combined,coffee_arabic,silver,19,0.0063074231255181735
vix,combined,coffee_arabic,silver,20,0.0063074231255181735
vix,combined,coffee_arabic,silver,21,0.0063074231255181735
vix,combined,coffee_arabic,silver,22,0.0063074231255181735
vix,combined,coffee_arabic,silver,23,0.0063074231255181735
vix,combined,coffee_arabic,silver,24,0.0063074231255181735
vix,combined,coffee_arabic,soybeans,1,0
vix,combined,coffee_arabic,soybeans,2,0
vix,combined,coffee_arabic,soybeans,3,0.0026160745154308732
vix,combined,coffee_arabic,soybeans,4,0.0033456983853303803
vix,combined,coffee_arabic,soybeans,5,0.003463806603427854
vix,combined,coffee_arabic,soybeans,6,0.0034672156593816084
vix,combined,coffee_arabic,soybeans,7,0.0034677783973891393
vix,combined,coffee_arabic,soybeans,8,0.0034685628497501237
vix,combined,coffee_arabic,soybeans,9,0.003468636063908084
vix,combined,coffee_arabic,soybeans,10,0.003468627492809285
vix,combined,coffee_arabic,soybeans,11,0.00346863725335313
vix,combined,coffee_arabic,soybeans,12,0.0034686420620817435
vix,combined,coffee_arabic,soybeans,13,0.0034686420620817435
vix,combined,coffee_arabic,soybeans,14,0.0034686420620817435
vix,combined,coffee_arabic,soybeans,15,0.0034686420620817435
vix,combined,coffee_arabic,soybeans,16,0.0034686420620817435
vix,combined,coffee_arabic,soybeans,17,0.0034686420620817435
vix,combined,coffee_arabic,soybeans,18,0.0034686420620817435
vix,combined,coffee_arabic,soybeans,19,0.0034686420620817435
vix,combined,coffee_arabic,soybeans,20,0.0034686420620817435
vix,combined,coffee_arabic,soybeans,21,0.0034686420620817435
vix,combined,coffee_arabic,soybeans,22,0.0034686420620817435
vix,combined,coffee_arabic,soybeans,23,0.0034686420620817435
vix,combined,coffee_arabic,soybeans,24,0.0034686420620817435
vix,combined,coffee_arabic,sugar_wld,1,0
vix,combined,coffee_arabic,sugar_wld,2,0
vix,combined,coffee_arabic,sugar_wld,3,3.139303345987931e-6
vix,combined,coffee_arabic,sugar_wld,4,9.013451406718407e-5
vix,combined,coffee_arabic,sugar_wld,5,1.0145212521377265e-4
vix,combined,coffee_arabic,sugar_wld,6,1.3977990922997698e-4
vix,combined,coffee_arabic,sugar_wld,7,1.5395976216306447e-4
vix,combined,coffee_arabic,sugar_wld,8,1.5551654918687026e-4
vix,combined,coffee_arabic,sugar_wld,9,1.5552342535124486e-4
vix,combined,coffee_arabic,sugar_wld,10,1.555436326808627e-4
vix,combined,coffee_arabic,sugar_wld,11,1.555490503726175e-4
vix,combined,coffee_arabic,sugar_wld,12,1.5554908801376522e-4
vix,combined,coffee_arabic,sugar_wld,13,1.5554908801376522e-4
vix,combined,coffee_arabic,sugar_wld,14,1.5554908801376522e-4
vix,combined,coffee_arabic,sugar_wld,15,1.5554908801376522e-4
vix,combined,coffee_arabic,sugar_wld,16,1.5554908801376522e-4
vix,combined,coffee_arabic,sugar_wld,17,1.5554908801376522e-4
vix,combined,coffee_arabic,sugar_wld,18,1.5554908801376522e-4
vix,combined,coffee_arabic,sugar_wld,19,1.5554908801376522e-4
vix,combined,coffee_arabic,sugar_wld,20,1.5554908801376522e-4
vix,combined,coffee_arabic,sugar_wld,21,1.5554908801376522e-4
vix,combined,coffee_arabic,sugar_wld,22,1.5554908801376522e-4
vix,combined,coffee_arabic,sugar_wld,23,1.5554908801376522e-4
vix,combined,coffee_arabic,sugar_wld,24,1.5554908801376522e-4
vix,combined,coffee_arabic,tin,1,0
vix,combined,coffee_arabic,tin,2,0
vix,combined,coffee_arabic,tin,3,0.009811628370182589
vix,combined,coffee_arabic,tin,4,0.013635608721432489
vix,combined,coffee_arabic,tin,5,0.014199856567622113
vix,combined,coffee_arabic,tin,6,0.014312554046452037
vix,combined,coffee_arabic,tin,7,0.014352611061905024
vix,combined,coffee_arabic,tin,8,0.01436690220904897
vix,combined,coffee_arabic,tin,9,0.01437035198643465
vix,combined,coffee_arabic,tin,10,0.01437086676533466
vix,combined,coffee_arabic,tin,11,0.014370911045659848
vix,combined,coffee_arabic,tin,12,0.014370913191395513
vix,combined,coffee_arabic,tin,13,0.014370913191395513
vix,combined,coffee_arabic,tin,14,0.014370913191395513
vix,combined,coffee_arabic,tin,15,0.014370913191395513
vix,combined,coffee_arabic,tin,16,0.014370913191395513
vix,combined,coffee_arabic,tin,17,0.014370913191395513
vix,combined,coffee_arabic,tin,18,0.014370913191395513
vix,combined,coffee_arabic,tin,19,0.014370913191395513
vix,combined,coffee_arabic,tin,20,0.014370913191395513
vix,combined,coffee_arabic,tin,21,0.014370913191395513
vix,combined,coffee_arabic,tin,22,0.014370913191395513
vix,combined,coffee_arabic,tin,23,0.014370913191395513
vix,combined,coffee_arabic,tin,24,0.014370913191395513
vix,combined,coffee_arabic,wheat_us_hrw,1,0
vix,combined,coffee_arabic,wheat_us_hrw,2,0
vix,combined,coffee_arabic,wheat_us_hrw,3,0.0012132175816238306
vix,combined,coffee_arabic,wheat_us_hrw,4,0.0013300341342904348
vix,combined,coffee_arabic,wheat_us_hrw,5,0.0013543574231204164
vix,combined,coffee_arabic,wheat_us_hrw,6,0.001362840449448625
vix,combined,coffee_arabic,wheat_us_hrw,7,0.0013626967442077556
vix,combined,coffee_arabic,wheat_us_hrw,8,0.001362780697693635
vix,combined,coffee_arabic,wheat_us_hrw,9,0.0013627741371471573
vix,combined,coffee_arabic,wheat_us_hrw,10,0.00136278968048563
vix,combined,coffee_arabic,wheat_us_hrw,11,0.0013628209643578287
vix,combined,coffee_arabic,wheat_us_hrw,12,0.0013628346458011914
vix,combined,coffee_arabic,wheat_us_hrw,13,0.0013628346458011914
vix,combined,coffee_arabic,wheat_us_hrw,14,0.0013628346458011914
vix,combined,coffee_arabic,wheat_us_hrw,15,0.0013628346458011914
vix,combined,coffee_arabic,wheat_us_hrw,16,0.0013628346458011914
vix,combined,coffee_arabic,wheat_us_hrw,17,0.0013628346458011914
vix,combined,coffee_arabic,wheat_us_hrw,18,0.0013628346458011914
vix,combined,coffee_arabic,wheat_us_hrw,19,0.0013628346458011914
vix,combined,coffee_arabic,wheat_us_hrw,20,0.0013628346458011914
vix,combined,coffee_arabic,wheat_us_hrw,21,0.0013628346458011914
vix,combined,coffee_arabic,wheat_us_hrw,22,0.0013628346458011914
vix,combined,coffee_arabic,wheat_us_hrw,23,0.0013628346458011914
vix,combined,coffee_arabic,wheat_us_hrw,24,0.0013628346458011914
vix,combined,coffee_arabic,zinc,1,0
vix,combined,coffee_arabic,zinc,2,0
vix,combined,coffee_arabic,zinc,3,0.0024849667871454564
vix,combined,coffee_arabic,zinc,4,0.0037812808757945677
vix,combined,coffee_arabic,zinc,5,0.004082998236876964
vix,combined,coffee_arabic,zinc,6,0.0041178774239918675
vix,combined,coffee_arabic,zinc,7,0.004118605345682208
vix,combined,coffee_arabic,zinc,8,0.004118402726107021
vix,combined,coffee_arabic,zinc,9,0.004118355254189842
vix,combined,coffee_arabic,zinc,10,0.004118344525081075
vix,combined,coffee_arabic,zinc,11,0.00411834347514277
vix,combined,coffee_arabic,zinc,12,0.004118343703116618
vix,combined,coffee_arabic,zinc,13,0.004118343703116618
vix,combined,coffee_arabic,zinc,14,0.004118343703116618
vix,combined,coffee_arabic,zinc,15,0.004118343703116618
vix,combined,coffee_arabic,zinc,16,0.004118343703116618
vix,combined,coffee_arabic,zinc,17,0.004118343703116618
vix,combined,coffee_arabic,zinc,18,0.004118343703116618
vix,combined,coffee_arabic,zinc,19,0.004118343703116618
vix,combined,coffee_arabic,zinc,20,0.004118343703116618
vix,combined,coffee_arabic,zinc,21,0.004118343703116618
vix,combined,coffee_arabic,zinc,22,0.004118343703116618
vix,combined,coffee_arabic,zinc,23,0.004118343703116618
vix,combined,coffee_arabic,zinc,24,0.004118343703116618
vix,combined,copper,aluminium,1,0
vix,combined,copper,aluminium,2,0
vix,combined,copper,aluminium,3,8.065324050137233e-5
vix,combined,copper,aluminium,4,8.115792595890896e-5
vix,combined,copper,aluminium,5,1.0456900433128448e-4
vix,combined,copper,aluminium,6,1.1786908795029186e-4
vix,combined,copper,aluminium,7,1.2134329518225302e-4
vix,combined,copper,aluminium,8,1.218746782383399e-4
vix,combined,copper,aluminium,9,1.2189592137047514e-4
vix,combined,copper,aluminium,10,1.2189727491545828e-4
vix,combined,copper,aluminium,11,1.2190039627044259e-4
vix,combined,copper,aluminium,12,1.2190147602965463e-4
vix,combined,copper,aluminium,13,1.2190147602965463e-4
vix,combined,copper,aluminium,14,1.2190147602965463e-4
vix,combined,copper,aluminium,15,1.2190147602965463e-4
vix,combined,copper,aluminium,16,1.2190147602965463e-4
vix,combined,copper,aluminium,17,1.2190147602965463e-4
vix,combined,copper,aluminium,18,1.2190147602965463e-4
vix,combined,copper,aluminium,19,1.2190147602965463e-4
vix,combined,copper,aluminium,20,1.2190147602965463e-4
vix,combined,copper,aluminium,21,1.2190147602965463e-4
vix,combined,copper,aluminium,22,1.2190147602965463e-4
vix,combined,copper,aluminium,23,1.2190147602965463e-4
vix,combined,copper,aluminium,24,1.2190147602965463e-4
vix,combined,copper,cocoa,1,0
vix,combined,copper,cocoa,2,0
vix,combined,copper,cocoa,3,2.3841450497609863e-5
vix,combined,copper,cocoa,4,1.1238376455239328e-4
vix,combined,copper,cocoa,5,1.343977411666048e-4
vix,combined,copper,cocoa,6,1.3530687449230373e-4
vix,combined,copper,cocoa,7,1.353048150481213e-4
vix,combined,copper,cocoa,8,1.3529792269823142e-4
vix,combined,copper,cocoa,9,1.353142211830098e-4
vix,combined,copper,cocoa,10,1.3532599168639156e-4
vix,combined,copper,cocoa,11,1.353286388378709e-4
vix,combined,copper,cocoa,12,1.3532882799689022e-4
vix,combined,copper,cocoa,13,1.3532882799689022e-4
vix,combined,copper,cocoa,14,1.3532882799689022e-4
vix,combined,copper,cocoa,15,1.3532882799689022e-4
vix,combined,copper,cocoa,16,1.3532882799689022e-4
vix,combined,copper,cocoa,17,1.3532882799689022e-4
vix,combined,copper,cocoa,18,1.3532882799689022e-4
vix,combined,copper,cocoa,19,1.3532882799689022e-4
vix,combined,copper,cocoa,20,1.3532882799689022e-4
vix,combined,copper,cocoa,21,1.3532882799689022e-4
vix,combined,copper,cocoa,22,1.3532882799689022e-4
vix,combined,copper,cocoa,23,1.3532882799689022e-4
vix,combined,copper,cocoa,24,1.3532882799689022e-4
vix,combined,copper,coffee_arabic,1,0
vix,combined,copper,coffee_arabic,2,0
vix,combined,copper,coffee_arabic,3,0.0016933631557442977
vix,combined,copper,coffee_arabic,4,0.001721531545452481
vix,combined,copper,coffee_arabic,5,0.0017593927874742872
vix,combined,copper,coffee_arabic,6,0.0017862301712873998
vix,combined,copper,coffee_arabic,7,0.001790903483214054
vix,combined,copper,coffee_arabic,8,0.0017909327725358062
vix,combined,copper,coffee_arabic,9,0.0017909733964567066
vix,combined,copper,coffee_arabic,10,0.0017910133965076808
vix,combined,copper,coffee_arabic,11,0.0017910159603137035
vix,combined,copper,coffee_arabic,12,0.0017910159897951137
vix,combined,copper,coffee_arabic,13,0.0017910159897951137
vix,combined,copper,coffee_arabic,14,0.0017910159897951137
vix,combined,copper,coffee_arabic,15,0.0017910159897951137
vix,combined,copper,coffee_arabic,16,0.0017910159897951137
vix,combined,copper,coffee_arabic,17,0.0017910159897951137
vix,combined,copper,coffee_arabic,18,0.0017910159897951137
vix,combined,copper,coffee_arabic,19,0.0017910159897951137
vix,combined,copper,coffee_arabic,20,0.0017910159897951137
vix,combined,copper,coffee_arabic,21,0.0017910159897951137
vix,combined,copper,coffee_arabic,22,0.0017910159897951137
vix,combined,copper,coffee_arabic,23,0.0017910159897951137
vix,combined,copper,coffee_arabic,24,0.0017910159897951137
vix,combined,copper,copper,1,0
vix,combined,copper,copper,2,1
vix,combined,copper,copper,3,0.9835892914020127
vix,combined,copper,copper,4,0.9784346964699423
vix,combined,copper,copper,5,0.9758559452620216
vix,combined,copper,copper,6,0.9749761753094051
vix,combined,copper,copper,7,0.9747649282501313
vix,combined,copper,copper,8,0.9747275008965384
vix,combined,copper,copper,9,0.9747197273993388
vix,combined,copper,copper,10,0.9747171878578785
vix,combined,copper,copper,11,0.9747164312941039
vix,combined,copper,copper,12,0.9747162706432245
vix,combined,copper,copper,13,0.9747162706432245
vix,combined,copper,copper,14,0.9747162706432245
vix,combined,copper,copper,15,0.9747162706432245
vix,combined,copper,copper,16,0.9747162706432245
vix,combined,copper,copper,17,0.9747162706432245
vix,combined,copper,copper,18,0.9747162706432245
vix,combined,copper,copper,19,0.9747162706432245
vix,combined,copper,copper,20,0.9747162706432245
vix,combined,copper,copper,21,0.9747162706432245
vix,combined,copper,copper,22,0.9747162706432245
vix,combined,copper,copper,23,0.9747162706432245
vix,combined,copper,copper,24,0.9747162706432245
vix,combined,copper,cotton_a_indx,1,0
vix,combined,copper,cotton_a_indx,2,0
vix,combined,copper,cotton_a_indx,3,1.0966143139201084e-4
vix,combined,copper,cotton_a_indx,4,1.2558801837784608e-4
vix,combined,copper,cotton_a_indx,5,1.4487870843526345e-4
vix,combined,copper,cotton_a_indx,6,1.5276743786045863e-4
vix,combined,copper,cotton_a_indx,7,1.5752150238710662e-4
vix,combined,copper,cotton_a_indx,8,1.6008814778792468e-4
vix,combined,copper,cotton_a_indx,9,1.6120620144943277e-4
vix,combined,copper,cotton_a_indx,10,1.6155633177101215e-4
vix,combined,copper,cotton_a_indx,11,1.6162836701325654e-4
vix,combined,copper,cotton_a_indx,12,1.616366203855623e-4
vix,combined,copper,cotton_a_indx,13,1.616366203855623e-4
vix,combined,copper,cotton_a_indx,14,1.616366203855623e-4
vix,combined,copper,cotton_a_indx,15,1.616366203855623e-4
vix,combined,copper,cotton_a_indx,16,1.616366203855623e-4
vix,combined,copper,cotton_a_indx,17,1.616366203855623e-4
vix,combined,copper,cotton_a_indx,18,1.616366203855623e-4
vix,combined,copper,cotton_a_indx,19,1.616366203855623e-4
vix,combined,copper,cotton_a_indx,20,1.616366203855623e-4
vix,combined,copper,cotton_a_indx,21,1.616366203855623e-4
vix,combined,copper,cotton_a_indx,22,1.616366203855623e-4
vix,combined,copper,cotton_a_indx,23,1.616366203855623e-4
vix,combined,copper,cotton_a_indx,24,1.616366203855623e-4
vix,combined,copper,crude_wti,1,0
vix,combined,copper,crude_wti,2,0
vix,combined,copper,crude_wti,3,0.002189152311982986
vix,combined,copper,crude_wti,4,0.0022781989047693622
vix,combined,copper,crude_wti,5,0.0024795240081740087
vix,combined,copper,crude_wti,6,0.0025291954340144283
vix,combined,copper,crude_wti,7,0.002538765137626499
vix,combined,copper,crude_wti,8,0.002540277057559147
vix,combined,copper,crude_wti,9,0.0025404555392173132
vix,combined,copper,crude_wti,10,0.002540474961065786
vix,combined,copper,crude_wti,11,0.002540477852249382
vix,combined,copper,crude_wti,12,0.002540478391435545
vix,combined,copper,crude_wti,13,0.002540478391435545
vix,combined,copper,crude_wti,14,0.002540478391435545
vix,combined,copper,crude_wti,15,0.002540478391435545
vix,combined,copper,crude_wti,16,0.002540478391435545
vix,combined,copper,crude_wti,17,0.002540478391435545
vix,combined,copper,crude_wti,18,0.002540478391435545
vix,combined,copper,crude_wti,19,0.002540478391435545
vix,combined,copper,crude_wti,20,0.002540478391435545
vix,combined,copper,crude_wti,21,0.002540478391435545
vix,combined,copper,crude_wti,22,0.002540478391435545
vix,combined,copper,crude_wti,23,0.002540478391435545
vix,combined,copper,crude_wti,24,0.002540478391435545
vix,combined,copper,gold,1,0
vix,combined,copper,gold,2,0
vix,combined,copper,gold,3,5.873319532408893e-4
vix,combined,copper,gold,4,8.681476883632193e-4
vix,combined,copper,gold,5,0.0011424138518329008
vix,combined,copper,gold,6,0.0013830336530379242
vix,combined,copper,gold,7,0.0014648060574110392
vix,combined,copper,gold,8,0.0014765513294949695
vix,combined,copper,gold,9,0.0014767894823929668
vix,combined,copper,gold,10,0.0014769492674304374
vix,combined,copper,gold,11,0.001477123756790924
vix,combined,copper,gold,12,0.001477173810999915
vix,combined,copper,gold,13,0.001477173810999915
vix,combined,copper,gold,14,0.001477173810999915
vix,combined,copper,gold,15,0.001477173810999915
vix,combined,copper,gold,16,0.001477173810999915
vix,combined,copper,gold,17,0.001477173810999915
vix,combined,copper,gold,18,0.001477173810999915
vix,combined,copper,gold,19,0.001477173810999915
vix,combined,copper,gold,20,0.001477173810999915
vix,combined,copper,gold,21,0.001477173810999915
vix,combined,copper,gold,22,0.001477173810999915
vix,combined,copper,gold,23,0.001477173810999915
vix,combined,copper,gold,24,0.001477173810999915
vix,combined,copper,lead,1,0
vix,combined,copper,lead,2,0
vix,combined,copper,lead,3,0.0049767683561048
vix,combined,copper,lead,4,0.005997911707156834
vix,combined,copper,lead,5,0.006256827756544371
vix,combined,copper,lead,6,0.006305136829122844
vix,combined,copper,lead,7,0.006308458990490199
vix,combined,copper,lead,8,0.0063081508969866276
vix,combined,copper,lead,9,0.006308368663240864
vix,combined,copper,lead,10,0.006308464853915972
vix,combined,copper,lead,11,0.006308471948666541
vix,combined,copper,lead,12,0.006308470857536189
vix,combined,copper,lead,13,0.006308470857536189
vix,combined,copper,lead,14,0.006308470857536189
vix,combined,copper,lead,15,0.006308470857536189
vix,combined,copper,lead,16,0.006308470857536189
vix,combined,copper,lead,17,0.006308470857536189
vix,combined,copper,lead,18,0.006308470857536189
vix,combined,copper,lead,19,0.006308470857536189
vix,combined,copper,lead,20,0.006308470857536189
vix,combined,copper,lead,21,0.006308470857536189
vix,combined,copper,lead,22,0.006308470857536189
vix,combined,copper,lead,23,0.006308470857536189
vix,combined,copper,lead,24,0.006308470857536189
vix,combined,copper,maize,1,0
vix,combined,copper,maize,2,0
vix,combined,copper,maize,3,2.6900655042716594e-4
vix,combined,copper,maize,4,2.7500224088612175e-4
vix,combined,copper,maize,5,5.133108328862728e-4
vix,combined,copper,maize,6,5.895844417321102e-4
vix,combined,copper,maize,7,6.01393753213599e-4
vix,combined,copper,maize,8,6.02670657243366e-4
vix,combined,copper,maize,9,6.027475290997832e-4
vix,combined,copper,maize,10,6.027458745004808e-4
vix,combined,copper,maize,11,6.027470214073801e-4
vix,combined,copper,maize,12,6.027478487158662e-4
vix,combined,copper,maize,13,6.027478487158662e-4
vix,combined,copper,maize,14,6.027478487158662e-4
vix,combined,copper,maize,15,6.027478487158662e-4
vix,combined,copper,maize,16,6.027478487158662e-4
vix,combined,copper,maize,17,6.027478487158662e-4
vix,combined,copper,maize,18,6.027478487158662e-4
vix,combined,copper,maize,19,6.027478487158662e-4
vix,combined,copper,maize,20,6.027478487158662e-4
vix,combined,copper,maize,21,6.027478487158662e-4
vix,combined,copper,maize,22,6.027478487158662e-4
vix,combined,copper,maize,23,6.027478487158662e-4
vix,combined,copper,maize,24,6.027478487158662e-4
vix,combined,copper,ngas_us,1,0
vix,combined,copper,ngas_us,2,0
vix,combined,copper,ngas_us,3,0.002375227843903826
vix,combined,copper,ngas_us,4,0.0023295557165119345
vix,combined,copper,ngas_us,5,0.0023754984767484495
vix,combined,copper,ngas_us,6,0.0024087854728767986
vix,combined,copper,ngas_us,7,0.002417481452541521
vix,combined,copper,ngas_us,8,0.002418377781540848
vix,combined,copper,ngas_us,9,0.002418355150606779
vix,combined,copper,ngas_us,10,0.0024183684043749673
vix,combined,copper,ngas_us,11,0.0024183768553435346
vix,combined,copper,ngas_us,12,0.0024183775689634573
vix,combined,copper,ngas_us,13,0.0024183775689634573
vix,combined,copper,ngas_us,14,0.0024183775689634573
vix,combined,copper,ngas_us,15,0.0024183775689634573
vix,combined,copper,ngas_us,16,0.0024183775689634573
vix,combined,copper,ngas_us,17,0.0024183775689634573
vix,combined,copper,ngas_us,18,0.0024183775689634573
vix,combined,copper,ngas_us,19,0.0024183775689634573
vix,combined,copper,ngas_us,20,0.0024183775689634573
vix,combined,copper,ngas_us,21,0.0024183775689634573
vix,combined,copper,ngas_us,22,0.0024183775689634573
vix,combined,copper,ngas_us,23,0.0024183775689634573
vix,combined,copper,ngas_us,24,0.0024183775689634573
vix,combined,copper,nickel,1,0
vix,combined,copper,nickel,2,0
vix,combined,copper,nickel,3,5.493413692728536e-5
vix,combined,copper,nickel,4,2.2156645209636238e-4
vix,combined,copper,nickel,5,2.6041275366955934e-4
vix,combined,copper,nickel,6,2.6018027739995684e-4
vix,combined,copper,nickel,7,2.67893906567959e-4
vix,combined,copper,nickel,8,2.750714333326713e-4
vix,combined,copper,nickel,9,2.777648751919712e-4
vix,combined,copper,nickel,10,2.783313806022435e-4
vix,combined,copper,nickel,11,2.784003256499681e-4
vix,combined,copper,nickel,12,2.784049491244675e-4
vix,combined,copper,nickel,13,2.784049491244675e-4
vix,combined,copper,nickel,14,2.784049491244675e-4
vix,combined,copper,nickel,15,2.784049491244675e-4
vix,combined,copper,nickel,16,2.784049491244675e-4
vix,combined,copper,nickel,17,2.784049491244675e-4
vix,combined,copper,nickel,18,2.784049491244675e-4
vix,combined,copper,nickel,19,2.784049491244675e-4
vix,combined,copper,nickel,20,2.784049491244675e-4
vix,combined,copper,nickel,21,2.784049491244675e-4
vix,combined,copper,nickel,22,2.784049491244675e-4
vix,combined,copper,nickel,23,2.784049491244675e-4
vix,combined,copper,nickel,24,2.784049491244675e-4
vix,combined,copper,platinum,1,0
vix,combined,copper,platinum,2,0
vix,combined,copper,platinum,3,6.152932835827818e-4
vix,combined,copper,platinum,4,0.0022439419772362617
vix,combined,copper,platinum,5,0.0028578365168165374
vix,combined,copper,platinum,6,0.002981901555262181
vix,combined,copper,platinum,7,0.0029957484768818893
vix,combined,copper,platinum,8,0.002995882067917361
vix,combined,copper,platinum,9,0.0029961084114440034
vix,combined,copper,platinum,10,0.0029964268938407535
vix,combined,copper,platinum,11,0.0029965568519376264
vix,combined,copper,platinum,12,0.002996586603866543
vix,combined,copper,platinum,13,0.002996586603866543
vix,combined,copper,platinum,14,0.002996586603866543
vix,combined,copper,platinum,15,0.002996586603866543
vix,combined,copper,platinum,16,0.002996586603866543
vix,combined,copper,platinum,17,0.002996586603866543
vix,combined,copper,platinum,18,0.002996586603866543
vix,combined,copper,platinum,19,0.002996586603866543
vix,combined,copper,platinum,20,0.002996586603866543
vix,combined,copper,platinum,21,0.002996586603866543
vix,combined,copper,platinum,22,0.002996586603866543
vix,combined,copper,platinum,23,0.002996586603866543
vix,combined,copper,platinum,24,0.002996586603866543
vix,combined,copper,silver,1,0
vix,combined,copper,silver,2,0
vix,combined,copper,silver,3,0.0015510364472221976
vix,combined,copper,silver,4,0.002638940317697148
vix,combined,copper,silver,5,0.0030156029948920824
vix,combined,copper,silver,6,0.0031773094593333857
vix,combined,copper,silver,7,0.003218889169369722
vix,combined,copper,silver,8,0.0032224222729736736
vix,combined,copper,silver,9,0.003222393743373534
vix,combined,copper,silver,10,0.0032226667629257446
vix,combined,copper,silver,11,0.0032228172322171797
vix,combined,copper,silver,12,0.003222850531197617
vix,combined,copper,silver,13,0.003222850531197617
vix,combined,copper,silver,14,0.003222850531197617
vix,combined,copper,silver,15,0.003222850531197617
vix,combined,copper,silver,16,0.003222850531197617
vix,combined,copper,silver,17,0.003222850531197617
vix,combined,copper,silver,18,0.003222850531197617
vix,combined,copper,silver,19,0.003222850531197617
vix,combined,copper,silver,20,0.003222850531197617
vix,combined,copper,silver,21,0.003222850531197617
vix,combined,copper,silver,22,0.003222850531197617
vix,combined,copper,silver,23,0.003222850531197617
vix,combined,copper,silver,24,0.003222850531197617
vix,combined,copper,soybeans,1,0
vix,combined,copper,soybeans,2,0
vix,combined,copper,soybeans,3,3.6654893468507436e-4
vix,combined,copper,soybeans,4,9.286304527187258e-4
vix,combined,copper,soybeans,5,0.0011202606569056049
vix,combined,copper,soybeans,6,0.0011618199775592193
vix,combined,copper,soybeans,7,0.0011631282017073065
vix,combined,copper,soybeans,8,0.0011632987693682892
vix,combined,copper,soybeans,9,0.0011635682796891022
vix,combined,copper,soybeans,10,0.001163611686785918
vix,combined,copper,soybeans,11,0.0011636110056890132
vix,combined,copper,soybeans,12,0.001163612681941873
vix,combined,copper,soybeans,13,0.001163612681941873
vix,combined,copper,soybeans,14,0.001163612681941873
vix,combined,copper,soybeans,15,0.001163612681941873
vix,combined,copper,soybeans,16,0.001163612681941873
vix,combined,copper,soybeans,17,0.001163612681941873
vix,combined,copper,soybeans,18,0.001163612681941873
vix,combined,copper,soybeans,19,0.001163612681941873
vix,combined,copper,soybeans,20,0.001163612681941873
vix,combined,copper,soybeans,21,0.001163612681941873
vix,combined,copper,soybeans,22,0.001163612681941873
vix,combined,copper,soybeans,23,0.001163612681941873
vix,combined,copper,soybeans,24,0.001163612681941873
vix,combined,copper,sugar_wld,1,0
vix,combined,copper,sugar_wld,2,0
vix,combined,copper,sugar_wld,3,7.900834538442862e-5
vix,combined,copper,sugar_wld,4,9.740391180286146e-5
vix,combined,copper,sugar_wld,5,9.846837911275401e-5
vix,combined,copper,sugar_wld,6,1.1099322744404676e-4
vix,combined,copper,sugar_wld,7,1.2363505026323404e-4
vix,combined,copper,sugar_wld,8,1.2698298382041824e-4
vix,combined,copper,sugar_wld,9,1.2721348857459326e-4
vix,combined,copper,sugar_wld,10,1.27221618657012e-4
vix,combined,copper,sugar_wld,11,1.2725455181942762e-4
vix,combined,copper,sugar_wld,12,1.272661948444277e-4
vix,combined,copper,sugar_wld,13,1.272661948444277e-4
vix,combined,copper,sugar_wld,14,1.272661948444277e-4
vix,combined,copper,sugar_wld,15,1.272661948444277e-4
vix,combined,copper,sugar_wld,16,1.272661948444277e-4
vix,combined,copper,sugar_wld,17,1.272661948444277e-4
vix,combined,copper,sugar_wld,18,1.272661948444277e-4
vix,combined,copper,sugar_wld,19,1.272661948444277e-4
vix,combined,copper,sugar_wld,20,1.272661948444277e-4
vix,combined,copper,sugar_wld,21,1.272661948444277e-4
vix,combined,copper,sugar_wld,22,1.272661948444277e-4
vix,combined,copper,sugar_wld,23,1.272661948444277e-4
vix,combined,copper,sugar_wld,24,1.272661948444277e-4
vix,combined,copper,tin,1,0
vix,combined,copper,tin,2,0
vix,combined,copper,tin,3,1.1596407301182222e-4
vix,combined,copper,tin,4,1.4538440235008218e-4
vix,combined,copper,tin,5,2.3795553411257213e-4
vix,combined,copper,tin,6,2.625510920571204e-4
vix,combined,copper,tin,7,2.6273150848899737e-4
vix,combined,copper,tin,8,2.642714477126925e-4
vix,combined,copper,tin,9,2.658031486076694e-4
vix,combined,copper,tin,10,2.6633872003497535e-4
vix,combined,copper,tin,11,2.6643623430391844e-4
vix,combined,copper,tin,12,2.6644569583884583e-4
vix,combined,copper,tin,13,2.6644569583884583e-4
vix,combined,copper,tin,14,2.6644569583884583e-4
vix,combined,copper,tin,15,2.6644569583884583e-4
vix,combined,copper,tin,16,2.6644569583884583e-4
vix,combined,copper,tin,17,2.6644569583884583e-4
vix,combined,copper,tin,18,2.6644569583884583e-4
vix,combined,copper,tin,19,2.6644569583884583e-4
vix,combined,copper,tin,20,2.6644569583884583e-4
vix,combined,copper,tin,21,2.6644569583884583e-4
vix,combined,copper,tin,22,2.6644569583884583e-4
vix,combined,copper,tin,23,2.6644569583884583e-4
vix,combined,copper,tin,24,2.6644569583884583e-4
vix,combined,copper,wheat_us_hrw,1,0
vix,combined,copper,wheat_us_hrw,2,0
vix,combined,copper,wheat_us_hrw,3,0.001103073878566921
vix,combined,copper,wheat_us_hrw,4,0.001082696974852004
vix,combined,copper,wheat_us_hrw,5,0.0010798083066980097
vix,combined,copper,wheat_us_hrw,6,0.0010792719115895254
vix,combined,copper,wheat_us_hrw,7,0.0010810300921435467
vix,combined,copper,wheat_us_hrw,8,0.0010831385660576575
vix,combined,copper,wheat_us_hrw,9,0.0010839308932777383
vix,combined,copper,wheat_us_hrw,10,0.0010840333001183075
vix,combined,copper,wheat_us_hrw,11,0.001084032787383815
vix,combined,copper,wheat_us_hrw,12,0.0010840374563685239
vix,combined,copper,wheat_us_hrw,13,0.0010840374563685239
vix,combined,copper,wheat_us_hrw,14,0.0010840374563685239
vix,combined,copper,wheat_us_hrw,15,0.0010840374563685239
vix,combined,copper,wheat_us_hrw,16,0.0010840374563685239
vix,combined,copper,wheat_us_hrw,17,0.0010840374563685239
vix,combined,copper,wheat_us_hrw,18,0.0010840374563685239
vix,combined,copper,wheat_us_hrw,19,0.0010840374563685239
vix,combined,copper,wheat_us_hrw,20,0.0010840374563685239
vix,combined,copper,wheat_us_hrw,21,0.0010840374563685239
vix,combined,copper,wheat_us_hrw,22,0.0010840374563685239
vix,combined,copper,wheat_us_hrw,23,0.0010840374563685239
vix,combined,copper,wheat_us_hrw,24,0.0010840374563685239
vix,combined,copper,zinc,1,0
vix,combined,copper,zinc,2,0
vix,combined,copper,zinc,3,2.1984320481167744e-4
vix,combined,copper,zinc,4,4.172615292752894e-4
vix,combined,copper,zinc,5,5.628964281780556e-4
vix,combined,copper,zinc,6,5.818877875746613e-4
vix,combined,copper,zinc,7,5.860368573318694e-4
vix,combined,copper,zinc,8,5.872103181939676e-4
vix,combined,copper,zinc,9,5.873836554851437e-4
vix,combined,copper,zinc,10,5.873854229882969e-4
vix,combined,copper,zinc,11,5.873889200024931e-4
vix,combined,copper,zinc,12,5.873938517344901e-4
vix,combined,copper,zinc,13,5.873938517344901e-4
vix,combined,copper,zinc,14,5.873938517344901e-4
vix,combined,copper,zinc,15,5.873938517344901e-4
vix,combined,copper,zinc,16,5.873938517344901e-4
vix,combined,copper,zinc,17,5.873938517344901e-4
vix,combined,copper,zinc,18,5.873938517344901e-4
vix,combined,copper,zinc,19,5.873938517344901e-4
vix,combined,copper,zinc,20,5.873938517344901e-4
vix,combined,copper,zinc,21,5.873938517344901e-4
vix,combined,copper,zinc,22,5.873938517344901e-4
vix,combined,copper,zinc,23,5.873938517344901e-4
vix,combined,copper,zinc,24,5.873938517344901e-4
vix,combined,cotton_a_indx,aluminium,1,0
vix,combined,cotton_a_indx,aluminium,2,0
vix,combined,cotton_a_indx,aluminium,3,0.012245201432201874
vix,combined,cotton_a_indx,aluminium,4,0.015335737612471773
vix,combined,cotton_a_indx,aluminium,5,0.016159667532746665
vix,combined,cotton_a_indx,aluminium,6,0.016321819396316696
vix,combined,cotton_a_indx,aluminium,7,0.016345473428708634
vix,combined,cotton_a_indx,aluminium,8,0.016348584550935682
vix,combined,cotton_a_indx,aluminium,9,0.01634904515543146
vix,combined,cotton_a_indx,aluminium,10,0.01634914247729638
vix,combined,cotton_a_indx,aluminium,11,0.01634917311373671
vix,combined,cotton_a_indx,aluminium,12,0.016349183798715385
vix,combined,cotton_a_indx,aluminium,13,0.016349183798715385
vix,combined,cotton_a_indx,aluminium,14,0.016349183798715385
vix,combined,cotton_a_indx,aluminium,15,0.016349183798715385
vix,combined,cotton_a_indx,aluminium,16,0.016349183798715385
vix,combined,cotton_a_indx,aluminium,17,0.016349183798715385
vix,combined,cotton_a_indx,aluminium,18,0.016349183798715385
vix,combined,cotton_a_indx,aluminium,19,0.016349183798715385
vix,combined,cotton_a_indx,aluminium,20,0.016349183798715385
vix,combined,cotton_a_indx,aluminium,21,0.016349183798715385
vix,combined,cotton_a_indx,aluminium,22,0.016349183798715385
vix,combined,cotton_a_indx,aluminium,23,0.016349183798715385
vix,combined,cotton_a_indx,aluminium,24,0.016349183798715385
vix,combined,cotton_a_indx,cocoa,1,0
vix,combined,cotton_a_indx,cocoa,2,0
vix,combined,cotton_a_indx,cocoa,3,7.546017258363416e-6
vix,combined,cotton_a_indx,cocoa,4,7.5197309454584e-5
vix,combined,cotton_a_indx,cocoa,5,7.440645401256193e-5
vix,combined,cotton_a_indx,cocoa,6,7.432923170969222e-5
vix,combined,cotton_a_indx,cocoa,7,7.431192768364473e-5
vix,combined,cotton_a_indx,cocoa,8,7.432952634845347e-5
vix,combined,cotton_a_indx,cocoa,9,7.440394897714231e-5
vix,combined,cotton_a_indx,cocoa,10,7.445010304396796e-5
vix,combined,cotton_a_indx,cocoa,11,7.446457154454261e-5
vix,combined,cotton_a_indx,cocoa,12,7.446775587335875e-5
vix,combined,cotton_a_indx,cocoa,13,7.446775587335875e-5
vix,combined,cotton_a_indx,cocoa,14,7.446775587335875e-5
vix,combined,cotton_a_indx,cocoa,15,7.446775587335875e-5
vix,combined,cotton_a_indx,cocoa,16,7.446775587335875e-5
vix,combined,cotton_a_indx,cocoa,17,7.446775587335875e-5
vix,combined,cotton_a_indx,cocoa,18,7.446775587335875e-5
vix,combined,cotton_a_indx,cocoa,19,7.446775587335875e-5
vix,combined,cotton_a_indx,cocoa,20,7.446775587335875e-5
vix,combined,cotton_a_indx,cocoa,21,7.446775587335875e-5
vix,combined,cotton_a_indx,cocoa,22,7.446775587335875e-5
vix,combined,cotton_a_indx,cocoa,23,7.446775587335875e-5
vix,combined,cotton_a_indx,cocoa,24,7.446775587335875e-5
vix,combined,cotton_a_indx,coffee_arabic,1,0
vix,combined,cotton_a_indx,coffee_arabic,2,0
vix,combined,cotton_a_indx,coffee_arabic,3,4.6639040809493356e-4
vix,combined,cotton_a_indx,coffee_arabic,4,5.999577374316916e-4
vix,combined,cotton_a_indx,coffee_arabic,5,6.643700113264224e-4
vix,combined,cotton_a_indx,coffee_arabic,6,6.727859847651276e-4
vix,combined,cotton_a_indx,coffee_arabic,7,6.724121263738112e-4
vix,combined,cotton_a_indx,coffee_arabic,8,6.733224278005504e-4
vix,combined,cotton_a_indx,coffee_arabic,9,6.740182841965734e-4
vix,combined,cotton_a_indx,coffee_arabic,10,6.742187212536236e-4
vix,combined,cotton_a_indx,coffee_arabic,11,6.742461402324768e-4
vix,combined,cotton_a_indx,coffee_arabic,12,6.742473680403113e-4
vix,combined,cotton_a_indx,coffee_arabic,13,6.742473680403113e-4
vix,combined,cotton_a_indx,coffee_arabic,14,6.742473680403113e-4
vix,combined,cotton_a_indx,coffee_arabic,15,6.742473680403113e-4
vix,combined,cotton_a_indx,coffee_arabic,16,6.742473680403113e-4
vix,combined,cotton_a_indx,coffee_arabic,17,6.742473680403113e-4
vix,combined,cotton_a_indx,coffee_arabic,18,6.742473680403113e-4
vix,combined,cotton_a_indx,coffee_arabic,19,6.742473680403113e-4
vix,combined,cotton_a_indx,coffee_arabic,20,6.742473680403113e-4
vix,combined,cotton_a_indx,coffee_arabic,21,6.742473680403113e-4
vix,combined,cotton_a_indx,coffee_arabic,22,6.742473680403113e-4
vix,combined,cotton_a_indx,coffee_arabic,23,6.742473680403113e-4
vix,combined,cotton_a_indx,coffee_arabic,24,6.742473680403113e-4
vix,combined,cotton_a_indx,copper,1,0
vix,combined,cotton_a_indx,copper,2,0
vix,combined,cotton_a_indx,copper,3,5.4451677713090864e-5
vix,combined,cotton_a_indx,copper,4,0.0025593944541678786
vix,combined,cotton_a_indx,copper,5,0.004149263775543094
vix,combined,cotton_a_indx,copper,6,0.00457415096138927
vix,combined,cotton_a_indx,copper,7,0.004630451213000663
vix,combined,cotton_a_indx,copper,8,0.004634288270311746
vix,combined,cotton_a_indx,copper,9,0.004634445195091078
vix,combined,cotton_a_indx,copper,10,0.004634490715637114
vix,combined,cotton_a_indx,copper,11,0.004634532910510159
vix,combined,cotton_a_indx,copper,12,0.004634551757682939
vix,combined,cotton_a_indx,copper,13,0.004634551757682939
vix,combined,cotton_a_indx,copper,14,0.004634551757682939
vix,combined,cotton_a_indx,copper,15,0.004634551757682939
vix,combined,cotton_a_indx,copper,16,0.004634551757682939
vix,combined,cotton_a_indx,copper,17,0.004634551757682939
vix,combined,cotton_a_indx,copper,18,0.004634551757682939
vix,combined,cotton_a_indx,copper,19,0.004634551757682939
vix,combined,cotton_a_indx,copper,20,0.004634551757682939
vix,combined,cotton_a_indx,copper,21,0.004634551757682939
vix,combined,cotton_a_indx,copper,22,0.004634551757682939
vix,combined,cotton_a_indx,copper,23,0.004634551757682939
vix,combined,cotton_a_indx,copper,24,0.004634551757682939
vix,combined,cotton_a_indx,cotton_a_indx,1,0
vix,combined,cotton_a_indx,cotton_a_indx,2,1
vix,combined,cotton_a_indx,cotton_a_indx,3,0.9418654161765634
vix,combined,cotton_a_indx,cotton_a_indx,4,0.9199096629617126
vix,combined,cotton_a_indx,cotton_a_indx,5,0.9124478532249441
vix,combined,cotton_a_indx,cotton_a_indx,6,0.9104934351103717
vix,combined,cotton_a_indx,cotton_a_indx,7,0.9100727362867329
vix,combined,cotton_a_indx,cotton_a_indx,8,0.9099859575482047
vix,combined,cotton_a_indx,cotton_a_indx,9,0.9099672217632354
vix,combined,cotton_a_indx,cotton_a_indx,10,0.9099630619117081
vix,combined,cotton_a_indx,cotton_a_indx,11,0.9099621081763067
vix,combined,cotton_a_indx,cotton_a_indx,12,0.9099618580461307
vix,combined,cotton_a_indx,cotton_a_indx,13,0.9099618580461307
vix,combined,cotton_a_indx,cotton_a_indx,14,0.9099618580461307
vix,combined,cotton_a_indx,cotton_a_indx,15,0.9099618580461307
vix,combined,cotton_a_indx,cotton_a_indx,16,0.9099618580461307
vix,combined,cotton_a_indx,cotton_a_indx,17,0.9099618580461307
vix,combined,cotton_a_indx,cotton_a_indx,18,0.9099618580461307
vix,combined,cotton_a_indx,cotton_a_indx,19,0.9099618580461307
vix,combined,cotton_a_indx,cotton_a_indx,20,0.9099618580461307
vix,combined,cotton_a_indx,cotton_a_indx,21,0.9099618580461307
vix,combined,cotton_a_indx,cotton_a_indx,22,0.9099618580461307
vix,combined,cotton_a_indx,cotton_a_indx,23,0.9099618580461307
vix,combined,cotton_a_indx,cotton_a_indx,24,0.9099618580461307
vix,combined,cotton_a_indx,crude_wti,1,0
vix,combined,cotton_a_indx,crude_wti,2,0
vix,combined,cotton_a_indx,crude_wti,3,0.00446041403270832
vix,combined,cotton_a_indx,crude_wti,4,0.007368186274458246
vix,combined,cotton_a_indx,crude_wti,5,0.008696113016739523
vix,combined,cotton_a_indx,crude_wti,6,0.009054895111708969
vix,combined,cotton_a_indx,crude_wti,7,0.009134532771760793
vix,combined,cotton_a_indx,crude_wti,8,0.009152451683137898
vix,combined,cotton_a_indx,crude_wti,9,0.009156699012298148
vix,combined,cotton_a_indx,crude_wti,10,0.00915773848910305
vix,combined,cotton_a_indx,crude_wti,11,0.009157994365292764
vix,combined,cotton_a_indx,crude_wti,12,0.00915805582544621
vix,combined,cotton_a_indx,crude_wti,13,0.00915805582544621
vix,combined,cotton_a_indx,crude_wti,14,0.00915805582544621
vix,combined,cotton_a_indx,crude_wti,15,0.00915805582544621
vix,combined,cotton_a_indx,crude_wti,16,0.00915805582544621
vix,combined,cotton_a_indx,crude_wti,17,0.00915805582544621
vix,combined,cotton_a_indx,crude_wti,18,0.00915805582544621
vix,combined,cotton_a_indx,crude_wti,19,0.00915805582544621
vix,combined,cotton_a_indx,crude_wti,20,0.00915805582544621
vix,combined,cotton_a_indx,crude_wti,21,0.00915805582544621
vix,combined,cotton_a_indx,crude_wti,22,0.00915805582544621
vix,combined,cotton_a_indx,crude_wti,23,0.00915805582544621
vix,combined,cotton_a_indx,crude_wti,24,0.00915805582544621
vix,combined,cotton_a_indx,gold,1,0
vix,combined,cotton_a_indx,gold,2,0
vix,combined,cotton_a_indx,gold,3,1.4341553549435785e-4
vix,combined,cotton_a_indx,gold,4,6.24131211704399e-4
vix,combined,cotton_a_indx,gold,5,9.131320108722422e-4
vix,combined,cotton_a_indx,gold,6,0.0010715656093367282
vix,combined,cotton_a_indx,gold,7,0.001125586282793651
vix,combined,cotton_a_indx,gold,8,0.0011358320189523371
vix,combined,cotton_a_indx,gold,9,0.0011367752804281137
vix,combined,cotton_a_indx,gold,10,0.001136800289039297
vix,combined,cotton_a_indx,gold,11,0.0011367994200776874
vix,combined,cotton_a_indx,gold,12,0.001136801507765343
vix,combined,cotton_a_indx,gold,13,0.001136801507765343
vix,combined,cotton_a_indx,gold,14,0.001136801507765343
vix,combined,cotton_a_indx,gold,15,0.001136801507765343
vix,combined,cotton_a_indx,gold,16,0.001136801507765343
vix,combined,cotton_a_indx,gold,17,0.001136801507765343
vix,combined,cotton_a_indx,gold,18,0.001136801507765343
vix,combined,cotton_a_indx,gold,19,0.001136801507765343
vix,combined,cotton_a_indx,gold,20,0.001136801507765343
vix,combined,cotton_a_indx,gold,21,0.001136801507765343
vix,combined,cotton_a_indx,gold,22,0.001136801507765343
vix,combined,cotton_a_indx,gold,23,0.001136801507765343
vix,combined,cotton_a_indx,gold,24,0.001136801507765343
vix,combined,cotton_a_indx,lead,1,0
vix,combined,cotton_a_indx,lead,2,0
vix,combined,cotton_a_indx,lead,3,8.756338795398711e-4
vix,combined,cotton_a_indx,lead,4,0.0032672875858135554
vix,combined,cotton_a_indx,lead,5,0.0045976770669173194
vix,combined,cotton_a_indx,lead,6,0.005021795338271643
vix,combined,cotton_a_indx,lead,7,0.005109837190457199
vix,combined,cotton_a_indx,lead,8,0.005121284582055977
vix,combined,cotton_a_indx,lead,9,0.005122104074180623
vix,combined,cotton_a_indx,lead,10,0.005122120684510393
vix,combined,cotton_a_indx,lead,11,0.0051221177271611835
vix,combined,cotton_a_indx,lead,12,0.005122118164210162
vix,combined,cotton_a_indx,lead,13,0.005122118164210162
vix,combined,cotton_a_indx,lead,14,0.005122118164210162
vix,combined,cotton_a_indx,lead,15,0.005122118164210162
vix,combined,cotton_a_indx,lead,16,0.005122118164210162
vix,combined,cotton_a_indx,lead,17,0.005122118164210162
vix,combined,cotton_a_indx,lead,18,0.005122118164210162
vix,combined,cotton_a_indx,lead,19,0.005122118164210162
vix,combined,cotton_a_indx,lead,20,0.005122118164210162
vix,combined,cotton_a_indx,lead,21,0.005122118164210162
vix,combined,cotton_a_indx,lead,22,0.005122118164210162
vix,combined,cotton_a_indx,lead,23,0.005122118164210162
vix,combined,cotton_a_indx,lead,24,0.005122118164210162
vix,combined,cotton_a_indx,maize,1,0
vix,combined,cotton_a_indx,maize,2,0
vix,combined,cotton_a_indx,maize,3,0.007810884425665276
vix,combined,cotton_a_indx,maize,4,0.008058516277379654
vix,combined,cotton_a_indx,maize,5,0.008063790772167422
vix,combined,cotton_a_indx,maize,6,0.00806332583407904
vix,combined,cotton_a_indx,maize,7,0.008063006264227462
vix,combined,cotton_a_indx,maize,8,0.008063199150030866
vix,combined,cotton_a_indx,maize,9,0.008063452443365988
vix,combined,cotton_a_indx,maize,10,0.008063608946045176
vix,combined,cotton_a_indx,maize,11,0.008063681854873384
vix,combined,cotton_a_indx,maize,12,0.008063711241521544
vix,combined,cotton_a_indx,maize,13,0.008063711241521544
vix,combined,cotton_a_indx,maize,14,0.008063711241521544
vix,combined,cotton_a_indx,maize,15,0.008063711241521544
vix,combined,cotton_a_indx,maize,16,0.008063711241521544
vix,combined,cotton_a_indx,maize,17,0.008063711241521544
vix,combined,cotton_a_indx,maize,18,0.008063711241521544
vix,combined,cotton_a_indx,maize,19,0.008063711241521544
vix,combined,cotton_a_indx,maize,20,0.008063711241521544
vix,combined,cotton_a_indx,maize,21,0.008063711241521544
vix,combined,cotton_a_indx,maize,22,0.008063711241521544
vix,combined,cotton_a_indx,maize,23,0.008063711241521544
vix,combined,cotton_a_indx,maize,24,0.008063711241521544
vix,combined,cotton_a_indx,ngas_us,1,0
vix,combined,cotton_a_indx,ngas_us,2,0
vix,combined,cotton_a_indx,ngas_us,3,2.7926181013482684e-4
vix,combined,cotton_a_indx,ngas_us,4,3.60958632690238e-4
vix,combined,cotton_a_indx,ngas_us,5,3.904284270642858e-4
vix,combined,cotton_a_indx,ngas_us,6,3.948386772227302e-4
vix,combined,cotton_a_indx,ngas_us,7,3.948753558367762e-4
vix,combined,cotton_a_indx,ngas_us,8,3.9486895001314073e-4
vix,combined,cotton_a_indx,ngas_us,9,3.9497663125298094e-4
vix,combined,cotton_a_indx,ngas_us,10,3.9503773769873754e-4
vix,combined,cotton_a_indx,ngas_us,11,3.950523380859841e-4
vix,combined,cotton_a_indx,ngas_us,12,3.9505380153417543e-4
vix,combined,cotton_a_indx,ngas_us,13,3.9505380153417543e-4
vix,combined,cotton_a_indx,ngas_us,14,3.9505380153417543e-4
vix,combined,cotton_a_indx,ngas_us,15,3.9505380153417543e-4
vix,combined,cotton_a_indx,ngas_us,16,3.9505380153417543e-4
vix,combined,cotton_a_indx,ngas_us,17,3.9505380153417543e-4
vix,combined,cotton_a_indx,ngas_us,18,3.9505380153417543e-4
vix,combined,cotton_a_indx,ngas_us,19,3.9505380153417543e-4
vix,combined,cotton_a_indx,ngas_us,20,3.9505380153417543e-4
vix,combined,cotton_a_indx,ngas_us,21,3.9505380153417543e-4
vix,combined,cotton_a_indx,ngas_us,22,3.9505380153417543e-4
vix,combined,cotton_a_indx,ngas_us,23,3.9505380153417543e-4
vix,combined,cotton_a_indx,ngas_us,24,3.9505380153417543e-4
vix,combined,cotton_a_indx,nickel,1,0
vix,combined,cotton_a_indx,nickel,2,0
vix,combined,cotton_a_indx,nickel,3,6.406539559711292e-4
vix,combined,cotton_a_indx,nickel,4,6.139935239777814e-4
vix,combined,cotton_a_indx,nickel,5,6.089102876041836e-4
vix,combined,cotton_a_indx,nickel,6,6.139455283184361e-4
vix,combined,cotton_a_indx,nickel,7,6.209978482240036e-4
vix,combined,cotton_a_indx,nickel,8,6.247297611974182e-4
vix,combined,cotton_a_indx,nickel,9,6.257033765717142e-4
vix,combined,cotton_a_indx,nickel,10,6.258216327781401e-4
vix,combined,cotton_a_indx,nickel,11,6.258246831863806e-4
vix,combined,cotton_a_indx,nickel,12,6.258245903299369e-4
vix,combined,cotton_a_indx,nickel,13,6.258245903299369e-4
vix,combined,cotton_a_indx,nickel,14,6.258245903299369e-4
vix,combined,cotton_a_indx,nickel,15,6.258245903299369e-4
vix,combined,cotton_a_indx,nickel,16,6.258245903299369e-4
vix,combined,cotton_a_indx,nickel,17,6.258245903299369e-4
vix,combined,cotton_a_indx,nickel,18,6.258245903299369e-4
vix,combined,cotton_a_indx,nickel,19,6.258245903299369e-4
vix,combined,cotton_a_indx,nickel,20,6.258245903299369e-4
vix,combined,cotton_a_indx,nickel,21,6.258245903299369e-4
vix,combined,cotton_a_indx,nickel,22,6.258245903299369e-4
vix,combined,cotton_a_indx,nickel,23,6.258245903299369e-4
vix,combined,cotton_a_indx,nickel,24,6.258245903299369e-4
vix,combined,cotton_a_indx,platinum,1,0
vix,combined,cotton_a_indx,platinum,2,0
vix,combined,cotton_a_indx,platinum,3,0.006947186518240822
vix,combined,cotton_a_indx,platinum,4,0.00709521760286626
vix,combined,cotton_a_indx,platinum,5,0.007022293394502086
vix,combined,cotton_a_indx,platinum,6,0.0070036458591617836
vix,combined,cotton_a_indx,platinum,7,0.006999765620571455
vix,combined,cotton_a_indx,platinum,8,0.006999045110332264
vix,combined,cotton_a_indx,platinum,9,0.006998898713091765
vix,combined,cotton_a_indx,platinum,10,0.006998867816397423
vix,combined,cotton_a_indx,platinum,11,0.006998866076806683
vix,combined,cotton_a_indx,platinum,12,0.006998871316057315
vix,combined,cotton_a_indx,platinum,13,0.006998871316057315
vix,combined,cotton_a_indx,platinum,14,0.006998871316057315
vix,combined,cotton_a_indx,platinum,15,0.006998871316057315
vix,combined,cotton_a_indx,platinum,16,0.006998871316057315
vix,combined,cotton_a_indx,platinum,17,0.006998871316057315
vix,combined,cotton_a_indx,platinum,18,0.006998871316057315
vix,combined,cotton_a_indx,platinum,19,0.006998871316057315
vix,combined,cotton_a_indx,platinum,20,0.006998871316057315
vix,combined,cotton_a_indx,platinum,21,0.006998871316057315
vix,combined,cotton_a_indx,platinum,22,0.006998871316057315
vix,combined,cotton_a_indx,platinum,23,0.006998871316057315
vix,combined,cotton_a_indx,platinum,24,0.006998871316057315
vix,combined,cotton_a_indx,silver,1,0
vix,combined,cotton_a_indx,silver,2,0
vix,combined,cotton_a_indx,silver,3,0.013748245375617042
vix,combined,cotton_a_indx,silver,4,0.014316901891556563
vix,combined,cotton_a_indx,silver,5,0.014154023783555687
vix,combined,cotton_a_indx,silver,6,0.014151582118681269
vix,combined,cotton_a_indx,silver,7,0.014166607249586575
vix,combined,cotton_a_indx,silver,8,0.01417022392585181
vix,combined,cotton_a_indx,silver,9,0.014170426056704393
vix,combined,cotton_a_indx,silver,10,0.014170383262901699
vix,combined,cotton_a_indx,silver,11,0.014170374851361852
vix,combined,cotton_a_indx,silver,12,0.014170381175630646
vix,combined,cotton_a_indx,silver,13,0.014170381175630646
vix,combined,cotton_a_indx,silver,14,0.014170381175630646
vix,combined,cotton_a_indx,silver,15,0.014170381175630646
vix,combined,cotton_a_indx,silver,16,0.014170381175630646
vix,combined,cotton_a_indx,silver,17,0.014170381175630646
vix,combined,cotton_a_indx,silver,18,0.014170381175630646
vix,combined,cotton_a_indx,silver,19,0.014170381175630646
vix,combined,cotton_a_indx,silver,20,0.014170381175630646
vix,combined,cotton_a_indx,silver,21,0.014170381175630646
vix,combined,cotton_a_indx,silver,22,0.014170381175630646
vix,combined,cotton_a_indx,silver,23,0.014170381175630646
vix,combined,cotton_a_indx,silver,24,0.014170381175630646
vix,combined,cotton_a_indx,soybeans,1,0
vix,combined,cotton_a_indx,soybeans,2,0
vix,combined,cotton_a_indx,soybeans,3,9.986425392363065e-4
vix,combined,cotton_a_indx,soybeans,4,0.002750520781034599
vix,combined,cotton_a_indx,soybeans,5,0.0033369170937966506
vix,combined,cotton_a_indx,soybeans,6,0.003446050986310687
vix,combined,cotton_a_indx,soybeans,7,0.0034564825375415394
vix,combined,cotton_a_indx,soybeans,8,0.0034567329338979413
vix,combined,cotton_a_indx,soybeans,9,0.003456684282204191
vix,combined,cotton_a_indx,soybeans,10,0.003456697922735213
vix,combined,cotton_a_indx,soybeans,11,0.003456731572312184
vix,combined,cotton_a_indx,soybeans,12,0.0034567533149566557
vix,combined,cotton_a_indx,soybeans,13,0.0034567533149566557
vix,combined,cotton_a_indx,soybeans,14,0.0034567533149566557
vix,combined,cotton_a_indx,soybeans,15,0.0034567533149566557
vix,combined,cotton_a_indx,soybeans,16,0.0034567533149566557
vix,combined,cotton_a_indx,soybeans,17,0.0034567533149566557
vix,combined,cotton_a_indx,soybeans,18,0.0034567533149566557
vix,combined,cotton_a_indx,soybeans,19,0.0034567533149566557
vix,combined,cotton_a_indx,soybeans,20,0.0034567533149566557
vix,combined,cotton_a_indx,soybeans,21,0.0034567533149566557
vix,combined,cotton_a_indx,soybeans,22,0.0034567533149566557
vix,combined,cotton_a_indx,soybeans,23,0.0034567533149566557
vix,combined,cotton_a_indx,soybeans,24,0.0034567533149566557
vix,combined,cotton_a_indx,sugar_wld,1,0
vix,combined,cotton_a_indx,sugar_wld,2,0
vix,combined,cotton_a_indx,sugar_wld,3,0.0013482010723862865
vix,combined,cotton_a_indx,sugar_wld,4,0.0015425283420314713
vix,combined,cotton_a_indx,sugar_wld,5,0.0015404753709981778
vix,combined,cotton_a_indx,sugar_wld,6,0.0015431933926233076
vix,combined,cotton_a_indx,sugar_wld,7,0.0015546416808478788
vix,combined,cotton_a_indx,sugar_wld,8,0.00155910639023858
vix,combined,cotton_a_indx,sugar_wld,9,0.0015598634250877524
vix,combined,cotton_a_indx,sugar_wld,10,0.0015599254546170358
vix,combined,cotton_a_indx,sugar_wld,11,0.0015599290222597137
vix,combined,cotton_a_indx,sugar_wld,12,0.0015599311408331237
vix,combined,cotton_a_indx,sugar_wld,13,0.0015599311408331237
vix,combined,cotton_a_indx,sugar_wld,14,0.0015599311408331237
vix,combined,cotton_a_indx,sugar_wld,15,0.0015599311408331237
vix,combined,cotton_a_indx,sugar_wld,16,0.0015599311408331237
vix,combined,cotton_a_indx,sugar_wld,17,0.0015599311408331237
vix,combined,cotton_a_indx,sugar_wld,18,0.0015599311408331237
vix,combined,cotton_a_indx,sugar_wld,19,0.0015599311408331237
vix,combined,cotton_a_indx,sugar_wld,20,0.0015599311408331237
vix,combined,cotton_a_indx,sugar_wld,21,0.0015599311408331237
vix,combined,cotton_a_indx,sugar_wld,22,0.0015599311408331237
vix,combined,cotton_a_indx,sugar_wld,23,0.0015599311408331237
vix,combined,cotton_a_indx,sugar_wld,24,0.0015599311408331237
vix,combined,cotton_a_indx,tin,1,0
vix,combined,cotton_a_indx,tin,2,0
vix,combined,cotton_a_indx,tin,3,9.443005937389483e-4
vix,combined,cotton_a_indx,tin,4,0.0015449112280089808
vix,combined,cotton_a_indx,tin,5,0.0017494125595832858
vix,combined,cotton_a_indx,tin,6,0.0018418040429508922
vix,combined,cotton_a_indx,tin,7,0.0018963119140510153
vix,combined,cotton_a_indx,tin,8,0.0019227881112247052
vix,combined,cotton_a_indx,tin,9,0.0019321299046024633
vix,combined,cotton_a_indx,tin,10,0.0019345597140315546
vix,combined,cotton_a_indx,tin,11,0.0019350486626229504
vix,combined,cotton_a_indx,tin,12,0.0019351324250612137
vix,combined,cotton_a_indx,tin,13,0.0019351324250612137
vix,combined,cotton_a_indx,tin,14,0.0019351324250612137
vix,combined,cotton_a_indx,tin,15,0.0019351324250612137
vix,combined,cotton_a_indx,tin,16,0.0019351324250612137
vix,combined,cotton_a_indx,tin,17,0.0019351324250612137
vix,combined,cotton_a_indx,tin,18,0.0019351324250612137
vix,combined,cotton_a_indx,tin,19,0.0019351324250612137
vix,combined,cotton_a_indx,tin,20,0.0019351324250612137
vix,combined,cotton_a_indx,tin,21,0.0019351324250612137
vix,combined,cotton_a_indx,tin,22,0.0019351324250612137
vix,combined,cotton_a_indx,tin,23,0.0019351324250612137
vix,combined,cotton_a_indx,tin,24,0.0019351324250612137
vix,combined,cotton_a_indx,wheat_us_hrw,1,0
vix,combined,cotton_a_indx,wheat_us_hrw,2,0
vix,combined,cotton_a_indx,wheat_us_hrw,3,0.0019449199510932428
vix,combined,cotton_a_indx,wheat_us_hrw,4,0.0033357866166736066
vix,combined,cotton_a_indx,wheat_us_hrw,5,0.0036185431847994293
vix,combined,cotton_a_indx,wheat_us_hrw,6,0.003654809825590298
vix,combined,cotton_a_indx,wheat_us_hrw,7,0.0036549805962691993
vix,combined,cotton_a_indx,wheat_us_hrw,8,0.003654621376799866
vix,combined,cotton_a_indx,wheat_us_hrw,9,0.0036546729649980167
vix,combined,cotton_a_indx,wheat_us_hrw,10,0.0036546651513200395
vix,combined,cotton_a_indx,wheat_us_hrw,11,0.003654662597921509
vix,combined,cotton_a_indx,wheat_us_hrw,12,0.003654668936352913
vix,combined,cotton_a_indx,wheat_us_hrw,13,0.003654668936352913
vix,combined,cotton_a_indx,wheat_us_hrw,14,0.003654668936352913
vix,combined,cotton_a_indx,wheat_us_hrw,15,0.003654668936352913
vix,combined,cotton_a_indx,wheat_us_hrw,16,0.003654668936352913
vix,combined,cotton_a_indx,wheat_us_hrw,17,0.003654668936352913
vix,combined,cotton_a_indx,wheat_us_hrw,18,0.003654668936352913
vix,combined,cotton_a_indx,wheat_us_hrw,19,0.003654668936352913
vix,combined,cotton_a_indx,wheat_us_hrw,20,0.003654668936352913
vix,combined,cotton_a_indx,wheat_us_hrw,21,0.003654668936352913
vix,combined,cotton_a_indx,wheat_us_hrw,22,0.003654668936352913
vix,combined,cotton_a_indx,wheat_us_hrw,23,0.003654668936352913
vix,combined,cotton_a_indx,wheat_us_hrw,24,0.003654668936352913
vix,combined,cotton_a_indx,zinc,1,0
vix,combined,cotton_a_indx,zinc,2,0
vix,combined,cotton_a_indx,zinc,3,0.005219234598341843
vix,combined,cotton_a_indx,zinc,4,0.010641109956565932
vix,combined,cotton_a_indx,zinc,5,0.01181272203282684
vix,combined,cotton_a_indx,zinc,6,0.012002026991191675
vix,combined,cotton_a_indx,zinc,7,0.01202698970533275
vix,combined,cotton_a_indx,zinc,8,0.012028633682666262
vix,combined,cotton_a_indx,zinc,9,0.012028479488282118
vix,combined,cotton_a_indx,zinc,10,0.012028408969883286
vix,combined,cotton_a_indx,zinc,11,0.01202839191570693
vix,combined,cotton_a_indx,zinc,12,0.012028387833857842
vix,combined,cotton_a_indx,zinc,13,0.012028387833857842
vix,combined,cotton_a_indx,zinc,14,0.012028387833857842
vix,combined,cotton_a_indx,zinc,15,0.012028387833857842
vix,combined,cotton_a_indx,zinc,16,0.012028387833857842
vix,combined,cotton_a_indx,zinc,17,0.012028387833857842
vix,combined,cotton_a_indx,zinc,18,0.012028387833857842
vix,combined,cotton_a_indx,zinc,19,0.012028387833857842
vix,combined,cotton_a_indx,zinc,20,0.012028387833857842
vix,combined,cotton_a_indx,zinc,21,0.012028387833857842
vix,combined,cotton_a_indx,zinc,22,0.012028387833857842
vix,combined,cotton_a_indx,zinc,23,0.012028387833857842
vix,combined,cotton_a_indx,zinc,24,0.012028387833857842
vix,combined,crude_wti,aluminium,1,0
vix,combined,crude_wti,aluminium,2,0
vix,combined,crude_wti,aluminium,3,0.0019685965846949626
vix,combined,crude_wti,aluminium,4,0.0022555700625413845
vix,combined,crude_wti,aluminium,5,0.002566866744565774
vix,combined,crude_wti,aluminium,6,0.0026445380381175227
vix,combined,crude_wti,aluminium,7,0.00266166910865346
vix,combined,crude_wti,aluminium,8,0.0026648554507593407
vix,combined,crude_wti,aluminium,9,0.0026652994649306217
vix,combined,crude_wti,aluminium,10,0.002665346596226018
vix,combined,crude_wti,aluminium,11,0.0026653515776637864
vix,combined,crude_wti,aluminium,12,0.0026653525564958804
vix,combined,crude_wti,aluminium,13,0.0026653525564958804
vix,combined,crude_wti,aluminium,14,0.0026653525564958804
vix,combined,crude_wti,aluminium,15,0.0026653525564958804
vix,combined,crude_wti,aluminium,16,0.0026653525564958804
vix,combined,crude_wti,aluminium,17,0.0026653525564958804
vix,combined,crude_wti,aluminium,18,0.0026653525564958804
vix,combined,crude_wti,aluminium,19,0.0026653525564958804
vix,combined,crude_wti,aluminium,20,0.0026653525564958804
vix,combined,crude_wti,aluminium,21,0.0026653525564958804
vix,combined,crude_wti,aluminium,22,0.0026653525564958804
vix,combined,crude_wti,aluminium,23,0.0026653525564958804
vix,combined,crude_wti,aluminium,24,0.0026653525564958804
vix,combined,crude_wti,cocoa,1,0
vix,combined,crude_wti,cocoa,2,0
vix,combined,crude_wti,cocoa,3,6.832159090422117e-5
vix,combined,crude_wti,cocoa,4,8.656441020101402e-5
vix,combined,crude_wti,cocoa,5,1.4290225435697115e-4
vix,combined,crude_wti,cocoa,6,1.4867910299568168e-4
vix,combined,crude_wti,cocoa,7,1.4900703072638676e-4
vix,combined,crude_wti,cocoa,8,1.4906965998793693e-4
vix,combined,crude_wti,cocoa,9,1.4910358320134828e-4
vix,combined,crude_wti,cocoa,10,1.4912363618780323e-4
vix,combined,crude_wti,cocoa,11,1.4913254293548095e-4
vix,combined,crude_wti,cocoa,12,1.4913527487965956e-4
vix,combined,crude_wti,cocoa,13,1.4913527487965956e-4
vix,combined,crude_wti,cocoa,14,1.4913527487965956e-4
vix,combined,crude_wti,cocoa,15,1.4913527487965956e-4
vix,combined,crude_wti,cocoa,16,1.4913527487965956e-4
vix,combined,crude_wti,cocoa,17,1.4913527487965956e-4
vix,combined,crude_wti,cocoa,18,1.4913527487965956e-4
vix,combined,crude_wti,cocoa,19,1.4913527487965956e-4
vix,combined,crude_wti,cocoa,20,1.4913527487965956e-4
vix,combined,crude_wti,cocoa,21,1.4913527487965956e-4
vix,combined,crude_wti,cocoa,22,1.4913527487965956e-4
vix,combined,crude_wti,cocoa,23,1.4913527487965956e-4
vix,combined,crude_wti,cocoa,24,1.4913527487965956e-4
vix,combined,crude_wti,coffee_arabic,1,0
vix,combined,crude_wti,coffee_arabic,2,0
vix,combined,crude_wti,coffee_arabic,3,1.3554141732489535e-4
vix,combined,crude_wti,coffee_arabic,4,1.4917203016785353e-4
vix,combined,crude_wti,coffee_arabic,5,1.485169149327309e-4
vix,combined,crude_wti,coffee_arabic,6,1.5150977206108165e-4
vix,combined,crude_wti,coffee_arabic,7,1.5498133391364253e-4
vix,combined,crude_wti,coffee_arabic,8,1.5558590731119432e-4
vix,combined,crude_wti,coffee_arabic,9,1.55587163907481e-4
vix,combined,crude_wti,coffee_arabic,10,1.556112907981726e-4
vix,combined,crude_wti,coffee_arabic,11,1.5562784605232738e-4
vix,combined,crude_wti,coffee_arabic,12,1.5563121776804471e-4
vix,combined,crude_wti,coffee_arabic,13,1.5563121776804471e-4
vix,combined,crude_wti,coffee_arabic,14,1.5563121776804471e-4
vix,combined,crude_wti,coffee_arabic,15,1.5563121776804471e-4
vix,combined,crude_wti,coffee_arabic,16,1.5563121776804471e-4
vix,combined,crude_wti,coffee_arabic,17,1.5563121776804471e-4
vix,combined,crude_wti,coffee_arabic,18,1.5563121776804471e-4
vix,combined,crude_wti,coffee_arabic,19,1.5563121776804471e-4
vix,combined,crude_wti,coffee_arabic,20,1.5563121776804471e-4
vix,combined,crude_wti,coffee_arabic,21,1.5563121776804471e-4
vix,combined,crude_wti,coffee_arabic,22,1.5563121776804471e-4
vix,combined,crude_wti,coffee_arabic,23,1.5563121776804471e-4
vix,combined,crude_wti,coffee_arabic,24,1.5563121776804471e-4
vix,combined,crude_wti,copper,1,0
vix,combined,crude_wti,copper,2,0
vix,combined,crude_wti,copper,3,0.02382822096997948
vix,combined,crude_wti,copper,4,0.02710007408769207
vix,combined,crude_wti,copper,5,0.027765783503474688
vix,combined,crude_wti,copper,6,0.02782704693173644
vix,combined,crude_wti,copper,7,0.02782409888859606
vix,combined,crude_wti,copper,8,0.027822638563873767
vix,combined,crude_wti,copper,9,0.02782323713898261
vix,combined,crude_wti,copper,10,0.02782353695485263
vix,combined,crude_wti,copper,11,0.027823572338456313
vix,combined,crude_wti,copper,12,0.027823569288294738
vix,combined,crude_wti,copper,13,0.027823569288294738
vix,combined,crude_wti,copper,14,0.027823569288294738
vix,combined,crude_wti,copper,15,0.027823569288294738
vix,combined,crude_wti,copper,16,0.027823569288294738
vix,combined,crude_wti,copper,17,0.027823569288294738
vix,combined,crude_wti,copper,18,0.027823569288294738
vix,combined,crude_wti,copper,19,0.027823569288294738
vix,combined,crude_wti,copper,20,0.027823569288294738
vix,combined,crude_wti,copper,21,0.027823569288294738
vix,combined,crude_wti,copper,22,0.027823569288294738
vix,combined,crude_wti,copper,23,0.027823569288294738
vix,combined,crude_wti,copper,24,0.027823569288294738
vix,combined,crude_wti,cotton_a_indx,1,0
vix,combined,crude_wti,cotton_a_indx,2,0
vix,combined,crude_wti,cotton_a_indx,3,0.010402077187523456
vix,combined,crude_wti,cotton_a_indx,4,0.012478964801361575
vix,combined,crude_wti,cotton_a_indx,5,0.013101208696990925
vix,combined,crude_wti,cotton_a_indx,6,0.013224389841859046
vix,combined,crude_wti,cotton_a_indx,7,0.013250718009027948
vix,combined,crude_wti,cotton_a_indx,8,0.013256440865906067
vix,combined,crude_wti,cotton_a_indx,9,0.013258025148380115
vix,combined,crude_wti,cotton_a_indx,10,0.01325852237318596
vix,combined,crude_wti,cotton_a_indx,11,0.013258669744533515
vix,combined,crude_wti,cotton_a_indx,12,0.01325870617481349
vix,combined,crude_wti,cotton_a_indx,13,0.01325870617481349
vix,combined,crude_wti,cotton_a_indx,14,0.01325870617481349
vix,combined,crude_wti,cotton_a_indx,15,0.01325870617481349
vix,combined,crude_wti,cotton_a_indx,16,0.01325870617481349
vix,combined,crude_wti,cotton_a_indx,17,0.01325870617481349
vix,combined,crude_wti,cotton_a_indx,18,0.01325870617481349
vix,combined,crude_wti,cotton_a_indx,19,0.01325870617481349
vix,combined,crude_wti,cotton_a_indx,20,0.01325870617481349
vix,combined,crude_wti,cotton_a_indx,21,0.01325870617481349
vix,combined,crude_wti,cotton_a_indx,22,0.01325870617481349
vix,combined,crude_wti,cotton_a_indx,23,0.01325870617481349
vix,combined,crude_wti,cotton_a_indx,24,0.01325870617481349
vix,combined,crude_wti,crude_wti,1,0
vix,combined,crude_wti,crude_wti,2,1
vix,combined,crude_wti,crude_wti,3,0.9232111181602805
vix,combined,crude_wti,crude_wti,4,0.9059618234242858
vix,combined,crude_wti,crude_wti,5,0.9023882738779
vix,combined,crude_wti,crude_wti,6,0.9016453304502751
vix,combined,crude_wti,crude_wti,7,0.9014506874423256
vix,combined,crude_wti,crude_wti,8,0.9014003972098912
vix,combined,crude_wti,crude_wti,9,0.9013883341185156
vix,combined,crude_wti,crude_wti,10,0.9013855919886783
vix,combined,crude_wti,crude_wti,11,0.9013850054945717
vix,combined,crude_wti,crude_wti,12,0.9013848874248401
vix,combined,crude_wti,crude_wti,13,0.9013848874248401
vix,combined,crude_wti,crude_wti,14,0.9013848874248401
vix,combined,crude_wti,crude_wti,15,0.9013848874248401
vix,combined,crude_wti,crude_wti,16,0.9013848874248401
vix,combined,crude_wti,crude_wti,17,0.9013848874248401
vix,combined,crude_wti,crude_wti,18,0.9013848874248401
vix,combined,crude_wti,crude_wti,19,0.9013848874248401
vix,combined,crude_wti,crude_wti,20,0.9013848874248401
vix,combined,crude_wti,crude_wti,21,0.9013848874248401
vix,combined,crude_wti,crude_wti,22,0.9013848874248401
vix,combined,crude_wti,crude_wti,23,0.9013848874248401
vix,combined,crude_wti,crude_wti,24,0.9013848874248401
vix,combined,crude_wti,gold,1,0
vix,combined,crude_wti,gold,2,0
vix,combined,crude_wti,gold,3,3.2456550762746013e-5
vix,combined,crude_wti,gold,4,1.6882260173322974e-4
vix,combined,crude_wti,gold,5,2.0749110136394653e-4
vix,combined,crude_wti,gold,6,2.63419377475997e-4
vix,combined,crude_wti,gold,7,3.009840480092815e-4
vix,combined,crude_wti,gold,8,3.1521075691728846e-4
vix,combined,crude_wti,gold,9,3.1803845712675207e-4
vix,combined,crude_wti,gold,10,3.1829534500825007e-4
vix,combined,crude_wti,gold,11,3.1829754653316935e-4
vix,combined,crude_wti,gold,12,3.182995742789951e-4
vix,combined,crude_wti,gold,13,3.182995742789951e-4
vix,combined,crude_wti,gold,14,3.182995742789951e-4
vix,combined,crude_wti,gold,15,3.182995742789951e-4
vix,combined,crude_wti,gold,16,3.182995742789951e-4
vix,combined,crude_wti,gold,17,3.182995742789951e-4
vix,combined,crude_wti,gold,18,3.182995742789951e-4
vix,combined,crude_wti,gold,19,3.182995742789951e-4
vix,combined,crude_wti,gold,20,3.182995742789951e-4
vix,combined,crude_wti,gold,21,3.182995742789951e-4
vix,combined,crude_wti,gold,22,3.182995742789951e-4
vix,combined,crude_wti,gold,23,3.182995742789951e-4
vix,combined,crude_wti,gold,24,3.182995742789951e-4
vix,combined,crude_wti,lead,1,0
vix,combined,crude_wti,lead,2,0
vix,combined,crude_wti,lead,3,0.005468818529882837
vix,combined,crude_wti,lead,4,0.005894276043918977
vix,combined,crude_wti,lead,5,0.006090643334088589
vix,combined,crude_wti,lead,6,0.006157554802913861
vix,combined,crude_wti,lead,7,0.006174262558221066
vix,combined,crude_wti,lead,8,0.006176345198307883
vix,combined,crude_wti,lead,9,0.0061764254381797565
vix,combined,crude_wti,lead,10,0.006176405552797801
vix,combined,crude_wti,lead,11,0.006176401894521958
vix,combined,crude_wti,lead,12,0.0061764010123782865
vix,combined,crude_wti,lead,13,0.0061764010123782865
vix,combined,crude_wti,lead,14,0.0061764010123782865
vix,combined,crude_wti,lead,15,0.0061764010123782865
vix,combined,crude_wti,lead,16,0.0061764010123782865
vix,combined,crude_wti,lead,17,0.0061764010123782865
vix,combined,crude_wti,lead,18,0.0061764010123782865
vix,combined,crude_wti,lead,19,0.0061764010123782865
vix,combined,crude_wti,lead,20,0.0061764010123782865
vix,combined,crude_wti,lead,21,0.0061764010123782865
vix,combined,crude_wti,lead,22,0.0061764010123782865
vix,combined,crude_wti,lead,23,0.0061764010123782865
vix,combined,crude_wti,lead,24,0.0061764010123782865
vix,combined,crude_wti,maize,1,0
vix,combined,crude_wti,maize,2,0
vix,combined,crude_wti,maize,3,0.003675154452882692
vix,combined,crude_wti,maize,4,0.004070956378710656
vix,combined,crude_wti,maize,5,0.004461372699294306
vix,combined,crude_wti,maize,6,0.004581268032803066
vix,combined,crude_wti,maize,7,0.004611205884951031
vix,combined,crude_wti,maize,8,0.004617652051725868
vix,combined,crude_wti,maize,9,0.004618889041543581
vix,combined,crude_wti,maize,10,0.004619109887343893
vix,combined,crude_wti,maize,11,0.00461915367923694
vix,combined,crude_wti,maize,12,0.004619164444759051
vix,combined,crude_wti,maize,13,0.004619164444759051
vix,combined,crude_wti,maize,14,0.004619164444759051
vix,combined,crude_wti,maize,15,0.004619164444759051
vix,combined,crude_wti,maize,16,0.004619164444759051
vix,combined,crude_wti,maize,17,0.004619164444759051
vix,combined,crude_wti,maize,18,0.004619164444759051
vix,combined,crude_wti,maize,19,0.004619164444759051
vix,combined,crude_wti,maize,20,0.004619164444759051
vix,combined,crude_wti,maize,21,0.004619164444759051
vix,combined,crude_wti,maize,22,0.004619164444759051
vix,combined,crude_wti,maize,23,0.004619164444759051
vix,combined,crude_wti,maize,24,0.004619164444759051
vix,combined,crude_wti,ngas_us,1,0
vix,combined,crude_wti,ngas_us,2,0
vix,combined,crude_wti,ngas_us,3,1.7332568728890683e-4
vix,combined,crude_wti,ngas_us,4,5.15356342314856e-4
vix,combined,crude_wti,ngas_us,5,5.231138697692517e-4
vix,combined,crude_wti,ngas_us,6,5.261209767787704e-4
vix,combined,crude_wti,ngas_us,7,5.279712653621759e-4
vix,combined,crude_wti,ngas_us,8,5.285790951923114e-4
vix,combined,crude_wti,ngas_us,9,5.286237103778524e-4
vix,combined,crude_wti,ngas_us,10,5.286230933549687e-4
vix,combined,crude_wti,ngas_us,11,5.286301237377089e-4
vix,combined,crude_wti,ngas_us,12,5.28633620507038e-4
vix,combined,crude_wti,ngas_us,13,5.28633620507038e-4
vix,combined,crude_wti,ngas_us,14,5.28633620507038e-4
vix,combined,crude_wti,ngas_us,15,5.28633620507038e-4
vix,combined,crude_wti,ngas_us,16,5.28633620507038e-4
vix,combined,crude_wti,ngas_us,17,5.28633620507038e-4
vix,combined,crude_wti,ngas_us,18,5.28633620507038e-4
vix,combined,crude_wti,ngas_us,19,5.28633620507038e-4
vix,combined,crude_wti,ngas_us,20,5.28633620507038e-4
vix,combined,crude_wti,ngas_us,21,5.28633620507038e-4
vix,combined,crude_wti,ngas_us,22,5.28633620507038e-4
vix,combined,crude_wti,ngas_us,23,5.28633620507038e-4
vix,combined,crude_wti,ngas_us,24,5.28633620507038e-4
vix,combined,crude_wti,nickel,1,0
vix,combined,crude_wti,nickel,2,0
vix,combined,crude_wti,nickel,3,1.6481656678689913e-4
vix,combined,crude_wti,nickel,4,0.0013211765887505432
vix,combined,crude_wti,nickel,5,0.001416849655470339
vix,combined,crude_wti,nickel,6,0.0014243562597954515
vix,combined,crude_wti,nickel,7,0.0014268080804870713
vix,combined,crude_wti,nickel,8,0.001428992385152353
vix,combined,crude_wti,nickel,9,0.0014303011070604763
vix,combined,crude_wti,nickel,10,0.0014307829665478541
vix,combined,crude_wti,nickel,11,0.0014308922967687918
vix,combined,crude_wti,nickel,12,0.0014309072494580737
vix,combined,crude_wti,nickel,13,0.0014309072494580737
vix,combined,crude_wti,nickel,14,0.0014309072494580737
vix,combined,crude_wti,nickel,15,0.0014309072494580737
vix,combined,crude_wti,nickel,16,0.0014309072494580737
vix,combined,crude_wti,nickel,17,0.0014309072494580737
vix,combined,crude_wti,nickel,18,0.0014309072494580737
vix,combined,crude_wti,nickel,19,0.0014309072494580737
vix,combined,crude_wti,nickel,20,0.0014309072494580737
vix,combined,crude_wti,nickel,21,0.0014309072494580737
vix,combined,crude_wti,nickel,22,0.0014309072494580737
vix,combined,crude_wti,nickel,23,0.0014309072494580737
vix,combined,crude_wti,nickel,24,0.0014309072494580737
vix,combined,crude_wti,platinum,1,0
vix,combined,crude_wti,platinum,2,0
vix,combined,crude_wti,platinum,3,0.01962611970430177
vix,combined,crude_wti,platinum,4,0.02639059672626154
vix,combined,crude_wti,platinum,5,0.02725588010907
vix,combined,crude_wti,platinum,6,0.027358372363754286
vix,combined,crude_wti,platinum,7,0.027370243849965857
vix,combined,crude_wti,platinum,8,0.027371405804251965
vix,combined,crude_wti,platinum,9,0.02737132043580907
vix,combined,crude_wti,platinum,10,0.02737124457442527
vix,combined,crude_wti,platinum,11,0.02737122463631538
vix,combined,crude_wti,platinum,12,0.027371220613214776
vix,combined,crude_wti,platinum,13,0.027371220613214776
vix,combined,crude_wti,platinum,14,0.027371220613214776
vix,combined,crude_wti,platinum,15,0.027371220613214776
vix,combined,crude_wti,platinum,16,0.027371220613214776
vix,combined,crude_wti,platinum,17,0.027371220613214776
vix,combined,crude_wti,platinum,18,0.027371220613214776
vix,combined,crude_wti,platinum,19,0.027371220613214776
vix,combined,crude_wti,platinum,20,0.027371220613214776
vix,combined,crude_wti,platinum,21,0.027371220613214776
vix,combined,crude_wti,platinum,22,0.027371220613214776
vix,combined,crude_wti,platinum,23,0.027371220613214776
vix,combined,crude_wti,platinum,24,0.027371220613214776
vix,combined,crude_wti,silver,1,0
vix,combined,crude_wti,silver,2,0
vix,combined,crude_wti,silver,3,1.4743760338244095e-9
vix,combined,crude_wti,silver,4,3.916375863089708e-4
vix,combined,crude_wti,silver,5,4.227282664385757e-4
vix,combined,crude_wti,silver,6,4.5012607962853285e-4
vix,combined,crude_wti,silver,7,4.8123384617214203e-4
vix,combined,crude_wti,silver,8,4.912879865319509e-4
vix,combined,crude_wti,silver,9,4.929499714884938e-4
vix,combined,crude_wti,silver,10,4.93069023175115e-4
vix,combined,crude_wti,silver,11,4.930691629968939e-4
vix,combined,crude_wti,silver,12,4.930698533309269e-4
vix,combined,crude_wti,silver,13,4.930698533309269e-4
vix,combined,crude_wti,silver,14,4.930698533309269e-4
vix,combined,crude_wti,silver,15,4.930698533309269e-4
vix,combined,crude_wti,silver,16,4.930698533309269e-4
vix,combined,crude_wti,silver,17,4.930698533309269e-4
vix,combined,crude_wti,silver,18,4.930698533309269e-4
vix,combined,crude_wti,silver,19,4.930698533309269e-4
vix,combined,crude_wti,silver,20,4.930698533309269e-4
vix,combined,crude_wti,silver,21,4.930698533309269e-4
vix,combined,crude_wti,silver,22,4.930698533309269e-4
vix,combined,crude_wti,silver,23,4.930698533309269e-4
vix,combined,crude_wti,silver,24,4.930698533309269e-4
vix,combined,crude_wti,soybeans,1,0
vix,combined,crude_wti,soybeans,2,0
vix,combined,crude_wti,soybeans,3,0.0010037082784664796
vix,combined,crude_wti,soybeans,4,0.001440060070224196
vix,combined,crude_wti,soybeans,5,0.0016980013287085395
vix,combined,crude_wti,soybeans,6,0.0017875783684575851
vix,combined,crude_wti,soybeans,7,0.0018024602472034982
vix,combined,crude_wti,soybeans,8,0.0018038170047968956
vix,combined,crude_wti,soybeans,9,0.0018038289259112068
vix,combined,crude_wti,soybeans,10,0.0018038230706600871
vix,combined,crude_wti,soybeans,11,0.001803821757061632
vix,combined,crude_wti,soybeans,12,0.0018038225785317584
vix,combined,crude_wti,soybeans,13,0.0018038225785317584
vix,combined,crude_wti,soybeans,14,0.0018038225785317584
vix,combined,crude_wti,soybeans,15,0.0018038225785317584
vix,combined,crude_wti,soybeans,16,0.0018038225785317584
vix,combined,crude_wti,soybeans,17,0.0018038225785317584
vix,combined,crude_wti,soybeans,18,0.0018038225785317584
vix,combined,crude_wti,soybeans,19,0.0018038225785317584
vix,combined,crude_wti,soybeans,20,0.0018038225785317584
vix,combined,crude_wti,soybeans,21,0.0018038225785317584
vix,combined,crude_wti,soybeans,22,0.0018038225785317584
vix,combined,crude_wti,soybeans,23,0.0018038225785317584
vix,combined,crude_wti,soybeans,24,0.0018038225785317584
vix,combined,crude_wti,sugar_wld,1,0
vix,combined,crude_wti,sugar_wld,2,0
vix,combined,crude_wti,sugar_wld,3,0.0036753021771059784
vix,combined,crude_wti,sugar_wld,4,0.003679469344810571
vix,combined,crude_wti,sugar_wld,5,0.0036743279581136937
vix,combined,crude_wti,sugar_wld,6,0.003675085385432903
vix,combined,crude_wti,sugar_wld,7,0.0036784156885102076
vix,combined,crude_wti,sugar_wld,8,0.0036810591755155244
vix,combined,crude_wti,sugar_wld,9,0.003682004220619432
vix,combined,crude_wti,sugar_wld,10,0.0036821703508403
vix,combined,crude_wti,sugar_wld,11,0.0036821819882706932
vix,combined,crude_wti,sugar_wld,12,0.003682181740956586
vix,combined,crude_wti,sugar_wld,13,0.003682181740956586
vix,combined,crude_wti,sugar_wld,14,0.003682181740956586
vix,combined,crude_wti,sugar_wld,15,0.003682181740956586
vix,combined,crude_wti,sugar_wld,16,0.003682181740956586
vix,combined,crude_wti,sugar_wld,17,0.003682181740956586
vix,combined,crude_wti,sugar_wld,18,0.003682181740956586
vix,combined,crude_wti,sugar_wld,19,0.003682181740956586
vix,combined,crude_wti,sugar_wld,20,0.003682181740956586
vix,combined,crude_wti,sugar_wld,21,0.003682181740956586
vix,combined,crude_wti,sugar_wld,22,0.003682181740956586
vix,combined,crude_wti,sugar_wld,23,0.003682181740956586
vix,combined,crude_wti,sugar_wld,24,0.003682181740956586
vix,combined,crude_wti,tin,1,0
vix,combined,crude_wti,tin,2,0
vix,combined,crude_wti,tin,3,0.0036242818553189784
vix,combined,crude_wti,tin,4,0.004272211655408202
vix,combined,crude_wti,tin,5,0.004299224722211912
vix,combined,crude_wti,tin,6,0.004300587335391736
vix,combined,crude_wti,tin,7,0.004301345362658568
vix,combined,crude_wti,tin,8,0.004302886375730399
vix,combined,crude_wti,tin,9,0.004304244684592662
vix,combined,crude_wti,tin,10,0.004304935297366937
vix,combined,crude_wti,tin,11,0.004305159135283861
vix,combined,crude_wti,tin,12,0.004305209157177469
vix,combined,crude_wti,tin,13,0.004305209157177469
vix,combined,crude_wti,tin,14,0.004305209157177469
vix,combined,crude_wti,tin,15,0.004305209157177469
vix,combined,crude_wti,tin,16,0.004305209157177469
vix,combined,crude_wti,tin,17,0.004305209157177469
vix,combined,crude_wti,tin,18,0.004305209157177469
vix,combined,crude_wti,tin,19,0.004305209157177469
vix,combined,crude_wti,tin,20,0.004305209157177469
vix,combined,crude_wti,tin,21,0.004305209157177469
vix,combined,crude_wti,tin,22,0.004305209157177469
vix,combined,crude_wti,tin,23,0.004305209157177469
vix,combined,crude_wti,tin,24,0.004305209157177469
vix,combined,crude_wti,wheat_us_hrw,1,0
vix,combined,crude_wti,wheat_us_hrw,2,0
vix,combined,crude_wti,wheat_us_hrw,3,8.898698601701822e-4
vix,combined,crude_wti,wheat_us_hrw,4,0.0016463647514965915
vix,combined,crude_wti,wheat_us_hrw,5,0.0016561495114121524
vix,combined,crude_wti,wheat_us_hrw,6,0.0016551834183395004
vix,combined,crude_wti,wheat_us_hrw,7,0.0016556386649787087
vix,combined,crude_wti,wheat_us_hrw,8,0.0016555626493897865
vix,combined,crude_wti,wheat_us_hrw,9,0.00165556582085559
vix,combined,crude_wti,wheat_us_hrw,10,0.001655586379719655
vix,combined,crude_wti,wheat_us_hrw,11,0.0016555878610322512
vix,combined,crude_wti,wheat_us_hrw,12,0.0016555880559049377
vix,combined,crude_wti,wheat_us_hrw,13,0.0016555880559049377
vix,combined,crude_wti,wheat_us_hrw,14,0.0016555880559049377
vix,combined,crude_wti,wheat_us_hrw,15,0.0016555880559049377
vix,combined,crude_wti,wheat_us_hrw,16,0.0016555880559049377
vix,combined,crude_wti,wheat_us_hrw,17,0.0016555880559049377
vix,combined,crude_wti,wheat_us_hrw,18,0.0016555880559049377
vix,combined,crude_wti,wheat_us_hrw,19,0.0016555880559049377
vix,combined,crude_wti,wheat_us_hrw,20,0.0016555880559049377
vix,combined,crude_wti,wheat_us_hrw,21,0.0016555880559049377
vix,combined,crude_wti,wheat_us_hrw,22,0.0016555880559049377
vix,combined,crude_wti,wheat_us_hrw,23,0.0016555880559049377
vix,combined,crude_wti,wheat_us_hrw,24,0.0016555880559049377
vix,combined,crude_wti,zinc,1,0
vix,combined,crude_wti,zinc,2,0
vix,combined,crude_wti,zinc,3,0.002052268951948773
vix,combined,crude_wti,zinc,4,0.002176903093811973
vix,combined,crude_wti,zinc,5,0.00218066545183784
vix,combined,crude_wti,zinc,6,0.0021788534621832805
vix,combined,crude_wti,zinc,7,0.002178268690237089
vix,combined,crude_wti,zinc,8,0.002178213858758497
vix,combined,crude_wti,zinc,9,0.0021782215685172933
vix,combined,crude_wti,zinc,10,0.002178221618830995
vix,combined,crude_wti,zinc,11,0.0021782203740276754
vix,combined,crude_wti,zinc,12,0.0021782201624104356
vix,combined,crude_wti,zinc,13,0.0021782201624104356
vix,combined,crude_wti,zinc,14,0.0021782201624104356
vix,combined,crude_wti,zinc,15,0.0021782201624104356
vix,combined,crude_wti,zinc,16,0.0021782201624104356
vix,combined,crude_wti,zinc,17,0.0021782201624104356
vix,combined,crude_wti,zinc,18,0.0021782201624104356
vix,combined,crude_wti,zinc,19,0.0021782201624104356
vix,combined,crude_wti,zinc,20,0.0021782201624104356
vix,combined,crude_wti,zinc,21,0.0021782201624104356
vix,combined,crude_wti,zinc,22,0.0021782201624104356
vix,combined,crude_wti,zinc,23,0.0021782201624104356
vix,combined,crude_wti,zinc,24,0.0021782201624104356
vix,combined,gold,aluminium,1,0
vix,combined,gold,aluminium,2,0
vix,combined,gold,aluminium,3,3.1940956846851054e-4
vix,combined,gold,aluminium,4,6.452510697941514e-4
vix,combined,gold,aluminium,5,6.820499676051938e-4
vix,combined,gold,aluminium,6,6.878273389048324e-4
vix,combined,gold,aluminium,7,6.926267854167222e-4
vix,combined,gold,aluminium,8,6.950163618220929e-4
vix,combined,gold,aluminium,9,6.956513937069696e-4
vix,combined,gold,aluminium,10,6.957832278707775e-4
vix,combined,gold,aluminium,11,6.958115307053853e-4
vix,combined,gold,aluminium,12,6.958189084635234e-4
vix,combined,gold,aluminium,13,6.958189084635234e-4
vix,combined,gold,aluminium,14,6.958189084635234e-4
vix,combined,gold,aluminium,15,6.958189084635234e-4
vix,combined,gold,aluminium,16,6.958189084635234e-4
vix,combined,gold,aluminium,17,6.958189084635234e-4
vix,combined,gold,aluminium,18,6.958189084635234e-4
vix,combined,gold,aluminium,19,6.958189084635234e-4
vix,combined,gold,aluminium,20,6.958189084635234e-4
vix,combined,gold,aluminium,21,6.958189084635234e-4
vix,combined,gold,aluminium,22,6.958189084635234e-4
vix,combined,gold,aluminium,23,6.958189084635234e-4
vix,combined,gold,aluminium,24,6.958189084635234e-4
vix,combined,gold,cocoa,1,0
vix,combined,gold,cocoa,2,0
vix,combined,gold,cocoa,3,5.551352190380508e-4
vix,combined,gold,cocoa,4,5.528979452018246e-4
vix,combined,gold,cocoa,5,5.766355404338472e-4
vix,combined,gold,cocoa,6,5.827396854731953e-4
vix,combined,gold,cocoa,7,5.837420949610179e-4
vix,combined,gold,cocoa,8,5.839680300182738e-4
vix,combined,gold,cocoa,9,5.840406227686496e-4
vix,combined,gold,cocoa,10,5.840759570194209e-4
vix,combined,gold,cocoa,11,5.840930731272667e-4
vix,combined,gold,cocoa,12,5.840990293525601e-4
vix,combined,gold,cocoa,13,5.840990293525601e-4
vix,combined,gold,cocoa,14,5.840990293525601e-4
vix,combined,gold,cocoa,15,5.840990293525601e-4
vix,combined,gold,cocoa,16,5.840990293525601e-4
vix,combined,gold,cocoa,17,5.840990293525601e-4
vix,combined,gold,cocoa,18,5.840990293525601e-4
vix,combined,gold,cocoa,19,5.840990293525601e-4
vix,combined,gold,cocoa,20,5.840990293525601e-4
vix,combined,gold,cocoa,21,5.840990293525601e-4
vix,combined,gold,cocoa,22,5.840990293525601e-4
vix,combined,gold,cocoa,23,5.840990293525601e-4
vix,combined,gold,cocoa,24,5.840990293525601e-4
vix,combined,gold,coffee_arabic,1,0
vix,combined,gold,coffee_arabic,2,0
vix,combined,gold,coffee_arabic,3,0.003397144763682891
vix,combined,gold,coffee_arabic,4,0.004812988945791434
vix,combined,gold,coffee_arabic,5,0.004994811885736681
vix,combined,gold,coffee_arabic,6,0.004993367444399319
vix,combined,gold,coffee_arabic,7,0.004994665024352833
vix,combined,gold,coffee_arabic,8,0.004995245027979663
vix,combined,gold,coffee_arabic,9,0.004995161021636899
vix,combined,gold,coffee_arabic,10,0.004995156030843922
vix,combined,gold,coffee_arabic,11,0.004995184872551008
vix,combined,gold,coffee_arabic,12,0.004995196704694515
vix,combined,gold,coffee_arabic,13,0.004995196704694515
vix,combined,gold,coffee_arabic,14,0.004995196704694515
vix,combined,gold,coffee_arabic,15,0.004995196704694515
vix,combined,gold,coffee_arabic,16,0.004995196704694515
vix,combined,gold,coffee_arabic,17,0.004995196704694515
vix,combined,gold,coffee_arabic,18,0.004995196704694515
vix,combined,gold,coffee_arabic,19,0.004995196704694515
vix,combined,gold,coffee_arabic,20,0.004995196704694515
vix,combined,gold,coffee_arabic,21,0.004995196704694515
vix,combined,gold,coffee_arabic,22,0.004995196704694515
vix,combined,gold,coffee_arabic,23,0.004995196704694515
vix,combined,gold,coffee_arabic,24,0.004995196704694515
vix,combined,gold,copper,1,0
vix,combined,gold,copper,2,0
vix,combined,gold,copper,3,4.8032302834189025e-4
vix,combined,gold,copper,4,5.779129854547996e-4
vix,combined,gold,copper,5,0.0010114454339299893
vix,combined,gold,copper,6,0.0012113531294096222
vix,combined,gold,copper,7,0.0012516796771128197
vix,combined,gold,copper,8,0.001253891523548415
vix,combined,gold,copper,9,0.0012540137902574454
vix,combined,gold,copper,10,0.0012544461395585813
vix,combined,gold,copper,11,0.0012546113482830538
vix,combined,gold,copper,12,0.0012546340754285748
vix,combined,gold,copper,13,0.0012546340754285748
vix,combined,gold,copper,14,0.0012546340754285748
vix,combined,gold,copper,15,0.0012546340754285748
vix,combined,gold,copper,16,0.0012546340754285748
vix,combined,gold,copper,17,0.0012546340754285748
vix,combined,gold,copper,18,0.0012546340754285748
vix,combined,gold,copper,19,0.0012546340754285748
vix,combined,gold,copper,20,0.0012546340754285748
vix,combined,gold,copper,21,0.0012546340754285748
vix,combined,gold,copper,22,0.0012546340754285748
vix,combined,gold,copper,23,0.0012546340754285748
vix,combined,gold,copper,24,0.0012546340754285748
vix,combined,gold,cotton_a_indx,1,0
vix,combined,gold,cotton_a_indx,2,0
vix,combined,gold,cotton_a_indx,3,1.5878347117337182e-5
vix,combined,gold,cotton_a_indx,4,2.1939884050632599e-4
vix,combined,gold,cotton_a_indx,5,3.509700187997766e-4
vix,combined,gold,cotton_a_indx,6,3.9005561852779576e-4
vix,combined,gold,cotton_a_indx,7,3.958838008501609e-4
vix,combined,gold,cotton_a_indx,8,3.968372277625739e-4
vix,combined,gold,cotton_a_indx,9,3.9720922810758337e-4
vix,combined,gold,cotton_a_indx,10,3.9744450882449236e-4
vix,combined,gold,cotton_a_indx,11,3.9756840155488494e-4
vix,combined,gold,cotton_a_indx,12,3.9761571998378237e-4
vix,combined,gold,cotton_a_indx,13,3.9761571998378237e-4
vix,combined,gold,cotton_a_indx,14,3.9761571998378237e-4
vix,combined,gold,cotton_a_indx,15,3.9761571998378237e-4
vix,combined,gold,cotton_a_indx,16,3.9761571998378237e-4
vix,combined,gold,cotton_a_indx,17,3.9761571998378237e-4
vix,combined,gold,cotton_a_indx,18,3.9761571998378237e-4
vix,combined,gold,cotton_a_indx,19,3.9761571998378237e-4
vix,combined,gold,cotton_a_indx,20,3.9761571998378237e-4
vix,combined,gold,cotton_a_indx,21,3.9761571998378237e-4
vix,combined,gold,cotton_a_indx,22,3.9761571998378237e-4
vix,combined,gold,cotton_a_indx,23,3.9761571998378237e-4
vix,combined,gold,cotton_a_indx,24,3.9761571998378237e-4
vix,combined,gold,crude_wti,1,0
vix,combined,gold,crude_wti,2,0
vix,combined,gold,crude_wti,3,3.181559239150827e-4
vix,combined,gold,crude_wti,4,3.473235571708004e-4
vix,combined,gold,crude_wti,5,3.466915851144726e-4
vix,combined,gold,crude_wti,6,3.5825180971945335e-4
vix,combined,gold,crude_wti,7,3.6919156174667516e-4
vix,combined,gold,crude_wti,8,3.728179979455521e-4
vix,combined,gold,crude_wti,9,3.7377848411524644e-4
vix,combined,gold,crude_wti,10,3.74053713979454e-4
vix,combined,gold,crude_wti,11,3.7413987542170133e-4
vix,combined,gold,crude_wti,12,3.741673069279923e-4
vix,combined,gold,crude_wti,13,3.741673069279923e-4
vix,combined,gold,crude_wti,14,3.741673069279923e-4
vix,combined,gold,crude_wti,15,3.741673069279923e-4
vix,combined,gold,crude_wti,16,3.741673069279923e-4
vix,combined,gold,crude_wti,17,3.741673069279923e-4
vix,combined,gold,crude_wti,18,3.741673069279923e-4
vix,combined,gold,crude_wti,19,3.741673069279923e-4
vix,combined,gold,crude_wti,20,3.741673069279923e-4
vix,combined,gold,crude_wti,21,3.741673069279923e-4
vix,combined,gold,crude_wti,22,3.741673069279923e-4
vix,combined,gold,crude_wti,23,3.741673069279923e-4
vix,combined,gold,crude_wti,24,3.741673069279923e-4
vix,combined,gold,gold,1,0
vix,combined,gold,gold,2,1
vix,combined,gold,gold,3,0.9601163312929373
vix,combined,gold,gold,4,0.952135023025924
vix,combined,gold,gold,5,0.9502055184239109
vix,combined,gold,gold,6,0.9496902720157783
vix,combined,gold,gold,7,0.9495134315900329
vix,combined,gold,gold,8,0.9494573612593787
vix,combined,gold,gold,9,0.949441246332555
vix,combined,gold,gold,10,0.9494366424776545
vix,combined,gold,gold,11,0.949435444659581
vix,combined,gold,gold,12,0.9494351813986524
vix,combined,gold,gold,13,0.9494351813986524
vix,combined,gold,gold,14,0.9494351813986524
vix,combined,gold,gold,15,0.9494351813986524
vix,combined,gold,gold,16,0.9494351813986524
vix,combined,gold,gold,17,0.9494351813986524
vix,combined,gold,gold,18,0.9494351813986524
vix,combined,gold,gold,19,0.9494351813986524
vix,combined,gold,gold,20,0.9494351813986524
vix,combined,gold,gold,21,0.9494351813986524
vix,combined,gold,gold,22,0.9494351813986524
vix,combined,gold,gold,23,0.9494351813986524
vix,combined,gold,gold,24,0.9494351813986524
vix,combined,gold,lead,1,0
vix,combined,gold,lead,2,0
vix,combined,gold,lead,3,1.7417983688034034e-4
vix,combined,gold,lead,4,5.780215743008942e-4
vix,combined,gold,lead,5,5.96068213599413e-4
vix,combined,gold,lead,6,5.98424746245696e-4
vix,combined,gold,lead,7,6.043807254324829e-4
vix,combined,gold,lead,8,6.070692000633848e-4
vix,combined,gold,lead,9,6.076308724696649e-4
vix,combined,gold,lead,10,6.076755653805387e-4
vix,combined,gold,lead,11,6.076750321235832e-4
vix,combined,gold,lead,12,6.0767495954973e-4
vix,combined,gold,lead,13,6.0767495954973e-4
vix,combined,gold,lead,14,6.0767495954973e-4
vix,combined,gold,lead,15,6.0767495954973e-4
vix,combined,gold,lead,16,6.0767495954973e-4
vix,combined,gold,lead,17,6.0767495954973e-4
vix,combined,gold,lead,18,6.0767495954973e-4
vix,combined,gold,lead,19,6.0767495954973e-4
vix,combined,gold,lead,20,6.0767495954973e-4
vix,combined,gold,lead,21,6.0767495954973e-4
vix,combined,gold,lead,22,6.0767495954973e-4
vix,combined,gold,lead,23,6.0767495954973e-4
vix,combined,gold,lead,24,6.0767495954973e-4
vix,combined,gold,maize,1,0
vix,combined,gold,maize,2,0
vix,combined,gold,maize,3,0.0061328396613364936
vix,combined,gold,maize,4,0.006808099295792541
vix,combined,gold,maize,5,0.006789568778302225
vix,combined,gold,maize,6,0.006800482318242511
vix,combined,gold,maize,7,0.006813163552001041
vix,combined,gold,maize,8,0.006819618839610432
vix,combined,gold,maize,9,0.0068217836601728275
vix,combined,gold,maize,10,0.006822377343975836
vix,combined,gold,maize,11,0.006822532667802329
vix,combined,gold,maize,12,0.006822573549344654
vix,combined,gold,maize,13,0.006822573549344654
vix,combined,gold,maize,14,0.006822573549344654
vix,combined,gold,maize,15,0.006822573549344654
vix,combined,gold,maize,16,0.006822573549344654
vix,combined,gold,maize,17,0.006822573549344654
vix,combined,gold,maize,18,0.006822573549344654
vix,combined,gold,maize,19,0.006822573549344654
vix,combined,gold,maize,20,0.006822573549344654
vix,combined,gold,maize,21,0.006822573549344654
vix,combined,gold,maize,22,0.006822573549344654
vix,combined,gold,maize,23,0.006822573549344654
vix,combined,gold,maize,24,0.006822573549344654
vix,combined,gold,ngas_us,1,0
vix,combined,gold,ngas_us,2,0
vix,combined,gold,ngas_us,3,0.0021552955974420184
vix,combined,gold,ngas_us,4,0.0021473084951931913
vix,combined,gold,ngas_us,5,0.002220439049416841
vix,combined,gold,ngas_us,6,0.002231370709857055
vix,combined,gold,ngas_us,7,0.00223126210579226
vix,combined,gold,ngas_us,8,0.002231965184372481
vix,combined,gold,ngas_us,9,0.002232094302541553
vix,combined,gold,ngas_us,10,0.0022320839664275705
vix,combined,gold,ngas_us,11,0.0022320853895554252
vix,combined,gold,ngas_us,12,0.002232090203463936
vix,combined,gold,ngas_us,13,0.002232090203463936
vix,combined,gold,ngas_us,14,0.002232090203463936
vix,combined,gold,ngas_us,15,0.002232090203463936
vix,combined,gold,ngas_us,16,0.002232090203463936
vix,combined,gold,ngas_us,17,0.002232090203463936
vix,combined,gold,ngas_us,18,0.002232090203463936
vix,combined,gold,ngas_us,19,0.002232090203463936
vix,combined,gold,ngas_us,20,0.002232090203463936
vix,combined,gold,ngas_us,21,0.002232090203463936
vix,combined,gold,ngas_us,22,0.002232090203463936
vix,combined,gold,ngas_us,23,0.002232090203463936
vix,combined,gold,ngas_us,24,0.002232090203463936
vix,combined,gold,nickel,1,0
vix,combined,gold,nickel,2,0
vix,combined,gold,nickel,3,4.046653155696388e-4
vix,combined,gold,nickel,4,4.473287826602277e-4
vix,combined,gold,nickel,5,6.035828888224938e-4
vix,combined,gold,nickel,6,6.944174298199524e-4
vix,combined,gold,nickel,7,7.11866492276177e-4
vix,combined,gold,nickel,8,7.12825888563762e-4
vix,combined,gold,nickel,9,7.128864369718857e-4
vix,combined,gold,nickel,10,7.131181400721778e-4
vix,combined,gold,nickel,11,7.132184183922513e-4
vix,combined,gold,nickel,12,7.132361958746828e-4
vix,combined,gold,nickel,13,7.132361958746828e-4
vix,combined,gold,nickel,14,7.132361958746828e-4
vix,combined,gold,nickel,15,7.132361958746828e-4
vix,combined,gold,nickel,16,7.132361958746828e-4
vix,combined,gold,nickel,17,7.132361958746828e-4
vix,combined,gold,nickel,18,7.132361958746828e-4
vix,combined,gold,nickel,19,7.132361958746828e-4
vix,combined,gold,nickel,20,7.132361958746828e-4
vix,combined,gold,nickel,21,7.132361958746828e-4
vix,combined,gold,nickel,22,7.132361958746828e-4
vix,combined,gold,nickel,23,7.132361958746828e-4
vix,combined,gold,nickel,24,7.132361958746828e-4
vix,combined,gold,platinum,1,0
vix,combined,gold,platinum,2,0
vix,combined,gold,platinum,3,0.0059739251204989855
vix,combined,gold,platinum,4,0.005922869017817866
vix,combined,gold,platinum,5,0.0059864541273131865
vix,combined,gold,platinum,6,0.005990052568875505
vix,combined,gold,platinum,7,0.006017447844726222
vix,combined,gold,platinum,8,0.00603183953822319
vix,combined,gold,platinum,9,0.006036134489801241
vix,combined,gold,platinum,10,0.006037066905567293
vix,combined,gold,platinum,11,0.00603722458885656
vix,combined,gold,platinum,12,0.0060372484504922445
vix,combined,gold,platinum,13,0.0060372484504922445
vix,combined,gold,platinum,14,0.0060372484504922445
vix,combined,gold,platinum,15,0.0060372484504922445
vix,combined,gold,platinum,16,0.0060372484504922445
vix,combined,gold,platinum,17,0.0060372484504922445
vix,combined,gold,platinum,18,0.0060372484504922445
vix,combined,gold,platinum,19,0.0060372484504922445
vix,combined,gold,platinum,20,0.0060372484504922445
vix,combined,gold,platinum,21,0.0060372484504922445
vix,combined,gold,platinum,22,0.0060372484504922445
vix,combined,gold,platinum,23,0.0060372484504922445
vix,combined,gold,platinum,24,0.0060372484504922445
vix,combined,gold,silver,1,0
vix,combined,gold,silver,2,0
vix,combined,gold,silver,3,2.398565502209463e-5
vix,combined,gold,silver,4,0.0013982962729180432
vix,combined,gold,silver,5,0.0017062000001751
vix,combined,gold,silver,6,0.0017091122520385743
vix,combined,gold,silver,7,0.0017192404598349075
vix,combined,gold,silver,8,0.0017298069768123972
vix,combined,gold,silver,9,0.0017339110270154238
vix,combined,gold,silver,10,0.0017347791526899086
vix,combined,gold,silver,11,0.0017348855138263684
vix,combined,gold,silver,12,0.0017348946151514234
vix,combined,gold,silver,13,0.0017348946151514234
vix,combined,gold,silver,14,0.0017348946151514234
vix,combined,gold,silver,15,0.0017348946151514234
vix,combined,gold,silver,16,0.0017348946151514234
vix,combined,gold,silver,17,0.0017348946151514234
vix,combined,gold,silver,18,0.0017348946151514234
vix,combined,gold,silver,19,0.0017348946151514234
vix,combined,gold,silver,20,0.0017348946151514234
vix,combined,gold,silver,21,0.0017348946151514234
vix,combined,gold,silver,22,0.0017348946151514234
vix,combined,gold,silver,23,0.0017348946151514234
vix,combined,gold,silver,24,0.0017348946151514234
vix,combined,gold,soybeans,1,0
vix,combined,gold,soybeans,2,0
vix,combined,gold,soybeans,3,0.005631218550368551
vix,combined,gold,soybeans,4,0.005583339050095962
vix,combined,gold,soybeans,5,0.005653025766866705
vix,combined,gold,soybeans,6,0.005728545623085529
vix,combined,gold,soybeans,7,0.005755456967859754
vix,combined,gold,soybeans,8,0.0057606600700809436
vix,combined,gold,soybeans,9,0.005761093849917708
vix,combined,gold,soybeans,10,0.0057610763794634975
vix,combined,gold,soybeans,11,0.00576106806638393
vix,combined,gold,soybeans,12,0.0057610667200056614
vix,combined,gold,soybeans,13,0.0057610667200056614
vix,combined,gold,soybeans,14,0.0057610667200056614
vix,combined,gold,soybeans,15,0.0057610667200056614
vix,combined,gold,soybeans,16,0.0057610667200056614
vix,combined,gold,soybeans,17,0.0057610667200056614
vix,combined,gold,soybeans,18,0.0057610667200056614
vix,combined,gold,soybeans,19,0.0057610667200056614
vix,combined,gold,soybeans,20,0.0057610667200056614
vix,combined,gold,soybeans,21,0.0057610667200056614
vix,combined,gold,soybeans,22,0.0057610667200056614
vix,combined,gold,soybeans,23,0.0057610667200056614
vix,combined,gold,soybeans,24,0.0057610667200056614
vix,combined,gold,sugar_wld,1,0
vix,combined,gold,sugar_wld,2,0
vix,combined,gold,sugar_wld,3,7.013905911902372e-5
vix,combined,gold,sugar_wld,4,8.704281603744645e-5
vix,combined,gold,sugar_wld,5,1.1934156644965191e-4
vix,combined,gold,sugar_wld,6,1.2386640237782164e-4
vix,combined,gold,sugar_wld,7,1.246033680746611e-4
vix,combined,gold,sugar_wld,8,1.2837355987798998e-4
vix,combined,gold,sugar_wld,9,1.3082176578965815e-4
vix,combined,gold,sugar_wld,10,1.31538798678737e-4
vix,combined,gold,sugar_wld,11,1.3165205913502216e-4
vix,combined,gold,sugar_wld,12,1.3166134280889568e-4
vix,combined,gold,sugar_wld,13,1.3166134280889568e-4
vix,combined,gold,sugar_wld,14,1.3166134280889568e-4
vix,combined,gold,sugar_wld,15,1.3166134280889568e-4
vix,combined,gold,sugar_wld,16,1.3166134280889568e-4
vix,combined,gold,sugar_wld,17,1.3166134280889568e-4
vix,combined,gold,sugar_wld,18,1.3166134280889568e-4
vix,combined,gold,sugar_wld,19,1.3166134280889568e-4
vix,combined,gold,sugar_wld,20,1.3166134280889568e-4
vix,combined,gold,sugar_wld,21,1.3166134280889568e-4
vix,combined,gold,sugar_wld,22,1.3166134280889568e-4
vix,combined,gold,sugar_wld,23,1.3166134280889568e-4
vix,combined,gold,sugar_wld,24,1.3166134280889568e-4
vix,combined,gold,tin,1,0
vix,combined,gold,tin,2,0
vix,combined,gold,tin,3,0.01078914106416381
vix,combined,gold,tin,4,0.013660074210963612
vix,combined,gold,tin,5,0.014083624806937091
vix,combined,gold,tin,6,0.014115185541802503
vix,combined,gold,tin,7,0.0141132684316874
vix,combined,gold,tin,8,0.01411227326769254
vix,combined,gold,tin,9,0.01411203701263351
vix,combined,gold,tin,10,0.014112144298697032
vix,combined,gold,tin,11,0.01411224542392353
vix,combined,gold,tin,12,0.014112279783698166
vix,combined,gold,tin,13,0.014112279783698166
vix,combined,gold,tin,14,0.014112279783698166
vix,combined,gold,tin,15,0.014112279783698166
vix,combined,gold,tin,16,0.014112279783698166
vix,combined,gold,tin,17,0.014112279783698166
vix,combined,gold,tin,18,0.014112279783698166
vix,combined,gold,tin,19,0.014112279783698166
vix,combined,gold,tin,20,0.014112279783698166
vix,combined,gold,tin,21,0.014112279783698166
vix,combined,gold,tin,22,0.014112279783698166
vix,combined,gold,tin,23,0.014112279783698166
vix,combined,gold,tin,24,0.014112279783698166
vix,combined,gold,wheat_us_hrw,1,0
vix,combined,gold,wheat_us_hrw,2,0
vix,combined,gold,wheat_us_hrw,3,0.0011659770702005254
vix,combined,gold,wheat_us_hrw,4,0.0014405763491174874
vix,combined,gold,wheat_us_hrw,5,0.0014401404972670638
vix,combined,gold,wheat_us_hrw,6,0.0014618891482481799
vix,combined,gold,wheat_us_hrw,7,0.001475798494907473
vix,combined,gold,wheat_us_hrw,8,0.0014782282033438765
vix,combined,gold,wheat_us_hrw,9,0.001478282541917936
vix,combined,gold,wheat_us_hrw,10,0.0014782867090296916
vix,combined,gold,wheat_us_hrw,11,0.001478299063324562
vix,combined,gold,wheat_us_hrw,12,0.0014783000640121305
vix,combined,gold,wheat_us_hrw,13,0.0014783000640121305
vix,combined,gold,wheat_us_hrw,14,0.0014783000640121305
vix,combined,gold,wheat_us_hrw,15,0.0014783000640121305
vix,combined,gold,wheat_us_hrw,16,0.0014783000640121305
vix,combined,gold,wheat_us_hrw,17,0.0014783000640121305
vix,combined,gold,wheat_us_hrw,18,0.0014783000640121305
vix,combined,gold,wheat_us_hrw,19,0.0014783000640121305
vix,combined,gold,wheat_us_hrw,20,0.0014783000640121305
vix,combined,gold,wheat_us_hrw,21,0.0014783000640121305
vix,combined,gold,wheat_us_hrw,22,0.0014783000640121305
vix,combined,gold,wheat_us_hrw,23,0.0014783000640121305
vix,combined,gold,wheat_us_hrw,24,0.0014783000640121305
vix,combined,gold,zinc,1,0
vix,combined,gold,zinc,2,0
vix,combined,gold,zinc,3,0.00227625492589707
vix,combined,gold,zinc,4,0.0026362477652590883
vix,combined,gold,zinc,5,0.002633431449319342
vix,combined,gold,zinc,6,0.002632786217194226
vix,combined,gold,zinc,7,0.002632291022934272
vix,combined,gold,zinc,8,0.0026322018429038997
vix,combined,gold,zinc,9,0.002632223167620612
vix,combined,gold,zinc,10,0.002632250684266423
vix,combined,gold,zinc,11,0.0026322600154522497
vix,combined,gold,zinc,12,0.0026322609720950936
vix,combined,gold,zinc,13,0.0026322609720950936
vix,combined,gold,zinc,14,0.0026322609720950936
vix,combined,gold,zinc,15,0.0026322609720950936
vix,combined,gold,zinc,16,0.0026322609720950936
vix,combined,gold,zinc,17,0.0026322609720950936
vix,combined,gold,zinc,18,0.0026322609720950936
vix,combined,gold,zinc,19,0.0026322609720950936
vix,combined,gold,zinc,20,0.0026322609720950936
vix,combined,gold,zinc,21,0.0026322609720950936
vix,combined,gold,zinc,22,0.0026322609720950936
vix,combined,gold,zinc,23,0.0026322609720950936
vix,combined,gold,zinc,24,0.0026322609720950936
vix,combined,lead,aluminium,1,0
vix,combined,lead,aluminium,2,0
vix,combined,lead,aluminium,3,0.003978446405632589
vix,combined,lead,aluminium,4,0.004663689631364025
vix,combined,lead,aluminium,5,0.0046988642118868775
vix,combined,lead,aluminium,6,0.004718487132421857
vix,combined,lead,aluminium,7,0.004729232744875796
vix,combined,lead,aluminium,8,0.004732622189704585
vix,combined,lead,aluminium,9,0.0047336387979881826
vix,combined,lead,aluminium,10,0.004733944689594873
vix,combined,lead,aluminium,11,0.004734024758338128
vix,combined,lead,aluminium,12,0.004734043361130588
vix,combined,lead,aluminium,13,0.004734043361130588
vix,combined,lead,aluminium,14,0.004734043361130588
vix,combined,lead,aluminium,15,0.004734043361130588
vix,combined,lead,aluminium,16,0.004734043361130588
vix,combined,lead,aluminium,17,0.004734043361130588
vix,combined,lead,aluminium,18,0.004734043361130588
vix,combined,lead,aluminium,19,0.004734043361130588
vix,combined,lead,aluminium,20,0.004734043361130588
vix,combined,lead,aluminium,21,0.004734043361130588
vix,combined,lead,aluminium,22,0.004734043361130588
vix,combined,lead,aluminium,23,0.004734043361130588
vix,combined,lead,aluminium,24,0.004734043361130588
vix,combined,lead,cocoa,1,0
vix,combined,lead,cocoa,2,0
vix,combined,lead,cocoa,3,1.011592260695215e-4
vix,combined,lead,cocoa,4,1.1245353876158412e-4
vix,combined,lead,cocoa,5,1.4030777639119132e-4
vix,combined,lead,cocoa,6,1.4713179148471295e-4
vix,combined,lead,cocoa,7,1.4734894185229318e-4
vix,combined,lead,cocoa,8,1.4749736101572105e-4
vix,combined,lead,cocoa,9,1.476452708065634e-4
vix,combined,lead,cocoa,10,1.4769089513645887e-4
vix,combined,lead,cocoa,11,1.4769483441330757e-4
vix,combined,lead,cocoa,12,1.4769476394192038e-4
vix,combined,lead,cocoa,13,1.4769476394192038e-4
vix,combined,lead,cocoa,14,1.4769476394192038e-4
vix,combined,lead,cocoa,15,1.4769476394192038e-4
vix,combined,lead,cocoa,16,1.4769476394192038e-4
vix,combined,lead,cocoa,17,1.4769476394192038e-4
vix,combined,lead,cocoa,18,1.4769476394192038e-4
vix,combined,lead,cocoa,19,1.4769476394192038e-4
vix,combined,lead,cocoa,20,1.4769476394192038e-4
vix,combined,lead,cocoa,21,1.4769476394192038e-4
vix,combined,lead,cocoa,22,1.4769476394192038e-4
vix,combined,lead,cocoa,23,1.4769476394192038e-4
vix,combined,lead,cocoa,24,1.4769476394192038e-4
vix,combined,lead,coffee_arabic,1,0
vix,combined,lead,coffee_arabic,2,0
vix,combined,lead,coffee_arabic,3,1.3225875136053258e-4
vix,combined,lead,coffee_arabic,4,9.468428859921121e-4
vix,combined,lead,coffee_arabic,5,0.0016576426706531478
vix,combined,lead,coffee_arabic,6,0.0017901770024476107
vix,combined,lead,coffee_arabic,7,0.0017989983756347783
vix,combined,lead,coffee_arabic,8,0.0017987903559152426
vix,combined,lead,coffee_arabic,9,0.001798954600964674
vix,combined,lead,coffee_arabic,10,0.001798976953873834
vix,combined,lead,coffee_arabic,11,0.0017989744168549963
vix,combined,lead,coffee_arabic,12,0.0017989860995600393
vix,combined,lead,coffee_arabic,13,0.0017989860995600393
vix,combined,lead,coffee_arabic,14,0.0017989860995600393
vix,combined,lead,coffee_arabic,15,0.0017989860995600393
vix,combined,lead,coffee_arabic,16,0.0017989860995600393
vix,combined,lead,coffee_arabic,17,0.0017989860995600393
vix,combined,lead,coffee_arabic,18,0.0017989860995600393
vix,combined,lead,coffee_arabic,19,0.0017989860995600393
vix,combined,lead,coffee_arabic,20,0.0017989860995600393
vix,combined,lead,coffee_arabic,21,0.0017989860995600393
vix,combined,lead,coffee_arabic,22,0.0017989860995600393
vix,combined,lead,coffee_arabic,23,0.0017989860995600393
vix,combined,lead,coffee_arabic,24,0.0017989860995600393
vix,combined,lead,copper,1,0
vix,combined,lead,copper,2,0
vix,combined,lead,copper,3,0.02899674177941946
vix,combined,lead,copper,4,0.03167436650391416
vix,combined,lead,copper,5,0.03225334105502919
vix,combined,lead,copper,6,0.032218311803281906
vix,combined,lead,copper,7,0.03227618853116605
vix,combined,lead,copper,8,0.0323150183574419
vix,combined,lead,copper,9,0.0323230228945758
vix,combined,lead,copper,10,0.03232337997762312
vix,combined,lead,copper,11,0.03232330114817819
vix,combined,lead,copper,12,0.03232330895834001
vix,combined,lead,copper,13,0.03232330895834001
vix,combined,lead,copper,14,0.03232330895834001
vix,combined,lead,copper,15,0.03232330895834001
vix,combined,lead,copper,16,0.03232330895834001
vix,combined,lead,copper,17,0.03232330895834001
vix,combined,lead,copper,18,0.03232330895834001
vix,combined,lead,copper,19,0.03232330895834001
vix,combined,lead,copper,20,0.03232330895834001
vix,combined,lead,copper,21,0.03232330895834001
vix,combined,lead,copper,22,0.03232330895834001
vix,combined,lead,copper,23,0.03232330895834001
vix,combined,lead,copper,24,0.03232330895834001
vix,combined,lead,cotton_a_indx,1,0
vix,combined,lead,cotton_a_indx,2,0
vix,combined,lead,cotton_a_indx,3,0.0036115232252106446
vix,combined,lead,cotton_a_indx,4,0.0036141592048402277
vix,combined,lead,cotton_a_indx,5,0.0037321782676043216
vix,combined,lead,cotton_a_indx,6,0.0037912584311379106
vix,combined,lead,cotton_a_indx,7,0.003797450400907135
vix,combined,lead,cotton_a_indx,8,0.0037971220310345382
vix,combined,lead,cotton_a_indx,9,0.003797057238912628
vix,combined,lead,cotton_a_indx,10,0.0037970547764596767
vix,combined,lead,cotton_a_indx,11,0.003797045704738711
vix,combined,lead,cotton_a_indx,12,0.0037970489839377676
vix,combined,lead,cotton_a_indx,13,0.0037970489839377676
vix,combined,lead,cotton_a_indx,14,0.0037970489839377676
vix,combined,lead,cotton_a_indx,15,0.0037970489839377676
vix,combined,lead,cotton_a_indx,16,0.0037970489839377676
vix,combined,lead,cotton_a_indx,17,0.0037970489839377676
vix,combined,lead,cotton_a_indx,18,0.0037970489839377676
vix,combined,lead,cotton_a_indx,19,0.0037970489839377676
vix,combined,lead,cotton_a_indx,20,0.0037970489839377676
vix,combined,lead,cotton_a_indx,21,0.0037970489839377676
vix,combined,lead,cotton_a_indx,22,0.0037970489839377676
vix,combined,lead,cotton_a_indx,23,0.0037970489839377676
vix,combined,lead,cotton_a_indx,24,0.0037970489839377676
vix,combined,lead,crude_wti,1,0
vix,combined,lead,crude_wti,2,0
vix,combined,lead,crude_wti,3,2.9910071300292196e-4
vix,combined,lead,crude_wti,4,5.278911676644461e-4
vix,combined,lead,crude_wti,5,6.159868075508296e-4
vix,combined,lead,crude_wti,6,6.153037012847441e-4
vix,combined,lead,crude_wti,7,6.185366166517641e-4
vix,combined,lead,crude_wti,8,6.201806669833928e-4
vix,combined,lead,crude_wti,9,6.20672658791948e-4
vix,combined,lead,crude_wti,10,6.207889045466604e-4
vix,combined,lead,crude_wti,11,6.208138835671864e-4
vix,combined,lead,crude_wti,12,6.208206653990077e-4
vix,combined,lead,crude_wti,13,6.208206653990077e-4
vix,combined,lead,crude_wti,14,6.208206653990077e-4
vix,combined,lead,crude_wti,15,6.208206653990077e-4
vix,combined,lead,crude_wti,16,6.208206653990077e-4
vix,combined,lead,crude_wti,17,6.208206653990077e-4
vix,combined,lead,crude_wti,18,6.208206653990077e-4
vix,combined,lead,crude_wti,19,6.208206653990077e-4
vix,combined,lead,crude_wti,20,6.208206653990077e-4
vix,combined,lead,crude_wti,21,6.208206653990077e-4
vix,combined,lead,crude_wti,22,6.208206653990077e-4
vix,combined,lead,crude_wti,23,6.208206653990077e-4
vix,combined,lead,crude_wti,24,6.208206653990077e-4
vix,combined,lead,gold,1,0
vix,combined,lead,gold,2,0
vix,combined,lead,gold,3,0.005990711795065967
vix,combined,lead,gold,4,0.0061861913300168166
vix,combined,lead,gold,5,0.00663495114412629
vix,combined,lead,gold,6,0.006961059697063314
vix,combined,lead,gold,7,0.007027274278144898
vix,combined,lead,gold,8,0.007028502617434085
vix,combined,lead,gold,9,0.007029869838051064
vix,combined,lead,gold,10,0.007031927001658939
vix,combined,lead,gold,11,0.007032693477588722
vix,combined,lead,gold,12,0.007032835404331994
vix,combined,lead,gold,13,0.007032835404331994
vix,combined,lead,gold,14,0.007032835404331994
vix,combined,lead,gold,15,0.007032835404331994
vix,combined,lead,gold,16,0.007032835404331994
vix,combined,lead,gold,17,0.007032835404331994
vix,combined,lead,gold,18,0.007032835404331994
vix,combined,lead,gold,19,0.007032835404331994
vix,combined,lead,gold,20,0.007032835404331994
vix,combined,lead,gold,21,0.007032835404331994
vix,combined,lead,gold,22,0.007032835404331994
vix,combined,lead,gold,23,0.007032835404331994
vix,combined,lead,gold,24,0.007032835404331994
vix,combined,lead,lead,1,0
vix,combined,lead,lead,2,1
vix,combined,lead,lead,3,0.9257156887783184
vix,combined,lead,lead,4,0.912878512507631
vix,combined,lead,lead,5,0.9084550350266268
vix,combined,lead,lead,6,0.9074155592136164
vix,combined,lead,lead,7,0.9071080716710047
vix,combined,lead,lead,8,0.9070061223901493
vix,combined,lead,lead,9,0.9069747685913406
vix,combined,lead,lead,10,0.9069659854286898
vix,combined,lead,lead,11,0.9069637937020709
vix,combined,lead,lead,12,0.9069633225083752
vix,combined,lead,lead,13,0.9069633225083752
vix,combined,lead,lead,14,0.9069633225083752
vix,combined,lead,lead,15,0.9069633225083752
vix,combined,lead,lead,16,0.9069633225083752
vix,combined,lead,lead,17,0.9069633225083752
vix,combined,lead,lead,18,0.9069633225083752
vix,combined,lead,lead,19,0.9069633225083752
vix,combined,lead,lead,20,0.9069633225083752
vix,combined,lead,lead,21,0.9069633225083752
vix,combined,lead,lead,22,0.9069633225083752
vix,combined,lead,lead,23,0.9069633225083752
vix,combined,lead,lead,24,0.9069633225083752
vix,combined,lead,maize,1,0
vix,combined,lead,maize,2,0
vix,combined,lead,maize,3,0.006353565083614525
vix,combined,lead,maize,4,0.006271300478719655
vix,combined,lead,maize,5,0.006360484543320256
vix,combined,lead,maize,6,0.006380316717088608
vix,combined,lead,maize,7,0.006379717682958217
vix,combined,lead,maize,8,0.006378986367420583
vix,combined,lead,maize,9,0.006378828793494176
vix,combined,lead,maize,10,0.0063788300246573025
vix,combined,lead,maize,11,0.006378849456742832
vix,combined,lead,maize,12,0.006378860005104753
vix,combined,lead,maize,13,0.006378860005104753
vix,combined,lead,maize,14,0.006378860005104753
vix,combined,lead,maize,15,0.006378860005104753
vix,combined,lead,maize,16,0.006378860005104753
vix,combined,lead,maize,17,0.006378860005104753
vix,combined,lead,maize,18,0.006378860005104753
vix,combined,lead,maize,19,0.006378860005104753
vix,combined,lead,maize,20,0.006378860005104753
vix,combined,lead,maize,21,0.006378860005104753
vix,combined,lead,maize,22,0.006378860005104753
vix,combined,lead,maize,23,0.006378860005104753
vix,combined,lead,maize,24,0.006378860005104753
vix,combined,lead,ngas_us,1,0
vix,combined,lead,ngas_us,2,0
vix,combined,lead,ngas_us,3,0.0025099233823486773
vix,combined,lead,ngas_us,4,0.003040237240947133
vix,combined,lead,ngas_us,5,0.0035590586805948235
vix,combined,lead,ngas_us,6,0.0036616243740415955
vix,combined,lead,ngas_us,7,0.0036712874482420716
vix,combined,lead,ngas_us,8,0.003671083613525857
vix,combined,lead,ngas_us,9,0.0036710628321635773
vix,combined,lead,ngas_us,10,0.0036711300978883006
vix,combined,lead,ngas_us,11,0.0036711385882983298
vix,combined,lead,ngas_us,12,0.003671136810448491
vix,combined,lead,ngas_us,13,0.003671136810448491
vix,combined,lead,ngas_us,14,0.003671136810448491
vix,combined,lead,ngas_us,15,0.003671136810448491
vix,combined,lead,ngas_us,16,0.003671136810448491
vix,combined,lead,ngas_us,17,0.003671136810448491
vix,combined,lead,ngas_us,18,0.003671136810448491
vix,combined,lead,ngas_us,19,0.003671136810448491
vix,combined,lead,ngas_us,20,0.003671136810448491
vix,combined,lead,ngas_us,21,0.003671136810448491
vix,combined,lead,ngas_us,22,0.003671136810448491
vix,combined,lead,ngas_us,23,0.003671136810448491
vix,combined,lead,ngas_us,24,0.003671136810448491
vix,combined,lead,nickel,1,0
vix,combined,lead,nickel,2,0
vix,combined,lead,nickel,3,0.004369890198700738
vix,combined,lead,nickel,4,0.0056632746676902315
vix,combined,lead,nickel,5,0.00569169120503897
vix,combined,lead,nickel,6,0.005728038305710231
vix,combined,lead,nickel,7,0.005807917872904894
vix,combined,lead,nickel,8,0.005848362389515891
vix,combined,lead,nickel,9,0.005858877998947052
vix,combined,lead,nickel,10,0.0058605108487314265
vix,combined,lead,nickel,11,0.005860664226420228
vix,combined,lead,nickel,12,0.0058606734766297195
vix,combined,lead,nickel,13,0.0058606734766297195
vix,combined,lead,nickel,14,0.0058606734766297195
vix,combined,lead,nickel,15,0.0058606734766297195
vix,combined,lead,nickel,16,0.0058606734766297195
vix,combined,lead,nickel,17,0.0058606734766297195
vix,combined,lead,nickel,18,0.0058606734766297195
vix,combined,lead,nickel,19,0.0058606734766297195
vix,combined,lead,nickel,20,0.0058606734766297195
vix,combined,lead,nickel,21,0.0058606734766297195
vix,combined,lead,nickel,22,0.0058606734766297195
vix,combined,lead,nickel,23,0.0058606734766297195
vix,combined,lead,nickel,24,0.0058606734766297195
vix,combined,lead,platinum,1,0
vix,combined,lead,platinum,2,0
vix,combined,lead,platinum,3,0.001600591873989439
vix,combined,lead,platinum,4,0.002441519379631466
vix,combined,lead,platinum,5,0.0026047481701984227
vix,combined,lead,platinum,6,0.0026279152515561515
vix,combined,lead,platinum,7,0.0026276328277933724
vix,combined,lead,platinum,8,0.0026284413823822344
vix,combined,lead,platinum,9,0.002630463585337184
vix,combined,lead,platinum,10,0.002631643406436299
vix,combined,lead,platinum,11,0.002632025926168211
vix,combined,lead,platinum,12,0.0026321098160184226
vix,combined,lead,platinum,13,0.0026321098160184226
vix,combined,lead,platinum,14,0.0026321098160184226
vix,combined,lead,platinum,15,0.0026321098160184226
vix,combined,lead,platinum,16,0.0026321098160184226
vix,combined,lead,platinum,17,0.0026321098160184226
vix,combined,lead,platinum,18,0.0026321098160184226
vix,combined,lead,platinum,19,0.0026321098160184226
vix,combined,lead,platinum,20,0.0026321098160184226
vix,combined,lead,platinum,21,0.0026321098160184226
vix,combined,lead,platinum,22,0.0026321098160184226
vix,combined,lead,platinum,23,0.0026321098160184226
vix,combined,lead,platinum,24,0.0026321098160184226
vix,combined,lead,silver,1,0
vix,combined,lead,silver,2,0
vix,combined,lead,silver,3,3.9367459002720826e-5
vix,combined,lead,silver,4,0.0012113866625094564
vix,combined,lead,silver,5,0.00183613381679292
vix,combined,lead,silver,6,0.002002425836580127
vix,combined,lead,silver,7,0.00202191377883544
vix,combined,lead,silver,8,0.002021964694230567
vix,combined,lead,silver,9,0.0020256139915730215
vix,combined,lead,silver,10,0.002027941178810228
vix,combined,lead,silver,11,0.002028603195687388
vix,combined,lead,silver,12,0.002028712783875642
vix,combined,lead,silver,13,0.002028712783875642
vix,combined,lead,silver,14,0.002028712783875642
vix,combined,lead,silver,15,0.002028712783875642
vix,combined,lead,silver,16,0.002028712783875642
vix,combined,lead,silver,17,0.002028712783875642
vix,combined,lead,silver,18,0.002028712783875642
vix,combined,lead,silver,19,0.002028712783875642
vix,combined,lead,silver,20,0.002028712783875642
vix,combined,lead,silver,21,0.002028712783875642
vix,combined,lead,silver,22,0.002028712783875642
vix,combined,lead,silver,23,0.002028712783875642
vix,combined,lead,silver,24,0.002028712783875642
vix,combined,lead,soybeans,1,0
vix,combined,lead,soybeans,2,0
vix,combined,lead,soybeans,3,0.0030632268177224046
vix,combined,lead,soybeans,4,0.003884151690993802
vix,combined,lead,soybeans,5,0.0039905901243575265
vix,combined,lead,soybeans,6,0.0039949776400893325
vix,combined,lead,soybeans,7,0.003998503803942351
vix,combined,lead,soybeans,8,0.004004368376977309
vix,combined,lead,soybeans,9,0.004006254668921601
vix,combined,lead,soybeans,10,0.004006460678959784
vix,combined,lead,soybeans,11,0.004006457099244759
vix,combined,lead,soybeans,12,0.004006455482528577
vix,combined,lead,soybeans,13,0.004006455482528577
vix,combined,lead,soybeans,14,0.004006455482528577
vix,combined,lead,soybeans,15,0.004006455482528577
vix,combined,lead,soybeans,16,0.004006455482528577
vix,combined,lead,soybeans,17,0.004006455482528577
vix,combined,lead,soybeans,18,0.004006455482528577
vix,combined,lead,soybeans,19,0.004006455482528577
vix,combined,lead,soybeans,20,0.004006455482528577
vix,combined,lead,soybeans,21,0.004006455482528577
vix,combined,lead,soybeans,22,0.004006455482528577
vix,combined,lead,soybeans,23,0.004006455482528577
vix,combined,lead,soybeans,24,0.004006455482528577
vix,combined,lead,sugar_wld,1,0
vix,combined,lead,sugar_wld,2,0
vix,combined,lead,sugar_wld,3,0.001447199908126474
vix,combined,lead,sugar_wld,4,0.0016861739679116033
vix,combined,lead,sugar_wld,5,0.00168425024806646
vix,combined,lead,sugar_wld,6,0.0017730463156715942
vix,combined,lead,sugar_wld,7,0.0018157403690197912
vix,combined,lead,sugar_wld,8,0.0018217373905208434
vix,combined,lead,sugar_wld,9,0.00182170984992929
vix,combined,lead,sugar_wld,10,0.0018219160128530138
vix,combined,lead,sugar_wld,11,0.0018220774509721377
vix,combined,lead,sugar_wld,12,0.001822114509172195
vix,combined,lead,sugar_wld,13,0.001822114509172195
vix,combined,lead,sugar_wld,14,0.001822114509172195
vix,combined,lead,sugar_wld,15,0.001822114509172195
vix,combined,lead,sugar_wld,16,0.001822114509172195
vix,combined,lead,sugar_wld,17,0.001822114509172195
vix,combined,lead,sugar_wld,18,0.001822114509172195
vix,combined,lead,sugar_wld,19,0.001822114509172195
vix,combined,lead,sugar_wld,20,0.001822114509172195
vix,combined,lead,sugar_wld,21,0.001822114509172195
vix,combined,lead,sugar_wld,22,0.001822114509172195
vix,combined,lead,sugar_wld,23,0.001822114509172195
vix,combined,lead,sugar_wld,24,0.001822114509172195
vix,combined,lead,tin,1,0
vix,combined,lead,tin,2,0
vix,combined,lead,tin,3,0.0012538717926728158
vix,combined,lead,tin,4,0.0012666478999459872
vix,combined,lead,tin,5,0.0014307680295845152
vix,combined,lead,tin,6,0.0014733153639360122
vix,combined,lead,tin,7,0.0014730228741195342
vix,combined,lead,tin,8,0.0014755765775260584
vix,combined,lead,tin,9,0.0014773698935682134
vix,combined,lead,tin,10,0.0014777267804944039
vix,combined,lead,tin,11,0.0014777405484268406
vix,combined,lead,tin,12,0.0014777411317154548
vix,combined,lead,tin,13,0.0014777411317154548
vix,combined,lead,tin,14,0.0014777411317154548
vix,combined,lead,tin,15,0.0014777411317154548
vix,combined,lead,tin,16,0.0014777411317154548
vix,combined,lead,tin,17,0.0014777411317154548
vix,combined,lead,tin,18,0.0014777411317154548
vix,combined,lead,tin,19,0.0014777411317154548
vix,combined,lead,tin,20,0.0014777411317154548
vix,combined,lead,tin,21,0.0014777411317154548
vix,combined,lead,tin,22,0.0014777411317154548
vix,combined,lead,tin,23,0.0014777411317154548
vix,combined,lead,tin,24,0.0014777411317154548
vix,combined,lead,wheat_us_hrw,1,0
vix,combined,lead,wheat_us_hrw,2,0
vix,combined,lead,wheat_us_hrw,3,0.008806378760425702
vix,combined,lead,wheat_us_hrw,4,0.012087069779662903
vix,combined,lead,wheat_us_hrw,5,0.012543400888650944
vix,combined,lead,wheat_us_hrw,6,0.012567015107130269
vix,combined,lead,wheat_us_hrw,7,0.01256293005083835
vix,combined,lead,wheat_us_hrw,8,0.012564206862046817
vix,combined,lead,wheat_us_hrw,9,0.012564699345311101
vix,combined,lead,wheat_us_hrw,10,0.012564619839874095
vix,combined,lead,wheat_us_hrw,11,0.012564602759148056
vix,combined,lead,wheat_us_hrw,12,0.012564619332356978
vix,combined,lead,wheat_us_hrw,13,0.012564619332356978
vix,combined,lead,wheat_us_hrw,14,0.012564619332356978
vix,combined,lead,wheat_us_hrw,15,0.012564619332356978
vix,combined,lead,wheat_us_hrw,16,0.012564619332356978
vix,combined,lead,wheat_us_hrw,17,0.012564619332356978
vix,combined,lead,wheat_us_hrw,18,0.012564619332356978
vix,combined,lead,wheat_us_hrw,19,0.012564619332356978
vix,combined,lead,wheat_us_hrw,20,0.012564619332356978
vix,combined,lead,wheat_us_hrw,21,0.012564619332356978
vix,combined,lead,wheat_us_hrw,22,0.012564619332356978
vix,combined,lead,wheat_us_hrw,23,0.012564619332356978
vix,combined,lead,wheat_us_hrw,24,0.012564619332356978
vix,combined,lead,zinc,1,0
vix,combined,lead,zinc,2,0
vix,combined,lead,zinc,3,0.0017303540493164254
vix,combined,lead,zinc,4,0.0018441314618035634
vix,combined,lead,zinc,5,0.0021105673335264376
vix,combined,lead,zinc,6,0.0021340363154575214
vix,combined,lead,zinc,7,0.002138231731109
vix,combined,lead,zinc,8,0.0021394163761750415
vix,combined,lead,zinc,9,0.0021394891493233723
vix,combined,lead,zinc,10,0.0021394725037113885
vix,combined,lead,zinc,11,0.0021394988231409414
vix,combined,lead,zinc,12,0.0021395159071333205
vix,combined,lead,zinc,13,0.0021395159071333205
vix,combined,lead,zinc,14,0.0021395159071333205
vix,combined,lead,zinc,15,0.0021395159071333205
vix,combined,lead,zinc,16,0.0021395159071333205
vix,combined,lead,zinc,17,0.0021395159071333205
vix,combined,lead,zinc,18,0.0021395159071333205
vix,combined,lead,zinc,19,0.0021395159071333205
vix,combined,lead,zinc,20,0.0021395159071333205
vix,combined,lead,zinc,21,0.0021395159071333205
vix,combined,lead,zinc,22,0.0021395159071333205
vix,combined,lead,zinc,23,0.0021395159071333205
vix,combined,lead,zinc,24,0.0021395159071333205
vix,combined,maize,aluminium,1,0
vix,combined,maize,aluminium,2,0
vix,combined,maize,aluminium,3,0.0024339627970017728
vix,combined,maize,aluminium,4,0.0024854043180251584
vix,combined,maize,aluminium,5,0.002631303518913446
vix,combined,maize,aluminium,6,0.0026509617815709805
vix,combined,maize,aluminium,7,0.002657729908116559
vix,combined,maize,aluminium,8,0.0026617074141172033
vix,combined,maize,aluminium,9,0.0026634568995880744
vix,combined,maize,aluminium,10,0.002664089076390989
vix,combined,maize,aluminium,11,0.0026643028705145835
vix,combined,maize,aluminium,12,0.0026643715577732313
vix,combined,maize,aluminium,13,0.0026643715577732313
vix,combined,maize,aluminium,14,0.0026643715577732313
vix,combined,maize,aluminium,15,0.0026643715577732313
vix,combined,maize,aluminium,16,0.0026643715577732313
vix,combined,maize,aluminium,17,0.0026643715577732313
vix,combined,maize,aluminium,18,0.0026643715577732313
vix,combined,maize,aluminium,19,0.0026643715577732313
vix,combined,maize,aluminium,20,0.0026643715577732313
vix,combined,maize,aluminium,21,0.0026643715577732313
vix,combined,maize,aluminium,22,0.0026643715577732313
vix,combined,maize,aluminium,23,0.0026643715577732313
vix,combined,maize,aluminium,24,0.0026643715577732313
vix,combined,maize,cocoa,1,0
vix,combined,maize,cocoa,2,0
vix,combined,maize,cocoa,3,4.995829618613303e-4
vix,combined,maize,cocoa,4,5.221366694980113e-4
vix,combined,maize,cocoa,5,6.302752428805048e-4
vix,combined,maize,cocoa,6,6.457248655149463e-4
vix,combined,maize,cocoa,7,6.476320264630078e-4
vix,combined,maize,cocoa,8,6.483334486264364e-4
vix,combined,maize,cocoa,9,6.485702612102242e-4
vix,combined,maize,cocoa,10,6.486301158208397e-4
vix,combined,maize,cocoa,11,6.48647433737562e-4
vix,combined,maize,cocoa,12,6.486541218175579e-4
vix,combined,maize,cocoa,13,6.486541218175579e-4
vix,combined,maize,cocoa,14,6.486541218175579e-4
vix,combined,maize,cocoa,15,6.486541218175579e-4
vix,combined,maize,cocoa,16,6.486541218175579e-4
vix,combined,maize,cocoa,17,6.486541218175579e-4
vix,combined,maize,cocoa,18,6.486541218175579e-4
vix,combined,maize,cocoa,19,6.486541218175579e-4
vix,combined,maize,cocoa,20,6.486541218175579e-4
vix,combined,maize,cocoa,21,6.486541218175579e-4
vix,combined,maize,cocoa,22,6.486541218175579e-4
vix,combined,maize,cocoa,23,6.486541218175579e-4
vix,combined,maize,cocoa,24,6.486541218175579e-4
vix,combined,maize,coffee_arabic,1,0
vix,combined,maize,coffee_arabic,2,0
vix,combined,maize,coffee_arabic,3,2.134808739706133e-4
vix,combined,maize,coffee_arabic,4,2.0697814416920047e-4
vix,combined,maize,coffee_arabic,5,2.941684041201907e-4
vix,combined,maize,coffee_arabic,6,3.7761185859525433e-4
vix,combined,maize,coffee_arabic,7,3.989738714774383e-4
vix,combined,maize,coffee_arabic,8,4.022682334135308e-4
vix,combined,maize,coffee_arabic,9,4.026812180269175e-4
vix,combined,maize,coffee_arabic,10,4.02746958760378e-4
vix,combined,maize,coffee_arabic,11,4.0276890249233045e-4
vix,combined,maize,coffee_arabic,12,4.027807672489068e-4
vix,combined,maize,coffee_arabic,13,4.027807672489068e-4
vix,combined,maize,coffee_arabic,14,4.027807672489068e-4
vix,combined,maize,coffee_arabic,15,4.027807672489068e-4
vix,combined,maize,coffee_arabic,16,4.027807672489068e-4
vix,combined,maize,coffee_arabic,17,4.027807672489068e-4
vix,combined,maize,coffee_arabic,18,4.027807672489068e-4
vix,combined,maize,coffee_arabic,19,4.027807672489068e-4
vix,combined,maize,coffee_arabic,20,4.027807672489068e-4
vix,combined,maize,coffee_arabic,21,4.027807672489068e-4
vix,combined,maize,coffee_arabic,22,4.027807672489068e-4
vix,combined,maize,coffee_arabic,23,4.027807672489068e-4
vix,combined,maize,coffee_arabic,24,4.027807672489068e-4
vix,combined,maize,copper,1,0
vix,combined,maize,copper,2,0
vix,combined,maize,copper,3,0.0019188647362689522
vix,combined,maize,copper,4,0.0024144374040430856
vix,combined,maize,copper,5,0.002436639780841495
vix,combined,maize,copper,6,0.0024366054431911406
vix,combined,maize,copper,7,0.002436662783613645
vix,combined,maize,copper,8,0.002437652778386067
vix,combined,maize,copper,9,0.002437970176251163
vix,combined,maize,copper,10,0.00243796425951949
vix,combined,maize,copper,11,0.002437956452306678
vix,combined,maize,copper,12,0.0024379648082814916
vix,combined,maize,copper,13,0.0024379648082814916
vix,combined,maize,copper,14,0.0024379648082814916
vix,combined,maize,copper,15,0.0024379648082814916
vix,combined,maize,copper,16,0.0024379648082814916
vix,combined,maize,copper,17,0.0024379648082814916
vix,combined,maize,copper,18,0.0024379648082814916
vix,combined,maize,copper,19,0.0024379648082814916
vix,combined,maize,copper,20,0.0024379648082814916
vix,combined,maize,copper,21,0.0024379648082814916
vix,combined,maize,copper,22,0.0024379648082814916
vix,combined,maize,copper,23,0.0024379648082814916
vix,combined,maize,copper,24,0.0024379648082814916
vix,combined,maize,cotton_a_indx,1,0
vix,combined,maize,cotton_a_indx,2,0
vix,combined,maize,cotton_a_indx,3,0.003824518017934118
vix,combined,maize,cotton_a_indx,4,0.004147823788432437
vix,combined,maize,cotton_a_indx,5,0.004274216701487229
vix,combined,maize,cotton_a_indx,6,0.004319923057928171
vix,combined,maize,cotton_a_indx,7,0.004340111695634929
vix,combined,maize,cotton_a_indx,8,0.004346593727796022
vix,combined,maize,cotton_a_indx,9,0.00434848839120487
vix,combined,maize,cotton_a_indx,10,0.0043490803602905925
vix,combined,maize,cotton_a_indx,11,0.004349292732061366
vix,combined,maize,cotton_a_indx,12,0.004349375628763701
vix,combined,maize,cotton_a_indx,13,0.004349375628763701
vix,combined,maize,cotton_a_indx,14,0.004349375628763701
vix,combined,maize,cotton_a_indx,15,0.004349375628763701
vix,combined,maize,cotton_a_indx,16,0.004349375628763701
vix,combined,maize,cotton_a_indx,17,0.004349375628763701
vix,combined,maize,cotton_a_indx,18,0.004349375628763701
vix,combined,maize,cotton_a_indx,19,0.004349375628763701
vix,combined,maize,cotton_a_indx,20,0.004349375628763701
vix,combined,maize,cotton_a_indx,21,0.004349375628763701
vix,combined,maize,cotton_a_indx,22,0.004349375628763701
vix,combined,maize,cotton_a_indx,23,0.004349375628763701
vix,combined,maize,cotton_a_indx,24,0.004349375628763701
vix,combined,maize,crude_wti,1,0
vix,combined,maize,crude_wti,2,0
vix,combined,maize,crude_wti,3,6.077287357291829e-4
vix,combined,maize,crude_wti,4,0.0035549753832598615
vix,combined,maize,crude_wti,5,0.003963797533961716
vix,combined,maize,crude_wti,6,0.004013843443805092
vix,combined,maize,crude_wti,7,0.004030308839336489
vix,combined,maize,crude_wti,8,0.004036730323580115
vix,combined,maize,crude_wti,9,0.004038865687302976
vix,combined,maize,crude_wti,10,0.004039566210535398
vix,combined,maize,crude_wti,11,0.004039802449992402
vix,combined,maize,crude_wti,12,0.004039881953165628
vix,combined,maize,crude_wti,13,0.004039881953165628
vix,combined,maize,crude_wti,14,0.004039881953165628
vix,combined,maize,crude_wti,15,0.004039881953165628
vix,combined,maize,crude_wti,16,0.004039881953165628
vix,combined,maize,crude_wti,17,0.004039881953165628
vix,combined,maize,crude_wti,18,0.004039881953165628
vix,combined,maize,crude_wti,19,0.004039881953165628
vix,combined,maize,crude_wti,20,0.004039881953165628
vix,combined,maize,crude_wti,21,0.004039881953165628
vix,combined,maize,crude_wti,22,0.004039881953165628
vix,combined,maize,crude_wti,23,0.004039881953165628
vix,combined,maize,crude_wti,24,0.004039881953165628
vix,combined,maize,gold,1,0
vix,combined,maize,gold,2,0
vix,combined,maize,gold,3,0.0325701023568213
vix,combined,maize,gold,4,0.040546022638791215
vix,combined,maize,gold,5,0.04146813733438788
vix,combined,maize,gold,6,0.04156266322821034
vix,combined,maize,gold,7,0.0415712783635014
vix,combined,maize,gold,8,0.04157351619916558
vix,combined,maize,gold,9,0.04157533687571709
vix,combined,maize,gold,10,0.04157660763494984
vix,combined,maize,gold,11,0.041577195531052304
vix,combined,maize,gold,12,0.041577390371279124
vix,combined,maize,gold,13,0.041577390371279124
vix,combined,maize,gold,14,0.041577390371279124
vix,combined,maize,gold,15,0.041577390371279124
vix,combined,maize,gold,16,0.041577390371279124
vix,combined,maize,gold,17,0.041577390371279124
vix,combined,maize,gold,18,0.041577390371279124
vix,combined,maize,gold,19,0.041577390371279124
vix,combined,maize,gold,20,0.041577390371279124
vix,combined,maize,gold,21,0.041577390371279124
vix,combined,maize,gold,22,0.041577390371279124
vix,combined,maize,gold,23,0.041577390371279124
vix,combined,maize,gold,24,0.041577390371279124
vix,combined,maize,lead,1,0
vix,combined,maize,lead,2,0
vix,combined,maize,lead,3,0.012981256681376271
vix,combined,maize,lead,4,0.012906021164383963
vix,combined,maize,lead,5,0.012841678670875021
vix,combined,maize,lead,6,0.012827890292652841
vix,combined,maize,lead,7,0.012824520637033885
vix,combined,maize,lead,8,0.01282344557143384
vix,combined,maize,lead,9,0.01282312637358599
vix,combined,maize,lead,10,0.012823043870274485
vix,combined,maize,lead,11,0.012823015371155861
vix,combined,maize,lead,12,0.012823003510768507
vix,combined,maize,lead,13,0.012823003510768507
vix,combined,maize,lead,14,0.012823003510768507
vix,combined,maize,lead,15,0.012823003510768507
vix,combined,maize,lead,16,0.012823003510768507
vix,combined,maize,lead,17,0.012823003510768507
vix,combined,maize,lead,18,0.012823003510768507
vix,combined,maize,lead,19,0.012823003510768507
vix,combined,maize,lead,20,0.012823003510768507
vix,combined,maize,lead,21,0.012823003510768507
vix,combined,maize,lead,22,0.012823003510768507
vix,combined,maize,lead,23,0.012823003510768507
vix,combined,maize,lead,24,0.012823003510768507
vix,combined,maize,maize,1,0
vix,combined,maize,maize,2,1
vix,combined,maize,maize,3,0.8272412454108397
vix,combined,maize,maize,4,0.8022899215351876
vix,combined,maize,maize,5,0.7988660220954978
vix,combined,maize,maize,6,0.7981381528131332
vix,combined,maize,maize,7,0.7979454892048419
vix,combined,maize,maize,8,0.7978833166112038
vix,combined,maize,maize,9,0.797859894958073
vix,combined,maize,maize,10,0.797850850998613
vix,combined,maize,maize,11,0.7978476334889145
vix,combined,maize,maize,12,0.7978466065377882
vix,combined,maize,maize,13,0.7978466065377882
vix,combined,maize,maize,14,0.7978466065377882
vix,combined,maize,maize,15,0.7978466065377882
vix,combined,maize,maize,16,0.7978466065377882
vix,combined,maize,maize,17,0.7978466065377882
vix,combined,maize,maize,18,0.7978466065377882
vix,combined,maize,maize,19,0.7978466065377882
vix,combined,maize,maize,20,0.7978466065377882
vix,combined,maize,maize,21,0.7978466065377882
vix,combined,maize,maize,22,0.7978466065377882
vix,combined,maize,maize,23,0.7978466065377882
vix,combined,maize,maize,24,0.7978466065377882
vix,combined,maize,ngas_us,1,0
vix,combined,maize,ngas_us,2,0
vix,combined,maize,ngas_us,3,0.003014997793991882
vix,combined,maize,ngas_us,4,0.002931948841424209
vix,combined,maize,ngas_us,5,0.0030171286127580067
vix,combined,maize,ngas_us,6,0.003093908592500648
vix,combined,maize,ngas_us,7,0.0031137664789179717
vix,combined,maize,ngas_us,8,0.003116487908751107
vix,combined,maize,ngas_us,9,0.0031167300784152364
vix,combined,maize,ngas_us,10,0.00311672414015151
vix,combined,maize,ngas_us,11,0.003116714468650617
vix,combined,maize,ngas_us,12,0.0031167119102324245
vix,combined,maize,ngas_us,13,0.0031167119102324245
vix,combined,maize,ngas_us,14,0.0031167119102324245
vix,combined,maize,ngas_us,15,0.0031167119102324245
vix,combined,maize,ngas_us,16,0.0031167119102324245
vix,combined,maize,ngas_us,17,0.0031167119102324245
vix,combined,maize,ngas_us,18,0.0031167119102324245
vix,combined,maize,ngas_us,19,0.0031167119102324245
vix,combined,maize,ngas_us,20,0.0031167119102324245
vix,combined,maize,ngas_us,21,0.0031167119102324245
vix,combined,maize,ngas_us,22,0.0031167119102324245
vix,combined,maize,ngas_us,23,0.0031167119102324245
vix,combined,maize,ngas_us,24,0.0031167119102324245
vix,combined,maize,nickel,1,0
vix,combined,maize,nickel,2,0
vix,combined,maize,nickel,3,6.26683990141916e-4
vix,combined,maize,nickel,4,0.001793710367484633
vix,combined,maize,nickel,5,0.002039245341612187
vix,combined,maize,nickel,6,0.002059931286006989
vix,combined,maize,nickel,7,0.002059404994998484
vix,combined,maize,nickel,8,0.002060269368332408
vix,combined,maize,nickel,9,0.002061072763669902
vix,combined,maize,nickel,10,0.0020612985531925825
vix,combined,maize,nickel,11,0.0020613257410723447
vix,combined,maize,nickel,12,0.0020613254164175486
vix,combined,maize,nickel,13,0.0020613254164175486
vix,combined,maize,nickel,14,0.0020613254164175486
vix,combined,maize,nickel,15,0.0020613254164175486
vix,combined,maize,nickel,16,0.0020613254164175486
vix,combined,maize,nickel,17,0.0020613254164175486
vix,combined,maize,nickel,18,0.0020613254164175486
vix,combined,maize,nickel,19,0.0020613254164175486
vix,combined,maize,nickel,20,0.0020613254164175486
vix,combined,maize,nickel,21,0.0020613254164175486
vix,combined,maize,nickel,22,0.0020613254164175486
vix,combined,maize,nickel,23,0.0020613254164175486
vix,combined,maize,nickel,24,0.0020613254164175486
vix,combined,maize,platinum,1,0
vix,combined,maize,platinum,2,0
vix,combined,maize,platinum,3,0.005771871869541529
vix,combined,maize,platinum,4,0.007383809162654646
vix,combined,maize,platinum,5,0.007521305707353481
vix,combined,maize,platinum,6,0.007564477779488879
vix,combined,maize,platinum,7,0.007591944364636897
vix,combined,maize,platinum,8,0.007607127373177089
vix,combined,maize,platinum,9,0.00761407337424915
vix,combined,maize,platinum,10,0.0076168613706398556
vix,combined,maize,platinum,11,0.00761783655162354
vix,combined,maize,platinum,12,0.007618137874083184
vix,combined,maize,platinum,13,0.007618137874083184
vix,combined,maize,platinum,14,0.007618137874083184
vix,combined,maize,platinum,15,0.007618137874083184
vix,combined,maize,platinum,16,0.007618137874083184
vix,combined,maize,platinum,17,0.007618137874083184
vix,combined,maize,platinum,18,0.007618137874083184
vix,combined,maize,platinum,19,0.007618137874083184
vix,combined,maize,platinum,20,0.007618137874083184
vix,combined,maize,platinum,21,0.007618137874083184
vix,combined,maize,platinum,22,0.007618137874083184
vix,combined,maize,platinum,23,0.007618137874083184
vix,combined,maize,platinum,24,0.007618137874083184
vix,combined,maize,silver,1,0
vix,combined,maize,silver,2,0
vix,combined,maize,silver,3,0.02952710960723767
vix,combined,maize,silver,4,0.034867549076304474
vix,combined,maize,silver,5,0.035155289607436024
vix,combined,maize,silver,6,0.035225792569113575
vix,combined,maize,silver,7,0.03525434760116274
vix,combined,maize,silver,8,0.035264885812656084
vix,combined,maize,silver,9,0.0352695679812937
vix,combined,maize,silver,10,0.035271658602541084
vix,combined,maize,silver,11,0.03527242182459883
vix,combined,maize,silver,12,0.03527264729535733
vix,combined,maize,silver,13,0.03527264729535733
vix,combined,maize,silver,14,0.03527264729535733
vix,combined,maize,silver,15,0.03527264729535733
vix,combined,maize,silver,16,0.03527264729535733
vix,combined,maize,silver,17,0.03527264729535733
vix,combined,maize,silver,18,0.03527264729535733
vix,combined,maize,silver,19,0.03527264729535733
vix,combined,maize,silver,20,0.03527264729535733
vix,combined,maize,silver,21,0.03527264729535733
vix,combined,maize,silver,22,0.03527264729535733
vix,combined,maize,silver,23,0.03527264729535733
vix,combined,maize,silver,24,0.03527264729535733
vix,combined,maize,soybeans,1,0
vix,combined,maize,soybeans,2,0
vix,combined,maize,soybeans,3,0.004349392501088896
vix,combined,maize,soybeans,4,0.004224308588528644
vix,combined,maize,soybeans,5,0.004208185106188643
vix,combined,maize,soybeans,6,0.00420378977593161
vix,combined,maize,soybeans,7,0.004204753228634493
vix,combined,maize,soybeans,8,0.004207113844455034
vix,combined,maize,soybeans,9,0.004208547182154727
vix,combined,maize,soybeans,10,0.00420906835268083
vix,combined,maize,soybeans,11,0.0042092017604677635
vix,combined,maize,soybeans,12,0.004209230797241273
vix,combined,maize,soybeans,13,0.004209230797241273
vix,combined,maize,soybeans,14,0.004209230797241273
vix,combined,maize,soybeans,15,0.004209230797241273
vix,combined,maize,soybeans,16,0.004209230797241273
vix,combined,maize,soybeans,17,0.004209230797241273
vix,combined,maize,soybeans,18,0.004209230797241273
vix,combined,maize,soybeans,19,0.004209230797241273
vix,combined,maize,soybeans,20,0.004209230797241273
vix,combined,maize,soybeans,21,0.004209230797241273
vix,combined,maize,soybeans,22,0.004209230797241273
vix,combined,maize,soybeans,23,0.004209230797241273
vix,combined,maize,soybeans,24,0.004209230797241273
vix,combined,maize,sugar_wld,1,0
vix,combined,maize,sugar_wld,2,0
vix,combined,maize,sugar_wld,3,0.00995607876350979
vix,combined,maize,sugar_wld,4,0.011573962694898878
vix,combined,maize,sugar_wld,5,0.01205712551480172
vix,combined,maize,sugar_wld,6,0.012147232122073203
vix,combined,maize,sugar_wld,7,0.012158795933828348
vix,combined,maize,sugar_wld,8,0.012160812592018368
vix,combined,maize,sugar_wld,9,0.012161690925847408
vix,combined,maize,sugar_wld,10,0.012162194284866376
vix,combined,maize,sugar_wld,11,0.012162428090318948
vix,combined,maize,sugar_wld,12,0.012162510253220233
vix,combined,maize,sugar_wld,13,0.012162510253220233
vix,combined,maize,sugar_wld,14,0.012162510253220233
vix,combined,maize,sugar_wld,15,0.012162510253220233
vix,combined,maize,sugar_wld,16,0.012162510253220233
vix,combined,maize,sugar_wld,17,0.012162510253220233
vix,combined,maize,sugar_wld,18,0.012162510253220233
vix,combined,maize,sugar_wld,19,0.012162510253220233
vix,combined,maize,sugar_wld,20,0.012162510253220233
vix,combined,maize,sugar_wld,21,0.012162510253220233
vix,combined,maize,sugar_wld,22,0.012162510253220233
vix,combined,maize,sugar_wld,23,0.012162510253220233
vix,combined,maize,sugar_wld,24,0.012162510253220233
vix,combined,maize,tin,1,0
vix,combined,maize,tin,2,0
vix,combined,maize,tin,3,0.013201795624760676
vix,combined,maize,tin,4,0.016242552898034068
vix,combined,maize,tin,5,0.016743792282577115
vix,combined,maize,tin,6,0.016897249683674707
vix,combined,maize,tin,7,0.016936260707668994
vix,combined,maize,tin,8,0.016942771891055898
vix,combined,maize,tin,9,0.01694344679797487
vix,combined,maize,tin,10,0.016943472175664092
vix,combined,maize,tin,11,0.01694347345192247
vix,combined,maize,tin,12,0.016943482431462206
vix,combined,maize,tin,13,0.016943482431462206
vix,combined,maize,tin,14,0.016943482431462206
vix,combined,maize,tin,15,0.016943482431462206
vix,combined,maize,tin,16,0.016943482431462206
vix,combined,maize,tin,17,0.016943482431462206
vix,combined,maize,tin,18,0.016943482431462206
vix,combined,maize,tin,19,0.016943482431462206
vix,combined,maize,tin,20,0.016943482431462206
vix,combined,maize,tin,21,0.016943482431462206
vix,combined,maize,tin,22,0.016943482431462206
vix,combined,maize,tin,23,0.016943482431462206
vix,combined,maize,tin,24,0.016943482431462206
vix,combined,maize,wheat_us_hrw,1,0
vix,combined,maize,wheat_us_hrw,2,0
vix,combined,maize,wheat_us_hrw,3,0.021786686841298367
vix,combined,maize,wheat_us_hrw,4,0.02267046204457618
vix,combined,maize,wheat_us_hrw,5,0.02273982281784193
vix,combined,maize,wheat_us_hrw,6,0.022745386526376084
vix,combined,maize,wheat_us_hrw,7,0.022747374536804095
vix,combined,maize,wheat_us_hrw,8,0.022748179541491165
vix,combined,maize,wheat_us_hrw,9,0.022748323428937477
vix,combined,maize,wheat_us_hrw,10,0.022748246668488892
vix,combined,maize,wheat_us_hrw,11,0.022748175291826718
vix,combined,maize,wheat_us_hrw,12,0.022748144317323762
vix,combined,maize,wheat_us_hrw,13,0.022748144317323762
vix,combined,maize,wheat_us_hrw,14,0.022748144317323762
vix,combined,maize,wheat_us_hrw,15,0.022748144317323762
vix,combined,maize,wheat_us_hrw,16,0.022748144317323762
vix,combined,maize,wheat_us_hrw,17,0.022748144317323762
vix,combined,maize,wheat_us_hrw,18,0.022748144317323762
vix,combined,maize,wheat_us_hrw,19,0.022748144317323762
vix,combined,maize,wheat_us_hrw,20,0.022748144317323762
vix,combined,maize,wheat_us_hrw,21,0.022748144317323762
vix,combined,maize,wheat_us_hrw,22,0.022748144317323762
vix,combined,maize,wheat_us_hrw,23,0.022748144317323762
vix,combined,maize,wheat_us_hrw,24,0.022748144317323762
vix,combined,maize,zinc,1,0
vix,combined,maize,zinc,2,0
vix,combined,maize,zinc,3,0.029474640436626166
vix,combined,maize,zinc,4,0.029237975280303648
vix,combined,maize,zinc,5,0.02911186572646543
vix,combined,maize,zinc,6,0.029088854880232495
vix,combined,maize,zinc,7,0.029080644823328824
vix,combined,maize,zinc,8,0.029078787360339923
vix,combined,maize,zinc,9,0.029078156626497414
vix,combined,maize,zinc,10,0.029077896366619803
vix,combined,maize,zinc,11,0.02907780758729121
vix,combined,maize,zinc,12,0.029077780447775627
vix,combined,maize,zinc,13,0.029077780447775627
vix,combined,maize,zinc,14,0.029077780447775627
vix,combined,maize,zinc,15,0.029077780447775627
vix,combined,maize,zinc,16,0.029077780447775627
vix,combined,maize,zinc,17,0.029077780447775627
vix,combined,maize,zinc,18,0.029077780447775627
vix,combined,maize,zinc,19,0.029077780447775627
vix,combined,maize,zinc,20,0.029077780447775627
vix,combined,maize,zinc,21,0.029077780447775627
vix,combined,maize,zinc,22,0.029077780447775627
vix,combined,maize,zinc,23,0.029077780447775627
vix,combined,maize,zinc,24,0.029077780447775627
vix,combined,ngas_us,aluminium,1,0
vix,combined,ngas_us,aluminium,2,0
vix,combined,ngas_us,aluminium,3,0.004841269901953651
vix,combined,ngas_us,aluminium,4,0.0048119656929598836
vix,combined,ngas_us,aluminium,5,0.004911085374987418
vix,combined,ngas_us,aluminium,6,0.00497562514062173
vix,combined,ngas_us,aluminium,7,0.004990350636597391
vix,combined,ngas_us,aluminium,8,0.0049938651508008094
vix,combined,ngas_us,aluminium,9,0.0049950814299626976
vix,combined,ngas_us,aluminium,10,0.004995494660500951
vix,combined,ngas_us,aluminium,11,0.004995616415668347
vix,combined,ngas_us,aluminium,12,0.004995650583998054
vix,combined,ngas_us,aluminium,13,0.004995650583998054
vix,combined,ngas_us,aluminium,14,0.004995650583998054
vix,combined,ngas_us,aluminium,15,0.004995650583998054
vix,combined,ngas_us,aluminium,16,0.004995650583998054
vix,combined,ngas_us,aluminium,17,0.004995650583998054
vix,combined,ngas_us,aluminium,18,0.004995650583998054
vix,combined,ngas_us,aluminium,19,0.004995650583998054
vix,combined,ngas_us,aluminium,20,0.004995650583998054
vix,combined,ngas_us,aluminium,21,0.004995650583998054
vix,combined,ngas_us,aluminium,22,0.004995650583998054
vix,combined,ngas_us,aluminium,23,0.004995650583998054
vix,combined,ngas_us,aluminium,24,0.004995650583998054
vix,combined,ngas_us,cocoa,1,0
vix,combined,ngas_us,cocoa,2,0
vix,combined,ngas_us,cocoa,3,2.929502215290222e-4
vix,combined,ngas_us,cocoa,4,2.924766977776425e-4
vix,combined,ngas_us,cocoa,5,2.954354561091773e-4
vix,combined,ngas_us,cocoa,6,2.9971108138952444e-4
vix,combined,ngas_us,cocoa,7,3.014522801465648e-4
vix,combined,ngas_us,cocoa,8,3.016334538693435e-4
vix,combined,ngas_us,cocoa,9,3.016436898745573e-4
vix,combined,ngas_us,cocoa,10,3.016447955945684e-4
vix,combined,ngas_us,cocoa,11,3.016456292351371e-4
vix,combined,ngas_us,cocoa,12,3.016463898714235e-4
vix,combined,ngas_us,cocoa,13,3.016463898714235e-4
vix,combined,ngas_us,cocoa,14,3.016463898714235e-4
vix,combined,ngas_us,cocoa,15,3.016463898714235e-4
vix,combined,ngas_us,cocoa,16,3.016463898714235e-4
vix,combined,ngas_us,cocoa,17,3.016463898714235e-4
vix,combined,ngas_us,cocoa,18,3.016463898714235e-4
vix,combined,ngas_us,cocoa,19,3.016463898714235e-4
vix,combined,ngas_us,cocoa,20,3.016463898714235e-4
vix,combined,ngas_us,cocoa,21,3.016463898714235e-4
vix,combined,ngas_us,cocoa,22,3.016463898714235e-4
vix,combined,ngas_us,cocoa,23,3.016463898714235e-4
vix,combined,ngas_us,cocoa,24,3.016463898714235e-4
vix,combined,ngas_us,coffee_arabic,1,0
vix,combined,ngas_us,coffee_arabic,2,0
vix,combined,ngas_us,coffee_arabic,3,0.005636651585121954
vix,combined,ngas_us,coffee_arabic,4,0.005612215691301467
vix,combined,ngas_us,coffee_arabic,5,0.005630068623395641
vix,combined,ngas_us,coffee_arabic,6,0.005662768309359011
vix,combined,ngas_us,coffee_arabic,7,0.005669253912988229
vix,combined,ngas_us,coffee_arabic,8,0.005669438528333712
vix,combined,ngas_us,coffee_arabic,9,0.005669301092235276
vix,combined,ngas_us,coffee_arabic,10,0.005669254519074577
vix,combined,ngas_us,coffee_arabic,11,0.005669250970022521
vix,combined,ngas_us,coffee_arabic,12,0.005669257890583608
vix,combined,ngas_us,coffee_arabic,13,0.005669257890583608
vix,combined,ngas_us,coffee_arabic,14,0.005669257890583608
vix,combined,ngas_us,coffee_arabic,15,0.005669257890583608
vix,combined,ngas_us,coffee_arabic,16,0.005669257890583608
vix,combined,ngas_us,coffee_arabic,17,0.005669257890583608
vix,combined,ngas_us,coffee_arabic,18,0.005669257890583608
vix,combined,ngas_us,coffee_arabic,19,0.005669257890583608
vix,combined,ngas_us,coffee_arabic,20,0.005669257890583608
vix,combined,ngas_us,coffee_arabic,21,0.005669257890583608
vix,combined,ngas_us,coffee_arabic,22,0.005669257890583608
vix,combined,ngas_us,coffee_arabic,23,0.005669257890583608
vix,combined,ngas_us,coffee_arabic,24,0.005669257890583608
vix,combined,ngas_us,copper,1,0
vix,combined,ngas_us,copper,2,0
vix,combined,ngas_us,copper,3,1.5264519668731154e-4
vix,combined,ngas_us,copper,4,8.297245005339745e-4
vix,combined,ngas_us,copper,5,9.492969653842559e-4
vix,combined,ngas_us,copper,6,9.588428258088636e-4
vix,combined,ngas_us,copper,7,9.623626311754033e-4
vix,combined,ngas_us,copper,8,9.665954887274909e-4
vix,combined,ngas_us,copper,9,9.677454065295478e-4
vix,combined,ngas_us,copper,10,9.678174663334243e-4
vix,combined,ngas_us,copper,11,9.678164363394406e-4
vix,combined,ngas_us,copper,12,9.678227970757105e-4
vix,combined,ngas_us,copper,13,9.678227970757105e-4
vix,combined,ngas_us,copper,14,9.678227970757105e-4
vix,combined,ngas_us,copper,15,9.678227970757105e-4
vix,combined,ngas_us,copper,16,9.678227970757105e-4
vix,combined,ngas_us,copper,17,9.678227970757105e-4
vix,combined,ngas_us,copper,18,9.678227970757105e-4
vix,combined,ngas_us,copper,19,9.678227970757105e-4
vix,combined,ngas_us,copper,20,9.678227970757105e-4
vix,combined,ngas_us,copper,21,9.678227970757105e-4
vix,combined,ngas_us,copper,22,9.678227970757105e-4
vix,combined,ngas_us,copper,23,9.678227970757105e-4
vix,combined,ngas_us,copper,24,9.678227970757105e-4
vix,combined,ngas_us,cotton_a_indx,1,0
vix,combined,ngas_us,cotton_a_indx,2,0
vix,combined,ngas_us,cotton_a_indx,3,0.005850250807526997
vix,combined,ngas_us,cotton_a_indx,4,0.006060994245034478
vix,combined,ngas_us,cotton_a_indx,5,0.006210472651706347
vix,combined,ngas_us,cotton_a_indx,6,0.006240874154337941
vix,combined,ngas_us,cotton_a_indx,7,0.006250339807132674
vix,combined,ngas_us,cotton_a_indx,8,0.006252465960019742
vix,combined,ngas_us,cotton_a_indx,9,0.006252886317985459
vix,combined,ngas_us,cotton_a_indx,10,0.006252990626548891
vix,combined,ngas_us,cotton_a_indx,11,0.006253038648616453
vix,combined,ngas_us,cotton_a_indx,12,0.006253064452215575
vix,combined,ngas_us,cotton_a_indx,13,0.006253064452215575
vix,combined,ngas_us,cotton_a_indx,14,0.006253064452215575
vix,combined,ngas_us,cotton_a_indx,15,0.006253064452215575
vix,combined,ngas_us,cotton_a_indx,16,0.006253064452215575
vix,combined,ngas_us,cotton_a_indx,17,0.006253064452215575
vix,combined,ngas_us,cotton_a_indx,18,0.006253064452215575
vix,combined,ngas_us,cotton_a_indx,19,0.006253064452215575
vix,combined,ngas_us,cotton_a_indx,20,0.006253064452215575
vix,combined,ngas_us,cotton_a_indx,21,0.006253064452215575
vix,combined,ngas_us,cotton_a_indx,22,0.006253064452215575
vix,combined,ngas_us,cotton_a_indx,23,0.006253064452215575
vix,combined,ngas_us,cotton_a_indx,24,0.006253064452215575
vix,combined,ngas_us,crude_wti,1,0
vix,combined,ngas_us,crude_wti,2,0
vix,combined,ngas_us,crude_wti,3,0.0017130298432462294
vix,combined,ngas_us,crude_wti,4,0.001792077665295223
vix,combined,ngas_us,crude_wti,5,0.001885845330446452
vix,combined,ngas_us,crude_wti,6,0.0019009303628959595
vix,combined,ngas_us,crude_wti,7,0.001904338753742648
vix,combined,ngas_us,crude_wti,8,0.0019065580775522704
vix,combined,ngas_us,crude_wti,9,0.0019076971236757475
vix,combined,ngas_us,crude_wti,10,0.0019080906886636746
vix,combined,ngas_us,crude_wti,11,0.0019082069092730804
vix,combined,ngas_us,crude_wti,12,0.0019082413949050873
vix,combined,ngas_us,crude_wti,13,0.0019082413949050873
vix,combined,ngas_us,crude_wti,14,0.0019082413949050873
vix,combined,ngas_us,crude_wti,15,0.0019082413949050873
vix,combined,ngas_us,crude_wti,16,0.0019082413949050873
vix,combined,ngas_us,crude_wti,17,0.0019082413949050873
vix,combined,ngas_us,crude_wti,18,0.0019082413949050873
vix,combined,ngas_us,crude_wti,19,0.0019082413949050873
vix,combined,ngas_us,crude_wti,20,0.0019082413949050873
vix,combined,ngas_us,crude_wti,21,0.0019082413949050873
vix,combined,ngas_us,crude_wti,22,0.0019082413949050873
vix,combined,ngas_us,crude_wti,23,0.0019082413949050873
vix,combined,ngas_us,crude_wti,24,0.0019082413949050873
vix,combined,ngas_us,gold,1,0
vix,combined,ngas_us,gold,2,0
vix,combined,ngas_us,gold,3,0.01288543895061683
vix,combined,ngas_us,gold,4,0.012925224962373496
vix,combined,ngas_us,gold,5,0.012936511885125287
vix,combined,ngas_us,gold,6,0.012932148425053575
vix,combined,ngas_us,gold,7,0.012930514293316922
vix,combined,ngas_us,gold,8,0.012932404650247553
vix,combined,ngas_us,gold,9,0.012935520015779413
vix,combined,ngas_us,gold,10,0.012937319279871937
vix,combined,ngas_us,gold,11,0.012937940051961033
vix,combined,ngas_us,gold,12,0.012938090228143902
vix,combined,ngas_us,gold,13,0.012938090228143902
vix,combined,ngas_us,gold,14,0.012938090228143902
vix,combined,ngas_us,gold,15,0.012938090228143902
vix,combined,ngas_us,gold,16,0.012938090228143902
vix,combined,ngas_us,gold,17,0.012938090228143902
vix,combined,ngas_us,gold,18,0.012938090228143902
vix,combined,ngas_us,gold,19,0.012938090228143902
vix,combined,ngas_us,gold,20,0.012938090228143902
vix,combined,ngas_us,gold,21,0.012938090228143902
vix,combined,ngas_us,gold,22,0.012938090228143902
vix,combined,ngas_us,gold,23,0.012938090228143902
vix,combined,ngas_us,gold,24,0.012938090228143902
vix,combined,ngas_us,lead,1,0
vix,combined,ngas_us,lead,2,0
vix,combined,ngas_us,lead,3,0.0037436376150952843
vix,combined,ngas_us,lead,4,0.003936496852917377
vix,combined,ngas_us,lead,5,0.0039318253180289095
vix,combined,ngas_us,lead,6,0.003938833414808234
vix,combined,ngas_us,lead,7,0.0039384524568795475
vix,combined,ngas_us,lead,8,0.003939949586884912
vix,combined,ngas_us,lead,9,0.0039409347740824345
vix,combined,ngas_us,lead,10,0.003941205907742459
vix,combined,ngas_us,lead,11,0.003941248173582777
vix,combined,ngas_us,lead,12,0.0039412508752717495
vix,combined,ngas_us,lead,13,0.0039412508752717495
vix,combined,ngas_us,lead,14,0.0039412508752717495
vix,combined,ngas_us,lead,15,0.0039412508752717495
vix,combined,ngas_us,lead,16,0.0039412508752717495
vix,combined,ngas_us,lead,17,0.0039412508752717495
vix,combined,ngas_us,lead,18,0.0039412508752717495
vix,combined,ngas_us,lead,19,0.0039412508752717495
vix,combined,ngas_us,lead,20,0.0039412508752717495
vix,combined,ngas_us,lead,21,0.0039412508752717495
vix,combined,ngas_us,lead,22,0.0039412508752717495
vix,combined,ngas_us,lead,23,0.0039412508752717495
vix,combined,ngas_us,lead,24,0.0039412508752717495
vix,combined,ngas_us,maize,1,0
vix,combined,ngas_us,maize,2,0
vix,combined,ngas_us,maize,3,0.001264280855895503
vix,combined,ngas_us,maize,4,0.0012567112735062983
vix,combined,ngas_us,maize,5,0.001256644640927304
vix,combined,ngas_us,maize,6,0.001287128192406401
vix,combined,ngas_us,maize,7,0.0013084618533179446
vix,combined,ngas_us,maize,8,0.001315387094860818
vix,combined,ngas_us,maize,9,0.001317597409388708
vix,combined,ngas_us,maize,10,0.0013182913039858732
vix,combined,ngas_us,maize,11,0.0013184946200168245
vix,combined,ngas_us,maize,12,0.001318551838893611
vix,combined,ngas_us,maize,13,0.001318551838893611
vix,combined,ngas_us,maize,14,0.001318551838893611
vix,combined,ngas_us,maize,15,0.001318551838893611
vix,combined,ngas_us,maize,16,0.001318551838893611
vix,combined,ngas_us,maize,17,0.001318551838893611
vix,combined,ngas_us,maize,18,0.001318551838893611
vix,combined,ngas_us,maize,19,0.001318551838893611
vix,combined,ngas_us,maize,20,0.001318551838893611
vix,combined,ngas_us,maize,21,0.001318551838893611
vix,combined,ngas_us,maize,22,0.001318551838893611
vix,combined,ngas_us,maize,23,0.001318551838893611
vix,combined,ngas_us,maize,24,0.001318551838893611
vix,combined,ngas_us,ngas_us,1,0
vix,combined,ngas_us,ngas_us,2,1
vix,combined,ngas_us,ngas_us,3,0.918481491766774
vix,combined,ngas_us,ngas_us,4,0.9130530313495296
vix,combined,ngas_us,ngas_us,5,0.9120249463375313
vix,combined,ngas_us,ngas_us,6,0.9117345834161327
vix,combined,ngas_us,ngas_us,7,0.9116236889777067
vix,combined,ngas_us,ngas_us,8,0.9115689307009517
vix,combined,ngas_us,ngas_us,9,0.91154545760493
vix,combined,ngas_us,ngas_us,10,0.9115374254917182
vix,combined,ngas_us,ngas_us,11,0.9115350887332979
vix,combined,ngas_us,ngas_us,12,0.9115344807027072
vix,combined,ngas_us,ngas_us,13,0.9115344807027072
vix,combined,ngas_us,ngas_us,14,0.9115344807027072
vix,combined,ngas_us,ngas_us,15,0.9115344807027072
vix,combined,ngas_us,ngas_us,16,0.9115344807027072
vix,combined,ngas_us,ngas_us,17,0.9115344807027072
vix,combined,ngas_us,ngas_us,18,0.9115344807027072
vix,combined,ngas_us,ngas_us,19,0.9115344807027072
vix,combined,ngas_us,ngas_us,20,0.9115344807027072
vix,combined,ngas_us,ngas_us,21,0.9115344807027072
vix,combined,ngas_us,ngas_us,22,0.9115344807027072
vix,combined,ngas_us,ngas_us,23,0.9115344807027072
vix,combined,ngas_us,ngas_us,24,0.9115344807027072
vix,combined,ngas_us,nickel,1,0
vix,combined,ngas_us,nickel,2,0
vix,combined,ngas_us,nickel,3,0.0040470601800960135
vix,combined,ngas_us,nickel,4,0.004026316390421003
vix,combined,ngas_us,nickel,5,0.004029136475052176
vix,combined,ngas_us,nickel,6,0.004033106636251439
vix,combined,ngas_us,nickel,7,0.004049759172092213
vix,combined,ngas_us,nickel,8,0.004057940629212895
vix,combined,ngas_us,nickel,9,0.0040601232750919905
vix,combined,ngas_us,nickel,10,0.004060514603538806
vix,combined,ngas_us,nickel,11,0.004060564986175665
vix,combined,ngas_us,nickel,12,0.004060571214559305
vix,combined,ngas_us,nickel,13,0.004060571214559305
vix,combined,ngas_us,nickel,14,0.004060571214559305
vix,combined,ngas_us,nickel,15,0.004060571214559305
vix,combined,ngas_us,nickel,16,0.004060571214559305
vix,combined,ngas_us,nickel,17,0.004060571214559305
vix,combined,ngas_us,nickel,18,0.004060571214559305
vix,combined,ngas_us,nickel,19,0.004060571214559305
vix,combined,ngas_us,nickel,20,0.004060571214559305
vix,combined,ngas_us,nickel,21,0.004060571214559305
vix,combined,ngas_us,nickel,22,0.004060571214559305
vix,combined,ngas_us,nickel,23,0.004060571214559305
vix,combined,ngas_us,nickel,24,0.004060571214559305
vix,combined,ngas_us,platinum,1,0
vix,combined,ngas_us,platinum,2,0
vix,combined,ngas_us,platinum,3,0.0015238673655434316
vix,combined,ngas_us,platinum,4,0.001706982182800394
vix,combined,ngas_us,platinum,5,0.0020279586742777867
vix,combined,ngas_us,platinum,6,0.002123692461057191
vix,combined,ngas_us,platinum,7,0.0021548828049067783
vix,combined,ngas_us,platinum,8,0.002169057042392203
vix,combined,ngas_us,platinum,9,0.0021746530671499127
vix,combined,ngas_us,platinum,10,0.0021764645257539277
vix,combined,ngas_us,platinum,11,0.002176962757556277
vix,combined,ngas_us,platinum,12,0.002177085683793738
vix,combined,ngas_us,platinum,13,0.002177085683793738
vix,combined,ngas_us,platinum,14,0.002177085683793738
vix,combined,ngas_us,platinum,15,0.002177085683793738
vix,combined,ngas_us,platinum,16,0.002177085683793738
vix,combined,ngas_us,platinum,17,0.002177085683793738
vix,combined,ngas_us,platinum,18,0.002177085683793738
vix,combined,ngas_us,platinum,19,0.002177085683793738
vix,combined,ngas_us,platinum,20,0.002177085683793738
vix,combined,ngas_us,platinum,21,0.002177085683793738
vix,combined,ngas_us,platinum,22,0.002177085683793738
vix,combined,ngas_us,platinum,23,0.002177085683793738
vix,combined,ngas_us,platinum,24,0.002177085683793738
vix,combined,ngas_us,silver,1,0
vix,combined,ngas_us,silver,2,0
vix,combined,ngas_us,silver,3,0.018307868973297458
vix,combined,ngas_us,silver,4,0.01824368176795522
vix,combined,ngas_us,silver,5,0.0182992002484318
vix,combined,ngas_us,silver,6,0.01829655744210328
vix,combined,ngas_us,silver,7,0.018298482181837
vix,combined,ngas_us,silver,8,0.01830422793871947
vix,combined,ngas_us,silver,9,0.01830835106173991
vix,combined,ngas_us,silver,10,0.01831010751377978
vix,combined,ngas_us,silver,11,0.018310649812465798
vix,combined,ngas_us,silver,12,0.018310779910185825
vix,combined,ngas_us,silver,13,0.018310779910185825
vix,combined,ngas_us,silver,14,0.018310779910185825
vix,combined,ngas_us,silver,15,0.018310779910185825
vix,combined,ngas_us,silver,16,0.018310779910185825
vix,combined,ngas_us,silver,17,0.018310779910185825
vix,combined,ngas_us,silver,18,0.018310779910185825
vix,combined,ngas_us,silver,19,0.018310779910185825
vix,combined,ngas_us,silver,20,0.018310779910185825
vix,combined,ngas_us,silver,21,0.018310779910185825
vix,combined,ngas_us,silver,22,0.018310779910185825
vix,combined,ngas_us,silver,23,0.018310779910185825
vix,combined,ngas_us,silver,24,0.018310779910185825
vix,combined,ngas_us,soybeans,1,0
vix,combined,ngas_us,soybeans,2,0
vix,combined,ngas_us,soybeans,3,0.00244862758094324
vix,combined,ngas_us,soybeans,4,0.002433604996793405
vix,combined,ngas_us,soybeans,5,0.0024751439975094487
vix,combined,ngas_us,soybeans,6,0.0024742965248124643
vix,combined,ngas_us,soybeans,7,0.0024781974056842003
vix,combined,ngas_us,soybeans,8,0.002481922091623514
vix,combined,ngas_us,soybeans,9,0.0024831077434962494
vix,combined,ngas_us,soybeans,10,0.002483325520062798
vix,combined,ngas_us,soybeans,11,0.0024833493167185114
vix,combined,ngas_us,soybeans,12,0.0024833512349693256
vix,combined,ngas_us,soybeans,13,0.0024833512349693256
vix,combined,ngas_us,soybeans,14,0.0024833512349693256
vix,combined,ngas_us,soybeans,15,0.0024833512349693256
vix,combined,ngas_us,soybeans,16,0.0024833512349693256
vix,combined,ngas_us,soybeans,17,0.0024833512349693256
vix,combined,ngas_us,soybeans,18,0.0024833512349693256
vix,combined,ngas_us,soybeans,19,0.0024833512349693256
vix,combined,ngas_us,soybeans,20,0.0024833512349693256
vix,combined,ngas_us,soybeans,21,0.0024833512349693256
vix,combined,ngas_us,soybeans,22,0.0024833512349693256
vix,combined,ngas_us,soybeans,23,0.0024833512349693256
vix,combined,ngas_us,soybeans,24,0.0024833512349693256
vix,combined,ngas_us,sugar_wld,1,0
vix,combined,ngas_us,sugar_wld,2,0
vix,combined,ngas_us,sugar_wld,3,0.010786967928253151
vix,combined,ngas_us,sugar_wld,4,0.012307014219722818
vix,combined,ngas_us,sugar_wld,5,0.012387059952298265
vix,combined,ngas_us,sugar_wld,6,0.012383706424370115
vix,combined,ngas_us,sugar_wld,7,0.01238232026593851
vix,combined,ngas_us,sugar_wld,8,0.012381569923654625
vix,combined,ngas_us,sugar_wld,9,0.01238144122636346
vix,combined,ngas_us,sugar_wld,10,0.01238158706700656
vix,combined,ngas_us,sugar_wld,11,0.012381680118445699
vix,combined,ngas_us,sugar_wld,12,0.01238170611963385
vix,combined,ngas_us,sugar_wld,13,0.01238170611963385
vix,combined,ngas_us,sugar_wld,14,0.01238170611963385
vix,combined,ngas_us,sugar_wld,15,0.01238170611963385
vix,combined,ngas_us,sugar_wld,16,0.01238170611963385
vix,combined,ngas_us,sugar_wld,17,0.01238170611963385
vix,combined,ngas_us,sugar_wld,18,0.01238170611963385
vix,combined,ngas_us,sugar_wld,19,0.01238170611963385
vix,combined,ngas_us,sugar_wld,20,0.01238170611963385
vix,combined,ngas_us,sugar_wld,21,0.01238170611963385
vix,combined,ngas_us,sugar_wld,22,0.01238170611963385
vix,combined,ngas_us,sugar_wld,23,0.01238170611963385
vix,combined,ngas_us,sugar_wld,24,0.01238170611963385
vix,combined,ngas_us,tin,1,0
vix,combined,ngas_us,tin,2,0
vix,combined,ngas_us,tin,3,6.557226729138872e-4
vix,combined,ngas_us,tin,4,9.488358034563606e-4
vix,combined,ngas_us,tin,5,9.963688905335266e-4
vix,combined,ngas_us,tin,6,9.97401709055037e-4
vix,combined,ngas_us,tin,7,9.97778837306661e-4
vix,combined,ngas_us,tin,8,9.985058330843927e-4
vix,combined,ngas_us,tin,9,9.988367602281624e-4
vix,combined,ngas_us,tin,10,9.988810038909332e-4
vix,combined,ngas_us,tin,11,9.98878523007188e-4
vix,combined,ngas_us,tin,12,9.988816122714474e-4
vix,combined,ngas_us,tin,13,9.988816122714474e-4
vix,combined,ngas_us,tin,14,9.988816122714474e-4
vix,combined,ngas_us,tin,15,9.988816122714474e-4
vix,combined,ngas_us,tin,16,9.988816122714474e-4
vix,combined,ngas_us,tin,17,9.988816122714474e-4
vix,combined,ngas_us,tin,18,9.988816122714474e-4
vix,combined,ngas_us,tin,19,9.988816122714474e-4
vix,combined,ngas_us,tin,20,9.988816122714474e-4
vix,combined,ngas_us,tin,21,9.988816122714474e-4
vix,combined,ngas_us,tin,22,9.988816122714474e-4
vix,combined,ngas_us,tin,23,9.988816122714474e-4
vix,combined,ngas_us,tin,24,9.988816122714474e-4
vix,combined,ngas_us,wheat_us_hrw,1,0
vix,combined,ngas_us,wheat_us_hrw,2,0
vix,combined,ngas_us,wheat_us_hrw,3,2.5228687697586547e-4
vix,combined,ngas_us,wheat_us_hrw,4,2.6375926191423164e-4
vix,combined,ngas_us,wheat_us_hrw,5,2.6612105631930406e-4
vix,combined,ngas_us,wheat_us_hrw,6,2.661369963280062e-4
vix,combined,ngas_us,wheat_us_hrw,7,2.664171868420657e-4
vix,combined,ngas_us,wheat_us_hrw,8,2.6717541907826366e-4
vix,combined,ngas_us,wheat_us_hrw,9,2.6749169468283856e-4
vix,combined,ngas_us,wheat_us_hrw,10,2.6753018730333076e-4
vix,combined,ngas_us,wheat_us_hrw,11,2.6752964051709603e-4
vix,combined,ngas_us,wheat_us_hrw,12,2.675306916643096e-4
vix,combined,ngas_us,wheat_us_hrw,13,2.675306916643096e-4
vix,combined,ngas_us,wheat_us_hrw,14,2.675306916643096e-4
vix,combined,ngas_us,wheat_us_hrw,15,2.675306916643096e-4
vix,combined,ngas_us,wheat_us_hrw,16,2.675306916643096e-4
vix,combined,ngas_us,wheat_us_hrw,17,2.675306916643096e-4
vix,combined,ngas_us,wheat_us_hrw,18,2.675306916643096e-4
vix,combined,ngas_us,wheat_us_hrw,19,2.675306916643096e-4
vix,combined,ngas_us,wheat_us_hrw,20,2.675306916643096e-4
vix,combined,ngas_us,wheat_us_hrw,21,2.675306916643096e-4
vix,combined,ngas_us,wheat_us_hrw,22,2.675306916643096e-4
vix,combined,ngas_us,wheat_us_hrw,23,2.675306916643096e-4
vix,combined,ngas_us,wheat_us_hrw,24,2.675306916643096e-4
vix,combined,ngas_us,zinc,1,0
vix,combined,ngas_us,zinc,2,0
vix,combined,ngas_us,zinc,3,0.007115951677530258
vix,combined,ngas_us,zinc,4,0.009498886445707028
vix,combined,ngas_us,zinc,5,0.00948687812193573
vix,combined,ngas_us,zinc,6,0.00949365648320858
vix,combined,ngas_us,zinc,7,0.009492946542388223
vix,combined,ngas_us,zinc,8,0.009492372429986184
vix,combined,ngas_us,zinc,9,0.009492130306803685
vix,combined,ngas_us,zinc,10,0.009492054838629202
vix,combined,ngas_us,zinc,11,0.009492038257100136
vix,combined,ngas_us,zinc,12,0.009492036379256451
vix,combined,ngas_us,zinc,13,0.009492036379256451
vix,combined,ngas_us,zinc,14,0.009492036379256451
vix,combined,ngas_us,zinc,15,0.009492036379256451
vix,combined,ngas_us,zinc,16,0.009492036379256451
vix,combined,ngas_us,zinc,17,0.009492036379256451
vix,combined,ngas_us,zinc,18,0.009492036379256451
vix,combined,ngas_us,zinc,19,0.009492036379256451
vix,combined,ngas_us,zinc,20,0.009492036379256451
vix,combined,ngas_us,zinc,21,0.009492036379256451
vix,combined,ngas_us,zinc,22,0.009492036379256451
vix,combined,ngas_us,zinc,23,0.009492036379256451
vix,combined,ngas_us,zinc,24,0.009492036379256451
vix,combined,nickel,aluminium,1,0
vix,combined,nickel,aluminium,2,0
vix,combined,nickel,aluminium,3,0.0022088419917326353
vix,combined,nickel,aluminium,4,0.002218760147906042
vix,combined,nickel,aluminium,5,0.00225686358141657
vix,combined,nickel,aluminium,6,0.0023070649652761894
vix,combined,nickel,aluminium,7,0.0023250698173501506
vix,combined,nickel,aluminium,8,0.0023314988068203974
vix,combined,nickel,aluminium,9,0.0023338831611045777
vix,combined,nickel,aluminium,10,0.0023346847927057674
vix,combined,nickel,aluminium,11,0.0023349235160458146
vix,combined,nickel,aluminium,12,0.0023349896568190067
vix,combined,nickel,aluminium,13,0.0023349896568190067
vix,combined,nickel,aluminium,14,0.0023349896568190067
vix,combined,nickel,aluminium,15,0.0023349896568190067
vix,combined,nickel,aluminium,16,0.0023349896568190067
vix,combined,nickel,aluminium,17,0.0023349896568190067
vix,combined,nickel,aluminium,18,0.0023349896568190067
vix,combined,nickel,aluminium,19,0.0023349896568190067
vix,combined,nickel,aluminium,20,0.0023349896568190067
vix,combined,nickel,aluminium,21,0.0023349896568190067
vix,combined,nickel,aluminium,22,0.0023349896568190067
vix,combined,nickel,aluminium,23,0.0023349896568190067
vix,combined,nickel,aluminium,24,0.0023349896568190067
vix,combined,nickel,cocoa,1,0
vix,combined,nickel,cocoa,2,0
vix,combined,nickel,cocoa,3,2.3629172178146083e-5
vix,combined,nickel,cocoa,4,1.1144495969999001e-4
vix,combined,nickel,cocoa,5,1.3202825644945156e-4
vix,combined,nickel,cocoa,6,1.3209382251541657e-4
vix,combined,nickel,cocoa,7,1.3332269402806436e-4
vix,combined,nickel,cocoa,8,1.3373477903652983e-4
vix,combined,nickel,cocoa,9,1.3382008142086255e-4
vix,combined,nickel,cocoa,10,1.338335478199359e-4
vix,combined,nickel,cocoa,11,1.3383644450700856e-4
vix,combined,nickel,cocoa,12,1.3383780154644552e-4
vix,combined,nickel,cocoa,13,1.3383780154644552e-4
vix,combined,nickel,cocoa,14,1.3383780154644552e-4
vix,combined,nickel,cocoa,15,1.3383780154644552e-4
vix,combined,nickel,cocoa,16,1.3383780154644552e-4
vix,combined,nickel,cocoa,17,1.3383780154644552e-4
vix,combined,nickel,cocoa,18,1.3383780154644552e-4
vix,combined,nickel,cocoa,19,1.3383780154644552e-4
vix,combined,nickel,cocoa,20,1.3383780154644552e-4
vix,combined,nickel,cocoa,21,1.3383780154644552e-4
vix,combined,nickel,cocoa,22,1.3383780154644552e-4
vix,combined,nickel,cocoa,23,1.3383780154644552e-4
vix,combined,nickel,cocoa,24,1.3383780154644552e-4
vix,combined,nickel,coffee_arabic,1,0
vix,combined,nickel,coffee_arabic,2,0
vix,combined,nickel,coffee_arabic,3,9.223523781529702e-5
vix,combined,nickel,coffee_arabic,4,1.0876498729815925e-4
vix,combined,nickel,coffee_arabic,5,2.2808419117034825e-4
vix,combined,nickel,coffee_arabic,6,3.0875784525074857e-4
vix,combined,nickel,coffee_arabic,7,3.342051558475438e-4
vix,combined,nickel,coffee_arabic,8,3.3757816272035493e-4
vix,combined,nickel,coffee_arabic,9,3.377931004319593e-4
vix,combined,nickel,coffee_arabic,10,3.378031355867623e-4
vix,combined,nickel,coffee_arabic,11,3.3781028126163786e-4
vix,combined,nickel,coffee_arabic,12,3.378196332035993e-4
vix,combined,nickel,coffee_arabic,13,3.378196332035993e-4
vix,combined,nickel,coffee_arabic,14,3.378196332035993e-4
vix,combined,nickel,coffee_arabic,15,3.378196332035993e-4
vix,combined,nickel,coffee_arabic,16,3.378196332035993e-4
vix,combined,nickel,coffee_arabic,17,3.378196332035993e-4
vix,combined,nickel,coffee_arabic,18,3.378196332035993e-4
vix,combined,nickel,coffee_arabic,19,3.378196332035993e-4
vix,combined,nickel,coffee_arabic,20,3.378196332035993e-4
vix,combined,nickel,coffee_arabic,21,3.378196332035993e-4
vix,combined,nickel,coffee_arabic,22,3.378196332035993e-4
vix,combined,nickel,coffee_arabic,23,3.378196332035993e-4
vix,combined,nickel,coffee_arabic,24,3.378196332035993e-4
vix,combined,nickel,copper,1,0
vix,combined,nickel,copper,2,0
vix,combined,nickel,copper,3,8.159906758845378e-8
vix,combined,nickel,copper,4,1.7275004187181686e-4
vix,combined,nickel,copper,5,1.861369287360171e-4
vix,combined,nickel,copper,6,1.8667646748898558e-4
vix,combined,nickel,copper,7,1.959720821492629e-4
vix,combined,nickel,copper,8,2.0698328118866493e-4
vix,combined,nickel,copper,9,2.1109212365645952e-4
vix,combined,nickel,copper,10,2.1180134107923074e-4
vix,combined,nickel,copper,11,2.118385240787652e-4
vix,combined,nickel,copper,12,2.1183891087982575e-4
vix,combined,nickel,copper,13,2.1183891087982575e-4
vix,combined,nickel,copper,14,2.1183891087982575e-4
vix,combined,nickel,copper,15,2.1183891087982575e-4
vix,combined,nickel,copper,16,2.1183891087982575e-4
vix,combined,nickel,copper,17,2.1183891087982575e-4
vix,combined,nickel,copper,18,2.1183891087982575e-4
vix,combined,nickel,copper,19,2.1183891087982575e-4
vix,combined,nickel,copper,20,2.1183891087982575e-4
vix,combined,nickel,copper,21,2.1183891087982575e-4
vix,combined,nickel,copper,22,2.1183891087982575e-4
vix,combined,nickel,copper,23,2.1183891087982575e-4
vix,combined,nickel,copper,24,2.1183891087982575e-4
vix,combined,nickel,cotton_a_indx,1,0
vix,combined,nickel,cotton_a_indx,2,0
vix,combined,nickel,cotton_a_indx,3,0.0055418418554236525
vix,combined,nickel,cotton_a_indx,4,0.005578247302172568
vix,combined,nickel,cotton_a_indx,5,0.005651335752049349
vix,combined,nickel,cotton_a_indx,6,0.005729007314810363
vix,combined,nickel,cotton_a_indx,7,0.005759176076434932
vix,combined,nickel,cotton_a_indx,8,0.005768604756509099
vix,combined,nickel,cotton_a_indx,9,0.00577082985522565
vix,combined,nickel,cotton_a_indx,10,0.00577134162407318
vix,combined,nickel,cotton_a_indx,11,0.005771488129835195
vix,combined,nickel,cotton_a_indx,12,0.0057715432155222395
vix,combined,nickel,cotton_a_indx,13,0.0057715432155222395
vix,combined,nickel,cotton_a_indx,14,0.0057715432155222395
vix,combined,nickel,cotton_a_indx,15,0.0057715432155222395
vix,combined,nickel,cotton_a_indx,16,0.0057715432155222395
vix,combined,nickel,cotton_a_indx,17,0.0057715432155222395
vix,combined,nickel,cotton_a_indx,18,0.0057715432155222395
vix,combined,nickel,cotton_a_indx,19,0.0057715432155222395
vix,combined,nickel,cotton_a_indx,20,0.0057715432155222395
vix,combined,nickel,cotton_a_indx,21,0.0057715432155222395
vix,combined,nickel,cotton_a_indx,22,0.0057715432155222395
vix,combined,nickel,cotton_a_indx,23,0.0057715432155222395
vix,combined,nickel,cotton_a_indx,24,0.0057715432155222395
vix,combined,nickel,crude_wti,1,0
vix,combined,nickel,crude_wti,2,0
vix,combined,nickel,crude_wti,3,8.175509906307655e-4
vix,combined,nickel,crude_wti,4,0.002271126348077641
vix,combined,nickel,crude_wti,5,0.0024805933489409414
vix,combined,nickel,crude_wti,6,0.0024977905550574763
vix,combined,nickel,crude_wti,7,0.0024974264473151086
vix,combined,nickel,crude_wti,8,0.0024996996595925518
vix,combined,nickel,crude_wti,9,0.0025015789254322373
vix,combined,nickel,crude_wti,10,0.002502372772949012
vix,combined,nickel,crude_wti,11,0.0025026327849467594
vix,combined,nickel,crude_wti,12,0.002502710619473126
vix,combined,nickel,crude_wti,13,0.002502710619473126
vix,combined,nickel,crude_wti,14,0.002502710619473126
vix,combined,nickel,crude_wti,15,0.002502710619473126
vix,combined,nickel,crude_wti,16,0.002502710619473126
vix,combined,nickel,crude_wti,17,0.002502710619473126
vix,combined,nickel,crude_wti,18,0.002502710619473126
vix,combined,nickel,crude_wti,19,0.002502710619473126
vix,combined,nickel,crude_wti,20,0.002502710619473126
vix,combined,nickel,crude_wti,21,0.002502710619473126
vix,combined,nickel,crude_wti,22,0.002502710619473126
vix,combined,nickel,crude_wti,23,0.002502710619473126
vix,combined,nickel,crude_wti,24,0.002502710619473126
vix,combined,nickel,gold,1,0
vix,combined,nickel,gold,2,0
vix,combined,nickel,gold,3,0.00687305318322773
vix,combined,nickel,gold,4,0.00836229716894185
vix,combined,nickel,gold,5,0.008521746742976998
vix,combined,nickel,gold,6,0.008521828200196292
vix,combined,nickel,gold,7,0.008524598004574677
vix,combined,nickel,gold,8,0.008523961065391933
vix,combined,nickel,gold,9,0.008525003129624772
vix,combined,nickel,gold,10,0.008526518845560146
vix,combined,nickel,gold,11,0.008527327606264094
vix,combined,nickel,gold,12,0.008527586795494393
vix,combined,nickel,gold,13,0.008527586795494393
vix,combined,nickel,gold,14,0.008527586795494393
vix,combined,nickel,gold,15,0.008527586795494393
vix,combined,nickel,gold,16,0.008527586795494393
vix,combined,nickel,gold,17,0.008527586795494393
vix,combined,nickel,gold,18,0.008527586795494393
vix,combined,nickel,gold,19,0.008527586795494393
vix,combined,nickel,gold,20,0.008527586795494393
vix,combined,nickel,gold,21,0.008527586795494393
vix,combined,nickel,gold,22,0.008527586795494393
vix,combined,nickel,gold,23,0.008527586795494393
vix,combined,nickel,gold,24,0.008527586795494393
vix,combined,nickel,lead,1,0
vix,combined,nickel,lead,2,0
vix,combined,nickel,lead,3,1.7375857272059596e-5
vix,combined,nickel,lead,4,3.678344793053957e-5
vix,combined,nickel,lead,5,1.3554601639895902e-4
vix,combined,nickel,lead,6,1.5332970763857028e-4
vix,combined,nickel,lead,7,1.5342633317472272e-4
vix,combined,nickel,lead,8,1.5511531211176752e-4
vix,combined,nickel,lead,9,1.5680801387243438e-4
vix,combined,nickel,lead,10,1.5754026130778982e-4
vix,combined,nickel,lead,11,1.5772669079680768e-4
vix,combined,nickel,lead,12,1.5775689936063308e-4
vix,combined,nickel,lead,13,1.5775689936063308e-4
vix,combined,nickel,lead,14,1.5775689936063308e-4
vix,combined,nickel,lead,15,1.5775689936063308e-4
vix,combined,nickel,lead,16,1.5775689936063308e-4
vix,combined,nickel,lead,17,1.5775689936063308e-4
vix,combined,nickel,lead,18,1.5775689936063308e-4
vix,combined,nickel,lead,19,1.5775689936063308e-4
vix,combined,nickel,lead,20,1.5775689936063308e-4
vix,combined,nickel,lead,21,1.5775689936063308e-4
vix,combined,nickel,lead,22,1.5775689936063308e-4
vix,combined,nickel,lead,23,1.5775689936063308e-4
vix,combined,nickel,lead,24,1.5775689936063308e-4
vix,combined,nickel,maize,1,0
vix,combined,nickel,maize,2,0
vix,combined,nickel,maize,3,6.810143273282988e-4
vix,combined,nickel,maize,4,0.0018498035410971472
vix,combined,nickel,maize,5,0.0020758293982868904
vix,combined,nickel,maize,6,0.002076382512851941
vix,combined,nickel,maize,7,0.0020798810310771686
vix,combined,nickel,maize,8,0.002084224832984728
vix,combined,nickel,maize,9,0.0020866058423824538
vix,combined,nickel,maize,10,0.0020875674911118624
vix,combined,nickel,maize,11,0.002087884894439953
vix,combined,nickel,maize,12,0.0020879799887825426
vix,combined,nickel,maize,13,0.0020879799887825426
vix,combined,nickel,maize,14,0.0020879799887825426
vix,combined,nickel,maize,15,0.0020879799887825426
vix,combined,nickel,maize,16,0.0020879799887825426
vix,combined,nickel,maize,17,0.0020879799887825426
vix,combined,nickel,maize,18,0.0020879799887825426
vix,combined,nickel,maize,19,0.0020879799887825426
vix,combined,nickel,maize,20,0.0020879799887825426
vix,combined,nickel,maize,21,0.0020879799887825426
vix,combined,nickel,maize,22,0.0020879799887825426
vix,combined,nickel,maize,23,0.0020879799887825426
vix,combined,nickel,maize,24,0.0020879799887825426
vix,combined,nickel,ngas_us,1,0
vix,combined,nickel,ngas_us,2,0
vix,combined,nickel,ngas_us,3,0.010261324399960877
vix,combined,nickel,ngas_us,4,0.010132214829009835
vix,combined,nickel,ngas_us,5,0.010117088037101265
vix,combined,nickel,ngas_us,6,0.010145465006170033
vix,combined,nickel,ngas_us,7,0.010156415493649786
vix,combined,nickel,ngas_us,8,0.010157664343163496
vix,combined,nickel,ngas_us,9,0.010157435854888344
vix,combined,nickel,ngas_us,10,0.0101573096827446
vix,combined,nickel,ngas_us,11,0.010157268751722555
vix,combined,nickel,ngas_us,12,0.01015725716218708
vix,combined,nickel,ngas_us,13,0.01015725716218708
vix,combined,nickel,ngas_us,14,0.01015725716218708
vix,combined,nickel,ngas_us,15,0.01015725716218708
vix,combined,nickel,ngas_us,16,0.01015725716218708
vix,combined,nickel,ngas_us,17,0.01015725716218708
vix,combined,nickel,ngas_us,18,0.01015725716218708
vix,combined,nickel,ngas_us,19,0.01015725716218708
vix,combined,nickel,ngas_us,20,0.01015725716218708
vix,combined,nickel,ngas_us,21,0.01015725716218708
vix,combined,nickel,ngas_us,22,0.01015725716218708
vix,combined,nickel,ngas_us,23,0.01015725716218708
vix,combined,nickel,ngas_us,24,0.01015725716218708
vix,combined,nickel,nickel,1,0
vix,combined,nickel,nickel,2,1
vix,combined,nickel,nickel,3,0.9405737354948666
vix,combined,nickel,nickel,4,0.934000549581501
vix,combined,nickel,nickel,5,0.9326655888774149
vix,combined,nickel,nickel,6,0.9322846101957166
vix,combined,nickel,nickel,7,0.932147372252528
vix,combined,nickel,nickel,8,0.932088138091562
vix,combined,nickel,nickel,9,0.9320611079676954
vix,combined,nickel,nickel,10,0.9320502545495254
vix,combined,nickel,nickel,11,0.9320465791561039
vix,combined,nickel,nickel,12,0.9320455083139374
vix,combined,nickel,nickel,13,0.9320455083139374
vix,combined,nickel,nickel,14,0.9320455083139374
vix,combined,nickel,nickel,15,0.9320455083139374
vix,combined,nickel,nickel,16,0.9320455083139374
vix,combined,nickel,nickel,17,0.9320455083139374
vix,combined,nickel,nickel,18,0.9320455083139374
vix,combined,nickel,nickel,19,0.9320455083139374
vix,combined,nickel,nickel,20,0.9320455083139374
vix,combined,nickel,nickel,21,0.9320455083139374
vix,combined,nickel,nickel,22,0.9320455083139374
vix,combined,nickel,nickel,23,0.9320455083139374
vix,combined,nickel,nickel,24,0.9320455083139374
vix,combined,nickel,platinum,1,0
vix,combined,nickel,platinum,2,0
vix,combined,nickel,platinum,3,0.003572788875700055
vix,combined,nickel,platinum,4,0.0037367583511289395
vix,combined,nickel,platinum,5,0.0037384673000661933
vix,combined,nickel,platinum,6,0.0037602830301548995
vix,combined,nickel,platinum,7,0.003780634228990519
vix,combined,nickel,platinum,8,0.003792918655446564
vix,combined,nickel,platinum,9,0.0037988267234722946
vix,combined,nickel,platinum,10,0.003801096462466348
vix,combined,nickel,platinum,11,0.003801821791855534
vix,combined,nickel,platinum,12,0.0038020187734107897
vix,combined,nickel,platinum,13,0.0038020187734107897
vix,combined,nickel,platinum,14,0.0038020187734107897
vix,combined,nickel,platinum,15,0.0038020187734107897
vix,combined,nickel,platinum,16,0.0038020187734107897
vix,combined,nickel,platinum,17,0.0038020187734107897
vix,combined,nickel,platinum,18,0.0038020187734107897
vix,combined,nickel,platinum,19,0.0038020187734107897
vix,combined,nickel,platinum,20,0.0038020187734107897
vix,combined,nickel,platinum,21,0.0038020187734107897
vix,combined,nickel,platinum,22,0.0038020187734107897
vix,combined,nickel,platinum,23,0.0038020187734107897
vix,combined,nickel,platinum,24,0.0038020187734107897
vix,combined,nickel,silver,1,0
vix,combined,nickel,silver,2,0
vix,combined,nickel,silver,3,0.012253700292581743
vix,combined,nickel,silver,4,0.013649754237461415
vix,combined,nickel,silver,5,0.013674606278918663
vix,combined,nickel,silver,6,0.013672713109149475
vix,combined,nickel,silver,7,0.013670698646029844
vix,combined,nickel,silver,8,0.013670966041175917
vix,combined,nickel,silver,9,0.013673170404632834
vix,combined,nickel,silver,10,0.013674887011754412
vix,combined,nickel,silver,11,0.013675631022383035
vix,combined,nickel,silver,12,0.013675850997470079
vix,combined,nickel,silver,13,0.013675850997470079
vix,combined,nickel,silver,14,0.013675850997470079
vix,combined,nickel,silver,15,0.013675850997470079
vix,combined,nickel,silver,16,0.013675850997470079
vix,combined,nickel,silver,17,0.013675850997470079
vix,combined,nickel,silver,18,0.013675850997470079
vix,combined,nickel,silver,19,0.013675850997470079
vix,combined,nickel,silver,20,0.013675850997470079
vix,combined,nickel,silver,21,0.013675850997470079
vix,combined,nickel,silver,22,0.013675850997470079
vix,combined,nickel,silver,23,0.013675850997470079
vix,combined,nickel,silver,24,0.013675850997470079
vix,combined,nickel,soybeans,1,0
vix,combined,nickel,soybeans,2,0
vix,combined,nickel,soybeans,3,1.7947844782427523e-4
vix,combined,nickel,soybeans,4,4.067828630399819e-4
vix,combined,nickel,soybeans,5,4.3090755275990383e-4
vix,combined,nickel,soybeans,6,4.349560933067894e-4
vix,combined,nickel,soybeans,7,4.4541958964612263e-4
vix,combined,nickel,soybeans,8,4.530748481731687e-4
vix,combined,nickel,soybeans,9,4.5623875805662705e-4
vix,combined,nickel,soybeans,10,4.57032448918259e-4
vix,combined,nickel,soybeans,11,4.571665532691333e-4
vix,combined,nickel,soybeans,12,4.571833186692077e-4
vix,combined,nickel,soybeans,13,4.571833186692077e-4
vix,combined,nickel,soybeans,14,4.571833186692077e-4
vix,combined,nickel,soybeans,15,4.571833186692077e-4
vix,combined,nickel,soybeans,16,4.571833186692077e-4
vix,combined,nickel,soybeans,17,4.571833186692077e-4
vix,combined,nickel,soybeans,18,4.571833186692077e-4
vix,combined,nickel,soybeans,19,4.571833186692077e-4
vix,combined,nickel,soybeans,20,4.571833186692077e-4
vix,combined,nickel,soybeans,21,4.571833186692077e-4
vix,combined,nickel,soybeans,22,4.571833186692077e-4
vix,combined,nickel,soybeans,23,4.571833186692077e-4
vix,combined,nickel,soybeans,24,4.571833186692077e-4
vix,combined,nickel,sugar_wld,1,0
vix,combined,nickel,sugar_wld,2,0
vix,combined,nickel,sugar_wld,3,0.0034865302025037684
vix,combined,nickel,sugar_wld,4,0.003574568331370888
vix,combined,nickel,sugar_wld,5,0.0037474494104136687
vix,combined,nickel,sugar_wld,6,0.003776346529540061
vix,combined,nickel,sugar_wld,7,0.00377665431317692
vix,combined,nickel,sugar_wld,8,0.003776374284017301
vix,combined,nickel,sugar_wld,9,0.0037763469792223207
vix,combined,nickel,sugar_wld,10,0.003776531012861149
vix,combined,nickel,sugar_wld,11,0.003776684551799421
vix,combined,nickel,sugar_wld,12,0.003776744450806942
vix,combined,nickel,sugar_wld,13,0.003776744450806942
vix,combined,nickel,sugar_wld,14,0.003776744450806942
vix,combined,nickel,sugar_wld,15,0.003776744450806942
vix,combined,nickel,sugar_wld,16,0.003776744450806942
vix,combined,nickel,sugar_wld,17,0.003776744450806942
vix,combined,nickel,sugar_wld,18,0.003776744450806942
vix,combined,nickel,sugar_wld,19,0.003776744450806942
vix,combined,nickel,sugar_wld,20,0.003776744450806942
vix,combined,nickel,sugar_wld,21,0.003776744450806942
vix,combined,nickel,sugar_wld,22,0.003776744450806942
vix,combined,nickel,sugar_wld,23,0.003776744450806942
vix,combined,nickel,sugar_wld,24,0.003776744450806942
vix,combined,nickel,tin,1,0
vix,combined,nickel,tin,2,0
vix,combined,nickel,tin,3,0.005695915610762579
vix,combined,nickel,tin,4,0.006023195570056199
vix,combined,nickel,tin,5,0.006139317747917556
vix,combined,nickel,tin,6,0.006177173698700067
vix,combined,nickel,tin,7,0.00618495318144852
vix,combined,nickel,tin,8,0.006184954455793223
vix,combined,nickel,tin,9,0.00618476120579689
vix,combined,nickel,tin,10,0.0061846965289316415
vix,combined,nickel,tin,11,0.006184672106421368
vix,combined,nickel,tin,12,0.006184673585261703
vix,combined,nickel,tin,13,0.006184673585261703
vix,combined,nickel,tin,14,0.006184673585261703
vix,combined,nickel,tin,15,0.006184673585261703
vix,combined,nickel,tin,16,0.006184673585261703
vix,combined,nickel,tin,17,0.006184673585261703
vix,combined,nickel,tin,18,0.006184673585261703
vix,combined,nickel,tin,19,0.006184673585261703
vix,combined,nickel,tin,20,0.006184673585261703
vix,combined,nickel,tin,21,0.006184673585261703
vix,combined,nickel,tin,22,0.006184673585261703
vix,combined,nickel,tin,23,0.006184673585261703
vix,combined,nickel,tin,24,0.006184673585261703
vix,combined,nickel,wheat_us_hrw,1,0
vix,combined,nickel,wheat_us_hrw,2,0
vix,combined,nickel,wheat_us_hrw,3,0.00757479986698476
vix,combined,nickel,wheat_us_hrw,4,0.007513214439688301
vix,combined,nickel,wheat_us_hrw,5,0.007524006929998404
vix,combined,nickel,wheat_us_hrw,6,0.007528396418881706
vix,combined,nickel,wheat_us_hrw,7,0.007527489308598968
vix,combined,nickel,wheat_us_hrw,8,0.00752723388797671
vix,combined,nickel,wheat_us_hrw,9,0.007527412994072719
vix,combined,nickel,wheat_us_hrw,10,0.007527444523850258
vix,combined,nickel,wheat_us_hrw,11,0.007527424242062957
vix,combined,nickel,wheat_us_hrw,12,0.007527415574281838
vix,combined,nickel,wheat_us_hrw,13,0.007527415574281838
vix,combined,nickel,wheat_us_hrw,14,0.007527415574281838
vix,combined,nickel,wheat_us_hrw,15,0.007527415574281838
vix,combined,nickel,wheat_us_hrw,16,0.007527415574281838
vix,combined,nickel,wheat_us_hrw,17,0.007527415574281838
vix,combined,nickel,wheat_us_hrw,18,0.007527415574281838
vix,combined,nickel,wheat_us_hrw,19,0.007527415574281838
vix,combined,nickel,wheat_us_hrw,20,0.007527415574281838
vix,combined,nickel,wheat_us_hrw,21,0.007527415574281838
vix,combined,nickel,wheat_us_hrw,22,0.007527415574281838
vix,combined,nickel,wheat_us_hrw,23,0.007527415574281838
vix,combined,nickel,wheat_us_hrw,24,0.007527415574281838
vix,combined,nickel,zinc,1,0
vix,combined,nickel,zinc,2,0
vix,combined,nickel,zinc,3,1.4610259413928113e-4
vix,combined,nickel,zinc,4,2.5298385174769253e-4
vix,combined,nickel,zinc,5,2.9440364898394747e-4
vix,combined,nickel,zinc,6,3.071245272942805e-4
vix,combined,nickel,zinc,7,3.072853439797794e-4
vix,combined,nickel,zinc,8,3.0727473633553916e-4
vix,combined,nickel,zinc,9,3.072848790111588e-4
vix,combined,nickel,zinc,10,3.072839667542165e-4
vix,combined,nickel,zinc,11,3.072829522062116e-4
vix,combined,nickel,zinc,12,3.0728430289334843e-4
vix,combined,nickel,zinc,13,3.0728430289334843e-4
vix,combined,nickel,zinc,14,3.0728430289334843e-4
vix,combined,nickel,zinc,15,3.0728430289334843e-4
vix,combined,nickel,zinc,16,3.0728430289334843e-4
vix,combined,nickel,zinc,17,3.0728430289334843e-4
vix,combined,nickel,zinc,18,3.0728430289334843e-4
vix,combined,nickel,zinc,19,3.0728430289334843e-4
vix,combined,nickel,zinc,20,3.0728430289334843e-4
vix,combined,nickel,zinc,21,3.0728430289334843e-4
vix,combined,nickel,zinc,22,3.0728430289334843e-4
vix,combined,nickel,zinc,23,3.0728430289334843e-4
vix,combined,nickel,zinc,24,3.0728430289334843e-4
vix,combined,platinum,aluminium,1,0
vix,combined,platinum,aluminium,2,0
vix,combined,platinum,aluminium,3,9.467138689075471e-4
vix,combined,platinum,aluminium,4,9.743567918136874e-4
vix,combined,platinum,aluminium,5,9.73909048176423e-4
vix,combined,platinum,aluminium,6,9.77649246561e-4
vix,combined,platinum,aluminium,7,9.777485687482912e-4
vix,combined,platinum,aluminium,8,9.778706607619391e-4
vix,combined,platinum,aluminium,9,9.780348505302383e-4
vix,combined,platinum,aluminium,10,9.780911284121506e-4
vix,combined,platinum,aluminium,11,9.781047125071167e-4
vix,combined,platinum,aluminium,12,9.781080393918566e-4
vix,combined,platinum,aluminium,13,9.781080393918566e-4
vix,combined,platinum,aluminium,14,9.781080393918566e-4
vix,combined,platinum,aluminium,15,9.781080393918566e-4
vix,combined,platinum,aluminium,16,9.781080393918566e-4
vix,combined,platinum,aluminium,17,9.781080393918566e-4
vix,combined,platinum,aluminium,18,9.781080393918566e-4
vix,combined,platinum,aluminium,19,9.781080393918566e-4
vix,combined,platinum,aluminium,20,9.781080393918566e-4
vix,combined,platinum,aluminium,21,9.781080393918566e-4
vix,combined,platinum,aluminium,22,9.781080393918566e-4
vix,combined,platinum,aluminium,23,9.781080393918566e-4
vix,combined,platinum,aluminium,24,9.781080393918566e-4
vix,combined,platinum,cocoa,1,0
vix,combined,platinum,cocoa,2,0
vix,combined,platinum,cocoa,3,0.002574292366965285
vix,combined,platinum,cocoa,4,0.0026283852126352245
vix,combined,platinum,cocoa,5,0.0026244608993188424
vix,combined,platinum,cocoa,6,0.0026316868223816943
vix,combined,platinum,cocoa,7,0.002633326681563312
vix,combined,platinum,cocoa,8,0.0026335218893152375
vix,combined,platinum,cocoa,9,0.002633532572808953
vix,combined,platinum,cocoa,10,0.0026335339220272605
vix,combined,platinum,cocoa,11,0.0026335369773421266
vix,combined,platinum,cocoa,12,0.002633539013912391
vix,combined,platinum,cocoa,13,0.002633539013912391
vix,combined,platinum,cocoa,14,0.002633539013912391
vix,combined,platinum,cocoa,15,0.002633539013912391
vix,combined,platinum,cocoa,16,0.002633539013912391
vix,combined,platinum,cocoa,17,0.002633539013912391
vix,combined,platinum,cocoa,18,0.002633539013912391
vix,combined,platinum,cocoa,19,0.002633539013912391
vix,combined,platinum,cocoa,20,0.002633539013912391
vix,combined,platinum,cocoa,21,0.002633539013912391
vix,combined,platinum,cocoa,22,0.002633539013912391
vix,combined,platinum,cocoa,23,0.002633539013912391
vix,combined,platinum,cocoa,24,0.002633539013912391
vix,combined,platinum,coffee_arabic,1,0
vix,combined,platinum,coffee_arabic,2,0
vix,combined,platinum,coffee_arabic,3,2.483009205583301e-5
vix,combined,platinum,coffee_arabic,4,9.126392430634091e-4
vix,combined,platinum,coffee_arabic,5,0.0012034831638541284
vix,combined,platinum,coffee_arabic,6,0.001229159999566171
vix,combined,platinum,coffee_arabic,7,0.0012290133516305462
vix,combined,platinum,coffee_arabic,8,0.0012296392691407468
vix,combined,platinum,coffee_arabic,9,0.0012298007615968581
vix,combined,platinum,coffee_arabic,10,0.001229796818522736
vix,combined,platinum,coffee_arabic,11,0.0012298065450085055
vix,combined,platinum,coffee_arabic,12,0.0012298158926228897
vix,combined,platinum,coffee_arabic,13,0.0012298158926228897
vix,combined,platinum,coffee_arabic,14,0.0012298158926228897
vix,combined,platinum,coffee_arabic,15,0.0012298158926228897
vix,combined,platinum,coffee_arabic,16,0.0012298158926228897
vix,combined,platinum,coffee_arabic,17,0.0012298158926228897
vix,combined,platinum,coffee_arabic,18,0.0012298158926228897
vix,combined,platinum,coffee_arabic,19,0.0012298158926228897
vix,combined,platinum,coffee_arabic,20,0.0012298158926228897
vix,combined,platinum,coffee_arabic,21,0.0012298158926228897
vix,combined,platinum,coffee_arabic,22,0.0012298158926228897
vix,combined,platinum,coffee_arabic,23,0.0012298158926228897
vix,combined,platinum,coffee_arabic,24,0.0012298158926228897
vix,combined,platinum,copper,1,0
vix,combined,platinum,copper,2,0
vix,combined,platinum,copper,3,0.018696004624797296
vix,combined,platinum,copper,4,0.020347839559168576
vix,combined,platinum,copper,5,0.020292115805595864
vix,combined,platinum,copper,6,0.020326849692824726
vix,combined,platinum,copper,7,0.020358659024932037
vix,combined,platinum,copper,8,0.020363989612214927
vix,combined,platinum,copper,9,0.020363829839759182
vix,combined,platinum,copper,10,0.020363896661271825
vix,combined,platinum,copper,11,0.020364022449565564
vix,combined,platinum,copper,12,0.02036405753776989
vix,combined,platinum,copper,13,0.02036405753776989
vix,combined,platinum,copper,14,0.02036405753776989
vix,combined,platinum,copper,15,0.02036405753776989
vix,combined,platinum,copper,16,0.02036405753776989
vix,combined,platinum,copper,17,0.02036405753776989
vix,combined,platinum,copper,18,0.02036405753776989
vix,combined,platinum,copper,19,0.02036405753776989
vix,combined,platinum,copper,20,0.02036405753776989
vix,combined,platinum,copper,21,0.02036405753776989
vix,combined,platinum,copper,22,0.02036405753776989
vix,combined,platinum,copper,23,0.02036405753776989
vix,combined,platinum,copper,24,0.02036405753776989
vix,combined,platinum,cotton_a_indx,1,0
vix,combined,platinum,cotton_a_indx,2,0
vix,combined,platinum,cotton_a_indx,3,3.691355993191575e-5
vix,combined,platinum,cotton_a_indx,4,5.273215440226627e-5
vix,combined,platinum,cotton_a_indx,5,5.3706743501468126e-5
vix,combined,platinum,cotton_a_indx,6,5.656067713683009e-5
vix,combined,platinum,cotton_a_indx,7,5.700056926919438e-5
vix,combined,platinum,cotton_a_indx,8,5.6999207191201175e-5
vix,combined,platinum,cotton_a_indx,9,5.699956703511334e-5
vix,combined,platinum,cotton_a_indx,10,5.700473435355536e-5
vix,combined,platinum,cotton_a_indx,11,5.702117240677842e-5
vix,combined,platinum,cotton_a_indx,12,5.703414446949065e-5
vix,combined,platinum,cotton_a_indx,13,5.703414446949065e-5
vix,combined,platinum,cotton_a_indx,14,5.703414446949065e-5
vix,combined,platinum,cotton_a_indx,15,5.703414446949065e-5
vix,combined,platinum,cotton_a_indx,16,5.703414446949065e-5
vix,combined,platinum,cotton_a_indx,17,5.703414446949065e-5
vix,combined,platinum,cotton_a_indx,18,5.703414446949065e-5
vix,combined,platinum,cotton_a_indx,19,5.703414446949065e-5
vix,combined,platinum,cotton_a_indx,20,5.703414446949065e-5
vix,combined,platinum,cotton_a_indx,21,5.703414446949065e-5
vix,combined,platinum,cotton_a_indx,22,5.703414446949065e-5
vix,combined,platinum,cotton_a_indx,23,5.703414446949065e-5
vix,combined,platinum,cotton_a_indx,24,5.703414446949065e-5
vix,combined,platinum,crude_wti,1,0
vix,combined,platinum,crude_wti,2,0
vix,combined,platinum,crude_wti,3,3.600878158932062e-5
vix,combined,platinum,crude_wti,4,6.10846162959902e-4
vix,combined,platinum,crude_wti,5,8.405859152852558e-4
vix,combined,platinum,crude_wti,6,8.586899004323189e-4
vix,combined,platinum,crude_wti,7,8.585962876347766e-4
vix,combined,platinum,crude_wti,8,8.592464628484723e-4
vix,combined,platinum,crude_wti,9,8.59569245723552e-4
vix,combined,platinum,crude_wti,10,8.596693994864244e-4
vix,combined,platinum,crude_wti,11,8.596995511841572e-4
vix,combined,platinum,crude_wti,12,8.597091454205129e-4
vix,combined,platinum,crude_wti,13,8.597091454205129e-4
vix,combined,platinum,crude_wti,14,8.597091454205129e-4
vix,combined,platinum,crude_wti,15,8.597091454205129e-4
vix,combined,platinum,crude_wti,16,8.597091454205129e-4
vix,combined,platinum,crude_wti,17,8.597091454205129e-4
vix,combined,platinum,crude_wti,18,8.597091454205129e-4
vix,combined,platinum,crude_wti,19,8.597091454205129e-4
vix,combined,platinum,crude_wti,20,8.597091454205129e-4
vix,combined,platinum,crude_wti,21,8.597091454205129e-4
vix,combined,platinum,crude_wti,22,8.597091454205129e-4
vix,combined,platinum,crude_wti,23,8.597091454205129e-4
vix,combined,platinum,crude_wti,24,8.597091454205129e-4
vix,combined,platinum,gold,1,0
vix,combined,platinum,gold,2,0
vix,combined,platinum,gold,3,1.6709099786748157e-4
vix,combined,platinum,gold,4,0.0012560158061656712
vix,combined,platinum,gold,5,0.0025502953624054673
vix,combined,platinum,gold,6,0.0028916677310540906
vix,combined,platinum,gold,7,0.0029177004172490375
vix,combined,platinum,gold,8,0.002917755622681792
vix,combined,platinum,gold,9,0.0029198994667959392
vix,combined,platinum,gold,10,0.0029209931518329466
vix,combined,platinum,gold,11,0.0029212249837673593
vix,combined,platinum,gold,12,0.0029212483756487695
vix,combined,platinum,gold,13,0.0029212483756487695
vix,combined,platinum,gold,14,0.0029212483756487695
vix,combined,platinum,gold,15,0.0029212483756487695
vix,combined,platinum,gold,16,0.0029212483756487695
vix,combined,platinum,gold,17,0.0029212483756487695
vix,combined,platinum,gold,18,0.0029212483756487695
vix,combined,platinum,gold,19,0.0029212483756487695
vix,combined,platinum,gold,20,0.0029212483756487695
vix,combined,platinum,gold,21,0.0029212483756487695
vix,combined,platinum,gold,22,0.0029212483756487695
vix,combined,platinum,gold,23,0.0029212483756487695
vix,combined,platinum,gold,24,0.0029212483756487695
vix,combined,platinum,lead,1,0
vix,combined,platinum,lead,2,0
vix,combined,platinum,lead,3,0.006381142287684772
vix,combined,platinum,lead,4,0.008260902132070827
vix,combined,platinum,lead,5,0.00860053753679354
vix,combined,platinum,lead,6,0.008610949137004085
vix,combined,platinum,lead,7,0.008611029503674759
vix,combined,platinum,lead,8,0.008613275604368791
vix,combined,platinum,lead,9,0.00861406714976832
vix,combined,platinum,lead,10,0.008614161546498734
vix,combined,platinum,lead,11,0.008614156939222182
vix,combined,platinum,lead,12,0.00861415535289291
vix,combined,platinum,lead,13,0.00861415535289291
vix,combined,platinum,lead,14,0.00861415535289291
vix,combined,platinum,lead,15,0.00861415535289291
vix,combined,platinum,lead,16,0.00861415535289291
vix,combined,platinum,lead,17,0.00861415535289291
vix,combined,platinum,lead,18,0.00861415535289291
vix,combined,platinum,lead,19,0.00861415535289291
vix,combined,platinum,lead,20,0.00861415535289291
vix,combined,platinum,lead,21,0.00861415535289291
vix,combined,platinum,lead,22,0.00861415535289291
vix,combined,platinum,lead,23,0.00861415535289291
vix,combined,platinum,lead,24,0.00861415535289291
vix,combined,platinum,maize,1,0
vix,combined,platinum,maize,2,0
vix,combined,platinum,maize,3,0.0062463494080020705
vix,combined,platinum,maize,4,0.008080746463129458
vix,combined,platinum,maize,5,0.008173489452512128
vix,combined,platinum,maize,6,0.008167545403474323
vix,combined,platinum,maize,7,0.00816939963871249
vix,combined,platinum,maize,8,0.008171794574917696
vix,combined,platinum,maize,9,0.00817288980196303
vix,combined,platinum,maize,10,0.008173226348343261
vix,combined,platinum,maize,11,0.008173312518967494
vix,combined,platinum,maize,12,0.00817333352509981
vix,combined,platinum,maize,13,0.00817333352509981
vix,combined,platinum,maize,14,0.00817333352509981
vix,combined,platinum,maize,15,0.00817333352509981
vix,combined,platinum,maize,16,0.00817333352509981
vix,combined,platinum,maize,17,0.00817333352509981
vix,combined,platinum,maize,18,0.00817333352509981
vix,combined,platinum,maize,19,0.00817333352509981
vix,combined,platinum,maize,20,0.00817333352509981
vix,combined,platinum,maize,21,0.00817333352509981
vix,combined,platinum,maize,22,0.00817333352509981
vix,combined,platinum,maize,23,0.00817333352509981
vix,combined,platinum,maize,24,0.00817333352509981
vix,combined,platinum,ngas_us,1,0
vix,combined,platinum,ngas_us,2,0
vix,combined,platinum,ngas_us,3,0.005525201267434561
vix,combined,platinum,ngas_us,4,0.005492034129489812
vix,combined,platinum,ngas_us,5,0.005516541961866734
vix,combined,platinum,ngas_us,6,0.005528853137112553
vix,combined,platinum,ngas_us,7,0.005528878421126835
vix,combined,platinum,ngas_us,8,0.005528825763385603
vix,combined,platinum,ngas_us,9,0.00552888093951316
vix,combined,platinum,ngas_us,10,0.00552887323748253
vix,combined,platinum,ngas_us,11,0.005528867463882593
vix,combined,platinum,ngas_us,12,0.005528868723617652
vix,combined,platinum,ngas_us,13,0.005528868723617652
vix,combined,platinum,ngas_us,14,0.005528868723617652
vix,combined,platinum,ngas_us,15,0.005528868723617652
vix,combined,platinum,ngas_us,16,0.005528868723617652
vix,combined,platinum,ngas_us,17,0.005528868723617652
vix,combined,platinum,ngas_us,18,0.005528868723617652
vix,combined,platinum,ngas_us,19,0.005528868723617652
vix,combined,platinum,ngas_us,20,0.005528868723617652
vix,combined,platinum,ngas_us,21,0.005528868723617652
vix,combined,platinum,ngas_us,22,0.005528868723617652
vix,combined,platinum,ngas_us,23,0.005528868723617652
vix,combined,platinum,ngas_us,24,0.005528868723617652
vix,combined,platinum,nickel,1,0
vix,combined,platinum,nickel,2,0
vix,combined,platinum,nickel,3,4.2702755741922234e-4
vix,combined,platinum,nickel,4,4.494774950066118e-4
vix,combined,platinum,nickel,5,4.8276383069594756e-4
vix,combined,platinum,nickel,6,5.118761281473468e-4
vix,combined,platinum,nickel,7,5.218409454842633e-4
vix,combined,platinum,nickel,8,5.231676409800284e-4
vix,combined,platinum,nickel,9,5.231684663454213e-4
vix,combined,platinum,nickel,10,5.232328862005946e-4
vix,combined,platinum,nickel,11,5.232878895653246e-4
vix,combined,platinum,nickel,12,5.233022110579349e-4
vix,combined,platinum,nickel,13,5.233022110579349e-4
vix,combined,platinum,nickel,14,5.233022110579349e-4
vix,combined,platinum,nickel,15,5.233022110579349e-4
vix,combined,platinum,nickel,16,5.233022110579349e-4
vix,combined,platinum,nickel,17,5.233022110579349e-4
vix,combined,platinum,nickel,18,5.233022110579349e-4
vix,combined,platinum,nickel,19,5.233022110579349e-4
vix,combined,platinum,nickel,20,5.233022110579349e-4
vix,combined,platinum,nickel,21,5.233022110579349e-4
vix,combined,platinum,nickel,22,5.233022110579349e-4
vix,combined,platinum,nickel,23,5.233022110579349e-4
vix,combined,platinum,nickel,24,5.233022110579349e-4
vix,combined,platinum,platinum,1,0
vix,combined,platinum,platinum,2,1
vix,combined,platinum,platinum,3,0.9403083515365513
vix,combined,platinum,platinum,4,0.9266366519222488
vix,combined,platinum,platinum,5,0.9231179669644747
vix,combined,platinum,platinum,6,0.9224332580466884
vix,combined,platinum,platinum,7,0.9223291762688509
vix,combined,platinum,platinum,8,0.9223051184955274
vix,combined,platinum,platinum,9,0.922296300429257
vix,combined,platinum,platinum,10,0.9222932789973727
vix,combined,platinum,platinum,11,0.9222924542532134
vix,combined,platinum,platinum,12,0.9222922807348012
vix,combined,platinum,platinum,13,0.9222922807348012
vix,combined,platinum,platinum,14,0.9222922807348012
vix,combined,platinum,platinum,15,0.9222922807348012
vix,combined,platinum,platinum,16,0.9222922807348012
vix,combined,platinum,platinum,17,0.9222922807348012
vix,combined,platinum,platinum,18,0.9222922807348012
vix,combined,platinum,platinum,19,0.9222922807348012
vix,combined,platinum,platinum,20,0.9222922807348012
vix,combined,platinum,platinum,21,0.9222922807348012
vix,combined,platinum,platinum,22,0.9222922807348012
vix,combined,platinum,platinum,23,0.9222922807348012
vix,combined,platinum,platinum,24,0.9222922807348012
vix,combined,platinum,silver,1,0
vix,combined,platinum,silver,2,0
vix,combined,platinum,silver,3,0.002707430192526938
vix,combined,platinum,silver,4,0.003589175179944112
vix,combined,platinum,silver,5,0.004238714337163856
vix,combined,platinum,silver,6,0.004364950541255268
vix,combined,platinum,silver,7,0.00436891990853523
vix,combined,platinum,silver,8,0.004369995406934373
vix,combined,platinum,silver,9,0.004371912559377845
vix,combined,platinum,silver,10,0.004372647332780667
vix,combined,platinum,silver,11,0.0043727820818546615
vix,combined,platinum,silver,12,0.004372795010517473
vix,combined,platinum,silver,13,0.004372795010517473
vix,combined,platinum,silver,14,0.004372795010517473
vix,combined,platinum,silver,15,0.004372795010517473
vix,combined,platinum,silver,16,0.004372795010517473
vix,combined,platinum,silver,17,0.004372795010517473
vix,combined,platinum,silver,18,0.004372795010517473
vix,combined,platinum,silver,19,0.004372795010517473
vix,combined,platinum,silver,20,0.004372795010517473
vix,combined,platinum,silver,21,0.004372795010517473
vix,combined,platinum,silver,22,0.004372795010517473
vix,combined,platinum,silver,23,0.004372795010517473
vix,combined,platinum,silver,24,0.004372795010517473
vix,combined,platinum,soybeans,1,0
vix,combined,platinum,soybeans,2,0
vix,combined,platinum,soybeans,3,0.0020434633178797465
vix,combined,platinum,soybeans,4,0.002370217414988058
vix,combined,platinum,soybeans,5,0.002362966773466143
vix,combined,platinum,soybeans,6,0.002391469517774228
vix,combined,platinum,soybeans,7,0.002410961793887337
vix,combined,platinum,soybeans,8,0.002416426349907812
vix,combined,platinum,soybeans,9,0.0024171267939219485
vix,combined,platinum,soybeans,10,0.0024171428350176685
vix,combined,platinum,soybeans,11,0.002417141294627878
vix,combined,platinum,soybeans,12,0.0024171419354627856
vix,combined,platinum,soybeans,13,0.0024171419354627856
vix,combined,platinum,soybeans,14,0.0024171419354627856
vix,combined,platinum,soybeans,15,0.0024171419354627856
vix,combined,platinum,soybeans,16,0.0024171419354627856
vix,combined,platinum,soybeans,17,0.0024171419354627856
vix,combined,platinum,soybeans,18,0.0024171419354627856
vix,combined,platinum,soybeans,19,0.0024171419354627856
vix,combined,platinum,soybeans,20,0.0024171419354627856
vix,combined,platinum,soybeans,21,0.0024171419354627856
vix,combined,platinum,soybeans,22,0.0024171419354627856
vix,combined,platinum,soybeans,23,0.0024171419354627856
vix,combined,platinum,soybeans,24,0.0024171419354627856
vix,combined,platinum,sugar_wld,1,0
vix,combined,platinum,sugar_wld,2,0
vix,combined,platinum,sugar_wld,3,2.0774769384442865e-4
vix,combined,platinum,sugar_wld,4,2.101768615078017e-4
vix,combined,platinum,sugar_wld,5,2.15212610097938e-4
vix,combined,platinum,sugar_wld,6,2.2270113543014353e-4
vix,combined,platinum,sugar_wld,7,2.232420674758303e-4
vix,combined,platinum,sugar_wld,8,2.2378026638505556e-4
vix,combined,platinum,sugar_wld,9,2.2487335881415019e-4
vix,combined,platinum,sugar_wld,10,2.2540396994154646e-4
vix,combined,platinum,sugar_wld,11,2.255250593169404e-4
vix,combined,platinum,sugar_wld,12,2.255382701886833e-4
vix,combined,platinum,sugar_wld,13,2.255382701886833e-4
vix,combined,platinum,sugar_wld,14,2.255382701886833e-4
vix,combined,platinum,sugar_wld,15,2.255382701886833e-4
vix,combined,platinum,sugar_wld,16,2.255382701886833e-4
vix,combined,platinum,sugar_wld,17,2.255382701886833e-4
vix,combined,platinum,sugar_wld,18,2.255382701886833e-4
vix,combined,platinum,sugar_wld,19,2.255382701886833e-4
vix,combined,platinum,sugar_wld,20,2.255382701886833e-4
vix,combined,platinum,sugar_wld,21,2.255382701886833e-4
vix,combined,platinum,sugar_wld,22,2.255382701886833e-4
vix,combined,platinum,sugar_wld,23,2.255382701886833e-4
vix,combined,platinum,sugar_wld,24,2.255382701886833e-4
vix,combined,platinum,tin,1,0
vix,combined,platinum,tin,2,0
vix,combined,platinum,tin,3,0.012171701664867621
vix,combined,platinum,tin,4,0.015867527527622098
vix,combined,platinum,tin,5,0.016414194452713755
vix,combined,platinum,tin,6,0.016454914491393535
vix,combined,platinum,tin,7,0.0164533432323667
vix,combined,platinum,tin,8,0.016453382466064176
vix,combined,platinum,tin,9,0.016453375162890287
vix,combined,platinum,tin,10,0.01645330650621164
vix,combined,platinum,tin,11,0.0164533062894757
vix,combined,platinum,tin,12,0.016453316658379916
vix,combined,platinum,tin,13,0.016453316658379916
vix,combined,platinum,tin,14,0.016453316658379916
vix,combined,platinum,tin,15,0.016453316658379916
vix,combined,platinum,tin,16,0.016453316658379916
vix,combined,platinum,tin,17,0.016453316658379916
vix,combined,platinum,tin,18,0.016453316658379916
vix,combined,platinum,tin,19,0.016453316658379916
vix,combined,platinum,tin,20,0.016453316658379916
vix,combined,platinum,tin,21,0.016453316658379916
vix,combined,platinum,tin,22,0.016453316658379916
vix,combined,platinum,tin,23,0.016453316658379916
vix,combined,platinum,tin,24,0.016453316658379916
vix,combined,platinum,wheat_us_hrw,1,0
vix,combined,platinum,wheat_us_hrw,2,0
vix,combined,platinum,wheat_us_hrw,3,1.6946962861004035e-4
vix,combined,platinum,wheat_us_hrw,4,1.6695986913340449e-4
vix,combined,platinum,wheat_us_hrw,5,1.7159187258041257e-4
vix,combined,platinum,wheat_us_hrw,6,1.749833760252507e-4
vix,combined,platinum,wheat_us_hrw,7,1.8477607845517773e-4
vix,combined,platinum,wheat_us_hrw,8,1.8876928568918166e-4
vix,combined,platinum,wheat_us_hrw,9,1.8931924841020432e-4
vix,combined,platinum,wheat_us_hrw,10,1.8932736040251093e-4
vix,combined,platinum,wheat_us_hrw,11,1.8933390350835182e-4
vix,combined,platinum,wheat_us_hrw,12,1.893380326542827e-4
vix,combined,platinum,wheat_us_hrw,13,1.893380326542827e-4
vix,combined,platinum,wheat_us_hrw,14,1.893380326542827e-4
vix,combined,platinum,wheat_us_hrw,15,1.893380326542827e-4
vix,combined,platinum,wheat_us_hrw,16,1.893380326542827e-4
vix,combined,platinum,wheat_us_hrw,17,1.893380326542827e-4
vix,combined,platinum,wheat_us_hrw,18,1.893380326542827e-4
vix,combined,platinum,wheat_us_hrw,19,1.893380326542827e-4
vix,combined,platinum,wheat_us_hrw,20,1.893380326542827e-4
vix,combined,platinum,wheat_us_hrw,21,1.893380326542827e-4
vix,combined,platinum,wheat_us_hrw,22,1.893380326542827e-4
vix,combined,platinum,wheat_us_hrw,23,1.893380326542827e-4
vix,combined,platinum,wheat_us_hrw,24,1.893380326542827e-4
vix,combined,platinum,zinc,1,0
vix,combined,platinum,zinc,2,0
vix,combined,platinum,zinc,3,0.0013302611530643638
vix,combined,platinum,zinc,4,0.002093316074650428
vix,combined,platinum,zinc,5,0.002167463269497533
vix,combined,platinum,zinc,6,0.002166235015738167
vix,combined,platinum,zinc,7,0.002166387240403293
vix,combined,platinum,zinc,8,0.002166441421685542
vix,combined,platinum,zinc,9,0.0021664197854888616
vix,combined,platinum,zinc,10,0.0021664131638412997
vix,combined,platinum,zinc,11,0.002166415914584023
vix,combined,platinum,zinc,12,0.0021664173960915696
vix,combined,platinum,zinc,13,0.0021664173960915696
vix,combined,platinum,zinc,14,0.0021664173960915696
vix,combined,platinum,zinc,15,0.0021664173960915696
vix,combined,platinum,zinc,16,0.0021664173960915696
vix,combined,platinum,zinc,17,0.0021664173960915696
vix,combined,platinum,zinc,18,0.0021664173960915696
vix,combined,platinum,zinc,19,0.0021664173960915696
vix,combined,platinum,zinc,20,0.0021664173960915696
vix,combined,platinum,zinc,21,0.0021664173960915696
vix,combined,platinum,zinc,22,0.0021664173960915696
vix,combined,platinum,zinc,23,0.0021664173960915696
vix,combined,platinum,zinc,24,0.0021664173960915696
vix,combined,silver,aluminium,1,0
vix,combined,silver,aluminium,2,0
vix,combined,silver,aluminium,3,0.0019703461427546705
vix,combined,silver,aluminium,4,0.001959244508099767
vix,combined,silver,aluminium,5,0.001955597561576735
vix,combined,silver,aluminium,6,0.00195577910599629
vix,combined,silver,aluminium,7,0.0019559632413122677
vix,combined,silver,aluminium,8,0.0019559824593586386
vix,combined,silver,aluminium,9,0.0019559918468497984
vix,combined,silver,aluminium,10,0.0019559996647896373
vix,combined,silver,aluminium,11,0.0019560035429976815
vix,combined,silver,aluminium,12,0.0019560048555859956
vix,combined,silver,aluminium,13,0.0019560048555859956
vix,combined,silver,aluminium,14,0.0019560048555859956
vix,combined,silver,aluminium,15,0.0019560048555859956
vix,combined,silver,aluminium,16,0.0019560048555859956
vix,combined,silver,aluminium,17,0.0019560048555859956
vix,combined,silver,aluminium,18,0.0019560048555859956
vix,combined,silver,aluminium,19,0.0019560048555859956
vix,combined,silver,aluminium,20,0.0019560048555859956
vix,combined,silver,aluminium,21,0.0019560048555859956
vix,combined,silver,aluminium,22,0.0019560048555859956
vix,combined,silver,aluminium,23,0.0019560048555859956
vix,combined,silver,aluminium,24,0.0019560048555859956
vix,combined,silver,cocoa,1,0
vix,combined,silver,cocoa,2,0
vix,combined,silver,cocoa,3,3.095478995004348e-6
vix,combined,silver,cocoa,4,2.9325240941555913e-5
vix,combined,silver,cocoa,5,2.9231263169479734e-5
vix,combined,silver,cocoa,6,3.000439952391824e-5
vix,combined,silver,cocoa,7,3.0449709223166563e-5
vix,combined,silver,cocoa,8,3.070643335618476e-5
vix,combined,silver,cocoa,9,3.082434700906016e-5
vix,combined,silver,cocoa,10,3.086449440650835e-5
vix,combined,silver,cocoa,11,3.087569195295116e-5
vix,combined,silver,cocoa,12,3.0878170709864496e-5
vix,combined,silver,cocoa,13,3.0878170709864496e-5
vix,combined,silver,cocoa,14,3.0878170709864496e-5
vix,combined,silver,cocoa,15,3.0878170709864496e-5
vix,combined,silver,cocoa,16,3.0878170709864496e-5
vix,combined,silver,cocoa,17,3.0878170709864496e-5
vix,combined,silver,cocoa,18,3.0878170709864496e-5
vix,combined,silver,cocoa,19,3.0878170709864496e-5
vix,combined,silver,cocoa,20,3.0878170709864496e-5
vix,combined,silver,cocoa,21,3.0878170709864496e-5
vix,combined,silver,cocoa,22,3.0878170709864496e-5
vix,combined,silver,cocoa,23,3.0878170709864496e-5
vix,combined,silver,cocoa,24,3.0878170709864496e-5
vix,combined,silver,coffee_arabic,1,0
vix,combined,silver,coffee_arabic,2,0
vix,combined,silver,coffee_arabic,3,0.0013668006526876427
vix,combined,silver,coffee_arabic,4,0.0015322798822669844
vix,combined,silver,coffee_arabic,5,0.0015473083781987983
vix,combined,silver,coffee_arabic,6,0.0015466947891419455
vix,combined,silver,coffee_arabic,7,0.0015483600833249606
vix,combined,silver,coffee_arabic,8,0.0015492340801978375
vix,combined,silver,coffee_arabic,9,0.0015493846272660431
vix,combined,silver,coffee_arabic,10,0.0015493900444595685
vix,combined,silver,coffee_arabic,11,0.0015493894637555652
vix,combined,silver,coffee_arabic,12,0.0015493897243595068
vix,combined,silver,coffee_arabic,13,0.0015493897243595068
vix,combined,silver,coffee_arabic,14,0.0015493897243595068
vix,combined,silver,coffee_arabic,15,0.0015493897243595068
vix,combined,silver,coffee_arabic,16,0.0015493897243595068
vix,combined,silver,coffee_arabic,17,0.0015493897243595068
vix,combined,silver,coffee_arabic,18,0.0015493897243595068
vix,combined,silver,coffee_arabic,19,0.0015493897243595068
vix,combined,silver,coffee_arabic,20,0.0015493897243595068
vix,combined,silver,coffee_arabic,21,0.0015493897243595068
vix,combined,silver,coffee_arabic,22,0.0015493897243595068
vix,combined,silver,coffee_arabic,23,0.0015493897243595068
vix,combined,silver,coffee_arabic,24,0.0015493897243595068
vix,combined,silver,copper,1,0
vix,combined,silver,copper,2,0
vix,combined,silver,copper,3,4.619774823672324e-5
vix,combined,silver,copper,4,6.621421288681102e-5
vix,combined,silver,copper,5,1.0394940448588312e-4
vix,combined,silver,copper,6,1.2138345454615591e-4
vix,combined,silver,copper,7,1.2310254268855137e-4
vix,combined,silver,copper,8,1.2314482146234777e-4
vix,combined,silver,copper,9,1.2366662730374067e-4
vix,combined,silver,copper,10,1.2406081927713162e-4
vix,combined,silver,copper,11,1.241944811508265e-4
vix,combined,silver,copper,12,1.2421847885981925e-4
vix,combined,silver,copper,13,1.2421847885981925e-4
vix,combined,silver,copper,14,1.2421847885981925e-4
vix,combined,silver,copper,15,1.2421847885981925e-4
vix,combined,silver,copper,16,1.2421847885981925e-4
vix,combined,silver,copper,17,1.2421847885981925e-4
vix,combined,silver,copper,18,1.2421847885981925e-4
vix,combined,silver,copper,19,1.2421847885981925e-4
vix,combined,silver,copper,20,1.2421847885981925e-4
vix,combined,silver,copper,21,1.2421847885981925e-4
vix,combined,silver,copper,22,1.2421847885981925e-4
vix,combined,silver,copper,23,1.2421847885981925e-4
vix,combined,silver,copper,24,1.2421847885981925e-4
vix,combined,silver,cotton_a_indx,1,0
vix,combined,silver,cotton_a_indx,2,0
vix,combined,silver,cotton_a_indx,3,0.007888861995944019
vix,combined,silver,cotton_a_indx,4,0.008628144317580026
vix,combined,silver,cotton_a_indx,5,0.008709874442176607
vix,combined,silver,cotton_a_indx,6,0.008715838717072601
vix,combined,silver,cotton_a_indx,7,0.008717313724830048
vix,combined,silver,cotton_a_indx,8,0.008717471614877643
vix,combined,silver,cotton_a_indx,9,0.008717440151617736
vix,combined,silver,cotton_a_indx,10,0.008717427150911724
vix,combined,silver,cotton_a_indx,11,0.008717428581715345
vix,combined,silver,cotton_a_indx,12,0.008717430253663037
vix,combined,silver,cotton_a_indx,13,0.008717430253663037
vix,combined,silver,cotton_a_indx,14,0.008717430253663037
vix,combined,silver,cotton_a_indx,15,0.008717430253663037
vix,combined,silver,cotton_a_indx,16,0.008717430253663037
vix,combined,silver,cotton_a_indx,17,0.008717430253663037
vix,combined,silver,cotton_a_indx,18,0.008717430253663037
vix,combined,silver,cotton_a_indx,19,0.008717430253663037
vix,combined,silver,cotton_a_indx,20,0.008717430253663037
vix,combined,silver,cotton_a_indx,21,0.008717430253663037
vix,combined,silver,cotton_a_indx,22,0.008717430253663037
vix,combined,silver,cotton_a_indx,23,0.008717430253663037
vix,combined,silver,cotton_a_indx,24,0.008717430253663037
vix,combined,silver,crude_wti,1,0
vix,combined,silver,crude_wti,2,0
vix,combined,silver,crude_wti,3,0.0018101756358032833
vix,combined,silver,crude_wti,4,0.002794937748383803
vix,combined,silver,crude_wti,5,0.0029891461979302605
vix,combined,silver,crude_wti,6,0.0030325728365063797
vix,combined,silver,crude_wti,7,0.003038200009025936
vix,combined,silver,crude_wti,8,0.003038571611294126
vix,combined,silver,crude_wti,9,0.003038561309216989
vix,combined,silver,crude_wti,10,0.003038559703209813
vix,combined,silver,crude_wti,11,0.0030385625708666663
vix,combined,silver,crude_wti,12,0.0030385640439870346
vix,combined,silver,crude_wti,13,0.0030385640439870346
vix,combined,silver,crude_wti,14,0.0030385640439870346
vix,combined,silver,crude_wti,15,0.0030385640439870346
vix,combined,silver,crude_wti,16,0.0030385640439870346
vix,combined,silver,crude_wti,17,0.0030385640439870346
vix,combined,silver,crude_wti,18,0.0030385640439870346
vix,combined,silver,crude_wti,19,0.0030385640439870346
vix,combined,silver,crude_wti,20,0.0030385640439870346
vix,combined,silver,crude_wti,21,0.0030385640439870346
vix,combined,silver,crude_wti,22,0.0030385640439870346
vix,combined,silver,crude_wti,23,0.0030385640439870346
vix,combined,silver,crude_wti,24,0.0030385640439870346
vix,combined,silver,gold,1,0
vix,combined,silver,gold,2,0
vix,combined,silver,gold,3,0.002113959816159158
vix,combined,silver,gold,4,0.005723460980612556
vix,combined,silver,gold,5,0.007100790761009884
vix,combined,silver,gold,6,0.007347629361656
vix,combined,silver,gold,7,0.007365766654323969
vix,combined,silver,gold,8,0.007365821789027353
vix,combined,silver,gold,9,0.007365941069672961
vix,combined,silver,gold,10,0.007365998995055102
vix,combined,silver,gold,11,0.007365999765810271
vix,combined,silver,gold,12,0.007365999688320637
vix,combined,silver,gold,13,0.007365999688320637
vix,combined,silver,gold,14,0.007365999688320637
vix,combined,silver,gold,15,0.007365999688320637
vix,combined,silver,gold,16,0.007365999688320637
vix,combined,silver,gold,17,0.007365999688320637
vix,combined,silver,gold,18,0.007365999688320637
vix,combined,silver,gold,19,0.007365999688320637
vix,combined,silver,gold,20,0.007365999688320637
vix,combined,silver,gold,21,0.007365999688320637
vix,combined,silver,gold,22,0.007365999688320637
vix,combined,silver,gold,23,0.007365999688320637
vix,combined,silver,gold,24,0.007365999688320637
vix,combined,silver,lead,1,0
vix,combined,silver,lead,2,0
vix,combined,silver,lead,3,7.913502223458443e-4
vix,combined,silver,lead,4,0.0011389580133757684
vix,combined,silver,lead,5,0.00149663460658121
vix,combined,silver,lead,6,0.0015571785160045672
vix,combined,silver,lead,7,0.0015606290564395382
vix,combined,silver,lead,8,0.0015606094308975348
vix,combined,silver,lead,9,0.0015606427434250879
vix,combined,silver,lead,10,0.0015606522564122552
vix,combined,silver,lead,11,0.0015606523502047158
vix,combined,silver,lead,12,0.0015606521982487812
vix,combined,silver,lead,13,0.0015606521982487812
vix,combined,silver,lead,14,0.0015606521982487812
vix,combined,silver,lead,15,0.0015606521982487812
vix,combined,silver,lead,16,0.0015606521982487812
vix,combined,silver,lead,17,0.0015606521982487812
vix,combined,silver,lead,18,0.0015606521982487812
vix,combined,silver,lead,19,0.0015606521982487812
vix,combined,silver,lead,20,0.0015606521982487812
vix,combined,silver,lead,21,0.0015606521982487812
vix,combined,silver,lead,22,0.0015606521982487812
vix,combined,silver,lead,23,0.0015606521982487812
vix,combined,silver,lead,24,0.0015606521982487812
vix,combined,silver,maize,1,0
vix,combined,silver,maize,2,0
vix,combined,silver,maize,3,0.0073448175655101994
vix,combined,silver,maize,4,0.010812178472895544
vix,combined,silver,maize,5,0.010979014109078785
vix,combined,silver,maize,6,0.010975392307217304
vix,combined,silver,maize,7,0.010975737435289758
vix,combined,silver,maize,8,0.010977066015888793
vix,combined,silver,maize,9,0.010977662728812322
vix,combined,silver,maize,10,0.010977819640472682
vix,combined,silver,maize,11,0.010977848734375989
vix,combined,silver,maize,12,0.010977852751292571
vix,combined,silver,maize,13,0.010977852751292571
vix,combined,silver,maize,14,0.010977852751292571
vix,combined,silver,maize,15,0.010977852751292571
vix,combined,silver,maize,16,0.010977852751292571
vix,combined,silver,maize,17,0.010977852751292571
vix,combined,silver,maize,18,0.010977852751292571
vix,combined,silver,maize,19,0.010977852751292571
vix,combined,silver,maize,20,0.010977852751292571
vix,combined,silver,maize,21,0.010977852751292571
vix,combined,silver,maize,22,0.010977852751292571
vix,combined,silver,maize,23,0.010977852751292571
vix,combined,silver,maize,24,0.010977852751292571
vix,combined,silver,ngas_us,1,0
vix,combined,silver,ngas_us,2,0
vix,combined,silver,ngas_us,3,0.0021857569249353202
vix,combined,silver,ngas_us,4,0.00219074750674965
vix,combined,silver,ngas_us,5,0.0021998627193396455
vix,combined,silver,ngas_us,6,0.002202103427836264
vix,combined,silver,ngas_us,7,0.002202457983938505
vix,combined,silver,ngas_us,8,0.002203222915149272
vix,combined,silver,ngas_us,9,0.0022034392771675695
vix,combined,silver,ngas_us,10,0.002203457618929686
vix,combined,silver,ngas_us,11,0.00220345664058262
vix,combined,silver,ngas_us,12,0.002203457082890223
vix,combined,silver,ngas_us,13,0.002203457082890223
vix,combined,silver,ngas_us,14,0.002203457082890223
vix,combined,silver,ngas_us,15,0.002203457082890223
vix,combined,silver,ngas_us,16,0.002203457082890223
vix,combined,silver,ngas_us,17,0.002203457082890223
vix,combined,silver,ngas_us,18,0.002203457082890223
vix,combined,silver,ngas_us,19,0.002203457082890223
vix,combined,silver,ngas_us,20,0.002203457082890223
vix,combined,silver,ngas_us,21,0.002203457082890223
vix,combined,silver,ngas_us,22,0.002203457082890223
vix,combined,silver,ngas_us,23,0.002203457082890223
vix,combined,silver,ngas_us,24,0.002203457082890223
vix,combined,silver,nickel,1,0
vix,combined,silver,nickel,2,0
vix,combined,silver,nickel,3,4.1057520473036113e-4
vix,combined,silver,nickel,4,7.557020997249514e-4
vix,combined,silver,nickel,5,8.036312637316974e-4
vix,combined,silver,nickel,6,8.240351825644983e-4
vix,combined,silver,nickel,7,8.253569881953447e-4
vix,combined,silver,nickel,8,8.256498612473767e-4
vix,combined,silver,nickel,9,8.265933198383535e-4
vix,combined,silver,nickel,10,8.272028140823059e-4
vix,combined,silver,nickel,11,8.274175436684177e-4
vix,combined,silver,nickel,12,8.274664390141006e-4
vix,combined,silver,nickel,13,8.274664390141006e-4
vix,combined,silver,nickel,14,8.274664390141006e-4
vix,combined,silver,nickel,15,8.274664390141006e-4
vix,combined,silver,nickel,16,8.274664390141006e-4
vix,combined,silver,nickel,17,8.274664390141006e-4
vix,combined,silver,nickel,18,8.274664390141006e-4
vix,combined,silver,nickel,19,8.274664390141006e-4
vix,combined,silver,nickel,20,8.274664390141006e-4
vix,combined,silver,nickel,21,8.274664390141006e-4
vix,combined,silver,nickel,22,8.274664390141006e-4
vix,combined,silver,nickel,23,8.274664390141006e-4
vix,combined,silver,nickel,24,8.274664390141006e-4
vix,combined,silver,platinum,1,0
vix,combined,silver,platinum,2,0
vix,combined,silver,platinum,3,3.7405756386241977e-4
vix,combined,silver,platinum,4,0.0015154687967852507
vix,combined,silver,platinum,5,0.0018890040892650724
vix,combined,silver,platinum,6,0.001895901005548655
vix,combined,silver,platinum,7,0.0018998882280878442
vix,combined,silver,platinum,8,0.0019038064889839923
vix,combined,silver,platinum,9,0.0019050058163067897
vix,combined,silver,platinum,10,0.0019052030699545062
vix,combined,silver,platinum,11,0.0019052170764351029
vix,combined,silver,platinum,12,0.0019052168912610207
vix,combined,silver,platinum,13,0.0019052168912610207
vix,combined,silver,platinum,14,0.0019052168912610207
vix,combined,silver,platinum,15,0.0019052168912610207
vix,combined,silver,platinum,16,0.0019052168912610207
vix,combined,silver,platinum,17,0.0019052168912610207
vix,combined,silver,platinum,18,0.0019052168912610207
vix,combined,silver,platinum,19,0.0019052168912610207
vix,combined,silver,platinum,20,0.0019052168912610207
vix,combined,silver,platinum,21,0.0019052168912610207
vix,combined,silver,platinum,22,0.0019052168912610207
vix,combined,silver,platinum,23,0.0019052168912610207
vix,combined,silver,platinum,24,0.0019052168912610207
vix,combined,silver,silver,1,0
vix,combined,silver,silver,2,1
vix,combined,silver,silver,3,0.9394117070464987
vix,combined,silver,silver,4,0.9241881773732583
vix,combined,silver,silver,5,0.9211526701976658
vix,combined,silver,silver,6,0.920704222222444
vix,combined,silver,silver,7,0.9206494073731852
vix,combined,silver,silver,8,0.9206369476552002
vix,combined,silver,silver,9,0.9206322531541399
vix,combined,silver,silver,10,0.9206306399207586
vix,combined,silver,silver,11,0.9206302082205472
vix,combined,silver,silver,12,0.9206301200083005
vix,combined,silver,silver,13,0.9206301200083005
vix,combined,silver,silver,14,0.9206301200083005
vix,combined,silver,silver,15,0.9206301200083005
vix,combined,silver,silver,16,0.9206301200083005
vix,combined,silver,silver,17,0.9206301200083005
vix,combined,silver,silver,18,0.9206301200083005
vix,combined,silver,silver,19,0.9206301200083005
vix,combined,silver,silver,20,0.9206301200083005
vix,combined,silver,silver,21,0.9206301200083005
vix,combined,silver,silver,22,0.9206301200083005
vix,combined,silver,silver,23,0.9206301200083005
vix,combined,silver,silver,24,0.9206301200083005
vix,combined,silver,soybeans,1,0
vix,combined,silver,soybeans,2,0
vix,combined,silver,soybeans,3,0.006916251183854229
vix,combined,silver,soybeans,4,0.006802789041430107
vix,combined,silver,soybeans,5,0.006787763036071574
vix,combined,silver,soybeans,6,0.006803949446914425
vix,combined,silver,soybeans,7,0.006813464686981275
vix,combined,silver,soybeans,8,0.006815616285489433
vix,combined,silver,soybeans,9,0.006815805687276851
vix,combined,silver,soybeans,10,0.006815795813015341
vix,combined,silver,soybeans,11,0.006815795500718294
vix,combined,silver,soybeans,12,0.006815796642505607
vix,combined,silver,soybeans,13,0.006815796642505607
vix,combined,silver,soybeans,14,0.006815796642505607
vix,combined,silver,soybeans,15,0.006815796642505607
vix,combined,silver,soybeans,16,0.006815796642505607
vix,combined,silver,soybeans,17,0.006815796642505607
vix,combined,silver,soybeans,18,0.006815796642505607
vix,combined,silver,soybeans,19,0.006815796642505607
vix,combined,silver,soybeans,20,0.006815796642505607
vix,combined,silver,soybeans,21,0.006815796642505607
vix,combined,silver,soybeans,22,0.006815796642505607
vix,combined,silver,soybeans,23,0.006815796642505607
vix,combined,silver,soybeans,24,0.006815796642505607
vix,combined,silver,sugar_wld,1,0
vix,combined,silver,sugar_wld,2,0
vix,combined,silver,sugar_wld,3,3.904296787071104e-5
vix,combined,silver,sugar_wld,4,4.934885256895704e-5
vix,combined,silver,sugar_wld,5,6.978818347719182e-5
vix,combined,silver,sugar_wld,6,7.109748257316218e-5
vix,combined,silver,sugar_wld,7,7.138751503470377e-5
vix,combined,silver,sugar_wld,8,7.246469343297179e-5
vix,combined,silver,sugar_wld,9,7.313278930640419e-5
vix,combined,silver,sugar_wld,10,7.331974418791025e-5
vix,combined,silver,sugar_wld,11,7.334440080942835e-5
vix,combined,silver,sugar_wld,12,7.334516994714456e-5
vix,combined,silver,sugar_wld,13,7.334516994714456e-5
vix,combined,silver,sugar_wld,14,7.334516994714456e-5
vix,combined,silver,sugar_wld,15,7.334516994714456e-5
vix,combined,silver,sugar_wld,16,7.334516994714456e-5
vix,combined,silver,sugar_wld,17,7.334516994714456e-5
vix,combined,silver,sugar_wld,18,7.334516994714456e-5
vix,combined,silver,sugar_wld,19,7.334516994714456e-5
vix,combined,silver,sugar_wld,20,7.334516994714456e-5
vix,combined,silver,sugar_wld,21,7.334516994714456e-5
vix,combined,silver,sugar_wld,22,7.334516994714456e-5
vix,combined,silver,sugar_wld,23,7.334516994714456e-5
vix,combined,silver,sugar_wld,24,7.334516994714456e-5
vix,combined,silver,tin,1,0
vix,combined,silver,tin,2,0
vix,combined,silver,tin,3,0.02637263893006934
vix,combined,silver,tin,4,0.030876340156446025
vix,combined,silver,tin,5,0.031149438022617208
vix,combined,silver,tin,6,0.031146267243822346
vix,combined,silver,tin,7,0.031144256943080782
vix,combined,silver,tin,8,0.03114399207381563
vix,combined,silver,tin,9,0.031143852160994204
vix,combined,silver,tin,10,0.03114380025141863
vix,combined,silver,tin,11,0.031143794393541323
vix,combined,silver,tin,12,0.031143795314731448
vix,combined,silver,tin,13,0.031143795314731448
vix,combined,silver,tin,14,0.031143795314731448
vix,combined,silver,tin,15,0.031143795314731448
vix,combined,silver,tin,16,0.031143795314731448
vix,combined,silver,tin,17,0.031143795314731448
vix,combined,silver,tin,18,0.031143795314731448
vix,combined,silver,tin,19,0.031143795314731448
vix,combined,silver,tin,20,0.031143795314731448
vix,combined,silver,tin,21,0.031143795314731448
vix,combined,silver,tin,22,0.031143795314731448
vix,combined,silver,tin,23,0.031143795314731448
vix,combined,silver,tin,24,0.031143795314731448
vix,combined,silver,wheat_us_hrw,1,0
vix,combined,silver,wheat_us_hrw,2,0
vix,combined,silver,wheat_us_hrw,3,1.918518582484266e-5
vix,combined,silver,wheat_us_hrw,4,1.9356393912686702e-5
vix,combined,silver,wheat_us_hrw,5,2.4299630548560027e-5
vix,combined,silver,wheat_us_hrw,6,2.6986924446319854e-5
vix,combined,silver,wheat_us_hrw,7,2.933925332770306e-5
vix,combined,silver,wheat_us_hrw,8,2.977193604995151e-5
vix,combined,silver,wheat_us_hrw,9,2.9783953981632225e-5
vix,combined,silver,wheat_us_hrw,10,2.9787558911860737e-5
vix,combined,silver,wheat_us_hrw,11,2.9790796151482988e-5
vix,combined,silver,wheat_us_hrw,12,2.9791086303712186e-5
vix,combined,silver,wheat_us_hrw,13,2.9791086303712186e-5
vix,combined,silver,wheat_us_hrw,14,2.9791086303712186e-5
vix,combined,silver,wheat_us_hrw,15,2.9791086303712186e-5
vix,combined,silver,wheat_us_hrw,16,2.9791086303712186e-5
vix,combined,silver,wheat_us_hrw,17,2.9791086303712186e-5
vix,combined,silver,wheat_us_hrw,18,2.9791086303712186e-5
vix,combined,silver,wheat_us_hrw,19,2.9791086303712186e-5
vix,combined,silver,wheat_us_hrw,20,2.9791086303712186e-5
vix,combined,silver,wheat_us_hrw,21,2.9791086303712186e-5
vix,combined,silver,wheat_us_hrw,22,2.9791086303712186e-5
vix,combined,silver,wheat_us_hrw,23,2.9791086303712186e-5
vix,combined,silver,wheat_us_hrw,24,2.9791086303712186e-5
vix,combined,silver,zinc,1,0
vix,combined,silver,zinc,2,0
vix,combined,silver,zinc,3,9.351797339174369e-4
vix,combined,silver,zinc,4,9.173264020812583e-4
vix,combined,silver,zinc,5,0.0010119961330755536
vix,combined,silver,zinc,6,0.0010429635761852296
vix,combined,silver,zinc,7,0.0010489185717104496
vix,combined,silver,zinc,8,0.0010499198342706904
vix,combined,silver,zinc,9,0.0010500183898146363
vix,combined,silver,zinc,10,0.0010500204397468267
vix,combined,silver,zinc,11,0.0010500202447162217
vix,combined,silver,zinc,12,0.0010500212000192635
vix,combined,silver,zinc,13,0.0010500212000192635
vix,combined,silver,zinc,14,0.0010500212000192635
vix,combined,silver,zinc,15,0.0010500212000192635
vix,combined,silver,zinc,16,0.0010500212000192635
vix,combined,silver,zinc,17,0.0010500212000192635
vix,combined,silver,zinc,18,0.0010500212000192635
vix,combined,silver,zinc,19,0.0010500212000192635
vix,combined,silver,zinc,20,0.0010500212000192635
vix,combined,silver,zinc,21,0.0010500212000192635
vix,combined,silver,zinc,22,0.0010500212000192635
vix,combined,silver,zinc,23,0.0010500212000192635
vix,combined,silver,zinc,24,0.0010500212000192635
vix,combined,soybeans,aluminium,1,0
vix,combined,soybeans,aluminium,2,0
vix,combined,soybeans,aluminium,3,5.759175625375847e-4
vix,combined,soybeans,aluminium,4,5.610297273099529e-4
vix,combined,soybeans,aluminium,5,5.982516131246413e-4
vix,combined,soybeans,aluminium,6,6.089541238633366e-4
vix,combined,soybeans,aluminium,7,6.120252917765284e-4
vix,combined,soybeans,aluminium,8,6.135618812818074e-4
vix,combined,soybeans,aluminium,9,6.142543888328462e-4
vix,combined,soybeans,aluminium,10,6.145065197696228e-4
vix,combined,soybeans,aluminium,11,6.145866999009665e-4
vix,combined,soybeans,aluminium,12,6.146105933026462e-4
vix,combined,soybeans,aluminium,13,6.146105933026462e-4
vix,combined,soybeans,aluminium,14,6.146105933026462e-4
vix,combined,soybeans,aluminium,15,6.146105933026462e-4
vix,combined,soybeans,aluminium,16,6.146105933026462e-4
vix,combined,soybeans,aluminium,17,6.146105933026462e-4
vix,combined,soybeans,aluminium,18,6.146105933026462e-4
vix,combined,soybeans,aluminium,19,6.146105933026462e-4
vix,combined,soybeans,aluminium,20,6.146105933026462e-4
vix,combined,soybeans,aluminium,21,6.146105933026462e-4
vix,combined,soybeans,aluminium,22,6.146105933026462e-4
vix,combined,soybeans,aluminium,23,6.146105933026462e-4
vix,combined,soybeans,aluminium,24,6.146105933026462e-4
vix,combined,soybeans,cocoa,1,0
vix,combined,soybeans,cocoa,2,0
vix,combined,soybeans,cocoa,3,1.8529208916834105e-4
vix,combined,soybeans,cocoa,4,2.3854809693048962e-4
vix,combined,soybeans,cocoa,5,2.8580067398954365e-4
vix,combined,soybeans,cocoa,6,3.0675932603875105e-4
vix,combined,soybeans,cocoa,7,3.0983436146440944e-4
vix,combined,soybeans,cocoa,8,3.101714739045239e-4
vix,combined,soybeans,cocoa,9,3.101913718414333e-4
vix,combined,soybeans,cocoa,10,3.1019102589891563e-4
vix,combined,soybeans,cocoa,11,3.1019099318241685e-4
vix,combined,soybeans,cocoa,12,3.101916129526538e-4
vix,combined,soybeans,cocoa,13,3.101916129526538e-4
vix,combined,soybeans,cocoa,14,3.101916129526538e-4
vix,combined,soybeans,cocoa,15,3.101916129526538e-4
vix,combined,soybeans,cocoa,16,3.101916129526538e-4
vix,combined,soybeans,cocoa,17,3.101916129526538e-4
vix,combined,soybeans,cocoa,18,3.101916129526538e-4
vix,combined,soybeans,cocoa,19,3.101916129526538e-4
vix,combined,soybeans,cocoa,20,3.101916129526538e-4
vix,combined,soybeans,cocoa,21,3.101916129526538e-4
vix,combined,soybeans,cocoa,22,3.101916129526538e-4
vix,combined,soybeans,cocoa,23,3.101916129526538e-4
vix,combined,soybeans,cocoa,24,3.101916129526538e-4
vix,combined,soybeans,coffee_arabic,1,0
vix,combined,soybeans,coffee_arabic,2,0
vix,combined,soybeans,coffee_arabic,3,0.002433062105346689
vix,combined,soybeans,coffee_arabic,4,0.0024190677842045156
vix,combined,soybeans,coffee_arabic,5,0.0025304108964886237
vix,combined,soybeans,coffee_arabic,6,0.002593305919748419
vix,combined,soybeans,coffee_arabic,7,0.0026049683459500083
vix,combined,soybeans,coffee_arabic,8,0.002605863087730511
vix,combined,soybeans,coffee_arabic,9,0.0026058513932470774
vix,combined,soybeans,coffee_arabic,10,0.0026058384494742287
vix,combined,soybeans,coffee_arabic,11,0.0026058368831535696
vix,combined,soybeans,coffee_arabic,12,0.0026058409933189335
vix,combined,soybeans,coffee_arabic,13,0.0026058409933189335
vix,combined,soybeans,coffee_arabic,14,0.0026058409933189335
vix,combined,soybeans,coffee_arabic,15,0.0026058409933189335
vix,combined,soybeans,coffee_arabic,16,0.0026058409933189335
vix,combined,soybeans,coffee_arabic,17,0.0026058409933189335
vix,combined,soybeans,coffee_arabic,18,0.0026058409933189335
vix,combined,soybeans,coffee_arabic,19,0.0026058409933189335
vix,combined,soybeans,coffee_arabic,20,0.0026058409933189335
vix,combined,soybeans,coffee_arabic,21,0.0026058409933189335
vix,combined,soybeans,coffee_arabic,22,0.0026058409933189335
vix,combined,soybeans,coffee_arabic,23,0.0026058409933189335
vix,combined,soybeans,coffee_arabic,24,0.0026058409933189335
vix,combined,soybeans,copper,1,0
vix,combined,soybeans,copper,2,0
vix,combined,soybeans,copper,3,0.012191514488101815
vix,combined,soybeans,copper,4,0.014672065713684049
vix,combined,soybeans,copper,5,0.015307380104275752
vix,combined,soybeans,copper,6,0.015413946486908095
vix,combined,soybeans,copper,7,0.015413092007098556
vix,combined,soybeans,copper,8,0.015414422251203765
vix,combined,soybeans,copper,9,0.015415425121979241
vix,combined,soybeans,copper,10,0.015415522805966775
vix,combined,soybeans,copper,11,0.01541549686368911
vix,combined,soybeans,copper,12,0.015415493885453527
vix,combined,soybeans,copper,13,0.015415493885453527
vix,combined,soybeans,copper,14,0.015415493885453527
vix,combined,soybeans,copper,15,0.015415493885453527
vix,combined,soybeans,copper,16,0.015415493885453527
vix,combined,soybeans,copper,17,0.015415493885453527
vix,combined,soybeans,copper,18,0.015415493885453527
vix,combined,soybeans,copper,19,0.015415493885453527
vix,combined,soybeans,copper,20,0.015415493885453527
vix,combined,soybeans,copper,21,0.015415493885453527
vix,combined,soybeans,copper,22,0.015415493885453527
vix,combined,soybeans,copper,23,0.015415493885453527
vix,combined,soybeans,copper,24,0.015415493885453527
vix,combined,soybeans,cotton_a_indx,1,0
vix,combined,soybeans,cotton_a_indx,2,0
vix,combined,soybeans,cotton_a_indx,3,0.003418065469584007
vix,combined,soybeans,cotton_a_indx,4,0.003429949746315861
vix,combined,soybeans,cotton_a_indx,5,0.003562464277186567
vix,combined,soybeans,cotton_a_indx,6,0.003619131139280571
vix,combined,soybeans,cotton_a_indx,7,0.003637771312841269
vix,combined,soybeans,cotton_a_indx,8,0.003641451296968478
vix,combined,soybeans,cotton_a_indx,9,0.0036419960578756524
vix,combined,soybeans,cotton_a_indx,10,0.003642082310832837
vix,combined,soybeans,cotton_a_indx,11,0.003642110234926669
vix,combined,soybeans,cotton_a_indx,12,0.0036421259332267922
vix,combined,soybeans,cotton_a_indx,13,0.0036421259332267922
vix,combined,soybeans,cotton_a_indx,14,0.0036421259332267922
vix,combined,soybeans,cotton_a_indx,15,0.0036421259332267922
vix,combined,soybeans,cotton_a_indx,16,0.0036421259332267922
vix,combined,soybeans,cotton_a_indx,17,0.0036421259332267922
vix,combined,soybeans,cotton_a_indx,18,0.0036421259332267922
vix,combined,soybeans,cotton_a_indx,19,0.0036421259332267922
vix,combined,soybeans,cotton_a_indx,20,0.0036421259332267922
vix,combined,soybeans,cotton_a_indx,21,0.0036421259332267922
vix,combined,soybeans,cotton_a_indx,22,0.0036421259332267922
vix,combined,soybeans,cotton_a_indx,23,0.0036421259332267922
vix,combined,soybeans,cotton_a_indx,24,0.0036421259332267922
vix,combined,soybeans,crude_wti,1,0
vix,combined,soybeans,crude_wti,2,0
vix,combined,soybeans,crude_wti,3,6.372011956347569e-4
vix,combined,soybeans,crude_wti,4,0.0012079853601874814
vix,combined,soybeans,crude_wti,5,0.001423931057213732
vix,combined,soybeans,crude_wti,6,0.0014723105817136305
vix,combined,soybeans,crude_wti,7,0.0014860138700709044
vix,combined,soybeans,crude_wti,8,0.0014898964278316806
vix,combined,soybeans,crude_wti,9,0.0014908974191231489
vix,combined,soybeans,crude_wti,10,0.0014911457486625182
vix,combined,soybeans,crude_wti,11,0.001491212582903165
vix,combined,soybeans,crude_wti,12,0.001491233008368243
vix,combined,soybeans,crude_wti,13,0.001491233008368243
vix,combined,soybeans,crude_wti,14,0.001491233008368243
vix,combined,soybeans,crude_wti,15,0.001491233008368243
vix,combined,soybeans,crude_wti,16,0.001491233008368243
vix,combined,soybeans,crude_wti,17,0.001491233008368243
vix,combined,soybeans,crude_wti,18,0.001491233008368243
vix,combined,soybeans,crude_wti,19,0.001491233008368243
vix,combined,soybeans,crude_wti,20,0.001491233008368243
vix,combined,soybeans,crude_wti,21,0.001491233008368243
vix,combined,soybeans,crude_wti,22,0.001491233008368243
vix,combined,soybeans,crude_wti,23,0.001491233008368243
vix,combined,soybeans,crude_wti,24,0.001491233008368243
vix,combined,soybeans,gold,1,0
vix,combined,soybeans,gold,2,0
vix,combined,soybeans,gold,3,0.008560882543211919
vix,combined,soybeans,gold,4,0.015481475630673968
vix,combined,soybeans,gold,5,0.015964781864064945
vix,combined,soybeans,gold,6,0.01598805661904343
vix,combined,soybeans,gold,7,0.015987232639812422
vix,combined,soybeans,gold,8,0.015987331175289575
vix,combined,soybeans,gold,9,0.01598814967071321
vix,combined,soybeans,gold,10,0.01598894662917683
vix,combined,soybeans,gold,11,0.01598932292736007
vix,combined,soybeans,gold,12,0.01598943295395763
vix,combined,soybeans,gold,13,0.01598943295395763
vix,combined,soybeans,gold,14,0.01598943295395763
vix,combined,soybeans,gold,15,0.01598943295395763
vix,combined,soybeans,gold,16,0.01598943295395763
vix,combined,soybeans,gold,17,0.01598943295395763
vix,combined,soybeans,gold,18,0.01598943295395763
vix,combined,soybeans,gold,19,0.01598943295395763
vix,combined,soybeans,gold,20,0.01598943295395763
vix,combined,soybeans,gold,21,0.01598943295395763
vix,combined,soybeans,gold,22,0.01598943295395763
vix,combined,soybeans,gold,23,0.01598943295395763
vix,combined,soybeans,gold,24,0.01598943295395763
vix,combined,soybeans,lead,1,0
vix,combined,soybeans,lead,2,0
vix,combined,soybeans,lead,3,0.006638519377280652
vix,combined,soybeans,lead,4,0.006461483745930387
vix,combined,soybeans,lead,5,0.0064333492917510345
vix,combined,soybeans,lead,6,0.006431091614481663
vix,combined,soybeans,lead,7,0.006430358683970731
vix,combined,soybeans,lead,8,0.006430528819990841
vix,combined,soybeans,lead,9,0.006430860381393524
vix,combined,soybeans,lead,10,0.006430995783156228
vix,combined,soybeans,lead,11,0.006431018355520976
vix,combined,soybeans,lead,12,0.006431018039389681
vix,combined,soybeans,lead,13,0.006431018039389681
vix,combined,soybeans,lead,14,0.006431018039389681
vix,combined,soybeans,lead,15,0.006431018039389681
vix,combined,soybeans,lead,16,0.006431018039389681
vix,combined,soybeans,lead,17,0.006431018039389681
vix,combined,soybeans,lead,18,0.006431018039389681
vix,combined,soybeans,lead,19,0.006431018039389681
vix,combined,soybeans,lead,20,0.006431018039389681
vix,combined,soybeans,lead,21,0.006431018039389681
vix,combined,soybeans,lead,22,0.006431018039389681
vix,combined,soybeans,lead,23,0.006431018039389681
vix,combined,soybeans,lead,24,0.006431018039389681
vix,combined,soybeans,maize,1,0
vix,combined,soybeans,maize,2,0
vix,combined,soybeans,maize,3,0.013290386700016511
vix,combined,soybeans,maize,4,0.013877803776660617
vix,combined,soybeans,maize,5,0.014307401566117954
vix,combined,soybeans,maize,6,0.01439971288719458
vix,combined,soybeans,maize,7,0.014419522105525813
vix,combined,soybeans,maize,8,0.014424051839123124
vix,combined,soybeans,maize,9,0.014425360386506736
vix,combined,soybeans,maize,10,0.014425759535628684
vix,combined,soybeans,maize,11,0.014425887560774587
vix,combined,soybeans,maize,12,0.014425930337631036
vix,combined,soybeans,maize,13,0.014425930337631036
vix,combined,soybeans,maize,14,0.014425930337631036
vix,combined,soybeans,maize,15,0.014425930337631036
vix,combined,soybeans,maize,16,0.014425930337631036
vix,combined,soybeans,maize,17,0.014425930337631036
vix,combined,soybeans,maize,18,0.014425930337631036
vix,combined,soybeans,maize,19,0.014425930337631036
vix,combined,soybeans,maize,20,0.014425930337631036
vix,combined,soybeans,maize,21,0.014425930337631036
vix,combined,soybeans,maize,22,0.014425930337631036
vix,combined,soybeans,maize,23,0.014425930337631036
vix,combined,soybeans,maize,24,0.014425930337631036
vix,combined,soybeans,ngas_us,1,0
vix,combined,soybeans,ngas_us,2,0
vix,combined,soybeans,ngas_us,3,9.602738334517682e-4
vix,combined,soybeans,ngas_us,4,9.366992406660567e-4
vix,combined,soybeans,ngas_us,5,9.734175619367136e-4
vix,combined,soybeans,ngas_us,6,0.001023577557966788
vix,combined,soybeans,ngas_us,7,0.0010381054912262397
vix,combined,soybeans,ngas_us,8,0.001040169211797764
vix,combined,soybeans,ngas_us,9,0.001040310223343741
vix,combined,soybeans,ngas_us,10,0.0010403098789493327
vix,combined,soybeans,ngas_us,11,0.0010403082582585022
vix,combined,soybeans,ngas_us,12,0.001040308154637607
vix,combined,soybeans,ngas_us,13,0.001040308154637607
vix,combined,soybeans,ngas_us,14,0.001040308154637607
vix,combined,soybeans,ngas_us,15,0.001040308154637607
vix,combined,soybeans,ngas_us,16,0.001040308154637607
vix,combined,soybeans,ngas_us,17,0.001040308154637607
vix,combined,soybeans,ngas_us,18,0.001040308154637607
vix,combined,soybeans,ngas_us,19,0.001040308154637607
vix,combined,soybeans,ngas_us,20,0.001040308154637607
vix,combined,soybeans,ngas_us,21,0.001040308154637607
vix,combined,soybeans,ngas_us,22,0.001040308154637607
vix,combined,soybeans,ngas_us,23,0.001040308154637607
vix,combined,soybeans,ngas_us,24,0.001040308154637607
vix,combined,soybeans,nickel,1,0
vix,combined,soybeans,nickel,2,0
vix,combined,soybeans,nickel,3,9.947068435566538e-5
vix,combined,soybeans,nickel,4,0.0017540171932129303
vix,combined,soybeans,nickel,5,0.002348723918267195
vix,combined,soybeans,nickel,6,0.0024308651079762043
vix,combined,soybeans,nickel,7,0.0024333360541567007
vix,combined,soybeans,nickel,8,0.0024337850954042166
vix,combined,soybeans,nickel,9,0.002434549188817857
vix,combined,soybeans,nickel,10,0.002434793447568454
vix,combined,soybeans,nickel,11,0.0024348280849248987
vix,combined,soybeans,nickel,12,0.0024348301032899337
vix,combined,soybeans,nickel,13,0.0024348301032899337
vix,combined,soybeans,nickel,14,0.0024348301032899337
vix,combined,soybeans,nickel,15,0.0024348301032899337
vix,combined,soybeans,nickel,16,0.0024348301032899337
vix,combined,soybeans,nickel,17,0.0024348301032899337
vix,combined,soybeans,nickel,18,0.0024348301032899337
vix,combined,soybeans,nickel,19,0.0024348301032899337
vix,combined,soybeans,nickel,20,0.0024348301032899337
vix,combined,soybeans,nickel,21,0.0024348301032899337
vix,combined,soybeans,nickel,22,0.0024348301032899337
vix,combined,soybeans,nickel,23,0.0024348301032899337
vix,combined,soybeans,nickel,24,0.0024348301032899337
vix,combined,soybeans,platinum,1,0
vix,combined,soybeans,platinum,2,0
vix,combined,soybeans,platinum,3,0.00698918431643517
vix,combined,soybeans,platinum,4,0.011633120454517422
vix,combined,soybeans,platinum,5,0.0119923773764231
vix,combined,soybeans,platinum,6,0.012021353976444493
vix,combined,soybeans,platinum,7,0.01202512250536163
vix,combined,soybeans,platinum,8,0.01202711525604058
vix,combined,soybeans,platinum,9,0.01202838698598937
vix,combined,soybeans,platinum,10,0.01202908418459483
vix,combined,soybeans,platinum,11,0.012029374630989232
vix,combined,soybeans,platinum,12,0.012029469857573583
vix,combined,soybeans,platinum,13,0.012029469857573583
vix,combined,soybeans,platinum,14,0.012029469857573583
vix,combined,soybeans,platinum,15,0.012029469857573583
vix,combined,soybeans,platinum,16,0.012029469857573583
vix,combined,soybeans,platinum,17,0.012029469857573583
vix,combined,soybeans,platinum,18,0.012029469857573583
vix,combined,soybeans,platinum,19,0.012029469857573583
vix,combined,soybeans,platinum,20,0.012029469857573583
vix,combined,soybeans,platinum,21,0.012029469857573583
vix,combined,soybeans,platinum,22,0.012029469857573583
vix,combined,soybeans,platinum,23,0.012029469857573583
vix,combined,soybeans,platinum,24,0.012029469857573583
vix,combined,soybeans,silver,1,0
vix,combined,soybeans,silver,2,0
vix,combined,soybeans,silver,3,0.013377875707721964
vix,combined,soybeans,silver,4,0.0158561960551413
vix,combined,soybeans,silver,5,0.01602943069017653
vix,combined,soybeans,silver,6,0.016028610507347007
vix,combined,soybeans,silver,7,0.016029270992488562
vix,combined,soybeans,silver,8,0.016030948408662038
vix,combined,soybeans,silver,9,0.016032730329795433
vix,combined,soybeans,silver,10,0.01603381067294029
vix,combined,soybeans,silver,11,0.01603422397930602
vix,combined,soybeans,silver,12,0.01603433429777904
vix,combined,soybeans,silver,13,0.01603433429777904
vix,combined,soybeans,silver,14,0.01603433429777904
vix,combined,soybeans,silver,15,0.01603433429777904
vix,combined,soybeans,silver,16,0.01603433429777904
vix,combined,soybeans,silver,17,0.01603433429777904
vix,combined,soybeans,silver,18,0.01603433429777904
vix,combined,soybeans,silver,19,0.01603433429777904
vix,combined,soybeans,silver,20,0.01603433429777904
vix,combined,soybeans,silver,21,0.01603433429777904
vix,combined,soybeans,silver,22,0.01603433429777904
vix,combined,soybeans,silver,23,0.01603433429777904
vix,combined,soybeans,silver,24,0.01603433429777904
vix,combined,soybeans,soybeans,1,0
vix,combined,soybeans,soybeans,2,1
vix,combined,soybeans,soybeans,3,0.9084745952502201
vix,combined,soybeans,soybeans,4,0.8835735373577098
vix,combined,soybeans,soybeans,5,0.8797333973663701
vix,combined,soybeans,soybeans,6,0.8790702484825048
vix,combined,soybeans,soybeans,7,0.878969827011798
vix,combined,soybeans,soybeans,8,0.8789443463689292
vix,combined,soybeans,soybeans,9,0.8789338614748009
vix,combined,soybeans,soybeans,10,0.878929588186958
vix,combined,soybeans,soybeans,11,0.8789280729752428
vix,combined,soybeans,soybeans,12,0.8789276056665976
vix,combined,soybeans,soybeans,13,0.8789276056665976
vix,combined,soybeans,soybeans,14,0.8789276056665976
vix,combined,soybeans,soybeans,15,0.8789276056665976
vix,combined,soybeans,soybeans,16,0.8789276056665976
vix,combined,soybeans,soybeans,17,0.8789276056665976
vix,combined,soybeans,soybeans,18,0.8789276056665976
vix,combined,soybeans,soybeans,19,0.8789276056665976
vix,combined,soybeans,soybeans,20,0.8789276056665976
vix,combined,soybeans,soybeans,21,0.8789276056665976
vix,combined,soybeans,soybeans,22,0.8789276056665976
vix,combined,soybeans,soybeans,23,0.8789276056665976
vix,combined,soybeans,soybeans,24,0.8789276056665976
vix,combined,soybeans,sugar_wld,1,0
vix,combined,soybeans,sugar_wld,2,0
vix,combined,soybeans,sugar_wld,3,0.016641217916966537
vix,combined,soybeans,sugar_wld,4,0.021038283411482193
vix,combined,soybeans,sugar_wld,5,0.021507623779429292
vix,combined,soybeans,sugar_wld,6,0.02152379303692068
vix,combined,soybeans,sugar_wld,7,0.021521415817685702
vix,combined,soybeans,sugar_wld,8,0.02152080359192181
vix,combined,soybeans,sugar_wld,9,0.021520573182718272
vix,combined,soybeans,sugar_wld,10,0.021520627189947555
vix,combined,soybeans,sugar_wld,11,0.021520707886351187
vix,combined,soybeans,sugar_wld,12,0.021520739838767348
vix,combined,soybeans,sugar_wld,13,0.021520739838767348
vix,combined,soybeans,sugar_wld,14,0.021520739838767348
vix,combined,soybeans,sugar_wld,15,0.021520739838767348
vix,combined,soybeans,sugar_wld,16,0.021520739838767348
vix,combined,soybeans,sugar_wld,17,0.021520739838767348
vix,combined,soybeans,sugar_wld,18,0.021520739838767348
vix,combined,soybeans,sugar_wld,19,0.021520739838767348
vix,combined,soybeans,sugar_wld,20,0.021520739838767348
vix,combined,soybeans,sugar_wld,21,0.021520739838767348
vix,combined,soybeans,sugar_wld,22,0.021520739838767348
vix,combined,soybeans,sugar_wld,23,0.021520739838767348
vix,combined,soybeans,sugar_wld,24,0.021520739838767348
vix,combined,soybeans,tin,1,0
vix,combined,soybeans,tin,2,0
vix,combined,soybeans,tin,3,0.0011518686755139912
vix,combined,soybeans,tin,4,0.0013252126523146538
vix,combined,soybeans,tin,5,0.0014779800013202758
vix,combined,soybeans,tin,6,0.001542654045338511
vix,combined,soybeans,tin,7,0.0015540670876338328
vix,combined,soybeans,tin,8,0.001554930318608141
vix,combined,soybeans,tin,9,0.0015549323243818935
vix,combined,soybeans,tin,10,0.0015549271530145069
vix,combined,soybeans,tin,11,0.0015549336451538265
vix,combined,soybeans,tin,12,0.0015549439057938735
vix,combined,soybeans,tin,13,0.0015549439057938735
vix,combined,soybeans,tin,14,0.0015549439057938735
vix,combined,soybeans,tin,15,0.0015549439057938735
vix,combined,soybeans,tin,16,0.0015549439057938735
vix,combined,soybeans,tin,17,0.0015549439057938735
vix,combined,soybeans,tin,18,0.0015549439057938735
vix,combined,soybeans,tin,19,0.0015549439057938735
vix,combined,soybeans,tin,20,0.0015549439057938735
vix,combined,soybeans,tin,21,0.0015549439057938735
vix,combined,soybeans,tin,22,0.0015549439057938735
vix,combined,soybeans,tin,23,0.0015549439057938735
vix,combined,soybeans,tin,24,0.0015549439057938735
vix,combined,soybeans,wheat_us_hrw,1,0
vix,combined,soybeans,wheat_us_hrw,2,0
vix,combined,soybeans,wheat_us_hrw,3,0.0042882630302310395
vix,combined,soybeans,wheat_us_hrw,4,0.00476334629997677
vix,combined,soybeans,wheat_us_hrw,5,0.004743724334984187
vix,combined,soybeans,wheat_us_hrw,6,0.004740118812023842
vix,combined,soybeans,wheat_us_hrw,7,0.004741399082573545
vix,combined,soybeans,wheat_us_hrw,8,0.004743767420727371
vix,combined,soybeans,wheat_us_hrw,9,0.0047448000318240325
vix,combined,soybeans,wheat_us_hrw,10,0.0047450042716336745
vix,combined,soybeans,wheat_us_hrw,11,0.004745016142167194
vix,combined,soybeans,wheat_us_hrw,12,0.004745013756724297
vix,combined,soybeans,wheat_us_hrw,13,0.004745013756724297
vix,combined,soybeans,wheat_us_hrw,14,0.004745013756724297
vix,combined,soybeans,wheat_us_hrw,15,0.004745013756724297
vix,combined,soybeans,wheat_us_hrw,16,0.004745013756724297
vix,combined,soybeans,wheat_us_hrw,17,0.004745013756724297
vix,combined,soybeans,wheat_us_hrw,18,0.004745013756724297
vix,combined,soybeans,wheat_us_hrw,19,0.004745013756724297
vix,combined,soybeans,wheat_us_hrw,20,0.004745013756724297
vix,combined,soybeans,wheat_us_hrw,21,0.004745013756724297
vix,combined,soybeans,wheat_us_hrw,22,0.004745013756724297
vix,combined,soybeans,wheat_us_hrw,23,0.004745013756724297
vix,combined,soybeans,wheat_us_hrw,24,0.004745013756724297
vix,combined,soybeans,zinc,1,0
vix,combined,soybeans,zinc,2,0
vix,combined,soybeans,zinc,3,8.640905422154017e-5
vix,combined,soybeans,zinc,4,7.701777530813947e-4
vix,combined,soybeans,zinc,5,7.795536268794633e-4
vix,combined,soybeans,zinc,6,7.855097752050322e-4
vix,combined,soybeans,zinc,7,7.866373385653174e-4
vix,combined,soybeans,zinc,8,7.86856074584719e-4
vix,combined,soybeans,zinc,9,7.868700668156065e-4
vix,combined,soybeans,zinc,10,7.868662058268184e-4
vix,combined,soybeans,zinc,11,7.868712961948739e-4
vix,combined,soybeans,zinc,12,7.868770612355311e-4
vix,combined,soybeans,zinc,13,7.868770612355311e-4
vix,combined,soybeans,zinc,14,7.868770612355311e-4
vix,combined,soybeans,zinc,15,7.868770612355311e-4
vix,combined,soybeans,zinc,16,7.868770612355311e-4
vix,combined,soybeans,zinc,17,7.868770612355311e-4
vix,combined,soybeans,zinc,18,7.868770612355311e-4
vix,combined,soybeans,zinc,19,7.868770612355311e-4
vix,combined,soybeans,zinc,20,7.868770612355311e-4
vix,combined,soybeans,zinc,21,7.868770612355311e-4
vix,combined,soybeans,zinc,22,7.868770612355311e-4
vix,combined,soybeans,zinc,23,7.868770612355311e-4
vix,combined,soybeans,zinc,24,7.868770612355311e-4
vix,combined,sugar_wld,aluminium,1,0
vix,combined,sugar_wld,aluminium,2,0
vix,combined,sugar_wld,aluminium,3,0.004291567246413195
vix,combined,sugar_wld,aluminium,4,0.006036898533966772
vix,combined,sugar_wld,aluminium,5,0.006068165786160695
vix,combined,sugar_wld,aluminium,6,0.006062593886563785
vix,combined,sugar_wld,aluminium,7,0.006061337468674443
vix,combined,sugar_wld,aluminium,8,0.006061028229659663
vix,combined,sugar_wld,aluminium,9,0.006060978222827317
vix,combined,sugar_wld,aluminium,10,0.006060963690973074
vix,combined,sugar_wld,aluminium,11,0.006060960353067698
vix,combined,sugar_wld,aluminium,12,0.006060959724571156
vix,combined,sugar_wld,aluminium,13,0.006060959724571156
vix,combined,sugar_wld,aluminium,14,0.006060959724571156
vix,combined,sugar_wld,aluminium,15,0.006060959724571156
vix,combined,sugar_wld,aluminium,16,0.006060959724571156
vix,combined,sugar_wld,aluminium,17,0.006060959724571156
vix,combined,sugar_wld,aluminium,18,0.006060959724571156
vix,combined,sugar_wld,aluminium,19,0.006060959724571156
vix,combined,sugar_wld,aluminium,20,0.006060959724571156
vix,combined,sugar_wld,aluminium,21,0.006060959724571156
vix,combined,sugar_wld,aluminium,22,0.006060959724571156
vix,combined,sugar_wld,aluminium,23,0.006060959724571156
vix,combined,sugar_wld,aluminium,24,0.006060959724571156
vix,combined,sugar_wld,cocoa,1,0
vix,combined,sugar_wld,cocoa,2,0
vix,combined,sugar_wld,cocoa,3,0.0026532794593389364
vix,combined,sugar_wld,cocoa,4,0.003264247147903964
vix,combined,sugar_wld,cocoa,5,0.003396361890349969
vix,combined,sugar_wld,cocoa,6,0.003412402587291834
vix,combined,sugar_wld,cocoa,7,0.00341162126790042
vix,combined,sugar_wld,cocoa,8,0.003411809255250788
vix,combined,sugar_wld,cocoa,9,0.0034118774850536667
vix,combined,sugar_wld,cocoa,10,0.0034118756911720944
vix,combined,sugar_wld,cocoa,11,0.0034118738382221316
vix,combined,sugar_wld,cocoa,12,0.0034118742036686866
vix,combined,sugar_wld,cocoa,13,0.0034118742036686866
vix,combined,sugar_wld,cocoa,14,0.0034118742036686866
vix,combined,sugar_wld,cocoa,15,0.0034118742036686866
vix,combined,sugar_wld,cocoa,16,0.0034118742036686866
vix,combined,sugar_wld,cocoa,17,0.0034118742036686866
vix,combined,sugar_wld,cocoa,18,0.0034118742036686866
vix,combined,sugar_wld,cocoa,19,0.0034118742036686866
vix,combined,sugar_wld,cocoa,20,0.0034118742036686866
vix,combined,sugar_wld,cocoa,21,0.0034118742036686866
vix,combined,sugar_wld,cocoa,22,0.0034118742036686866
vix,combined,sugar_wld,cocoa,23,0.0034118742036686866
vix,combined,sugar_wld,cocoa,24,0.0034118742036686866
vix,combined,sugar_wld,coffee_arabic,1,0
vix,combined,sugar_wld,coffee_arabic,2,0
vix,combined,sugar_wld,coffee_arabic,3,0.008563308226706385
vix,combined,sugar_wld,coffee_arabic,4,0.010895770162099985
vix,combined,sugar_wld,coffee_arabic,5,0.01112648024670809
vix,combined,sugar_wld,coffee_arabic,6,0.01111466468603779
vix,combined,sugar_wld,coffee_arabic,7,0.011119295524339901
vix,combined,sugar_wld,coffee_arabic,8,0.011123055422666462
vix,combined,sugar_wld,coffee_arabic,9,0.011123399703036083
vix,combined,sugar_wld,coffee_arabic,10,0.01112337531322185
vix,combined,sugar_wld,coffee_arabic,11,0.011123412348066478
vix,combined,sugar_wld,coffee_arabic,12,0.011123429174107894
vix,combined,sugar_wld,coffee_arabic,13,0.011123429174107894
vix,combined,sugar_wld,coffee_arabic,14,0.011123429174107894
vix,combined,sugar_wld,coffee_arabic,15,0.011123429174107894
vix,combined,sugar_wld,coffee_arabic,16,0.011123429174107894
vix,combined,sugar_wld,coffee_arabic,17,0.011123429174107894
vix,combined,sugar_wld,coffee_arabic,18,0.011123429174107894
vix,combined,sugar_wld,coffee_arabic,19,0.011123429174107894
vix,combined,sugar_wld,coffee_arabic,20,0.011123429174107894
vix,combined,sugar_wld,coffee_arabic,21,0.011123429174107894
vix,combined,sugar_wld,coffee_arabic,22,0.011123429174107894
vix,combined,sugar_wld,coffee_arabic,23,0.011123429174107894
vix,combined,sugar_wld,coffee_arabic,24,0.011123429174107894
vix,combined,sugar_wld,copper,1,0
vix,combined,sugar_wld,copper,2,0
vix,combined,sugar_wld,copper,3,0.025390659760249186
vix,combined,sugar_wld,copper,4,0.03131014312782914
vix,combined,sugar_wld,copper,5,0.03163485468112927
vix,combined,sugar_wld,copper,6,0.03160311046051801
vix,combined,sugar_wld,copper,7,0.031626158127733874
vix,combined,sugar_wld,copper,8,0.0316300676235278
vix,combined,sugar_wld,copper,9,0.03162971590507042
vix,combined,sugar_wld,copper,10,0.03162998875932724
vix,combined,sugar_wld,copper,11,0.031630139447793644
vix,combined,sugar_wld,copper,12,0.031630153895399006
vix,combined,sugar_wld,copper,13,0.031630153895399006
vix,combined,sugar_wld,copper,14,0.031630153895399006
vix,combined,sugar_wld,copper,15,0.031630153895399006
vix,combined,sugar_wld,copper,16,0.031630153895399006
vix,combined,sugar_wld,copper,17,0.031630153895399006
vix,combined,sugar_wld,copper,18,0.031630153895399006
vix,combined,sugar_wld,copper,19,0.031630153895399006
vix,combined,sugar_wld,copper,20,0.031630153895399006
vix,combined,sugar_wld,copper,21,0.031630153895399006
vix,combined,sugar_wld,copper,22,0.031630153895399006
vix,combined,sugar_wld,copper,23,0.031630153895399006
vix,combined,sugar_wld,copper,24,0.031630153895399006
vix,combined,sugar_wld,cotton_a_indx,1,0
vix,combined,sugar_wld,cotton_a_indx,2,0
vix,combined,sugar_wld,cotton_a_indx,3,1.891564092681861e-4
vix,combined,sugar_wld,cotton_a_indx,4,8.660269118406122e-4
vix,combined,sugar_wld,cotton_a_indx,5,0.001130641096898213
vix,combined,sugar_wld,cotton_a_indx,6,0.0011705654822593025
vix,combined,sugar_wld,cotton_a_indx,7,0.0011712070030302484
vix,combined,sugar_wld,cotton_a_indx,8,0.0011714993380631288
vix,combined,sugar_wld,cotton_a_indx,9,0.0011717924052787904
vix,combined,sugar_wld,cotton_a_indx,10,0.0011718290734922907
vix,combined,sugar_wld,cotton_a_indx,11,0.0011718283745453038
vix,combined,sugar_wld,cotton_a_indx,12,0.0011718304957010308
vix,combined,sugar_wld,cotton_a_indx,13,0.0011718304957010308
vix,combined,sugar_wld,cotton_a_indx,14,0.0011718304957010308
vix,combined,sugar_wld,cotton_a_indx,15,0.0011718304957010308
vix,combined,sugar_wld,cotton_a_indx,16,0.0011718304957010308
vix,combined,sugar_wld,cotton_a_indx,17,0.0011718304957010308
vix,combined,sugar_wld,cotton_a_indx,18,0.0011718304957010308
vix,combined,sugar_wld,cotton_a_indx,19,0.0011718304957010308
vix,combined,sugar_wld,cotton_a_indx,20,0.0011718304957010308
vix,combined,sugar_wld,cotton_a_indx,21,0.0011718304957010308
vix,combined,sugar_wld,cotton_a_indx,22,0.0011718304957010308
vix,combined,sugar_wld,cotton_a_indx,23,0.0011718304957010308
vix,combined,sugar_wld,cotton_a_indx,24,0.0011718304957010308
vix,combined,sugar_wld,crude_wti,1,0
vix,combined,sugar_wld,crude_wti,2,0
vix,combined,sugar_wld,crude_wti,3,7.751695302908356e-5
vix,combined,sugar_wld,crude_wti,4,1.3462985708140372e-4
vix,combined,sugar_wld,crude_wti,5,1.4343589841946618e-4
vix,combined,sugar_wld,crude_wti,6,1.441396641785894e-4
vix,combined,sugar_wld,crude_wti,7,1.4417045568941014e-4
vix,combined,sugar_wld,crude_wti,8,1.4421568806294882e-4
vix,combined,sugar_wld,crude_wti,9,1.4423182788001398e-4
vix,combined,sugar_wld,crude_wti,10,1.442326938954334e-4
vix,combined,sugar_wld,crude_wti,11,1.4423297688673318e-4
vix,combined,sugar_wld,crude_wti,12,1.442333821687002e-4
vix,combined,sugar_wld,crude_wti,13,1.442333821687002e-4
vix,combined,sugar_wld,crude_wti,14,1.442333821687002e-4
vix,combined,sugar_wld,crude_wti,15,1.442333821687002e-4
vix,combined,sugar_wld,crude_wti,16,1.442333821687002e-4
vix,combined,sugar_wld,crude_wti,17,1.442333821687002e-4
vix,combined,sugar_wld,crude_wti,18,1.442333821687002e-4
vix,combined,sugar_wld,crude_wti,19,1.442333821687002e-4
vix,combined,sugar_wld,crude_wti,20,1.442333821687002e-4
vix,combined,sugar_wld,crude_wti,21,1.442333821687002e-4
vix,combined,sugar_wld,crude_wti,22,1.442333821687002e-4
vix,combined,sugar_wld,crude_wti,23,1.442333821687002e-4
vix,combined,sugar_wld,crude_wti,24,1.442333821687002e-4
vix,combined,sugar_wld,gold,1,0
vix,combined,sugar_wld,gold,2,0
vix,combined,sugar_wld,gold,3,0.002554201679815169
vix,combined,sugar_wld,gold,4,0.003167149614124678
vix,combined,sugar_wld,gold,5,0.004810993355073459
vix,combined,sugar_wld,gold,6,0.005259017754271456
vix,combined,sugar_wld,gold,7,0.0052812537533830015
vix,combined,sugar_wld,gold,8,0.005282271501646394
vix,combined,sugar_wld,gold,9,0.005285009969360104
vix,combined,sugar_wld,gold,10,0.005285668055891316
vix,combined,sugar_wld,gold,11,0.005285692725894011
vix,combined,sugar_wld,gold,12,0.005285697180145643
vix,combined,sugar_wld,gold,13,0.005285697180145643
vix,combined,sugar_wld,gold,14,0.005285697180145643
vix,combined,sugar_wld,gold,15,0.005285697180145643
vix,combined,sugar_wld,gold,16,0.005285697180145643
vix,combined,sugar_wld,gold,17,0.005285697180145643
vix,combined,sugar_wld,gold,18,0.005285697180145643
vix,combined,sugar_wld,gold,19,0.005285697180145643
vix,combined,sugar_wld,gold,20,0.005285697180145643
vix,combined,sugar_wld,gold,21,0.005285697180145643
vix,combined,sugar_wld,gold,22,0.005285697180145643
vix,combined,sugar_wld,gold,23,0.005285697180145643
vix,combined,sugar_wld,gold,24,0.005285697180145643
vix,combined,sugar_wld,lead,1,0
vix,combined,sugar_wld,lead,2,0
vix,combined,sugar_wld,lead,3,0.0018613979795230765
vix,combined,sugar_wld,lead,4,0.0036599900047602544
vix,combined,sugar_wld,lead,5,0.0040860730882230694
vix,combined,sugar_wld,lead,6,0.004081381498044608
vix,combined,sugar_wld,lead,7,0.00410437521080292
vix,combined,sugar_wld,lead,8,0.004117120716050286
vix,combined,sugar_wld,lead,9,0.004119364897634645
vix,combined,sugar_wld,lead,10,0.004119475295990383
vix,combined,sugar_wld,lead,11,0.004119475861435128
vix,combined,sugar_wld,lead,12,0.004119485440396962
vix,combined,sugar_wld,lead,13,0.004119485440396962
vix,combined,sugar_wld,lead,14,0.004119485440396962
vix,combined,sugar_wld,lead,15,0.004119485440396962
vix,combined,sugar_wld,lead,16,0.004119485440396962
vix,combined,sugar_wld,lead,17,0.004119485440396962
vix,combined,sugar_wld,lead,18,0.004119485440396962
vix,combined,sugar_wld,lead,19,0.004119485440396962
vix,combined,sugar_wld,lead,20,0.004119485440396962
vix,combined,sugar_wld,lead,21,0.004119485440396962
vix,combined,sugar_wld,lead,22,0.004119485440396962
vix,combined,sugar_wld,lead,23,0.004119485440396962
vix,combined,sugar_wld,lead,24,0.004119485440396962
vix,combined,sugar_wld,maize,1,0
vix,combined,sugar_wld,maize,2,0
vix,combined,sugar_wld,maize,3,0.0018200460065207413
vix,combined,sugar_wld,maize,4,0.0018434800130296167
vix,combined,sugar_wld,maize,5,0.0019087618567402258
vix,combined,sugar_wld,maize,6,0.0019527869834622222
vix,combined,sugar_wld,maize,7,0.0019572072608191903
vix,combined,sugar_wld,maize,8,0.001957408122273199
vix,combined,sugar_wld,maize,9,0.0019574083941689435
vix,combined,sugar_wld,maize,10,0.001957404478383753
vix,combined,sugar_wld,maize,11,0.001957403294804221
vix,combined,sugar_wld,maize,12,0.0019574030422756716
vix,combined,sugar_wld,maize,13,0.0019574030422756716
vix,combined,sugar_wld,maize,14,0.0019574030422756716
vix,combined,sugar_wld,maize,15,0.0019574030422756716
vix,combined,sugar_wld,maize,16,0.0019574030422756716
vix,combined,sugar_wld,maize,17,0.0019574030422756716
vix,combined,sugar_wld,maize,18,0.0019574030422756716
vix,combined,sugar_wld,maize,19,0.0019574030422756716
vix,combined,sugar_wld,maize,20,0.0019574030422756716
vix,combined,sugar_wld,maize,21,0.0019574030422756716
vix,combined,sugar_wld,maize,22,0.0019574030422756716
vix,combined,sugar_wld,maize,23,0.0019574030422756716
vix,combined,sugar_wld,maize,24,0.0019574030422756716
vix,combined,sugar_wld,ngas_us,1,0
vix,combined,sugar_wld,ngas_us,2,0
vix,combined,sugar_wld,ngas_us,3,0.00810702824369051
vix,combined,sugar_wld,ngas_us,4,0.010869617801791001
vix,combined,sugar_wld,ngas_us,5,0.011179426174683161
vix,combined,sugar_wld,ngas_us,6,0.011218979948150609
vix,combined,sugar_wld,ngas_us,7,0.01121756370354439
vix,combined,sugar_wld,ngas_us,8,0.011217385308423377
vix,combined,sugar_wld,ngas_us,9,0.011217484675758302
vix,combined,sugar_wld,ngas_us,10,0.01121746254301924
vix,combined,sugar_wld,ngas_us,11,0.011217463181712035
vix,combined,sugar_wld,ngas_us,12,0.01121746936692433
vix,combined,sugar_wld,ngas_us,13,0.01121746936692433
vix,combined,sugar_wld,ngas_us,14,0.01121746936692433
vix,combined,sugar_wld,ngas_us,15,0.01121746936692433
vix,combined,sugar_wld,ngas_us,16,0.01121746936692433
vix,combined,sugar_wld,ngas_us,17,0.01121746936692433
vix,combined,sugar_wld,ngas_us,18,0.01121746936692433
vix,combined,sugar_wld,ngas_us,19,0.01121746936692433
vix,combined,sugar_wld,ngas_us,20,0.01121746936692433
vix,combined,sugar_wld,ngas_us,21,0.01121746936692433
vix,combined,sugar_wld,ngas_us,22,0.01121746936692433
vix,combined,sugar_wld,ngas_us,23,0.01121746936692433
vix,combined,sugar_wld,ngas_us,24,0.01121746936692433
vix,combined,sugar_wld,nickel,1,0
vix,combined,sugar_wld,nickel,2,0
vix,combined,sugar_wld,nickel,3,0.03398819715930344
vix,combined,sugar_wld,nickel,4,0.0426003297885529
vix,combined,sugar_wld,nickel,5,0.04364138295514372
vix,combined,sugar_wld,nickel,6,0.04362643869481821
vix,combined,sugar_wld,nickel,7,0.043616213701882026
vix,combined,sugar_wld,nickel,8,0.04361391661364197
vix,combined,sugar_wld,nickel,9,0.04361365674493489
vix,combined,sugar_wld,nickel,10,0.043613802212295515
vix,combined,sugar_wld,nickel,11,0.0436138544454528
vix,combined,sugar_wld,nickel,12,0.0436138551026401
vix,combined,sugar_wld,nickel,13,0.0436138551026401
vix,combined,sugar_wld,nickel,14,0.0436138551026401
vix,combined,sugar_wld,nickel,15,0.0436138551026401
vix,combined,sugar_wld,nickel,16,0.0436138551026401
vix,combined,sugar_wld,nickel,17,0.0436138551026401
vix,combined,sugar_wld,nickel,18,0.0436138551026401
vix,combined,sugar_wld,nickel,19,0.0436138551026401
vix,combined,sugar_wld,nickel,20,0.0436138551026401
vix,combined,sugar_wld,nickel,21,0.0436138551026401
vix,combined,sugar_wld,nickel,22,0.0436138551026401
vix,combined,sugar_wld,nickel,23,0.0436138551026401
vix,combined,sugar_wld,nickel,24,0.0436138551026401
vix,combined,sugar_wld,platinum,1,0
vix,combined,sugar_wld,platinum,2,0
vix,combined,sugar_wld,platinum,3,0.0014253200702379627
vix,combined,sugar_wld,platinum,4,0.0014696869351037707
vix,combined,sugar_wld,platinum,5,0.0015456787588498204
vix,combined,sugar_wld,platinum,6,0.00158769230297285
vix,combined,sugar_wld,platinum,7,0.0015901375936155841
vix,combined,sugar_wld,platinum,8,0.0015902199276361666
vix,combined,sugar_wld,platinum,9,0.001590536985711933
vix,combined,sugar_wld,platinum,10,0.001590608727829998
vix,combined,sugar_wld,platinum,11,0.001590610985517139
vix,combined,sugar_wld,platinum,12,0.0015906111666894374
vix,combined,sugar_wld,platinum,13,0.0015906111666894374
vix,combined,sugar_wld,platinum,14,0.0015906111666894374
vix,combined,sugar_wld,platinum,15,0.0015906111666894374
vix,combined,sugar_wld,platinum,16,0.0015906111666894374
vix,combined,sugar_wld,platinum,17,0.0015906111666894374
vix,combined,sugar_wld,platinum,18,0.0015906111666894374
vix,combined,sugar_wld,platinum,19,0.0015906111666894374
vix,combined,sugar_wld,platinum,20,0.0015906111666894374
vix,combined,sugar_wld,platinum,21,0.0015906111666894374
vix,combined,sugar_wld,platinum,22,0.0015906111666894374
vix,combined,sugar_wld,platinum,23,0.0015906111666894374
vix,combined,sugar_wld,platinum,24,0.0015906111666894374
vix,combined,sugar_wld,silver,1,0
vix,combined,sugar_wld,silver,2,0
vix,combined,sugar_wld,silver,3,0.004163518611100417
vix,combined,sugar_wld,silver,4,0.0040861393649785915
vix,combined,sugar_wld,silver,5,0.005076856085421312
vix,combined,sugar_wld,silver,6,0.005345920433565625
vix,combined,sugar_wld,silver,7,0.005352871068562076
vix,combined,sugar_wld,silver,8,0.005354217877818686
vix,combined,sugar_wld,silver,9,0.0053557302871629535
vix,combined,sugar_wld,silver,10,0.005355986734187881
vix,combined,sugar_wld,silver,11,0.005355987606877785
vix,combined,sugar_wld,silver,12,0.005355991861271046
vix,combined,sugar_wld,silver,13,0.005355991861271046
vix,combined,sugar_wld,silver,14,0.005355991861271046
vix,combined,sugar_wld,silver,15,0.005355991861271046
vix,combined,sugar_wld,silver,16,0.005355991861271046
vix,combined,sugar_wld,silver,17,0.005355991861271046
vix,combined,sugar_wld,silver,18,0.005355991861271046
vix,combined,sugar_wld,silver,19,0.005355991861271046
vix,combined,sugar_wld,silver,20,0.005355991861271046
vix,combined,sugar_wld,silver,21,0.005355991861271046
vix,combined,sugar_wld,silver,22,0.005355991861271046
vix,combined,sugar_wld,silver,23,0.005355991861271046
vix,combined,sugar_wld,silver,24,0.005355991861271046
vix,combined,sugar_wld,soybeans,1,0
vix,combined,sugar_wld,soybeans,2,0
vix,combined,sugar_wld,soybeans,3,0.005411506898516287
vix,combined,sugar_wld,soybeans,4,0.006298834298974428
vix,combined,sugar_wld,soybeans,5,0.006285990705937822
vix,combined,sugar_wld,soybeans,6,0.006305703475550284
vix,combined,sugar_wld,soybeans,7,0.006326206525718465
vix,combined,sugar_wld,soybeans,8,0.006329036228316136
vix,combined,sugar_wld,soybeans,9,0.006328978590908993
vix,combined,sugar_wld,soybeans,10,0.0063290814726084665
vix,combined,sugar_wld,soybeans,11,0.006329150805263411
vix,combined,sugar_wld,soybeans,12,0.006329162164076681
vix,combined,sugar_wld,soybeans,13,0.006329162164076681
vix,combined,sugar_wld,soybeans,14,0.006329162164076681
vix,combined,sugar_wld,soybeans,15,0.006329162164076681
vix,combined,sugar_wld,soybeans,16,0.006329162164076681
vix,combined,sugar_wld,soybeans,17,0.006329162164076681
vix,combined,sugar_wld,soybeans,18,0.006329162164076681
vix,combined,sugar_wld,soybeans,19,0.006329162164076681
vix,combined,sugar_wld,soybeans,20,0.006329162164076681
vix,combined,sugar_wld,soybeans,21,0.006329162164076681
vix,combined,sugar_wld,soybeans,22,0.006329162164076681
vix,combined,sugar_wld,soybeans,23,0.006329162164076681
vix,combined,sugar_wld,soybeans,24,0.006329162164076681
vix,combined,sugar_wld,sugar_wld,1,0
vix,combined,sugar_wld,sugar_wld,2,1
vix,combined,sugar_wld,sugar_wld,3,0.8861764713420198
vix,combined,sugar_wld,sugar_wld,4,0.857939918053053
vix,combined,sugar_wld,sugar_wld,5,0.8523544150206125
vix,combined,sugar_wld,sugar_wld,6,0.8514275771193445
vix,combined,sugar_wld,sugar_wld,7,0.851242092085682
vix,combined,sugar_wld,sugar_wld,8,0.8511971366601222
vix,combined,sugar_wld,sugar_wld,9,0.8511887631309141
vix,combined,sugar_wld,sugar_wld,10,0.8511871039941941
vix,combined,sugar_wld,sugar_wld,11,0.8511866376760334
vix,combined,sugar_wld,sugar_wld,12,0.8511865278248377
vix,combined,sugar_wld,sugar_wld,13,0.8511865278248377
vix,combined,sugar_wld,sugar_wld,14,0.8511865278248377
vix,combined,sugar_wld,sugar_wld,15,0.8511865278248377
vix,combined,sugar_wld,sugar_wld,16,0.8511865278248377
vix,combined,sugar_wld,sugar_wld,17,0.8511865278248377
vix,combined,sugar_wld,sugar_wld,18,0.8511865278248377
vix,combined,sugar_wld,sugar_wld,19,0.8511865278248377
vix,combined,sugar_wld,sugar_wld,20,0.8511865278248377
vix,combined,sugar_wld,sugar_wld,21,0.8511865278248377
vix,combined,sugar_wld,sugar_wld,22,0.8511865278248377
vix,combined,sugar_wld,sugar_wld,23,0.8511865278248377
vix,combined,sugar_wld,sugar_wld,24,0.8511865278248377
vix,combined,sugar_wld,tin,1,0
vix,combined,sugar_wld,tin,2,0
vix,combined,sugar_wld,tin,3,0.010769600966868938
vix,combined,sugar_wld,tin,4,0.012335693186247386
vix,combined,sugar_wld,tin,5,0.012277075702576287
vix,combined,sugar_wld,tin,6,0.012292736400334153
vix,combined,sugar_wld,tin,7,0.01231297754681495
vix,combined,sugar_wld,tin,8,0.012317535733632996
vix,combined,sugar_wld,tin,9,0.012317639251389966
vix,combined,sugar_wld,tin,10,0.012317662826758021
vix,combined,sugar_wld,tin,11,0.012317748312331926
vix,combined,sugar_wld,tin,12,0.012317775797862569
vix,combined,sugar_wld,tin,13,0.012317775797862569
vix,combined,sugar_wld,tin,14,0.012317775797862569
vix,combined,sugar_wld,tin,15,0.012317775797862569
vix,combined,sugar_wld,tin,16,0.012317775797862569
vix,combined,sugar_wld,tin,17,0.012317775797862569
vix,combined,sugar_wld,tin,18,0.012317775797862569
vix,combined,sugar_wld,tin,19,0.012317775797862569
vix,combined,sugar_wld,tin,20,0.012317775797862569
vix,combined,sugar_wld,tin,21,0.012317775797862569
vix,combined,sugar_wld,tin,22,0.012317775797862569
vix,combined,sugar_wld,tin,23,0.012317775797862569
vix,combined,sugar_wld,tin,24,0.012317775797862569
vix,combined,sugar_wld,wheat_us_hrw,1,0
vix,combined,sugar_wld,wheat_us_hrw,2,0
vix,combined,sugar_wld,wheat_us_hrw,3,0.0023034036077707134
vix,combined,sugar_wld,wheat_us_hrw,4,0.002616935882317704
vix,combined,sugar_wld,wheat_us_hrw,5,0.0026083861298929647
vix,combined,sugar_wld,wheat_us_hrw,6,0.0026592870537459207
vix,combined,sugar_wld,wheat_us_hrw,7,0.0027035729334014755
vix,combined,sugar_wld,wheat_us_hrw,8,0.0027134716263488867
vix,combined,sugar_wld,wheat_us_hrw,9,0.0027140245121977445
vix,combined,sugar_wld,wheat_us_hrw,10,0.0027140344404443587
vix,combined,sugar_wld,wheat_us_hrw,11,0.002714084167789856
vix,combined,sugar_wld,wheat_us_hrw,12,0.0027140957044803097
vix,combined,sugar_wld,wheat_us_hrw,13,0.0027140957044803097
vix,combined,sugar_wld,wheat_us_hrw,14,0.0027140957044803097
vix,combined,sugar_wld,wheat_us_hrw,15,0.0027140957044803097
vix,combined,sugar_wld,wheat_us_hrw,16,0.0027140957044803097
vix,combined,sugar_wld,wheat_us_hrw,17,0.0027140957044803097
vix,combined,sugar_wld,wheat_us_hrw,18,0.0027140957044803097
vix,combined,sugar_wld,wheat_us_hrw,19,0.0027140957044803097
vix,combined,sugar_wld,wheat_us_hrw,20,0.0027140957044803097
vix,combined,sugar_wld,wheat_us_hrw,21,0.0027140957044803097
vix,combined,sugar_wld,wheat_us_hrw,22,0.0027140957044803097
vix,combined,sugar_wld,wheat_us_hrw,23,0.0027140957044803097
vix,combined,sugar_wld,wheat_us_hrw,24,0.0027140957044803097
vix,combined,sugar_wld,zinc,1,0
vix,combined,sugar_wld,zinc,2,0
vix,combined,sugar_wld,zinc,3,2.5381937962788925e-4
vix,combined,sugar_wld,zinc,4,6.045093163447077e-4
vix,combined,sugar_wld,zinc,5,7.250205671799233e-4
vix,combined,sugar_wld,zinc,6,7.350015688902586e-4
vix,combined,sugar_wld,zinc,7,7.617387684055835e-4
vix,combined,sugar_wld,zinc,8,7.686041268588827e-4
vix,combined,sugar_wld,zinc,9,7.694070107111403e-4
vix,combined,sugar_wld,zinc,10,7.694439963149722e-4
vix,combined,sugar_wld,zinc,11,7.69443598306269e-4
vix,combined,sugar_wld,zinc,12,7.694444727828126e-4
vix,combined,sugar_wld,zinc,13,7.694444727828126e-4
vix,combined,sugar_wld,zinc,14,7.694444727828126e-4
vix,combined,sugar_wld,zinc,15,7.694444727828126e-4
vix,combined,sugar_wld,zinc,16,7.694444727828126e-4
vix,combined,sugar_wld,zinc,17,7.694444727828126e-4
vix,combined,sugar_wld,zinc,18,7.694444727828126e-4
vix,combined,sugar_wld,zinc,19,7.694444727828126e-4
vix,combined,sugar_wld,zinc,20,7.694444727828126e-4
vix,combined,sugar_wld,zinc,21,7.694444727828126e-4
vix,combined,sugar_wld,zinc,22,7.694444727828126e-4
vix,combined,sugar_wld,zinc,23,7.694444727828126e-4
vix,combined,sugar_wld,zinc,24,7.694444727828126e-4
vix,combined,tin,aluminium,1,0
vix,combined,tin,aluminium,2,0
vix,combined,tin,aluminium,3,0.002855360463111728
vix,combined,tin,aluminium,4,0.004168168197203264
vix,combined,tin,aluminium,5,0.004562237654639536
vix,combined,tin,aluminium,6,0.004745663915014209
vix,combined,tin,aluminium,7,0.0048266630456236595
vix,combined,tin,aluminium,8,0.0048549471295351474
vix,combined,tin,aluminium,9,0.004863802968463065
vix,combined,tin,aluminium,10,0.004866533831528005
vix,combined,tin,aluminium,11,0.004867384183253583
vix,combined,tin,aluminium,12,0.00486765378877147
vix,combined,tin,aluminium,13,0.00486765378877147
vix,combined,tin,aluminium,14,0.00486765378877147
vix,combined,tin,aluminium,15,0.00486765378877147
vix,combined,tin,aluminium,16,0.00486765378877147
vix,combined,tin,aluminium,17,0.00486765378877147
vix,combined,tin,aluminium,18,0.00486765378877147
vix,combined,tin,aluminium,19,0.00486765378877147
vix,combined,tin,aluminium,20,0.00486765378877147
vix,combined,tin,aluminium,21,0.00486765378877147
vix,combined,tin,aluminium,22,0.00486765378877147
vix,combined,tin,aluminium,23,0.00486765378877147
vix,combined,tin,aluminium,24,0.00486765378877147
vix,combined,tin,cocoa,1,0
vix,combined,tin,cocoa,2,0
vix,combined,tin,cocoa,3,0.0047686440464172405
vix,combined,tin,cocoa,4,0.005726829570700606
vix,combined,tin,cocoa,5,0.006013991121889614
vix,combined,tin,cocoa,6,0.006089607611417568
vix,combined,tin,cocoa,7,0.006110835069628284
vix,combined,tin,cocoa,8,0.006115953395063843
vix,combined,tin,cocoa,9,0.0061171374828520855
vix,combined,tin,cocoa,10,0.006117467350420124
vix,combined,tin,cocoa,11,0.006117566564111049
vix,combined,tin,cocoa,12,0.006117592545832369
vix,combined,tin,cocoa,13,0.006117592545832369
vix,combined,tin,cocoa,14,0.006117592545832369
vix,combined,tin,cocoa,15,0.006117592545832369
vix,combined,tin,cocoa,16,0.006117592545832369
vix,combined,tin,cocoa,17,0.006117592545832369
vix,combined,tin,cocoa,18,0.006117592545832369
vix,combined,tin,cocoa,19,0.006117592545832369
vix,combined,tin,cocoa,20,0.006117592545832369
vix,combined,tin,cocoa,21,0.006117592545832369
vix,combined,tin,cocoa,22,0.006117592545832369
vix,combined,tin,cocoa,23,0.006117592545832369
vix,combined,tin,cocoa,24,0.006117592545832369
vix,combined,tin,coffee_arabic,1,0
vix,combined,tin,coffee_arabic,2,0
vix,combined,tin,coffee_arabic,3,0.0035740731053297966
vix,combined,tin,coffee_arabic,4,0.00507341633999305
vix,combined,tin,coffee_arabic,5,0.00532928856441734
vix,combined,tin,coffee_arabic,6,0.00533797736353969
vix,combined,tin,coffee_arabic,7,0.005331426924433475
vix,combined,tin,coffee_arabic,8,0.005329645237841793
vix,combined,tin,coffee_arabic,9,0.005329865813330071
vix,combined,tin,coffee_arabic,10,0.005330273990816143
vix,combined,tin,coffee_arabic,11,0.005330474175073512
vix,combined,tin,coffee_arabic,12,0.005330537834632815
vix,combined,tin,coffee_arabic,13,0.005330537834632815
vix,combined,tin,coffee_arabic,14,0.005330537834632815
vix,combined,tin,coffee_arabic,15,0.005330537834632815
vix,combined,tin,coffee_arabic,16,0.005330537834632815
vix,combined,tin,coffee_arabic,17,0.005330537834632815
vix,combined,tin,coffee_arabic,18,0.005330537834632815
vix,combined,tin,coffee_arabic,19,0.005330537834632815
vix,combined,tin,coffee_arabic,20,0.005330537834632815
vix,combined,tin,coffee_arabic,21,0.005330537834632815
vix,combined,tin,coffee_arabic,22,0.005330537834632815
vix,combined,tin,coffee_arabic,23,0.005330537834632815
vix,combined,tin,coffee_arabic,24,0.005330537834632815
vix,combined,tin,copper,1,0
vix,combined,tin,copper,2,0
vix,combined,tin,copper,3,0.005347358066592733
vix,combined,tin,copper,4,0.008072364108744595
vix,combined,tin,copper,5,0.00875934715637269
vix,combined,tin,copper,6,0.008786235280772629
vix,combined,tin,copper,7,0.00876206247623984
vix,combined,tin,copper,8,0.008758924562812843
vix,combined,tin,copper,9,0.008761176695253517
vix,combined,tin,copper,10,0.008762283975684673
vix,combined,tin,copper,11,0.008762491624937838
vix,combined,tin,copper,12,0.00876249099323127
vix,combined,tin,copper,13,0.00876249099323127
vix,combined,tin,copper,14,0.00876249099323127
vix,combined,tin,copper,15,0.00876249099323127
vix,combined,tin,copper,16,0.00876249099323127
vix,combined,tin,copper,17,0.00876249099323127
vix,combined,tin,copper,18,0.00876249099323127
vix,combined,tin,copper,19,0.00876249099323127
vix,combined,tin,copper,20,0.00876249099323127
vix,combined,tin,copper,21,0.00876249099323127
vix,combined,tin,copper,22,0.00876249099323127
vix,combined,tin,copper,23,0.00876249099323127
vix,combined,tin,copper,24,0.00876249099323127
vix,combined,tin,cotton_a_indx,1,0
vix,combined,tin,cotton_a_indx,2,0
vix,combined,tin,cotton_a_indx,3,0.009292942034619348
vix,combined,tin,cotton_a_indx,4,0.01431422311867888
vix,combined,tin,cotton_a_indx,5,0.016198448528899963
vix,combined,tin,cotton_a_indx,6,0.016756781948392082
vix,combined,tin,cotton_a_indx,7,0.016917245073258865
vix,combined,tin,cotton_a_indx,8,0.016967160677640057
vix,combined,tin,cotton_a_indx,9,0.016984221358313106
vix,combined,tin,cotton_a_indx,10,0.016990152354307418
vix,combined,tin,cotton_a_indx,11,0.016992116521740853
vix,combined,tin,cotton_a_indx,12,0.016992720384423475
vix,combined,tin,cotton_a_indx,13,0.016992720384423475
vix,combined,tin,cotton_a_indx,14,0.016992720384423475
vix,combined,tin,cotton_a_indx,15,0.016992720384423475
vix,combined,tin,cotton_a_indx,16,0.016992720384423475
vix,combined,tin,cotton_a_indx,17,0.016992720384423475
vix,combined,tin,cotton_a_indx,18,0.016992720384423475
vix,combined,tin,cotton_a_indx,19,0.016992720384423475
vix,combined,tin,cotton_a_indx,20,0.016992720384423475
vix,combined,tin,cotton_a_indx,21,0.016992720384423475
vix,combined,tin,cotton_a_indx,22,0.016992720384423475
vix,combined,tin,cotton_a_indx,23,0.016992720384423475
vix,combined,tin,cotton_a_indx,24,0.016992720384423475
vix,combined,tin,crude_wti,1,0
vix,combined,tin,crude_wti,2,0
vix,combined,tin,crude_wti,3,2.0152511300678108e-4
vix,combined,tin,crude_wti,4,0.0014357928389135428
vix,combined,tin,crude_wti,5,0.0026161865736368853
vix,combined,tin,crude_wti,6,0.0032860643020579706
vix,combined,tin,crude_wti,7,0.0035396931670940482
vix,combined,tin,crude_wti,8,0.0036182943500066415
vix,combined,tin,crude_wti,9,0.003641318432678617
vix,combined,tin,crude_wti,10,0.0036480307394192698
vix,combined,tin,crude_wti,11,0.0036499987801704597
vix,combined,tin,crude_wti,12,0.003650581316392494
vix,combined,tin,crude_wti,13,0.003650581316392494
vix,combined,tin,crude_wti,14,0.003650581316392494
vix,combined,tin,crude_wti,15,0.003650581316392494
vix,combined,tin,crude_wti,16,0.003650581316392494
vix,combined,tin,crude_wti,17,0.003650581316392494
vix,combined,tin,crude_wti,18,0.003650581316392494
vix,combined,tin,crude_wti,19,0.003650581316392494
vix,combined,tin,crude_wti,20,0.003650581316392494
vix,combined,tin,crude_wti,21,0.003650581316392494
vix,combined,tin,crude_wti,22,0.003650581316392494
vix,combined,tin,crude_wti,23,0.003650581316392494
vix,combined,tin,crude_wti,24,0.003650581316392494
vix,combined,tin,gold,1,0
vix,combined,tin,gold,2,0
vix,combined,tin,gold,3,0.006740181797128278
vix,combined,tin,gold,4,0.008239455386359501
vix,combined,tin,gold,5,0.008075520787050696
vix,combined,tin,gold,6,0.008249418466276174
vix,combined,tin,gold,7,0.008453500845144969
vix,combined,tin,gold,8,0.008557538526741468
vix,combined,tin,gold,9,0.00859371418593253
vix,combined,tin,gold,10,0.008603626782136789
vix,combined,tin,gold,11,0.008606063694681263
vix,combined,tin,gold,12,0.008606687670888747
vix,combined,tin,gold,13,0.008606687670888747
vix,combined,tin,gold,14,0.008606687670888747
vix,combined,tin,gold,15,0.008606687670888747
vix,combined,tin,gold,16,0.008606687670888747
vix,combined,tin,gold,17,0.008606687670888747
vix,combined,tin,gold,18,0.008606687670888747
vix,combined,tin,gold,19,0.008606687670888747
vix,combined,tin,gold,20,0.008606687670888747
vix,combined,tin,gold,21,0.008606687670888747
vix,combined,tin,gold,22,0.008606687670888747
vix,combined,tin,gold,23,0.008606687670888747
vix,combined,tin,gold,24,0.008606687670888747
vix,combined,tin,lead,1,0
vix,combined,tin,lead,2,0
vix,combined,tin,lead,3,8.929587659766047e-4
vix,combined,tin,lead,4,8.514736034136689e-4
vix,combined,tin,lead,5,0.0010729388425273685
vix,combined,tin,lead,6,0.0012041589548943822
vix,combined,tin,lead,7,0.0012470719948071561
vix,combined,tin,lead,8,0.0012580185000764712
vix,combined,tin,lead,9,0.0012602920275735818
vix,combined,tin,lead,10,0.0012607061714996896
vix,combined,tin,lead,11,0.0012607962365271373
vix,combined,tin,lead,12,0.0012608269080696959
vix,combined,tin,lead,13,0.0012608269080696959
vix,combined,tin,lead,14,0.0012608269080696959
vix,combined,tin,lead,15,0.0012608269080696959
vix,combined,tin,lead,16,0.0012608269080696959
vix,combined,tin,lead,17,0.0012608269080696959
vix,combined,tin,lead,18,0.0012608269080696959
vix,combined,tin,lead,19,0.0012608269080696959
vix,combined,tin,lead,20,0.0012608269080696959
vix,combined,tin,lead,21,0.0012608269080696959
vix,combined,tin,lead,22,0.0012608269080696959
vix,combined,tin,lead,23,0.0012608269080696959
vix,combined,tin,lead,24,0.0012608269080696959
vix,combined,tin,maize,1,0
vix,combined,tin,maize,2,0
vix,combined,tin,maize,3,2.9913742013974823e-4
vix,combined,tin,maize,4,0.004555411865552177
vix,combined,tin,maize,5,0.00698279516196617
vix,combined,tin,maize,6,0.008075620222534647
vix,combined,tin,maize,7,0.008511893141871242
vix,combined,tin,maize,8,0.0086583157622816
vix,combined,tin,maize,9,0.008701885313064867
vix,combined,tin,maize,10,0.00871427181329286
vix,combined,tin,maize,11,0.008717778537616802
vix,combined,tin,maize,12,0.008718781709614546
vix,combined,tin,maize,13,0.008718781709614546
vix,combined,tin,maize,14,0.008718781709614546
vix,combined,tin,maize,15,0.008718781709614546
vix,combined,tin,maize,16,0.008718781709614546
vix,combined,tin,maize,17,0.008718781709614546
vix,combined,tin,maize,18,0.008718781709614546
vix,combined,tin,maize,19,0.008718781709614546
vix,combined,tin,maize,20,0.008718781709614546
vix,combined,tin,maize,21,0.008718781709614546
vix,combined,tin,maize,22,0.008718781709614546
vix,combined,tin,maize,23,0.008718781709614546
vix,combined,tin,maize,24,0.008718781709614546
vix,combined,tin,ngas_us,1,0
vix,combined,tin,ngas_us,2,0
vix,combined,tin,ngas_us,3,3.5169591455437306e-4
vix,combined,tin,ngas_us,4,9.352310255287612e-4
vix,combined,tin,ngas_us,5,0.0011366513392114415
vix,combined,tin,ngas_us,6,0.001152931977710449
vix,combined,tin,ngas_us,7,0.0011525492129041237
vix,combined,tin,ngas_us,8,0.0011524024979134993
vix,combined,tin,ngas_us,9,0.001152647808522424
vix,combined,tin,ngas_us,10,0.0011528912723386242
vix,combined,tin,ngas_us,11,0.0011530229943257637
vix,combined,tin,ngas_us,12,0.0011530729989322115
vix,combined,tin,ngas_us,13,0.0011530729989322115
vix,combined,tin,ngas_us,14,0.0011530729989322115
vix,combined,tin,ngas_us,15,0.0011530729989322115
vix,combined,tin,ngas_us,16,0.0011530729989322115
vix,combined,tin,ngas_us,17,0.0011530729989322115
vix,combined,tin,ngas_us,18,0.0011530729989322115
vix,combined,tin,ngas_us,19,0.0011530729989322115
vix,combined,tin,ngas_us,20,0.0011530729989322115
vix,combined,tin,ngas_us,21,0.0011530729989322115
vix,combined,tin,ngas_us,22,0.0011530729989322115
vix,combined,tin,ngas_us,23,0.0011530729989322115
vix,combined,tin,ngas_us,24,0.0011530729989322115
vix,combined,tin,nickel,1,0
vix,combined,tin,nickel,2,0
vix,combined,tin,nickel,3,2.2831951763554675e-4
vix,combined,tin,nickel,4,2.1550563900529058e-4
vix,combined,tin,nickel,5,2.11878630473633e-4
vix,combined,tin,nickel,6,2.1624452049187517e-4
vix,combined,tin,nickel,7,2.2302581513572973e-4
vix,combined,tin,nickel,8,2.2815739050815716e-4
vix,combined,tin,nickel,9,2.3063314412691702e-4
vix,combined,tin,nickel,10,2.313864057422676e-4
vix,combined,tin,nickel,11,2.3152027791066638e-4
vix,combined,tin,nickel,12,2.3152983109292436e-4
vix,combined,tin,nickel,13,2.3152983109292436e-4
vix,combined,tin,nickel,14,2.3152983109292436e-4
vix,combined,tin,nickel,15,2.3152983109292436e-4
vix,combined,tin,nickel,16,2.3152983109292436e-4
vix,combined,tin,nickel,17,2.3152983109292436e-4
vix,combined,tin,nickel,18,2.3152983109292436e-4
vix,combined,tin,nickel,19,2.3152983109292436e-4
vix,combined,tin,nickel,20,2.3152983109292436e-4
vix,combined,tin,nickel,21,2.3152983109292436e-4
vix,combined,tin,nickel,22,2.3152983109292436e-4
vix,combined,tin,nickel,23,2.3152983109292436e-4
vix,combined,tin,nickel,24,2.3152983109292436e-4
vix,combined,tin,platinum,1,0
vix,combined,tin,platinum,2,0
vix,combined,tin,platinum,3,3.921673772247632e-4
vix,combined,tin,platinum,4,0.0032219863331683966
vix,combined,tin,platinum,5,0.006085122263507823
vix,combined,tin,platinum,6,0.007606285926757573
vix,combined,tin,platinum,7,0.008164060651013404
vix,combined,tin,platinum,8,0.008334290408492958
vix,combined,tin,platinum,9,0.008381380852005496
vix,combined,tin,platinum,10,0.008393791938411126
vix,combined,tin,platinum,11,0.008397079963509106
vix,combined,tin,platinum,12,0.008398004192198648
vix,combined,tin,platinum,13,0.008398004192198648
vix,combined,tin,platinum,14,0.008398004192198648
vix,combined,tin,platinum,15,0.008398004192198648
vix,combined,tin,platinum,16,0.008398004192198648
vix,combined,tin,platinum,17,0.008398004192198648
vix,combined,tin,platinum,18,0.008398004192198648
vix,combined,tin,platinum,19,0.008398004192198648
vix,combined,tin,platinum,20,0.008398004192198648
vix,combined,tin,platinum,21,0.008398004192198648
vix,combined,tin,platinum,22,0.008398004192198648
vix,combined,tin,platinum,23,0.008398004192198648
vix,combined,tin,platinum,24,0.008398004192198648
vix,combined,tin,silver,1,0
vix,combined,tin,silver,2,0
vix,combined,tin,silver,3,6.085120685809152e-4
vix,combined,tin,silver,4,5.829613350556354e-4
vix,combined,tin,silver,5,0.0010155778730134221
vix,combined,tin,silver,6,0.0015782305546650308
vix,combined,tin,silver,7,0.0018838580301706724
vix,combined,tin,silver,8,0.0020040815330622883
vix,combined,tin,silver,9,0.002042286326122713
vix,combined,tin,silver,10,0.0020527717821978452
vix,combined,tin,silver,11,0.0020555388363367164
vix,combined,tin,silver,12,0.002056322956996446
vix,combined,tin,silver,13,0.002056322956996446
vix,combined,tin,silver,14,0.002056322956996446
vix,combined,tin,silver,15,0.002056322956996446
vix,combined,tin,silver,16,0.002056322956996446
vix,combined,tin,silver,17,0.002056322956996446
vix,combined,tin,silver,18,0.002056322956996446
vix,combined,tin,silver,19,0.002056322956996446
vix,combined,tin,silver,20,0.002056322956996446
vix,combined,tin,silver,21,0.002056322956996446
vix,combined,tin,silver,22,0.002056322956996446
vix,combined,tin,silver,23,0.002056322956996446
vix,combined,tin,silver,24,0.002056322956996446
vix,combined,tin,soybeans,1,0
vix,combined,tin,soybeans,2,0
vix,combined,tin,soybeans,3,0.013735870044954177
vix,combined,tin,soybeans,4,0.01898836288519319
vix,combined,tin,soybeans,5,0.020729884227155843
vix,combined,tin,soybeans,6,0.021167914020349145
vix,combined,tin,soybeans,7,0.021251761048520473
vix,combined,tin,soybeans,8,0.021262318504694986
vix,combined,tin,soybeans,9,0.021262345925285704
vix,combined,tin,soybeans,10,0.021261971143335643
vix,combined,tin,soybeans,11,0.0212618803802433
vix,combined,tin,soybeans,12,0.02126188292106534
vix,combined,tin,soybeans,13,0.02126188292106534
vix,combined,tin,soybeans,14,0.02126188292106534
vix,combined,tin,soybeans,15,0.02126188292106534
vix,combined,tin,soybeans,16,0.02126188292106534
vix,combined,tin,soybeans,17,0.02126188292106534
vix,combined,tin,soybeans,18,0.02126188292106534
vix,combined,tin,soybeans,19,0.02126188292106534
vix,combined,tin,soybeans,20,0.02126188292106534
vix,combined,tin,soybeans,21,0.02126188292106534
vix,combined,tin,soybeans,22,0.02126188292106534
vix,combined,tin,soybeans,23,0.02126188292106534
vix,combined,tin,soybeans,24,0.02126188292106534
vix,combined,tin,sugar_wld,1,0
vix,combined,tin,sugar_wld,2,0
vix,combined,tin,sugar_wld,3,0.004568355571284625
vix,combined,tin,sugar_wld,4,0.007107991300897155
vix,combined,tin,sugar_wld,5,0.008227551315738291
vix,combined,tin,sugar_wld,6,0.008663809675953378
vix,combined,tin,sugar_wld,7,0.008831524431087841
vix,combined,tin,sugar_wld,8,0.008890254482927277
vix,combined,tin,sugar_wld,9,0.00890773161687775
vix,combined,tin,sugar_wld,10,0.008912157474588333
vix,combined,tin,sugar_wld,11,0.008913166861184952
vix,combined,tin,sugar_wld,12,0.008913398181854184
vix,combined,tin,sugar_wld,13,0.008913398181854184
vix,combined,tin,sugar_wld,14,0.008913398181854184
vix,combined,tin,sugar_wld,15,0.008913398181854184
vix,combined,tin,sugar_wld,16,0.008913398181854184
vix,combined,tin,sugar_wld,17,0.008913398181854184
vix,combined,tin,sugar_wld,18,0.008913398181854184
vix,combined,tin,sugar_wld,19,0.008913398181854184
vix,combined,tin,sugar_wld,20,0.008913398181854184
vix,combined,tin,sugar_wld,21,0.008913398181854184
vix,combined,tin,sugar_wld,22,0.008913398181854184
vix,combined,tin,sugar_wld,23,0.008913398181854184
vix,combined,tin,sugar_wld,24,0.008913398181854184
vix,combined,tin,tin,1,0
vix,combined,tin,tin,2,1
vix,combined,tin,tin,3,0.9436270199178958
vix,combined,tin,tin,4,0.9133027210657241
vix,combined,tin,tin,5,0.8994715854266782
vix,combined,tin,tin,6,0.8934185133903232
vix,combined,tin,tin,7,0.8910835892434923
vix,combined,tin,tin,8,0.8902915993426191
vix,combined,tin,tin,9,0.8900499363845072
vix,combined,tin,tin,10,0.8899817463610045
vix,combined,tin,tin,11,0.8899630952916154
vix,combined,tin,tin,12,0.8899578558917243
vix,combined,tin,tin,13,0.8899578558917243
vix,combined,tin,tin,14,0.8899578558917243
vix,combined,tin,tin,15,0.8899578558917243
vix,combined,tin,tin,16,0.8899578558917243
vix,combined,tin,tin,17,0.8899578558917243
vix,combined,tin,tin,18,0.8899578558917243
vix,combined,tin,tin,19,0.8899578558917243
vix,combined,tin,tin,20,0.8899578558917243
vix,combined,tin,tin,21,0.8899578558917243
vix,combined,tin,tin,22,0.8899578558917243
vix,combined,tin,tin,23,0.8899578558917243
vix,combined,tin,tin,24,0.8899578558917243
vix,combined,tin,wheat_us_hrw,1,0
vix,combined,tin,wheat_us_hrw,2,0
vix,combined,tin,wheat_us_hrw,3,3.383888304828112e-5
vix,combined,tin,wheat_us_hrw,4,6.999494278265536e-5
vix,combined,tin,wheat_us_hrw,5,3.303922619942458e-4
vix,combined,tin,wheat_us_hrw,6,4.7375265785203806e-4
vix,combined,tin,wheat_us_hrw,7,5.144946698320342e-4
vix,combined,tin,wheat_us_hrw,8,5.225581797533893e-4
vix,combined,tin,wheat_us_hrw,9,5.238576059144398e-4
vix,combined,tin,wheat_us_hrw,10,5.240929761434161e-4
vix,combined,tin,wheat_us_hrw,11,5.241678603171173e-4
vix,combined,tin,wheat_us_hrw,12,5.242041222545703e-4
vix,combined,tin,wheat_us_hrw,13,5.242041222545703e-4
vix,combined,tin,wheat_us_hrw,14,5.242041222545703e-4
vix,combined,tin,wheat_us_hrw,15,5.242041222545703e-4
vix,combined,tin,wheat_us_hrw,16,5.242041222545703e-4
vix,combined,tin,wheat_us_hrw,17,5.242041222545703e-4
vix,combined,tin,wheat_us_hrw,18,5.242041222545703e-4
vix,combined,tin,wheat_us_hrw,19,5.242041222545703e-4
vix,combined,tin,wheat_us_hrw,20,5.242041222545703e-4
vix,combined,tin,wheat_us_hrw,21,5.242041222545703e-4
vix,combined,tin,wheat_us_hrw,22,5.242041222545703e-4
vix,combined,tin,wheat_us_hrw,23,5.242041222545703e-4
vix,combined,tin,wheat_us_hrw,24,5.242041222545703e-4
vix,combined,tin,zinc,1,0
vix,combined,tin,zinc,2,0
vix,combined,tin,zinc,3,0.002482039892499207
vix,combined,tin,zinc,4,0.0031381104430855708
vix,combined,tin,zinc,5,0.0031806022708269813
vix,combined,tin,zinc,6,0.003190789210997763
vix,combined,tin,zinc,7,0.00319474515974182
vix,combined,tin,zinc,8,0.003195539518028324
vix,combined,tin,zinc,9,0.003195766059175836
vix,combined,tin,zinc,10,0.0031958436371333256
vix,combined,tin,zinc,11,0.0031958572164443714
vix,combined,tin,zinc,12,0.0031958557520246596
vix,combined,tin,zinc,13,0.0031958557520246596
vix,combined,tin,zinc,14,0.0031958557520246596
vix,combined,tin,zinc,15,0.0031958557520246596
vix,combined,tin,zinc,16,0.0031958557520246596
vix,combined,tin,zinc,17,0.0031958557520246596
vix,combined,tin,zinc,18,0.0031958557520246596
vix,combined,tin,zinc,19,0.0031958557520246596
vix,combined,tin,zinc,20,0.0031958557520246596
vix,combined,tin,zinc,21,0.0031958557520246596
vix,combined,tin,zinc,22,0.0031958557520246596
vix,combined,tin,zinc,23,0.0031958557520246596
vix,combined,tin,zinc,24,0.0031958557520246596
vix,combined,wheat_us_hrw,aluminium,1,0
vix,combined,wheat_us_hrw,aluminium,2,0
vix,combined,wheat_us_hrw,aluminium,3,0.0024748131564710212
vix,combined,wheat_us_hrw,aluminium,4,0.002751885534505843
vix,combined,wheat_us_hrw,aluminium,5,0.0027537471743629845
vix,combined,wheat_us_hrw,aluminium,6,0.0027640150572871038
vix,combined,wheat_us_hrw,aluminium,7,0.00277488613777588
vix,combined,wheat_us_hrw,aluminium,8,0.0027796734480685617
vix,combined,wheat_us_hrw,aluminium,9,0.002781618907971881
vix,combined,wheat_us_hrw,aluminium,10,0.002782391456697432
vix,combined,wheat_us_hrw,aluminium,11,0.0027826566969639324
vix,combined,wheat_us_hrw,aluminium,12,0.002782734836047
vix,combined,wheat_us_hrw,aluminium,13,0.002782734836047
vix,combined,wheat_us_hrw,aluminium,14,0.002782734836047
vix,combined,wheat_us_hrw,aluminium,15,0.002782734836047
vix,combined,wheat_us_hrw,aluminium,16,0.002782734836047
vix,combined,wheat_us_hrw,aluminium,17,0.002782734836047
vix,combined,wheat_us_hrw,aluminium,18,0.002782734836047
vix,combined,wheat_us_hrw,aluminium,19,0.002782734836047
vix,combined,wheat_us_hrw,aluminium,20,0.002782734836047
vix,combined,wheat_us_hrw,aluminium,21,0.002782734836047
vix,combined,wheat_us_hrw,aluminium,22,0.002782734836047
vix,combined,wheat_us_hrw,aluminium,23,0.002782734836047
vix,combined,wheat_us_hrw,aluminium,24,0.002782734836047
vix,combined,wheat_us_hrw,cocoa,1,0
vix,combined,wheat_us_hrw,cocoa,2,0
vix,combined,wheat_us_hrw,cocoa,3,1.378424348638067e-4
vix,combined,wheat_us_hrw,cocoa,4,1.6113449716040982e-4
vix,combined,wheat_us_hrw,cocoa,5,1.721744262455815e-4
vix,combined,wheat_us_hrw,cocoa,6,1.784518519423371e-4
vix,combined,wheat_us_hrw,cocoa,7,1.8695191480785236e-4
vix,combined,wheat_us_hrw,cocoa,8,1.904007204522395e-4
vix,combined,wheat_us_hrw,cocoa,9,1.9109611891126276e-4
vix,combined,wheat_us_hrw,cocoa,10,1.9120314589497775e-4
vix,combined,wheat_us_hrw,cocoa,11,1.912225618287514e-4
vix,combined,wheat_us_hrw,cocoa,12,1.9122841028382112e-4
vix,combined,wheat_us_hrw,cocoa,13,1.9122841028382112e-4
vix,combined,wheat_us_hrw,cocoa,14,1.9122841028382112e-4
vix,combined,wheat_us_hrw,cocoa,15,1.9122841028382112e-4
vix,combined,wheat_us_hrw,cocoa,16,1.9122841028382112e-4
vix,combined,wheat_us_hrw,cocoa,17,1.9122841028382112e-4
vix,combined,wheat_us_hrw,cocoa,18,1.9122841028382112e-4
vix,combined,wheat_us_hrw,cocoa,19,1.9122841028382112e-4
vix,combined,wheat_us_hrw,cocoa,20,1.9122841028382112e-4
vix,combined,wheat_us_hrw,cocoa,21,1.9122841028382112e-4
vix,combined,wheat_us_hrw,cocoa,22,1.9122841028382112e-4
vix,combined,wheat_us_hrw,cocoa,23,1.9122841028382112e-4
vix,combined,wheat_us_hrw,cocoa,24,1.9122841028382112e-4
vix,combined,wheat_us_hrw,coffee_arabic,1,0
vix,combined,wheat_us_hrw,coffee_arabic,2,0
vix,combined,wheat_us_hrw,coffee_arabic,3,7.565129061084375e-4
vix,combined,wheat_us_hrw,coffee_arabic,4,7.394523087222842e-4
vix,combined,wheat_us_hrw,coffee_arabic,5,9.470596745843508e-4
vix,combined,wheat_us_hrw,coffee_arabic,6,0.0011211570825576348
vix,combined,wheat_us_hrw,coffee_arabic,7,0.0011729976776063342
vix,combined,wheat_us_hrw,coffee_arabic,8,0.0011809863195930293
vix,combined,wheat_us_hrw,coffee_arabic,9,0.0011814729932994872
vix,combined,wheat_us_hrw,coffee_arabic,10,0.0011814618605158098
vix,combined,wheat_us_hrw,coffee_arabic,11,0.0011814556567411908
vix,combined,wheat_us_hrw,coffee_arabic,12,0.0011814577181026044
vix,combined,wheat_us_hrw,coffee_arabic,13,0.0011814577181026044
vix,combined,wheat_us_hrw,coffee_arabic,14,0.0011814577181026044
vix,combined,wheat_us_hrw,coffee_arabic,15,0.0011814577181026044
vix,combined,wheat_us_hrw,coffee_arabic,16,0.0011814577181026044
vix,combined,wheat_us_hrw,coffee_arabic,17,0.0011814577181026044
vix,combined,wheat_us_hrw,coffee_arabic,18,0.0011814577181026044
vix,combined,wheat_us_hrw,coffee_arabic,19,0.0011814577181026044
vix,combined,wheat_us_hrw,coffee_arabic,20,0.0011814577181026044
vix,combined,wheat_us_hrw,coffee_arabic,21,0.0011814577181026044
vix,combined,wheat_us_hrw,coffee_arabic,22,0.0011814577181026044
vix,combined,wheat_us_hrw,coffee_arabic,23,0.0011814577181026044
vix,combined,wheat_us_hrw,coffee_arabic,24,0.0011814577181026044
vix,combined,wheat_us_hrw,copper,1,0
vix,combined,wheat_us_hrw,copper,2,0
vix,combined,wheat_us_hrw,copper,3,0.004749755800658216
vix,combined,wheat_us_hrw,copper,4,0.004874358317683276
vix,combined,wheat_us_hrw,copper,5,0.005248851088125204
vix,combined,wheat_us_hrw,copper,6,0.00539117896520576
vix,combined,wheat_us_hrw,copper,7,0.005402193165034307
vix,combined,wheat_us_hrw,copper,8,0.005401828667779767
vix,combined,wheat_us_hrw,copper,9,0.005403208575296323
vix,combined,wheat_us_hrw,copper,10,0.005403649147624286
vix,combined,wheat_us_hrw,copper,11,0.00540365087804687
vix,combined,wheat_us_hrw,copper,12,0.005403645044096591
vix,combined,wheat_us_hrw,copper,13,0.005403645044096591
vix,combined,wheat_us_hrw,copper,14,0.005403645044096591
vix,combined,wheat_us_hrw,copper,15,0.005403645044096591
vix,combined,wheat_us_hrw,copper,16,0.005403645044096591
vix,combined,wheat_us_hrw,copper,17,0.005403645044096591
vix,combined,wheat_us_hrw,copper,18,0.005403645044096591
vix,combined,wheat_us_hrw,copper,19,0.005403645044096591
vix,combined,wheat_us_hrw,copper,20,0.005403645044096591
vix,combined,wheat_us_hrw,copper,21,0.005403645044096591
vix,combined,wheat_us_hrw,copper,22,0.005403645044096591
vix,combined,wheat_us_hrw,copper,23,0.005403645044096591
vix,combined,wheat_us_hrw,copper,24,0.005403645044096591
vix,combined,wheat_us_hrw,cotton_a_indx,1,0
vix,combined,wheat_us_hrw,cotton_a_indx,2,0
vix,combined,wheat_us_hrw,cotton_a_indx,3,0.0017184672830197595
vix,combined,wheat_us_hrw,cotton_a_indx,4,0.0017920866216837024
vix,combined,wheat_us_hrw,cotton_a_indx,5,0.00187530959108793
vix,combined,wheat_us_hrw,cotton_a_indx,6,0.002021579351141374
vix,combined,wheat_us_hrw,cotton_a_indx,7,0.002105868277256973
vix,combined,wheat_us_hrw,cotton_a_indx,8,0.0021350236145719903
vix,combined,wheat_us_hrw,cotton_a_indx,9,0.0021425776571363155
vix,combined,wheat_us_hrw,cotton_a_indx,10,0.0021442454577279934
vix,combined,wheat_us_hrw,cotton_a_indx,11,0.002144629564696607
vix,combined,wheat_us_hrw,cotton_a_indx,12,0.0021447400279315685
vix,combined,wheat_us_hrw,cotton_a_indx,13,0.0021447400279315685
vix,combined,wheat_us_hrw,cotton_a_indx,14,0.0021447400279315685
vix,combined,wheat_us_hrw,cotton_a_indx,15,0.0021447400279315685
vix,combined,wheat_us_hrw,cotton_a_indx,16,0.0021447400279315685
vix,combined,wheat_us_hrw,cotton_a_indx,17,0.0021447400279315685
vix,combined,wheat_us_hrw,cotton_a_indx,18,0.0021447400279315685
vix,combined,wheat_us_hrw,cotton_a_indx,19,0.0021447400279315685
vix,combined,wheat_us_hrw,cotton_a_indx,20,0.0021447400279315685
vix,combined,wheat_us_hrw,cotton_a_indx,21,0.0021447400279315685
vix,combined,wheat_us_hrw,cotton_a_indx,22,0.0021447400279315685
vix,combined,wheat_us_hrw,cotton_a_indx,23,0.0021447400279315685
vix,combined,wheat_us_hrw,cotton_a_indx,24,0.0021447400279315685
vix,combined,wheat_us_hrw,crude_wti,1,0
vix,combined,wheat_us_hrw,crude_wti,2,0
vix,combined,wheat_us_hrw,crude_wti,3,0.004205981176027315
vix,combined,wheat_us_hrw,crude_wti,4,0.00462693809837857
vix,combined,wheat_us_hrw,crude_wti,5,0.004772233267766592
vix,combined,wheat_us_hrw,crude_wti,6,0.00476734676362723
vix,combined,wheat_us_hrw,crude_wti,7,0.004769408664862274
vix,combined,wheat_us_hrw,crude_wti,8,0.004775437411793077
vix,combined,wheat_us_hrw,crude_wti,9,0.004779209995789335
vix,combined,wheat_us_hrw,crude_wti,10,0.0047807205540503625
vix,combined,wheat_us_hrw,crude_wti,11,0.004781192913815693
vix,combined,wheat_us_hrw,crude_wti,12,0.004781326927721099
vix,combined,wheat_us_hrw,crude_wti,13,0.004781326927721099
vix,combined,wheat_us_hrw,crude_wti,14,0.004781326927721099
vix,combined,wheat_us_hrw,crude_wti,15,0.004781326927721099
vix,combined,wheat_us_hrw,crude_wti,16,0.004781326927721099
vix,combined,wheat_us_hrw,crude_wti,17,0.004781326927721099
vix,combined,wheat_us_hrw,crude_wti,18,0.004781326927721099
vix,combined,wheat_us_hrw,crude_wti,19,0.004781326927721099
vix,combined,wheat_us_hrw,crude_wti,20,0.004781326927721099
vix,combined,wheat_us_hrw,crude_wti,21,0.004781326927721099
vix,combined,wheat_us_hrw,crude_wti,22,0.004781326927721099
vix,combined,wheat_us_hrw,crude_wti,23,0.004781326927721099
vix,combined,wheat_us_hrw,crude_wti,24,0.004781326927721099
vix,combined,wheat_us_hrw,gold,1,0
vix,combined,wheat_us_hrw,gold,2,0
vix,combined,wheat_us_hrw,gold,3,0.0046903176597536
vix,combined,wheat_us_hrw,gold,4,0.008666870829628916
vix,combined,wheat_us_hrw,gold,5,0.010240586362412481
vix,combined,wheat_us_hrw,gold,6,0.010365944314809104
vix,combined,wheat_us_hrw,gold,7,0.010361346709683564
vix,combined,wheat_us_hrw,gold,8,0.010360869442677443
vix,combined,wheat_us_hrw,gold,9,0.010360539156329115
vix,combined,wheat_us_hrw,gold,10,0.010361246078382581
vix,combined,wheat_us_hrw,gold,11,0.010361967015521825
vix,combined,wheat_us_hrw,gold,12,0.010362281942231367
vix,combined,wheat_us_hrw,gold,13,0.010362281942231367
vix,combined,wheat_us_hrw,gold,14,0.010362281942231367
vix,combined,wheat_us_hrw,gold,15,0.010362281942231367
vix,combined,wheat_us_hrw,gold,16,0.010362281942231367
vix,combined,wheat_us_hrw,gold,17,0.010362281942231367
vix,combined,wheat_us_hrw,gold,18,0.010362281942231367
vix,combined,wheat_us_hrw,gold,19,0.010362281942231367
vix,combined,wheat_us_hrw,gold,20,0.010362281942231367
vix,combined,wheat_us_hrw,gold,21,0.010362281942231367
vix,combined,wheat_us_hrw,gold,22,0.010362281942231367
vix,combined,wheat_us_hrw,gold,23,0.010362281942231367
vix,combined,wheat_us_hrw,gold,24,0.010362281942231367
vix,combined,wheat_us_hrw,lead,1,0
vix,combined,wheat_us_hrw,lead,2,0
vix,combined,wheat_us_hrw,lead,3,0.0010894546636353788
vix,combined,wheat_us_hrw,lead,4,0.0012488523527460276
vix,combined,wheat_us_hrw,lead,5,0.0013189034821958566
vix,combined,wheat_us_hrw,lead,6,0.0013478622265471435
vix,combined,wheat_us_hrw,lead,7,0.0013528764753892154
vix,combined,wheat_us_hrw,lead,8,0.0013527199580976024
vix,combined,wheat_us_hrw,lead,9,0.0013535988868666336
vix,combined,wheat_us_hrw,lead,10,0.0013543418894129198
vix,combined,wheat_us_hrw,lead,11,0.0013546075407254686
vix,combined,wheat_us_hrw,lead,12,0.001354662679976291
vix,combined,wheat_us_hrw,lead,13,0.001354662679976291
vix,combined,wheat_us_hrw,lead,14,0.001354662679976291
vix,combined,wheat_us_hrw,lead,15,0.001354662679976291
vix,combined,wheat_us_hrw,lead,16,0.001354662679976291
vix,combined,wheat_us_hrw,lead,17,0.001354662679976291
vix,combined,wheat_us_hrw,lead,18,0.001354662679976291
vix,combined,wheat_us_hrw,lead,19,0.001354662679976291
vix,combined,wheat_us_hrw,lead,20,0.001354662679976291
vix,combined,wheat_us_hrw,lead,21,0.001354662679976291
vix,combined,wheat_us_hrw,lead,22,0.001354662679976291
vix,combined,wheat_us_hrw,lead,23,0.001354662679976291
vix,combined,wheat_us_hrw,lead,24,0.001354662679976291
vix,combined,wheat_us_hrw,maize,1,0
vix,combined,wheat_us_hrw,maize,2,0
vix,combined,wheat_us_hrw,maize,3,0.002819426741122496
vix,combined,wheat_us_hrw,maize,4,0.004079354931640468
vix,combined,wheat_us_hrw,maize,5,0.00419786700182661
vix,combined,wheat_us_hrw,maize,6,0.004238791674047791
vix,combined,wheat_us_hrw,maize,7,0.004273164162853464
vix,combined,wheat_us_hrw,maize,8,0.004291319899708061
vix,combined,wheat_us_hrw,maize,9,0.004298153691620032
vix,combined,wheat_us_hrw,maize,10,0.0043004206996459906
vix,combined,wheat_us_hrw,maize,11,0.00430112867476061
vix,combined,wheat_us_hrw,maize,12,0.004301339423512421
vix,combined,wheat_us_hrw,maize,13,0.004301339423512421
vix,combined,wheat_us_hrw,maize,14,0.004301339423512421
vix,combined,wheat_us_hrw,maize,15,0.004301339423512421
vix,combined,wheat_us_hrw,maize,16,0.004301339423512421
vix,combined,wheat_us_hrw,maize,17,0.004301339423512421
vix,combined,wheat_us_hrw,maize,18,0.004301339423512421
vix,combined,wheat_us_hrw,maize,19,0.004301339423512421
vix,combined,wheat_us_hrw,maize,20,0.004301339423512421
vix,combined,wheat_us_hrw,maize,21,0.004301339423512421
vix,combined,wheat_us_hrw,maize,22,0.004301339423512421
vix,combined,wheat_us_hrw,maize,23,0.004301339423512421
vix,combined,wheat_us_hrw,maize,24,0.004301339423512421
vix,combined,wheat_us_hrw,ngas_us,1,0
vix,combined,wheat_us_hrw,ngas_us,2,0
vix,combined,wheat_us_hrw,ngas_us,3,6.008107704956566e-4
vix,combined,wheat_us_hrw,ngas_us,4,6.279607936298632e-4
vix,combined,wheat_us_hrw,ngas_us,5,7.463947573448215e-4
vix,combined,wheat_us_hrw,ngas_us,6,7.796817753303555e-4
vix,combined,wheat_us_hrw,ngas_us,7,7.953901515664917e-4
vix,combined,wheat_us_hrw,ngas_us,8,7.999840818642889e-4
vix,combined,wheat_us_hrw,ngas_us,9,8.006332803418961e-4
vix,combined,wheat_us_hrw,ngas_us,10,8.006599756260177e-4
vix,combined,wheat_us_hrw,ngas_us,11,8.00656464602408e-4
vix,combined,wheat_us_hrw,ngas_us,12,8.006555857668335e-4
vix,combined,wheat_us_hrw,ngas_us,13,8.006555857668335e-4
vix,combined,wheat_us_hrw,ngas_us,14,8.006555857668335e-4
vix,combined,wheat_us_hrw,ngas_us,15,8.006555857668335e-4
vix,combined,wheat_us_hrw,ngas_us,16,8.006555857668335e-4
vix,combined,wheat_us_hrw,ngas_us,17,8.006555857668335e-4
vix,combined,wheat_us_hrw,ngas_us,18,8.006555857668335e-4
vix,combined,wheat_us_hrw,ngas_us,19,8.006555857668335e-4
vix,combined,wheat_us_hrw,ngas_us,20,8.006555857668335e-4
vix,combined,wheat_us_hrw,ngas_us,21,8.006555857668335e-4
vix,combined,wheat_us_hrw,ngas_us,22,8.006555857668335e-4
vix,combined,wheat_us_hrw,ngas_us,23,8.006555857668335e-4
vix,combined,wheat_us_hrw,ngas_us,24,8.006555857668335e-4
vix,combined,wheat_us_hrw,nickel,1,0
vix,combined,wheat_us_hrw,nickel,2,0
vix,combined,wheat_us_hrw,nickel,3,0.028205191340982764
vix,combined,wheat_us_hrw,nickel,4,0.02843219257337774
vix,combined,wheat_us_hrw,nickel,5,0.02827636185931919
vix,combined,wheat_us_hrw,nickel,6,0.02832576041381279
vix,combined,wheat_us_hrw,nickel,7,0.02833325109126849
vix,combined,wheat_us_hrw,nickel,8,0.028330695811083925
vix,combined,wheat_us_hrw,nickel,9,0.028329601146665995
vix,combined,wheat_us_hrw,nickel,10,0.028329212596212978
vix,combined,wheat_us_hrw,nickel,11,0.028329056261607203
vix,combined,wheat_us_hrw,nickel,12,0.02832900652572573
vix,combined,wheat_us_hrw,nickel,13,0.02832900652572573
vix,combined,wheat_us_hrw,nickel,14,0.02832900652572573
vix,combined,wheat_us_hrw,nickel,15,0.02832900652572573
vix,combined,wheat_us_hrw,nickel,16,0.02832900652572573
vix,combined,wheat_us_hrw,nickel,17,0.02832900652572573
vix,combined,wheat_us_hrw,nickel,18,0.02832900652572573
vix,combined,wheat_us_hrw,nickel,19,0.02832900652572573
vix,combined,wheat_us_hrw,nickel,20,0.02832900652572573
vix,combined,wheat_us_hrw,nickel,21,0.02832900652572573
vix,combined,wheat_us_hrw,nickel,22,0.02832900652572573
vix,combined,wheat_us_hrw,nickel,23,0.02832900652572573
vix,combined,wheat_us_hrw,nickel,24,0.02832900652572573
vix,combined,wheat_us_hrw,platinum,1,0
vix,combined,wheat_us_hrw,platinum,2,0
vix,combined,wheat_us_hrw,platinum,3,9.704636177772927e-5
vix,combined,wheat_us_hrw,platinum,4,1.0775862570101289e-4
vix,combined,wheat_us_hrw,platinum,5,4.081731093968539e-4
vix,combined,wheat_us_hrw,platinum,6,5.754209850304667e-4
vix,combined,wheat_us_hrw,platinum,7,6.18408374739878e-4
vix,combined,wheat_us_hrw,platinum,8,6.308093763092245e-4
vix,combined,wheat_us_hrw,platinum,9,6.359220112779716e-4
vix,combined,wheat_us_hrw,platinum,10,6.381745253272199e-4
vix,combined,wheat_us_hrw,platinum,11,6.390446411144322e-4
vix,combined,wheat_us_hrw,platinum,12,6.393283124505004e-4
vix,combined,wheat_us_hrw,platinum,13,6.393283124505004e-4
vix,combined,wheat_us_hrw,platinum,14,6.393283124505004e-4
vix,combined,wheat_us_hrw,platinum,15,6.393283124505004e-4
vix,combined,wheat_us_hrw,platinum,16,6.393283124505004e-4
vix,combined,wheat_us_hrw,platinum,17,6.393283124505004e-4
vix,combined,wheat_us_hrw,platinum,18,6.393283124505004e-4
vix,combined,wheat_us_hrw,platinum,19,6.393283124505004e-4
vix,combined,wheat_us_hrw,platinum,20,6.393283124505004e-4
vix,combined,wheat_us_hrw,platinum,21,6.393283124505004e-4
vix,combined,wheat_us_hrw,platinum,22,6.393283124505004e-4
vix,combined,wheat_us_hrw,platinum,23,6.393283124505004e-4
vix,combined,wheat_us_hrw,platinum,24,6.393283124505004e-4
vix,combined,wheat_us_hrw,silver,1,0
vix,combined,wheat_us_hrw,silver,2,0
vix,combined,wheat_us_hrw,silver,3,0.026667237961752417
vix,combined,wheat_us_hrw,silver,4,0.03350193502842331
vix,combined,wheat_us_hrw,silver,5,0.03438768900555894
vix,combined,wheat_us_hrw,silver,6,0.03440576130940519
vix,combined,wheat_us_hrw,silver,7,0.03439034676960254
vix,combined,wheat_us_hrw,silver,8,0.03438622584965186
vix,combined,wheat_us_hrw,silver,9,0.03438583915242901
vix,combined,wheat_us_hrw,silver,10,0.03438676171902649
vix,combined,wheat_us_hrw,silver,11,0.03438743408692977
vix,combined,wheat_us_hrw,silver,12,0.03438768748785451
vix,combined,wheat_us_hrw,silver,13,0.03438768748785451
vix,combined,wheat_us_hrw,silver,14,0.03438768748785451
vix,combined,wheat_us_hrw,silver,15,0.03438768748785451
vix,combined,wheat_us_hrw,silver,16,0.03438768748785451
vix,combined,wheat_us_hrw,silver,17,0.03438768748785451
vix,combined,wheat_us_hrw,silver,18,0.03438768748785451
vix,combined,wheat_us_hrw,silver,19,0.03438768748785451
vix,combined,wheat_us_hrw,silver,20,0.03438768748785451
vix,combined,wheat_us_hrw,silver,21,0.03438768748785451
vix,combined,wheat_us_hrw,silver,22,0.03438768748785451
vix,combined,wheat_us_hrw,silver,23,0.03438768748785451
vix,combined,wheat_us_hrw,silver,24,0.03438768748785451
vix,combined,wheat_us_hrw,soybeans,1,0
vix,combined,wheat_us_hrw,soybeans,2,0
vix,combined,wheat_us_hrw,soybeans,3,0.005503487050590514
vix,combined,wheat_us_hrw,soybeans,4,0.005445840648386152
vix,combined,wheat_us_hrw,soybeans,5,0.0054325315042036346
vix,combined,wheat_us_hrw,soybeans,6,0.005425621114168801
vix,combined,wheat_us_hrw,soybeans,7,0.005429818187805738
vix,combined,wheat_us_hrw,soybeans,8,0.005437230161063956
vix,combined,wheat_us_hrw,soybeans,9,0.005441573549949149
vix,combined,wheat_us_hrw,soybeans,10,0.005442974306078406
vix,combined,wheat_us_hrw,soybeans,11,0.005443254389836319
vix,combined,wheat_us_hrw,soybeans,12,0.0054432900927882475
vix,combined,wheat_us_hrw,soybeans,13,0.0054432900927882475
vix,combined,wheat_us_hrw,soybeans,14,0.0054432900927882475
vix,combined,wheat_us_hrw,soybeans,15,0.0054432900927882475
vix,combined,wheat_us_hrw,soybeans,16,0.0054432900927882475
vix,combined,wheat_us_hrw,soybeans,17,0.0054432900927882475
vix,combined,wheat_us_hrw,soybeans,18,0.0054432900927882475
vix,combined,wheat_us_hrw,soybeans,19,0.0054432900927882475
vix,combined,wheat_us_hrw,soybeans,20,0.0054432900927882475
vix,combined,wheat_us_hrw,soybeans,21,0.0054432900927882475
vix,combined,wheat_us_hrw,soybeans,22,0.0054432900927882475
vix,combined,wheat_us_hrw,soybeans,23,0.0054432900927882475
vix,combined,wheat_us_hrw,soybeans,24,0.0054432900927882475
vix,combined,wheat_us_hrw,sugar_wld,1,0
vix,combined,wheat_us_hrw,sugar_wld,2,0
vix,combined,wheat_us_hrw,sugar_wld,3,0.020523446405305592
vix,combined,wheat_us_hrw,sugar_wld,4,0.024718544033982427
vix,combined,wheat_us_hrw,sugar_wld,5,0.026066626898687783
vix,combined,wheat_us_hrw,sugar_wld,6,0.026280352641884698
vix,combined,wheat_us_hrw,sugar_wld,7,0.026293237690142166
vix,combined,wheat_us_hrw,sugar_wld,8,0.026291561814654793
vix,combined,wheat_us_hrw,sugar_wld,9,0.02629083295008695
vix,combined,wheat_us_hrw,sugar_wld,10,0.02629078482694223
vix,combined,wheat_us_hrw,sugar_wld,11,0.026290931366456383
vix,combined,wheat_us_hrw,sugar_wld,12,0.026291022855631806
vix,combined,wheat_us_hrw,sugar_wld,13,0.026291022855631806
vix,combined,wheat_us_hrw,sugar_wld,14,0.026291022855631806
vix,combined,wheat_us_hrw,sugar_wld,15,0.026291022855631806
vix,combined,wheat_us_hrw,sugar_wld,16,0.026291022855631806
vix,combined,wheat_us_hrw,sugar_wld,17,0.026291022855631806
vix,combined,wheat_us_hrw,sugar_wld,18,0.026291022855631806
vix,combined,wheat_us_hrw,sugar_wld,19,0.026291022855631806
vix,combined,wheat_us_hrw,sugar_wld,20,0.026291022855631806
vix,combined,wheat_us_hrw,sugar_wld,21,0.026291022855631806
vix,combined,wheat_us_hrw,sugar_wld,22,0.026291022855631806
vix,combined,wheat_us_hrw,sugar_wld,23,0.026291022855631806
vix,combined,wheat_us_hrw,sugar_wld,24,0.026291022855631806
vix,combined,wheat_us_hrw,tin,1,0
vix,combined,wheat_us_hrw,tin,2,0
vix,combined,wheat_us_hrw,tin,3,0.004249152270102386
vix,combined,wheat_us_hrw,tin,4,0.005464260703915021
vix,combined,wheat_us_hrw,tin,5,0.0061618936665782855
vix,combined,wheat_us_hrw,tin,6,0.006502033270818553
vix,combined,wheat_us_hrw,tin,7,0.006600640340797221
vix,combined,wheat_us_hrw,tin,8,0.006618659093737878
vix,combined,wheat_us_hrw,tin,9,0.0066207799033531365
vix,combined,wheat_us_hrw,tin,10,0.006620978227020565
vix,combined,wheat_us_hrw,tin,11,0.0066210275545607105
vix,combined,wheat_us_hrw,tin,12,0.006621066907690144
vix,combined,wheat_us_hrw,tin,13,0.006621066907690144
vix,combined,wheat_us_hrw,tin,14,0.006621066907690144
vix,combined,wheat_us_hrw,tin,15,0.006621066907690144
vix,combined,wheat_us_hrw,tin,16,0.006621066907690144
vix,combined,wheat_us_hrw,tin,17,0.006621066907690144
vix,combined,wheat_us_hrw,tin,18,0.006621066907690144
vix,combined,wheat_us_hrw,tin,19,0.006621066907690144
vix,combined,wheat_us_hrw,tin,20,0.006621066907690144
vix,combined,wheat_us_hrw,tin,21,0.006621066907690144
vix,combined,wheat_us_hrw,tin,22,0.006621066907690144
vix,combined,wheat_us_hrw,tin,23,0.006621066907690144
vix,combined,wheat_us_hrw,tin,24,0.006621066907690144
vix,combined,wheat_us_hrw,wheat_us_hrw,1,0
vix,combined,wheat_us_hrw,wheat_us_hrw,2,1
vix,combined,wheat_us_hrw,wheat_us_hrw,3,0.8855135735023578
vix,combined,wheat_us_hrw,wheat_us_hrw,4,0.8666450455518877
vix,combined,wheat_us_hrw,wheat_us_hrw,5,0.8607612097396645
vix,combined,wheat_us_hrw,wheat_us_hrw,6,0.8591942282021667
vix,combined,wheat_us_hrw,wheat_us_hrw,7,0.8588066637169327
vix,combined,wheat_us_hrw,wheat_us_hrw,8,0.8587036026373078
vix,combined,wheat_us_hrw,wheat_us_hrw,9,0.8586706224326234
vix,combined,wheat_us_hrw,wheat_us_hrw,10,0.8586581363836018
vix,combined,wheat_us_hrw,wheat_us_hrw,11,0.8586534803851884
vix,combined,wheat_us_hrw,wheat_us_hrw,12,0.8586519331471318
vix,combined,wheat_us_hrw,wheat_us_hrw,13,0.8586519331471318
vix,combined,wheat_us_hrw,wheat_us_hrw,14,0.8586519331471318
vix,combined,wheat_us_hrw,wheat_us_hrw,15,0.8586519331471318
vix,combined,wheat_us_hrw,wheat_us_hrw,16,0.8586519331471318
vix,combined,wheat_us_hrw,wheat_us_hrw,17,0.8586519331471318
vix,combined,wheat_us_hrw,wheat_us_hrw,18,0.8586519331471318
vix,combined,wheat_us_hrw,wheat_us_hrw,19,0.8586519331471318
vix,combined,wheat_us_hrw,wheat_us_hrw,20,0.8586519331471318
vix,combined,wheat_us_hrw,wheat_us_hrw,21,0.8586519331471318
vix,combined,wheat_us_hrw,wheat_us_hrw,22,0.8586519331471318
vix,combined,wheat_us_hrw,wheat_us_hrw,23,0.8586519331471318
vix,combined,wheat_us_hrw,wheat_us_hrw,24,0.8586519331471318
vix,combined,wheat_us_hrw,zinc,1,0
vix,combined,wheat_us_hrw,zinc,2,0
vix,combined,wheat_us_hrw,zinc,3,0.0059974825149752015
vix,combined,wheat_us_hrw,zinc,4,0.006115528548547209
vix,combined,wheat_us_hrw,zinc,5,0.0062323873906382984
vix,combined,wheat_us_hrw,zinc,6,0.006314813000217068
vix,combined,wheat_us_hrw,zinc,7,0.006332550491874882
vix,combined,wheat_us_hrw,zinc,8,0.006332971691584367
vix,combined,wheat_us_hrw,zinc,9,0.006332719590052024
vix,combined,wheat_us_hrw,zinc,10,0.006332637150212123
vix,combined,wheat_us_hrw,zinc,11,0.006332603346603463
vix,combined,wheat_us_hrw,zinc,12,0.006332592075057725
vix,combined,wheat_us_hrw,zinc,13,0.006332592075057725
vix,combined,wheat_us_hrw,zinc,14,0.006332592075057725
vix,combined,wheat_us_hrw,zinc,15,0.006332592075057725
vix,combined,wheat_us_hrw,zinc,16,0.006332592075057725
vix,combined,wheat_us_hrw,zinc,17,0.006332592075057725
vix,combined,wheat_us_hrw,zinc,18,0.006332592075057725
vix,combined,wheat_us_hrw,zinc,19,0.006332592075057725
vix,combined,wheat_us_hrw,zinc,20,0.006332592075057725
vix,combined,wheat_us_hrw,zinc,21,0.006332592075057725
vix,combined,wheat_us_hrw,zinc,22,0.006332592075057725
vix,combined,wheat_us_hrw,zinc,23,0.006332592075057725
vix,combined,wheat_us_hrw,zinc,24,0.006332592075057725
vix,combined,zinc,aluminium,1,0
vix,combined,zinc,aluminium,2,0
vix,combined,zinc,aluminium,3,9.800198652926331e-5
vix,combined,zinc,aluminium,4,1.1048619080755742e-4
vix,combined,zinc,aluminium,5,1.0982654671877243e-4
vix,combined,zinc,aluminium,6,1.1683718132937185e-4
vix,combined,zinc,aluminium,7,1.2005067360179719e-4
vix,combined,zinc,aluminium,8,1.2088470827007337e-4
vix,combined,zinc,aluminium,9,1.211566386806077e-4
vix,combined,zinc,aluminium,10,1.2125732207338944e-4
vix,combined,zinc,aluminium,11,1.2129132653047254e-4
vix,combined,zinc,aluminium,12,1.2130205758505001e-4
vix,combined,zinc,aluminium,13,1.2130205758505001e-4
vix,combined,zinc,aluminium,14,1.2130205758505001e-4
vix,combined,zinc,aluminium,15,1.2130205758505001e-4
vix,combined,zinc,aluminium,16,1.2130205758505001e-4
vix,combined,zinc,aluminium,17,1.2130205758505001e-4
vix,combined,zinc,aluminium,18,1.2130205758505001e-4
vix,combined,zinc,aluminium,19,1.2130205758505001e-4
vix,combined,zinc,aluminium,20,1.2130205758505001e-4
vix,combined,zinc,aluminium,21,1.2130205758505001e-4
vix,combined,zinc,aluminium,22,1.2130205758505001e-4
vix,combined,zinc,aluminium,23,1.2130205758505001e-4
vix,combined,zinc,aluminium,24,1.2130205758505001e-4
vix,combined,zinc,cocoa,1,0
vix,combined,zinc,cocoa,2,0
vix,combined,zinc,cocoa,3,0.0016710817740809214
vix,combined,zinc,cocoa,4,0.001636008627563639
vix,combined,zinc,cocoa,5,0.0016382357171119764
vix,combined,zinc,cocoa,6,0.001649553224633619
vix,combined,zinc,cocoa,7,0.0016546746565196343
vix,combined,zinc,cocoa,8,0.0016555270136448053
vix,combined,zinc,cocoa,9,0.0016556160021104136
vix,combined,zinc,cocoa,10,0.0016556249136690407
vix,combined,zinc,cocoa,11,0.0016556267649298522
vix,combined,zinc,cocoa,12,0.0016556276695997817
vix,combined,zinc,cocoa,13,0.0016556276695997817
vix,combined,zinc,cocoa,14,0.0016556276695997817
vix,combined,zinc,cocoa,15,0.0016556276695997817
vix,combined,zinc,cocoa,16,0.0016556276695997817
vix,combined,zinc,cocoa,17,0.0016556276695997817
vix,combined,zinc,cocoa,18,0.0016556276695997817
vix,combined,zinc,cocoa,19,0.0016556276695997817
vix,combined,zinc,cocoa,20,0.0016556276695997817
vix,combined,zinc,cocoa,21,0.0016556276695997817
vix,combined,zinc,cocoa,22,0.0016556276695997817
vix,combined,zinc,cocoa,23,0.0016556276695997817
vix,combined,zinc,cocoa,24,0.0016556276695997817
vix,combined,zinc,coffee_arabic,1,0
vix,combined,zinc,coffee_arabic,2,0
vix,combined,zinc,coffee_arabic,3,0.0032272298459382334
vix,combined,zinc,coffee_arabic,4,0.003638041469963458
vix,combined,zinc,coffee_arabic,5,0.0037226642079431225
vix,combined,zinc,coffee_arabic,6,0.0037338972004910464
vix,combined,zinc,coffee_arabic,7,0.003735367703915213
vix,combined,zinc,coffee_arabic,8,0.003735278877969773
vix,combined,zinc,coffee_arabic,9,0.0037352154125105106
vix,combined,zinc,coffee_arabic,10,0.003735199171142711
vix,combined,zinc,coffee_arabic,11,0.0037351989863938445
vix,combined,zinc,coffee_arabic,12,0.003735202949595526
vix,combined,zinc,coffee_arabic,13,0.003735202949595526
vix,combined,zinc,coffee_arabic,14,0.003735202949595526
vix,combined,zinc,coffee_arabic,15,0.003735202949595526
vix,combined,zinc,coffee_arabic,16,0.003735202949595526
vix,combined,zinc,coffee_arabic,17,0.003735202949595526
vix,combined,zinc,coffee_arabic,18,0.003735202949595526
vix,combined,zinc,coffee_arabic,19,0.003735202949595526
vix,combined,zinc,coffee_arabic,20,0.003735202949595526
vix,combined,zinc,coffee_arabic,21,0.003735202949595526
vix,combined,zinc,coffee_arabic,22,0.003735202949595526
vix,combined,zinc,coffee_arabic,23,0.003735202949595526
vix,combined,zinc,coffee_arabic,24,0.003735202949595526
vix,combined,zinc,copper,1,0
vix,combined,zinc,copper,2,0
vix,combined,zinc,copper,3,0.032900551714291376
vix,combined,zinc,copper,4,0.041802957418861385
vix,combined,zinc,copper,5,0.04376555941949766
vix,combined,zinc,copper,6,0.04391102447184478
vix,combined,zinc,copper,7,0.04390030681421613
vix,combined,zinc,copper,8,0.043898857773679315
vix,combined,zinc,copper,9,0.043899387952683
vix,combined,zinc,copper,10,0.04389941009879482
vix,combined,zinc,copper,11,0.04389936215546217
vix,combined,zinc,copper,12,0.04389934785665827
vix,combined,zinc,copper,13,0.04389934785665827
vix,combined,zinc,copper,14,0.04389934785665827
vix,combined,zinc,copper,15,0.04389934785665827
vix,combined,zinc,copper,16,0.04389934785665827
vix,combined,zinc,copper,17,0.04389934785665827
vix,combined,zinc,copper,18,0.04389934785665827
vix,combined,zinc,copper,19,0.04389934785665827
vix,combined,zinc,copper,20,0.04389934785665827
vix,combined,zinc,copper,21,0.04389934785665827
vix,combined,zinc,copper,22,0.04389934785665827
vix,combined,zinc,copper,23,0.04389934785665827
vix,combined,zinc,copper,24,0.04389934785665827
vix,combined,zinc,cotton_a_indx,1,0
vix,combined,zinc,cotton_a_indx,2,0
vix,combined,zinc,cotton_a_indx,3,3.620132025449764e-4
vix,combined,zinc,cotton_a_indx,4,0.001725684880551791
vix,combined,zinc,cotton_a_indx,5,0.0026318478966802198
vix,combined,zinc,cotton_a_indx,6,0.0029409328192568397
vix,combined,zinc,cotton_a_indx,7,0.0030075823697272345
vix,combined,zinc,cotton_a_indx,8,0.0030192008016979603
vix,combined,zinc,cotton_a_indx,9,0.0030208799067191878
vix,combined,zinc,cotton_a_indx,10,0.003021114758752111
vix,combined,zinc,cotton_a_indx,11,0.0030211585936487976
vix,combined,zinc,cotton_a_indx,12,0.0030211720869184823
vix,combined,zinc,cotton_a_indx,13,0.0030211720869184823
vix,combined,zinc,cotton_a_indx,14,0.0030211720869184823
vix,combined,zinc,cotton_a_indx,15,0.0030211720869184823
vix,combined,zinc,cotton_a_indx,16,0.0030211720869184823
vix,combined,zinc,cotton_a_indx,17,0.0030211720869184823
vix,combined,zinc,cotton_a_indx,18,0.0030211720869184823
vix,combined,zinc,cotton_a_indx,19,0.0030211720869184823
vix,combined,zinc,cotton_a_indx,20,0.0030211720869184823
vix,combined,zinc,cotton_a_indx,21,0.0030211720869184823
vix,combined,zinc,cotton_a_indx,22,0.0030211720869184823
vix,combined,zinc,cotton_a_indx,23,0.0030211720869184823
vix,combined,zinc,cotton_a_indx,24,0.0030211720869184823
vix,combined,zinc,crude_wti,1,0
vix,combined,zinc,crude_wti,2,0
vix,combined,zinc,crude_wti,3,0.009430822102192008
vix,combined,zinc,crude_wti,4,0.011296604531965517
vix,combined,zinc,crude_wti,5,0.011293378938178803
vix,combined,zinc,crude_wti,6,0.011283623369886659
vix,combined,zinc,crude_wti,7,0.011293165755997852
vix,combined,zinc,crude_wti,8,0.01129925080933825
vix,combined,zinc,crude_wti,9,0.011301535123250321
vix,combined,zinc,crude_wti,10,0.01130217979728646
vix,combined,zinc,crude_wti,11,0.011302334202800402
vix,combined,zinc,crude_wti,12,0.011302369697395748
vix,combined,zinc,crude_wti,13,0.011302369697395748
vix,combined,zinc,crude_wti,14,0.011302369697395748
vix,combined,zinc,crude_wti,15,0.011302369697395748
vix,combined,zinc,crude_wti,16,0.011302369697395748
vix,combined,zinc,crude_wti,17,0.011302369697395748
vix,combined,zinc,crude_wti,18,0.011302369697395748
vix,combined,zinc,crude_wti,19,0.011302369697395748
vix,combined,zinc,crude_wti,20,0.011302369697395748
vix,combined,zinc,crude_wti,21,0.011302369697395748
vix,combined,zinc,crude_wti,22,0.011302369697395748
vix,combined,zinc,crude_wti,23,0.011302369697395748
vix,combined,zinc,crude_wti,24,0.011302369697395748
vix,combined,zinc,gold,1,0
vix,combined,zinc,gold,2,0
vix,combined,zinc,gold,3,0.001082290063825623
vix,combined,zinc,gold,4,0.0032001362956230912
vix,combined,zinc,gold,5,0.0037501117409991483
vix,combined,zinc,gold,6,0.0039561403004023275
vix,combined,zinc,gold,7,0.004001670420048923
vix,combined,zinc,gold,8,0.004006191454326768
vix,combined,zinc,gold,9,0.004006131068989481
vix,combined,zinc,gold,10,0.004006318538372025
vix,combined,zinc,gold,11,0.004006477587994333
vix,combined,zinc,gold,12,0.004006532228592188
vix,combined,zinc,gold,13,0.004006532228592188
vix,combined,zinc,gold,14,0.004006532228592188
vix,combined,zinc,gold,15,0.004006532228592188
vix,combined,zinc,gold,16,0.004006532228592188
vix,combined,zinc,gold,17,0.004006532228592188
vix,combined,zinc,gold,18,0.004006532228592188
vix,combined,zinc,gold,19,0.004006532228592188
vix,combined,zinc,gold,20,0.004006532228592188
vix,combined,zinc,gold,21,0.004006532228592188
vix,combined,zinc,gold,22,0.004006532228592188
vix,combined,zinc,gold,23,0.004006532228592188
vix,combined,zinc,gold,24,0.004006532228592188
vix,combined,zinc,lead,1,0
vix,combined,zinc,lead,2,0
vix,combined,zinc,lead,3,0.0032604350617033194
vix,combined,zinc,lead,4,0.0034694771248413594
vix,combined,zinc,lead,5,0.00350504863171017
vix,combined,zinc,lead,6,0.003499736382570784
vix,combined,zinc,lead,7,0.003505562297313632
vix,combined,zinc,lead,8,0.0035129531683810275
vix,combined,zinc,lead,9,0.003516055568046167
vix,combined,zinc,lead,10,0.0035168051210762814
vix,combined,zinc,lead,11,0.003516915757213607
vix,combined,zinc,lead,12,0.00351692397177446
vix,combined,zinc,lead,13,0.00351692397177446
vix,combined,zinc,lead,14,0.00351692397177446
vix,combined,zinc,lead,15,0.00351692397177446
vix,combined,zinc,lead,16,0.00351692397177446
vix,combined,zinc,lead,17,0.00351692397177446
vix,combined,zinc,lead,18,0.00351692397177446
vix,combined,zinc,lead,19,0.00351692397177446
vix,combined,zinc,lead,20,0.00351692397177446
vix,combined,zinc,lead,21,0.00351692397177446
vix,combined,zinc,lead,22,0.00351692397177446
vix,combined,zinc,lead,23,0.00351692397177446
vix,combined,zinc,lead,24,0.00351692397177446
vix,combined,zinc,maize,1,0
vix,combined,zinc,maize,2,0
vix,combined,zinc,maize,3,5.719925912898203e-4
vix,combined,zinc,maize,4,8.265608083788515e-4
vix,combined,zinc,maize,5,9.119798843808243e-4
vix,combined,zinc,maize,6,9.588010890161722e-4
vix,combined,zinc,maize,7,9.748296899892667e-4
vix,combined,zinc,maize,8,9.790901324330445e-4
vix,combined,zinc,maize,9,9.802130001848287e-4
vix,combined,zinc,maize,10,9.80552703696581e-4
vix,combined,zinc,maize,11,9.806599966657556e-4
vix,combined,zinc,maize,12,9.806938926056677e-4
vix,combined,zinc,maize,13,9.806938926056677e-4
vix,combined,zinc,maize,14,9.806938926056677e-4
vix,combined,zinc,maize,15,9.806938926056677e-4
vix,combined,zinc,maize,16,9.806938926056677e-4
vix,combined,zinc,maize,17,9.806938926056677e-4
vix,combined,zinc,maize,18,9.806938926056677e-4
vix,combined,zinc,maize,19,9.806938926056677e-4
vix,combined,zinc,maize,20,9.806938926056677e-4
vix,combined,zinc,maize,21,9.806938926056677e-4
vix,combined,zinc,maize,22,9.806938926056677e-4
vix,combined,zinc,maize,23,9.806938926056677e-4
vix,combined,zinc,maize,24,9.806938926056677e-4
vix,combined,zinc,ngas_us,1,0
vix,combined,zinc,ngas_us,2,0
vix,combined,zinc,ngas_us,3,0.0016260853208279113
vix,combined,zinc,ngas_us,4,0.0016376019615291434
vix,combined,zinc,ngas_us,5,0.001648965713027183
vix,combined,zinc,ngas_us,6,0.0016568568879685981
vix,combined,zinc,ngas_us,7,0.0016608707555851015
vix,combined,zinc,ngas_us,8,0.001662009254408263
vix,combined,zinc,ngas_us,9,0.0016621763420799122
vix,combined,zinc,ngas_us,10,0.0016621946691777166
vix,combined,zinc,ngas_us,11,0.0016621985301294012
vix,combined,zinc,ngas_us,12,0.0016622004678425784
vix,combined,zinc,ngas_us,13,0.0016622004678425784
vix,combined,zinc,ngas_us,14,0.0016622004678425784
vix,combined,zinc,ngas_us,15,0.0016622004678425784
vix,combined,zinc,ngas_us,16,0.0016622004678425784
vix,combined,zinc,ngas_us,17,0.0016622004678425784
vix,combined,zinc,ngas_us,18,0.0016622004678425784
vix,combined,zinc,ngas_us,19,0.0016622004678425784
vix,combined,zinc,ngas_us,20,0.0016622004678425784
vix,combined,zinc,ngas_us,21,0.0016622004678425784
vix,combined,zinc,ngas_us,22,0.0016622004678425784
vix,combined,zinc,ngas_us,23,0.0016622004678425784
vix,combined,zinc,ngas_us,24,0.0016622004678425784
vix,combined,zinc,nickel,1,0
vix,combined,zinc,nickel,2,0
vix,combined,zinc,nickel,3,2.1291662347738285e-6
vix,combined,zinc,nickel,4,8.690732919128117e-4
vix,combined,zinc,nickel,5,0.001661793441630159
vix,combined,zinc,nickel,6,0.0018871496471913661
vix,combined,zinc,nickel,7,0.0019270118004837493
vix,combined,zinc,nickel,8,0.0019323316240626393
vix,combined,zinc,nickel,9,0.0019329690431082772
vix,combined,zinc,nickel,10,0.0019330507480372246
vix,combined,zinc,nickel,11,0.0019330632742557995
vix,combined,zinc,nickel,12,0.001933064884483089
vix,combined,zinc,nickel,13,0.001933064884483089
vix,combined,zinc,nickel,14,0.001933064884483089
vix,combined,zinc,nickel,15,0.001933064884483089
vix,combined,zinc,nickel,16,0.001933064884483089
vix,combined,zinc,nickel,17,0.001933064884483089
vix,combined,zinc,nickel,18,0.001933064884483089
vix,combined,zinc,nickel,19,0.001933064884483089
vix,combined,zinc,nickel,20,0.001933064884483089
vix,combined,zinc,nickel,21,0.001933064884483089
vix,combined,zinc,nickel,22,0.001933064884483089
vix,combined,zinc,nickel,23,0.001933064884483089
vix,combined,zinc,nickel,24,0.001933064884483089
vix,combined,zinc,platinum,1,0
vix,combined,zinc,platinum,2,0
vix,combined,zinc,platinum,3,3.5289037258944315e-4
vix,combined,zinc,platinum,4,3.6941173896701474e-4
vix,combined,zinc,platinum,5,3.673776035539889e-4
vix,combined,zinc,platinum,6,3.668325342937122e-4
vix,combined,zinc,platinum,7,3.6672821494672847e-4
vix,combined,zinc,platinum,8,3.66765323536505e-4
vix,combined,zinc,platinum,9,3.6703745583533954e-4
vix,combined,zinc,platinum,10,3.672858698584863e-4
vix,combined,zinc,platinum,11,3.674082981771761e-4
vix,combined,zinc,platinum,12,3.674518003358329e-4
vix,combined,zinc,platinum,13,3.674518003358329e-4
vix,combined,zinc,platinum,14,3.674518003358329e-4
vix,combined,zinc,platinum,15,3.674518003358329e-4
vix,combined,zinc,platinum,16,3.674518003358329e-4
vix,combined,zinc,platinum,17,3.674518003358329e-4
vix,combined,zinc,platinum,18,3.674518003358329e-4
vix,combined,zinc,platinum,19,3.674518003358329e-4
vix,combined,zinc,platinum,20,3.674518003358329e-4
vix,combined,zinc,platinum,21,3.674518003358329e-4
vix,combined,zinc,platinum,22,3.674518003358329e-4
vix,combined,zinc,platinum,23,3.674518003358329e-4
vix,combined,zinc,platinum,24,3.674518003358329e-4
vix,combined,zinc,silver,1,0
vix,combined,zinc,silver,2,0
vix,combined,zinc,silver,3,4.792944826894047e-5
vix,combined,zinc,silver,4,3.2508222313497147e-4
vix,combined,zinc,silver,5,7.191746110670709e-4
vix,combined,zinc,silver,6,9.216146604497805e-4
vix,combined,zinc,silver,7,9.655399595524353e-4
vix,combined,zinc,silver,8,9.686483916761577e-4
vix,combined,zinc,silver,9,9.686469779789629e-4
vix,combined,zinc,silver,10,9.689136694588725e-4
vix,combined,zinc,silver,11,9.690843594378292e-4
vix,combined,zinc,silver,12,9.6914185346069e-4
vix,combined,zinc,silver,13,9.6914185346069e-4
vix,combined,zinc,silver,14,9.6914185346069e-4
vix,combined,zinc,silver,15,9.6914185346069e-4
vix,combined,zinc,silver,16,9.6914185346069e-4
vix,combined,zinc,silver,17,9.6914185346069e-4
vix,combined,zinc,silver,18,9.6914185346069e-4
vix,combined,zinc,silver,19,9.6914185346069e-4
vix,combined,zinc,silver,20,9.6914185346069e-4
vix,combined,zinc,silver,21,9.6914185346069e-4
vix,combined,zinc,silver,22,9.6914185346069e-4
vix,combined,zinc,silver,23,9.6914185346069e-4
vix,combined,zinc,silver,24,9.6914185346069e-4
vix,combined,zinc,soybeans,1,0
vix,combined,zinc,soybeans,2,0
vix,combined,zinc,soybeans,3,0.010077275188313962
vix,combined,zinc,soybeans,4,0.010881051025189464
vix,combined,zinc,soybeans,5,0.011038658889059817
vix,combined,zinc,soybeans,6,0.011062910526188257
vix,combined,zinc,soybeans,7,0.011074553574869918
vix,combined,zinc,soybeans,8,0.011078489377982703
vix,combined,zinc,soybeans,9,0.011079346327902993
vix,combined,zinc,soybeans,10,0.011079441469227546
vix,combined,zinc,soybeans,11,0.011079439467933343
vix,combined,zinc,soybeans,12,0.011079436208335335
vix,combined,zinc,soybeans,13,0.011079436208335335
vix,combined,zinc,soybeans,14,0.011079436208335335
vix,combined,zinc,soybeans,15,0.011079436208335335
vix,combined,zinc,soybeans,16,0.011079436208335335
vix,combined,zinc,soybeans,17,0.011079436208335335
vix,combined,zinc,soybeans,18,0.011079436208335335
vix,combined,zinc,soybeans,19,0.011079436208335335
vix,combined,zinc,soybeans,20,0.011079436208335335
vix,combined,zinc,soybeans,21,0.011079436208335335
vix,combined,zinc,soybeans,22,0.011079436208335335
vix,combined,zinc,soybeans,23,0.011079436208335335
vix,combined,zinc,soybeans,24,0.011079436208335335
vix,combined,zinc,sugar_wld,1,0
vix,combined,zinc,sugar_wld,2,0
vix,combined,zinc,sugar_wld,3,0.0037509249889938856
vix,combined,zinc,sugar_wld,4,0.004741378751053016
vix,combined,zinc,sugar_wld,5,0.004857367690796298
vix,combined,zinc,sugar_wld,6,0.004858010744631076
vix,combined,zinc,sugar_wld,7,0.004856500741756524
vix,combined,zinc,sugar_wld,8,0.004856169639466218
vix,combined,zinc,sugar_wld,9,0.004856235157387576
vix,combined,zinc,sugar_wld,10,0.004856395234863652
vix,combined,zinc,sugar_wld,11,0.0048564858628331025
vix,combined,zinc,sugar_wld,12,0.0048565144826712104
vix,combined,zinc,sugar_wld,13,0.0048565144826712104
vix,combined,zinc,sugar_wld,14,0.0048565144826712104
vix,combined,zinc,sugar_wld,15,0.0048565144826712104
vix,combined,zinc,sugar_wld,16,0.0048565144826712104
vix,combined,zinc,sugar_wld,17,0.0048565144826712104
vix,combined,zinc,sugar_wld,18,0.0048565144826712104
vix,combined,zinc,sugar_wld,19,0.0048565144826712104
vix,combined,zinc,sugar_wld,20,0.0048565144826712104
vix,combined,zinc,sugar_wld,21,0.0048565144826712104
vix,combined,zinc,sugar_wld,22,0.0048565144826712104
vix,combined,zinc,sugar_wld,23,0.0048565144826712104
vix,combined,zinc,sugar_wld,24,0.0048565144826712104
vix,combined,zinc,tin,1,0
vix,combined,zinc,tin,2,0
vix,combined,zinc,tin,3,0.0035294027707853375
vix,combined,zinc,tin,4,0.00488623440988977
vix,combined,zinc,tin,5,0.005519286605619989
vix,combined,zinc,tin,6,0.005699438200863305
vix,combined,zinc,tin,7,0.005736719272264878
vix,combined,zinc,tin,8,0.005742836782188626
vix,combined,zinc,tin,9,0.005743881398923925
vix,combined,zinc,tin,10,0.005744142876878188
vix,combined,zinc,tin,11,0.005744239918981153
vix,combined,zinc,tin,12,0.005744277375072246
vix,combined,zinc,tin,13,0.005744277375072246
vix,combined,zinc,tin,14,0.005744277375072246
vix,combined,zinc,tin,15,0.005744277375072246
vix,combined,zinc,tin,16,0.005744277375072246
vix,combined,zinc,tin,17,0.005744277375072246
vix,combined,zinc,tin,18,0.005744277375072246
vix,combined,zinc,tin,19,0.005744277375072246
vix,combined,zinc,tin,20,0.005744277375072246
vix,combined,zinc,tin,21,0.005744277375072246
vix,combined,zinc,tin,22,0.005744277375072246
vix,combined,zinc,tin,23,0.005744277375072246
vix,combined,zinc,tin,24,0.005744277375072246
vix,combined,zinc,wheat_us_hrw,1,0
vix,combined,zinc,wheat_us_hrw,2,0
vix,combined,zinc,wheat_us_hrw,3,0.0023978869678705195
vix,combined,zinc,wheat_us_hrw,4,0.003588559551070185
vix,combined,zinc,wheat_us_hrw,5,0.00371510983700607
vix,combined,zinc,wheat_us_hrw,6,0.003712248457173803
vix,combined,zinc,wheat_us_hrw,7,0.003713853384705262
vix,combined,zinc,wheat_us_hrw,8,0.0037173148862676662
vix,combined,zinc,wheat_us_hrw,9,0.0037187658034077363
vix,combined,zinc,wheat_us_hrw,10,0.003719070767918334
vix,combined,zinc,wheat_us_hrw,11,0.0037191038792517696
vix,combined,zinc,wheat_us_hrw,12,0.003719104769782347
vix,combined,zinc,wheat_us_hrw,13,0.003719104769782347
vix,combined,zinc,wheat_us_hrw,14,0.003719104769782347
vix,combined,zinc,wheat_us_hrw,15,0.003719104769782347
vix,combined,zinc,wheat_us_hrw,16,0.003719104769782347
vix,combined,zinc,wheat_us_hrw,17,0.003719104769782347
vix,combined,zinc,wheat_us_hrw,18,0.003719104769782347
vix,combined,zinc,wheat_us_hrw,19,0.003719104769782347
vix,combined,zinc,wheat_us_hrw,20,0.003719104769782347
vix,combined,zinc,wheat_us_hrw,21,0.003719104769782347
vix,combined,zinc,wheat_us_hrw,22,0.003719104769782347
vix,combined,zinc,wheat_us_hrw,23,0.003719104769782347
vix,combined,zinc,wheat_us_hrw,24,0.003719104769782347
vix,combined,zinc,zinc,1,0
vix,combined,zinc,zinc,2,1
vix,combined,zinc,zinc,3,0.9256110574337196
vix,combined,zinc,zinc,4,0.9049956496986968
vix,combined,zinc,zinc,5,0.8991436126250187
vix,combined,zinc,zinc,6,0.8977843923018086
vix,combined,zinc,zinc,7,0.8975050119145057
vix,combined,zinc,zinc,8,0.8974481999806702
vix,combined,zinc,zinc,9,0.8974347508202009
vix,combined,zinc,zinc,10,0.8974310422697166
vix,combined,zinc,zinc,11,0.8974299510373611
vix,combined,zinc,zinc,12,0.8974296357472915
vix,combined,zinc,zinc,13,0.8974296357472915
vix,combined,zinc,zinc,14,0.8974296357472915
vix,combined,zinc,zinc,15,0.8974296357472915
vix,combined,zinc,zinc,16,0.8974296357472915
vix,combined,zinc,zinc,17,0.8974296357472915
vix,combined,zinc,zinc,18,0.8974296357472915
vix,combined,zinc,zinc,19,0.8974296357472915
vix,combined,zinc,zinc,20,0.8974296357472915
vix,combined,zinc,zinc,21,0.8974296357472915
vix,combined,zinc,zinc,22,0.8974296357472915
vix,combined,zinc,zinc,23,0.8974296357472915
vix,combined,zinc,zinc,24,0.8974296357472915
