uncertainty,regime,response,impulse,t,fevd_share
vxo,combined,aluminium,aluminium,1,0
vxo,combined,aluminium,aluminium,2,1
vxo,combined,aluminium,aluminium,3,0.7422486431826709
vxo,combined,aluminium,aluminium,4,0.6113750323621941
vxo,combined,aluminium,aluminium,5,0.5187408818128005
vxo,combined,aluminium,aluminium,6,0.42820101983566705
vxo,combined,aluminium,aluminium,7,0.3585584115380667
vxo,combined,aluminium,aluminium,8,0.3334416299440518
vxo,combined,aluminium,aluminium,9,0.30676151962247217
vxo,combined,aluminium,aluminium,10,0.30268420092238807
vxo,combined,aluminium,aluminium,11,0.2874352995602746
vxo,combined,aluminium,aluminium,12,0.2815377406986453
vxo,combined,aluminium,aluminium,13,0.2815377406986453
vxo,combined,aluminium,aluminium,14,0.2815377406986453
vxo,combined,aluminium,aluminium,15,0.2815377406986453
vxo,combined,aluminium,aluminium,16,0.2815377406986453
vxo,combined,aluminium,aluminium,17,0.2815377406986453
vxo,combined,aluminium,aluminium,18,0.2815377406986453
vxo,combined,aluminium,aluminium,19,0.2815377406986453
vxo,combined,aluminium,aluminium,20,0.2815377406986453
vxo,combined,aluminium,aluminium,21,0.2815377406986453
vxo,combined,aluminium,aluminium,22,0.2815377406986453
vxo,combined,aluminium,aluminium,23,0.2815377406986453
vxo,combined,aluminium,aluminium,24,0.2815377406986453
vxo,combined,aluminium,cocoa,1,0
vxo,combined,aluminium,cocoa,2,0
vxo,combined,aluminium,cocoa,3,4.513454025286316e-4
vxo,combined,aluminium,cocoa,4,0.0012775890478447544
vxo,combined,aluminium,cocoa,5,0.0035434440035818204
vxo,combined,aluminium,cocoa,6,0.002969130972413237
vxo,combined,aluminium,cocoa,7,0.0029021007678311974
vxo,combined,aluminium,cocoa,8,0.003467506695842868
vxo,combined,aluminium,cocoa,9,0.006253030494692693
vxo,combined,aluminium,cocoa,10,0.006399683817615734
vxo,combined,aluminium,cocoa,11,0.006550818473018411
vxo,combined,aluminium,cocoa,12,0.00629348222838328
vxo,combined,aluminium,cocoa,13,0.00629348222838328
vxo,combined,aluminium,cocoa,14,0.00629348222838328
vxo,combined,aluminium,cocoa,15,0.00629348222838328
vxo,combined,aluminium,cocoa,16,0.00629348222838328
vxo,combined,aluminium,cocoa,17,0.00629348222838328
vxo,combined,aluminium,cocoa,18,0.00629348222838328
vxo,combined,aluminium,cocoa,19,0.00629348222838328
vxo,combined,aluminium,cocoa,20,0.00629348222838328
vxo,combined,aluminium,cocoa,21,0.00629348222838328
vxo,combined,aluminium,cocoa,22,0.00629348222838328
vxo,combined,aluminium,cocoa,23,0.00629348222838328
vxo,combined,aluminium,cocoa,24,0.00629348222838328
vxo,combined,aluminium,coffee_arabic,1,0
vxo,combined,aluminium,coffee_arabic,2,0
vxo,combined,aluminium,coffee_arabic,3,2.3563155429231014e-4
vxo,combined,aluminium,coffee_arabic,4,0.003495943643408961
vxo,combined,aluminium,coffee_arabic,5,0.003665459572925402
vxo,combined,aluminium,coffee_arabic,6,0.006059773045823279
vxo,combined,aluminium,coffee_arabic,7,0.005035232715960944
vxo,combined,aluminium,coffee_arabic,8,0.019690775562623514
vxo,combined,aluminium,coffee_arabic,9,0.044336425814327216
vxo,combined,aluminium,coffee_arabic,10,0.04591209941007467
vxo,combined,aluminium,coffee_arabic,11,0.04306858789617459
vxo,combined,aluminium,coffee_arabic,12,0.04156493054406711
vxo,combined,aluminium,coffee_arabic,13,0.04156493054406711
vxo,combined,aluminium,coffee_arabic,14,0.04156493054406711
vxo,combined,aluminium,coffee_arabic,15,0.04156493054406711
vxo,combined,aluminium,coffee_arabic,16,0.04156493054406711
vxo,combined,aluminium,coffee_arabic,17,0.04156493054406711
vxo,combined,aluminium,coffee_arabic,18,0.04156493054406711
vxo,combined,aluminium,coffee_arabic,19,0.04156493054406711
vxo,combined,aluminium,coffee_arabic,20,0.04156493054406711
vxo,combined,aluminium,coffee_arabic,21,0.04156493054406711
vxo,combined,aluminium,coffee_arabic,22,0.04156493054406711
vxo,combined,aluminium,coffee_arabic,23,0.04156493054406711
vxo,combined,aluminium,coffee_arabic,24,0.04156493054406711
vxo,combined,aluminium,copper,1,0
vxo,combined,aluminium,copper,2,0
vxo,combined,aluminium,copper,3,0.05652902379428293
vxo,combined,aluminium,copper,4,0.048121514954469306
vxo,combined,aluminium,copper,5,0.06747304929968209
vxo,combined,aluminium,copper,6,0.10448438570440395
vxo,combined,aluminium,copper,7,0.11760240759358057
vxo,combined,aluminium,copper,8,0.11017545621127237
vxo,combined,aluminium,copper,9,0.1154789759227363
vxo,combined,aluminium,copper,10,0.12222614833815648
vxo,combined,aluminium,copper,11,0.11474396780318814
vxo,combined,aluminium,copper,12,0.1200810873094871
vxo,combined,aluminium,copper,13,0.1200810873094871
vxo,combined,aluminium,copper,14,0.1200810873094871
vxo,combined,aluminium,copper,15,0.1200810873094871
vxo,combined,aluminium,copper,16,0.1200810873094871
vxo,combined,aluminium,copper,17,0.1200810873094871
vxo,combined,aluminium,copper,18,0.1200810873094871
vxo,combined,aluminium,copper,19,0.1200810873094871
vxo,combined,aluminium,copper,20,0.1200810873094871
vxo,combined,aluminium,copper,21,0.1200810873094871
vxo,combined,aluminium,copper,22,0.1200810873094871
vxo,combined,aluminium,copper,23,0.1200810873094871
vxo,combined,aluminium,copper,24,0.1200810873094871
vxo,combined,aluminium,cotton_a_indx,1,0
vxo,combined,aluminium,cotton_a_indx,2,0
vxo,combined,aluminium,cotton_a_indx,3,0.01712627896205951
vxo,combined,aluminium,cotton_a_indx,4,0.013995363950319568
vxo,combined,aluminium,cotton_a_indx,5,0.030077994465281383
vxo,combined,aluminium,cotton_a_indx,6,0.0262326960588862
vxo,combined,aluminium,cotton_a_indx,7,0.021853969634031554
vxo,combined,aluminium,cotton_a_indx,8,0.020892927559729668
vxo,combined,aluminium,cotton_a_indx,9,0.029397872308353012
vxo,combined,aluminium,cotton_a_indx,10,0.027563397791882684
vxo,combined,aluminium,cotton_a_indx,11,0.029267665524471225
vxo,combined,aluminium,cotton_a_indx,12,0.032466415485020154
vxo,combined,aluminium,cotton_a_indx,13,0.032466415485020154
vxo,combined,aluminium,cotton_a_indx,14,0.032466415485020154
vxo,combined,aluminium,cotton_a_indx,15,0.032466415485020154
vxo,combined,aluminium,cotton_a_indx,16,0.032466415485020154
vxo,combined,aluminium,cotton_a_indx,17,0.032466415485020154
vxo,combined,aluminium,cotton_a_indx,18,0.032466415485020154
vxo,combined,aluminium,cotton_a_indx,19,0.032466415485020154
vxo,combined,aluminium,cotton_a_indx,20,0.032466415485020154
vxo,combined,aluminium,cotton_a_indx,21,0.032466415485020154
vxo,combined,aluminium,cotton_a_indx,22,0.032466415485020154
vxo,combined,aluminium,cotton_a_indx,23,0.032466415485020154
vxo,combined,aluminium,cotton_a_indx,24,0.032466415485020154
vxo,combined,aluminium,crude_wti,1,0
vxo,combined,aluminium,crude_wti,2,0
vxo,combined,aluminium,crude_wti,3,0.002912622204926162
vxo,combined,aluminium,crude_wti,4,0.0026441867133640477
vxo,combined,aluminium,crude_wti,5,0.0025326128954733526
vxo,combined,aluminium,crude_wti,6,0.011051463037315667
vxo,combined,aluminium,crude_wti,7,0.013037699681567698
vxo,combined,aluminium,crude_wti,8,0.012936830113745775
vxo,combined,aluminium,crude_wti,9,0.011082008287749238
vxo,combined,aluminium,crude_wti,10,0.010291046975511413
vxo,combined,aluminium,crude_wti,11,0.009700422302789953
vxo,combined,aluminium,crude_wti,12,0.009748858920016326
vxo,combined,aluminium,crude_wti,13,0.009748858920016326
vxo,combined,aluminium,crude_wti,14,0.009748858920016326
vxo,combined,aluminium,crude_wti,15,0.009748858920016326
vxo,combined,aluminium,crude_wti,16,0.009748858920016326
vxo,combined,aluminium,crude_wti,17,0.009748858920016326
vxo,combined,aluminium,crude_wti,18,0.009748858920016326
vxo,combined,aluminium,crude_wti,19,0.009748858920016326
vxo,combined,aluminium,crude_wti,20,0.009748858920016326
vxo,combined,aluminium,crude_wti,21,0.009748858920016326
vxo,combined,aluminium,crude_wti,22,0.009748858920016326
vxo,combined,aluminium,crude_wti,23,0.009748858920016326
vxo,combined,aluminium,crude_wti,24,0.009748858920016326
vxo,combined,aluminium,gold,1,0
vxo,combined,aluminium,gold,2,0
vxo,combined,aluminium,gold,3,2.658403669521591e-4
vxo,combined,aluminium,gold,4,0.0036281286723218757
vxo,combined,aluminium,gold,5,0.00860743658224211
vxo,combined,aluminium,gold,6,0.030633666351286996
vxo,combined,aluminium,gold,7,0.03590716697735153
vxo,combined,aluminium,gold,8,0.03361749859048432
vxo,combined,aluminium,gold,9,0.03289122480625437
vxo,combined,aluminium,gold,10,0.03327060188654006
vxo,combined,aluminium,gold,11,0.03349958081583051
vxo,combined,aluminium,gold,12,0.03218173474296103
vxo,combined,aluminium,gold,13,0.03218173474296103
vxo,combined,aluminium,gold,14,0.03218173474296103
vxo,combined,aluminium,gold,15,0.03218173474296103
vxo,combined,aluminium,gold,16,0.03218173474296103
vxo,combined,aluminium,gold,17,0.03218173474296103
vxo,combined,aluminium,gold,18,0.03218173474296103
vxo,combined,aluminium,gold,19,0.03218173474296103
vxo,combined,aluminium,gold,20,0.03218173474296103
vxo,combined,aluminium,gold,21,0.03218173474296103
vxo,combined,aluminium,gold,22,0.03218173474296103
vxo,combined,aluminium,gold,23,0.03218173474296103
vxo,combined,aluminium,gold,24,0.03218173474296103
vxo,combined,aluminium,lead,1,0
vxo,combined,aluminium,lead,2,0
vxo,combined,aluminium,lead,3,0.01805510473262963
vxo,combined,aluminium,lead,4,0.015029776397819
vxo,combined,aluminium,lead,5,0.02653323558097567
vxo,combined,aluminium,lead,6,0.025961265354196978
vxo,combined,aluminium,lead,7,0.022003350195509228
vxo,combined,aluminium,lead,8,0.022009198770049167
vxo,combined,aluminium,lead,9,0.01871716481669374
vxo,combined,aluminium,lead,10,0.02287859662993204
vxo,combined,aluminium,lead,11,0.03020470840353744
vxo,combined,aluminium,lead,12,0.03573510570219591
vxo,combined,aluminium,lead,13,0.03573510570219591
vxo,combined,aluminium,lead,14,0.03573510570219591
vxo,combined,aluminium,lead,15,0.03573510570219591
vxo,combined,aluminium,lead,16,0.03573510570219591
vxo,combined,aluminium,lead,17,0.03573510570219591
vxo,combined,aluminium,lead,18,0.03573510570219591
vxo,combined,aluminium,lead,19,0.03573510570219591
vxo,combined,aluminium,lead,20,0.03573510570219591
vxo,combined,aluminium,lead,21,0.03573510570219591
vxo,combined,aluminium,lead,22,0.03573510570219591
vxo,combined,aluminium,lead,23,0.03573510570219591
vxo,combined,aluminium,lead,24,0.03573510570219591
vxo,combined,aluminium,maize,1,0
vxo,combined,aluminium,maize,2,0
vxo,combined,aluminium,maize,3,0.09411079866785331
vxo,combined,aluminium,maize,4,0.08860239151204806
vxo,combined,aluminium,maize,5,0.08356732897797771
vxo,combined,aluminium,maize,6,0.09761068630544778
vxo,combined,aluminium,maize,7,0.08031869899722212
vxo,combined,aluminium,maize,8,0.0806636889083186
vxo,combined,aluminium,maize,9,0.07659059310108929
vxo,combined,aluminium,maize,10,0.0774794374016238
vxo,combined,aluminium,maize,11,0.07844981180811351
vxo,combined,aluminium,maize,12,0.0768273224203147
vxo,combined,aluminium,maize,13,0.0768273224203147
vxo,combined,aluminium,maize,14,0.0768273224203147
vxo,combined,aluminium,maize,15,0.0768273224203147
vxo,combined,aluminium,maize,16,0.0768273224203147
vxo,combined,aluminium,maize,17,0.0768273224203147
vxo,combined,aluminium,maize,18,0.0768273224203147
vxo,combined,aluminium,maize,19,0.0768273224203147
vxo,combined,aluminium,maize,20,0.0768273224203147
vxo,combined,aluminium,maize,21,0.0768273224203147
vxo,combined,aluminium,maize,22,0.0768273224203147
vxo,combined,aluminium,maize,23,0.0768273224203147
vxo,combined,aluminium,maize,24,0.0768273224203147
vxo,combined,aluminium,ngas_us,1,0
vxo,combined,aluminium,ngas_us,2,0
vxo,combined,aluminium,ngas_us,3,0.002046692432910928
vxo,combined,aluminium,ngas_us,4,0.013981741468277232
vxo,combined,aluminium,ngas_us,5,0.011996354761818172
vxo,combined,aluminium,ngas_us,6,0.026727217947452832
vxo,combined,aluminium,ngas_us,7,0.05368834011302274
vxo,combined,aluminium,ngas_us,8,0.049773657784422005
vxo,combined,aluminium,ngas_us,9,0.04937826227112204
vxo,combined,aluminium,ngas_us,10,0.048949270771317
vxo,combined,aluminium,ngas_us,11,0.047445191771614714
vxo,combined,aluminium,ngas_us,12,0.048671742398578514
vxo,combined,aluminium,ngas_us,13,0.048671742398578514
vxo,combined,aluminium,ngas_us,14,0.048671742398578514
vxo,combined,aluminium,ngas_us,15,0.048671742398578514
vxo,combined,aluminium,ngas_us,16,0.048671742398578514
vxo,combined,aluminium,ngas_us,17,0.048671742398578514
vxo,combined,aluminium,ngas_us,18,0.048671742398578514
vxo,combined,aluminium,ngas_us,19,0.048671742398578514
vxo,combined,aluminium,ngas_us,20,0.048671742398578514
vxo,combined,aluminium,ngas_us,21,0.048671742398578514
vxo,combined,aluminium,ngas_us,22,0.048671742398578514
vxo,combined,aluminium,ngas_us,23,0.048671742398578514
vxo,combined,aluminium,ngas_us,24,0.048671742398578514
vxo,combined,aluminium,nickel,1,0
vxo,combined,aluminium,nickel,2,0
vxo,combined,aluminium,nickel,3,0.005375864841977963
vxo,combined,aluminium,nickel,4,0.004537615971423795
vxo,combined,aluminium,nickel,5,0.005552685384816992
vxo,combined,aluminium,nickel,6,0.005078992406439598
vxo,combined,aluminium,nickel,7,0.015680209385999927
vxo,combined,aluminium,nickel,8,0.015983144662551414
vxo,combined,aluminium,nickel,9,0.013666057439783318
vxo,combined,aluminium,nickel,10,0.014026323156458052
vxo,combined,aluminium,nickel,11,0.013735732214271915
vxo,combined,aluminium,nickel,12,0.013201726109769834
vxo,combined,aluminium,nickel,13,0.013201726109769834
vxo,combined,aluminium,nickel,14,0.013201726109769834
vxo,combined,aluminium,nickel,15,0.013201726109769834
vxo,combined,aluminium,nickel,16,0.013201726109769834
vxo,combined,aluminium,nickel,17,0.013201726109769834
vxo,combined,aluminium,nickel,18,0.013201726109769834
vxo,combined,aluminium,nickel,19,0.013201726109769834
vxo,combined,aluminium,nickel,20,0.013201726109769834
vxo,combined,aluminium,nickel,21,0.013201726109769834
vxo,combined,aluminium,nickel,22,0.013201726109769834
vxo,combined,aluminium,nickel,23,0.013201726109769834
vxo,combined,aluminium,nickel,24,0.013201726109769834
vxo,combined,aluminium,platinum,1,0
vxo,combined,aluminium,platinum,2,0
vxo,combined,aluminium,platinum,3,0.0029969385915123163
vxo,combined,aluminium,platinum,4,0.06525073945106936
vxo,combined,aluminium,platinum,5,0.055681097172301706
vxo,combined,aluminium,platinum,6,0.04743700137653635
vxo,combined,aluminium,platinum,7,0.0518150926746638
vxo,combined,aluminium,platinum,8,0.04835141141500924
vxo,combined,aluminium,platinum,9,0.043266652688866036
vxo,combined,aluminium,platinum,10,0.039923185078646874
vxo,combined,aluminium,platinum,11,0.03753904654143856
vxo,combined,aluminium,platinum,12,0.03798080040818899
vxo,combined,aluminium,platinum,13,0.03798080040818899
vxo,combined,aluminium,platinum,14,0.03798080040818899
vxo,combined,aluminium,platinum,15,0.03798080040818899
vxo,combined,aluminium,platinum,16,0.03798080040818899
vxo,combined,aluminium,platinum,17,0.03798080040818899
vxo,combined,aluminium,platinum,18,0.03798080040818899
vxo,combined,aluminium,platinum,19,0.03798080040818899
vxo,combined,aluminium,platinum,20,0.03798080040818899
vxo,combined,aluminium,platinum,21,0.03798080040818899
vxo,combined,aluminium,platinum,22,0.03798080040818899
vxo,combined,aluminium,platinum,23,0.03798080040818899
vxo,combined,aluminium,platinum,24,0.03798080040818899
vxo,combined,aluminium,silver,1,0
vxo,combined,aluminium,silver,2,0
vxo,combined,aluminium,silver,3,5.745147772705794e-4
vxo,combined,aluminium,silver,4,0.014217597541032556
vxo,combined,aluminium,silver,5,0.018358134729220852
vxo,combined,aluminium,silver,6,0.034400316491483014
vxo,combined,aluminium,silver,7,0.035867465808648705
vxo,combined,aluminium,silver,8,0.04825108043965508
vxo,combined,aluminium,silver,9,0.041055274962001655
vxo,combined,aluminium,silver,10,0.038898061649930225
vxo,combined,aluminium,silver,11,0.045389109736750886
vxo,combined,aluminium,silver,12,0.04420334583078511
vxo,combined,aluminium,silver,13,0.04420334583078511
vxo,combined,aluminium,silver,14,0.04420334583078511
vxo,combined,aluminium,silver,15,0.04420334583078511
vxo,combined,aluminium,silver,16,0.04420334583078511
vxo,combined,aluminium,silver,17,0.04420334583078511
vxo,combined,aluminium,silver,18,0.04420334583078511
vxo,combined,aluminium,silver,19,0.04420334583078511
vxo,combined,aluminium,silver,20,0.04420334583078511
vxo,combined,aluminium,silver,21,0.04420334583078511
vxo,combined,aluminium,silver,22,0.04420334583078511
vxo,combined,aluminium,silver,23,0.04420334583078511
vxo,combined,aluminium,silver,24,0.04420334583078511
vxo,combined,aluminium,soybeans,1,0
vxo,combined,aluminium,soybeans,2,0
vxo,combined,aluminium,soybeans,3,0.020102193555081017
vxo,combined,aluminium,soybeans,4,0.047359961069838426
vxo,combined,aluminium,soybeans,5,0.07873875701882749
vxo,combined,aluminium,soybeans,6,0.07887062933135577
vxo,combined,aluminium,soybeans,7,0.06510122768311138
vxo,combined,aluminium,soybeans,8,0.06052596063437547
vxo,combined,aluminium,soybeans,9,0.05594725074718119
vxo,combined,aluminium,soybeans,10,0.05259388337874461
vxo,combined,aluminium,soybeans,11,0.05228779822197398
vxo,combined,aluminium,soybeans,12,0.05035778633313277
vxo,combined,aluminium,soybeans,13,0.05035778633313277
vxo,combined,aluminium,soybeans,14,0.05035778633313277
vxo,combined,aluminium,soybeans,15,0.05035778633313277
vxo,combined,aluminium,soybeans,16,0.05035778633313277
vxo,combined,aluminium,soybeans,17,0.05035778633313277
vxo,combined,aluminium,soybeans,18,0.05035778633313277
vxo,combined,aluminium,soybeans,19,0.05035778633313277
vxo,combined,aluminium,soybeans,20,0.05035778633313277
vxo,combined,aluminium,soybeans,21,0.05035778633313277
vxo,combined,aluminium,soybeans,22,0.05035778633313277
vxo,combined,aluminium,soybeans,23,0.05035778633313277
vxo,combined,aluminium,soybeans,24,0.05035778633313277
vxo,combined,aluminium,sugar_wld,1,0
vxo,combined,aluminium,sugar_wld,2,0
vxo,combined,aluminium,sugar_wld,3,0.003949664720445242
vxo,combined,aluminium,sugar_wld,4,0.01725300659995394
vxo,combined,aluminium,sugar_wld,5,0.014585191288563944
vxo,combined,aluminium,sugar_wld,6,0.01250796702559881
vxo,combined,aluminium,sugar_wld,7,0.017310779007757765
vxo,combined,aluminium,sugar_wld,8,0.02566433924803785
vxo,combined,aluminium,sugar_wld,9,0.03293848866482489
vxo,combined,aluminium,sugar_wld,10,0.03169809569729464
vxo,combined,aluminium,sugar_wld,11,0.029784140972799147
vxo,combined,aluminium,sugar_wld,12,0.028990747563786924
vxo,combined,aluminium,sugar_wld,13,0.028990747563786924
vxo,combined,aluminium,sugar_wld,14,0.028990747563786924
vxo,combined,aluminium,sugar_wld,15,0.028990747563786924
vxo,combined,aluminium,sugar_wld,16,0.028990747563786924
vxo,combined,aluminium,sugar_wld,17,0.028990747563786924
vxo,combined,aluminium,sugar_wld,18,0.028990747563786924
vxo,combined,aluminium,sugar_wld,19,0.028990747563786924
vxo,combined,aluminium,sugar_wld,20,0.028990747563786924
vxo,combined,aluminium,sugar_wld,21,0.028990747563786924
vxo,combined,aluminium,sugar_wld,22,0.028990747563786924
vxo,combined,aluminium,sugar_wld,23,0.028990747563786924
vxo,combined,aluminium,sugar_wld,24,0.028990747563786924
vxo,combined,aluminium,tin,1,0
vxo,combined,aluminium,tin,2,0
vxo,combined,aluminium,tin,3,0.0011679640690844626
vxo,combined,aluminium,tin,4,0.019778292234028584
vxo,combined,aluminium,tin,5,0.03497011968283574
vxo,combined,aluminium,tin,6,0.028826454189647334
vxo,combined,aluminium,tin,7,0.026019234194816852
vxo,combined,aluminium,tin,8,0.029605684929775108
vxo,combined,aluminium,tin,9,0.026005947804159487
vxo,combined,aluminium,tin,10,0.03166701318787468
vxo,combined,aluminium,tin,11,0.04436235646279231
vxo,combined,aluminium,tin,12,0.045230542104996586
vxo,combined,aluminium,tin,13,0.045230542104996586
vxo,combined,aluminium,tin,14,0.045230542104996586
vxo,combined,aluminium,tin,15,0.045230542104996586
vxo,combined,aluminium,tin,16,0.045230542104996586
vxo,combined,aluminium,tin,17,0.045230542104996586
vxo,combined,aluminium,tin,18,0.045230542104996586
vxo,combined,aluminium,tin,19,0.045230542104996586
vxo,combined,aluminium,tin,20,0.045230542104996586
vxo,combined,aluminium,tin,21,0.045230542104996586
vxo,combined,aluminium,tin,22,0.045230542104996586
vxo,combined,aluminium,tin,23,0.045230542104996586
vxo,combined,aluminium,tin,24,0.045230542104996586
vxo,combined,aluminium,wheat_us_hrw,1,0
vxo,combined,aluminium,wheat_us_hrw,2,0
vxo,combined,aluminium,wheat_us_hrw,3,0.030902665545792928
vxo,combined,aluminium,wheat_us_hrw,4,0.025246775403511192
vxo,combined,aluminium,wheat_us_hrw,5,0.030832829706675995
vxo,combined,aluminium,wheat_us_hrw,6,0.02749163467869628
vxo,combined,aluminium,wheat_us_hrw,7,0.02363441689683001
vxo,combined,aluminium,wheat_us_hrw,8,0.022169215823443462
vxo,combined,aluminium,wheat_us_hrw,9,0.03510579435047703
vxo,combined,aluminium,wheat_us_hrw,10,0.03398802055521383
vxo,combined,aluminium,wheat_us_hrw,11,0.031998542241493955
vxo,combined,aluminium,wheat_us_hrw,12,0.0321962188854006
vxo,combined,aluminium,wheat_us_hrw,13,0.0321962188854006
vxo,combined,aluminium,wheat_us_hrw,14,0.0321962188854006
vxo,combined,aluminium,wheat_us_hrw,15,0.0321962188854006
vxo,combined,aluminium,wheat_us_hrw,16,0.0321962188854006
vxo,combined,aluminium,wheat_us_hrw,17,0.0321962188854006
vxo,combined,aluminium,wheat_us_hrw,18,0.0321962188854006
vxo,combined,aluminium,wheat_us_hrw,19,0.0321962188854006
vxo,combined,aluminium,wheat_us_hrw,20,0.0321962188854006
vxo,combined,aluminium,wheat_us_hrw,21,0.0321962188854006
vxo,combined,aluminium,wheat_us_hrw,22,0.0321962188854006
vxo,combined,aluminium,wheat_us_hrw,23,0.0321962188854006
vxo,combined,aluminium,wheat_us_hrw,24,0.0321962188854006
vxo,combined,aluminium,zinc,1,0
vxo,combined,aluminium,zinc,2,0
vxo,combined,aluminium,zinc,3,9.482125977290414e-4
vxo,combined,aluminium,zinc,4,0.004204343007075406
vxo,combined,aluminium,zinc,5,0.004543387063999103
vxo,combined,aluminium,zinc,6,0.005455699887349029
vxo,combined,aluminium,zinc,7,0.05366419613402748
vxo,combined,aluminium,zinc,8,0.0627799927066121
vxo,combined,aluminium,zinc,9,0.06112745589721615
vxo,combined,aluminium,zinc,10,0.05955093335079541
vxo,combined,aluminium,zinc,11,0.06453721924946622
vxo,combined,aluminium,zinc,12,0.0627304123142699
vxo,combined,aluminium,zinc,13,0.0627304123142699
vxo,combined,aluminium,zinc,14,0.0627304123142699
vxo,combined,aluminium,zinc,15,0.0627304123142699
vxo,combined,aluminium,zinc,16,0.0627304123142699
vxo,combined,aluminium,zinc,17,0.0627304123142699
vxo,combined,aluminium,zinc,18,0.0627304123142699
vxo,combined,aluminium,zinc,19,0.0627304123142699
vxo,combined,aluminium,zinc,20,0.0627304123142699
vxo,combined,aluminium,zinc,21,0.0627304123142699
vxo,combined,aluminium,zinc,22,0.0627304123142699
vxo,combined,aluminium,zinc,23,0.0627304123142699
vxo,combined,aluminium,zinc,24,0.0627304123142699
vxo,combined,cocoa,aluminium,1,0
vxo,combined,cocoa,aluminium,2,0
vxo,combined,cocoa,aluminium,3,0.09261425431679544
vxo,combined,cocoa,aluminium,4,0.08468557796930547
vxo,combined,cocoa,aluminium,5,0.11188425592528198
vxo,combined,cocoa,aluminium,6,0.10245585579818849
vxo,combined,cocoa,aluminium,7,0.09117365637296315
vxo,combined,cocoa,aluminium,8,0.09131953512752423
vxo,combined,cocoa,aluminium,9,0.08847737827684926
vxo,combined,cocoa,aluminium,10,0.08517112554670822
vxo,combined,cocoa,aluminium,11,0.08749772157318905
vxo,combined,cocoa,aluminium,12,0.09306830757159346
vxo,combined,cocoa,aluminium,13,0.09306830757159346
vxo,combined,cocoa,aluminium,14,0.09306830757159346
vxo,combined,cocoa,aluminium,15,0.09306830757159346
vxo,combined,cocoa,aluminium,16,0.09306830757159346
vxo,combined,cocoa,aluminium,17,0.09306830757159346
vxo,combined,cocoa,aluminium,18,0.09306830757159346
vxo,combined,cocoa,aluminium,19,0.09306830757159346
vxo,combined,cocoa,aluminium,20,0.09306830757159346
vxo,combined,cocoa,aluminium,21,0.09306830757159346
vxo,combined,cocoa,aluminium,22,0.09306830757159346
vxo,combined,cocoa,aluminium,23,0.09306830757159346
vxo,combined,cocoa,aluminium,24,0.09306830757159346
vxo,combined,cocoa,cocoa,1,0
vxo,combined,cocoa,cocoa,2,1
vxo,combined,cocoa,cocoa,3,0.6535442339521147
vxo,combined,cocoa,cocoa,4,0.44297666633537625
vxo,combined,cocoa,cocoa,5,0.38615359594537946
vxo,combined,cocoa,cocoa,6,0.31925661737670197
vxo,combined,cocoa,cocoa,7,0.2763374799122481
vxo,combined,cocoa,cocoa,8,0.27237255988250814
vxo,combined,cocoa,cocoa,9,0.26237956741643315
vxo,combined,cocoa,cocoa,10,0.25016109728940944
vxo,combined,cocoa,cocoa,11,0.23963865886561336
vxo,combined,cocoa,cocoa,12,0.2291907771944539
vxo,combined,cocoa,cocoa,13,0.2291907771944539
vxo,combined,cocoa,cocoa,14,0.2291907771944539
vxo,combined,cocoa,cocoa,15,0.2291907771944539
vxo,combined,cocoa,cocoa,16,0.2291907771944539
vxo,combined,cocoa,cocoa,17,0.2291907771944539
vxo,combined,cocoa,cocoa,18,0.2291907771944539
vxo,combined,cocoa,cocoa,19,0.2291907771944539
vxo,combined,cocoa,cocoa,20,0.2291907771944539
vxo,combined,cocoa,cocoa,21,0.2291907771944539
vxo,combined,cocoa,cocoa,22,0.2291907771944539
vxo,combined,cocoa,cocoa,23,0.2291907771944539
vxo,combined,cocoa,cocoa,24,0.2291907771944539
vxo,combined,cocoa,coffee_arabic,1,0
vxo,combined,cocoa,coffee_arabic,2,0
vxo,combined,cocoa,coffee_arabic,3,0.021326930614705555
vxo,combined,cocoa,coffee_arabic,4,0.015626485035685447
vxo,combined,cocoa,coffee_arabic,5,0.03370036621081554
vxo,combined,cocoa,coffee_arabic,6,0.03042140196796923
vxo,combined,cocoa,coffee_arabic,7,0.031764868956752755
vxo,combined,cocoa,coffee_arabic,8,0.03194798208151434
vxo,combined,cocoa,coffee_arabic,9,0.03148902635648366
vxo,combined,cocoa,coffee_arabic,10,0.030543318072729427
vxo,combined,cocoa,coffee_arabic,11,0.03478643462144569
vxo,combined,cocoa,coffee_arabic,12,0.03331549748185092
vxo,combined,cocoa,coffee_arabic,13,0.03331549748185092
vxo,combined,cocoa,coffee_arabic,14,0.03331549748185092
vxo,combined,cocoa,coffee_arabic,15,0.03331549748185092
vxo,combined,cocoa,coffee_arabic,16,0.03331549748185092
vxo,combined,cocoa,coffee_arabic,17,0.03331549748185092
vxo,combined,cocoa,coffee_arabic,18,0.03331549748185092
vxo,combined,cocoa,coffee_arabic,19,0.03331549748185092
vxo,combined,cocoa,coffee_arabic,20,0.03331549748185092
vxo,combined,cocoa,coffee_arabic,21,0.03331549748185092
vxo,combined,cocoa,coffee_arabic,22,0.03331549748185092
vxo,combined,cocoa,coffee_arabic,23,0.03331549748185092
vxo,combined,cocoa,coffee_arabic,24,0.03331549748185092
vxo,combined,cocoa,copper,1,0
vxo,combined,cocoa,copper,2,0
vxo,combined,cocoa,copper,3,0.010567922833917017
vxo,combined,cocoa,copper,4,0.016911412313230376
vxo,combined,cocoa,copper,5,0.024084904234486507
vxo,combined,cocoa,copper,6,0.05238830716556172
vxo,combined,cocoa,copper,7,0.06728102037577982
vxo,combined,cocoa,copper,8,0.06627104219082298
vxo,combined,cocoa,copper,9,0.06413762592087245
vxo,combined,cocoa,copper,10,0.06561937637089323
vxo,combined,cocoa,copper,11,0.06707127363174192
vxo,combined,cocoa,copper,12,0.07112405166614903
vxo,combined,cocoa,copper,13,0.07112405166614903
vxo,combined,cocoa,copper,14,0.07112405166614903
vxo,combined,cocoa,copper,15,0.07112405166614903
vxo,combined,cocoa,copper,16,0.07112405166614903
vxo,combined,cocoa,copper,17,0.07112405166614903
vxo,combined,cocoa,copper,18,0.07112405166614903
vxo,combined,cocoa,copper,19,0.07112405166614903
vxo,combined,cocoa,copper,20,0.07112405166614903
vxo,combined,cocoa,copper,21,0.07112405166614903
vxo,combined,cocoa,copper,22,0.07112405166614903
vxo,combined,cocoa,copper,23,0.07112405166614903
vxo,combined,cocoa,copper,24,0.07112405166614903
vxo,combined,cocoa,cotton_a_indx,1,0
vxo,combined,cocoa,cotton_a_indx,2,0
vxo,combined,cocoa,cotton_a_indx,3,0.01951166100879722
vxo,combined,cocoa,cotton_a_indx,4,0.07610027688094845
vxo,combined,cocoa,cotton_a_indx,5,0.06969596567635562
vxo,combined,cocoa,cotton_a_indx,6,0.059033406262039574
vxo,combined,cocoa,cotton_a_indx,7,0.05655382367472848
vxo,combined,cocoa,cotton_a_indx,8,0.06122569078413927
vxo,combined,cocoa,cotton_a_indx,9,0.062302769680488715
vxo,combined,cocoa,cotton_a_indx,10,0.059480823085894446
vxo,combined,cocoa,cotton_a_indx,11,0.05787850320194769
vxo,combined,cocoa,cotton_a_indx,12,0.05712346672617717
vxo,combined,cocoa,cotton_a_indx,13,0.05712346672617717
vxo,combined,cocoa,cotton_a_indx,14,0.05712346672617717
vxo,combined,cocoa,cotton_a_indx,15,0.05712346672617717
vxo,combined,cocoa,cotton_a_indx,16,0.05712346672617717
vxo,combined,cocoa,cotton_a_indx,17,0.05712346672617717
vxo,combined,cocoa,cotton_a_indx,18,0.05712346672617717
vxo,combined,cocoa,cotton_a_indx,19,0.05712346672617717
vxo,combined,cocoa,cotton_a_indx,20,0.05712346672617717
vxo,combined,cocoa,cotton_a_indx,21,0.05712346672617717
vxo,combined,cocoa,cotton_a_indx,22,0.05712346672617717
vxo,combined,cocoa,cotton_a_indx,23,0.05712346672617717
vxo,combined,cocoa,cotton_a_indx,24,0.05712346672617717
vxo,combined,cocoa,crude_wti,1,0
vxo,combined,cocoa,crude_wti,2,0
vxo,combined,cocoa,crude_wti,3,7.88041731387315e-4
vxo,combined,cocoa,crude_wti,4,6.72499130453346e-4
vxo,combined,cocoa,crude_wti,5,7.031981621835377e-4
vxo,combined,cocoa,crude_wti,6,0.0021007007409516317
vxo,combined,cocoa,crude_wti,7,0.0035395452182214976
vxo,combined,cocoa,crude_wti,8,0.003499044183683163
vxo,combined,cocoa,crude_wti,9,0.003375244240138253
vxo,combined,cocoa,crude_wti,10,0.0037761602524214667
vxo,combined,cocoa,crude_wti,11,0.00430936474064101
vxo,combined,cocoa,crude_wti,12,0.0041728591683385646
vxo,combined,cocoa,crude_wti,13,0.0041728591683385646
vxo,combined,cocoa,crude_wti,14,0.0041728591683385646
vxo,combined,cocoa,crude_wti,15,0.0041728591683385646
vxo,combined,cocoa,crude_wti,16,0.0041728591683385646
vxo,combined,cocoa,crude_wti,17,0.0041728591683385646
vxo,combined,cocoa,crude_wti,18,0.0041728591683385646
vxo,combined,cocoa,crude_wti,19,0.0041728591683385646
vxo,combined,cocoa,crude_wti,20,0.0041728591683385646
vxo,combined,cocoa,crude_wti,21,0.0041728591683385646
vxo,combined,cocoa,crude_wti,22,0.0041728591683385646
vxo,combined,cocoa,crude_wti,23,0.0041728591683385646
vxo,combined,cocoa,crude_wti,24,0.0041728591683385646
vxo,combined,cocoa,gold,1,0
vxo,combined,cocoa,gold,2,0
vxo,combined,cocoa,gold,3,0.009119398831169629
vxo,combined,cocoa,gold,4,0.008779330974229553
vxo,combined,cocoa,gold,5,0.009226385935437596
vxo,combined,cocoa,gold,6,0.01023365674655574
vxo,combined,cocoa,gold,7,0.009031302335724712
vxo,combined,cocoa,gold,8,0.00949294931533429
vxo,combined,cocoa,gold,9,0.00928880147844021
vxo,combined,cocoa,gold,10,0.0145194786116218
vxo,combined,cocoa,gold,11,0.018815462678064766
vxo,combined,cocoa,gold,12,0.018418849908531355
vxo,combined,cocoa,gold,13,0.018418849908531355
vxo,combined,cocoa,gold,14,0.018418849908531355
vxo,combined,cocoa,gold,15,0.018418849908531355
vxo,combined,cocoa,gold,16,0.018418849908531355
vxo,combined,cocoa,gold,17,0.018418849908531355
vxo,combined,cocoa,gold,18,0.018418849908531355
vxo,combined,cocoa,gold,19,0.018418849908531355
vxo,combined,cocoa,gold,20,0.018418849908531355
vxo,combined,cocoa,gold,21,0.018418849908531355
vxo,combined,cocoa,gold,22,0.018418849908531355
vxo,combined,cocoa,gold,23,0.018418849908531355
vxo,combined,cocoa,gold,24,0.018418849908531355
vxo,combined,cocoa,lead,1,0
vxo,combined,cocoa,lead,2,0
vxo,combined,cocoa,lead,3,0.010347990885709498
vxo,combined,cocoa,lead,4,0.10814378131895791
vxo,combined,cocoa,lead,5,0.09662917719922559
vxo,combined,cocoa,lead,6,0.09204513025892286
vxo,combined,cocoa,lead,7,0.10762690869939615
vxo,combined,cocoa,lead,8,0.10675658209290129
vxo,combined,cocoa,lead,9,0.10278432232361888
vxo,combined,cocoa,lead,10,0.10547630311796868
vxo,combined,cocoa,lead,11,0.10102759587273676
vxo,combined,cocoa,lead,12,0.10032126347218111
vxo,combined,cocoa,lead,13,0.10032126347218111
vxo,combined,cocoa,lead,14,0.10032126347218111
vxo,combined,cocoa,lead,15,0.10032126347218111
vxo,combined,cocoa,lead,16,0.10032126347218111
vxo,combined,cocoa,lead,17,0.10032126347218111
vxo,combined,cocoa,lead,18,0.10032126347218111
vxo,combined,cocoa,lead,19,0.10032126347218111
vxo,combined,cocoa,lead,20,0.10032126347218111
vxo,combined,cocoa,lead,21,0.10032126347218111
vxo,combined,cocoa,lead,22,0.10032126347218111
vxo,combined,cocoa,lead,23,0.10032126347218111
vxo,combined,cocoa,lead,24,0.10032126347218111
vxo,combined,cocoa,maize,1,0
vxo,combined,cocoa,maize,2,0
vxo,combined,cocoa,maize,3,0.0041416598557003845
vxo,combined,cocoa,maize,4,0.0028034952339632113
vxo,combined,cocoa,maize,5,0.00604791033480672
vxo,combined,cocoa,maize,6,0.01717533898813866
vxo,combined,cocoa,maize,7,0.034783521889544686
vxo,combined,cocoa,maize,8,0.03427357938779891
vxo,combined,cocoa,maize,9,0.03439444864737101
vxo,combined,cocoa,maize,10,0.0446787804123456
vxo,combined,cocoa,maize,11,0.046523545334142165
vxo,combined,cocoa,maize,12,0.044692722309788095
vxo,combined,cocoa,maize,13,0.044692722309788095
vxo,combined,cocoa,maize,14,0.044692722309788095
vxo,combined,cocoa,maize,15,0.044692722309788095
vxo,combined,cocoa,maize,16,0.044692722309788095
vxo,combined,cocoa,maize,17,0.044692722309788095
vxo,combined,cocoa,maize,18,0.044692722309788095
vxo,combined,cocoa,maize,19,0.044692722309788095
vxo,combined,cocoa,maize,20,0.044692722309788095
vxo,combined,cocoa,maize,21,0.044692722309788095
vxo,combined,cocoa,maize,22,0.044692722309788095
vxo,combined,cocoa,maize,23,0.044692722309788095
vxo,combined,cocoa,maize,24,0.044692722309788095
vxo,combined,cocoa,ngas_us,1,0
vxo,combined,cocoa,ngas_us,2,0
vxo,combined,cocoa,ngas_us,3,0.009700221596121227
vxo,combined,cocoa,ngas_us,4,0.006882533640549511
vxo,combined,cocoa,ngas_us,5,0.006156229446975885
vxo,combined,cocoa,ngas_us,6,0.025331602389198713
vxo,combined,cocoa,ngas_us,7,0.023710384731017723
vxo,combined,cocoa,ngas_us,8,0.02466078303074337
vxo,combined,cocoa,ngas_us,9,0.02954281188951191
vxo,combined,cocoa,ngas_us,10,0.028424487667290377
vxo,combined,cocoa,ngas_us,11,0.03773922398588435
vxo,combined,cocoa,ngas_us,12,0.0458242961105827
vxo,combined,cocoa,ngas_us,13,0.0458242961105827
vxo,combined,cocoa,ngas_us,14,0.0458242961105827
vxo,combined,cocoa,ngas_us,15,0.0458242961105827
vxo,combined,cocoa,ngas_us,16,0.0458242961105827
vxo,combined,cocoa,ngas_us,17,0.0458242961105827
vxo,combined,cocoa,ngas_us,18,0.0458242961105827
vxo,combined,cocoa,ngas_us,19,0.0458242961105827
vxo,combined,cocoa,ngas_us,20,0.0458242961105827
vxo,combined,cocoa,ngas_us,21,0.0458242961105827
vxo,combined,cocoa,ngas_us,22,0.0458242961105827
vxo,combined,cocoa,ngas_us,23,0.0458242961105827
vxo,combined,cocoa,ngas_us,24,0.0458242961105827
vxo,combined,cocoa,nickel,1,0
vxo,combined,cocoa,nickel,2,0
vxo,combined,cocoa,nickel,3,0.0014007614481445763
vxo,combined,cocoa,nickel,4,0.0012156317245258501
vxo,combined,cocoa,nickel,5,0.0025924193968221874
vxo,combined,cocoa,nickel,6,0.005588769213364873
vxo,combined,cocoa,nickel,7,0.004836059537483943
vxo,combined,cocoa,nickel,8,0.006125857220718136
vxo,combined,cocoa,nickel,9,0.005919582015478701
vxo,combined,cocoa,nickel,10,0.005867029298626091
vxo,combined,cocoa,nickel,11,0.005952546124004034
vxo,combined,cocoa,nickel,12,0.0057021085021612995
vxo,combined,cocoa,nickel,13,0.0057021085021612995
vxo,combined,cocoa,nickel,14,0.0057021085021612995
vxo,combined,cocoa,nickel,15,0.0057021085021612995
vxo,combined,cocoa,nickel,16,0.0057021085021612995
vxo,combined,cocoa,nickel,17,0.0057021085021612995
vxo,combined,cocoa,nickel,18,0.0057021085021612995
vxo,combined,cocoa,nickel,19,0.0057021085021612995
vxo,combined,cocoa,nickel,20,0.0057021085021612995
vxo,combined,cocoa,nickel,21,0.0057021085021612995
vxo,combined,cocoa,nickel,22,0.0057021085021612995
vxo,combined,cocoa,nickel,23,0.0057021085021612995
vxo,combined,cocoa,nickel,24,0.0057021085021612995
vxo,combined,cocoa,platinum,1,0
vxo,combined,cocoa,platinum,2,0
vxo,combined,cocoa,platinum,3,0.01721902530317914
vxo,combined,cocoa,platinum,4,0.02682834021622197
vxo,combined,cocoa,platinum,5,0.024871541770792732
vxo,combined,cocoa,platinum,6,0.032157929518514344
vxo,combined,cocoa,platinum,7,0.029758696785611174
vxo,combined,cocoa,platinum,8,0.02977548457053004
vxo,combined,cocoa,platinum,9,0.036427275052158224
vxo,combined,cocoa,platinum,10,0.03473315628318715
vxo,combined,cocoa,platinum,11,0.03402240344476399
vxo,combined,cocoa,platinum,12,0.0363592178454753
vxo,combined,cocoa,platinum,13,0.0363592178454753
vxo,combined,cocoa,platinum,14,0.0363592178454753
vxo,combined,cocoa,platinum,15,0.0363592178454753
vxo,combined,cocoa,platinum,16,0.0363592178454753
vxo,combined,cocoa,platinum,17,0.0363592178454753
vxo,combined,cocoa,platinum,18,0.0363592178454753
vxo,combined,cocoa,platinum,19,0.0363592178454753
vxo,combined,cocoa,platinum,20,0.0363592178454753
vxo,combined,cocoa,platinum,21,0.0363592178454753
vxo,combined,cocoa,platinum,22,0.0363592178454753
vxo,combined,cocoa,platinum,23,0.0363592178454753
vxo,combined,cocoa,platinum,24,0.0363592178454753
vxo,combined,cocoa,silver,1,0
vxo,combined,cocoa,silver,2,0
vxo,combined,cocoa,silver,3,0.015441969895688053
vxo,combined,cocoa,silver,4,0.02723166862893977
vxo,combined,cocoa,silver,5,0.03319339877478533
vxo,combined,cocoa,silver,6,0.03465011130689461
vxo,combined,cocoa,silver,7,0.03269008224439008
vxo,combined,cocoa,silver,8,0.032205102070064766
vxo,combined,cocoa,silver,9,0.03258485720028573
vxo,combined,cocoa,silver,10,0.03107149120929866
vxo,combined,cocoa,silver,11,0.03044386448732106
vxo,combined,cocoa,silver,12,0.030852496321949804
vxo,combined,cocoa,silver,13,0.030852496321949804
vxo,combined,cocoa,silver,14,0.030852496321949804
vxo,combined,cocoa,silver,15,0.030852496321949804
vxo,combined,cocoa,silver,16,0.030852496321949804
vxo,combined,cocoa,silver,17,0.030852496321949804
vxo,combined,cocoa,silver,18,0.030852496321949804
vxo,combined,cocoa,silver,19,0.030852496321949804
vxo,combined,cocoa,silver,20,0.030852496321949804
vxo,combined,cocoa,silver,21,0.030852496321949804
vxo,combined,cocoa,silver,22,0.030852496321949804
vxo,combined,cocoa,silver,23,0.030852496321949804
vxo,combined,cocoa,silver,24,0.030852496321949804
vxo,combined,cocoa,soybeans,1,0
vxo,combined,cocoa,soybeans,2,0
vxo,combined,cocoa,soybeans,3,0.12489147124278004
vxo,combined,cocoa,soybeans,4,0.09221885003696201
vxo,combined,cocoa,soybeans,5,0.08343959343645768
vxo,combined,cocoa,soybeans,6,0.06894571571891771
vxo,combined,cocoa,soybeans,7,0.06908654399665168
vxo,combined,cocoa,soybeans,8,0.06826754925965386
vxo,combined,cocoa,soybeans,9,0.07106075964624248
vxo,combined,cocoa,soybeans,10,0.07842476915285679
vxo,combined,cocoa,soybeans,11,0.07637448275838533
vxo,combined,cocoa,soybeans,12,0.07310439197803413
vxo,combined,cocoa,soybeans,13,0.07310439197803413
vxo,combined,cocoa,soybeans,14,0.07310439197803413
vxo,combined,cocoa,soybeans,15,0.07310439197803413
vxo,combined,cocoa,soybeans,16,0.07310439197803413
vxo,combined,cocoa,soybeans,17,0.07310439197803413
vxo,combined,cocoa,soybeans,18,0.07310439197803413
vxo,combined,cocoa,soybeans,19,0.07310439197803413
vxo,combined,cocoa,soybeans,20,0.07310439197803413
vxo,combined,cocoa,soybeans,21,0.07310439197803413
vxo,combined,cocoa,soybeans,22,0.07310439197803413
vxo,combined,cocoa,soybeans,23,0.07310439197803413
vxo,combined,cocoa,soybeans,24,0.07310439197803413
vxo,combined,cocoa,sugar_wld,1,0
vxo,combined,cocoa,sugar_wld,2,0
vxo,combined,cocoa,sugar_wld,3,2.0475075223000155e-6
vxo,combined,cocoa,sugar_wld,4,0.0014148685225952396
vxo,combined,cocoa,sugar_wld,5,0.009757432474317153
vxo,combined,cocoa,sugar_wld,6,0.0271330410976495
vxo,combined,cocoa,sugar_wld,7,0.023999711482058258
vxo,combined,cocoa,sugar_wld,8,0.023699719925816674
vxo,combined,cocoa,sugar_wld,9,0.02809056306478867
vxo,combined,cocoa,sugar_wld,10,0.02784862305270753
vxo,combined,cocoa,sugar_wld,11,0.026666053671846966
vxo,combined,cocoa,sugar_wld,12,0.025788086371108812
vxo,combined,cocoa,sugar_wld,13,0.025788086371108812
vxo,combined,cocoa,sugar_wld,14,0.025788086371108812
vxo,combined,cocoa,sugar_wld,15,0.025788086371108812
vxo,combined,cocoa,sugar_wld,16,0.025788086371108812
vxo,combined,cocoa,sugar_wld,17,0.025788086371108812
vxo,combined,cocoa,sugar_wld,18,0.025788086371108812
vxo,combined,cocoa,sugar_wld,19,0.025788086371108812
vxo,combined,cocoa,sugar_wld,20,0.025788086371108812
vxo,combined,cocoa,sugar_wld,21,0.025788086371108812
vxo,combined,cocoa,sugar_wld,22,0.025788086371108812
vxo,combined,cocoa,sugar_wld,23,0.025788086371108812
vxo,combined,cocoa,sugar_wld,24,0.025788086371108812
vxo,combined,cocoa,tin,1,0
vxo,combined,cocoa,tin,2,0
vxo,combined,cocoa,tin,3,0.006528737002347189
vxo,combined,cocoa,tin,4,0.054979492719267664
vxo,combined,cocoa,tin,5,0.050728394795578946
vxo,combined,cocoa,tin,6,0.06167068892001817
vxo,combined,cocoa,tin,7,0.08387884892780986
vxo,combined,cocoa,tin,8,0.0845463267310387
vxo,combined,cocoa,tin,9,0.0817183171626182
vxo,combined,cocoa,tin,10,0.07976728801032747
vxo,combined,cocoa,tin,11,0.07639358360378543
vxo,combined,cocoa,tin,12,0.07687909397218692
vxo,combined,cocoa,tin,13,0.07687909397218692
vxo,combined,cocoa,tin,14,0.07687909397218692
vxo,combined,cocoa,tin,15,0.07687909397218692
vxo,combined,cocoa,tin,16,0.07687909397218692
vxo,combined,cocoa,tin,17,0.07687909397218692
vxo,combined,cocoa,tin,18,0.07687909397218692
vxo,combined,cocoa,tin,19,0.07687909397218692
vxo,combined,cocoa,tin,20,0.07687909397218692
vxo,combined,cocoa,tin,21,0.07687909397218692
vxo,combined,cocoa,tin,22,0.07687909397218692
vxo,combined,cocoa,tin,23,0.07687909397218692
vxo,combined,cocoa,tin,24,0.07687909397218692
vxo,combined,cocoa,wheat_us_hrw,1,0
vxo,combined,cocoa,wheat_us_hrw,2,0
vxo,combined,cocoa,wheat_us_hrw,3,0.0024747894643616054
vxo,combined,cocoa,wheat_us_hrw,4,0.004378321150026548
vxo,combined,cocoa,wheat_us_hrw,5,0.013462171689478403
vxo,combined,cocoa,wheat_us_hrw,6,0.011452535140409018
vxo,combined,cocoa,wheat_us_hrw,7,0.011299996993410794
vxo,combined,cocoa,wheat_us_hrw,8,0.011151301752610898
vxo,combined,cocoa,wheat_us_hrw,9,0.011971199010214323
vxo,combined,cocoa,wheat_us_hrw,10,0.011889825790690846
vxo,combined,cocoa,wheat_us_hrw,11,0.013928077041647523
vxo,combined,cocoa,wheat_us_hrw,12,0.013323988815034849
vxo,combined,cocoa,wheat_us_hrw,13,0.013323988815034849
vxo,combined,cocoa,wheat_us_hrw,14,0.013323988815034849
vxo,combined,cocoa,wheat_us_hrw,15,0.013323988815034849
vxo,combined,cocoa,wheat_us_hrw,16,0.013323988815034849
vxo,combined,cocoa,wheat_us_hrw,17,0.013323988815034849
vxo,combined,cocoa,wheat_us_hrw,18,0.013323988815034849
vxo,combined,cocoa,wheat_us_hrw,19,0.013323988815034849
vxo,combined,cocoa,wheat_us_hrw,20,0.013323988815034849
vxo,combined,cocoa,wheat_us_hrw,21,0.013323988815034849
vxo,combined,cocoa,wheat_us_hrw,22,0.013323988815034849
vxo,combined,cocoa,wheat_us_hrw,23,0.013323988815034849
vxo,combined,cocoa,wheat_us_hrw,24,0.013323988815034849
vxo,combined,cocoa,zinc,1,0
vxo,combined,cocoa,zinc,2,0
vxo,combined,cocoa,zinc,3,3.788825095595611e-4
vxo,combined,cocoa,zinc,4,0.028150768168761213
vxo,combined,cocoa,zinc,5,0.0376730585908192
vxo,combined,cocoa,zinc,6,0.04795919139000321
vxo,combined,cocoa,zinc,7,0.04264754786620709
vxo,combined,cocoa,zinc,8,0.042408910392596935
vxo,combined,cocoa,zinc,9,0.044055450618006094
vxo,combined,cocoa,zinc,10,0.04254686677502271
vxo,combined,cocoa,zinc,11,0.040931204362838716
vxo,combined,cocoa,zinc,12,0.04073852458440267
vxo,combined,cocoa,zinc,13,0.04073852458440267
vxo,combined,cocoa,zinc,14,0.04073852458440267
vxo,combined,cocoa,zinc,15,0.04073852458440267
vxo,combined,cocoa,zinc,16,0.04073852458440267
vxo,combined,cocoa,zinc,17,0.04073852458440267
vxo,combined,cocoa,zinc,18,0.04073852458440267
vxo,combined,cocoa,zinc,19,0.04073852458440267
vxo,combined,cocoa,zinc,20,0.04073852458440267
vxo,combined,cocoa,zinc,21,0.04073852458440267
vxo,combined,cocoa,zinc,22,0.04073852458440267
vxo,combined,cocoa,zinc,23,0.04073852458440267
vxo,combined,cocoa,zinc,24,0.04073852458440267
vxo,combined,coffee_arabic,aluminium,1,0
vxo,combined,coffee_arabic,aluminium,2,0
vxo,combined,coffee_arabic,aluminium,3,0.0010271118425451483
vxo,combined,coffee_arabic,aluminium,4,0.00444781677977843
vxo,combined,coffee_arabic,aluminium,5,0.004010450169036673
vxo,combined,coffee_arabic,aluminium,6,0.037161690350368294
vxo,combined,coffee_arabic,aluminium,7,0.03280140720345394
vxo,combined,coffee_arabic,aluminium,8,0.03734517111098914
vxo,combined,coffee_arabic,aluminium,9,0.03595593262761621
vxo,combined,coffee_arabic,aluminium,10,0.03636042897238601
vxo,combined,coffee_arabic,aluminium,11,0.037273734653735076
vxo,combined,coffee_arabic,aluminium,12,0.03592905923768272
vxo,combined,coffee_arabic,aluminium,13,0.03592905923768272
vxo,combined,coffee_arabic,aluminium,14,0.03592905923768272
vxo,combined,coffee_arabic,aluminium,15,0.03592905923768272
vxo,combined,coffee_arabic,aluminium,16,0.03592905923768272
vxo,combined,coffee_arabic,aluminium,17,0.03592905923768272
vxo,combined,coffee_arabic,aluminium,18,0.03592905923768272
vxo,combined,coffee_arabic,aluminium,19,0.03592905923768272
vxo,combined,coffee_arabic,aluminium,20,0.03592905923768272
vxo,combined,coffee_arabic,aluminium,21,0.03592905923768272
vxo,combined,coffee_arabic,aluminium,22,0.03592905923768272
vxo,combined,coffee_arabic,aluminium,23,0.03592905923768272
vxo,combined,coffee_arabic,aluminium,24,0.03592905923768272
vxo,combined,coffee_arabic,cocoa,1,0
vxo,combined,coffee_arabic,cocoa,2,0
vxo,combined,coffee_arabic,cocoa,3,1.3313782790771216e-4
vxo,combined,coffee_arabic,cocoa,4,0.002750686505255402
vxo,combined,coffee_arabic,cocoa,5,0.009735397243293826
vxo,combined,coffee_arabic,cocoa,6,0.008896702940494328
vxo,combined,coffee_arabic,cocoa,7,0.0096637167697397
vxo,combined,coffee_arabic,cocoa,8,0.009366876416473659
vxo,combined,coffee_arabic,cocoa,9,0.00904500218527632
vxo,combined,coffee_arabic,cocoa,10,0.009192401741188311
vxo,combined,coffee_arabic,cocoa,11,0.009531326742840069
vxo,combined,coffee_arabic,cocoa,12,0.009227544145888077
vxo,combined,coffee_arabic,cocoa,13,0.009227544145888077
vxo,combined,coffee_arabic,cocoa,14,0.009227544145888077
vxo,combined,coffee_arabic,cocoa,15,0.009227544145888077
vxo,combined,coffee_arabic,cocoa,16,0.009227544145888077
vxo,combined,coffee_arabic,cocoa,17,0.009227544145888077
vxo,combined,coffee_arabic,cocoa,18,0.009227544145888077
vxo,combined,coffee_arabic,cocoa,19,0.009227544145888077
vxo,combined,coffee_arabic,cocoa,20,0.009227544145888077
vxo,combined,coffee_arabic,cocoa,21,0.009227544145888077
vxo,combined,coffee_arabic,cocoa,22,0.009227544145888077
vxo,combined,coffee_arabic,cocoa,23,0.009227544145888077
vxo,combined,coffee_arabic,cocoa,24,0.009227544145888077
vxo,combined,coffee_arabic,coffee_arabic,1,0
vxo,combined,coffee_arabic,coffee_arabic,2,1
vxo,combined,coffee_arabic,coffee_arabic,3,0.718793147793717
vxo,combined,coffee_arabic,coffee_arabic,4,0.6631603165563374
vxo,combined,coffee_arabic,coffee_arabic,5,0.5746697639608794
vxo,combined,coffee_arabic,coffee_arabic,6,0.5269954378109746
vxo,combined,coffee_arabic,coffee_arabic,7,0.4639270992975518
vxo,combined,coffee_arabic,coffee_arabic,8,0.43187555124525756
vxo,combined,coffee_arabic,coffee_arabic,9,0.41636402210170675
vxo,combined,coffee_arabic,coffee_arabic,10,0.4000613803438374
vxo,combined,coffee_arabic,coffee_arabic,11,0.3947171532841996
vxo,combined,coffee_arabic,coffee_arabic,12,0.37978741776282066
vxo,combined,coffee_arabic,coffee_arabic,13,0.37978741776282066
vxo,combined,coffee_arabic,coffee_arabic,14,0.37978741776282066
vxo,combined,coffee_arabic,coffee_arabic,15,0.37978741776282066
vxo,combined,coffee_arabic,coffee_arabic,16,0.37978741776282066
vxo,combined,coffee_arabic,coffee_arabic,17,0.37978741776282066
vxo,combined,coffee_arabic,coffee_arabic,18,0.37978741776282066
vxo,combined,coffee_arabic,coffee_arabic,19,0.37978741776282066
vxo,combined,coffee_arabic,coffee_arabic,20,0.37978741776282066
vxo,combined,coffee_arabic,coffee_arabic,21,0.37978741776282066
vxo,combined,coffee_arabic,coffee_arabic,22,0.37978741776282066
vxo,combined,coffee_arabic,coffee_arabic,23,0.37978741776282066
vxo,combined,coffee_arabic,coffee_arabic,24,0.37978741776282066
vxo,combined,coffee_arabic,copper,1,0
vxo,combined,coffee_arabic,copper,2,0
vxo,combined,coffee_arabic,copper,3,8.473425493297182e-4
vxo,combined,coffee_arabic,copper,4,0.009093176197447784
vxo,combined,coffee_arabic,copper,5,0.007908859247725976
vxo,combined,coffee_arabic,copper,6,0.023275476238426386
vxo,combined,coffee_arabic,copper,7,0.02721681293282353
vxo,combined,coffee_arabic,copper,8,0.048697247320125106
vxo,combined,coffee_arabic,copper,9,0.06104369505688015
vxo,combined,coffee_arabic,copper,10,0.06787242167829924
vxo,combined,coffee_arabic,copper,11,0.06776612949138565
vxo,combined,coffee_arabic,copper,12,0.06590354362372866
vxo,combined,coffee_arabic,copper,13,0.06590354362372866
vxo,combined,coffee_arabic,copper,14,0.06590354362372866
vxo,combined,coffee_arabic,copper,15,0.06590354362372866
vxo,combined,coffee_arabic,copper,16,0.06590354362372866
vxo,combined,coffee_arabic,copper,17,0.06590354362372866
vxo,combined,coffee_arabic,copper,18,0.06590354362372866
vxo,combined,coffee_arabic,copper,19,0.06590354362372866
vxo,combined,coffee_arabic,copper,20,0.06590354362372866
vxo,combined,coffee_arabic,copper,21,0.06590354362372866
vxo,combined,coffee_arabic,copper,22,0.06590354362372866
vxo,combined,coffee_arabic,copper,23,0.06590354362372866
vxo,combined,coffee_arabic,copper,24,0.06590354362372866
vxo,combined,coffee_arabic,cotton_a_indx,1,0
vxo,combined,coffee_arabic,cotton_a_indx,2,0
vxo,combined,coffee_arabic,cotton_a_indx,3,0.0186139322880553
vxo,combined,coffee_arabic,cotton_a_indx,4,0.02338009720294505
vxo,combined,coffee_arabic,cotton_a_indx,5,0.041257822242775105
vxo,combined,coffee_arabic,cotton_a_indx,6,0.03879585951483337
vxo,combined,coffee_arabic,cotton_a_indx,7,0.03481834838569176
vxo,combined,coffee_arabic,cotton_a_indx,8,0.033228770156338766
vxo,combined,coffee_arabic,cotton_a_indx,9,0.034085319367569304
vxo,combined,coffee_arabic,cotton_a_indx,10,0.0328534074310233
vxo,combined,coffee_arabic,cotton_a_indx,11,0.03572641197602757
vxo,combined,coffee_arabic,cotton_a_indx,12,0.03459211026314249
vxo,combined,coffee_arabic,cotton_a_indx,13,0.03459211026314249
vxo,combined,coffee_arabic,cotton_a_indx,14,0.03459211026314249
vxo,combined,coffee_arabic,cotton_a_indx,15,0.03459211026314249
vxo,combined,coffee_arabic,cotton_a_indx,16,0.03459211026314249
vxo,combined,coffee_arabic,cotton_a_indx,17,0.03459211026314249
vxo,combined,coffee_arabic,cotton_a_indx,18,0.03459211026314249
vxo,combined,coffee_arabic,cotton_a_indx,19,0.03459211026314249
vxo,combined,coffee_arabic,cotton_a_indx,20,0.03459211026314249
vxo,combined,coffee_arabic,cotton_a_indx,21,0.03459211026314249
vxo,combined,coffee_arabic,cotton_a_indx,22,0.03459211026314249
vxo,combined,coffee_arabic,cotton_a_indx,23,0.03459211026314249
vxo,combined,coffee_arabic,cotton_a_indx,24,0.03459211026314249
vxo,combined,coffee_arabic,crude_wti,1,0
vxo,combined,coffee_arabic,crude_wti,2,0
vxo,combined,coffee_arabic,crude_wti,3,5.026545231205764e-4
vxo,combined,coffee_arabic,crude_wti,4,0.0014090514979113674
vxo,combined,coffee_arabic,crude_wti,5,0.0012534118719674894
vxo,combined,coffee_arabic,crude_wti,6,0.002486687444763245
vxo,combined,coffee_arabic,crude_wti,7,0.002190488319461671
vxo,combined,coffee_arabic,crude_wti,8,0.002491300833713742
vxo,combined,coffee_arabic,crude_wti,9,0.0023979670143227934
vxo,combined,coffee_arabic,crude_wti,10,0.0034862994467485765
vxo,combined,coffee_arabic,crude_wti,11,0.003436274412029097
vxo,combined,coffee_arabic,crude_wti,12,0.003341985605833371
vxo,combined,coffee_arabic,crude_wti,13,0.003341985605833371
vxo,combined,coffee_arabic,crude_wti,14,0.003341985605833371
vxo,combined,coffee_arabic,crude_wti,15,0.003341985605833371
vxo,combined,coffee_arabic,crude_wti,16,0.003341985605833371
vxo,combined,coffee_arabic,crude_wti,17,0.003341985605833371
vxo,combined,coffee_arabic,crude_wti,18,0.003341985605833371
vxo,combined,coffee_arabic,crude_wti,19,0.003341985605833371
vxo,combined,coffee_arabic,crude_wti,20,0.003341985605833371
vxo,combined,coffee_arabic,crude_wti,21,0.003341985605833371
vxo,combined,coffee_arabic,crude_wti,22,0.003341985605833371
vxo,combined,coffee_arabic,crude_wti,23,0.003341985605833371
vxo,combined,coffee_arabic,crude_wti,24,0.003341985605833371
vxo,combined,coffee_arabic,gold,1,0
vxo,combined,coffee_arabic,gold,2,0
vxo,combined,coffee_arabic,gold,3,3.4805095577175165e-5
vxo,combined,coffee_arabic,gold,4,1.0717249004291739e-4
vxo,combined,coffee_arabic,gold,5,0.007240563243443621
vxo,combined,coffee_arabic,gold,6,0.006612524540500545
vxo,combined,coffee_arabic,gold,7,0.005839189298066463
vxo,combined,coffee_arabic,gold,8,0.006913239607593315
vxo,combined,coffee_arabic,gold,9,0.0067535647599942196
vxo,combined,coffee_arabic,gold,10,0.006603905149948141
vxo,combined,coffee_arabic,gold,11,0.007150662950098867
vxo,combined,coffee_arabic,gold,12,0.007304083055392798
vxo,combined,coffee_arabic,gold,13,0.007304083055392798
vxo,combined,coffee_arabic,gold,14,0.007304083055392798
vxo,combined,coffee_arabic,gold,15,0.007304083055392798
vxo,combined,coffee_arabic,gold,16,0.007304083055392798
vxo,combined,coffee_arabic,gold,17,0.007304083055392798
vxo,combined,coffee_arabic,gold,18,0.007304083055392798
vxo,combined,coffee_arabic,gold,19,0.007304083055392798
vxo,combined,coffee_arabic,gold,20,0.007304083055392798
vxo,combined,coffee_arabic,gold,21,0.007304083055392798
vxo,combined,coffee_arabic,gold,22,0.007304083055392798
vxo,combined,coffee_arabic,gold,23,0.007304083055392798
vxo,combined,coffee_arabic,gold,24,0.007304083055392798
vxo,combined,coffee_arabic,lead,1,0
vxo,combined,coffee_arabic,lead,2,0
vxo,combined,coffee_arabic,lead,3,0.055160110508295404
vxo,combined,coffee_arabic,lead,4,0.05564716959990359
vxo,combined,coffee_arabic,lead,5,0.07469895709939493
vxo,combined,coffee_arabic,lead,6,0.06946566073952537
vxo,combined,coffee_arabic,lead,7,0.08972276689764264
vxo,combined,coffee_arabic,lead,8,0.0891078385225686
vxo,combined,coffee_arabic,lead,9,0.08586598156742212
vxo,combined,coffee_arabic,lead,10,0.08253088213366819
vxo,combined,coffee_arabic,lead,11,0.08131785972273198
vxo,combined,coffee_arabic,lead,12,0.07822621518985709
vxo,combined,coffee_arabic,lead,13,0.07822621518985709
vxo,combined,coffee_arabic,lead,14,0.07822621518985709
vxo,combined,coffee_arabic,lead,15,0.07822621518985709
vxo,combined,coffee_arabic,lead,16,0.07822621518985709
vxo,combined,coffee_arabic,lead,17,0.07822621518985709
vxo,combined,coffee_arabic,lead,18,0.07822621518985709
vxo,combined,coffee_arabic,lead,19,0.07822621518985709
vxo,combined,coffee_arabic,lead,20,0.07822621518985709
vxo,combined,coffee_arabic,lead,21,0.07822621518985709
vxo,combined,coffee_arabic,lead,22,0.07822621518985709
vxo,combined,coffee_arabic,lead,23,0.07822621518985709
vxo,combined,coffee_arabic,lead,24,0.07822621518985709
vxo,combined,coffee_arabic,maize,1,0
vxo,combined,coffee_arabic,maize,2,0
vxo,combined,coffee_arabic,maize,3,0.005255946532861717
vxo,combined,coffee_arabic,maize,4,0.022497609905736547
vxo,combined,coffee_arabic,maize,5,0.022450692759444054
vxo,combined,coffee_arabic,maize,6,0.026503797357120034
vxo,combined,coffee_arabic,maize,7,0.025146396074144976
vxo,combined,coffee_arabic,maize,8,0.02361387058996334
vxo,combined,coffee_arabic,maize,9,0.02422201533275761
vxo,combined,coffee_arabic,maize,10,0.02379616573416566
vxo,combined,coffee_arabic,maize,11,0.02374621491157027
vxo,combined,coffee_arabic,maize,12,0.034495475368589684
vxo,combined,coffee_arabic,maize,13,0.034495475368589684
vxo,combined,coffee_arabic,maize,14,0.034495475368589684
vxo,combined,coffee_arabic,maize,15,0.034495475368589684
vxo,combined,coffee_arabic,maize,16,0.034495475368589684
vxo,combined,coffee_arabic,maize,17,0.034495475368589684
vxo,combined,coffee_arabic,maize,18,0.034495475368589684
vxo,combined,coffee_arabic,maize,19,0.034495475368589684
vxo,combined,coffee_arabic,maize,20,0.034495475368589684
vxo,combined,coffee_arabic,maize,21,0.034495475368589684
vxo,combined,coffee_arabic,maize,22,0.034495475368589684
vxo,combined,coffee_arabic,maize,23,0.034495475368589684
vxo,combined,coffee_arabic,maize,24,0.034495475368589684
vxo,combined,coffee_arabic,ngas_us,1,0
vxo,combined,coffee_arabic,ngas_us,2,0
vxo,combined,coffee_arabic,ngas_us,3,2.7107234446015746e-5
vxo,combined,coffee_arabic,ngas_us,4,0.0011345690181360335
vxo,combined,coffee_arabic,ngas_us,5,0.0018626305562698922
vxo,combined,coffee_arabic,ngas_us,6,0.0024747548541707866
vxo,combined,coffee_arabic,ngas_us,7,0.007010734241787744
vxo,combined,coffee_arabic,ngas_us,8,0.007449395116873011
vxo,combined,coffee_arabic,ngas_us,9,0.008912898356492767
vxo,combined,coffee_arabic,ngas_us,10,0.008718104422286101
vxo,combined,coffee_arabic,ngas_us,11,0.01031694564500465
vxo,combined,coffee_arabic,ngas_us,12,0.010328797188286772
vxo,combined,coffee_arabic,ngas_us,13,0.010328797188286772
vxo,combined,coffee_arabic,ngas_us,14,0.010328797188286772
vxo,combined,coffee_arabic,ngas_us,15,0.010328797188286772
vxo,combined,coffee_arabic,ngas_us,16,0.010328797188286772
vxo,combined,coffee_arabic,ngas_us,17,0.010328797188286772
vxo,combined,coffee_arabic,ngas_us,18,0.010328797188286772
vxo,combined,coffee_arabic,ngas_us,19,0.010328797188286772
vxo,combined,coffee_arabic,ngas_us,20,0.010328797188286772
vxo,combined,coffee_arabic,ngas_us,21,0.010328797188286772
vxo,combined,coffee_arabic,ngas_us,22,0.010328797188286772
vxo,combined,coffee_arabic,ngas_us,23,0.010328797188286772
vxo,combined,coffee_arabic,ngas_us,24,0.010328797188286772
vxo,combined,coffee_arabic,nickel,1,0
vxo,combined,coffee_arabic,nickel,2,0
vxo,combined,coffee_arabic,nickel,3,0.03175108268822416
vxo,combined,coffee_arabic,nickel,4,0.0306788120301342
vxo,combined,coffee_arabic,nickel,5,0.028093324224424013
vxo,combined,coffee_arabic,nickel,6,0.02613632677464737
vxo,combined,coffee_arabic,nickel,7,0.026372081890283207
vxo,combined,coffee_arabic,nickel,8,0.025076682497823074
vxo,combined,coffee_arabic,nickel,9,0.024204813408897567
vxo,combined,coffee_arabic,nickel,10,0.023258976556221115
vxo,combined,coffee_arabic,nickel,11,0.023238757514036264
vxo,combined,coffee_arabic,nickel,12,0.023798273769124047
vxo,combined,coffee_arabic,nickel,13,0.023798273769124047
vxo,combined,coffee_arabic,nickel,14,0.023798273769124047
vxo,combined,coffee_arabic,nickel,15,0.023798273769124047
vxo,combined,coffee_arabic,nickel,16,0.023798273769124047
vxo,combined,coffee_arabic,nickel,17,0.023798273769124047
vxo,combined,coffee_arabic,nickel,18,0.023798273769124047
vxo,combined,coffee_arabic,nickel,19,0.023798273769124047
vxo,combined,coffee_arabic,nickel,20,0.023798273769124047
vxo,combined,coffee_arabic,nickel,21,0.023798273769124047
vxo,combined,coffee_arabic,nickel,22,0.023798273769124047
vxo,combined,coffee_arabic,nickel,23,0.023798273769124047
vxo,combined,coffee_arabic,nickel,24,0.023798273769124047
vxo,combined,coffee_arabic,platinum,1,0
vxo,combined,coffee_arabic,platinum,2,0
vxo,combined,coffee_arabic,platinum,3,0.005930717587044967
vxo,combined,coffee_arabic,platinum,4,0.005795775112179502
vxo,combined,coffee_arabic,platinum,5,0.03138147626530122
vxo,combined,coffee_arabic,platinum,6,0.03303258026490047
vxo,combined,coffee_arabic,platinum,7,0.040961344493760925
vxo,combined,coffee_arabic,platinum,8,0.03836988938874463
vxo,combined,coffee_arabic,platinum,9,0.0485163648952765
vxo,combined,coffee_arabic,platinum,10,0.05133249771681844
vxo,combined,coffee_arabic,platinum,11,0.053282230606099074
vxo,combined,coffee_arabic,platinum,12,0.052357615899459656
vxo,combined,coffee_arabic,platinum,13,0.052357615899459656
vxo,combined,coffee_arabic,platinum,14,0.052357615899459656
vxo,combined,coffee_arabic,platinum,15,0.052357615899459656
vxo,combined,coffee_arabic,platinum,16,0.052357615899459656
vxo,combined,coffee_arabic,platinum,17,0.052357615899459656
vxo,combined,coffee_arabic,platinum,18,0.052357615899459656
vxo,combined,coffee_arabic,platinum,19,0.052357615899459656
vxo,combined,coffee_arabic,platinum,20,0.052357615899459656
vxo,combined,coffee_arabic,platinum,21,0.052357615899459656
vxo,combined,coffee_arabic,platinum,22,0.052357615899459656
vxo,combined,coffee_arabic,platinum,23,0.052357615899459656
vxo,combined,coffee_arabic,platinum,24,0.052357615899459656
vxo,combined,coffee_arabic,silver,1,0
vxo,combined,coffee_arabic,silver,2,0
vxo,combined,coffee_arabic,silver,3,9.168177671040582e-6
vxo,combined,coffee_arabic,silver,4,0.0042547705083481446
vxo,combined,coffee_arabic,silver,5,0.011195056223248697
vxo,combined,coffee_arabic,silver,6,0.012659076518077555
vxo,combined,coffee_arabic,silver,7,0.018072673130158194
vxo,combined,coffee_arabic,silver,8,0.016810282553097845
vxo,combined,coffee_arabic,silver,9,0.01627931915433646
vxo,combined,coffee_arabic,silver,10,0.01660201356021609
vxo,combined,coffee_arabic,silver,11,0.016389755800701063
vxo,combined,coffee_arabic,silver,12,0.016033431357164174
vxo,combined,coffee_arabic,silver,13,0.016033431357164174
vxo,combined,coffee_arabic,silver,14,0.016033431357164174
vxo,combined,coffee_arabic,silver,15,0.016033431357164174
vxo,combined,coffee_arabic,silver,16,0.016033431357164174
vxo,combined,coffee_arabic,silver,17,0.016033431357164174
vxo,combined,coffee_arabic,silver,18,0.016033431357164174
vxo,combined,coffee_arabic,silver,19,0.016033431357164174
vxo,combined,coffee_arabic,silver,20,0.016033431357164174
vxo,combined,coffee_arabic,silver,21,0.016033431357164174
vxo,combined,coffee_arabic,silver,22,0.016033431357164174
vxo,combined,coffee_arabic,silver,23,0.016033431357164174
vxo,combined,coffee_arabic,silver,24,0.016033431357164174
vxo,combined,coffee_arabic,soybeans,1,0
vxo,combined,coffee_arabic,soybeans,2,0
vxo,combined,coffee_arabic,soybeans,3,0.008796067149796912
vxo,combined,coffee_arabic,soybeans,4,0.010644255928205438
vxo,combined,coffee_arabic,soybeans,5,0.009349629533582846
vxo,combined,coffee_arabic,soybeans,6,0.016266842808290657
vxo,combined,coffee_arabic,soybeans,7,0.01579173302779968
vxo,combined,coffee_arabic,soybeans,8,0.019807300203996323
vxo,combined,coffee_arabic,soybeans,9,0.02247299303685047
vxo,combined,coffee_arabic,soybeans,10,0.025269079591949028
vxo,combined,coffee_arabic,soybeans,11,0.025077844787642512
vxo,combined,coffee_arabic,soybeans,12,0.03646094593678863
vxo,combined,coffee_arabic,soybeans,13,0.03646094593678863
vxo,combined,coffee_arabic,soybeans,14,0.03646094593678863
vxo,combined,coffee_arabic,soybeans,15,0.03646094593678863
vxo,combined,coffee_arabic,soybeans,16,0.03646094593678863
vxo,combined,coffee_arabic,soybeans,17,0.03646094593678863
vxo,combined,coffee_arabic,soybeans,18,0.03646094593678863
vxo,combined,coffee_arabic,soybeans,19,0.03646094593678863
vxo,combined,coffee_arabic,soybeans,20,0.03646094593678863
vxo,combined,coffee_arabic,soybeans,21,0.03646094593678863
vxo,combined,coffee_arabic,soybeans,22,0.03646094593678863
vxo,combined,coffee_arabic,soybeans,23,0.03646094593678863
vxo,combined,coffee_arabic,soybeans,24,0.03646094593678863
vxo,combined,coffee_arabic,sugar_wld,1,0
vxo,combined,coffee_arabic,sugar_wld,2,0
vxo,combined,coffee_arabic,sugar_wld,3,2.495119616393055e-4
vxo,combined,coffee_arabic,sugar_wld,4,3.2388807971675245e-4
vxo,combined,coffee_arabic,sugar_wld,5,6.092523265081284e-4
vxo,combined,coffee_arabic,sugar_wld,6,0.0011540956893527044
vxo,combined,coffee_arabic,sugar_wld,7,0.00859388248754865
vxo,combined,coffee_arabic,sugar_wld,8,0.008989392194374548
vxo,combined,coffee_arabic,sugar_wld,9,0.008659449108375574
vxo,combined,coffee_arabic,sugar_wld,10,0.0115112274247887
vxo,combined,coffee_arabic,sugar_wld,11,0.011350097402410156
vxo,combined,coffee_arabic,sugar_wld,12,0.012885367212078558
vxo,combined,coffee_arabic,sugar_wld,13,0.012885367212078558
vxo,combined,coffee_arabic,sugar_wld,14,0.012885367212078558
vxo,combined,coffee_arabic,sugar_wld,15,0.012885367212078558
vxo,combined,coffee_arabic,sugar_wld,16,0.012885367212078558
vxo,combined,coffee_arabic,sugar_wld,17,0.012885367212078558
vxo,combined,coffee_arabic,sugar_wld,18,0.012885367212078558
vxo,combined,coffee_arabic,sugar_wld,19,0.012885367212078558
vxo,combined,coffee_arabic,sugar_wld,20,0.012885367212078558
vxo,combined,coffee_arabic,sugar_wld,21,0.012885367212078558
vxo,combined,coffee_arabic,sugar_wld,22,0.012885367212078558
vxo,combined,coffee_arabic,sugar_wld,23,0.012885367212078558
vxo,combined,coffee_arabic,sugar_wld,24,0.012885367212078558
vxo,combined,coffee_arabic,tin,1,0
vxo,combined,coffee_arabic,tin,2,0
vxo,combined,coffee_arabic,tin,3,0.0016520165102455063
vxo,combined,coffee_arabic,tin,4,0.01274386657888985
vxo,combined,coffee_arabic,tin,5,0.011026874666977821
vxo,combined,coffee_arabic,tin,6,0.01115535563666316
vxo,combined,coffee_arabic,tin,7,0.014821193052651555
vxo,combined,coffee_arabic,tin,8,0.024466607071110733
vxo,combined,coffee_arabic,tin,9,0.02375833879000902
vxo,combined,coffee_arabic,tin,10,0.029407786274035085
vxo,combined,coffee_arabic,tin,11,0.029350955775222547
vxo,combined,coffee_arabic,tin,12,0.02958637378520771
vxo,combined,coffee_arabic,tin,13,0.02958637378520771
vxo,combined,coffee_arabic,tin,14,0.02958637378520771
vxo,combined,coffee_arabic,tin,15,0.02958637378520771
vxo,combined,coffee_arabic,tin,16,0.02958637378520771
vxo,combined,coffee_arabic,tin,17,0.02958637378520771
vxo,combined,coffee_arabic,tin,18,0.02958637378520771
vxo,combined,coffee_arabic,tin,19,0.02958637378520771
vxo,combined,coffee_arabic,tin,20,0.02958637378520771
vxo,combined,coffee_arabic,tin,21,0.02958637378520771
vxo,combined,coffee_arabic,tin,22,0.02958637378520771
vxo,combined,coffee_arabic,tin,23,0.02958637378520771
vxo,combined,coffee_arabic,tin,24,0.02958637378520771
vxo,combined,coffee_arabic,wheat_us_hrw,1,0
vxo,combined,coffee_arabic,wheat_us_hrw,2,0
vxo,combined,coffee_arabic,wheat_us_hrw,3,0.002695639806330193
vxo,combined,coffee_arabic,wheat_us_hrw,4,0.005478070541811916
vxo,combined,coffee_arabic,wheat_us_hrw,5,0.015106233370031606
vxo,combined,coffee_arabic,wheat_us_hrw,6,0.015561531726152008
vxo,combined,coffee_arabic,wheat_us_hrw,7,0.014125235114550647
vxo,combined,coffee_arabic,wheat_us_hrw,8,0.013666784627539433
vxo,combined,coffee_arabic,wheat_us_hrw,9,0.014883945612898079
vxo,combined,coffee_arabic,wheat_us_hrw,10,0.014579855345364887
vxo,combined,coffee_arabic,wheat_us_hrw,11,0.016121659830789
vxo,combined,coffee_arabic,wheat_us_hrw,12,0.01597873010194133
vxo,combined,coffee_arabic,wheat_us_hrw,13,0.01597873010194133
vxo,combined,coffee_arabic,wheat_us_hrw,14,0.01597873010194133
vxo,combined,coffee_arabic,wheat_us_hrw,15,0.01597873010194133
vxo,combined,coffee_arabic,wheat_us_hrw,16,0.01597873010194133
vxo,combined,coffee_arabic,wheat_us_hrw,17,0.01597873010194133
vxo,combined,coffee_arabic,wheat_us_hrw,18,0.01597873010194133
vxo,combined,coffee_arabic,wheat_us_hrw,19,0.01597873010194133
vxo,combined,coffee_arabic,wheat_us_hrw,20,0.01597873010194133
vxo,combined,coffee_arabic,wheat_us_hrw,21,0.01597873010194133
vxo,combined,coffee_arabic,wheat_us_hrw,22,0.01597873010194133
vxo,combined,coffee_arabic,wheat_us_hrw,23,0.01597873010194133
vxo,combined,coffee_arabic,wheat_us_hrw,24,0.01597873010194133
vxo,combined,coffee_arabic,zinc,1,0
vxo,combined,coffee_arabic,zinc,2,0
vxo,combined,coffee_arabic,zinc,3,0.148520499923192
vxo,combined,coffee_arabic,zinc,4,0.14645289546722
vxo,combined,coffee_arabic,zinc,5,0.14814960499569482
vxo,combined,coffee_arabic,zinc,6,0.14136559879073907
vxo,combined,coffee_arabic,zinc,7,0.162924897382883
vxo,combined,coffee_arabic,zinc,8,0.16272380054341729
vxo,combined,coffee_arabic,zinc,9,0.15657837762331822
vxo,combined,coffee_arabic,zinc,10,0.1565631664770556
vxo,combined,coffee_arabic,zinc,11,0.15420598449347653
vxo,combined,coffee_arabic,zinc,12,0.15376303049701404
vxo,combined,coffee_arabic,zinc,13,0.15376303049701404
vxo,combined,coffee_arabic,zinc,14,0.15376303049701404
vxo,combined,coffee_arabic,zinc,15,0.15376303049701404
vxo,combined,coffee_arabic,zinc,16,0.15376303049701404
vxo,combined,coffee_arabic,zinc,17,0.15376303049701404
vxo,combined,coffee_arabic,zinc,18,0.15376303049701404
vxo,combined,coffee_arabic,zinc,19,0.15376303049701404
vxo,combined,coffee_arabic,zinc,20,0.15376303049701404
vxo,combined,coffee_arabic,zinc,21,0.15376303049701404
vxo,combined,coffee_arabic,zinc,22,0.15376303049701404
vxo,combined,coffee_arabic,zinc,23,0.15376303049701404
vxo,combined,coffee_arabic,zinc,24,0.15376303049701404
vxo,combined,copper,aluminium,1,0
vxo,combined,copper,aluminium,2,0
vxo,combined,copper,aluminium,3,0.0036757641037351648
vxo,combined,copper,aluminium,4,0.0028082440890956385
vxo,combined,copper,aluminium,5,0.013289487020237316
vxo,combined,copper,aluminium,6,0.01674765385274098
vxo,combined,copper,aluminium,7,0.015085789590600657
vxo,combined,copper,aluminium,8,0.017323427769981078
vxo,combined,copper,aluminium,9,0.02502920010636516
vxo,combined,copper,aluminium,10,0.03477400933205978
vxo,combined,copper,aluminium,11,0.03548598643834964
vxo,combined,copper,aluminium,12,0.047603504427051725
vxo,combined,copper,aluminium,13,0.047603504427051725
vxo,combined,copper,aluminium,14,0.047603504427051725
vxo,combined,copper,aluminium,15,0.047603504427051725
vxo,combined,copper,aluminium,16,0.047603504427051725
vxo,combined,copper,aluminium,17,0.047603504427051725
vxo,combined,copper,aluminium,18,0.047603504427051725
vxo,combined,copper,aluminium,19,0.047603504427051725
vxo,combined,copper,aluminium,20,0.047603504427051725
vxo,combined,copper,aluminium,21,0.047603504427051725
vxo,combined,copper,aluminium,22,0.047603504427051725
vxo,combined,copper,aluminium,23,0.047603504427051725
vxo,combined,copper,aluminium,24,0.047603504427051725
vxo,combined,copper,cocoa,1,0
vxo,combined,copper,cocoa,2,0
vxo,combined,copper,cocoa,3,0.0015064412206625653
vxo,combined,copper,cocoa,4,0.0011528581211847208
vxo,combined,copper,cocoa,5,0.003485467835402157
vxo,combined,copper,cocoa,6,0.0037149190906537646
vxo,combined,copper,cocoa,7,0.006143949064146331
vxo,combined,copper,cocoa,8,0.0070989167931627606
vxo,combined,copper,cocoa,9,0.008808725482901575
vxo,combined,copper,cocoa,10,0.008775232766900629
vxo,combined,copper,cocoa,11,0.008595292701147256
vxo,combined,copper,cocoa,12,0.008052216793550088
vxo,combined,copper,cocoa,13,0.008052216793550088
vxo,combined,copper,cocoa,14,0.008052216793550088
vxo,combined,copper,cocoa,15,0.008052216793550088
vxo,combined,copper,cocoa,16,0.008052216793550088
vxo,combined,copper,cocoa,17,0.008052216793550088
vxo,combined,copper,cocoa,18,0.008052216793550088
vxo,combined,copper,cocoa,19,0.008052216793550088
vxo,combined,copper,cocoa,20,0.008052216793550088
vxo,combined,copper,cocoa,21,0.008052216793550088
vxo,combined,copper,cocoa,22,0.008052216793550088
vxo,combined,copper,cocoa,23,0.008052216793550088
vxo,combined,copper,cocoa,24,0.008052216793550088
vxo,combined,copper,coffee_arabic,1,0
vxo,combined,copper,coffee_arabic,2,0
vxo,combined,copper,coffee_arabic,3,0.012377593840821816
vxo,combined,copper,coffee_arabic,4,0.014624569350098647
vxo,combined,copper,coffee_arabic,5,0.017509337129472433
vxo,combined,copper,coffee_arabic,6,0.014910439265909308
vxo,combined,copper,coffee_arabic,7,0.014782404446542356
vxo,combined,copper,coffee_arabic,8,0.03505978356418044
vxo,combined,copper,coffee_arabic,9,0.05139195586871132
vxo,combined,copper,coffee_arabic,10,0.0513716444417287
vxo,combined,copper,coffee_arabic,11,0.049438992250544656
vxo,combined,copper,coffee_arabic,12,0.04838645907152234
vxo,combined,copper,coffee_arabic,13,0.04838645907152234
vxo,combined,copper,coffee_arabic,14,0.04838645907152234
vxo,combined,copper,coffee_arabic,15,0.04838645907152234
vxo,combined,copper,coffee_arabic,16,0.04838645907152234
vxo,combined,copper,coffee_arabic,17,0.04838645907152234
vxo,combined,copper,coffee_arabic,18,0.04838645907152234
vxo,combined,copper,coffee_arabic,19,0.04838645907152234
vxo,combined,copper,coffee_arabic,20,0.04838645907152234
vxo,combined,copper,coffee_arabic,21,0.04838645907152234
vxo,combined,copper,coffee_arabic,22,0.04838645907152234
vxo,combined,copper,coffee_arabic,23,0.04838645907152234
vxo,combined,copper,coffee_arabic,24,0.04838645907152234
vxo,combined,copper,copper,1,0
vxo,combined,copper,copper,2,1
vxo,combined,copper,copper,3,0.7605830224430605
vxo,combined,copper,copper,4,0.5825180595259943
vxo,combined,copper,copper,5,0.5265555021412819
vxo,combined,copper,copper,6,0.44803699150519105
vxo,combined,copper,copper,7,0.39704344898072574
vxo,combined,copper,copper,8,0.3682216327876657
vxo,combined,copper,copper,9,0.3469498956074038
vxo,combined,copper,copper,10,0.33047035090071
vxo,combined,copper,copper,11,0.3132363610413205
vxo,combined,copper,copper,12,0.318907935527892
vxo,combined,copper,copper,13,0.318907935527892
vxo,combined,copper,copper,14,0.318907935527892
vxo,combined,copper,copper,15,0.318907935527892
vxo,combined,copper,copper,16,0.318907935527892
vxo,combined,copper,copper,17,0.318907935527892
vxo,combined,copper,copper,18,0.318907935527892
vxo,combined,copper,copper,19,0.318907935527892
vxo,combined,copper,copper,20,0.318907935527892
vxo,combined,copper,copper,21,0.318907935527892
vxo,combined,copper,copper,22,0.318907935527892
vxo,combined,copper,copper,23,0.318907935527892
vxo,combined,copper,copper,24,0.318907935527892
vxo,combined,copper,cotton_a_indx,1,0
vxo,combined,copper,cotton_a_indx,2,0
vxo,combined,copper,cotton_a_indx,3,0.0050391320408451
vxo,combined,copper,cotton_a_indx,4,0.011716863334247781
vxo,combined,copper,cotton_a_indx,5,0.01807198548838561
vxo,combined,copper,cotton_a_indx,6,0.01545584553916487
vxo,combined,copper,cotton_a_indx,7,0.013385711583558963
vxo,combined,copper,cotton_a_indx,8,0.012505995904948023
vxo,combined,copper,cotton_a_indx,9,0.013526332650271882
vxo,combined,copper,cotton_a_indx,10,0.013646720504210012
vxo,combined,copper,cotton_a_indx,11,0.015019882597400797
vxo,combined,copper,cotton_a_indx,12,0.020429148797200924
vxo,combined,copper,cotton_a_indx,13,0.020429148797200924
vxo,combined,copper,cotton_a_indx,14,0.020429148797200924
vxo,combined,copper,cotton_a_indx,15,0.020429148797200924
vxo,combined,copper,cotton_a_indx,16,0.020429148797200924
vxo,combined,copper,cotton_a_indx,17,0.020429148797200924
vxo,combined,copper,cotton_a_indx,18,0.020429148797200924
vxo,combined,copper,cotton_a_indx,19,0.020429148797200924
vxo,combined,copper,cotton_a_indx,20,0.020429148797200924
vxo,combined,copper,cotton_a_indx,21,0.020429148797200924
vxo,combined,copper,cotton_a_indx,22,0.020429148797200924
vxo,combined,copper,cotton_a_indx,23,0.020429148797200924
vxo,combined,copper,cotton_a_indx,24,0.020429148797200924
vxo,combined,copper,crude_wti,1,0
vxo,combined,copper,crude_wti,2,0
vxo,combined,copper,crude_wti,3,6.369826529957217e-5
vxo,combined,copper,crude_wti,4,0.004117080693213926
vxo,combined,copper,crude_wti,5,0.005086343407675257
vxo,combined,copper,crude_wti,6,0.012412697098626985
vxo,combined,copper,crude_wti,7,0.012782786548702957
vxo,combined,copper,crude_wti,8,0.012321100170852242
vxo,combined,copper,crude_wti,9,0.011345166492697956
vxo,combined,copper,crude_wti,10,0.01045630113631201
vxo,combined,copper,crude_wti,11,0.00992017796307652
vxo,combined,copper,crude_wti,12,0.009380480607764629
vxo,combined,copper,crude_wti,13,0.009380480607764629
vxo,combined,copper,crude_wti,14,0.009380480607764629
vxo,combined,copper,crude_wti,15,0.009380480607764629
vxo,combined,copper,crude_wti,16,0.009380480607764629
vxo,combined,copper,crude_wti,17,0.009380480607764629
vxo,combined,copper,crude_wti,18,0.009380480607764629
vxo,combined,copper,crude_wti,19,0.009380480607764629
vxo,combined,copper,crude_wti,20,0.009380480607764629
vxo,combined,copper,crude_wti,21,0.009380480607764629
vxo,combined,copper,crude_wti,22,0.009380480607764629
vxo,combined,copper,crude_wti,23,0.009380480607764629
vxo,combined,copper,crude_wti,24,0.009380480607764629
vxo,combined,copper,gold,1,0
vxo,combined,copper,gold,2,0
vxo,combined,copper,gold,3,0.00400720103098221
vxo,combined,copper,gold,4,0.007059411036731471
vxo,combined,copper,gold,5,0.0103563349330281
vxo,combined,copper,gold,6,0.018934554612190763
vxo,combined,copper,gold,7,0.022027828248991924
vxo,combined,copper,gold,8,0.020390632187555977
vxo,combined,copper,gold,9,0.0251895482306489
vxo,combined,copper,gold,10,0.026509056410552956
vxo,combined,copper,gold,11,0.025305358211684458
vxo,combined,copper,gold,12,0.025554776934342625
vxo,combined,copper,gold,13,0.025554776934342625
vxo,combined,copper,gold,14,0.025554776934342625
vxo,combined,copper,gold,15,0.025554776934342625
vxo,combined,copper,gold,16,0.025554776934342625
vxo,combined,copper,gold,17,0.025554776934342625
vxo,combined,copper,gold,18,0.025554776934342625
vxo,combined,copper,gold,19,0.025554776934342625
vxo,combined,copper,gold,20,0.025554776934342625
vxo,combined,copper,gold,21,0.025554776934342625
vxo,combined,copper,gold,22,0.025554776934342625
vxo,combined,copper,gold,23,0.025554776934342625
vxo,combined,copper,gold,24,0.025554776934342625
vxo,combined,copper,lead,1,0
vxo,combined,copper,lead,2,0
vxo,combined,copper,lead,3,0.048954019933706835
vxo,combined,copper,lead,4,0.03752739440475522
vxo,combined,copper,lead,5,0.04182077487405674
vxo,combined,copper,lead,6,0.03703734257295764
vxo,combined,copper,lead,7,0.03463537050056812
vxo,combined,copper,lead,8,0.032054747877597864
vxo,combined,copper,lead,9,0.028381202631054432
vxo,combined,copper,lead,10,0.039140740066100584
vxo,combined,copper,lead,11,0.0515657147222931
vxo,combined,copper,lead,12,0.052272307600015784
vxo,combined,copper,lead,13,0.052272307600015784
vxo,combined,copper,lead,14,0.052272307600015784
vxo,combined,copper,lead,15,0.052272307600015784
vxo,combined,copper,lead,16,0.052272307600015784
vxo,combined,copper,lead,17,0.052272307600015784
vxo,combined,copper,lead,18,0.052272307600015784
vxo,combined,copper,lead,19,0.052272307600015784
vxo,combined,copper,lead,20,0.052272307600015784
vxo,combined,copper,lead,21,0.052272307600015784
vxo,combined,copper,lead,22,0.052272307600015784
vxo,combined,copper,lead,23,0.052272307600015784
vxo,combined,copper,lead,24,0.052272307600015784
vxo,combined,copper,maize,1,0
vxo,combined,copper,maize,2,0
vxo,combined,copper,maize,3,0.061867779287504365
vxo,combined,copper,maize,4,0.1051224824165246
vxo,combined,copper,maize,5,0.09005025828424536
vxo,combined,copper,maize,6,0.10367513893695625
vxo,combined,copper,maize,7,0.09060213706005885
vxo,combined,copper,maize,8,0.09635299915567332
vxo,combined,copper,maize,9,0.10191797216910263
vxo,combined,copper,maize,10,0.09660937258916565
vxo,combined,copper,maize,11,0.09153667712491763
vxo,combined,copper,maize,12,0.08945855028905682
vxo,combined,copper,maize,13,0.08945855028905682
vxo,combined,copper,maize,14,0.08945855028905682
vxo,combined,copper,maize,15,0.08945855028905682
vxo,combined,copper,maize,16,0.08945855028905682
vxo,combined,copper,maize,17,0.08945855028905682
vxo,combined,copper,maize,18,0.08945855028905682
vxo,combined,copper,maize,19,0.08945855028905682
vxo,combined,copper,maize,20,0.08945855028905682
vxo,combined,copper,maize,21,0.08945855028905682
vxo,combined,copper,maize,22,0.08945855028905682
vxo,combined,copper,maize,23,0.08945855028905682
vxo,combined,copper,maize,24,0.08945855028905682
vxo,combined,copper,ngas_us,1,0
vxo,combined,copper,ngas_us,2,0
vxo,combined,copper,ngas_us,3,0.0011538868267149981
vxo,combined,copper,ngas_us,4,0.007935149225941138
vxo,combined,copper,ngas_us,5,0.008941484900769358
vxo,combined,copper,ngas_us,6,0.015460568929080657
vxo,combined,copper,ngas_us,7,0.025265764240702877
vxo,combined,copper,ngas_us,8,0.024086801716835703
vxo,combined,copper,ngas_us,9,0.03005228811516496
vxo,combined,copper,ngas_us,10,0.038543337821481186
vxo,combined,copper,ngas_us,11,0.039656168105818755
vxo,combined,copper,ngas_us,12,0.03691708053829866
vxo,combined,copper,ngas_us,13,0.03691708053829866
vxo,combined,copper,ngas_us,14,0.03691708053829866
vxo,combined,copper,ngas_us,15,0.03691708053829866
vxo,combined,copper,ngas_us,16,0.03691708053829866
vxo,combined,copper,ngas_us,17,0.03691708053829866
vxo,combined,copper,ngas_us,18,0.03691708053829866
vxo,combined,copper,ngas_us,19,0.03691708053829866
vxo,combined,copper,ngas_us,20,0.03691708053829866
vxo,combined,copper,ngas_us,21,0.03691708053829866
vxo,combined,copper,ngas_us,22,0.03691708053829866
vxo,combined,copper,ngas_us,23,0.03691708053829866
vxo,combined,copper,ngas_us,24,0.03691708053829866
vxo,combined,copper,nickel,1,0
vxo,combined,copper,nickel,2,0
vxo,combined,copper,nickel,3,0.018137846684949204
vxo,combined,copper,nickel,4,0.020460734167092508
vxo,combined,copper,nickel,5,0.020940563171135802
vxo,combined,copper,nickel,6,0.01896959909534639
vxo,combined,copper,nickel,7,0.029082010374257762
vxo,combined,copper,nickel,8,0.028279140400048742
vxo,combined,copper,nickel,9,0.02522020835477724
vxo,combined,copper,nickel,10,0.02551908880109903
vxo,combined,copper,nickel,11,0.02457363069776675
vxo,combined,copper,nickel,12,0.022838545741279838
vxo,combined,copper,nickel,13,0.022838545741279838
vxo,combined,copper,nickel,14,0.022838545741279838
vxo,combined,copper,nickel,15,0.022838545741279838
vxo,combined,copper,nickel,16,0.022838545741279838
vxo,combined,copper,nickel,17,0.022838545741279838
vxo,combined,copper,nickel,18,0.022838545741279838
vxo,combined,copper,nickel,19,0.022838545741279838
vxo,combined,copper,nickel,20,0.022838545741279838
vxo,combined,copper,nickel,21,0.022838545741279838
vxo,combined,copper,nickel,22,0.022838545741279838
vxo,combined,copper,nickel,23,0.022838545741279838
vxo,combined,copper,nickel,24,0.022838545741279838
vxo,combined,copper,platinum,1,0
vxo,combined,copper,platinum,2,0
vxo,combined,copper,platinum,3,0.0012028476413759627
vxo,combined,copper,platinum,4,0.05782177449602676
vxo,combined,copper,platinum,5,0.058995778565601696
vxo,combined,copper,platinum,6,0.05252178339356608
vxo,combined,copper,platinum,7,0.058136657114756664
vxo,combined,copper,platinum,8,0.05379546823003936
vxo,combined,copper,platinum,9,0.04764619902460535
vxo,combined,copper,platinum,10,0.04680288710092238
vxo,combined,copper,platinum,11,0.04611841982989113
vxo,combined,copper,platinum,12,0.042990121408982306
vxo,combined,copper,platinum,13,0.042990121408982306
vxo,combined,copper,platinum,14,0.042990121408982306
vxo,combined,copper,platinum,15,0.042990121408982306
vxo,combined,copper,platinum,16,0.042990121408982306
vxo,combined,copper,platinum,17,0.042990121408982306
vxo,combined,copper,platinum,18,0.042990121408982306
vxo,combined,copper,platinum,19,0.042990121408982306
vxo,combined,copper,platinum,20,0.042990121408982306
vxo,combined,copper,platinum,21,0.042990121408982306
vxo,combined,copper,platinum,22,0.042990121408982306
vxo,combined,copper,platinum,23,0.042990121408982306
vxo,combined,copper,platinum,24,0.042990121408982306
vxo,combined,copper,silver,1,0
vxo,combined,copper,silver,2,0
vxo,combined,copper,silver,3,0.0014276500754265415
vxo,combined,copper,silver,4,0.01786731043184245
vxo,combined,copper,silver,5,0.034263437633067155
vxo,combined,copper,silver,6,0.056116655018470976
vxo,combined,copper,silver,7,0.05211509402123303
vxo,combined,copper,silver,8,0.05212516309898952
vxo,combined,copper,silver,9,0.0465312725263576
vxo,combined,copper,silver,10,0.04617052921789412
vxo,combined,copper,silver,11,0.052807197960094844
vxo,combined,copper,silver,12,0.04925410901925213
vxo,combined,copper,silver,13,0.04925410901925213
vxo,combined,copper,silver,14,0.04925410901925213
vxo,combined,copper,silver,15,0.04925410901925213
vxo,combined,copper,silver,16,0.04925410901925213
vxo,combined,copper,silver,17,0.04925410901925213
vxo,combined,copper,silver,18,0.04925410901925213
vxo,combined,copper,silver,19,0.04925410901925213
vxo,combined,copper,silver,20,0.04925410901925213
vxo,combined,copper,silver,21,0.04925410901925213
vxo,combined,copper,silver,22,0.04925410901925213
vxo,combined,copper,silver,23,0.04925410901925213
vxo,combined,copper,silver,24,0.04925410901925213
vxo,combined,copper,soybeans,1,0
vxo,combined,copper,soybeans,2,0
vxo,combined,copper,soybeans,3,0.01710202028223272
vxo,combined,copper,soybeans,4,0.04698073064645339
vxo,combined,copper,soybeans,5,0.05696454419947182
vxo,combined,copper,soybeans,6,0.07114532482824018
vxo,combined,copper,soybeans,7,0.06298376968433456
vxo,combined,copper,soybeans,8,0.05946721018165935
vxo,combined,copper,soybeans,9,0.05283437714043794
vxo,combined,copper,soybeans,10,0.048774652849666346
vxo,combined,copper,soybeans,11,0.04619847668031798
vxo,combined,copper,soybeans,12,0.04388597828618011
vxo,combined,copper,soybeans,13,0.04388597828618011
vxo,combined,copper,soybeans,14,0.04388597828618011
vxo,combined,copper,soybeans,15,0.04388597828618011
vxo,combined,copper,soybeans,16,0.04388597828618011
vxo,combined,copper,soybeans,17,0.04388597828618011
vxo,combined,copper,soybeans,18,0.04388597828618011
vxo,combined,copper,soybeans,19,0.04388597828618011
vxo,combined,copper,soybeans,20,0.04388597828618011
vxo,combined,copper,soybeans,21,0.04388597828618011
vxo,combined,copper,soybeans,22,0.04388597828618011
vxo,combined,copper,soybeans,23,0.04388597828618011
vxo,combined,copper,soybeans,24,0.04388597828618011
vxo,combined,copper,sugar_wld,1,0
vxo,combined,copper,sugar_wld,2,0
vxo,combined,copper,sugar_wld,3,2.6572222944208705e-4
vxo,combined,copper,sugar_wld,4,0.004525607525396504
vxo,combined,copper,sugar_wld,5,0.008211102136393672
vxo,combined,copper,sugar_wld,6,0.015959671937196836
vxo,combined,copper,sugar_wld,7,0.025857256293372485
vxo,combined,copper,sugar_wld,8,0.036132443916154
vxo,combined,copper,sugar_wld,9,0.03546413574049174
vxo,combined,copper,sugar_wld,10,0.03326353509207471
vxo,combined,copper,sugar_wld,11,0.031525509703597035
vxo,combined,copper,sugar_wld,12,0.03039937736826556
vxo,combined,copper,sugar_wld,13,0.03039937736826556
vxo,combined,copper,sugar_wld,14,0.03039937736826556
vxo,combined,copper,sugar_wld,15,0.03039937736826556
vxo,combined,copper,sugar_wld,16,0.03039937736826556
vxo,combined,copper,sugar_wld,17,0.03039937736826556
vxo,combined,copper,sugar_wld,18,0.03039937736826556
vxo,combined,copper,sugar_wld,19,0.03039937736826556
vxo,combined,copper,sugar_wld,20,0.03039937736826556
vxo,combined,copper,sugar_wld,21,0.03039937736826556
vxo,combined,copper,sugar_wld,22,0.03039937736826556
vxo,combined,copper,sugar_wld,23,0.03039937736826556
vxo,combined,copper,sugar_wld,24,0.03039937736826556
vxo,combined,copper,tin,1,0
vxo,combined,copper,tin,2,0
vxo,combined,copper,tin,3,0.0022931044039445282
vxo,combined,copper,tin,4,0.030003976871024744
vxo,combined,copper,tin,5,0.03349168531526651
vxo,combined,copper,tin,6,0.03168355752740756
vxo,combined,copper,tin,7,0.026964299698592764
vxo,combined,copper,tin,8,0.02496490943964764
vxo,combined,copper,tin,9,0.024713710258260937
vxo,combined,copper,tin,10,0.03016564466215761
vxo,combined,copper,tin,11,0.04295584140722716
vxo,combined,copper,tin,12,0.041708882289374916
vxo,combined,copper,tin,13,0.041708882289374916
vxo,combined,copper,tin,14,0.041708882289374916
vxo,combined,copper,tin,15,0.041708882289374916
vxo,combined,copper,tin,16,0.041708882289374916
vxo,combined,copper,tin,17,0.041708882289374916
vxo,combined,copper,tin,18,0.041708882289374916
vxo,combined,copper,tin,19,0.041708882289374916
vxo,combined,copper,tin,20,0.041708882289374916
vxo,combined,copper,tin,21,0.041708882289374916
vxo,combined,copper,tin,22,0.041708882289374916
vxo,combined,copper,tin,23,0.041708882289374916
vxo,combined,copper,tin,24,0.041708882289374916
vxo,combined,copper,wheat_us_hrw,1,0
vxo,combined,copper,wheat_us_hrw,2,0
vxo,combined,copper,wheat_us_hrw,3,0.027886413351506958
vxo,combined,copper,wheat_us_hrw,4,0.02300904829080332
vxo,combined,copper,wheat_us_hrw,5,0.030845358325571514
vxo,combined,copper,wheat_us_hrw,6,0.026628744114876365
vxo,combined,copper,wheat_us_hrw,7,0.02869277748461984
vxo,combined,copper,wheat_us_hrw,8,0.027701061527482605
vxo,combined,copper,wheat_us_hrw,9,0.03790727662207355
vxo,combined,copper,wheat_us_hrw,10,0.03655378725270232
vxo,combined,copper,wheat_us_hrw,11,0.03470061624065188
vxo,combined,copper,wheat_us_hrw,12,0.03394733894499585
vxo,combined,copper,wheat_us_hrw,13,0.03394733894499585
vxo,combined,copper,wheat_us_hrw,14,0.03394733894499585
vxo,combined,copper,wheat_us_hrw,15,0.03394733894499585
vxo,combined,copper,wheat_us_hrw,16,0.03394733894499585
vxo,combined,copper,wheat_us_hrw,17,0.03394733894499585
vxo,combined,copper,wheat_us_hrw,18,0.03394733894499585
vxo,combined,copper,wheat_us_hrw,19,0.03394733894499585
vxo,combined,copper,wheat_us_hrw,20,0.03394733894499585
vxo,combined,copper,wheat_us_hrw,21,0.03394733894499585
vxo,combined,copper,wheat_us_hrw,22,0.03394733894499585
vxo,combined,copper,wheat_us_hrw,23,0.03394733894499585
vxo,combined,copper,wheat_us_hrw,24,0.03394733894499585
vxo,combined,copper,zinc,1,0
vxo,combined,copper,zinc,2,0
vxo,combined,copper,zinc,3,0.03245585633778884
vxo,combined,copper,zinc,4,0.024748705373573092
vxo,combined,copper,zinc,5,0.021120554638937618
vxo,combined,copper,zinc,6,0.040588512681423605
vxo,combined,copper,zinc,7,0.08441294506423384
vxo,combined,copper,zinc,8,0.0921185652775258
vxo,combined,copper,zinc,9,0.08709053297867296
vxo,combined,copper,zinc,10,0.08245310905426191
vxo,combined,copper,zinc,11,0.08135969632389976
vxo,combined,copper,zinc,12,0.0780131863549736
vxo,combined,copper,zinc,13,0.0780131863549736
vxo,combined,copper,zinc,14,0.0780131863549736
vxo,combined,copper,zinc,15,0.0780131863549736
vxo,combined,copper,zinc,16,0.0780131863549736
vxo,combined,copper,zinc,17,0.0780131863549736
vxo,combined,copper,zinc,18,0.0780131863549736
vxo,combined,copper,zinc,19,0.0780131863549736
vxo,combined,copper,zinc,20,0.0780131863549736
vxo,combined,copper,zinc,21,0.0780131863549736
vxo,combined,copper,zinc,22,0.0780131863549736
vxo,combined,copper,zinc,23,0.0780131863549736
vxo,combined,copper,zinc,24,0.0780131863549736
vxo,combined,cotton_a_indx,aluminium,1,0
vxo,combined,cotton_a_indx,aluminium,2,0
vxo,combined,cotton_a_indx,aluminium,3,0.011749738932843527
vxo,combined,cotton_a_indx,aluminium,4,0.013657815423806084
vxo,combined,cotton_a_indx,aluminium,5,0.017687376952334327
vxo,combined,cotton_a_indx,aluminium,6,0.062232304502157124
vxo,combined,cotton_a_indx,aluminium,7,0.060095579431575334
vxo,combined,cotton_a_indx,aluminium,8,0.06866402827078363
vxo,combined,cotton_a_indx,aluminium,9,0.06728258563810116
vxo,combined,cotton_a_indx,aluminium,10,0.06536421188481774
vxo,combined,cotton_a_indx,aluminium,11,0.06704062233737385
vxo,combined,cotton_a_indx,aluminium,12,0.06624257693614297
vxo,combined,cotton_a_indx,aluminium,13,0.06624257693614297
vxo,combined,cotton_a_indx,aluminium,14,0.06624257693614297
vxo,combined,cotton_a_indx,aluminium,15,0.06624257693614297
vxo,combined,cotton_a_indx,aluminium,16,0.06624257693614297
vxo,combined,cotton_a_indx,aluminium,17,0.06624257693614297
vxo,combined,cotton_a_indx,aluminium,18,0.06624257693614297
vxo,combined,cotton_a_indx,aluminium,19,0.06624257693614297
vxo,combined,cotton_a_indx,aluminium,20,0.06624257693614297
vxo,combined,cotton_a_indx,aluminium,21,0.06624257693614297
vxo,combined,cotton_a_indx,aluminium,22,0.06624257693614297
vxo,combined,cotton_a_indx,aluminium,23,0.06624257693614297
vxo,combined,cotton_a_indx,aluminium,24,0.06624257693614297
vxo,combined,cotton_a_indx,cocoa,1,0
vxo,combined,cotton_a_indx,cocoa,2,0
vxo,combined,cotton_a_indx,cocoa,3,0.0010179646377195366
vxo,combined,cotton_a_indx,cocoa,4,9.28284280153518e-4
vxo,combined,cotton_a_indx,cocoa,5,0.007723902679639244
vxo,combined,cotton_a_indx,cocoa,6,0.010483938076125276
vxo,combined,cotton_a_indx,cocoa,7,0.01229900704911157
vxo,combined,cotton_a_indx,cocoa,8,0.0124791596881384
vxo,combined,cotton_a_indx,cocoa,9,0.012059447182619542
vxo,combined,cotton_a_indx,cocoa,10,0.012146697763466314
vxo,combined,cotton_a_indx,cocoa,11,0.012063345431517455
vxo,combined,cotton_a_indx,cocoa,12,0.011975775052449242
vxo,combined,cotton_a_indx,cocoa,13,0.011975775052449242
vxo,combined,cotton_a_indx,cocoa,14,0.011975775052449242
vxo,combined,cotton_a_indx,cocoa,15,0.011975775052449242
vxo,combined,cotton_a_indx,cocoa,16,0.011975775052449242
vxo,combined,cotton_a_indx,cocoa,17,0.011975775052449242
vxo,combined,cotton_a_indx,cocoa,18,0.011975775052449242
vxo,combined,cotton_a_indx,cocoa,19,0.011975775052449242
vxo,combined,cotton_a_indx,cocoa,20,0.011975775052449242
vxo,combined,cotton_a_indx,cocoa,21,0.011975775052449242
vxo,combined,cotton_a_indx,cocoa,22,0.011975775052449242
vxo,combined,cotton_a_indx,cocoa,23,0.011975775052449242
vxo,combined,cotton_a_indx,cocoa,24,0.011975775052449242
vxo,combined,cotton_a_indx,coffee_arabic,1,0
vxo,combined,cotton_a_indx,coffee_arabic,2,0
vxo,combined,cotton_a_indx,coffee_arabic,3,5.304841814647031e-4
vxo,combined,cotton_a_indx,coffee_arabic,4,0.010698358262534914
vxo,combined,cotton_a_indx,coffee_arabic,5,0.01944435551281679
vxo,combined,cotton_a_indx,coffee_arabic,6,0.04078654923691634
vxo,combined,cotton_a_indx,coffee_arabic,7,0.03946039758705092
vxo,combined,cotton_a_indx,coffee_arabic,8,0.037821303258272314
vxo,combined,cotton_a_indx,coffee_arabic,9,0.03523909254053376
vxo,combined,cotton_a_indx,coffee_arabic,10,0.034483643830302134
vxo,combined,cotton_a_indx,coffee_arabic,11,0.0348185912767223
vxo,combined,cotton_a_indx,coffee_arabic,12,0.034669935961685404
vxo,combined,cotton_a_indx,coffee_arabic,13,0.034669935961685404
vxo,combined,cotton_a_indx,coffee_arabic,14,0.034669935961685404
vxo,combined,cotton_a_indx,coffee_arabic,15,0.034669935961685404
vxo,combined,cotton_a_indx,coffee_arabic,16,0.034669935961685404
vxo,combined,cotton_a_indx,coffee_arabic,17,0.034669935961685404
vxo,combined,cotton_a_indx,coffee_arabic,18,0.034669935961685404
vxo,combined,cotton_a_indx,coffee_arabic,19,0.034669935961685404
vxo,combined,cotton_a_indx,coffee_arabic,20,0.034669935961685404
vxo,combined,cotton_a_indx,coffee_arabic,21,0.034669935961685404
vxo,combined,cotton_a_indx,coffee_arabic,22,0.034669935961685404
vxo,combined,cotton_a_indx,coffee_arabic,23,0.034669935961685404
vxo,combined,cotton_a_indx,coffee_arabic,24,0.034669935961685404
vxo,combined,cotton_a_indx,copper,1,0
vxo,combined,cotton_a_indx,copper,2,0
vxo,combined,cotton_a_indx,copper,3,0.12967822643737925
vxo,combined,cotton_a_indx,copper,4,0.11235296007396961
vxo,combined,cotton_a_indx,copper,5,0.09724616339511548
vxo,combined,cotton_a_indx,copper,6,0.08224444920029698
vxo,combined,cotton_a_indx,copper,7,0.0784145039197415
vxo,combined,cotton_a_indx,copper,8,0.08292552817388887
vxo,combined,cotton_a_indx,copper,9,0.077813632041199
vxo,combined,cotton_a_indx,copper,10,0.08567467904857093
vxo,combined,cotton_a_indx,copper,11,0.08640321138043584
vxo,combined,cotton_a_indx,copper,12,0.08899954273273285
vxo,combined,cotton_a_indx,copper,13,0.08899954273273285
vxo,combined,cotton_a_indx,copper,14,0.08899954273273285
vxo,combined,cotton_a_indx,copper,15,0.08899954273273285
vxo,combined,cotton_a_indx,copper,16,0.08899954273273285
vxo,combined,cotton_a_indx,copper,17,0.08899954273273285
vxo,combined,cotton_a_indx,copper,18,0.08899954273273285
vxo,combined,cotton_a_indx,copper,19,0.08899954273273285
vxo,combined,cotton_a_indx,copper,20,0.08899954273273285
vxo,combined,cotton_a_indx,copper,21,0.08899954273273285
vxo,combined,cotton_a_indx,copper,22,0.08899954273273285
vxo,combined,cotton_a_indx,copper,23,0.08899954273273285
vxo,combined,cotton_a_indx,copper,24,0.08899954273273285
vxo,combined,cotton_a_indx,cotton_a_indx,1,0
vxo,combined,cotton_a_indx,cotton_a_indx,2,1
vxo,combined,cotton_a_indx,cotton_a_indx,3,0.7145834624918255
vxo,combined,cotton_a_indx,cotton_a_indx,4,0.6208514080622325
vxo,combined,cotton_a_indx,cotton_a_indx,5,0.5627274454506047
vxo,combined,cotton_a_indx,cotton_a_indx,6,0.4868582533715902
vxo,combined,cotton_a_indx,cotton_a_indx,7,0.46394460566769574
vxo,combined,cotton_a_indx,cotton_a_indx,8,0.4492424962950449
vxo,combined,cotton_a_indx,cotton_a_indx,9,0.41724342219155125
vxo,combined,cotton_a_indx,cotton_a_indx,10,0.4049493365903036
vxo,combined,cotton_a_indx,cotton_a_indx,11,0.39884152245897353
vxo,combined,cotton_a_indx,cotton_a_indx,12,0.39370331340754516
vxo,combined,cotton_a_indx,cotton_a_indx,13,0.39370331340754516
vxo,combined,cotton_a_indx,cotton_a_indx,14,0.39370331340754516
vxo,combined,cotton_a_indx,cotton_a_indx,15,0.39370331340754516
vxo,combined,cotton_a_indx,cotton_a_indx,16,0.39370331340754516
vxo,combined,cotton_a_indx,cotton_a_indx,17,0.39370331340754516
vxo,combined,cotton_a_indx,cotton_a_indx,18,0.39370331340754516
vxo,combined,cotton_a_indx,cotton_a_indx,19,0.39370331340754516
vxo,combined,cotton_a_indx,cotton_a_indx,20,0.39370331340754516
vxo,combined,cotton_a_indx,cotton_a_indx,21,0.39370331340754516
vxo,combined,cotton_a_indx,cotton_a_indx,22,0.39370331340754516
vxo,combined,cotton_a_indx,cotton_a_indx,23,0.39370331340754516
vxo,combined,cotton_a_indx,cotton_a_indx,24,0.39370331340754516
vxo,combined,cotton_a_indx,crude_wti,1,0
vxo,combined,cotton_a_indx,crude_wti,2,0
vxo,combined,cotton_a_indx,crude_wti,3,5.936465680653906e-5
vxo,combined,cotton_a_indx,crude_wti,4,7.388495643178043e-4
vxo,combined,cotton_a_indx,crude_wti,5,6.440791627358968e-4
vxo,combined,cotton_a_indx,crude_wti,6,0.002131911182227653
vxo,combined,cotton_a_indx,crude_wti,7,0.0027000663461605946
vxo,combined,cotton_a_indx,crude_wti,8,0.0026119307348729803
vxo,combined,cotton_a_indx,crude_wti,9,0.002431653821595766
vxo,combined,cotton_a_indx,crude_wti,10,0.0024189967313753484
vxo,combined,cotton_a_indx,crude_wti,11,0.003001500009107054
vxo,combined,cotton_a_indx,crude_wti,12,0.002972427636768769
vxo,combined,cotton_a_indx,crude_wti,13,0.002972427636768769
vxo,combined,cotton_a_indx,crude_wti,14,0.002972427636768769
vxo,combined,cotton_a_indx,crude_wti,15,0.002972427636768769
vxo,combined,cotton_a_indx,crude_wti,16,0.002972427636768769
vxo,combined,cotton_a_indx,crude_wti,17,0.002972427636768769
vxo,combined,cotton_a_indx,crude_wti,18,0.002972427636768769
vxo,combined,cotton_a_indx,crude_wti,19,0.002972427636768769
vxo,combined,cotton_a_indx,crude_wti,20,0.002972427636768769
vxo,combined,cotton_a_indx,crude_wti,21,0.002972427636768769
vxo,combined,cotton_a_indx,crude_wti,22,0.002972427636768769
vxo,combined,cotton_a_indx,crude_wti,23,0.002972427636768769
vxo,combined,cotton_a_indx,crude_wti,24,0.002972427636768769
vxo,combined,cotton_a_indx,gold,1,0
vxo,combined,cotton_a_indx,gold,2,0
vxo,combined,cotton_a_indx,gold,3,0.003779218278099837
vxo,combined,cotton_a_indx,gold,4,0.012239786591518758
vxo,combined,cotton_a_indx,gold,5,0.014323089314928377
vxo,combined,cotton_a_indx,gold,6,0.012042354264371958
vxo,combined,cotton_a_indx,gold,7,0.012462327161363704
vxo,combined,cotton_a_indx,gold,8,0.01223981620140832
vxo,combined,cotton_a_indx,gold,9,0.011621109758614613
vxo,combined,cotton_a_indx,gold,10,0.015361554034465447
vxo,combined,cotton_a_indx,gold,11,0.015962786739534864
vxo,combined,cotton_a_indx,gold,12,0.015987660899311824
vxo,combined,cotton_a_indx,gold,13,0.015987660899311824
vxo,combined,cotton_a_indx,gold,14,0.015987660899311824
vxo,combined,cotton_a_indx,gold,15,0.015987660899311824
vxo,combined,cotton_a_indx,gold,16,0.015987660899311824
vxo,combined,cotton_a_indx,gold,17,0.015987660899311824
vxo,combined,cotton_a_indx,gold,18,0.015987660899311824
vxo,combined,cotton_a_indx,gold,19,0.015987660899311824
vxo,combined,cotton_a_indx,gold,20,0.015987660899311824
vxo,combined,cotton_a_indx,gold,21,0.015987660899311824
vxo,combined,cotton_a_indx,gold,22,0.015987660899311824
vxo,combined,cotton_a_indx,gold,23,0.015987660899311824
vxo,combined,cotton_a_indx,gold,24,0.015987660899311824
vxo,combined,cotton_a_indx,lead,1,0
vxo,combined,cotton_a_indx,lead,2,0
vxo,combined,cotton_a_indx,lead,3,0.002342299948112834
vxo,combined,cotton_a_indx,lead,4,0.025409640965712247
vxo,combined,cotton_a_indx,lead,5,0.022297757753071815
vxo,combined,cotton_a_indx,lead,6,0.042630079802829304
vxo,combined,cotton_a_indx,lead,7,0.041770058699948355
vxo,combined,cotton_a_indx,lead,8,0.0436522493926413
vxo,combined,cotton_a_indx,lead,9,0.054028561584973454
vxo,combined,cotton_a_indx,lead,10,0.0605657556076777
vxo,combined,cotton_a_indx,lead,11,0.06202155781636888
vxo,combined,cotton_a_indx,lead,12,0.06279934215095151
vxo,combined,cotton_a_indx,lead,13,0.06279934215095151
vxo,combined,cotton_a_indx,lead,14,0.06279934215095151
vxo,combined,cotton_a_indx,lead,15,0.06279934215095151
vxo,combined,cotton_a_indx,lead,16,0.06279934215095151
vxo,combined,cotton_a_indx,lead,17,0.06279934215095151
vxo,combined,cotton_a_indx,lead,18,0.06279934215095151
vxo,combined,cotton_a_indx,lead,19,0.06279934215095151
vxo,combined,cotton_a_indx,lead,20,0.06279934215095151
vxo,combined,cotton_a_indx,lead,21,0.06279934215095151
vxo,combined,cotton_a_indx,lead,22,0.06279934215095151
vxo,combined,cotton_a_indx,lead,23,0.06279934215095151
vxo,combined,cotton_a_indx,lead,24,0.06279934215095151
vxo,combined,cotton_a_indx,maize,1,0
vxo,combined,cotton_a_indx,maize,2,0
vxo,combined,cotton_a_indx,maize,3,0.0027600037391207295
vxo,combined,cotton_a_indx,maize,4,0.01018928898335801
vxo,combined,cotton_a_indx,maize,5,0.03155803995932387
vxo,combined,cotton_a_indx,maize,6,0.029267342021047582
vxo,combined,cotton_a_indx,maize,7,0.0461804259927094
vxo,combined,cotton_a_indx,maize,8,0.04550798388787371
vxo,combined,cotton_a_indx,maize,9,0.04758965416569554
vxo,combined,cotton_a_indx,maize,10,0.04622381427992318
vxo,combined,cotton_a_indx,maize,11,0.04574838550169752
vxo,combined,cotton_a_indx,maize,12,0.04533029022530869
vxo,combined,cotton_a_indx,maize,13,0.04533029022530869
vxo,combined,cotton_a_indx,maize,14,0.04533029022530869
vxo,combined,cotton_a_indx,maize,15,0.04533029022530869
vxo,combined,cotton_a_indx,maize,16,0.04533029022530869
vxo,combined,cotton_a_indx,maize,17,0.04533029022530869
vxo,combined,cotton_a_indx,maize,18,0.04533029022530869
vxo,combined,cotton_a_indx,maize,19,0.04533029022530869
vxo,combined,cotton_a_indx,maize,20,0.04533029022530869
vxo,combined,cotton_a_indx,maize,21,0.04533029022530869
vxo,combined,cotton_a_indx,maize,22,0.04533029022530869
vxo,combined,cotton_a_indx,maize,23,0.04533029022530869
vxo,combined,cotton_a_indx,maize,24,0.04533029022530869
vxo,combined,cotton_a_indx,ngas_us,1,0
vxo,combined,cotton_a_indx,ngas_us,2,0
vxo,combined,cotton_a_indx,ngas_us,3,0.06783353554257485
vxo,combined,cotton_a_indx,ngas_us,4,0.08940824560026144
vxo,combined,cotton_a_indx,ngas_us,5,0.08153623291269392
vxo,combined,cotton_a_indx,ngas_us,6,0.08144740833825756
vxo,combined,cotton_a_indx,ngas_us,7,0.0799373217388385
vxo,combined,cotton_a_indx,ngas_us,8,0.07763304811419579
vxo,combined,cotton_a_indx,ngas_us,9,0.0788624182946616
vxo,combined,cotton_a_indx,ngas_us,10,0.07669157248639896
vxo,combined,cotton_a_indx,ngas_us,11,0.07668331091903738
vxo,combined,cotton_a_indx,ngas_us,12,0.07578317897921588
vxo,combined,cotton_a_indx,ngas_us,13,0.07578317897921588
vxo,combined,cotton_a_indx,ngas_us,14,0.07578317897921588
vxo,combined,cotton_a_indx,ngas_us,15,0.07578317897921588
vxo,combined,cotton_a_indx,ngas_us,16,0.07578317897921588
vxo,combined,cotton_a_indx,ngas_us,17,0.07578317897921588
vxo,combined,cotton_a_indx,ngas_us,18,0.07578317897921588
vxo,combined,cotton_a_indx,ngas_us,19,0.07578317897921588
vxo,combined,cotton_a_indx,ngas_us,20,0.07578317897921588
vxo,combined,cotton_a_indx,ngas_us,21,0.07578317897921588
vxo,combined,cotton_a_indx,ngas_us,22,0.07578317897921588
vxo,combined,cotton_a_indx,ngas_us,23,0.07578317897921588
vxo,combined,cotton_a_indx,ngas_us,24,0.07578317897921588
vxo,combined,cotton_a_indx,nickel,1,0
vxo,combined,cotton_a_indx,nickel,2,0
vxo,combined,cotton_a_indx,nickel,3,1.2811255402429836e-5
vxo,combined,cotton_a_indx,nickel,4,0.014665032142055608
vxo,combined,cotton_a_indx,nickel,5,0.02963023989722493
vxo,combined,cotton_a_indx,nickel,6,0.02628663079229769
vxo,combined,cotton_a_indx,nickel,7,0.025703880420419097
vxo,combined,cotton_a_indx,nickel,8,0.025705711781339187
vxo,combined,cotton_a_indx,nickel,9,0.029489455675540534
vxo,combined,cotton_a_indx,nickel,10,0.030923935082960534
vxo,combined,cotton_a_indx,nickel,11,0.031057417167517386
vxo,combined,cotton_a_indx,nickel,12,0.03205070996378214
vxo,combined,cotton_a_indx,nickel,13,0.03205070996378214
vxo,combined,cotton_a_indx,nickel,14,0.03205070996378214
vxo,combined,cotton_a_indx,nickel,15,0.03205070996378214
vxo,combined,cotton_a_indx,nickel,16,0.03205070996378214
vxo,combined,cotton_a_indx,nickel,17,0.03205070996378214
vxo,combined,cotton_a_indx,nickel,18,0.03205070996378214
vxo,combined,cotton_a_indx,nickel,19,0.03205070996378214
vxo,combined,cotton_a_indx,nickel,20,0.03205070996378214
vxo,combined,cotton_a_indx,nickel,21,0.03205070996378214
vxo,combined,cotton_a_indx,nickel,22,0.03205070996378214
vxo,combined,cotton_a_indx,nickel,23,0.03205070996378214
vxo,combined,cotton_a_indx,nickel,24,0.03205070996378214
vxo,combined,cotton_a_indx,platinum,1,0
vxo,combined,cotton_a_indx,platinum,2,0
vxo,combined,cotton_a_indx,platinum,3,0.021792599541843424
vxo,combined,cotton_a_indx,platinum,4,0.021236920127721597
vxo,combined,cotton_a_indx,platinum,5,0.01949208900018937
vxo,combined,cotton_a_indx,platinum,6,0.016375108932493554
vxo,combined,cotton_a_indx,platinum,7,0.015830647204270805
vxo,combined,cotton_a_indx,platinum,8,0.015429312570751313
vxo,combined,cotton_a_indx,platinum,9,0.017390444339016122
vxo,combined,cotton_a_indx,platinum,10,0.016885817200188998
vxo,combined,cotton_a_indx,platinum,11,0.01725955063824279
vxo,combined,cotton_a_indx,platinum,12,0.017052803193696276
vxo,combined,cotton_a_indx,platinum,13,0.017052803193696276
vxo,combined,cotton_a_indx,platinum,14,0.017052803193696276
vxo,combined,cotton_a_indx,platinum,15,0.017052803193696276
vxo,combined,cotton_a_indx,platinum,16,0.017052803193696276
vxo,combined,cotton_a_indx,platinum,17,0.017052803193696276
vxo,combined,cotton_a_indx,platinum,18,0.017052803193696276
vxo,combined,cotton_a_indx,platinum,19,0.017052803193696276
vxo,combined,cotton_a_indx,platinum,20,0.017052803193696276
vxo,combined,cotton_a_indx,platinum,21,0.017052803193696276
vxo,combined,cotton_a_indx,platinum,22,0.017052803193696276
vxo,combined,cotton_a_indx,platinum,23,0.017052803193696276
vxo,combined,cotton_a_indx,platinum,24,0.017052803193696276
vxo,combined,cotton_a_indx,silver,1,0
vxo,combined,cotton_a_indx,silver,2,0
vxo,combined,cotton_a_indx,silver,3,0.006638545127481325
vxo,combined,cotton_a_indx,silver,4,0.008563625563668274
vxo,combined,cotton_a_indx,silver,5,0.012222794588241225
vxo,combined,cotton_a_indx,silver,6,0.01102331863641356
vxo,combined,cotton_a_indx,silver,7,0.011936988152171073
vxo,combined,cotton_a_indx,silver,8,0.012151390910813924
vxo,combined,cotton_a_indx,silver,9,0.011445834684747684
vxo,combined,cotton_a_indx,silver,10,0.011107066311751061
vxo,combined,cotton_a_indx,silver,11,0.012579315315553972
vxo,combined,cotton_a_indx,silver,12,0.013262937320654158
vxo,combined,cotton_a_indx,silver,13,0.013262937320654158
vxo,combined,cotton_a_indx,silver,14,0.013262937320654158
vxo,combined,cotton_a_indx,silver,15,0.013262937320654158
vxo,combined,cotton_a_indx,silver,16,0.013262937320654158
vxo,combined,cotton_a_indx,silver,17,0.013262937320654158
vxo,combined,cotton_a_indx,silver,18,0.013262937320654158
vxo,combined,cotton_a_indx,silver,19,0.013262937320654158
vxo,combined,cotton_a_indx,silver,20,0.013262937320654158
vxo,combined,cotton_a_indx,silver,21,0.013262937320654158
vxo,combined,cotton_a_indx,silver,22,0.013262937320654158
vxo,combined,cotton_a_indx,silver,23,0.013262937320654158
vxo,combined,cotton_a_indx,silver,24,0.013262937320654158
vxo,combined,cotton_a_indx,soybeans,1,0
vxo,combined,cotton_a_indx,soybeans,2,0
vxo,combined,cotton_a_indx,soybeans,3,0.011438670753621266
vxo,combined,cotton_a_indx,soybeans,4,0.025147574444457088
vxo,combined,cotton_a_indx,soybeans,5,0.028251944307298674
vxo,combined,cotton_a_indx,soybeans,6,0.024345319982242174
vxo,combined,cotton_a_indx,soybeans,7,0.025613802164571542
vxo,combined,cotton_a_indx,soybeans,8,0.02497390279036475
vxo,combined,cotton_a_indx,soybeans,9,0.028656180430772334
vxo,combined,cotton_a_indx,soybeans,10,0.028774406335294763
vxo,combined,cotton_a_indx,soybeans,11,0.028263593561330593
vxo,combined,cotton_a_indx,soybeans,12,0.03015867437222579
vxo,combined,cotton_a_indx,soybeans,13,0.03015867437222579
vxo,combined,cotton_a_indx,soybeans,14,0.03015867437222579
vxo,combined,cotton_a_indx,soybeans,15,0.03015867437222579
vxo,combined,cotton_a_indx,soybeans,16,0.03015867437222579
vxo,combined,cotton_a_indx,soybeans,17,0.03015867437222579
vxo,combined,cotton_a_indx,soybeans,18,0.03015867437222579
vxo,combined,cotton_a_indx,soybeans,19,0.03015867437222579
vxo,combined,cotton_a_indx,soybeans,20,0.03015867437222579
vxo,combined,cotton_a_indx,soybeans,21,0.03015867437222579
vxo,combined,cotton_a_indx,soybeans,22,0.03015867437222579
vxo,combined,cotton_a_indx,soybeans,23,0.03015867437222579
vxo,combined,cotton_a_indx,soybeans,24,0.03015867437222579
vxo,combined,cotton_a_indx,sugar_wld,1,0
vxo,combined,cotton_a_indx,sugar_wld,2,0
vxo,combined,cotton_a_indx,sugar_wld,3,0.0013994309060126966
vxo,combined,cotton_a_indx,sugar_wld,4,0.002678997812586456
vxo,combined,cotton_a_indx,sugar_wld,5,0.004084238653362401
vxo,combined,cotton_a_indx,sugar_wld,6,0.012434364404209901
vxo,combined,cotton_a_indx,sugar_wld,7,0.011873814413170888
vxo,combined,cotton_a_indx,sugar_wld,8,0.012446953620705133
vxo,combined,cotton_a_indx,sugar_wld,9,0.013675004763651891
vxo,combined,cotton_a_indx,sugar_wld,10,0.01334026128094727
vxo,combined,cotton_a_indx,sugar_wld,11,0.013229618029469164
vxo,combined,cotton_a_indx,sugar_wld,12,0.013059090222698525
vxo,combined,cotton_a_indx,sugar_wld,13,0.013059090222698525
vxo,combined,cotton_a_indx,sugar_wld,14,0.013059090222698525
vxo,combined,cotton_a_indx,sugar_wld,15,0.013059090222698525
vxo,combined,cotton_a_indx,sugar_wld,16,0.013059090222698525
vxo,combined,cotton_a_indx,sugar_wld,17,0.013059090222698525
vxo,combined,cotton_a_indx,sugar_wld,18,0.013059090222698525
vxo,combined,cotton_a_indx,sugar_wld,19,0.013059090222698525
vxo,combined,cotton_a_indx,sugar_wld,20,0.013059090222698525
vxo,combined,cotton_a_indx,sugar_wld,21,0.013059090222698525
vxo,combined,cotton_a_indx,sugar_wld,22,0.013059090222698525
vxo,combined,cotton_a_indx,sugar_wld,23,0.013059090222698525
vxo,combined,cotton_a_indx,sugar_wld,24,0.013059090222698525
vxo,combined,cotton_a_indx,tin,1,0
vxo,combined,cotton_a_indx,tin,2,0
vxo,combined,cotton_a_indx,tin,3,0.006321078595865187
vxo,combined,cotton_a_indx,tin,4,0.006236206865557848
vxo,combined,cotton_a_indx,tin,5,0.006005147980573941
vxo,combined,cotton_a_indx,tin,6,0.005825996758952387
vxo,combined,cotton_a_indx,tin,7,0.013501018920668408
vxo,combined,cotton_a_indx,tin,8,0.015171458834289466
vxo,combined,cotton_a_indx,tin,9,0.014251387867626628
vxo,combined,cotton_a_indx,tin,10,0.014881155115636204
vxo,combined,cotton_a_indx,tin,11,0.014809047388895621
vxo,combined,cotton_a_indx,tin,12,0.015016848126433816
vxo,combined,cotton_a_indx,tin,13,0.015016848126433816
vxo,combined,cotton_a_indx,tin,14,0.015016848126433816
vxo,combined,cotton_a_indx,tin,15,0.015016848126433816
vxo,combined,cotton_a_indx,tin,16,0.015016848126433816
vxo,combined,cotton_a_indx,tin,17,0.015016848126433816
vxo,combined,cotton_a_indx,tin,18,0.015016848126433816
vxo,combined,cotton_a_indx,tin,19,0.015016848126433816
vxo,combined,cotton_a_indx,tin,20,0.015016848126433816
vxo,combined,cotton_a_indx,tin,21,0.015016848126433816
vxo,combined,cotton_a_indx,tin,22,0.015016848126433816
vxo,combined,cotton_a_indx,tin,23,0.015016848126433816
vxo,combined,cotton_a_indx,tin,24,0.015016848126433816
vxo,combined,cotton_a_indx,wheat_us_hrw,1,0
vxo,combined,cotton_a_indx,wheat_us_hrw,2,0
vxo,combined,cotton_a_indx,wheat_us_hrw,3,0.01753707728280229
vxo,combined,cotton_a_indx,wheat_us_hrw,4,0.015371560404483495
vxo,combined,cotton_a_indx,wheat_us_hrw,5,0.02429855110423518
vxo,combined,cotton_a_indx,wheat_us_hrw,6,0.028216397024638084
vxo,combined,cotton_a_indx,wheat_us_hrw,7,0.03403298420372099
vxo,combined,cotton_a_indx,wheat_us_hrw,8,0.036752437664429684
vxo,combined,cotton_a_indx,wheat_us_hrw,9,0.034633046971984424
vxo,combined,cotton_a_indx,wheat_us_hrw,10,0.034194384624317925
vxo,combined,cotton_a_indx,wheat_us_hrw,11,0.03409496800709403
vxo,combined,cotton_a_indx,wheat_us_hrw,12,0.03481616921087526
vxo,combined,cotton_a_indx,wheat_us_hrw,13,0.03481616921087526
vxo,combined,cotton_a_indx,wheat_us_hrw,14,0.03481616921087526
vxo,combined,cotton_a_indx,wheat_us_hrw,15,0.03481616921087526
vxo,combined,cotton_a_indx,wheat_us_hrw,16,0.03481616921087526
vxo,combined,cotton_a_indx,wheat_us_hrw,17,0.03481616921087526
vxo,combined,cotton_a_indx,wheat_us_hrw,18,0.03481616921087526
vxo,combined,cotton_a_indx,wheat_us_hrw,19,0.03481616921087526
vxo,combined,cotton_a_indx,wheat_us_hrw,20,0.03481616921087526
vxo,combined,cotton_a_indx,wheat_us_hrw,21,0.03481616921087526
vxo,combined,cotton_a_indx,wheat_us_hrw,22,0.03481616921087526
vxo,combined,cotton_a_indx,wheat_us_hrw,23,0.03481616921087526
vxo,combined,cotton_a_indx,wheat_us_hrw,24,0.03481616921087526
vxo,combined,cotton_a_indx,zinc,1,0
vxo,combined,cotton_a_indx,zinc,2,0
vxo,combined,cotton_a_indx,zinc,3,5.254876910240644e-4
vxo,combined,cotton_a_indx,zinc,4,0.00962544483160464
vxo,combined,cotton_a_indx,zinc,5,0.020826551375609754
vxo,combined,cotton_a_indx,zinc,6,0.025368273472932527
vxo,combined,cotton_a_indx,zinc,7,0.02424257092681163
vxo,combined,cotton_a_indx,zinc,8,0.024591287810186012
vxo,combined,cotton_a_indx,zinc,9,0.04628706804711483
vxo,combined,cotton_a_indx,zinc,10,0.04601271179160206
vxo,combined,cotton_a_indx,zinc,11,0.04612165602112754
vxo,combined,cotton_a_indx,zinc,12,0.046118723607521735
vxo,combined,cotton_a_indx,zinc,13,0.046118723607521735
vxo,combined,cotton_a_indx,zinc,14,0.046118723607521735
vxo,combined,cotton_a_indx,zinc,15,0.046118723607521735
vxo,combined,cotton_a_indx,zinc,16,0.046118723607521735
vxo,combined,cotton_a_indx,zinc,17,0.046118723607521735
vxo,combined,cotton_a_indx,zinc,18,0.046118723607521735
vxo,combined,cotton_a_indx,zinc,19,0.046118723607521735
vxo,combined,cotton_a_indx,zinc,20,0.046118723607521735
vxo,combined,cotton_a_indx,zinc,21,0.046118723607521735
vxo,combined,cotton_a_indx,zinc,22,0.046118723607521735
vxo,combined,cotton_a_indx,zinc,23,0.046118723607521735
vxo,combined,cotton_a_indx,zinc,24,0.046118723607521735
vxo,combined,crude_wti,aluminium,1,0
vxo,combined,crude_wti,aluminium,2,0
vxo,combined,crude_wti,aluminium,3,0.0026429255895332572
vxo,combined,crude_wti,aluminium,4,0.007714154943606144
vxo,combined,crude_wti,aluminium,5,0.03248573195804355
vxo,combined,crude_wti,aluminium,6,0.036275422651721345
vxo,combined,crude_wti,aluminium,7,0.029275608989484548
vxo,combined,crude_wti,aluminium,8,0.028300186272575592
vxo,combined,crude_wti,aluminium,9,0.027321813245957983
vxo,combined,crude_wti,aluminium,10,0.059339520271286826
vxo,combined,crude_wti,aluminium,11,0.05686733833415035
vxo,combined,crude_wti,aluminium,12,0.07279665157877824
vxo,combined,crude_wti,aluminium,13,0.07279665157877824
vxo,combined,crude_wti,aluminium,14,0.07279665157877824
vxo,combined,crude_wti,aluminium,15,0.07279665157877824
vxo,combined,crude_wti,aluminium,16,0.07279665157877824
vxo,combined,crude_wti,aluminium,17,0.07279665157877824
vxo,combined,crude_wti,aluminium,18,0.07279665157877824
vxo,combined,crude_wti,aluminium,19,0.07279665157877824
vxo,combined,crude_wti,aluminium,20,0.07279665157877824
vxo,combined,crude_wti,aluminium,21,0.07279665157877824
vxo,combined,crude_wti,aluminium,22,0.07279665157877824
vxo,combined,crude_wti,aluminium,23,0.07279665157877824
vxo,combined,crude_wti,aluminium,24,0.07279665157877824
vxo,combined,crude_wti,cocoa,1,0
vxo,combined,crude_wti,cocoa,2,0
vxo,combined,crude_wti,cocoa,3,0.004001221678543929
vxo,combined,crude_wti,cocoa,4,0.0028546521453762545
vxo,combined,crude_wti,cocoa,5,0.002489023743713605
vxo,combined,crude_wti,cocoa,6,0.0028622124303250883
vxo,combined,crude_wti,cocoa,7,0.0027329616327319744
vxo,combined,crude_wti,cocoa,8,0.002613091369606207
vxo,combined,crude_wti,cocoa,9,0.004253505274509622
vxo,combined,crude_wti,cocoa,10,0.004373086497475365
vxo,combined,crude_wti,cocoa,11,0.004339160528925759
vxo,combined,crude_wti,cocoa,12,0.003962472385778442
vxo,combined,crude_wti,cocoa,13,0.003962472385778442
vxo,combined,crude_wti,cocoa,14,0.003962472385778442
vxo,combined,crude_wti,cocoa,15,0.003962472385778442
vxo,combined,crude_wti,cocoa,16,0.003962472385778442
vxo,combined,crude_wti,cocoa,17,0.003962472385778442
vxo,combined,crude_wti,cocoa,18,0.003962472385778442
vxo,combined,crude_wti,cocoa,19,0.003962472385778442
vxo,combined,crude_wti,cocoa,20,0.003962472385778442
vxo,combined,crude_wti,cocoa,21,0.003962472385778442
vxo,combined,crude_wti,cocoa,22,0.003962472385778442
vxo,combined,crude_wti,cocoa,23,0.003962472385778442
vxo,combined,crude_wti,cocoa,24,0.003962472385778442
vxo,combined,crude_wti,coffee_arabic,1,0
vxo,combined,crude_wti,coffee_arabic,2,0
vxo,combined,crude_wti,coffee_arabic,3,0.008299975411267008
vxo,combined,crude_wti,coffee_arabic,4,0.007821446688525791
vxo,combined,crude_wti,coffee_arabic,5,0.0077112487498308966
vxo,combined,crude_wti,coffee_arabic,6,0.01387683404927004
vxo,combined,crude_wti,coffee_arabic,7,0.014275037164391706
vxo,combined,crude_wti,coffee_arabic,8,0.015551008864047247
vxo,combined,crude_wti,coffee_arabic,9,0.0350957585795256
vxo,combined,crude_wti,coffee_arabic,10,0.04839200166981205
vxo,combined,crude_wti,coffee_arabic,11,0.04528436239843616
vxo,combined,crude_wti,coffee_arabic,12,0.04597118838180786
vxo,combined,crude_wti,coffee_arabic,13,0.04597118838180786
vxo,combined,crude_wti,coffee_arabic,14,0.04597118838180786
vxo,combined,crude_wti,coffee_arabic,15,0.04597118838180786
vxo,combined,crude_wti,coffee_arabic,16,0.04597118838180786
vxo,combined,crude_wti,coffee_arabic,17,0.04597118838180786
vxo,combined,crude_wti,coffee_arabic,18,0.04597118838180786
vxo,combined,crude_wti,coffee_arabic,19,0.04597118838180786
vxo,combined,crude_wti,coffee_arabic,20,0.04597118838180786
vxo,combined,crude_wti,coffee_arabic,21,0.04597118838180786
vxo,combined,crude_wti,coffee_arabic,22,0.04597118838180786
vxo,combined,crude_wti,coffee_arabic,23,0.04597118838180786
vxo,combined,crude_wti,coffee_arabic,24,0.04597118838180786
vxo,combined,crude_wti,copper,1,0
vxo,combined,crude_wti,copper,2,0
vxo,combined,crude_wti,copper,3,0.04626679900384931
vxo,combined,crude_wti,copper,4,0.03344323137253825
vxo,combined,crude_wti,copper,5,0.05153693527116018
vxo,combined,crude_wti,copper,6,0.0494332118882684
vxo,combined,crude_wti,copper,7,0.08098449062218269
vxo,combined,crude_wti,copper,8,0.07254796430805024
vxo,combined,crude_wti,copper,9,0.07896622987790247
vxo,combined,crude_wti,copper,10,0.10259025772629707
vxo,combined,crude_wti,copper,11,0.10242495796565616
vxo,combined,crude_wti,copper,12,0.11755139619227757
vxo,combined,crude_wti,copper,13,0.11755139619227757
vxo,combined,crude_wti,copper,14,0.11755139619227757
vxo,combined,crude_wti,copper,15,0.11755139619227757
vxo,combined,crude_wti,copper,16,0.11755139619227757
vxo,combined,crude_wti,copper,17,0.11755139619227757
vxo,combined,crude_wti,copper,18,0.11755139619227757
vxo,combined,crude_wti,copper,19,0.11755139619227757
vxo,combined,crude_wti,copper,20,0.11755139619227757
vxo,combined,crude_wti,copper,21,0.11755139619227757
vxo,combined,crude_wti,copper,22,0.11755139619227757
vxo,combined,crude_wti,copper,23,0.11755139619227757
vxo,combined,crude_wti,copper,24,0.11755139619227757
vxo,combined,crude_wti,cotton_a_indx,1,0
vxo,combined,crude_wti,cotton_a_indx,2,0
vxo,combined,crude_wti,cotton_a_indx,3,0.03330531067151945
vxo,combined,crude_wti,cotton_a_indx,4,0.028948997921716103
vxo,combined,crude_wti,cotton_a_indx,5,0.025515824575942966
vxo,combined,crude_wti,cotton_a_indx,6,0.022123535822996622
vxo,combined,crude_wti,cotton_a_indx,7,0.017841596721083715
vxo,combined,crude_wti,cotton_a_indx,8,0.016899814815740544
vxo,combined,crude_wti,cotton_a_indx,9,0.023444004693904168
vxo,combined,crude_wti,cotton_a_indx,10,0.020870007707517794
vxo,combined,crude_wti,cotton_a_indx,11,0.019740498074629083
vxo,combined,crude_wti,cotton_a_indx,12,0.027915352688373186
vxo,combined,crude_wti,cotton_a_indx,13,0.027915352688373186
vxo,combined,crude_wti,cotton_a_indx,14,0.027915352688373186
vxo,combined,crude_wti,cotton_a_indx,15,0.027915352688373186
vxo,combined,crude_wti,cotton_a_indx,16,0.027915352688373186
vxo,combined,crude_wti,cotton_a_indx,17,0.027915352688373186
vxo,combined,crude_wti,cotton_a_indx,18,0.027915352688373186
vxo,combined,crude_wti,cotton_a_indx,19,0.027915352688373186
vxo,combined,crude_wti,cotton_a_indx,20,0.027915352688373186
vxo,combined,crude_wti,cotton_a_indx,21,0.027915352688373186
vxo,combined,crude_wti,cotton_a_indx,22,0.027915352688373186
vxo,combined,crude_wti,cotton_a_indx,23,0.027915352688373186
vxo,combined,crude_wti,cotton_a_indx,24,0.027915352688373186
vxo,combined,crude_wti,crude_wti,1,0
vxo,combined,crude_wti,crude_wti,2,1
vxo,combined,crude_wti,crude_wti,3,0.6716901504794718
vxo,combined,crude_wti,crude_wti,4,0.4839068055982974
vxo,combined,crude_wti,crude_wti,5,0.41324473331110123
vxo,combined,crude_wti,crude_wti,6,0.3334178948362146
vxo,combined,crude_wti,crude_wti,7,0.2718107621888959
vxo,combined,crude_wti,crude_wti,8,0.24498088779375998
vxo,combined,crude_wti,crude_wti,9,0.2176190771382912
vxo,combined,crude_wti,crude_wti,10,0.18767528149897056
vxo,combined,crude_wti,crude_wti,11,0.17451919321353596
vxo,combined,crude_wti,crude_wti,12,0.15882778100882222
vxo,combined,crude_wti,crude_wti,13,0.15882778100882222
vxo,combined,crude_wti,crude_wti,14,0.15882778100882222
vxo,combined,crude_wti,crude_wti,15,0.15882778100882222
vxo,combined,crude_wti,crude_wti,16,0.15882778100882222
vxo,combined,crude_wti,crude_wti,17,0.15882778100882222
vxo,combined,crude_wti,crude_wti,18,0.15882778100882222
vxo,combined,crude_wti,crude_wti,19,0.15882778100882222
vxo,combined,crude_wti,crude_wti,20,0.15882778100882222
vxo,combined,crude_wti,crude_wti,21,0.15882778100882222
vxo,combined,crude_wti,crude_wti,22,0.15882778100882222
vxo,combined,crude_wti,crude_wti,23,0.15882778100882222
vxo,combined,crude_wti,crude_wti,24,0.15882778100882222
vxo,combined,crude_wti,gold,1,0
vxo,combined,crude_wti,gold,2,0
vxo,combined,crude_wti,gold,3,0.014696586395797769
vxo,combined,crude_wti,gold,4,0.011446278337443298
vxo,combined,crude_wti,gold,5,0.02573199528342902
vxo,combined,crude_wti,gold,6,0.0305926678948229
vxo,combined,crude_wti,gold,7,0.04001196656319713
vxo,combined,crude_wti,gold,8,0.03756237353897597
vxo,combined,crude_wti,gold,9,0.03931402550902113
vxo,combined,crude_wti,gold,10,0.043726568219599055
vxo,combined,crude_wti,gold,11,0.04307868662593512
vxo,combined,crude_wti,gold,12,0.03991322929265846
vxo,combined,crude_wti,gold,13,0.03991322929265846
vxo,combined,crude_wti,gold,14,0.03991322929265846
vxo,combined,crude_wti,gold,15,0.03991322929265846
vxo,combined,crude_wti,gold,16,0.03991322929265846
vxo,combined,crude_wti,gold,17,0.03991322929265846
vxo,combined,crude_wti,gold,18,0.03991322929265846
vxo,combined,crude_wti,gold,19,0.03991322929265846
vxo,combined,crude_wti,gold,20,0.03991322929265846
vxo,combined,crude_wti,gold,21,0.03991322929265846
vxo,combined,crude_wti,gold,22,0.03991322929265846
vxo,combined,crude_wti,gold,23,0.03991322929265846
vxo,combined,crude_wti,gold,24,0.03991322929265846
vxo,combined,crude_wti,lead,1,0
vxo,combined,crude_wti,lead,2,0
vxo,combined,crude_wti,lead,3,0.04568984870343269
vxo,combined,crude_wti,lead,4,0.03841797600570575
vxo,combined,crude_wti,lead,5,0.035594084440828996
vxo,combined,crude_wti,lead,6,0.03210272293513618
vxo,combined,crude_wti,lead,7,0.032918662910874426
vxo,combined,crude_wti,lead,8,0.03047401967063342
vxo,combined,crude_wti,lead,9,0.03330936347644065
vxo,combined,crude_wti,lead,10,0.03004822988639746
vxo,combined,crude_wti,lead,11,0.04415763670976867
vxo,combined,crude_wti,lead,12,0.050722236770752785
vxo,combined,crude_wti,lead,13,0.050722236770752785
vxo,combined,crude_wti,lead,14,0.050722236770752785
vxo,combined,crude_wti,lead,15,0.050722236770752785
vxo,combined,crude_wti,lead,16,0.050722236770752785
vxo,combined,crude_wti,lead,17,0.050722236770752785
vxo,combined,crude_wti,lead,18,0.050722236770752785
vxo,combined,crude_wti,lead,19,0.050722236770752785
vxo,combined,crude_wti,lead,20,0.050722236770752785
vxo,combined,crude_wti,lead,21,0.050722236770752785
vxo,combined,crude_wti,lead,22,0.050722236770752785
vxo,combined,crude_wti,lead,23,0.050722236770752785
vxo,combined,crude_wti,lead,24,0.050722236770752785
vxo,combined,crude_wti,maize,1,0
vxo,combined,crude_wti,maize,2,0
vxo,combined,crude_wti,maize,3,0.032323000265034575
vxo,combined,crude_wti,maize,4,0.07268364211710172
vxo,combined,crude_wti,maize,5,0.06598550892631361
vxo,combined,crude_wti,maize,6,0.1299905466335471
vxo,combined,crude_wti,maize,7,0.11225605223418408
vxo,combined,crude_wti,maize,8,0.11141276571514058
vxo,combined,crude_wti,maize,9,0.12915434177152474
vxo,combined,crude_wti,maize,10,0.11455130010515212
vxo,combined,crude_wti,maize,11,0.10811730558386652
vxo,combined,crude_wti,maize,12,0.09837614253980012
vxo,combined,crude_wti,maize,13,0.09837614253980012
vxo,combined,crude_wti,maize,14,0.09837614253980012
vxo,combined,crude_wti,maize,15,0.09837614253980012
vxo,combined,crude_wti,maize,16,0.09837614253980012
vxo,combined,crude_wti,maize,17,0.09837614253980012
vxo,combined,crude_wti,maize,18,0.09837614253980012
vxo,combined,crude_wti,maize,19,0.09837614253980012
vxo,combined,crude_wti,maize,20,0.09837614253980012
vxo,combined,crude_wti,maize,21,0.09837614253980012
vxo,combined,crude_wti,maize,22,0.09837614253980012
vxo,combined,crude_wti,maize,23,0.09837614253980012
vxo,combined,crude_wti,maize,24,0.09837614253980012
vxo,combined,crude_wti,ngas_us,1,0
vxo,combined,crude_wti,ngas_us,2,0
vxo,combined,crude_wti,ngas_us,3,0.026937827493901365
vxo,combined,crude_wti,ngas_us,4,0.03518555129524411
vxo,combined,crude_wti,ngas_us,5,0.03530227870117193
vxo,combined,crude_wti,ngas_us,6,0.0384062675633463
vxo,combined,crude_wti,ngas_us,7,0.06194336398456998
vxo,combined,crude_wti,ngas_us,8,0.060323299475010125
vxo,combined,crude_wti,ngas_us,9,0.05805525601276678
vxo,combined,crude_wti,ngas_us,10,0.0655444190127838
vxo,combined,crude_wti,ngas_us,11,0.06458917271524098
vxo,combined,crude_wti,ngas_us,12,0.0587171234783037
vxo,combined,crude_wti,ngas_us,13,0.0587171234783037
vxo,combined,crude_wti,ngas_us,14,0.0587171234783037
vxo,combined,crude_wti,ngas_us,15,0.0587171234783037
vxo,combined,crude_wti,ngas_us,16,0.0587171234783037
vxo,combined,crude_wti,ngas_us,17,0.0587171234783037
vxo,combined,crude_wti,ngas_us,18,0.0587171234783037
vxo,combined,crude_wti,ngas_us,19,0.0587171234783037
vxo,combined,crude_wti,ngas_us,20,0.0587171234783037
vxo,combined,crude_wti,ngas_us,21,0.0587171234783037
vxo,combined,crude_wti,ngas_us,22,0.0587171234783037
vxo,combined,crude_wti,ngas_us,23,0.0587171234783037
vxo,combined,crude_wti,ngas_us,24,0.0587171234783037
vxo,combined,crude_wti,nickel,1,0
vxo,combined,crude_wti,nickel,2,0
vxo,combined,crude_wti,nickel,3,0.019775954138024705
vxo,combined,crude_wti,nickel,4,0.02247965094881115
vxo,combined,crude_wti,nickel,5,0.03744002165311665
vxo,combined,crude_wti,nickel,6,0.03295415403716186
vxo,combined,crude_wti,nickel,7,0.03251179307756613
vxo,combined,crude_wti,nickel,8,0.04177414288066927
vxo,combined,crude_wti,nickel,9,0.03702824729266053
vxo,combined,crude_wti,nickel,10,0.03842362184318296
vxo,combined,crude_wti,nickel,11,0.03572899843024846
vxo,combined,crude_wti,nickel,12,0.032829440391247716
vxo,combined,crude_wti,nickel,13,0.032829440391247716
vxo,combined,crude_wti,nickel,14,0.032829440391247716
vxo,combined,crude_wti,nickel,15,0.032829440391247716
vxo,combined,crude_wti,nickel,16,0.032829440391247716
vxo,combined,crude_wti,nickel,17,0.032829440391247716
vxo,combined,crude_wti,nickel,18,0.032829440391247716
vxo,combined,crude_wti,nickel,19,0.032829440391247716
vxo,combined,crude_wti,nickel,20,0.032829440391247716
vxo,combined,crude_wti,nickel,21,0.032829440391247716
vxo,combined,crude_wti,nickel,22,0.032829440391247716
vxo,combined,crude_wti,nickel,23,0.032829440391247716
vxo,combined,crude_wti,nickel,24,0.032829440391247716
vxo,combined,crude_wti,platinum,1,0
vxo,combined,crude_wti,platinum,2,0
vxo,combined,crude_wti,platinum,3,0.05551937585513001
vxo,combined,crude_wti,platinum,4,0.07004945419593965
vxo,combined,crude_wti,platinum,5,0.060219124398707656
vxo,combined,crude_wti,platinum,6,0.048540988869231444
vxo,combined,crude_wti,platinum,7,0.05811069904680948
vxo,combined,crude_wti,platinum,8,0.05183310397616063
vxo,combined,crude_wti,platinum,9,0.046436269038496784
vxo,combined,crude_wti,platinum,10,0.04011544134885475
vxo,combined,crude_wti,platinum,11,0.03839115490870605
vxo,combined,crude_wti,platinum,12,0.035683487141412146
vxo,combined,crude_wti,platinum,13,0.035683487141412146
vxo,combined,crude_wti,platinum,14,0.035683487141412146
vxo,combined,crude_wti,platinum,15,0.035683487141412146
vxo,combined,crude_wti,platinum,16,0.035683487141412146
vxo,combined,crude_wti,platinum,17,0.035683487141412146
vxo,combined,crude_wti,platinum,18,0.035683487141412146
vxo,combined,crude_wti,platinum,19,0.035683487141412146
vxo,combined,crude_wti,platinum,20,0.035683487141412146
vxo,combined,crude_wti,platinum,21,0.035683487141412146
vxo,combined,crude_wti,platinum,22,0.035683487141412146
vxo,combined,crude_wti,platinum,23,0.035683487141412146
vxo,combined,crude_wti,platinum,24,0.035683487141412146
vxo,combined,crude_wti,silver,1,0
vxo,combined,crude_wti,silver,2,0
vxo,combined,crude_wti,silver,3,0.024301166763515136
vxo,combined,crude_wti,silver,4,0.019986279200497822
vxo,combined,crude_wti,silver,5,0.03185417827065236
vxo,combined,crude_wti,silver,6,0.047500041406953485
vxo,combined,crude_wti,silver,7,0.04428608939028462
vxo,combined,crude_wti,silver,8,0.04378263165340437
vxo,combined,crude_wti,silver,9,0.039185948979924334
vxo,combined,crude_wti,silver,10,0.03427357223388693
vxo,combined,crude_wti,silver,11,0.044105106875094474
vxo,combined,crude_wti,silver,12,0.042961685179243196
vxo,combined,crude_wti,silver,13,0.042961685179243196
vxo,combined,crude_wti,silver,14,0.042961685179243196
vxo,combined,crude_wti,silver,15,0.042961685179243196
vxo,combined,crude_wti,silver,16,0.042961685179243196
vxo,combined,crude_wti,silver,17,0.042961685179243196
vxo,combined,crude_wti,silver,18,0.042961685179243196
vxo,combined,crude_wti,silver,19,0.042961685179243196
vxo,combined,crude_wti,silver,20,0.042961685179243196
vxo,combined,crude_wti,silver,21,0.042961685179243196
vxo,combined,crude_wti,silver,22,0.042961685179243196
vxo,combined,crude_wti,silver,23,0.042961685179243196
vxo,combined,crude_wti,silver,24,0.042961685179243196
vxo,combined,crude_wti,soybeans,1,0
vxo,combined,crude_wti,soybeans,2,0
vxo,combined,crude_wti,soybeans,3,0.012811581930245201
vxo,combined,crude_wti,soybeans,4,0.06475808211760337
vxo,combined,crude_wti,soybeans,5,0.05787713821183031
vxo,combined,crude_wti,soybeans,6,0.08121873291299152
vxo,combined,crude_wti,soybeans,7,0.08162515176048324
vxo,combined,crude_wti,soybeans,8,0.08166898521193092
vxo,combined,crude_wti,soybeans,9,0.07284311985788428
vxo,combined,crude_wti,soybeans,10,0.06272446293091243
vxo,combined,crude_wti,soybeans,11,0.05928017701173545
vxo,combined,crude_wti,soybeans,12,0.05535630861723353
vxo,combined,crude_wti,soybeans,13,0.05535630861723353
vxo,combined,crude_wti,soybeans,14,0.05535630861723353
vxo,combined,crude_wti,soybeans,15,0.05535630861723353
vxo,combined,crude_wti,soybeans,16,0.05535630861723353
vxo,combined,crude_wti,soybeans,17,0.05535630861723353
vxo,combined,crude_wti,soybeans,18,0.05535630861723353
vxo,combined,crude_wti,soybeans,19,0.05535630861723353
vxo,combined,crude_wti,soybeans,20,0.05535630861723353
vxo,combined,crude_wti,soybeans,21,0.05535630861723353
vxo,combined,crude_wti,soybeans,22,0.05535630861723353
vxo,combined,crude_wti,soybeans,23,0.05535630861723353
vxo,combined,crude_wti,soybeans,24,0.05535630861723353
vxo,combined,crude_wti,sugar_wld,1,0
vxo,combined,crude_wti,sugar_wld,2,0
vxo,combined,crude_wti,sugar_wld,3,2.87286679752806e-4
vxo,combined,crude_wti,sugar_wld,4,0.035261673864654036
vxo,combined,crude_wti,sugar_wld,5,0.033830625888675754
vxo,combined,crude_wti,sugar_wld,6,0.027157803129084196
vxo,combined,crude_wti,sugar_wld,7,0.026660527024416285
vxo,combined,crude_wti,sugar_wld,8,0.03358828078690968
vxo,combined,crude_wti,sugar_wld,9,0.03422505214657008
vxo,combined,crude_wti,sugar_wld,10,0.031010311726406625
vxo,combined,crude_wti,sugar_wld,11,0.028935701153917935
vxo,combined,crude_wti,sugar_wld,12,0.027953303286900835
vxo,combined,crude_wti,sugar_wld,13,0.027953303286900835
vxo,combined,crude_wti,sugar_wld,14,0.027953303286900835
vxo,combined,crude_wti,sugar_wld,15,0.027953303286900835
vxo,combined,crude_wti,sugar_wld,16,0.027953303286900835
vxo,combined,crude_wti,sugar_wld,17,0.027953303286900835
vxo,combined,crude_wti,sugar_wld,18,0.027953303286900835
vxo,combined,crude_wti,sugar_wld,19,0.027953303286900835
vxo,combined,crude_wti,sugar_wld,20,0.027953303286900835
vxo,combined,crude_wti,sugar_wld,21,0.027953303286900835
vxo,combined,crude_wti,sugar_wld,22,0.027953303286900835
vxo,combined,crude_wti,sugar_wld,23,0.027953303286900835
vxo,combined,crude_wti,sugar_wld,24,0.027953303286900835
vxo,combined,crude_wti,tin,1,0
vxo,combined,crude_wti,tin,2,0
vxo,combined,crude_wti,tin,3,3.8397340966371193e-4
vxo,combined,crude_wti,tin,4,0.04799198851008051
vxo,combined,crude_wti,tin,5,0.04365389048709542
vxo,combined,crude_wti,tin,6,0.037110970121509615
vxo,combined,crude_wti,tin,7,0.03176379643460837
vxo,combined,crude_wti,tin,8,0.036713710580685135
vxo,combined,crude_wti,tin,9,0.03253768301234471
vxo,combined,crude_wti,tin,10,0.0317797825129841
vxo,combined,crude_wti,tin,11,0.04630477573749685
vxo,combined,crude_wti,tin,12,0.05063452292459779
vxo,combined,crude_wti,tin,13,0.05063452292459779
vxo,combined,crude_wti,tin,14,0.05063452292459779
vxo,combined,crude_wti,tin,15,0.05063452292459779
vxo,combined,crude_wti,tin,16,0.05063452292459779
vxo,combined,crude_wti,tin,17,0.05063452292459779
vxo,combined,crude_wti,tin,18,0.05063452292459779
vxo,combined,crude_wti,tin,19,0.05063452292459779
vxo,combined,crude_wti,tin,20,0.05063452292459779
vxo,combined,crude_wti,tin,21,0.05063452292459779
vxo,combined,crude_wti,tin,22,0.05063452292459779
vxo,combined,crude_wti,tin,23,0.05063452292459779
vxo,combined,crude_wti,tin,24,0.05063452292459779
vxo,combined,crude_wti,wheat_us_hrw,1,0
vxo,combined,crude_wti,wheat_us_hrw,2,0
vxo,combined,crude_wti,wheat_us_hrw,3,6.729730335737604e-4
vxo,combined,crude_wti,wheat_us_hrw,4,0.001346127608919861
vxo,combined,crude_wti,wheat_us_hrw,5,0.005639731214878271
vxo,combined,crude_wti,wheat_us_hrw,6,0.005343376051886756
vxo,combined,crude_wti,wheat_us_hrw,7,0.0051892943132472134
vxo,combined,crude_wti,wheat_us_hrw,8,0.005386971651646493
vxo,combined,crude_wti,wheat_us_hrw,9,0.015703682537067127
vxo,combined,crude_wti,wheat_us_hrw,10,0.019529636661059304
vxo,combined,crude_wti,wheat_us_hrw,11,0.01831558500775625
vxo,combined,crude_wti,wheat_us_hrw,12,0.019770113329451413
vxo,combined,crude_wti,wheat_us_hrw,13,0.019770113329451413
vxo,combined,crude_wti,wheat_us_hrw,14,0.019770113329451413
vxo,combined,crude_wti,wheat_us_hrw,15,0.019770113329451413
vxo,combined,crude_wti,wheat_us_hrw,16,0.019770113329451413
vxo,combined,crude_wti,wheat_us_hrw,17,0.019770113329451413
vxo,combined,crude_wti,wheat_us_hrw,18,0.019770113329451413
vxo,combined,crude_wti,wheat_us_hrw,19,0.019770113329451413
vxo,combined,crude_wti,wheat_us_hrw,20,0.019770113329451413
vxo,combined,crude_wti,wheat_us_hrw,21,0.019770113329451413
vxo,combined,crude_wti,wheat_us_hrw,22,0.019770113329451413
vxo,combined,crude_wti,wheat_us_hrw,23,0.019770113329451413
vxo,combined,crude_wti,wheat_us_hrw,24,0.019770113329451413
vxo,combined,crude_wti,zinc,1,0
vxo,combined,crude_wti,zinc,2,0
vxo,combined,crude_wti,zinc,3,3.9404249774360945e-4
vxo,combined,crude_wti,zinc,4,0.015704007127938634
vxo,combined,crude_wti,zinc,5,0.03388792491350763
vxo,combined,crude_wti,zinc,6,0.031092616765532623
vxo,combined,crude_wti,zinc,7,0.055802145940988486
vxo,combined,crude_wti,zinc,8,0.08458676143505364
vxo,combined,crude_wti,zinc,9,0.0755066215552077
vxo,combined,crude_wti,zinc,10,0.06503249814742082
vxo,combined,crude_wti,zinc,11,0.0658201887248996
vxo,combined,crude_wti,zinc,12,0.06005756481256077
vxo,combined,crude_wti,zinc,13,0.06005756481256077
vxo,combined,crude_wti,zinc,14,0.06005756481256077
vxo,combined,crude_wti,zinc,15,0.06005756481256077
vxo,combined,crude_wti,zinc,16,0.06005756481256077
vxo,combined,crude_wti,zinc,17,0.06005756481256077
vxo,combined,crude_wti,zinc,18,0.06005756481256077
vxo,combined,crude_wti,zinc,19,0.06005756481256077
vxo,combined,crude_wti,zinc,20,0.06005756481256077
vxo,combined,crude_wti,zinc,21,0.06005756481256077
vxo,combined,crude_wti,zinc,22,0.06005756481256077
vxo,combined,crude_wti,zinc,23,0.06005756481256077
vxo,combined,crude_wti,zinc,24,0.06005756481256077
vxo,combined,gold,aluminium,1,0
vxo,combined,gold,aluminium,2,0
vxo,combined,gold,aluminium,3,0.026156886429414966
vxo,combined,gold,aluminium,4,0.03587477469416593
vxo,combined,gold,aluminium,5,0.10076324663726707
vxo,combined,gold,aluminium,6,0.08996674702432837
vxo,combined,gold,aluminium,7,0.12123764543029868
vxo,combined,gold,aluminium,8,0.11737892615538632
vxo,combined,gold,aluminium,9,0.11594912083291589
vxo,combined,gold,aluminium,10,0.11651609290277166
vxo,combined,gold,aluminium,11,0.11136798270729666
vxo,combined,gold,aluminium,12,0.1269692252490748
vxo,combined,gold,aluminium,13,0.1269692252490748
vxo,combined,gold,aluminium,14,0.1269692252490748
vxo,combined,gold,aluminium,15,0.1269692252490748
vxo,combined,gold,aluminium,16,0.1269692252490748
vxo,combined,gold,aluminium,17,0.1269692252490748
vxo,combined,gold,aluminium,18,0.1269692252490748
vxo,combined,gold,aluminium,19,0.1269692252490748
vxo,combined,gold,aluminium,20,0.1269692252490748
vxo,combined,gold,aluminium,21,0.1269692252490748
vxo,combined,gold,aluminium,22,0.1269692252490748
vxo,combined,gold,aluminium,23,0.1269692252490748
vxo,combined,gold,aluminium,24,0.1269692252490748
vxo,combined,gold,cocoa,1,0
vxo,combined,gold,cocoa,2,0
vxo,combined,gold,cocoa,3,2.7176497778861626e-4
vxo,combined,gold,cocoa,4,5.827670211883518e-4
vxo,combined,gold,cocoa,5,0.0029066075965661665
vxo,combined,gold,cocoa,6,0.0032904727913213713
vxo,combined,gold,cocoa,7,0.002870100830262554
vxo,combined,gold,cocoa,8,0.002896613886604894
vxo,combined,gold,cocoa,9,0.003069488915676412
vxo,combined,gold,cocoa,10,0.003033959078923802
vxo,combined,gold,cocoa,11,0.002890018026507989
vxo,combined,gold,cocoa,12,0.0027479301050596094
vxo,combined,gold,cocoa,13,0.0027479301050596094
vxo,combined,gold,cocoa,14,0.0027479301050596094
vxo,combined,gold,cocoa,15,0.0027479301050596094
vxo,combined,gold,cocoa,16,0.0027479301050596094
vxo,combined,gold,cocoa,17,0.0027479301050596094
vxo,combined,gold,cocoa,18,0.0027479301050596094
vxo,combined,gold,cocoa,19,0.0027479301050596094
vxo,combined,gold,cocoa,20,0.0027479301050596094
vxo,combined,gold,cocoa,21,0.0027479301050596094
vxo,combined,gold,cocoa,22,0.0027479301050596094
vxo,combined,gold,cocoa,23,0.0027479301050596094
vxo,combined,gold,cocoa,24,0.0027479301050596094
vxo,combined,gold,coffee_arabic,1,0
vxo,combined,gold,coffee_arabic,2,0
vxo,combined,gold,coffee_arabic,3,0.06710718840350065
vxo,combined,gold,coffee_arabic,4,0.06305954678796895
vxo,combined,gold,coffee_arabic,5,0.04729196763018277
vxo,combined,gold,coffee_arabic,6,0.041510925777425926
vxo,combined,gold,coffee_arabic,7,0.04491108208250449
vxo,combined,gold,coffee_arabic,8,0.04751023469307189
vxo,combined,gold,coffee_arabic,9,0.04596350786517105
vxo,combined,gold,coffee_arabic,10,0.04417295111900604
vxo,combined,gold,coffee_arabic,11,0.04360141247954796
vxo,combined,gold,coffee_arabic,12,0.04139946881590599
vxo,combined,gold,coffee_arabic,13,0.04139946881590599
vxo,combined,gold,coffee_arabic,14,0.04139946881590599
vxo,combined,gold,coffee_arabic,15,0.04139946881590599
vxo,combined,gold,coffee_arabic,16,0.04139946881590599
vxo,combined,gold,coffee_arabic,17,0.04139946881590599
vxo,combined,gold,coffee_arabic,18,0.04139946881590599
vxo,combined,gold,coffee_arabic,19,0.04139946881590599
vxo,combined,gold,coffee_arabic,20,0.04139946881590599
vxo,combined,gold,coffee_arabic,21,0.04139946881590599
vxo,combined,gold,coffee_arabic,22,0.04139946881590599
vxo,combined,gold,coffee_arabic,23,0.04139946881590599
vxo,combined,gold,coffee_arabic,24,0.04139946881590599
vxo,combined,gold,copper,1,0
vxo,combined,gold,copper,2,0
vxo,combined,gold,copper,3,0.02763317190589159
vxo,combined,gold,copper,4,0.03176642679862458
vxo,combined,gold,copper,5,0.07416187875079276
vxo,combined,gold,copper,6,0.06942962567876952
vxo,combined,gold,copper,7,0.07162083613776332
vxo,combined,gold,copper,8,0.06905641566714739
vxo,combined,gold,copper,9,0.06762586773192306
vxo,combined,gold,copper,10,0.06503533143128895
vxo,combined,gold,copper,11,0.06197685657409203
vxo,combined,gold,copper,12,0.07524550567234274
vxo,combined,gold,copper,13,0.07524550567234274
vxo,combined,gold,copper,14,0.07524550567234274
vxo,combined,gold,copper,15,0.07524550567234274
vxo,combined,gold,copper,16,0.07524550567234274
vxo,combined,gold,copper,17,0.07524550567234274
vxo,combined,gold,copper,18,0.07524550567234274
vxo,combined,gold,copper,19,0.07524550567234274
vxo,combined,gold,copper,20,0.07524550567234274
vxo,combined,gold,copper,21,0.07524550567234274
vxo,combined,gold,copper,22,0.07524550567234274
vxo,combined,gold,copper,23,0.07524550567234274
vxo,combined,gold,copper,24,0.07524550567234274
vxo,combined,gold,cotton_a_indx,1,0
vxo,combined,gold,cotton_a_indx,2,0
vxo,combined,gold,cotton_a_indx,3,0.028636221067906885
vxo,combined,gold,cotton_a_indx,4,0.04509308781528366
vxo,combined,gold,cotton_a_indx,5,0.05824578067963055
vxo,combined,gold,cotton_a_indx,6,0.052171086852940626
vxo,combined,gold,cotton_a_indx,7,0.044925958954879844
vxo,combined,gold,cotton_a_indx,8,0.043500021774980836
vxo,combined,gold,cotton_a_indx,9,0.043024447782521735
vxo,combined,gold,cotton_a_indx,10,0.04144167305405893
vxo,combined,gold,cotton_a_indx,11,0.040232208621818324
vxo,combined,gold,cotton_a_indx,12,0.03832425817686042
vxo,combined,gold,cotton_a_indx,13,0.03832425817686042
vxo,combined,gold,cotton_a_indx,14,0.03832425817686042
vxo,combined,gold,cotton_a_indx,15,0.03832425817686042
vxo,combined,gold,cotton_a_indx,16,0.03832425817686042
vxo,combined,gold,cotton_a_indx,17,0.03832425817686042
vxo,combined,gold,cotton_a_indx,18,0.03832425817686042
vxo,combined,gold,cotton_a_indx,19,0.03832425817686042
vxo,combined,gold,cotton_a_indx,20,0.03832425817686042
vxo,combined,gold,cotton_a_indx,21,0.03832425817686042
vxo,combined,gold,cotton_a_indx,22,0.03832425817686042
vxo,combined,gold,cotton_a_indx,23,0.03832425817686042
vxo,combined,gold,cotton_a_indx,24,0.03832425817686042
vxo,combined,gold,crude_wti,1,0
vxo,combined,gold,crude_wti,2,0
vxo,combined,gold,crude_wti,3,0.005315747027337767
vxo,combined,gold,crude_wti,4,0.006417591209475167
vxo,combined,gold,crude_wti,5,0.0057690349435842985
vxo,combined,gold,crude_wti,6,0.006158843799350381
vxo,combined,gold,crude_wti,7,0.007267136709554088
vxo,combined,gold,crude_wti,8,0.006967669157909265
vxo,combined,gold,crude_wti,9,0.007431129847385616
vxo,combined,gold,crude_wti,10,0.007206650663606798
vxo,combined,gold,crude_wti,11,0.007530276555963046
vxo,combined,gold,crude_wti,12,0.007304456783927323
vxo,combined,gold,crude_wti,13,0.007304456783927323
vxo,combined,gold,crude_wti,14,0.007304456783927323
vxo,combined,gold,crude_wti,15,0.007304456783927323
vxo,combined,gold,crude_wti,16,0.007304456783927323
vxo,combined,gold,crude_wti,17,0.007304456783927323
vxo,combined,gold,crude_wti,18,0.007304456783927323
vxo,combined,gold,crude_wti,19,0.007304456783927323
vxo,combined,gold,crude_wti,20,0.007304456783927323
vxo,combined,gold,crude_wti,21,0.007304456783927323
vxo,combined,gold,crude_wti,22,0.007304456783927323
vxo,combined,gold,crude_wti,23,0.007304456783927323
vxo,combined,gold,crude_wti,24,0.007304456783927323
vxo,combined,gold,gold,1,0
vxo,combined,gold,gold,2,1
vxo,combined,gold,gold,3,0.6190827189888515
vxo,combined,gold,gold,4,0.5542354794687472
vxo,combined,gold,gold,5,0.40967227221239966
vxo,combined,gold,gold,6,0.3546770828855355
vxo,combined,gold,gold,7,0.29434563003582115
vxo,combined,gold,gold,8,0.2796200210862757
vxo,combined,gold,gold,9,0.2715419346646681
vxo,combined,gold,gold,10,0.2620930775366074
vxo,combined,gold,gold,11,0.25055323854295336
vxo,combined,gold,gold,12,0.23960003494553003
vxo,combined,gold,gold,13,0.23960003494553003
vxo,combined,gold,gold,14,0.23960003494553003
vxo,combined,gold,gold,15,0.23960003494553003
vxo,combined,gold,gold,16,0.23960003494553003
vxo,combined,gold,gold,17,0.23960003494553003
vxo,combined,gold,gold,18,0.23960003494553003
vxo,combined,gold,gold,19,0.23960003494553003
vxo,combined,gold,gold,20,0.23960003494553003
vxo,combined,gold,gold,21,0.23960003494553003
vxo,combined,gold,gold,22,0.23960003494553003
vxo,combined,gold,gold,23,0.23960003494553003
vxo,combined,gold,gold,24,0.23960003494553003
vxo,combined,gold,lead,1,0
vxo,combined,gold,lead,2,0
vxo,combined,gold,lead,3,0.07838684602554065
vxo,combined,gold,lead,4,0.07249990701907724
vxo,combined,gold,lead,5,0.07596255565523502
vxo,combined,gold,lead,6,0.06587492070755258
vxo,combined,gold,lead,7,0.06414986790842027
vxo,combined,gold,lead,8,0.06166401609763928
vxo,combined,gold,lead,9,0.06889916686574542
vxo,combined,gold,lead,10,0.07382824473626808
vxo,combined,gold,lead,11,0.08087298670330224
vxo,combined,gold,lead,12,0.07735971563200975
vxo,combined,gold,lead,13,0.07735971563200975
vxo,combined,gold,lead,14,0.07735971563200975
vxo,combined,gold,lead,15,0.07735971563200975
vxo,combined,gold,lead,16,0.07735971563200975
vxo,combined,gold,lead,17,0.07735971563200975
vxo,combined,gold,lead,18,0.07735971563200975
vxo,combined,gold,lead,19,0.07735971563200975
vxo,combined,gold,lead,20,0.07735971563200975
vxo,combined,gold,lead,21,0.07735971563200975
vxo,combined,gold,lead,22,0.07735971563200975
vxo,combined,gold,lead,23,0.07735971563200975
vxo,combined,gold,lead,24,0.07735971563200975
vxo,combined,gold,maize,1,0
vxo,combined,gold,maize,2,0
vxo,combined,gold,maize,3,0.01397805484832265
vxo,combined,gold,maize,4,0.01499003615249342
vxo,combined,gold,maize,5,0.017021339257767575
vxo,combined,gold,maize,6,0.03185647832819961
vxo,combined,gold,maize,7,0.030875071190310657
vxo,combined,gold,maize,8,0.05325809051720166
vxo,combined,gold,maize,9,0.05083751530953299
vxo,combined,gold,maize,10,0.05553996593317286
vxo,combined,gold,maize,11,0.052717650577107214
vxo,combined,gold,maize,12,0.05208170952241903
vxo,combined,gold,maize,13,0.05208170952241903
vxo,combined,gold,maize,14,0.05208170952241903
vxo,combined,gold,maize,15,0.05208170952241903
vxo,combined,gold,maize,16,0.05208170952241903
vxo,combined,gold,maize,17,0.05208170952241903
vxo,combined,gold,maize,18,0.05208170952241903
vxo,combined,gold,maize,19,0.05208170952241903
vxo,combined,gold,maize,20,0.05208170952241903
vxo,combined,gold,maize,21,0.05208170952241903
vxo,combined,gold,maize,22,0.05208170952241903
vxo,combined,gold,maize,23,0.05208170952241903
vxo,combined,gold,maize,24,0.05208170952241903
vxo,combined,gold,ngas_us,1,0
vxo,combined,gold,ngas_us,2,0
vxo,combined,gold,ngas_us,3,0.028810135336111375
vxo,combined,gold,ngas_us,4,0.02569628248980462
vxo,combined,gold,ngas_us,5,0.05161325855874569
vxo,combined,gold,ngas_us,6,0.04546151262331329
vxo,combined,gold,ngas_us,7,0.04305710866598108
vxo,combined,gold,ngas_us,8,0.04091776940546573
vxo,combined,gold,ngas_us,9,0.03919574485299182
vxo,combined,gold,ngas_us,10,0.03840670091519713
vxo,combined,gold,ngas_us,11,0.037694326728878264
vxo,combined,gold,ngas_us,12,0.03637430810908221
vxo,combined,gold,ngas_us,13,0.03637430810908221
vxo,combined,gold,ngas_us,14,0.03637430810908221
vxo,combined,gold,ngas_us,15,0.03637430810908221
vxo,combined,gold,ngas_us,16,0.03637430810908221
vxo,combined,gold,ngas_us,17,0.03637430810908221
vxo,combined,gold,ngas_us,18,0.03637430810908221
vxo,combined,gold,ngas_us,19,0.03637430810908221
vxo,combined,gold,ngas_us,20,0.03637430810908221
vxo,combined,gold,ngas_us,21,0.03637430810908221
vxo,combined,gold,ngas_us,22,0.03637430810908221
vxo,combined,gold,ngas_us,23,0.03637430810908221
vxo,combined,gold,ngas_us,24,0.03637430810908221
vxo,combined,gold,nickel,1,0
vxo,combined,gold,nickel,2,0
vxo,combined,gold,nickel,3,0.001617519138871623
vxo,combined,gold,nickel,4,0.025944196749734968
vxo,combined,gold,nickel,5,0.019659904441844938
vxo,combined,gold,nickel,6,0.020068118061790274
vxo,combined,gold,nickel,7,0.027061149227736503
vxo,combined,gold,nickel,8,0.026445332447112307
vxo,combined,gold,nickel,9,0.03257912181854726
vxo,combined,gold,nickel,10,0.03123322129276141
vxo,combined,gold,nickel,11,0.035945285034298426
vxo,combined,gold,nickel,12,0.0341219190985984
vxo,combined,gold,nickel,13,0.0341219190985984
vxo,combined,gold,nickel,14,0.0341219190985984
vxo,combined,gold,nickel,15,0.0341219190985984
vxo,combined,gold,nickel,16,0.0341219190985984
vxo,combined,gold,nickel,17,0.0341219190985984
vxo,combined,gold,nickel,18,0.0341219190985984
vxo,combined,gold,nickel,19,0.0341219190985984
vxo,combined,gold,nickel,20,0.0341219190985984
vxo,combined,gold,nickel,21,0.0341219190985984
vxo,combined,gold,nickel,22,0.0341219190985984
vxo,combined,gold,nickel,23,0.0341219190985984
vxo,combined,gold,nickel,24,0.0341219190985984
vxo,combined,gold,platinum,1,0
vxo,combined,gold,platinum,2,0
vxo,combined,gold,platinum,3,0.003068219012131473
vxo,combined,gold,platinum,4,0.0031055282721628714
vxo,combined,gold,platinum,5,0.013268381147080219
vxo,combined,gold,platinum,6,0.015594540872424557
vxo,combined,gold,platinum,7,0.016871938390241682
vxo,combined,gold,platinum,8,0.016540154756231315
vxo,combined,gold,platinum,9,0.01588606939408989
vxo,combined,gold,platinum,10,0.01594828109932379
vxo,combined,gold,platinum,11,0.02261838746179191
vxo,combined,gold,platinum,12,0.0217122320795369
vxo,combined,gold,platinum,13,0.0217122320795369
vxo,combined,gold,platinum,14,0.0217122320795369
vxo,combined,gold,platinum,15,0.0217122320795369
vxo,combined,gold,platinum,16,0.0217122320795369
vxo,combined,gold,platinum,17,0.0217122320795369
vxo,combined,gold,platinum,18,0.0217122320795369
vxo,combined,gold,platinum,19,0.0217122320795369
vxo,combined,gold,platinum,20,0.0217122320795369
vxo,combined,gold,platinum,21,0.0217122320795369
vxo,combined,gold,platinum,22,0.0217122320795369
vxo,combined,gold,platinum,23,0.0217122320795369
vxo,combined,gold,platinum,24,0.0217122320795369
vxo,combined,gold,silver,1,0
vxo,combined,gold,silver,2,0
vxo,combined,gold,silver,3,4.501794314553664e-4
vxo,combined,gold,silver,4,0.0020148883122738147
vxo,combined,gold,silver,5,0.02380993902069788
vxo,combined,gold,silver,6,0.03143099708767367
vxo,combined,gold,silver,7,0.026238548945168826
vxo,combined,gold,silver,8,0.02598327469067111
vxo,combined,gold,silver,9,0.025377410071011484
vxo,combined,gold,silver,10,0.026356428945676615
vxo,combined,gold,silver,11,0.027648735255129103
vxo,combined,gold,silver,12,0.02627610834570514
vxo,combined,gold,silver,13,0.02627610834570514
vxo,combined,gold,silver,14,0.02627610834570514
vxo,combined,gold,silver,15,0.02627610834570514
vxo,combined,gold,silver,16,0.02627610834570514
vxo,combined,gold,silver,17,0.02627610834570514
vxo,combined,gold,silver,18,0.02627610834570514
vxo,combined,gold,silver,19,0.02627610834570514
vxo,combined,gold,silver,20,0.02627610834570514
vxo,combined,gold,silver,21,0.02627610834570514
vxo,combined,gold,silver,22,0.02627610834570514
vxo,combined,gold,silver,23,0.02627610834570514
vxo,combined,gold,silver,24,0.02627610834570514
vxo,combined,gold,soybeans,1,0
vxo,combined,gold,soybeans,2,0
vxo,combined,gold,soybeans,3,0.05325374499235891
vxo,combined,gold,soybeans,4,0.05777329253303293
vxo,combined,gold,soybeans,5,0.04482740431401114
vxo,combined,gold,soybeans,6,0.09443646688339158
vxo,combined,gold,soybeans,7,0.08111931390096903
vxo,combined,gold,soybeans,8,0.08223461261360353
vxo,combined,gold,soybeans,9,0.07892524481962919
vxo,combined,gold,soybeans,10,0.08394681681865064
vxo,combined,gold,soybeans,11,0.08430328644201518
vxo,combined,gold,soybeans,12,0.0801876382118374
vxo,combined,gold,soybeans,13,0.0801876382118374
vxo,combined,gold,soybeans,14,0.0801876382118374
vxo,combined,gold,soybeans,15,0.0801876382118374
vxo,combined,gold,soybeans,16,0.0801876382118374
vxo,combined,gold,soybeans,17,0.0801876382118374
vxo,combined,gold,soybeans,18,0.0801876382118374
vxo,combined,gold,soybeans,19,0.0801876382118374
vxo,combined,gold,soybeans,20,0.0801876382118374
vxo,combined,gold,soybeans,21,0.0801876382118374
vxo,combined,gold,soybeans,22,0.0801876382118374
vxo,combined,gold,soybeans,23,0.0801876382118374
vxo,combined,gold,soybeans,24,0.0801876382118374
vxo,combined,gold,sugar_wld,1,0
vxo,combined,gold,sugar_wld,2,0
vxo,combined,gold,sugar_wld,3,0.0015351072459996611
vxo,combined,gold,sugar_wld,4,0.010191155868853668
vxo,combined,gold,sugar_wld,5,0.007992536787145748
vxo,combined,gold,sugar_wld,6,0.014472555003525121
vxo,combined,gold,sugar_wld,7,0.013270004049339769
vxo,combined,gold,sugar_wld,8,0.013851008583124571
vxo,combined,gold,sugar_wld,9,0.013389077454940468
vxo,combined,gold,sugar_wld,10,0.013139317913858563
vxo,combined,gold,sugar_wld,11,0.012620177907393133
vxo,combined,gold,sugar_wld,12,0.012233385022516743
vxo,combined,gold,sugar_wld,13,0.012233385022516743
vxo,combined,gold,sugar_wld,14,0.012233385022516743
vxo,combined,gold,sugar_wld,15,0.012233385022516743
vxo,combined,gold,sugar_wld,16,0.012233385022516743
vxo,combined,gold,sugar_wld,17,0.012233385022516743
vxo,combined,gold,sugar_wld,18,0.012233385022516743
vxo,combined,gold,sugar_wld,19,0.012233385022516743
vxo,combined,gold,sugar_wld,20,0.012233385022516743
vxo,combined,gold,sugar_wld,21,0.012233385022516743
vxo,combined,gold,sugar_wld,22,0.012233385022516743
vxo,combined,gold,sugar_wld,23,0.012233385022516743
vxo,combined,gold,sugar_wld,24,0.012233385022516743
vxo,combined,gold,tin,1,0
vxo,combined,gold,tin,2,0
vxo,combined,gold,tin,3,0.010847300678210126
vxo,combined,gold,tin,4,0.013350983751746377
vxo,combined,gold,tin,5,0.010020848537867732
vxo,combined,gold,tin,6,0.026572378198711895
vxo,combined,gold,tin,7,0.022032128201570904
vxo,combined,gold,tin,8,0.025381635954802816
vxo,combined,gold,tin,9,0.025896351136164637
vxo,combined,gold,tin,10,0.02498088455360162
vxo,combined,gold,tin,11,0.024326951915943366
vxo,combined,gold,tin,12,0.023901228130398758
vxo,combined,gold,tin,13,0.023901228130398758
vxo,combined,gold,tin,14,0.023901228130398758
vxo,combined,gold,tin,15,0.023901228130398758
vxo,combined,gold,tin,16,0.023901228130398758
vxo,combined,gold,tin,17,0.023901228130398758
vxo,combined,gold,tin,18,0.023901228130398758
vxo,combined,gold,tin,19,0.023901228130398758
vxo,combined,gold,tin,20,0.023901228130398758
vxo,combined,gold,tin,21,0.023901228130398758
vxo,combined,gold,tin,22,0.023901228130398758
vxo,combined,gold,tin,23,0.023901228130398758
vxo,combined,gold,tin,24,0.023901228130398758
vxo,combined,gold,wheat_us_hrw,1,0
vxo,combined,gold,wheat_us_hrw,2,0
vxo,combined,gold,wheat_us_hrw,3,0.0040216126808713965
vxo,combined,gold,wheat_us_hrw,4,0.0038043174731127224
vxo,combined,gold,wheat_us_hrw,5,0.004517985846600535
vxo,combined,gold,wheat_us_hrw,6,0.0065837601224540835
vxo,combined,gold,wheat_us_hrw,7,0.005766908280356398
vxo,combined,gold,wheat_us_hrw,8,0.008553221208973819
vxo,combined,gold,wheat_us_hrw,9,0.008301958899880004
vxo,combined,gold,wheat_us_hrw,10,0.008437116579947963
vxo,combined,gold,wheat_us_hrw,11,0.012343836104636739
vxo,combined,gold,wheat_us_hrw,12,0.011910783114610793
vxo,combined,gold,wheat_us_hrw,13,0.011910783114610793
vxo,combined,gold,wheat_us_hrw,14,0.011910783114610793
vxo,combined,gold,wheat_us_hrw,15,0.011910783114610793
vxo,combined,gold,wheat_us_hrw,16,0.011910783114610793
vxo,combined,gold,wheat_us_hrw,17,0.011910783114610793
vxo,combined,gold,wheat_us_hrw,18,0.011910783114610793
vxo,combined,gold,wheat_us_hrw,19,0.011910783114610793
vxo,combined,gold,wheat_us_hrw,20,0.011910783114610793
vxo,combined,gold,wheat_us_hrw,21,0.011910783114610793
vxo,combined,gold,wheat_us_hrw,22,0.011910783114610793
vxo,combined,gold,wheat_us_hrw,23,0.011910783114610793
vxo,combined,gold,wheat_us_hrw,24,0.011910783114610793
vxo,combined,gold,zinc,1,0
vxo,combined,gold,zinc,2,0
vxo,combined,gold,zinc,3,0.02982758180943495
vxo,combined,gold,zinc,4,0.03359973758225351
vxo,combined,gold,zinc,5,0.03249505798258029
vxo,combined,gold,zinc,6,0.030443487301291823
vxo,combined,gold,zinc,7,0.08237957105882056
vxo,combined,gold,zinc,8,0.07824098130379771
vxo,combined,gold,zinc,9,0.08610684173720504
vxo,combined,gold,zinc,10,0.08868328542527763
vxo,combined,gold,zinc,11,0.09075638236132497
vxo,combined,gold,zinc,12,0.09225009298458399
vxo,combined,gold,zinc,13,0.09225009298458399
vxo,combined,gold,zinc,14,0.09225009298458399
vxo,combined,gold,zinc,15,0.09225009298458399
vxo,combined,gold,zinc,16,0.09225009298458399
vxo,combined,gold,zinc,17,0.09225009298458399
vxo,combined,gold,zinc,18,0.09225009298458399
vxo,combined,gold,zinc,19,0.09225009298458399
vxo,combined,gold,zinc,20,0.09225009298458399
vxo,combined,gold,zinc,21,0.09225009298458399
vxo,combined,gold,zinc,22,0.09225009298458399
vxo,combined,gold,zinc,23,0.09225009298458399
vxo,combined,gold,zinc,24,0.09225009298458399
vxo,combined,lead,aluminium,1,0
vxo,combined,lead,aluminium,2,0
vxo,combined,lead,aluminium,3,0.006578376736352118
vxo,combined,lead,aluminium,4,0.011513561454039221
vxo,combined,lead,aluminium,5,0.037533501014564596
vxo,combined,lead,aluminium,6,0.04113082953293057
vxo,combined,lead,aluminium,7,0.04102814183501514
vxo,combined,lead,aluminium,8,0.04043114593060716
vxo,combined,lead,aluminium,9,0.03963625044041163
vxo,combined,lead,aluminium,10,0.046026632970303495
vxo,combined,lead,aluminium,11,0.04474232894579076
vxo,combined,lead,aluminium,12,0.04435220548185496
vxo,combined,lead,aluminium,13,0.04435220548185496
vxo,combined,lead,aluminium,14,0.04435220548185496
vxo,combined,lead,aluminium,15,0.04435220548185496
vxo,combined,lead,aluminium,16,0.04435220548185496
vxo,combined,lead,aluminium,17,0.04435220548185496
vxo,combined,lead,aluminium,18,0.04435220548185496
vxo,combined,lead,aluminium,19,0.04435220548185496
vxo,combined,lead,aluminium,20,0.04435220548185496
vxo,combined,lead,aluminium,21,0.04435220548185496
vxo,combined,lead,aluminium,22,0.04435220548185496
vxo,combined,lead,aluminium,23,0.04435220548185496
vxo,combined,lead,aluminium,24,0.04435220548185496
vxo,combined,lead,cocoa,1,0
vxo,combined,lead,cocoa,2,0
vxo,combined,lead,cocoa,3,2.0756513818029782e-4
vxo,combined,lead,cocoa,4,1.4893859978670903e-4
vxo,combined,lead,cocoa,5,1.977143129240863e-4
vxo,combined,lead,cocoa,6,5.140287626656761e-4
vxo,combined,lead,cocoa,7,0.001189141764707917
vxo,combined,lead,cocoa,8,0.0013183637530258308
vxo,combined,lead,cocoa,9,0.0022210648511415054
vxo,combined,lead,cocoa,10,0.002215723538856288
vxo,combined,lead,cocoa,11,0.0025903938643546624
vxo,combined,lead,cocoa,12,0.002534324512906809
vxo,combined,lead,cocoa,13,0.002534324512906809
vxo,combined,lead,cocoa,14,0.002534324512906809
vxo,combined,lead,cocoa,15,0.002534324512906809
vxo,combined,lead,cocoa,16,0.002534324512906809
vxo,combined,lead,cocoa,17,0.002534324512906809
vxo,combined,lead,cocoa,18,0.002534324512906809
vxo,combined,lead,cocoa,19,0.002534324512906809
vxo,combined,lead,cocoa,20,0.002534324512906809
vxo,combined,lead,cocoa,21,0.002534324512906809
vxo,combined,lead,cocoa,22,0.002534324512906809
vxo,combined,lead,cocoa,23,0.002534324512906809
vxo,combined,lead,cocoa,24,0.002534324512906809
vxo,combined,lead,coffee_arabic,1,0
vxo,combined,lead,coffee_arabic,2,0
vxo,combined,lead,coffee_arabic,3,0.01653371902668117
vxo,combined,lead,coffee_arabic,4,0.01973991267558382
vxo,combined,lead,coffee_arabic,5,0.017742623409166384
vxo,combined,lead,coffee_arabic,6,0.016760786614357648
vxo,combined,lead,coffee_arabic,7,0.018005689888805795
vxo,combined,lead,coffee_arabic,8,0.02321707216084961
vxo,combined,lead,coffee_arabic,9,0.024554531924561224
vxo,combined,lead,coffee_arabic,10,0.026606849008309418
vxo,combined,lead,coffee_arabic,11,0.02515717558171729
vxo,combined,lead,coffee_arabic,12,0.024647634322723256
vxo,combined,lead,coffee_arabic,13,0.024647634322723256
vxo,combined,lead,coffee_arabic,14,0.024647634322723256
vxo,combined,lead,coffee_arabic,15,0.024647634322723256
vxo,combined,lead,coffee_arabic,16,0.024647634322723256
vxo,combined,lead,coffee_arabic,17,0.024647634322723256
vxo,combined,lead,coffee_arabic,18,0.024647634322723256
vxo,combined,lead,coffee_arabic,19,0.024647634322723256
vxo,combined,lead,coffee_arabic,20,0.024647634322723256
vxo,combined,lead,coffee_arabic,21,0.024647634322723256
vxo,combined,lead,coffee_arabic,22,0.024647634322723256
vxo,combined,lead,coffee_arabic,23,0.024647634322723256
vxo,combined,lead,coffee_arabic,24,0.024647634322723256
vxo,combined,lead,copper,1,0
vxo,combined,lead,copper,2,0
vxo,combined,lead,copper,3,0.058277457169546354
vxo,combined,lead,copper,4,0.13135092709831495
vxo,combined,lead,copper,5,0.16585247624996569
vxo,combined,lead,copper,6,0.15883871876694275
vxo,combined,lead,copper,7,0.16210905254228644
vxo,combined,lead,copper,8,0.15850530435375906
vxo,combined,lead,copper,9,0.15278502602980343
vxo,combined,lead,copper,10,0.1531022922628701
vxo,combined,lead,copper,11,0.15543953242107636
vxo,combined,lead,copper,12,0.15557226705030655
vxo,combined,lead,copper,13,0.15557226705030655
vxo,combined,lead,copper,14,0.15557226705030655
vxo,combined,lead,copper,15,0.15557226705030655
vxo,combined,lead,copper,16,0.15557226705030655
vxo,combined,lead,copper,17,0.15557226705030655
vxo,combined,lead,copper,18,0.15557226705030655
vxo,combined,lead,copper,19,0.15557226705030655
vxo,combined,lead,copper,20,0.15557226705030655
vxo,combined,lead,copper,21,0.15557226705030655
vxo,combined,lead,copper,22,0.15557226705030655
vxo,combined,lead,copper,23,0.15557226705030655
vxo,combined,lead,copper,24,0.15557226705030655
vxo,combined,lead,cotton_a_indx,1,0
vxo,combined,lead,cotton_a_indx,2,0
vxo,combined,lead,cotton_a_indx,3,7.347500866895248e-6
vxo,combined,lead,cotton_a_indx,4,6.732039590740369e-4
vxo,combined,lead,cotton_a_indx,5,0.00542813827195517
vxo,combined,lead,cotton_a_indx,6,0.012261767645690485
vxo,combined,lead,cotton_a_indx,7,0.017991814009863518
vxo,combined,lead,cotton_a_indx,8,0.019627968979314833
vxo,combined,lead,cotton_a_indx,9,0.022690949766571135
vxo,combined,lead,cotton_a_indx,10,0.02573925782020718
vxo,combined,lead,cotton_a_indx,11,0.024996606726843423
vxo,combined,lead,cotton_a_indx,12,0.026094861673463438
vxo,combined,lead,cotton_a_indx,13,0.026094861673463438
vxo,combined,lead,cotton_a_indx,14,0.026094861673463438
vxo,combined,lead,cotton_a_indx,15,0.026094861673463438
vxo,combined,lead,cotton_a_indx,16,0.026094861673463438
vxo,combined,lead,cotton_a_indx,17,0.026094861673463438
vxo,combined,lead,cotton_a_indx,18,0.026094861673463438
vxo,combined,lead,cotton_a_indx,19,0.026094861673463438
vxo,combined,lead,cotton_a_indx,20,0.026094861673463438
vxo,combined,lead,cotton_a_indx,21,0.026094861673463438
vxo,combined,lead,cotton_a_indx,22,0.026094861673463438
vxo,combined,lead,cotton_a_indx,23,0.026094861673463438
vxo,combined,lead,cotton_a_indx,24,0.026094861673463438
vxo,combined,lead,crude_wti,1,0
vxo,combined,lead,crude_wti,2,0
vxo,combined,lead,crude_wti,3,1.424566298682622e-4
vxo,combined,lead,crude_wti,4,0.006539076807089846
vxo,combined,lead,crude_wti,5,0.007480783226021773
vxo,combined,lead,crude_wti,6,0.008340731159746156
vxo,combined,lead,crude_wti,7,0.007710258328211856
vxo,combined,lead,crude_wti,8,0.009047612601542038
vxo,combined,lead,crude_wti,9,0.008802784341338469
vxo,combined,lead,crude_wti,10,0.008687646554028438
vxo,combined,lead,crude_wti,11,0.00824428681892681
vxo,combined,lead,crude_wti,12,0.008376982445227579
vxo,combined,lead,crude_wti,13,0.008376982445227579
vxo,combined,lead,crude_wti,14,0.008376982445227579
vxo,combined,lead,crude_wti,15,0.008376982445227579
vxo,combined,lead,crude_wti,16,0.008376982445227579
vxo,combined,lead,crude_wti,17,0.008376982445227579
vxo,combined,lead,crude_wti,18,0.008376982445227579
vxo,combined,lead,crude_wti,19,0.008376982445227579
vxo,combined,lead,crude_wti,20,0.008376982445227579
vxo,combined,lead,crude_wti,21,0.008376982445227579
vxo,combined,lead,crude_wti,22,0.008376982445227579
vxo,combined,lead,crude_wti,23,0.008376982445227579
vxo,combined,lead,crude_wti,24,0.008376982445227579
vxo,combined,lead,gold,1,0
vxo,combined,lead,gold,2,0
vxo,combined,lead,gold,3,4.755259236917779e-4
vxo,combined,lead,gold,4,2.715069380029264e-4
vxo,combined,lead,gold,5,2.4289223817204147e-4
vxo,combined,lead,gold,6,2.3011337560832452e-4
vxo,combined,lead,gold,7,0.0027767407286630567
vxo,combined,lead,gold,8,0.00780480895263324
vxo,combined,lead,gold,9,0.007556889635803109
vxo,combined,lead,gold,10,0.007991491768404224
vxo,combined,lead,gold,11,0.009426899958626684
vxo,combined,lead,gold,12,0.009562633114516321
vxo,combined,lead,gold,13,0.009562633114516321
vxo,combined,lead,gold,14,0.009562633114516321
vxo,combined,lead,gold,15,0.009562633114516321
vxo,combined,lead,gold,16,0.009562633114516321
vxo,combined,lead,gold,17,0.009562633114516321
vxo,combined,lead,gold,18,0.009562633114516321
vxo,combined,lead,gold,19,0.009562633114516321
vxo,combined,lead,gold,20,0.009562633114516321
vxo,combined,lead,gold,21,0.009562633114516321
vxo,combined,lead,gold,22,0.009562633114516321
vxo,combined,lead,gold,23,0.009562633114516321
vxo,combined,lead,gold,24,0.009562633114516321
vxo,combined,lead,lead,1,0
vxo,combined,lead,lead,2,1
vxo,combined,lead,lead,3,0.8048828711397301
vxo,combined,lead,lead,4,0.43235720620989987
vxo,combined,lead,lead,5,0.3539796883680302
vxo,combined,lead,lead,6,0.33213932956231085
vxo,combined,lead,lead,7,0.315129402736023
vxo,combined,lead,lead,8,0.30410832520447767
vxo,combined,lead,lead,9,0.29635651149129877
vxo,combined,lead,lead,10,0.28876819134256876
vxo,combined,lead,lead,11,0.2769016064813995
vxo,combined,lead,lead,12,0.2743825102538198
vxo,combined,lead,lead,13,0.2743825102538198
vxo,combined,lead,lead,14,0.2743825102538198
vxo,combined,lead,lead,15,0.2743825102538198
vxo,combined,lead,lead,16,0.2743825102538198
vxo,combined,lead,lead,17,0.2743825102538198
vxo,combined,lead,lead,18,0.2743825102538198
vxo,combined,lead,lead,19,0.2743825102538198
vxo,combined,lead,lead,20,0.2743825102538198
vxo,combined,lead,lead,21,0.2743825102538198
vxo,combined,lead,lead,22,0.2743825102538198
vxo,combined,lead,lead,23,0.2743825102538198
vxo,combined,lead,lead,24,0.2743825102538198
vxo,combined,lead,maize,1,0
vxo,combined,lead,maize,2,0
vxo,combined,lead,maize,3,0.0010082471938706325
vxo,combined,lead,maize,4,0.03971377288679724
vxo,combined,lead,maize,5,0.042834828253554794
vxo,combined,lead,maize,6,0.058552671949602876
vxo,combined,lead,maize,7,0.053414620264196105
vxo,combined,lead,maize,8,0.05162304077619419
vxo,combined,lead,maize,9,0.0512355830274608
vxo,combined,lead,maize,10,0.050297149805031804
vxo,combined,lead,maize,11,0.04875064176224867
vxo,combined,lead,maize,12,0.047895253982806744
vxo,combined,lead,maize,13,0.047895253982806744
vxo,combined,lead,maize,14,0.047895253982806744
vxo,combined,lead,maize,15,0.047895253982806744
vxo,combined,lead,maize,16,0.047895253982806744
vxo,combined,lead,maize,17,0.047895253982806744
vxo,combined,lead,maize,18,0.047895253982806744
vxo,combined,lead,maize,19,0.047895253982806744
vxo,combined,lead,maize,20,0.047895253982806744
vxo,combined,lead,maize,21,0.047895253982806744
vxo,combined,lead,maize,22,0.047895253982806744
vxo,combined,lead,maize,23,0.047895253982806744
vxo,combined,lead,maize,24,0.047895253982806744
vxo,combined,lead,ngas_us,1,0
vxo,combined,lead,ngas_us,2,0
vxo,combined,lead,ngas_us,3,9.180734442982775e-5
vxo,combined,lead,ngas_us,4,0.03507085995717682
vxo,combined,lead,ngas_us,5,0.026613957582762658
vxo,combined,lead,ngas_us,6,0.02496811281309409
vxo,combined,lead,ngas_us,7,0.02495416705916433
vxo,combined,lead,ngas_us,8,0.024481391848165206
vxo,combined,lead,ngas_us,9,0.024256977503677404
vxo,combined,lead,ngas_us,10,0.02371276943820823
vxo,combined,lead,ngas_us,11,0.025757623356942407
vxo,combined,lead,ngas_us,12,0.026343116358087282
vxo,combined,lead,ngas_us,13,0.026343116358087282
vxo,combined,lead,ngas_us,14,0.026343116358087282
vxo,combined,lead,ngas_us,15,0.026343116358087282
vxo,combined,lead,ngas_us,16,0.026343116358087282
vxo,combined,lead,ngas_us,17,0.026343116358087282
vxo,combined,lead,ngas_us,18,0.026343116358087282
vxo,combined,lead,ngas_us,19,0.026343116358087282
vxo,combined,lead,ngas_us,20,0.026343116358087282
vxo,combined,lead,ngas_us,21,0.026343116358087282
vxo,combined,lead,ngas_us,22,0.026343116358087282
vxo,combined,lead,ngas_us,23,0.026343116358087282
vxo,combined,lead,ngas_us,24,0.026343116358087282
vxo,combined,lead,nickel,1,0
vxo,combined,lead,nickel,2,0
vxo,combined,lead,nickel,3,0.0029575735802329804
vxo,combined,lead,nickel,4,0.016027822222026197
vxo,combined,lead,nickel,5,0.018463964651642215
vxo,combined,lead,nickel,6,0.017575665694383045
vxo,combined,lead,nickel,7,0.02253707572550492
vxo,combined,lead,nickel,8,0.022471587990418075
vxo,combined,lead,nickel,9,0.02162739541098757
vxo,combined,lead,nickel,10,0.024395000961078363
vxo,combined,lead,nickel,11,0.024537710376640907
vxo,combined,lead,nickel,12,0.0240186578963456
vxo,combined,lead,nickel,13,0.0240186578963456
vxo,combined,lead,nickel,14,0.0240186578963456
vxo,combined,lead,nickel,15,0.0240186578963456
vxo,combined,lead,nickel,16,0.0240186578963456
vxo,combined,lead,nickel,17,0.0240186578963456
vxo,combined,lead,nickel,18,0.0240186578963456
vxo,combined,lead,nickel,19,0.0240186578963456
vxo,combined,lead,nickel,20,0.0240186578963456
vxo,combined,lead,nickel,21,0.0240186578963456
vxo,combined,lead,nickel,22,0.0240186578963456
vxo,combined,lead,nickel,23,0.0240186578963456
vxo,combined,lead,nickel,24,0.0240186578963456
vxo,combined,lead,platinum,1,0
vxo,combined,lead,platinum,2,0
vxo,combined,lead,platinum,3,0.018146483999850242
vxo,combined,lead,platinum,4,0.11504063833618379
vxo,combined,lead,platinum,5,0.10357181408812237
vxo,combined,lead,platinum,6,0.09888776399307794
vxo,combined,lead,platinum,7,0.09449956686049524
vxo,combined,lead,platinum,8,0.09261115979458732
vxo,combined,lead,platinum,9,0.09572132847137664
vxo,combined,lead,platinum,10,0.09370178934113117
vxo,combined,lead,platinum,11,0.08862859995360434
vxo,combined,lead,platinum,12,0.08772750433901412
vxo,combined,lead,platinum,13,0.08772750433901412
vxo,combined,lead,platinum,14,0.08772750433901412
vxo,combined,lead,platinum,15,0.08772750433901412
vxo,combined,lead,platinum,16,0.08772750433901412
vxo,combined,lead,platinum,17,0.08772750433901412
vxo,combined,lead,platinum,18,0.08772750433901412
vxo,combined,lead,platinum,19,0.08772750433901412
vxo,combined,lead,platinum,20,0.08772750433901412
vxo,combined,lead,platinum,21,0.08772750433901412
vxo,combined,lead,platinum,22,0.08772750433901412
vxo,combined,lead,platinum,23,0.08772750433901412
vxo,combined,lead,platinum,24,0.08772750433901412
vxo,combined,lead,silver,1,0
vxo,combined,lead,silver,2,0
vxo,combined,lead,silver,3,0.0031878192122278127
vxo,combined,lead,silver,4,0.004898312801189127
vxo,combined,lead,silver,5,0.004114248711298815
vxo,combined,lead,silver,6,0.012497211800864756
vxo,combined,lead,silver,7,0.011718354773460912
vxo,combined,lead,silver,8,0.015597245304706537
vxo,combined,lead,silver,9,0.015438950743876662
vxo,combined,lead,silver,10,0.016052927891805138
vxo,combined,lead,silver,11,0.02219872702708383
vxo,combined,lead,silver,12,0.022073780860274117
vxo,combined,lead,silver,13,0.022073780860274117
vxo,combined,lead,silver,14,0.022073780860274117
vxo,combined,lead,silver,15,0.022073780860274117
vxo,combined,lead,silver,16,0.022073780860274117
vxo,combined,lead,silver,17,0.022073780860274117
vxo,combined,lead,silver,18,0.022073780860274117
vxo,combined,lead,silver,19,0.022073780860274117
vxo,combined,lead,silver,20,0.022073780860274117
vxo,combined,lead,silver,21,0.022073780860274117
vxo,combined,lead,silver,22,0.022073780860274117
vxo,combined,lead,silver,23,0.022073780860274117
vxo,combined,lead,silver,24,0.022073780860274117
vxo,combined,lead,soybeans,1,0
vxo,combined,lead,soybeans,2,0
vxo,combined,lead,soybeans,3,9.469436636643791e-4
vxo,combined,lead,soybeans,4,0.08140489004438495
vxo,combined,lead,soybeans,5,0.06528394073343033
vxo,combined,lead,soybeans,6,0.062236833631213004
vxo,combined,lead,soybeans,7,0.06560046142353847
vxo,combined,lead,soybeans,8,0.06491410165205906
vxo,combined,lead,soybeans,9,0.07015176785790372
vxo,combined,lead,soybeans,10,0.06880573077636512
vxo,combined,lead,soybeans,11,0.06455175670217721
vxo,combined,lead,soybeans,12,0.06382630672482899
vxo,combined,lead,soybeans,13,0.06382630672482899
vxo,combined,lead,soybeans,14,0.06382630672482899
vxo,combined,lead,soybeans,15,0.06382630672482899
vxo,combined,lead,soybeans,16,0.06382630672482899
vxo,combined,lead,soybeans,17,0.06382630672482899
vxo,combined,lead,soybeans,18,0.06382630672482899
vxo,combined,lead,soybeans,19,0.06382630672482899
vxo,combined,lead,soybeans,20,0.06382630672482899
vxo,combined,lead,soybeans,21,0.06382630672482899
vxo,combined,lead,soybeans,22,0.06382630672482899
vxo,combined,lead,soybeans,23,0.06382630672482899
vxo,combined,lead,soybeans,24,0.06382630672482899
vxo,combined,lead,sugar_wld,1,0
vxo,combined,lead,sugar_wld,2,0
vxo,combined,lead,sugar_wld,3,0.003679959465260252
vxo,combined,lead,sugar_wld,4,0.0021517341419861227
vxo,combined,lead,sugar_wld,5,0.0016218633580740319
vxo,combined,lead,sugar_wld,6,0.002225654249299319
vxo,combined,lead,sugar_wld,7,0.002058492804718871
vxo,combined,lead,sugar_wld,8,0.005289099734274656
vxo,combined,lead,sugar_wld,9,0.0069138028185095944
vxo,combined,lead,sugar_wld,10,0.006926279133292544
vxo,combined,lead,sugar_wld,11,0.008665719947695487
vxo,combined,lead,sugar_wld,12,0.008758184595697991
vxo,combined,lead,sugar_wld,13,0.008758184595697991
vxo,combined,lead,sugar_wld,14,0.008758184595697991
vxo,combined,lead,sugar_wld,15,0.008758184595697991
vxo,combined,lead,sugar_wld,16,0.008758184595697991
vxo,combined,lead,sugar_wld,17,0.008758184595697991
vxo,combined,lead,sugar_wld,18,0.008758184595697991
vxo,combined,lead,sugar_wld,19,0.008758184595697991
vxo,combined,lead,sugar_wld,20,0.008758184595697991
vxo,combined,lead,sugar_wld,21,0.008758184595697991
vxo,combined,lead,sugar_wld,22,0.008758184595697991
vxo,combined,lead,sugar_wld,23,0.008758184595697991
vxo,combined,lead,sugar_wld,24,0.008758184595697991
vxo,combined,lead,tin,1,0
vxo,combined,lead,tin,2,0
vxo,combined,lead,tin,3,0.012624784679277192
vxo,combined,lead,tin,4,0.03237476440863981
vxo,combined,lead,tin,5,0.04923831566615855
vxo,combined,lead,tin,6,0.04842886961291385
vxo,combined,lead,tin,7,0.04418523226078593
vxo,combined,lead,tin,8,0.04278693692458185
vxo,combined,lead,tin,9,0.041219782649060205
vxo,combined,lead,tin,10,0.04035601913496223
vxo,combined,lead,tin,11,0.039890228896580567
vxo,combined,lead,tin,12,0.043754407829232185
vxo,combined,lead,tin,13,0.043754407829232185
vxo,combined,lead,tin,14,0.043754407829232185
vxo,combined,lead,tin,15,0.043754407829232185
vxo,combined,lead,tin,16,0.043754407829232185
vxo,combined,lead,tin,17,0.043754407829232185
vxo,combined,lead,tin,18,0.043754407829232185
vxo,combined,lead,tin,19,0.043754407829232185
vxo,combined,lead,tin,20,0.043754407829232185
vxo,combined,lead,tin,21,0.043754407829232185
vxo,combined,lead,tin,22,0.043754407829232185
vxo,combined,lead,tin,23,0.043754407829232185
vxo,combined,lead,tin,24,0.043754407829232185
vxo,combined,lead,wheat_us_hrw,1,0
vxo,combined,lead,wheat_us_hrw,2,0
vxo,combined,lead,wheat_us_hrw,3,0.03183871151701877
vxo,combined,lead,wheat_us_hrw,4,0.019227146394617357
vxo,combined,lead,wheat_us_hrw,5,0.035327344839879114
vxo,combined,lead,wheat_us_hrw,6,0.03948606973091396
vxo,combined,lead,wheat_us_hrw,7,0.040395231688512244
vxo,combined,lead,wheat_us_hrw,8,0.04066790008826303
vxo,combined,lead,wheat_us_hrw,9,0.04620296043085837
vxo,combined,lead,wheat_us_hrw,10,0.04537709178174766
vxo,combined,lead,wheat_us_hrw,11,0.04297697373250532
vxo,combined,lead,wheat_us_hrw,12,0.04313331531273107
vxo,combined,lead,wheat_us_hrw,13,0.04313331531273107
vxo,combined,lead,wheat_us_hrw,14,0.04313331531273107
vxo,combined,lead,wheat_us_hrw,15,0.04313331531273107
vxo,combined,lead,wheat_us_hrw,16,0.04313331531273107
vxo,combined,lead,wheat_us_hrw,17,0.04313331531273107
vxo,combined,lead,wheat_us_hrw,18,0.04313331531273107
vxo,combined,lead,wheat_us_hrw,19,0.04313331531273107
vxo,combined,lead,wheat_us_hrw,20,0.04313331531273107
vxo,combined,lead,wheat_us_hrw,21,0.04313331531273107
vxo,combined,lead,wheat_us_hrw,22,0.04313331531273107
vxo,combined,lead,wheat_us_hrw,23,0.04313331531273107
vxo,combined,lead,wheat_us_hrw,24,0.04313331531273107
vxo,combined,lead,zinc,1,0
vxo,combined,lead,zinc,2,0
vxo,combined,lead,zinc,3,0.038412350079250944
vxo,combined,lead,zinc,4,0.051495725065207075
vxo,combined,lead,zinc,5,0.06447190502427702
vxo,combined,lead,zinc,6,0.06492484110438447
vxo,combined,lead,zinc,7,0.07469655530604632
vxo,combined,lead,zinc,8,0.07549693395054066
vxo,combined,lead,zinc,9,0.07262744260535972
vxo,combined,lead,zinc,10,0.07123715647082988
vxo,combined,lead,zinc,11,0.08654318744578572
vxo,combined,lead,zinc,12,0.08694605324616352
vxo,combined,lead,zinc,13,0.08694605324616352
vxo,combined,lead,zinc,14,0.08694605324616352
vxo,combined,lead,zinc,15,0.08694605324616352
vxo,combined,lead,zinc,16,0.08694605324616352
vxo,combined,lead,zinc,17,0.08694605324616352
vxo,combined,lead,zinc,18,0.08694605324616352
vxo,combined,lead,zinc,19,0.08694605324616352
vxo,combined,lead,zinc,20,0.08694605324616352
vxo,combined,lead,zinc,21,0.08694605324616352
vxo,combined,lead,zinc,22,0.08694605324616352
vxo,combined,lead,zinc,23,0.08694605324616352
vxo,combined,lead,zinc,24,0.08694605324616352
vxo,combined,maize,aluminium,1,0
vxo,combined,maize,aluminium,2,0
vxo,combined,maize,aluminium,3,0.0438292725201326
vxo,combined,maize,aluminium,4,0.03846209045241346
vxo,combined,maize,aluminium,5,0.0389294014045283
vxo,combined,maize,aluminium,6,0.09080040960567248
vxo,combined,maize,aluminium,7,0.08234153748672618
vxo,combined,maize,aluminium,8,0.1113711616612505
vxo,combined,maize,aluminium,9,0.11018016324281533
vxo,combined,maize,aluminium,10,0.13328898289906085
vxo,combined,maize,aluminium,11,0.13052930809723928
vxo,combined,maize,aluminium,12,0.13600961267185663
vxo,combined,maize,aluminium,13,0.13600961267185663
vxo,combined,maize,aluminium,14,0.13600961267185663
vxo,combined,maize,aluminium,15,0.13600961267185663
vxo,combined,maize,aluminium,16,0.13600961267185663
vxo,combined,maize,aluminium,17,0.13600961267185663
vxo,combined,maize,aluminium,18,0.13600961267185663
vxo,combined,maize,aluminium,19,0.13600961267185663
vxo,combined,maize,aluminium,20,0.13600961267185663
vxo,combined,maize,aluminium,21,0.13600961267185663
vxo,combined,maize,aluminium,22,0.13600961267185663
vxo,combined,maize,aluminium,23,0.13600961267185663
vxo,combined,maize,aluminium,24,0.13600961267185663
vxo,combined,maize,cocoa,1,0
vxo,combined,maize,cocoa,2,0
vxo,combined,maize,cocoa,3,9.198308981219873e-8
vxo,combined,maize,cocoa,4,5.439423422833335e-5
vxo,combined,maize,cocoa,5,0.0028864025967692227
vxo,combined,maize,cocoa,6,0.0032495319038081277
vxo,combined,maize,cocoa,7,0.0029559321410964805
vxo,combined,maize,cocoa,8,0.0029176023737736553
vxo,combined,maize,cocoa,9,0.0035589772375681184
vxo,combined,maize,cocoa,10,0.0034765629872751634
vxo,combined,maize,cocoa,11,0.0033860064126933296
vxo,combined,maize,cocoa,12,0.0035367379285780594
vxo,combined,maize,cocoa,13,0.0035367379285780594
vxo,combined,maize,cocoa,14,0.0035367379285780594
vxo,combined,maize,cocoa,15,0.0035367379285780594
vxo,combined,maize,cocoa,16,0.0035367379285780594
vxo,combined,maize,cocoa,17,0.0035367379285780594
vxo,combined,maize,cocoa,18,0.0035367379285780594
vxo,combined,maize,cocoa,19,0.0035367379285780594
vxo,combined,maize,cocoa,20,0.0035367379285780594
vxo,combined,maize,cocoa,21,0.0035367379285780594
vxo,combined,maize,cocoa,22,0.0035367379285780594
vxo,combined,maize,cocoa,23,0.0035367379285780594
vxo,combined,maize,cocoa,24,0.0035367379285780594
vxo,combined,maize,coffee_arabic,1,0
vxo,combined,maize,coffee_arabic,2,0
vxo,combined,maize,coffee_arabic,3,0.009611435998072964
vxo,combined,maize,coffee_arabic,4,0.007877212364548629
vxo,combined,maize,coffee_arabic,5,0.007885549024771947
vxo,combined,maize,coffee_arabic,6,0.017297343326643323
vxo,combined,maize,coffee_arabic,7,0.015984003636313533
vxo,combined,maize,coffee_arabic,8,0.018369780633744552
vxo,combined,maize,coffee_arabic,9,0.017792130547067103
vxo,combined,maize,coffee_arabic,10,0.016982657060695693
vxo,combined,maize,coffee_arabic,11,0.01657954709859581
vxo,combined,maize,coffee_arabic,12,0.016159019260296625
vxo,combined,maize,coffee_arabic,13,0.016159019260296625
vxo,combined,maize,coffee_arabic,14,0.016159019260296625
vxo,combined,maize,coffee_arabic,15,0.016159019260296625
vxo,combined,maize,coffee_arabic,16,0.016159019260296625
vxo,combined,maize,coffee_arabic,17,0.016159019260296625
vxo,combined,maize,coffee_arabic,18,0.016159019260296625
vxo,combined,maize,coffee_arabic,19,0.016159019260296625
vxo,combined,maize,coffee_arabic,20,0.016159019260296625
vxo,combined,maize,coffee_arabic,21,0.016159019260296625
vxo,combined,maize,coffee_arabic,22,0.016159019260296625
vxo,combined,maize,coffee_arabic,23,0.016159019260296625
vxo,combined,maize,coffee_arabic,24,0.016159019260296625
vxo,combined,maize,copper,1,0
vxo,combined,maize,copper,2,0
vxo,combined,maize,copper,3,0.026467353343896504
vxo,combined,maize,copper,4,0.02536723207242772
vxo,combined,maize,copper,5,0.03339307093481545
vxo,combined,maize,copper,6,0.04258913796666953
vxo,combined,maize,copper,7,0.044723253265065474
vxo,combined,maize,copper,8,0.04507141793524071
vxo,combined,maize,copper,9,0.048744332681372335
vxo,combined,maize,copper,10,0.04747226125541295
vxo,combined,maize,copper,11,0.047603429958952746
vxo,combined,maize,copper,12,0.04637954479717179
vxo,combined,maize,copper,13,0.04637954479717179
vxo,combined,maize,copper,14,0.04637954479717179
vxo,combined,maize,copper,15,0.04637954479717179
vxo,combined,maize,copper,16,0.04637954479717179
vxo,combined,maize,copper,17,0.04637954479717179
vxo,combined,maize,copper,18,0.04637954479717179
vxo,combined,maize,copper,19,0.04637954479717179
vxo,combined,maize,copper,20,0.04637954479717179
vxo,combined,maize,copper,21,0.04637954479717179
vxo,combined,maize,copper,22,0.04637954479717179
vxo,combined,maize,copper,23,0.04637954479717179
vxo,combined,maize,copper,24,0.04637954479717179
vxo,combined,maize,cotton_a_indx,1,0
vxo,combined,maize,cotton_a_indx,2,0
vxo,combined,maize,cotton_a_indx,3,0.009738357521316932
vxo,combined,maize,cotton_a_indx,4,0.016534184233561688
vxo,combined,maize,cotton_a_indx,5,0.028838968907983376
vxo,combined,maize,cotton_a_indx,6,0.03510412350842511
vxo,combined,maize,cotton_a_indx,7,0.032221610219405394
vxo,combined,maize,cotton_a_indx,8,0.03932847638116451
vxo,combined,maize,cotton_a_indx,9,0.03839987488695835
vxo,combined,maize,cotton_a_indx,10,0.03701944758210797
vxo,combined,maize,cotton_a_indx,11,0.03604732100608038
vxo,combined,maize,cotton_a_indx,12,0.03907173631678018
vxo,combined,maize,cotton_a_indx,13,0.03907173631678018
vxo,combined,maize,cotton_a_indx,14,0.03907173631678018
vxo,combined,maize,cotton_a_indx,15,0.03907173631678018
vxo,combined,maize,cotton_a_indx,16,0.03907173631678018
vxo,combined,maize,cotton_a_indx,17,0.03907173631678018
vxo,combined,maize,cotton_a_indx,18,0.03907173631678018
vxo,combined,maize,cotton_a_indx,19,0.03907173631678018
vxo,combined,maize,cotton_a_indx,20,0.03907173631678018
vxo,combined,maize,cotton_a_indx,21,0.03907173631678018
vxo,combined,maize,cotton_a_indx,22,0.03907173631678018
vxo,combined,maize,cotton_a_indx,23,0.03907173631678018
vxo,combined,maize,cotton_a_indx,24,0.03907173631678018
vxo,combined,maize,crude_wti,1,0
vxo,combined,maize,crude_wti,2,0
vxo,combined,maize,crude_wti,3,2.4299023623564607e-5
vxo,combined,maize,crude_wti,4,5.5510398859836776e-5
vxo,combined,maize,crude_wti,5,0.0010609072811501319
vxo,combined,maize,crude_wti,6,0.0011762526706268481
vxo,combined,maize,crude_wti,7,0.0014840153959021646
vxo,combined,maize,crude_wti,8,0.001365872346100253
vxo,combined,maize,crude_wti,9,0.0021073200490037526
vxo,combined,maize,crude_wti,10,0.0026374413435959827
vxo,combined,maize,crude_wti,11,0.0030991783929980895
vxo,combined,maize,crude_wti,12,0.003019346402120006
vxo,combined,maize,crude_wti,13,0.003019346402120006
vxo,combined,maize,crude_wti,14,0.003019346402120006
vxo,combined,maize,crude_wti,15,0.003019346402120006
vxo,combined,maize,crude_wti,16,0.003019346402120006
vxo,combined,maize,crude_wti,17,0.003019346402120006
vxo,combined,maize,crude_wti,18,0.003019346402120006
vxo,combined,maize,crude_wti,19,0.003019346402120006
vxo,combined,maize,crude_wti,20,0.003019346402120006
vxo,combined,maize,crude_wti,21,0.003019346402120006
vxo,combined,maize,crude_wti,22,0.003019346402120006
vxo,combined,maize,crude_wti,23,0.003019346402120006
vxo,combined,maize,crude_wti,24,0.003019346402120006
vxo,combined,maize,gold,1,0
vxo,combined,maize,gold,2,0
vxo,combined,maize,gold,3,0.016218791957776053
vxo,combined,maize,gold,4,0.024855554373587937
vxo,combined,maize,gold,5,0.026680885031236622
vxo,combined,maize,gold,6,0.02243442009105478
vxo,combined,maize,gold,7,0.02096936052576654
vxo,combined,maize,gold,8,0.019328056341775396
vxo,combined,maize,gold,9,0.018597656261336592
vxo,combined,maize,gold,10,0.01875388082886911
vxo,combined,maize,gold,11,0.020026411941027993
vxo,combined,maize,gold,12,0.0195977638432811
vxo,combined,maize,gold,13,0.0195977638432811
vxo,combined,maize,gold,14,0.0195977638432811
vxo,combined,maize,gold,15,0.0195977638432811
vxo,combined,maize,gold,16,0.0195977638432811
vxo,combined,maize,gold,17,0.0195977638432811
vxo,combined,maize,gold,18,0.0195977638432811
vxo,combined,maize,gold,19,0.0195977638432811
vxo,combined,maize,gold,20,0.0195977638432811
vxo,combined,maize,gold,21,0.0195977638432811
vxo,combined,maize,gold,22,0.0195977638432811
vxo,combined,maize,gold,23,0.0195977638432811
vxo,combined,maize,gold,24,0.0195977638432811
vxo,combined,maize,lead,1,0
vxo,combined,maize,lead,2,0
vxo,combined,maize,lead,3,0.02135042268470707
vxo,combined,maize,lead,4,0.03309006130677802
vxo,combined,maize,lead,5,0.031767187757187926
vxo,combined,maize,lead,6,0.03617984255610166
vxo,combined,maize,lead,7,0.062123956940395526
vxo,combined,maize,lead,8,0.058449647985533204
vxo,combined,maize,lead,9,0.056534571758297056
vxo,combined,maize,lead,10,0.054300774170967715
vxo,combined,maize,lead,11,0.05377275840200096
vxo,combined,maize,lead,12,0.05363778273352135
vxo,combined,maize,lead,13,0.05363778273352135
vxo,combined,maize,lead,14,0.05363778273352135
vxo,combined,maize,lead,15,0.05363778273352135
vxo,combined,maize,lead,16,0.05363778273352135
vxo,combined,maize,lead,17,0.05363778273352135
vxo,combined,maize,lead,18,0.05363778273352135
vxo,combined,maize,lead,19,0.05363778273352135
vxo,combined,maize,lead,20,0.05363778273352135
vxo,combined,maize,lead,21,0.05363778273352135
vxo,combined,maize,lead,22,0.05363778273352135
vxo,combined,maize,lead,23,0.05363778273352135
vxo,combined,maize,lead,24,0.05363778273352135
vxo,combined,maize,maize,1,0
vxo,combined,maize,maize,2,1
vxo,combined,maize,maize,3,0.7692530511736905
vxo,combined,maize,maize,4,0.6239147658633075
vxo,combined,maize,maize,5,0.5578392788140601
vxo,combined,maize,maize,6,0.46766355588364256
vxo,combined,maize,maize,7,0.42583190845701346
vxo,combined,maize,maize,8,0.3892716242586467
vxo,combined,maize,maize,9,0.3794121237697298
vxo,combined,maize,maize,10,0.3628216437230737
vxo,combined,maize,maize,11,0.3593913427245736
vxo,combined,maize,maize,12,0.3514855700235222
vxo,combined,maize,maize,13,0.3514855700235222
vxo,combined,maize,maize,14,0.3514855700235222
vxo,combined,maize,maize,15,0.3514855700235222
vxo,combined,maize,maize,16,0.3514855700235222
vxo,combined,maize,maize,17,0.3514855700235222
vxo,combined,maize,maize,18,0.3514855700235222
vxo,combined,maize,maize,19,0.3514855700235222
vxo,combined,maize,maize,20,0.3514855700235222
vxo,combined,maize,maize,21,0.3514855700235222
vxo,combined,maize,maize,22,0.3514855700235222
vxo,combined,maize,maize,23,0.3514855700235222
vxo,combined,maize,maize,24,0.3514855700235222
vxo,combined,maize,ngas_us,1,0
vxo,combined,maize,ngas_us,2,0
vxo,combined,maize,ngas_us,3,0.023310807988345745
vxo,combined,maize,ngas_us,4,0.03131078511166821
vxo,combined,maize,ngas_us,5,0.039238610905351835
vxo,combined,maize,ngas_us,6,0.058815861407525934
vxo,combined,maize,ngas_us,7,0.05598850482718763
vxo,combined,maize,ngas_us,8,0.05680533269231907
vxo,combined,maize,ngas_us,9,0.05543914476638717
vxo,combined,maize,ngas_us,10,0.05596091615372794
vxo,combined,maize,ngas_us,11,0.05851317234355939
vxo,combined,maize,ngas_us,12,0.05895073479283155
vxo,combined,maize,ngas_us,13,0.05895073479283155
vxo,combined,maize,ngas_us,14,0.05895073479283155
vxo,combined,maize,ngas_us,15,0.05895073479283155
vxo,combined,maize,ngas_us,16,0.05895073479283155
vxo,combined,maize,ngas_us,17,0.05895073479283155
vxo,combined,maize,ngas_us,18,0.05895073479283155
vxo,combined,maize,ngas_us,19,0.05895073479283155
vxo,combined,maize,ngas_us,20,0.05895073479283155
vxo,combined,maize,ngas_us,21,0.05895073479283155
vxo,combined,maize,ngas_us,22,0.05895073479283155
vxo,combined,maize,ngas_us,23,0.05895073479283155
vxo,combined,maize,ngas_us,24,0.05895073479283155
vxo,combined,maize,nickel,1,0
vxo,combined,maize,nickel,2,0
vxo,combined,maize,nickel,3,0.005204248326152575
vxo,combined,maize,nickel,4,0.009103312749440963
vxo,combined,maize,nickel,5,0.009697353528782822
vxo,combined,maize,nickel,6,0.008404157492876664
vxo,combined,maize,nickel,7,0.008061702315515167
vxo,combined,maize,nickel,8,0.007548128053768913
vxo,combined,maize,nickel,9,0.007265144179024986
vxo,combined,maize,nickel,10,0.007407246062253656
vxo,combined,maize,nickel,11,0.0074316633389813844
vxo,combined,maize,nickel,12,0.009107965505733208
vxo,combined,maize,nickel,13,0.009107965505733208
vxo,combined,maize,nickel,14,0.009107965505733208
vxo,combined,maize,nickel,15,0.009107965505733208
vxo,combined,maize,nickel,16,0.009107965505733208
vxo,combined,maize,nickel,17,0.009107965505733208
vxo,combined,maize,nickel,18,0.009107965505733208
vxo,combined,maize,nickel,19,0.009107965505733208
vxo,combined,maize,nickel,20,0.009107965505733208
vxo,combined,maize,nickel,21,0.009107965505733208
vxo,combined,maize,nickel,22,0.009107965505733208
vxo,combined,maize,nickel,23,0.009107965505733208
vxo,combined,maize,nickel,24,0.009107965505733208
vxo,combined,maize,platinum,1,0
vxo,combined,maize,platinum,2,0
vxo,combined,maize,platinum,3,0.01322706701585511
vxo,combined,maize,platinum,4,0.023888995627300378
vxo,combined,maize,platinum,5,0.026702488765774836
vxo,combined,maize,platinum,6,0.02751262238009203
vxo,combined,maize,platinum,7,0.03857216819750624
vxo,combined,maize,platinum,8,0.03542414905731365
vxo,combined,maize,platinum,9,0.034020324435503214
vxo,combined,maize,platinum,10,0.035710362340074554
vxo,combined,maize,platinum,11,0.035983466411809516
vxo,combined,maize,platinum,12,0.03506406223226327
vxo,combined,maize,platinum,13,0.03506406223226327
vxo,combined,maize,platinum,14,0.03506406223226327
vxo,combined,maize,platinum,15,0.03506406223226327
vxo,combined,maize,platinum,16,0.03506406223226327
vxo,combined,maize,platinum,17,0.03506406223226327
vxo,combined,maize,platinum,18,0.03506406223226327
vxo,combined,maize,platinum,19,0.03506406223226327
vxo,combined,maize,platinum,20,0.03506406223226327
vxo,combined,maize,platinum,21,0.03506406223226327
vxo,combined,maize,platinum,22,0.03506406223226327
vxo,combined,maize,platinum,23,0.03506406223226327
vxo,combined,maize,platinum,24,0.03506406223226327
vxo,combined,maize,silver,1,0
vxo,combined,maize,silver,2,0
vxo,combined,maize,silver,3,0.012752278208772283
vxo,combined,maize,silver,4,0.043681379916725466
vxo,combined,maize,silver,5,0.04877123471909621
vxo,combined,maize,silver,6,0.04091482542616771
vxo,combined,maize,silver,7,0.04231220244148784
vxo,combined,maize,silver,8,0.039547086131203765
vxo,combined,maize,silver,9,0.039196999758643096
vxo,combined,maize,silver,10,0.03697141628291782
vxo,combined,maize,silver,11,0.03725756490394554
vxo,combined,maize,silver,12,0.03696929482278966
vxo,combined,maize,silver,13,0.03696929482278966
vxo,combined,maize,silver,14,0.03696929482278966
vxo,combined,maize,silver,15,0.03696929482278966
vxo,combined,maize,silver,16,0.03696929482278966
vxo,combined,maize,silver,17,0.03696929482278966
vxo,combined,maize,silver,18,0.03696929482278966
vxo,combined,maize,silver,19,0.03696929482278966
vxo,combined,maize,silver,20,0.03696929482278966
vxo,combined,maize,silver,21,0.03696929482278966
vxo,combined,maize,silver,22,0.03696929482278966
vxo,combined,maize,silver,23,0.03696929482278966
vxo,combined,maize,silver,24,0.03696929482278966
vxo,combined,maize,soybeans,1,0
vxo,combined,maize,soybeans,2,0
vxo,combined,maize,soybeans,3,0.014108851863736178
vxo,combined,maize,soybeans,4,0.06082346519759278
vxo,combined,maize,soybeans,5,0.062476445408280845
vxo,combined,maize,soybeans,6,0.05698966852547376
vxo,combined,maize,soybeans,7,0.053669096079385664
vxo,combined,maize,soybeans,8,0.06154011685458373
vxo,combined,maize,soybeans,9,0.0731794393369323
vxo,combined,maize,soybeans,10,0.0771519143694204
vxo,combined,maize,soybeans,11,0.0763507900268182
vxo,combined,maize,soybeans,12,0.07879625399510289
vxo,combined,maize,soybeans,13,0.07879625399510289
vxo,combined,maize,soybeans,14,0.07879625399510289
vxo,combined,maize,soybeans,15,0.07879625399510289
vxo,combined,maize,soybeans,16,0.07879625399510289
vxo,combined,maize,soybeans,17,0.07879625399510289
vxo,combined,maize,soybeans,18,0.07879625399510289
vxo,combined,maize,soybeans,19,0.07879625399510289
vxo,combined,maize,soybeans,20,0.07879625399510289
vxo,combined,maize,soybeans,21,0.07879625399510289
vxo,combined,maize,soybeans,22,0.07879625399510289
vxo,combined,maize,soybeans,23,0.07879625399510289
vxo,combined,maize,soybeans,24,0.07879625399510289
vxo,combined,maize,sugar_wld,1,0
vxo,combined,maize,sugar_wld,2,0
vxo,combined,maize,sugar_wld,3,0.023742255946521573
vxo,combined,maize,sugar_wld,4,0.029365469051605902
vxo,combined,maize,sugar_wld,5,0.032482980990319335
vxo,combined,maize,sugar_wld,6,0.030119665405926227
vxo,combined,maize,sugar_wld,7,0.02749247558132307
vxo,combined,maize,sugar_wld,8,0.0301890561707386
vxo,combined,maize,sugar_wld,9,0.02926103955067285
vxo,combined,maize,sugar_wld,10,0.02876156414648435
vxo,combined,maize,sugar_wld,11,0.02796083342516235
vxo,combined,maize,sugar_wld,12,0.02724107376468599
vxo,combined,maize,sugar_wld,13,0.02724107376468599
vxo,combined,maize,sugar_wld,14,0.02724107376468599
vxo,combined,maize,sugar_wld,15,0.02724107376468599
vxo,combined,maize,sugar_wld,16,0.02724107376468599
vxo,combined,maize,sugar_wld,17,0.02724107376468599
vxo,combined,maize,sugar_wld,18,0.02724107376468599
vxo,combined,maize,sugar_wld,19,0.02724107376468599
vxo,combined,maize,sugar_wld,20,0.02724107376468599
vxo,combined,maize,sugar_wld,21,0.02724107376468599
vxo,combined,maize,sugar_wld,22,0.02724107376468599
vxo,combined,maize,sugar_wld,23,0.02724107376468599
vxo,combined,maize,sugar_wld,24,0.02724107376468599
vxo,combined,maize,tin,1,0
vxo,combined,maize,tin,2,0
vxo,combined,maize,tin,3,0.0032454111475286426
vxo,combined,maize,tin,4,0.024317211538572324
vxo,combined,maize,tin,5,0.03912279012094355
vxo,combined,maize,tin,6,0.047167061338556304
vxo,combined,maize,tin,7,0.06465164919693697
vxo,combined,maize,tin,8,0.05894679385722644
vxo,combined,maize,tin,9,0.060537930322147916
vxo,combined,maize,tin,10,0.05708681115712225
vxo,combined,maize,tin,11,0.059333337984894124
vxo,combined,maize,tin,12,0.05798815778270733
vxo,combined,maize,tin,13,0.05798815778270733
vxo,combined,maize,tin,14,0.05798815778270733
vxo,combined,maize,tin,15,0.05798815778270733
vxo,combined,maize,tin,16,0.05798815778270733
vxo,combined,maize,tin,17,0.05798815778270733
vxo,combined,maize,tin,18,0.05798815778270733
vxo,combined,maize,tin,19,0.05798815778270733
vxo,combined,maize,tin,20,0.05798815778270733
vxo,combined,maize,tin,21,0.05798815778270733
vxo,combined,maize,tin,22,0.05798815778270733
vxo,combined,maize,tin,23,0.05798815778270733
vxo,combined,maize,tin,24,0.05798815778270733
vxo,combined,maize,wheat_us_hrw,1,0
vxo,combined,maize,wheat_us_hrw,2,0
vxo,combined,maize,wheat_us_hrw,3,0.007864742877112993
vxo,combined,maize,wheat_us_hrw,4,0.006867243628274641
vxo,combined,maize,wheat_us_hrw,5,0.011814798419519115
vxo,combined,maize,wheat_us_hrw,6,0.012938362692966112
vxo,combined,maize,wheat_us_hrw,7,0.013207734975323385
vxo,combined,maize,wheat_us_hrw,8,0.017703339082293042
vxo,combined,maize,wheat_us_hrw,9,0.019065791653895152
vxo,combined,maize,wheat_us_hrw,10,0.01781878190873176
vxo,combined,maize,wheat_us_hrw,11,0.01856703849740891
vxo,combined,maize,wheat_us_hrw,12,0.01903180460784985
vxo,combined,maize,wheat_us_hrw,13,0.01903180460784985
vxo,combined,maize,wheat_us_hrw,14,0.01903180460784985
vxo,combined,maize,wheat_us_hrw,15,0.01903180460784985
vxo,combined,maize,wheat_us_hrw,16,0.01903180460784985
vxo,combined,maize,wheat_us_hrw,17,0.01903180460784985
vxo,combined,maize,wheat_us_hrw,18,0.01903180460784985
vxo,combined,maize,wheat_us_hrw,19,0.01903180460784985
vxo,combined,maize,wheat_us_hrw,20,0.01903180460784985
vxo,combined,maize,wheat_us_hrw,21,0.01903180460784985
vxo,combined,maize,wheat_us_hrw,22,0.01903180460784985
vxo,combined,maize,wheat_us_hrw,23,0.01903180460784985
vxo,combined,maize,wheat_us_hrw,24,0.01903180460784985
vxo,combined,maize,zinc,1,0
vxo,combined,maize,zinc,2,0
vxo,combined,maize,zinc,3,5.126041966907926e-5
vxo,combined,maize,zinc,4,4.311318791061926e-4
vxo,combined,maize,zinc,5,4.116453894283342e-4
vxo,combined,maize,zinc,6,6.431578177708977e-4
vxo,combined,maize,zinc,7,0.007408888317649275
vxo,combined,maize,zinc,8,0.006822358183323435
vxo,combined,maize,zinc,9,0.006707035562645038
vxo,combined,maize,zinc,10,0.006377335728208182
vxo,combined,maize,zinc,11,0.00816682903325839
vxo,combined,maize,zinc,12,0.007953538518908324
vxo,combined,maize,zinc,13,0.007953538518908324
vxo,combined,maize,zinc,14,0.007953538518908324
vxo,combined,maize,zinc,15,0.007953538518908324
vxo,combined,maize,zinc,16,0.007953538518908324
vxo,combined,maize,zinc,17,0.007953538518908324
vxo,combined,maize,zinc,18,0.007953538518908324
vxo,combined,maize,zinc,19,0.007953538518908324
vxo,combined,maize,zinc,20,0.007953538518908324
vxo,combined,maize,zinc,21,0.007953538518908324
vxo,combined,maize,zinc,22,0.007953538518908324
vxo,combined,maize,zinc,23,0.007953538518908324
vxo,combined,maize,zinc,24,0.007953538518908324
vxo,combined,ngas_us,aluminium,1,0
vxo,combined,ngas_us,aluminium,2,0
vxo,combined,ngas_us,aluminium,3,0.018835211104503275
vxo,combined,ngas_us,aluminium,4,0.03219480974470923
vxo,combined,ngas_us,aluminium,5,0.029672385341830865
vxo,combined,ngas_us,aluminium,6,0.02787732433973646
vxo,combined,ngas_us,aluminium,7,0.0262573356845505
vxo,combined,ngas_us,aluminium,8,0.026559648599924254
vxo,combined,ngas_us,aluminium,9,0.027724417572760094
vxo,combined,ngas_us,aluminium,10,0.0505171084843473
vxo,combined,ngas_us,aluminium,11,0.050456735633241934
vxo,combined,ngas_us,aluminium,12,0.0639013626308067
vxo,combined,ngas_us,aluminium,13,0.0639013626308067
vxo,combined,ngas_us,aluminium,14,0.0639013626308067
vxo,combined,ngas_us,aluminium,15,0.0639013626308067
vxo,combined,ngas_us,aluminium,16,0.0639013626308067
vxo,combined,ngas_us,aluminium,17,0.0639013626308067
vxo,combined,ngas_us,aluminium,18,0.0639013626308067
vxo,combined,ngas_us,aluminium,19,0.0639013626308067
vxo,combined,ngas_us,aluminium,20,0.0639013626308067
vxo,combined,ngas_us,aluminium,21,0.0639013626308067
vxo,combined,ngas_us,aluminium,22,0.0639013626308067
vxo,combined,ngas_us,aluminium,23,0.0639013626308067
vxo,combined,ngas_us,aluminium,24,0.0639013626308067
vxo,combined,ngas_us,cocoa,1,0
vxo,combined,ngas_us,cocoa,2,0
vxo,combined,ngas_us,cocoa,3,0.0020104322386586735
vxo,combined,ngas_us,cocoa,4,0.003740881459492346
vxo,combined,ngas_us,cocoa,5,0.005460602045126235
vxo,combined,ngas_us,cocoa,6,0.011194604806394198
vxo,combined,ngas_us,cocoa,7,0.010142365657926495
vxo,combined,ngas_us,cocoa,8,0.009276685214721267
vxo,combined,ngas_us,cocoa,9,0.010182846758872767
vxo,combined,ngas_us,cocoa,10,0.01001278223717923
vxo,combined,ngas_us,cocoa,11,0.009835728560369645
vxo,combined,ngas_us,cocoa,12,0.00925551148424443
vxo,combined,ngas_us,cocoa,13,0.00925551148424443
vxo,combined,ngas_us,cocoa,14,0.00925551148424443
vxo,combined,ngas_us,cocoa,15,0.00925551148424443
vxo,combined,ngas_us,cocoa,16,0.00925551148424443
vxo,combined,ngas_us,cocoa,17,0.00925551148424443
vxo,combined,ngas_us,cocoa,18,0.00925551148424443
vxo,combined,ngas_us,cocoa,19,0.00925551148424443
vxo,combined,ngas_us,cocoa,20,0.00925551148424443
vxo,combined,ngas_us,cocoa,21,0.00925551148424443
vxo,combined,ngas_us,cocoa,22,0.00925551148424443
vxo,combined,ngas_us,cocoa,23,0.00925551148424443
vxo,combined,ngas_us,cocoa,24,0.00925551148424443
vxo,combined,ngas_us,coffee_arabic,1,0
vxo,combined,ngas_us,coffee_arabic,2,0
vxo,combined,ngas_us,coffee_arabic,3,0.022319145184938306
vxo,combined,ngas_us,coffee_arabic,4,0.02732415547108594
vxo,combined,ngas_us,coffee_arabic,5,0.025114455899761523
vxo,combined,ngas_us,coffee_arabic,6,0.023621336823204202
vxo,combined,ngas_us,coffee_arabic,7,0.021059974472404652
vxo,combined,ngas_us,coffee_arabic,8,0.019270116019677368
vxo,combined,ngas_us,coffee_arabic,9,0.021611756675746278
vxo,combined,ngas_us,coffee_arabic,10,0.03096617767412788
vxo,combined,ngas_us,coffee_arabic,11,0.03115515395908989
vxo,combined,ngas_us,coffee_arabic,12,0.03011757458706626
vxo,combined,ngas_us,coffee_arabic,13,0.03011757458706626
vxo,combined,ngas_us,coffee_arabic,14,0.03011757458706626
vxo,combined,ngas_us,coffee_arabic,15,0.03011757458706626
vxo,combined,ngas_us,coffee_arabic,16,0.03011757458706626
vxo,combined,ngas_us,coffee_arabic,17,0.03011757458706626
vxo,combined,ngas_us,coffee_arabic,18,0.03011757458706626
vxo,combined,ngas_us,coffee_arabic,19,0.03011757458706626
vxo,combined,ngas_us,coffee_arabic,20,0.03011757458706626
vxo,combined,ngas_us,coffee_arabic,21,0.03011757458706626
vxo,combined,ngas_us,coffee_arabic,22,0.03011757458706626
vxo,combined,ngas_us,coffee_arabic,23,0.03011757458706626
vxo,combined,ngas_us,coffee_arabic,24,0.03011757458706626
vxo,combined,ngas_us,copper,1,0
vxo,combined,ngas_us,copper,2,0
vxo,combined,ngas_us,copper,3,0.087926948025358
vxo,combined,ngas_us,copper,4,0.09408954945445443
vxo,combined,ngas_us,copper,5,0.0894691608043159
vxo,combined,ngas_us,copper,6,0.08403125226441589
vxo,combined,ngas_us,copper,7,0.09266403027588578
vxo,combined,ngas_us,copper,8,0.08477423564450016
vxo,combined,ngas_us,copper,9,0.08120564717588569
vxo,combined,ngas_us,copper,10,0.07752530020470857
vxo,combined,ngas_us,copper,11,0.08082581695546086
vxo,combined,ngas_us,copper,12,0.0873405914098493
vxo,combined,ngas_us,copper,13,0.0873405914098493
vxo,combined,ngas_us,copper,14,0.0873405914098493
vxo,combined,ngas_us,copper,15,0.0873405914098493
vxo,combined,ngas_us,copper,16,0.0873405914098493
vxo,combined,ngas_us,copper,17,0.0873405914098493
vxo,combined,ngas_us,copper,18,0.0873405914098493
vxo,combined,ngas_us,copper,19,0.0873405914098493
vxo,combined,ngas_us,copper,20,0.0873405914098493
vxo,combined,ngas_us,copper,21,0.0873405914098493
vxo,combined,ngas_us,copper,22,0.0873405914098493
vxo,combined,ngas_us,copper,23,0.0873405914098493
vxo,combined,ngas_us,copper,24,0.0873405914098493
vxo,combined,ngas_us,cotton_a_indx,1,0
vxo,combined,ngas_us,cotton_a_indx,2,0
vxo,combined,ngas_us,cotton_a_indx,3,0.03959381583044166
vxo,combined,ngas_us,cotton_a_indx,4,0.05120804109423561
vxo,combined,ngas_us,cotton_a_indx,5,0.05453315694280044
vxo,combined,ngas_us,cotton_a_indx,6,0.054579307350088535
vxo,combined,ngas_us,cotton_a_indx,7,0.050378732147360876
vxo,combined,ngas_us,cotton_a_indx,8,0.04938076929304741
vxo,combined,ngas_us,cotton_a_indx,9,0.06041067307675706
vxo,combined,ngas_us,cotton_a_indx,10,0.056400535060548825
vxo,combined,ngas_us,cotton_a_indx,11,0.05463857447205769
vxo,combined,ngas_us,cotton_a_indx,12,0.056654368841222096
vxo,combined,ngas_us,cotton_a_indx,13,0.056654368841222096
vxo,combined,ngas_us,cotton_a_indx,14,0.056654368841222096
vxo,combined,ngas_us,cotton_a_indx,15,0.056654368841222096
vxo,combined,ngas_us,cotton_a_indx,16,0.056654368841222096
vxo,combined,ngas_us,cotton_a_indx,17,0.056654368841222096
vxo,combined,ngas_us,cotton_a_indx,18,0.056654368841222096
vxo,combined,ngas_us,cotton_a_indx,19,0.056654368841222096
vxo,combined,ngas_us,cotton_a_indx,20,0.056654368841222096
vxo,combined,ngas_us,cotton_a_indx,21,0.056654368841222096
vxo,combined,ngas_us,cotton_a_indx,22,0.056654368841222096
vxo,combined,ngas_us,cotton_a_indx,23,0.056654368841222096
vxo,combined,ngas_us,cotton_a_indx,24,0.056654368841222096
vxo,combined,ngas_us,crude_wti,1,0
vxo,combined,ngas_us,crude_wti,2,0
vxo,combined,ngas_us,crude_wti,3,0.002456709243180644
vxo,combined,ngas_us,crude_wti,4,0.014159085819918201
vxo,combined,ngas_us,crude_wti,5,0.014525800413173378
vxo,combined,ngas_us,crude_wti,6,0.015986638323299225
vxo,combined,ngas_us,crude_wti,7,0.014284003505038837
vxo,combined,ngas_us,crude_wti,8,0.013823898883597485
vxo,combined,ngas_us,crude_wti,9,0.013532001609572616
vxo,combined,ngas_us,crude_wti,10,0.012599643488026951
vxo,combined,ngas_us,crude_wti,11,0.01316865691455735
vxo,combined,ngas_us,crude_wti,12,0.012392200388591082
vxo,combined,ngas_us,crude_wti,13,0.012392200388591082
vxo,combined,ngas_us,crude_wti,14,0.012392200388591082
vxo,combined,ngas_us,crude_wti,15,0.012392200388591082
vxo,combined,ngas_us,crude_wti,16,0.012392200388591082
vxo,combined,ngas_us,crude_wti,17,0.012392200388591082
vxo,combined,ngas_us,crude_wti,18,0.012392200388591082
vxo,combined,ngas_us,crude_wti,19,0.012392200388591082
vxo,combined,ngas_us,crude_wti,20,0.012392200388591082
vxo,combined,ngas_us,crude_wti,21,0.012392200388591082
vxo,combined,ngas_us,crude_wti,22,0.012392200388591082
vxo,combined,ngas_us,crude_wti,23,0.012392200388591082
vxo,combined,ngas_us,crude_wti,24,0.012392200388591082
vxo,combined,ngas_us,gold,1,0
vxo,combined,ngas_us,gold,2,0
vxo,combined,ngas_us,gold,3,0.07548421755440557
vxo,combined,ngas_us,gold,4,0.06019641163940264
vxo,combined,ngas_us,gold,5,0.059769393041319833
vxo,combined,ngas_us,gold,6,0.0564011493040053
vxo,combined,ngas_us,gold,7,0.05326882715041879
vxo,combined,ngas_us,gold,8,0.04877204238533423
vxo,combined,ngas_us,gold,9,0.046911056407776146
vxo,combined,ngas_us,gold,10,0.04377687422896614
vxo,combined,ngas_us,gold,11,0.04244724747187917
vxo,combined,ngas_us,gold,12,0.040653218392433056
vxo,combined,ngas_us,gold,13,0.040653218392433056
vxo,combined,ngas_us,gold,14,0.040653218392433056
vxo,combined,ngas_us,gold,15,0.040653218392433056
vxo,combined,ngas_us,gold,16,0.040653218392433056
vxo,combined,ngas_us,gold,17,0.040653218392433056
vxo,combined,ngas_us,gold,18,0.040653218392433056
vxo,combined,ngas_us,gold,19,0.040653218392433056
vxo,combined,ngas_us,gold,20,0.040653218392433056
vxo,combined,ngas_us,gold,21,0.040653218392433056
vxo,combined,ngas_us,gold,22,0.040653218392433056
vxo,combined,ngas_us,gold,23,0.040653218392433056
vxo,combined,ngas_us,gold,24,0.040653218392433056
vxo,combined,ngas_us,lead,1,0
vxo,combined,ngas_us,lead,2,0
vxo,combined,ngas_us,lead,3,3.054733743403488e-4
vxo,combined,ngas_us,lead,4,0.009011278357169202
vxo,combined,ngas_us,lead,5,0.012583621853893938
vxo,combined,ngas_us,lead,6,0.013754188663740017
vxo,combined,ngas_us,lead,7,0.03790891207793647
vxo,combined,ngas_us,lead,8,0.03686800702306797
vxo,combined,ngas_us,lead,9,0.03833122682564227
vxo,combined,ngas_us,lead,10,0.035687662343964
vxo,combined,ngas_us,lead,11,0.03892207896036048
vxo,combined,ngas_us,lead,12,0.04221226963420065
vxo,combined,ngas_us,lead,13,0.04221226963420065
vxo,combined,ngas_us,lead,14,0.04221226963420065
vxo,combined,ngas_us,lead,15,0.04221226963420065
vxo,combined,ngas_us,lead,16,0.04221226963420065
vxo,combined,ngas_us,lead,17,0.04221226963420065
vxo,combined,ngas_us,lead,18,0.04221226963420065
vxo,combined,ngas_us,lead,19,0.04221226963420065
vxo,combined,ngas_us,lead,20,0.04221226963420065
vxo,combined,ngas_us,lead,21,0.04221226963420065
vxo,combined,ngas_us,lead,22,0.04221226963420065
vxo,combined,ngas_us,lead,23,0.04221226963420065
vxo,combined,ngas_us,lead,24,0.04221226963420065
vxo,combined,ngas_us,maize,1,0
vxo,combined,ngas_us,maize,2,0
vxo,combined,ngas_us,maize,3,0.001009836677594403
vxo,combined,ngas_us,maize,4,0.03038421333880557
vxo,combined,ngas_us,maize,5,0.03076365842010311
vxo,combined,ngas_us,maize,6,0.040621301800279626
vxo,combined,ngas_us,maize,7,0.03638105888127896
vxo,combined,ngas_us,maize,8,0.03921274613836197
vxo,combined,ngas_us,maize,9,0.04250106096829796
vxo,combined,ngas_us,maize,10,0.04223025984241614
vxo,combined,ngas_us,maize,11,0.04102950530277053
vxo,combined,ngas_us,maize,12,0.04146603727122792
vxo,combined,ngas_us,maize,13,0.04146603727122792
vxo,combined,ngas_us,maize,14,0.04146603727122792
vxo,combined,ngas_us,maize,15,0.04146603727122792
vxo,combined,ngas_us,maize,16,0.04146603727122792
vxo,combined,ngas_us,maize,17,0.04146603727122792
vxo,combined,ngas_us,maize,18,0.04146603727122792
vxo,combined,ngas_us,maize,19,0.04146603727122792
vxo,combined,ngas_us,maize,20,0.04146603727122792
vxo,combined,ngas_us,maize,21,0.04146603727122792
vxo,combined,ngas_us,maize,22,0.04146603727122792
vxo,combined,ngas_us,maize,23,0.04146603727122792
vxo,combined,ngas_us,maize,24,0.04146603727122792
vxo,combined,ngas_us,ngas_us,1,0
vxo,combined,ngas_us,ngas_us,2,1
vxo,combined,ngas_us,ngas_us,3,0.6213536201332075
vxo,combined,ngas_us,ngas_us,4,0.47060537416327086
vxo,combined,ngas_us,ngas_us,5,0.42831511766826713
vxo,combined,ngas_us,ngas_us,6,0.40256436645470983
vxo,combined,ngas_us,ngas_us,7,0.37197433470652114
vxo,combined,ngas_us,ngas_us,8,0.34156121153003527
vxo,combined,ngas_us,ngas_us,9,0.3314318757703503
vxo,combined,ngas_us,ngas_us,10,0.3110533386312772
vxo,combined,ngas_us,ngas_us,11,0.3014480134074567
vxo,combined,ngas_us,ngas_us,12,0.2847899292134941
vxo,combined,ngas_us,ngas_us,13,0.2847899292134941
vxo,combined,ngas_us,ngas_us,14,0.2847899292134941
vxo,combined,ngas_us,ngas_us,15,0.2847899292134941
vxo,combined,ngas_us,ngas_us,16,0.2847899292134941
vxo,combined,ngas_us,ngas_us,17,0.2847899292134941
vxo,combined,ngas_us,ngas_us,18,0.2847899292134941
vxo,combined,ngas_us,ngas_us,19,0.2847899292134941
vxo,combined,ngas_us,ngas_us,20,0.2847899292134941
vxo,combined,ngas_us,ngas_us,21,0.2847899292134941
vxo,combined,ngas_us,ngas_us,22,0.2847899292134941
vxo,combined,ngas_us,ngas_us,23,0.2847899292134941
vxo,combined,ngas_us,ngas_us,24,0.2847899292134941
vxo,combined,ngas_us,nickel,1,0
vxo,combined,ngas_us,nickel,2,0
vxo,combined,ngas_us,nickel,3,0.015036088975461418
vxo,combined,ngas_us,nickel,4,0.03133880479003418
vxo,combined,ngas_us,nickel,5,0.02846358951138703
vxo,combined,ngas_us,nickel,6,0.02762368622219745
vxo,combined,ngas_us,nickel,7,0.025410635468594237
vxo,combined,ngas_us,nickel,8,0.03131826589480871
vxo,combined,ngas_us,nickel,9,0.030066862961805326
vxo,combined,ngas_us,nickel,10,0.03133870576515824
vxo,combined,ngas_us,nickel,11,0.030801137574031853
vxo,combined,ngas_us,nickel,12,0.029379199504541563
vxo,combined,ngas_us,nickel,13,0.029379199504541563
vxo,combined,ngas_us,nickel,14,0.029379199504541563
vxo,combined,ngas_us,nickel,15,0.029379199504541563
vxo,combined,ngas_us,nickel,16,0.029379199504541563
vxo,combined,ngas_us,nickel,17,0.029379199504541563
vxo,combined,ngas_us,nickel,18,0.029379199504541563
vxo,combined,ngas_us,nickel,19,0.029379199504541563
vxo,combined,ngas_us,nickel,20,0.029379199504541563
vxo,combined,ngas_us,nickel,21,0.029379199504541563
vxo,combined,ngas_us,nickel,22,0.029379199504541563
vxo,combined,ngas_us,nickel,23,0.029379199504541563
vxo,combined,ngas_us,nickel,24,0.029379199504541563
vxo,combined,ngas_us,platinum,1,0
vxo,combined,ngas_us,platinum,2,0
vxo,combined,ngas_us,platinum,3,0.01011195311156137
vxo,combined,ngas_us,platinum,4,0.007864546237606651
vxo,combined,ngas_us,platinum,5,0.01082442799986347
vxo,combined,ngas_us,platinum,6,0.011162992751646655
vxo,combined,ngas_us,platinum,7,0.023396818574509246
vxo,combined,ngas_us,platinum,8,0.024286876497303423
vxo,combined,ngas_us,platinum,9,0.023294837172343045
vxo,combined,ngas_us,platinum,10,0.022387322507041486
vxo,combined,ngas_us,platinum,11,0.021781977967784274
vxo,combined,ngas_us,platinum,12,0.020536591352311652
vxo,combined,ngas_us,platinum,13,0.020536591352311652
vxo,combined,ngas_us,platinum,14,0.020536591352311652
vxo,combined,ngas_us,platinum,15,0.020536591352311652
vxo,combined,ngas_us,platinum,16,0.020536591352311652
vxo,combined,ngas_us,platinum,17,0.020536591352311652
vxo,combined,ngas_us,platinum,18,0.020536591352311652
vxo,combined,ngas_us,platinum,19,0.020536591352311652
vxo,combined,ngas_us,platinum,20,0.020536591352311652
vxo,combined,ngas_us,platinum,21,0.020536591352311652
vxo,combined,ngas_us,platinum,22,0.020536591352311652
vxo,combined,ngas_us,platinum,23,0.020536591352311652
vxo,combined,ngas_us,platinum,24,0.020536591352311652
vxo,combined,ngas_us,silver,1,0
vxo,combined,ngas_us,silver,2,0
vxo,combined,ngas_us,silver,3,0.04973681335306377
vxo,combined,ngas_us,silver,4,0.04660067334729465
vxo,combined,ngas_us,silver,5,0.05424346013319233
vxo,combined,ngas_us,silver,6,0.051079762405247434
vxo,combined,ngas_us,silver,7,0.04554634500263846
vxo,combined,ngas_us,silver,8,0.041664078557265866
vxo,combined,ngas_us,silver,9,0.042146664231532543
vxo,combined,ngas_us,silver,10,0.041453387257603225
vxo,combined,ngas_us,silver,11,0.04287700454567521
vxo,combined,ngas_us,silver,12,0.04107322500203493
vxo,combined,ngas_us,silver,13,0.04107322500203493
vxo,combined,ngas_us,silver,14,0.04107322500203493
vxo,combined,ngas_us,silver,15,0.04107322500203493
vxo,combined,ngas_us,silver,16,0.04107322500203493
vxo,combined,ngas_us,silver,17,0.04107322500203493
vxo,combined,ngas_us,silver,18,0.04107322500203493
vxo,combined,ngas_us,silver,19,0.04107322500203493
vxo,combined,ngas_us,silver,20,0.04107322500203493
vxo,combined,ngas_us,silver,21,0.04107322500203493
vxo,combined,ngas_us,silver,22,0.04107322500203493
vxo,combined,ngas_us,silver,23,0.04107322500203493
vxo,combined,ngas_us,silver,24,0.04107322500203493
vxo,combined,ngas_us,soybeans,1,0
vxo,combined,ngas_us,soybeans,2,0
vxo,combined,ngas_us,soybeans,3,0.01119662515033701
vxo,combined,ngas_us,soybeans,4,0.04036978653055874
vxo,combined,ngas_us,soybeans,5,0.03696054306131234
vxo,combined,ngas_us,soybeans,6,0.05314913249696428
vxo,combined,ngas_us,soybeans,7,0.050133303843723866
vxo,combined,ngas_us,soybeans,8,0.06916637638485812
vxo,combined,ngas_us,soybeans,9,0.0679524701342658
vxo,combined,ngas_us,soybeans,10,0.07282600362790612
vxo,combined,ngas_us,soybeans,11,0.07052449971824422
vxo,combined,ngas_us,soybeans,12,0.07194074697947521
vxo,combined,ngas_us,soybeans,13,0.07194074697947521
vxo,combined,ngas_us,soybeans,14,0.07194074697947521
vxo,combined,ngas_us,soybeans,15,0.07194074697947521
vxo,combined,ngas_us,soybeans,16,0.07194074697947521
vxo,combined,ngas_us,soybeans,17,0.07194074697947521
vxo,combined,ngas_us,soybeans,18,0.07194074697947521
vxo,combined,ngas_us,soybeans,19,0.07194074697947521
vxo,combined,ngas_us,soybeans,20,0.07194074697947521
vxo,combined,ngas_us,soybeans,21,0.07194074697947521
vxo,combined,ngas_us,soybeans,22,0.07194074697947521
vxo,combined,ngas_us,soybeans,23,0.07194074697947521
vxo,combined,ngas_us,soybeans,24,0.07194074697947521
vxo,combined,ngas_us,sugar_wld,1,0
vxo,combined,ngas_us,sugar_wld,2,0
vxo,combined,ngas_us,sugar_wld,3,0.004740942866876914
vxo,combined,ngas_us,sugar_wld,4,0.024151713718277436
vxo,combined,ngas_us,sugar_wld,5,0.021980810634896892
vxo,combined,ngas_us,sugar_wld,6,0.024820571973518085
vxo,combined,ngas_us,sugar_wld,7,0.022240257757903475
vxo,combined,ngas_us,sugar_wld,8,0.02106283310219177
vxo,combined,ngas_us,sugar_wld,9,0.020150556743546415
vxo,combined,ngas_us,sugar_wld,10,0.020663436479141543
vxo,combined,ngas_us,sugar_wld,11,0.020107885745213952
vxo,combined,ngas_us,sugar_wld,12,0.019209786016728743
vxo,combined,ngas_us,sugar_wld,13,0.019209786016728743
vxo,combined,ngas_us,sugar_wld,14,0.019209786016728743
vxo,combined,ngas_us,sugar_wld,15,0.019209786016728743
vxo,combined,ngas_us,sugar_wld,16,0.019209786016728743
vxo,combined,ngas_us,sugar_wld,17,0.019209786016728743
vxo,combined,ngas_us,sugar_wld,18,0.019209786016728743
vxo,combined,ngas_us,sugar_wld,19,0.019209786016728743
vxo,combined,ngas_us,sugar_wld,20,0.019209786016728743
vxo,combined,ngas_us,sugar_wld,21,0.019209786016728743
vxo,combined,ngas_us,sugar_wld,22,0.019209786016728743
vxo,combined,ngas_us,sugar_wld,23,0.019209786016728743
vxo,combined,ngas_us,sugar_wld,24,0.019209786016728743
vxo,combined,ngas_us,tin,1,0
vxo,combined,ngas_us,tin,2,0
vxo,combined,ngas_us,tin,3,1.1072666756993722e-4
vxo,combined,ngas_us,tin,4,0.0016056618399118384
vxo,combined,ngas_us,tin,5,0.01347774421685921
vxo,combined,ngas_us,tin,6,0.02056311278281353
vxo,combined,ngas_us,tin,7,0.0271655048803894
vxo,combined,ngas_us,tin,8,0.027808815607574595
vxo,combined,ngas_us,tin,9,0.026820573122482046
vxo,combined,ngas_us,tin,10,0.025016699613203353
vxo,combined,ngas_us,tin,11,0.028589085633704273
vxo,combined,ngas_us,tin,12,0.03074665604649177
vxo,combined,ngas_us,tin,13,0.03074665604649177
vxo,combined,ngas_us,tin,14,0.03074665604649177
vxo,combined,ngas_us,tin,15,0.03074665604649177
vxo,combined,ngas_us,tin,16,0.03074665604649177
vxo,combined,ngas_us,tin,17,0.03074665604649177
vxo,combined,ngas_us,tin,18,0.03074665604649177
vxo,combined,ngas_us,tin,19,0.03074665604649177
vxo,combined,ngas_us,tin,20,0.03074665604649177
vxo,combined,ngas_us,tin,21,0.03074665604649177
vxo,combined,ngas_us,tin,22,0.03074665604649177
vxo,combined,ngas_us,tin,23,0.03074665604649177
vxo,combined,ngas_us,tin,24,0.03074665604649177
vxo,combined,ngas_us,wheat_us_hrw,1,0
vxo,combined,ngas_us,wheat_us_hrw,2,0
vxo,combined,ngas_us,wheat_us_hrw,3,1.0090187555458883e-4
vxo,combined,ngas_us,wheat_us_hrw,4,0.0013781574523800445
vxo,combined,ngas_us,wheat_us_hrw,5,0.012026146230089569
vxo,combined,ngas_us,wheat_us_hrw,6,0.011397789858378008
vxo,combined,ngas_us,wheat_us_hrw,7,0.013690341889554264
vxo,combined,ngas_us,wheat_us_hrw,8,0.015868813280912216
vxo,combined,ngas_us,wheat_us_hrw,9,0.018796397252004115
vxo,combined,ngas_us,wheat_us_hrw,10,0.023578344280179474
vxo,combined,ngas_us,wheat_us_hrw,11,0.022869294994023143
vxo,combined,ngas_us,wheat_us_hrw,12,0.02248671038842067
vxo,combined,ngas_us,wheat_us_hrw,13,0.02248671038842067
vxo,combined,ngas_us,wheat_us_hrw,14,0.02248671038842067
vxo,combined,ngas_us,wheat_us_hrw,15,0.02248671038842067
vxo,combined,ngas_us,wheat_us_hrw,16,0.02248671038842067
vxo,combined,ngas_us,wheat_us_hrw,17,0.02248671038842067
vxo,combined,ngas_us,wheat_us_hrw,18,0.02248671038842067
vxo,combined,ngas_us,wheat_us_hrw,19,0.02248671038842067
vxo,combined,ngas_us,wheat_us_hrw,20,0.02248671038842067
vxo,combined,ngas_us,wheat_us_hrw,21,0.02248671038842067
vxo,combined,ngas_us,wheat_us_hrw,22,0.02248671038842067
vxo,combined,ngas_us,wheat_us_hrw,23,0.02248671038842067
vxo,combined,ngas_us,wheat_us_hrw,24,0.02248671038842067
vxo,combined,ngas_us,zinc,1,0
vxo,combined,ngas_us,zinc,2,0
vxo,combined,ngas_us,zinc,3,0.03767053863294653
vxo,combined,ngas_us,zinc,4,0.05377685554139237
vxo,combined,ngas_us,zinc,5,0.07181592578180676
vxo,combined,ngas_us,zinc,6,0.06957148137936137
vxo,combined,ngas_us,zinc,7,0.07809721802336478
vxo,combined,ngas_us,zinc,8,0.09932457994281804
vxo,combined,ngas_us,zinc,9,0.09692907554035947
vxo,combined,ngas_us,zinc,10,0.09196641827420428
vxo,combined,ngas_us,zinc,11,0.09852160218407871
vxo,combined,ngas_us,zinc,12,0.09584402085685989
vxo,combined,ngas_us,zinc,13,0.09584402085685989
vxo,combined,ngas_us,zinc,14,0.09584402085685989
vxo,combined,ngas_us,zinc,15,0.09584402085685989
vxo,combined,ngas_us,zinc,16,0.09584402085685989
vxo,combined,ngas_us,zinc,17,0.09584402085685989
vxo,combined,ngas_us,zinc,18,0.09584402085685989
vxo,combined,ngas_us,zinc,19,0.09584402085685989
vxo,combined,ngas_us,zinc,20,0.09584402085685989
vxo,combined,ngas_us,zinc,21,0.09584402085685989
vxo,combined,ngas_us,zinc,22,0.09584402085685989
vxo,combined,ngas_us,zinc,23,0.09584402085685989
vxo,combined,ngas_us,zinc,24,0.09584402085685989
vxo,combined,nickel,aluminium,1,0
vxo,combined,nickel,aluminium,2,0
vxo,combined,nickel,aluminium,3,0.009888438585536197
vxo,combined,nickel,aluminium,4,0.008289505424719176
vxo,combined,nickel,aluminium,5,0.03579720040773799
vxo,combined,nickel,aluminium,6,0.05109770160534943
vxo,combined,nickel,aluminium,7,0.046780463117291865
vxo,combined,nickel,aluminium,8,0.046050737258132426
vxo,combined,nickel,aluminium,9,0.04348447575993417
vxo,combined,nickel,aluminium,10,0.043049599154573584
vxo,combined,nickel,aluminium,11,0.04097253003370737
vxo,combined,nickel,aluminium,12,0.041270222916641654
vxo,combined,nickel,aluminium,13,0.041270222916641654
vxo,combined,nickel,aluminium,14,0.041270222916641654
vxo,combined,nickel,aluminium,15,0.041270222916641654
vxo,combined,nickel,aluminium,16,0.041270222916641654
vxo,combined,nickel,aluminium,17,0.041270222916641654
vxo,combined,nickel,aluminium,18,0.041270222916641654
vxo,combined,nickel,aluminium,19,0.041270222916641654
vxo,combined,nickel,aluminium,20,0.041270222916641654
vxo,combined,nickel,aluminium,21,0.041270222916641654
vxo,combined,nickel,aluminium,22,0.041270222916641654
vxo,combined,nickel,aluminium,23,0.041270222916641654
vxo,combined,nickel,aluminium,24,0.041270222916641654
vxo,combined,nickel,cocoa,1,0
vxo,combined,nickel,cocoa,2,0
vxo,combined,nickel,cocoa,3,1.4316671269977824e-5
vxo,combined,nickel,cocoa,4,4.2013341046739445e-4
vxo,combined,nickel,cocoa,5,0.001035686097857929
vxo,combined,nickel,cocoa,6,0.0011804029769373501
vxo,combined,nickel,cocoa,7,0.003440977175933075
vxo,combined,nickel,cocoa,8,0.004055265084648736
vxo,combined,nickel,cocoa,9,0.004292501759164161
vxo,combined,nickel,cocoa,10,0.00422653897303994
vxo,combined,nickel,cocoa,11,0.004846980195114429
vxo,combined,nickel,cocoa,12,0.0048119362289441945
vxo,combined,nickel,cocoa,13,0.0048119362289441945
vxo,combined,nickel,cocoa,14,0.0048119362289441945
vxo,combined,nickel,cocoa,15,0.0048119362289441945
vxo,combined,nickel,cocoa,16,0.0048119362289441945
vxo,combined,nickel,cocoa,17,0.0048119362289441945
vxo,combined,nickel,cocoa,18,0.0048119362289441945
vxo,combined,nickel,cocoa,19,0.0048119362289441945
vxo,combined,nickel,cocoa,20,0.0048119362289441945
vxo,combined,nickel,cocoa,21,0.0048119362289441945
vxo,combined,nickel,cocoa,22,0.0048119362289441945
vxo,combined,nickel,cocoa,23,0.0048119362289441945
vxo,combined,nickel,cocoa,24,0.0048119362289441945
vxo,combined,nickel,coffee_arabic,1,0
vxo,combined,nickel,coffee_arabic,2,0
vxo,combined,nickel,coffee_arabic,3,2.9906364855561214e-5
vxo,combined,nickel,coffee_arabic,4,0.00480557047956249
vxo,combined,nickel,coffee_arabic,5,0.004229286002255482
vxo,combined,nickel,coffee_arabic,6,0.009754476383174027
vxo,combined,nickel,coffee_arabic,7,0.010078181162026903
vxo,combined,nickel,coffee_arabic,8,0.012211602035659352
vxo,combined,nickel,coffee_arabic,9,0.011622486647104958
vxo,combined,nickel,coffee_arabic,10,0.011526989035968186
vxo,combined,nickel,coffee_arabic,11,0.01740472660356612
vxo,combined,nickel,coffee_arabic,12,0.017855505902288026
vxo,combined,nickel,coffee_arabic,13,0.017855505902288026
vxo,combined,nickel,coffee_arabic,14,0.017855505902288026
vxo,combined,nickel,coffee_arabic,15,0.017855505902288026
vxo,combined,nickel,coffee_arabic,16,0.017855505902288026
vxo,combined,nickel,coffee_arabic,17,0.017855505902288026
vxo,combined,nickel,coffee_arabic,18,0.017855505902288026
vxo,combined,nickel,coffee_arabic,19,0.017855505902288026
vxo,combined,nickel,coffee_arabic,20,0.017855505902288026
vxo,combined,nickel,coffee_arabic,21,0.017855505902288026
vxo,combined,nickel,coffee_arabic,22,0.017855505902288026
vxo,combined,nickel,coffee_arabic,23,0.017855505902288026
vxo,combined,nickel,coffee_arabic,24,0.017855505902288026
vxo,combined,nickel,copper,1,0
vxo,combined,nickel,copper,2,0
vxo,combined,nickel,copper,3,1.1971882375755813e-4
vxo,combined,nickel,copper,4,3.497232943721508e-4
vxo,combined,nickel,copper,5,0.10841487034160649
vxo,combined,nickel,copper,6,0.09760412467760415
vxo,combined,nickel,copper,7,0.09633935619192584
vxo,combined,nickel,copper,8,0.0928208033987435
vxo,combined,nickel,copper,9,0.092272456586446
vxo,combined,nickel,copper,10,0.08977113153167372
vxo,combined,nickel,copper,11,0.09236925675029392
vxo,combined,nickel,copper,12,0.08917562410352273
vxo,combined,nickel,copper,13,0.08917562410352273
vxo,combined,nickel,copper,14,0.08917562410352273
vxo,combined,nickel,copper,15,0.08917562410352273
vxo,combined,nickel,copper,16,0.08917562410352273
vxo,combined,nickel,copper,17,0.08917562410352273
vxo,combined,nickel,copper,18,0.08917562410352273
vxo,combined,nickel,copper,19,0.08917562410352273
vxo,combined,nickel,copper,20,0.08917562410352273
vxo,combined,nickel,copper,21,0.08917562410352273
vxo,combined,nickel,copper,22,0.08917562410352273
vxo,combined,nickel,copper,23,0.08917562410352273
vxo,combined,nickel,copper,24,0.08917562410352273
vxo,combined,nickel,cotton_a_indx,1,0
vxo,combined,nickel,cotton_a_indx,2,0
vxo,combined,nickel,cotton_a_indx,3,0.01495934757458946
vxo,combined,nickel,cotton_a_indx,4,0.013129173457228978
vxo,combined,nickel,cotton_a_indx,5,0.013914793986944255
vxo,combined,nickel,cotton_a_indx,6,0.014642501914186262
vxo,combined,nickel,cotton_a_indx,7,0.022701870571077722
vxo,combined,nickel,cotton_a_indx,8,0.022024463180895456
vxo,combined,nickel,cotton_a_indx,9,0.02083745955341324
vxo,combined,nickel,cotton_a_indx,10,0.024442490500219016
vxo,combined,nickel,cotton_a_indx,11,0.026694145928684302
vxo,combined,nickel,cotton_a_indx,12,0.02561904696096256
vxo,combined,nickel,cotton_a_indx,13,0.02561904696096256
vxo,combined,nickel,cotton_a_indx,14,0.02561904696096256
vxo,combined,nickel,cotton_a_indx,15,0.02561904696096256
vxo,combined,nickel,cotton_a_indx,16,0.02561904696096256
vxo,combined,nickel,cotton_a_indx,17,0.02561904696096256
vxo,combined,nickel,cotton_a_indx,18,0.02561904696096256
vxo,combined,nickel,cotton_a_indx,19,0.02561904696096256
vxo,combined,nickel,cotton_a_indx,20,0.02561904696096256
vxo,combined,nickel,cotton_a_indx,21,0.02561904696096256
vxo,combined,nickel,cotton_a_indx,22,0.02561904696096256
vxo,combined,nickel,cotton_a_indx,23,0.02561904696096256
vxo,combined,nickel,cotton_a_indx,24,0.02561904696096256
vxo,combined,nickel,crude_wti,1,0
vxo,combined,nickel,crude_wti,2,0
vxo,combined,nickel,crude_wti,3,1.8402195779028065e-5
vxo,combined,nickel,crude_wti,4,8.450877760102013e-4
vxo,combined,nickel,crude_wti,5,6.292423065112548e-4
vxo,combined,nickel,crude_wti,6,0.007450246027991793
vxo,combined,nickel,crude_wti,7,0.008155127426433444
vxo,combined,nickel,crude_wti,8,0.007854890241495717
vxo,combined,nickel,crude_wti,9,0.007886493908536537
vxo,combined,nickel,crude_wti,10,0.008101420914977125
vxo,combined,nickel,crude_wti,11,0.007746546767737621
vxo,combined,nickel,crude_wti,12,0.007606796856037624
vxo,combined,nickel,crude_wti,13,0.007606796856037624
vxo,combined,nickel,crude_wti,14,0.007606796856037624
vxo,combined,nickel,crude_wti,15,0.007606796856037624
vxo,combined,nickel,crude_wti,16,0.007606796856037624
vxo,combined,nickel,crude_wti,17,0.007606796856037624
vxo,combined,nickel,crude_wti,18,0.007606796856037624
vxo,combined,nickel,crude_wti,19,0.007606796856037624
vxo,combined,nickel,crude_wti,20,0.007606796856037624
vxo,combined,nickel,crude_wti,21,0.007606796856037624
vxo,combined,nickel,crude_wti,22,0.007606796856037624
vxo,combined,nickel,crude_wti,23,0.007606796856037624
vxo,combined,nickel,crude_wti,24,0.007606796856037624
vxo,combined,nickel,gold,1,0
vxo,combined,nickel,gold,2,0
vxo,combined,nickel,gold,3,1.260669170723163e-5
vxo,combined,nickel,gold,4,1.9798026814698403e-5
vxo,combined,nickel,gold,5,3.2857669053025175e-5
vxo,combined,nickel,gold,6,0.0024937590519775923
vxo,combined,nickel,gold,7,0.003268519667731168
vxo,combined,nickel,gold,8,0.004244249682809148
vxo,combined,nickel,gold,9,0.005135435579306588
vxo,combined,nickel,gold,10,0.00533267857303181
vxo,combined,nickel,gold,11,0.005677002239207651
vxo,combined,nickel,gold,12,0.0056575584173318046
vxo,combined,nickel,gold,13,0.0056575584173318046
vxo,combined,nickel,gold,14,0.0056575584173318046
vxo,combined,nickel,gold,15,0.0056575584173318046
vxo,combined,nickel,gold,16,0.0056575584173318046
vxo,combined,nickel,gold,17,0.0056575584173318046
vxo,combined,nickel,gold,18,0.0056575584173318046
vxo,combined,nickel,gold,19,0.0056575584173318046
vxo,combined,nickel,gold,20,0.0056575584173318046
vxo,combined,nickel,gold,21,0.0056575584173318046
vxo,combined,nickel,gold,22,0.0056575584173318046
vxo,combined,nickel,gold,23,0.0056575584173318046
vxo,combined,nickel,gold,24,0.0056575584173318046
vxo,combined,nickel,lead,1,0
vxo,combined,nickel,lead,2,0
vxo,combined,nickel,lead,3,0.04755871904255608
vxo,combined,nickel,lead,4,0.04118095586090948
vxo,combined,nickel,lead,5,0.03146617788157666
vxo,combined,nickel,lead,6,0.032191907121997314
vxo,combined,nickel,lead,7,0.0329886034751497
vxo,combined,nickel,lead,8,0.037114006840964525
vxo,combined,nickel,lead,9,0.036641923881214976
vxo,combined,nickel,lead,10,0.03586039151075346
vxo,combined,nickel,lead,11,0.034043765706087296
vxo,combined,nickel,lead,12,0.03303918274863361
vxo,combined,nickel,lead,13,0.03303918274863361
vxo,combined,nickel,lead,14,0.03303918274863361
vxo,combined,nickel,lead,15,0.03303918274863361
vxo,combined,nickel,lead,16,0.03303918274863361
vxo,combined,nickel,lead,17,0.03303918274863361
vxo,combined,nickel,lead,18,0.03303918274863361
vxo,combined,nickel,lead,19,0.03303918274863361
vxo,combined,nickel,lead,20,0.03303918274863361
vxo,combined,nickel,lead,21,0.03303918274863361
vxo,combined,nickel,lead,22,0.03303918274863361
vxo,combined,nickel,lead,23,0.03303918274863361
vxo,combined,nickel,lead,24,0.03303918274863361
vxo,combined,nickel,maize,1,0
vxo,combined,nickel,maize,2,0
vxo,combined,nickel,maize,3,0.006535190580867083
vxo,combined,nickel,maize,4,0.0058978863730880194
vxo,combined,nickel,maize,5,0.004483117359281717
vxo,combined,nickel,maize,6,0.005482472113150463
vxo,combined,nickel,maize,7,0.013588748158621423
vxo,combined,nickel,maize,8,0.013082288444137148
vxo,combined,nickel,maize,9,0.012373613322436607
vxo,combined,nickel,maize,10,0.014720986342984988
vxo,combined,nickel,maize,11,0.02164917634602493
vxo,combined,nickel,maize,12,0.022092071587796157
vxo,combined,nickel,maize,13,0.022092071587796157
vxo,combined,nickel,maize,14,0.022092071587796157
vxo,combined,nickel,maize,15,0.022092071587796157
vxo,combined,nickel,maize,16,0.022092071587796157
vxo,combined,nickel,maize,17,0.022092071587796157
vxo,combined,nickel,maize,18,0.022092071587796157
vxo,combined,nickel,maize,19,0.022092071587796157
vxo,combined,nickel,maize,20,0.022092071587796157
vxo,combined,nickel,maize,21,0.022092071587796157
vxo,combined,nickel,maize,22,0.022092071587796157
vxo,combined,nickel,maize,23,0.022092071587796157
vxo,combined,nickel,maize,24,0.022092071587796157
vxo,combined,nickel,ngas_us,1,0
vxo,combined,nickel,ngas_us,2,0
vxo,combined,nickel,ngas_us,3,2.8064727744123944e-4
vxo,combined,nickel,ngas_us,4,0.0038636042833630306
vxo,combined,nickel,ngas_us,5,0.008521058728938153
vxo,combined,nickel,ngas_us,6,0.009096094684715306
vxo,combined,nickel,ngas_us,7,0.008308513156922197
vxo,combined,nickel,ngas_us,8,0.009937751758659068
vxo,combined,nickel,ngas_us,9,0.011821220328057118
vxo,combined,nickel,ngas_us,10,0.011518639057405768
vxo,combined,nickel,ngas_us,11,0.02079310643552172
vxo,combined,nickel,ngas_us,12,0.026047350249258625
vxo,combined,nickel,ngas_us,13,0.026047350249258625
vxo,combined,nickel,ngas_us,14,0.026047350249258625
vxo,combined,nickel,ngas_us,15,0.026047350249258625
vxo,combined,nickel,ngas_us,16,0.026047350249258625
vxo,combined,nickel,ngas_us,17,0.026047350249258625
vxo,combined,nickel,ngas_us,18,0.026047350249258625
vxo,combined,nickel,ngas_us,19,0.026047350249258625
vxo,combined,nickel,ngas_us,20,0.026047350249258625
vxo,combined,nickel,ngas_us,21,0.026047350249258625
vxo,combined,nickel,ngas_us,22,0.026047350249258625
vxo,combined,nickel,ngas_us,23,0.026047350249258625
vxo,combined,nickel,ngas_us,24,0.026047350249258625
vxo,combined,nickel,nickel,1,0
vxo,combined,nickel,nickel,2,1
vxo,combined,nickel,nickel,3,0.7987451051750054
vxo,combined,nickel,nickel,4,0.6932612971102361
vxo,combined,nickel,nickel,5,0.5172915953886588
vxo,combined,nickel,nickel,6,0.46328047448565995
vxo,combined,nickel,nickel,7,0.4231779964852403
vxo,combined,nickel,nickel,8,0.40822208335613447
vxo,combined,nickel,nickel,9,0.3831038137952812
vxo,combined,nickel,nickel,10,0.37239974806618925
vxo,combined,nickel,nickel,11,0.3540509060320289
vxo,combined,nickel,nickel,12,0.34307742304981675
vxo,combined,nickel,nickel,13,0.34307742304981675
vxo,combined,nickel,nickel,14,0.34307742304981675
vxo,combined,nickel,nickel,15,0.34307742304981675
vxo,combined,nickel,nickel,16,0.34307742304981675
vxo,combined,nickel,nickel,17,0.34307742304981675
vxo,combined,nickel,nickel,18,0.34307742304981675
vxo,combined,nickel,nickel,19,0.34307742304981675
vxo,combined,nickel,nickel,20,0.34307742304981675
vxo,combined,nickel,nickel,21,0.34307742304981675
vxo,combined,nickel,nickel,22,0.34307742304981675
vxo,combined,nickel,nickel,23,0.34307742304981675
vxo,combined,nickel,nickel,24,0.34307742304981675
vxo,combined,nickel,platinum,1,0
vxo,combined,nickel,platinum,2,0
vxo,combined,nickel,platinum,3,3.1256012865109973e-4
vxo,combined,nickel,platinum,4,0.027583561920832857
vxo,combined,nickel,platinum,5,0.08113904168519014
vxo,combined,nickel,platinum,6,0.07310157974284487
vxo,combined,nickel,platinum,7,0.0694770545292146
vxo,combined,nickel,platinum,8,0.06974846608604873
vxo,combined,nickel,platinum,9,0.087256093677964
vxo,combined,nickel,platinum,10,0.08474241390416241
vxo,combined,nickel,platinum,11,0.08415383829177972
vxo,combined,nickel,platinum,12,0.08450919218543237
vxo,combined,nickel,platinum,13,0.08450919218543237
vxo,combined,nickel,platinum,14,0.08450919218543237
vxo,combined,nickel,platinum,15,0.08450919218543237
vxo,combined,nickel,platinum,16,0.08450919218543237
vxo,combined,nickel,platinum,17,0.08450919218543237
vxo,combined,nickel,platinum,18,0.08450919218543237
vxo,combined,nickel,platinum,19,0.08450919218543237
vxo,combined,nickel,platinum,20,0.08450919218543237
vxo,combined,nickel,platinum,21,0.08450919218543237
vxo,combined,nickel,platinum,22,0.08450919218543237
vxo,combined,nickel,platinum,23,0.08450919218543237
vxo,combined,nickel,platinum,24,0.08450919218543237
vxo,combined,nickel,silver,1,0
vxo,combined,nickel,silver,2,0
vxo,combined,nickel,silver,3,0.004123427089541911
vxo,combined,nickel,silver,4,0.004997044054511276
vxo,combined,nickel,silver,5,0.008707977853289568
vxo,combined,nickel,silver,6,0.037419873588257636
vxo,combined,nickel,silver,7,0.03442994931557667
vxo,combined,nickel,silver,8,0.034065875386593614
vxo,combined,nickel,silver,9,0.033053082133026775
vxo,combined,nickel,silver,10,0.03271945139820821
vxo,combined,nickel,silver,11,0.03169985837224598
vxo,combined,nickel,silver,12,0.030305602824877355
vxo,combined,nickel,silver,13,0.030305602824877355
vxo,combined,nickel,silver,14,0.030305602824877355
vxo,combined,nickel,silver,15,0.030305602824877355
vxo,combined,nickel,silver,16,0.030305602824877355
vxo,combined,nickel,silver,17,0.030305602824877355
vxo,combined,nickel,silver,18,0.030305602824877355
vxo,combined,nickel,silver,19,0.030305602824877355
vxo,combined,nickel,silver,20,0.030305602824877355
vxo,combined,nickel,silver,21,0.030305602824877355
vxo,combined,nickel,silver,22,0.030305602824877355
vxo,combined,nickel,silver,23,0.030305602824877355
vxo,combined,nickel,silver,24,0.030305602824877355
vxo,combined,nickel,soybeans,1,0
vxo,combined,nickel,soybeans,2,0
vxo,combined,nickel,soybeans,3,8.736896608267701e-5
vxo,combined,nickel,soybeans,4,0.027101456791555314
vxo,combined,nickel,soybeans,5,0.026816809835622242
vxo,combined,nickel,soybeans,6,0.025603757904376478
vxo,combined,nickel,soybeans,7,0.02399932041094112
vxo,combined,nickel,soybeans,8,0.02539431844812535
vxo,combined,nickel,soybeans,9,0.03205582230537205
vxo,combined,nickel,soybeans,10,0.03976121103582339
vxo,combined,nickel,soybeans,11,0.039314538866230264
vxo,combined,nickel,soybeans,12,0.0426481160454335
vxo,combined,nickel,soybeans,13,0.0426481160454335
vxo,combined,nickel,soybeans,14,0.0426481160454335
vxo,combined,nickel,soybeans,15,0.0426481160454335
vxo,combined,nickel,soybeans,16,0.0426481160454335
vxo,combined,nickel,soybeans,17,0.0426481160454335
vxo,combined,nickel,soybeans,18,0.0426481160454335
vxo,combined,nickel,soybeans,19,0.0426481160454335
vxo,combined,nickel,soybeans,20,0.0426481160454335
vxo,combined,nickel,soybeans,21,0.0426481160454335
vxo,combined,nickel,soybeans,22,0.0426481160454335
vxo,combined,nickel,soybeans,23,0.0426481160454335
vxo,combined,nickel,soybeans,24,0.0426481160454335
vxo,combined,nickel,sugar_wld,1,0
vxo,combined,nickel,sugar_wld,2,0
vxo,combined,nickel,sugar_wld,3,9.192287285527126e-4
vxo,combined,nickel,sugar_wld,4,0.0024540958412988837
vxo,combined,nickel,sugar_wld,5,0.0018562466051231903
vxo,combined,nickel,sugar_wld,6,0.0019110621912201647
vxo,combined,nickel,sugar_wld,7,0.005042429110564895
vxo,combined,nickel,sugar_wld,8,0.012937024954350033
vxo,combined,nickel,sugar_wld,9,0.017326279124461184
vxo,combined,nickel,sugar_wld,10,0.01732111403020549
vxo,combined,nickel,sugar_wld,11,0.016467982061328636
vxo,combined,nickel,sugar_wld,12,0.01569797281886597
vxo,combined,nickel,sugar_wld,13,0.01569797281886597
vxo,combined,nickel,sugar_wld,14,0.01569797281886597
vxo,combined,nickel,sugar_wld,15,0.01569797281886597
vxo,combined,nickel,sugar_wld,16,0.01569797281886597
vxo,combined,nickel,sugar_wld,17,0.01569797281886597
vxo,combined,nickel,sugar_wld,18,0.01569797281886597
vxo,combined,nickel,sugar_wld,19,0.01569797281886597
vxo,combined,nickel,sugar_wld,20,0.01569797281886597
vxo,combined,nickel,sugar_wld,21,0.01569797281886597
vxo,combined,nickel,sugar_wld,22,0.01569797281886597
vxo,combined,nickel,sugar_wld,23,0.01569797281886597
vxo,combined,nickel,sugar_wld,24,0.01569797281886597
vxo,combined,nickel,tin,1,0
vxo,combined,nickel,tin,2,0
vxo,combined,nickel,tin,3,0.001269397600296443
vxo,combined,nickel,tin,4,0.039727167369105414
vxo,combined,nickel,tin,5,0.04375286867106486
vxo,combined,nickel,tin,6,0.06413202449041644
vxo,combined,nickel,tin,7,0.06014675460695329
vxo,combined,nickel,tin,8,0.06720970761652825
vxo,combined,nickel,tin,9,0.07020530921880076
vxo,combined,nickel,tin,10,0.07011919743427177
vxo,combined,nickel,tin,11,0.06676591558224725
vxo,combined,nickel,tin,12,0.06718735285343662
vxo,combined,nickel,tin,13,0.06718735285343662
vxo,combined,nickel,tin,14,0.06718735285343662
vxo,combined,nickel,tin,15,0.06718735285343662
vxo,combined,nickel,tin,16,0.06718735285343662
vxo,combined,nickel,tin,17,0.06718735285343662
vxo,combined,nickel,tin,18,0.06718735285343662
vxo,combined,nickel,tin,19,0.06718735285343662
vxo,combined,nickel,tin,20,0.06718735285343662
vxo,combined,nickel,tin,21,0.06718735285343662
vxo,combined,nickel,tin,22,0.06718735285343662
vxo,combined,nickel,tin,23,0.06718735285343662
vxo,combined,nickel,tin,24,0.06718735285343662
vxo,combined,nickel,wheat_us_hrw,1,0
vxo,combined,nickel,wheat_us_hrw,2,0
vxo,combined,nickel,wheat_us_hrw,3,0.030543682470347465
vxo,combined,nickel,wheat_us_hrw,4,0.049985398981967605
vxo,combined,nickel,wheat_us_hrw,5,0.041306992369446204
vxo,combined,nickel,wheat_us_hrw,6,0.037118363490871026
vxo,combined,nickel,wheat_us_hrw,7,0.04737144152594983
vxo,combined,nickel,wheat_us_hrw,8,0.04563879412524222
vxo,combined,nickel,wheat_us_hrw,9,0.043673373759192564
vxo,combined,nickel,wheat_us_hrw,10,0.04376951065324758
vxo,combined,nickel,wheat_us_hrw,11,0.04512064150096294
vxo,combined,nickel,wheat_us_hrw,12,0.04382565289848703
vxo,combined,nickel,wheat_us_hrw,13,0.04382565289848703
vxo,combined,nickel,wheat_us_hrw,14,0.04382565289848703
vxo,combined,nickel,wheat_us_hrw,15,0.04382565289848703
vxo,combined,nickel,wheat_us_hrw,16,0.04382565289848703
vxo,combined,nickel,wheat_us_hrw,17,0.04382565289848703
vxo,combined,nickel,wheat_us_hrw,18,0.04382565289848703
vxo,combined,nickel,wheat_us_hrw,19,0.04382565289848703
vxo,combined,nickel,wheat_us_hrw,20,0.04382565289848703
vxo,combined,nickel,wheat_us_hrw,21,0.04382565289848703
vxo,combined,nickel,wheat_us_hrw,22,0.04382565289848703
vxo,combined,nickel,wheat_us_hrw,23,0.04382565289848703
vxo,combined,nickel,wheat_us_hrw,24,0.04382565289848703
vxo,combined,nickel,zinc,1,0
vxo,combined,nickel,zinc,2,0
vxo,combined,nickel,zinc,3,0.08458193603316273
vxo,combined,nickel,zinc,4,0.07608853954395683
vxo,combined,nickel,zinc,5,0.07060417680984202
vxo,combined,nickel,zinc,6,0.06643917754926966
vxo,combined,nickel,zinc,7,0.09070469391244601
vxo,combined,nickel,zinc,8,0.08738767210083236
vxo,combined,nickel,zinc,9,0.08695815866028696
vxo,combined,nickel,zinc,10,0.09061648788326444
vxo,combined,nickel,zinc,11,0.09022908228723082
vxo,combined,nickel,zinc,12,0.09957339135223356
vxo,combined,nickel,zinc,13,0.09957339135223356
vxo,combined,nickel,zinc,14,0.09957339135223356
vxo,combined,nickel,zinc,15,0.09957339135223356
vxo,combined,nickel,zinc,16,0.09957339135223356
vxo,combined,nickel,zinc,17,0.09957339135223356
vxo,combined,nickel,zinc,18,0.09957339135223356
vxo,combined,nickel,zinc,19,0.09957339135223356
vxo,combined,nickel,zinc,20,0.09957339135223356
vxo,combined,nickel,zinc,21,0.09957339135223356
vxo,combined,nickel,zinc,22,0.09957339135223356
vxo,combined,nickel,zinc,23,0.09957339135223356
vxo,combined,nickel,zinc,24,0.09957339135223356
vxo,combined,platinum,aluminium,1,0
vxo,combined,platinum,aluminium,2,0
vxo,combined,platinum,aluminium,3,0.003791968379298414
vxo,combined,platinum,aluminium,4,0.003501197115964042
vxo,combined,platinum,aluminium,5,0.01570793726727746
vxo,combined,platinum,aluminium,6,0.055379818640622996
vxo,combined,platinum,aluminium,7,0.059372779148854325
vxo,combined,platinum,aluminium,8,0.05499274147794694
vxo,combined,platinum,aluminium,9,0.06699946036009508
vxo,combined,platinum,aluminium,10,0.06966649976785073
vxo,combined,platinum,aluminium,11,0.07051603806883625
vxo,combined,platinum,aluminium,12,0.07965193525191247
vxo,combined,platinum,aluminium,13,0.07965193525191247
vxo,combined,platinum,aluminium,14,0.07965193525191247
vxo,combined,platinum,aluminium,15,0.07965193525191247
vxo,combined,platinum,aluminium,16,0.07965193525191247
vxo,combined,platinum,aluminium,17,0.07965193525191247
vxo,combined,platinum,aluminium,18,0.07965193525191247
vxo,combined,platinum,aluminium,19,0.07965193525191247
vxo,combined,platinum,aluminium,20,0.07965193525191247
vxo,combined,platinum,aluminium,21,0.07965193525191247
vxo,combined,platinum,aluminium,22,0.07965193525191247
vxo,combined,platinum,aluminium,23,0.07965193525191247
vxo,combined,platinum,aluminium,24,0.07965193525191247
vxo,combined,platinum,cocoa,1,0
vxo,combined,platinum,cocoa,2,0
vxo,combined,platinum,cocoa,3,0.003308653486373986
vxo,combined,platinum,cocoa,4,0.003755636628357802
vxo,combined,platinum,cocoa,5,0.005521320184030441
vxo,combined,platinum,cocoa,6,0.00858633546965623
vxo,combined,platinum,cocoa,7,0.0113295561192435
vxo,combined,platinum,cocoa,8,0.010315479320430405
vxo,combined,platinum,cocoa,9,0.010635721611982148
vxo,combined,platinum,cocoa,10,0.010269389214146224
vxo,combined,platinum,cocoa,11,0.01017481427547983
vxo,combined,platinum,cocoa,12,0.009830935136107825
vxo,combined,platinum,cocoa,13,0.009830935136107825
vxo,combined,platinum,cocoa,14,0.009830935136107825
vxo,combined,platinum,cocoa,15,0.009830935136107825
vxo,combined,platinum,cocoa,16,0.009830935136107825
vxo,combined,platinum,cocoa,17,0.009830935136107825
vxo,combined,platinum,cocoa,18,0.009830935136107825
vxo,combined,platinum,cocoa,19,0.009830935136107825
vxo,combined,platinum,cocoa,20,0.009830935136107825
vxo,combined,platinum,cocoa,21,0.009830935136107825
vxo,combined,platinum,cocoa,22,0.009830935136107825
vxo,combined,platinum,cocoa,23,0.009830935136107825
vxo,combined,platinum,cocoa,24,0.009830935136107825
vxo,combined,platinum,coffee_arabic,1,0
vxo,combined,platinum,coffee_arabic,2,0
vxo,combined,platinum,coffee_arabic,3,2.4060918451950948e-4
vxo,combined,platinum,coffee_arabic,4,2.9644008217994305e-4
vxo,combined,platinum,coffee_arabic,5,0.022782765115451103
vxo,combined,platinum,coffee_arabic,6,0.03450934728521892
vxo,combined,platinum,coffee_arabic,7,0.03432034937323956
vxo,combined,platinum,coffee_arabic,8,0.031534482008156436
vxo,combined,platinum,coffee_arabic,9,0.030822248943700826
vxo,combined,platinum,coffee_arabic,10,0.03388628409990923
vxo,combined,platinum,coffee_arabic,11,0.03321115422225691
vxo,combined,platinum,coffee_arabic,12,0.035255935413315315
vxo,combined,platinum,coffee_arabic,13,0.035255935413315315
vxo,combined,platinum,coffee_arabic,14,0.035255935413315315
vxo,combined,platinum,coffee_arabic,15,0.035255935413315315
vxo,combined,platinum,coffee_arabic,16,0.035255935413315315
vxo,combined,platinum,coffee_arabic,17,0.035255935413315315
vxo,combined,platinum,coffee_arabic,18,0.035255935413315315
vxo,combined,platinum,coffee_arabic,19,0.035255935413315315
vxo,combined,platinum,coffee_arabic,20,0.035255935413315315
vxo,combined,platinum,coffee_arabic,21,0.035255935413315315
vxo,combined,platinum,coffee_arabic,22,0.035255935413315315
vxo,combined,platinum,coffee_arabic,23,0.035255935413315315
vxo,combined,platinum,coffee_arabic,24,0.035255935413315315
vxo,combined,platinum,copper,1,0
vxo,combined,platinum,copper,2,0
vxo,combined,platinum,copper,3,0.1861190242064116
vxo,combined,platinum,copper,4,0.15394495871976008
vxo,combined,platinum,copper,5,0.1404225179282007
vxo,combined,platinum,copper,6,0.1528748959624205
vxo,combined,platinum,copper,7,0.13320156839519132
vxo,combined,platinum,copper,8,0.12377487949199276
vxo,combined,platinum,copper,9,0.12084513364256454
vxo,combined,platinum,copper,10,0.11720566597489425
vxo,combined,platinum,copper,11,0.11868094376887742
vxo,combined,platinum,copper,12,0.1233039342146464
vxo,combined,platinum,copper,13,0.1233039342146464
vxo,combined,platinum,copper,14,0.1233039342146464
vxo,combined,platinum,copper,15,0.1233039342146464
vxo,combined,platinum,copper,16,0.1233039342146464
vxo,combined,platinum,copper,17,0.1233039342146464
vxo,combined,platinum,copper,18,0.1233039342146464
vxo,combined,platinum,copper,19,0.1233039342146464
vxo,combined,platinum,copper,20,0.1233039342146464
vxo,combined,platinum,copper,21,0.1233039342146464
vxo,combined,platinum,copper,22,0.1233039342146464
vxo,combined,platinum,copper,23,0.1233039342146464
vxo,combined,platinum,copper,24,0.1233039342146464
vxo,combined,platinum,cotton_a_indx,1,0
vxo,combined,platinum,cotton_a_indx,2,0
vxo,combined,platinum,cotton_a_indx,3,0.009273317078955005
vxo,combined,platinum,cotton_a_indx,4,0.014204277871599018
vxo,combined,platinum,cotton_a_indx,5,0.0204199332735106
vxo,combined,platinum,cotton_a_indx,6,0.026601412117991136
vxo,combined,platinum,cotton_a_indx,7,0.024768344796490274
vxo,combined,platinum,cotton_a_indx,8,0.046339536036453806
vxo,combined,platinum,cotton_a_indx,9,0.04482144918559648
vxo,combined,platinum,cotton_a_indx,10,0.042964436444766996
vxo,combined,platinum,cotton_a_indx,11,0.04286634513460371
vxo,combined,platinum,cotton_a_indx,12,0.04369246229402896
vxo,combined,platinum,cotton_a_indx,13,0.04369246229402896
vxo,combined,platinum,cotton_a_indx,14,0.04369246229402896
vxo,combined,platinum,cotton_a_indx,15,0.04369246229402896
vxo,combined,platinum,cotton_a_indx,16,0.04369246229402896
vxo,combined,platinum,cotton_a_indx,17,0.04369246229402896
vxo,combined,platinum,cotton_a_indx,18,0.04369246229402896
vxo,combined,platinum,cotton_a_indx,19,0.04369246229402896
vxo,combined,platinum,cotton_a_indx,20,0.04369246229402896
vxo,combined,platinum,cotton_a_indx,21,0.04369246229402896
vxo,combined,platinum,cotton_a_indx,22,0.04369246229402896
vxo,combined,platinum,cotton_a_indx,23,0.04369246229402896
vxo,combined,platinum,cotton_a_indx,24,0.04369246229402896
vxo,combined,platinum,crude_wti,1,0
vxo,combined,platinum,crude_wti,2,0
vxo,combined,platinum,crude_wti,3,0.001518764124278893
vxo,combined,platinum,crude_wti,4,0.005716548927870048
vxo,combined,platinum,crude_wti,5,0.00531070552005371
vxo,combined,platinum,crude_wti,6,0.007429747519453462
vxo,combined,platinum,crude_wti,7,0.006626546689587734
vxo,combined,platinum,crude_wti,8,0.006156426153541324
vxo,combined,platinum,crude_wti,9,0.006563544385720466
vxo,combined,platinum,crude_wti,10,0.006384107980283634
vxo,combined,platinum,crude_wti,11,0.007204035976022177
vxo,combined,platinum,crude_wti,12,0.006980424883583059
vxo,combined,platinum,crude_wti,13,0.006980424883583059
vxo,combined,platinum,crude_wti,14,0.006980424883583059
vxo,combined,platinum,crude_wti,15,0.006980424883583059
vxo,combined,platinum,crude_wti,16,0.006980424883583059
vxo,combined,platinum,crude_wti,17,0.006980424883583059
vxo,combined,platinum,crude_wti,18,0.006980424883583059
vxo,combined,platinum,crude_wti,19,0.006980424883583059
vxo,combined,platinum,crude_wti,20,0.006980424883583059
vxo,combined,platinum,crude_wti,21,0.006980424883583059
vxo,combined,platinum,crude_wti,22,0.006980424883583059
vxo,combined,platinum,crude_wti,23,0.006980424883583059
vxo,combined,platinum,crude_wti,24,0.006980424883583059
vxo,combined,platinum,gold,1,0
vxo,combined,platinum,gold,2,0
vxo,combined,platinum,gold,3,0.0010233970250376216
vxo,combined,platinum,gold,4,0.008036517589249894
vxo,combined,platinum,gold,5,0.007821710010677763
vxo,combined,platinum,gold,6,0.0074859871744645335
vxo,combined,platinum,gold,7,0.006544239264309595
vxo,combined,platinum,gold,8,0.005912988274804074
vxo,combined,platinum,gold,9,0.007553093043611158
vxo,combined,platinum,gold,10,0.007317220068993849
vxo,combined,platinum,gold,11,0.007875786982936266
vxo,combined,platinum,gold,12,0.011460901818414365
vxo,combined,platinum,gold,13,0.011460901818414365
vxo,combined,platinum,gold,14,0.011460901818414365
vxo,combined,platinum,gold,15,0.011460901818414365
vxo,combined,platinum,gold,16,0.011460901818414365
vxo,combined,platinum,gold,17,0.011460901818414365
vxo,combined,platinum,gold,18,0.011460901818414365
vxo,combined,platinum,gold,19,0.011460901818414365
vxo,combined,platinum,gold,20,0.011460901818414365
vxo,combined,platinum,gold,21,0.011460901818414365
vxo,combined,platinum,gold,22,0.011460901818414365
vxo,combined,platinum,gold,23,0.011460901818414365
vxo,combined,platinum,gold,24,0.011460901818414365
vxo,combined,platinum,lead,1,0
vxo,combined,platinum,lead,2,0
vxo,combined,platinum,lead,3,0.14005418660774585
vxo,combined,platinum,lead,4,0.11757747380867364
vxo,combined,platinum,lead,5,0.09898892138153664
vxo,combined,platinum,lead,6,0.0841017516070802
vxo,combined,platinum,lead,7,0.09138584713592916
vxo,combined,platinum,lead,8,0.10264100296960685
vxo,combined,platinum,lead,9,0.09944337624719518
vxo,combined,platinum,lead,10,0.09877210568083994
vxo,combined,platinum,lead,11,0.09768948629733543
vxo,combined,platinum,lead,12,0.09444134582507477
vxo,combined,platinum,lead,13,0.09444134582507477
vxo,combined,platinum,lead,14,0.09444134582507477
vxo,combined,platinum,lead,15,0.09444134582507477
vxo,combined,platinum,lead,16,0.09444134582507477
vxo,combined,platinum,lead,17,0.09444134582507477
vxo,combined,platinum,lead,18,0.09444134582507477
vxo,combined,platinum,lead,19,0.09444134582507477
vxo,combined,platinum,lead,20,0.09444134582507477
vxo,combined,platinum,lead,21,0.09444134582507477
vxo,combined,platinum,lead,22,0.09444134582507477
vxo,combined,platinum,lead,23,0.09444134582507477
vxo,combined,platinum,lead,24,0.09444134582507477
vxo,combined,platinum,maize,1,0
vxo,combined,platinum,maize,2,0
vxo,combined,platinum,maize,3,0.0012748380434308754
vxo,combined,platinum,maize,4,0.017402147444414783
vxo,combined,platinum,maize,5,0.031562060338058376
vxo,combined,platinum,maize,6,0.02909441560311447
vxo,combined,platinum,maize,7,0.03195906868348237
vxo,combined,platinum,maize,8,0.034822764602128006
vxo,combined,platinum,maize,9,0.0377976408434623
vxo,combined,platinum,maize,10,0.03883275923158495
vxo,combined,platinum,maize,11,0.04010532781817421
vxo,combined,platinum,maize,12,0.03862757138028239
vxo,combined,platinum,maize,13,0.03862757138028239
vxo,combined,platinum,maize,14,0.03862757138028239
vxo,combined,platinum,maize,15,0.03862757138028239
vxo,combined,platinum,maize,16,0.03862757138028239
vxo,combined,platinum,maize,17,0.03862757138028239
vxo,combined,platinum,maize,18,0.03862757138028239
vxo,combined,platinum,maize,19,0.03862757138028239
vxo,combined,platinum,maize,20,0.03862757138028239
vxo,combined,platinum,maize,21,0.03862757138028239
vxo,combined,platinum,maize,22,0.03862757138028239
vxo,combined,platinum,maize,23,0.03862757138028239
vxo,combined,platinum,maize,24,0.03862757138028239
vxo,combined,platinum,ngas_us,1,0
vxo,combined,platinum,ngas_us,2,0
vxo,combined,platinum,ngas_us,3,0.014596056635109652
vxo,combined,platinum,ngas_us,4,0.016836525552047163
vxo,combined,platinum,ngas_us,5,0.020535607798154512
vxo,combined,platinum,ngas_us,6,0.027617923310587413
vxo,combined,platinum,ngas_us,7,0.024078133446236015
vxo,combined,platinum,ngas_us,8,0.021841110237494056
vxo,combined,platinum,ngas_us,9,0.024111237270653795
vxo,combined,platinum,ngas_us,10,0.03108526914965078
vxo,combined,platinum,ngas_us,11,0.03122912182263311
vxo,combined,platinum,ngas_us,12,0.03547637797653943
vxo,combined,platinum,ngas_us,13,0.03547637797653943
vxo,combined,platinum,ngas_us,14,0.03547637797653943
vxo,combined,platinum,ngas_us,15,0.03547637797653943
vxo,combined,platinum,ngas_us,16,0.03547637797653943
vxo,combined,platinum,ngas_us,17,0.03547637797653943
vxo,combined,platinum,ngas_us,18,0.03547637797653943
vxo,combined,platinum,ngas_us,19,0.03547637797653943
vxo,combined,platinum,ngas_us,20,0.03547637797653943
vxo,combined,platinum,ngas_us,21,0.03547637797653943
vxo,combined,platinum,ngas_us,22,0.03547637797653943
vxo,combined,platinum,ngas_us,23,0.03547637797653943
vxo,combined,platinum,ngas_us,24,0.03547637797653943
vxo,combined,platinum,nickel,1,0
vxo,combined,platinum,nickel,2,0
vxo,combined,platinum,nickel,3,3.27023267117913e-4
vxo,combined,platinum,nickel,4,0.03340739014174971
vxo,combined,platinum,nickel,5,0.027163073628613765
vxo,combined,platinum,nickel,6,0.022914933110591385
vxo,combined,platinum,nickel,7,0.02180876373252082
vxo,combined,platinum,nickel,8,0.020382070002706202
vxo,combined,platinum,nickel,9,0.021419542973916843
vxo,combined,platinum,nickel,10,0.023012828880129635
vxo,combined,platinum,nickel,11,0.02249535271157545
vxo,combined,platinum,nickel,12,0.022154730781259274
vxo,combined,platinum,nickel,13,0.022154730781259274
vxo,combined,platinum,nickel,14,0.022154730781259274
vxo,combined,platinum,nickel,15,0.022154730781259274
vxo,combined,platinum,nickel,16,0.022154730781259274
vxo,combined,platinum,nickel,17,0.022154730781259274
vxo,combined,platinum,nickel,18,0.022154730781259274
vxo,combined,platinum,nickel,19,0.022154730781259274
vxo,combined,platinum,nickel,20,0.022154730781259274
vxo,combined,platinum,nickel,21,0.022154730781259274
vxo,combined,platinum,nickel,22,0.022154730781259274
vxo,combined,platinum,nickel,23,0.022154730781259274
vxo,combined,platinum,nickel,24,0.022154730781259274
vxo,combined,platinum,platinum,1,0
vxo,combined,platinum,platinum,2,1
vxo,combined,platinum,platinum,3,0.5651632526049696
vxo,combined,platinum,platinum,4,0.4684169470609613
vxo,combined,platinum,platinum,5,0.4080333574290393
vxo,combined,platinum,platinum,6,0.3344332466457144
vxo,combined,platinum,platinum,7,0.29459735340642873
vxo,combined,platinum,platinum,8,0.26611346216287357
vxo,combined,platinum,platinum,9,0.25779112430423706
vxo,combined,platinum,platinum,10,0.24887192970897018
vxo,combined,platinum,platinum,11,0.24563427515627453
vxo,combined,platinum,platinum,12,0.23490470046542683
vxo,combined,platinum,platinum,13,0.23490470046542683
vxo,combined,platinum,platinum,14,0.23490470046542683
vxo,combined,platinum,platinum,15,0.23490470046542683
vxo,combined,platinum,platinum,16,0.23490470046542683
vxo,combined,platinum,platinum,17,0.23490470046542683
vxo,combined,platinum,platinum,18,0.23490470046542683
vxo,combined,platinum,platinum,19,0.23490470046542683
vxo,combined,platinum,platinum,20,0.23490470046542683
vxo,combined,platinum,platinum,21,0.23490470046542683
vxo,combined,platinum,platinum,22,0.23490470046542683
vxo,combined,platinum,platinum,23,0.23490470046542683
vxo,combined,platinum,platinum,24,0.23490470046542683
vxo,combined,platinum,silver,1,0
vxo,combined,platinum,silver,2,0
vxo,combined,platinum,silver,3,2.747042382461721e-6
vxo,combined,platinum,silver,4,0.018749566197014914
vxo,combined,platinum,silver,5,0.04424415661781747
vxo,combined,platinum,silver,6,0.056149444616614495
vxo,combined,platinum,silver,7,0.05110853726915108
vxo,combined,platinum,silver,8,0.048311317886100644
vxo,combined,platinum,silver,9,0.04795367143382719
vxo,combined,platinum,silver,10,0.04687463072576035
vxo,combined,platinum,silver,11,0.04661356767952097
vxo,combined,platinum,silver,12,0.044595713672078666
vxo,combined,platinum,silver,13,0.044595713672078666
vxo,combined,platinum,silver,14,0.044595713672078666
vxo,combined,platinum,silver,15,0.044595713672078666
vxo,combined,platinum,silver,16,0.044595713672078666
vxo,combined,platinum,silver,17,0.044595713672078666
vxo,combined,platinum,silver,18,0.044595713672078666
vxo,combined,platinum,silver,19,0.044595713672078666
vxo,combined,platinum,silver,20,0.044595713672078666
vxo,combined,platinum,silver,21,0.044595713672078666
vxo,combined,platinum,silver,22,0.044595713672078666
vxo,combined,platinum,silver,23,0.044595713672078666
vxo,combined,platinum,silver,24,0.044595713672078666
vxo,combined,platinum,soybeans,1,0
vxo,combined,platinum,soybeans,2,0
vxo,combined,platinum,soybeans,3,0.001354962287149849
vxo,combined,platinum,soybeans,4,0.04151652321310336
vxo,combined,platinum,soybeans,5,0.033912416503705585
vxo,combined,platinum,soybeans,6,0.037055243122335955
vxo,combined,platinum,soybeans,7,0.03730774966492046
vxo,combined,platinum,soybeans,8,0.043468078035309526
vxo,combined,platinum,soybeans,9,0.04199492254257989
vxo,combined,platinum,soybeans,10,0.046025118409272744
vxo,combined,platinum,soybeans,11,0.04863596269707123
vxo,combined,platinum,soybeans,12,0.04653858218744314
vxo,combined,platinum,soybeans,13,0.04653858218744314
vxo,combined,platinum,soybeans,14,0.04653858218744314
vxo,combined,platinum,soybeans,15,0.04653858218744314
vxo,combined,platinum,soybeans,16,0.04653858218744314
vxo,combined,platinum,soybeans,17,0.04653858218744314
vxo,combined,platinum,soybeans,18,0.04653858218744314
vxo,combined,platinum,soybeans,19,0.04653858218744314
vxo,combined,platinum,soybeans,20,0.04653858218744314
vxo,combined,platinum,soybeans,21,0.04653858218744314
vxo,combined,platinum,soybeans,22,0.04653858218744314
vxo,combined,platinum,soybeans,23,0.04653858218744314
vxo,combined,platinum,soybeans,24,0.04653858218744314
vxo,combined,platinum,sugar_wld,1,0
vxo,combined,platinum,sugar_wld,2,0
vxo,combined,platinum,sugar_wld,3,0.027810478417227814
vxo,combined,platinum,sugar_wld,4,0.02399775958988052
vxo,combined,platinum,sugar_wld,5,0.02087937190775384
vxo,combined,platinum,sugar_wld,6,0.027676843660229482
vxo,combined,platinum,sugar_wld,7,0.028658489252514737
vxo,combined,platinum,sugar_wld,8,0.029875831201068907
vxo,combined,platinum,sugar_wld,9,0.02886803816696249
vxo,combined,platinum,sugar_wld,10,0.027711980312723237
vxo,combined,platinum,sugar_wld,11,0.027092873030826085
vxo,combined,platinum,sugar_wld,12,0.02668720480307335
vxo,combined,platinum,sugar_wld,13,0.02668720480307335
vxo,combined,platinum,sugar_wld,14,0.02668720480307335
vxo,combined,platinum,sugar_wld,15,0.02668720480307335
vxo,combined,platinum,sugar_wld,16,0.02668720480307335
vxo,combined,platinum,sugar_wld,17,0.02668720480307335
vxo,combined,platinum,sugar_wld,18,0.02668720480307335
vxo,combined,platinum,sugar_wld,19,0.02668720480307335
vxo,combined,platinum,sugar_wld,20,0.02668720480307335
vxo,combined,platinum,sugar_wld,21,0.02668720480307335
vxo,combined,platinum,sugar_wld,22,0.02668720480307335
vxo,combined,platinum,sugar_wld,23,0.02668720480307335
vxo,combined,platinum,sugar_wld,24,0.02668720480307335
vxo,combined,platinum,tin,1,0
vxo,combined,platinum,tin,2,0
vxo,combined,platinum,tin,3,0.008523030528729108
vxo,combined,platinum,tin,4,0.007421581710451445
vxo,combined,platinum,tin,5,0.010805516432211948
vxo,combined,platinum,tin,6,0.013732954750178857
vxo,combined,platinum,tin,7,0.03659835269222683
vxo,combined,platinum,tin,8,0.04210112239920738
vxo,combined,platinum,tin,9,0.04191346789932288
vxo,combined,platinum,tin,10,0.04092556289911197
vxo,combined,platinum,tin,11,0.04042072854896664
vxo,combined,platinum,tin,12,0.04101433647695126
vxo,combined,platinum,tin,13,0.04101433647695126
vxo,combined,platinum,tin,14,0.04101433647695126
vxo,combined,platinum,tin,15,0.04101433647695126
vxo,combined,platinum,tin,16,0.04101433647695126
vxo,combined,platinum,tin,17,0.04101433647695126
vxo,combined,platinum,tin,18,0.04101433647695126
vxo,combined,platinum,tin,19,0.04101433647695126
vxo,combined,platinum,tin,20,0.04101433647695126
vxo,combined,platinum,tin,21,0.04101433647695126
vxo,combined,platinum,tin,22,0.04101433647695126
vxo,combined,platinum,tin,23,0.04101433647695126
vxo,combined,platinum,tin,24,0.04101433647695126
vxo,combined,platinum,wheat_us_hrw,1,0
vxo,combined,platinum,wheat_us_hrw,2,0
vxo,combined,platinum,wheat_us_hrw,3,0.02074581347991643
vxo,combined,platinum,wheat_us_hrw,4,0.02105637364362666
vxo,combined,platinum,wheat_us_hrw,5,0.04692324004126892
vxo,combined,platinum,wheat_us_hrw,6,0.0405884441393084
vxo,combined,platinum,wheat_us_hrw,7,0.05294983402547252
vxo,combined,platinum,wheat_us_hrw,8,0.04940587720717831
vxo,combined,platinum,wheat_us_hrw,9,0.04797598808944807
vxo,combined,platinum,wheat_us_hrw,10,0.04792810533713755
vxo,combined,platinum,wheat_us_hrw,11,0.04748963701078017
vxo,combined,platinum,wheat_us_hrw,12,0.045719746475059
vxo,combined,platinum,wheat_us_hrw,13,0.045719746475059
vxo,combined,platinum,wheat_us_hrw,14,0.045719746475059
vxo,combined,platinum,wheat_us_hrw,15,0.045719746475059
vxo,combined,platinum,wheat_us_hrw,16,0.045719746475059
vxo,combined,platinum,wheat_us_hrw,17,0.045719746475059
vxo,combined,platinum,wheat_us_hrw,18,0.045719746475059
vxo,combined,platinum,wheat_us_hrw,19,0.045719746475059
vxo,combined,platinum,wheat_us_hrw,20,0.045719746475059
vxo,combined,platinum,wheat_us_hrw,21,0.045719746475059
vxo,combined,platinum,wheat_us_hrw,22,0.045719746475059
vxo,combined,platinum,wheat_us_hrw,23,0.045719746475059
vxo,combined,platinum,wheat_us_hrw,24,0.045719746475059
vxo,combined,platinum,zinc,1,0
vxo,combined,platinum,zinc,2,0
vxo,combined,platinum,zinc,3,0.014871877601345304
vxo,combined,platinum,zinc,4,0.04416213470309585
vxo,combined,platinum,zinc,5,0.03896538862263788
vxo,combined,platinum,zinc,6,0.03376725526441708
vxo,combined,platinum,zinc,7,0.053384486904200806
vxo,combined,platinum,zinc,8,0.062010830533000855
vxo,combined,platinum,zinc,9,0.06249033905512356
vxo,combined,platinum,zinc,10,0.062266106113973554
vxo,combined,platinum,zinc,11,0.06206454879782972
vxo,combined,platinum,zinc,12,0.05966316094480369
vxo,combined,platinum,zinc,13,0.05966316094480369
vxo,combined,platinum,zinc,14,0.05966316094480369
vxo,combined,platinum,zinc,15,0.05966316094480369
vxo,combined,platinum,zinc,16,0.05966316094480369
vxo,combined,platinum,zinc,17,0.05966316094480369
vxo,combined,platinum,zinc,18,0.05966316094480369
vxo,combined,platinum,zinc,19,0.05966316094480369
vxo,combined,platinum,zinc,20,0.05966316094480369
vxo,combined,platinum,zinc,21,0.05966316094480369
vxo,combined,platinum,zinc,22,0.05966316094480369
vxo,combined,platinum,zinc,23,0.05966316094480369
vxo,combined,platinum,zinc,24,0.05966316094480369
vxo,combined,silver,aluminium,1,0
vxo,combined,silver,aluminium,2,0
vxo,combined,silver,aluminium,3,0.009474388090600484
vxo,combined,silver,aluminium,4,0.008492940999041458
vxo,combined,silver,aluminium,5,0.029420776467616597
vxo,combined,silver,aluminium,6,0.05847954666380995
vxo,combined,silver,aluminium,7,0.07519278035038644
vxo,combined,silver,aluminium,8,0.08720006533508932
vxo,combined,silver,aluminium,9,0.10700363292161538
vxo,combined,silver,aluminium,10,0.1104321610819604
vxo,combined,silver,aluminium,11,0.11269865225546104
vxo,combined,silver,aluminium,12,0.11830590191747813
vxo,combined,silver,aluminium,13,0.11830590191747813
vxo,combined,silver,aluminium,14,0.11830590191747813
vxo,combined,silver,aluminium,15,0.11830590191747813
vxo,combined,silver,aluminium,16,0.11830590191747813
vxo,combined,silver,aluminium,17,0.11830590191747813
vxo,combined,silver,aluminium,18,0.11830590191747813
vxo,combined,silver,aluminium,19,0.11830590191747813
vxo,combined,silver,aluminium,20,0.11830590191747813
vxo,combined,silver,aluminium,21,0.11830590191747813
vxo,combined,silver,aluminium,22,0.11830590191747813
vxo,combined,silver,aluminium,23,0.11830590191747813
vxo,combined,silver,aluminium,24,0.11830590191747813
vxo,combined,silver,cocoa,1,0
vxo,combined,silver,cocoa,2,0
vxo,combined,silver,cocoa,3,0.009928547088354204
vxo,combined,silver,cocoa,4,0.009196926146213208
vxo,combined,silver,cocoa,5,0.01149299371670187
vxo,combined,silver,cocoa,6,0.01204052135830301
vxo,combined,silver,cocoa,7,0.012302453383630747
vxo,combined,silver,cocoa,8,0.011460006890653756
vxo,combined,silver,cocoa,9,0.011189233180057398
vxo,combined,silver,cocoa,10,0.010719671101942515
vxo,combined,silver,cocoa,11,0.010631145771826528
vxo,combined,silver,cocoa,12,0.010339854166501503
vxo,combined,silver,cocoa,13,0.010339854166501503
vxo,combined,silver,cocoa,14,0.010339854166501503
vxo,combined,silver,cocoa,15,0.010339854166501503
vxo,combined,silver,cocoa,16,0.010339854166501503
vxo,combined,silver,cocoa,17,0.010339854166501503
vxo,combined,silver,cocoa,18,0.010339854166501503
vxo,combined,silver,cocoa,19,0.010339854166501503
vxo,combined,silver,cocoa,20,0.010339854166501503
vxo,combined,silver,cocoa,21,0.010339854166501503
vxo,combined,silver,cocoa,22,0.010339854166501503
vxo,combined,silver,cocoa,23,0.010339854166501503
vxo,combined,silver,cocoa,24,0.010339854166501503
vxo,combined,silver,coffee_arabic,1,0
vxo,combined,silver,coffee_arabic,2,0
vxo,combined,silver,coffee_arabic,3,0.04806287414409056
vxo,combined,silver,coffee_arabic,4,0.04338980034230719
vxo,combined,silver,coffee_arabic,5,0.05574986410864261
vxo,combined,silver,coffee_arabic,6,0.06206695018415578
vxo,combined,silver,coffee_arabic,7,0.060478747763207004
vxo,combined,silver,coffee_arabic,8,0.05618385943920981
vxo,combined,silver,coffee_arabic,9,0.053906078746902064
vxo,combined,silver,coffee_arabic,10,0.05243423714155811
vxo,combined,silver,coffee_arabic,11,0.05132094960921791
vxo,combined,silver,coffee_arabic,12,0.050197316167851454
vxo,combined,silver,coffee_arabic,13,0.050197316167851454
vxo,combined,silver,coffee_arabic,14,0.050197316167851454
vxo,combined,silver,coffee_arabic,15,0.050197316167851454
vxo,combined,silver,coffee_arabic,16,0.050197316167851454
vxo,combined,silver,coffee_arabic,17,0.050197316167851454
vxo,combined,silver,coffee_arabic,18,0.050197316167851454
vxo,combined,silver,coffee_arabic,19,0.050197316167851454
vxo,combined,silver,coffee_arabic,20,0.050197316167851454
vxo,combined,silver,coffee_arabic,21,0.050197316167851454
vxo,combined,silver,coffee_arabic,22,0.050197316167851454
vxo,combined,silver,coffee_arabic,23,0.050197316167851454
vxo,combined,silver,coffee_arabic,24,0.050197316167851454
vxo,combined,silver,copper,1,0
vxo,combined,silver,copper,2,0
vxo,combined,silver,copper,3,0.02568783054864011
vxo,combined,silver,copper,4,0.04765122912661968
vxo,combined,silver,copper,5,0.04106818373888378
vxo,combined,silver,copper,6,0.0500076904874553
vxo,combined,silver,copper,7,0.04550056403123857
vxo,combined,silver,copper,8,0.061003138050641594
vxo,combined,silver,copper,9,0.06519860413313071
vxo,combined,silver,copper,10,0.06268415055039799
vxo,combined,silver,copper,11,0.06507633262532093
vxo,combined,silver,copper,12,0.06643897051463522
vxo,combined,silver,copper,13,0.06643897051463522
vxo,combined,silver,copper,14,0.06643897051463522
vxo,combined,silver,copper,15,0.06643897051463522
vxo,combined,silver,copper,16,0.06643897051463522
vxo,combined,silver,copper,17,0.06643897051463522
vxo,combined,silver,copper,18,0.06643897051463522
vxo,combined,silver,copper,19,0.06643897051463522
vxo,combined,silver,copper,20,0.06643897051463522
vxo,combined,silver,copper,21,0.06643897051463522
vxo,combined,silver,copper,22,0.06643897051463522
vxo,combined,silver,copper,23,0.06643897051463522
vxo,combined,silver,copper,24,0.06643897051463522
vxo,combined,silver,cotton_a_indx,1,0
vxo,combined,silver,cotton_a_indx,2,0
vxo,combined,silver,cotton_a_indx,3,0.04660077327548936
vxo,combined,silver,cotton_a_indx,4,0.041845491781217985
vxo,combined,silver,cotton_a_indx,5,0.041239084899525526
vxo,combined,silver,cotton_a_indx,6,0.043407748061178975
vxo,combined,silver,cotton_a_indx,7,0.03629915634466332
vxo,combined,silver,cotton_a_indx,8,0.04587975293801468
vxo,combined,silver,cotton_a_indx,9,0.04991966982125372
vxo,combined,silver,cotton_a_indx,10,0.04809518513338464
vxo,combined,silver,cotton_a_indx,11,0.04849259778603043
vxo,combined,silver,cotton_a_indx,12,0.04785834300825802
vxo,combined,silver,cotton_a_indx,13,0.04785834300825802
vxo,combined,silver,cotton_a_indx,14,0.04785834300825802
vxo,combined,silver,cotton_a_indx,15,0.04785834300825802
vxo,combined,silver,cotton_a_indx,16,0.04785834300825802
vxo,combined,silver,cotton_a_indx,17,0.04785834300825802
vxo,combined,silver,cotton_a_indx,18,0.04785834300825802
vxo,combined,silver,cotton_a_indx,19,0.04785834300825802
vxo,combined,silver,cotton_a_indx,20,0.04785834300825802
vxo,combined,silver,cotton_a_indx,21,0.04785834300825802
vxo,combined,silver,cotton_a_indx,22,0.04785834300825802
vxo,combined,silver,cotton_a_indx,23,0.04785834300825802
vxo,combined,silver,cotton_a_indx,24,0.04785834300825802
vxo,combined,silver,crude_wti,1,0
vxo,combined,silver,crude_wti,2,0
vxo,combined,silver,crude_wti,3,0.015283115307780658
vxo,combined,silver,crude_wti,4,0.014400967233360923
vxo,combined,silver,crude_wti,5,0.012296757372172885
vxo,combined,silver,crude_wti,6,0.011274343268886107
vxo,combined,silver,crude_wti,7,0.00982221910642894
vxo,combined,silver,crude_wti,8,0.009161859994797381
vxo,combined,silver,crude_wti,9,0.008848854175652666
vxo,combined,silver,crude_wti,10,0.008475172411453435
vxo,combined,silver,crude_wti,11,0.009141499948652498
vxo,combined,silver,crude_wti,12,0.008889699644186287
vxo,combined,silver,crude_wti,13,0.008889699644186287
vxo,combined,silver,crude_wti,14,0.008889699644186287
vxo,combined,silver,crude_wti,15,0.008889699644186287
vxo,combined,silver,crude_wti,16,0.008889699644186287
vxo,combined,silver,crude_wti,17,0.008889699644186287
vxo,combined,silver,crude_wti,18,0.008889699644186287
vxo,combined,silver,crude_wti,19,0.008889699644186287
vxo,combined,silver,crude_wti,20,0.008889699644186287
vxo,combined,silver,crude_wti,21,0.008889699644186287
vxo,combined,silver,crude_wti,22,0.008889699644186287
vxo,combined,silver,crude_wti,23,0.008889699644186287
vxo,combined,silver,crude_wti,24,0.008889699644186287
vxo,combined,silver,gold,1,0
vxo,combined,silver,gold,2,0
vxo,combined,silver,gold,3,0.020979647168825947
vxo,combined,silver,gold,4,0.03606672844127372
vxo,combined,silver,gold,5,0.03022611005324736
vxo,combined,silver,gold,6,0.030861993056054204
vxo,combined,silver,gold,7,0.026095874653432334
vxo,combined,silver,gold,8,0.027413494558147667
vxo,combined,silver,gold,9,0.026685561135781632
vxo,combined,silver,gold,10,0.025623687080358174
vxo,combined,silver,gold,11,0.02664975970633407
vxo,combined,silver,gold,12,0.0264674797143706
vxo,combined,silver,gold,13,0.0264674797143706
vxo,combined,silver,gold,14,0.0264674797143706
vxo,combined,silver,gold,15,0.0264674797143706
vxo,combined,silver,gold,16,0.0264674797143706
vxo,combined,silver,gold,17,0.0264674797143706
vxo,combined,silver,gold,18,0.0264674797143706
vxo,combined,silver,gold,19,0.0264674797143706
vxo,combined,silver,gold,20,0.0264674797143706
vxo,combined,silver,gold,21,0.0264674797143706
vxo,combined,silver,gold,22,0.0264674797143706
vxo,combined,silver,gold,23,0.0264674797143706
vxo,combined,silver,gold,24,0.0264674797143706
vxo,combined,silver,lead,1,0
vxo,combined,silver,lead,2,0
vxo,combined,silver,lead,3,0.10507336718281549
vxo,combined,silver,lead,4,0.10482951735329915
vxo,combined,silver,lead,5,0.09860628604603962
vxo,combined,silver,lead,6,0.08709162601543652
vxo,combined,silver,lead,7,0.10946010718698808
vxo,combined,silver,lead,8,0.10908350086982727
vxo,combined,silver,lead,9,0.10713651849236398
vxo,combined,silver,lead,10,0.10660862328406198
vxo,combined,silver,lead,11,0.10524999234490452
vxo,combined,silver,lead,12,0.10308448120418007
vxo,combined,silver,lead,13,0.10308448120418007
vxo,combined,silver,lead,14,0.10308448120418007
vxo,combined,silver,lead,15,0.10308448120418007
vxo,combined,silver,lead,16,0.10308448120418007
vxo,combined,silver,lead,17,0.10308448120418007
vxo,combined,silver,lead,18,0.10308448120418007
vxo,combined,silver,lead,19,0.10308448120418007
vxo,combined,silver,lead,20,0.10308448120418007
vxo,combined,silver,lead,21,0.10308448120418007
vxo,combined,silver,lead,22,0.10308448120418007
vxo,combined,silver,lead,23,0.10308448120418007
vxo,combined,silver,lead,24,0.10308448120418007
vxo,combined,silver,maize,1,0
vxo,combined,silver,maize,2,0
vxo,combined,silver,maize,3,2.954313435374763e-4
vxo,combined,silver,maize,4,9.673085643876039e-4
vxo,combined,silver,maize,5,0.02832553624469584
vxo,combined,silver,maize,6,0.024546421466745218
vxo,combined,silver,maize,7,0.02064489103679814
vxo,combined,silver,maize,8,0.02176072763060396
vxo,combined,silver,maize,9,0.021395922008349694
vxo,combined,silver,maize,10,0.02731006068722673
vxo,combined,silver,maize,11,0.02672308847443061
vxo,combined,silver,maize,12,0.026833862114062045
vxo,combined,silver,maize,13,0.026833862114062045
vxo,combined,silver,maize,14,0.026833862114062045
vxo,combined,silver,maize,15,0.026833862114062045
vxo,combined,silver,maize,16,0.026833862114062045
vxo,combined,silver,maize,17,0.026833862114062045
vxo,combined,silver,maize,18,0.026833862114062045
vxo,combined,silver,maize,19,0.026833862114062045
vxo,combined,silver,maize,20,0.026833862114062045
vxo,combined,silver,maize,21,0.026833862114062045
vxo,combined,silver,maize,22,0.026833862114062045
vxo,combined,silver,maize,23,0.026833862114062045
vxo,combined,silver,maize,24,0.026833862114062045
vxo,combined,silver,ngas_us,1,0
vxo,combined,silver,ngas_us,2,0
vxo,combined,silver,ngas_us,3,0.003879768019943693
vxo,combined,silver,ngas_us,4,0.00713457047116268
vxo,combined,silver,ngas_us,5,0.016054452481923956
vxo,combined,silver,ngas_us,6,0.04187927921856332
vxo,combined,silver,ngas_us,7,0.04502176587700062
vxo,combined,silver,ngas_us,8,0.0448785777930583
vxo,combined,silver,ngas_us,9,0.04339476861922815
vxo,combined,silver,ngas_us,10,0.04471468968913226
vxo,combined,silver,ngas_us,11,0.04475047327054706
vxo,combined,silver,ngas_us,12,0.047085573462022474
vxo,combined,silver,ngas_us,13,0.047085573462022474
vxo,combined,silver,ngas_us,14,0.047085573462022474
vxo,combined,silver,ngas_us,15,0.047085573462022474
vxo,combined,silver,ngas_us,16,0.047085573462022474
vxo,combined,silver,ngas_us,17,0.047085573462022474
vxo,combined,silver,ngas_us,18,0.047085573462022474
vxo,combined,silver,ngas_us,19,0.047085573462022474
vxo,combined,silver,ngas_us,20,0.047085573462022474
vxo,combined,silver,ngas_us,21,0.047085573462022474
vxo,combined,silver,ngas_us,22,0.047085573462022474
vxo,combined,silver,ngas_us,23,0.047085573462022474
vxo,combined,silver,ngas_us,24,0.047085573462022474
vxo,combined,silver,nickel,1,0
vxo,combined,silver,nickel,2,0
vxo,combined,silver,nickel,3,0.0024857387551644053
vxo,combined,silver,nickel,4,0.009040070765788234
vxo,combined,silver,nickel,5,0.007774131028338139
vxo,combined,silver,nickel,6,0.0065329948047758825
vxo,combined,silver,nickel,7,0.007744540205168085
vxo,combined,silver,nickel,8,0.007682170996077537
vxo,combined,silver,nickel,9,0.007378699429710287
vxo,combined,silver,nickel,10,0.007071486181902276
vxo,combined,silver,nickel,11,0.007476957375081347
vxo,combined,silver,nickel,12,0.00884312001237579
vxo,combined,silver,nickel,13,0.00884312001237579
vxo,combined,silver,nickel,14,0.00884312001237579
vxo,combined,silver,nickel,15,0.00884312001237579
vxo,combined,silver,nickel,16,0.00884312001237579
vxo,combined,silver,nickel,17,0.00884312001237579
vxo,combined,silver,nickel,18,0.00884312001237579
vxo,combined,silver,nickel,19,0.00884312001237579
vxo,combined,silver,nickel,20,0.00884312001237579
vxo,combined,silver,nickel,21,0.00884312001237579
vxo,combined,silver,nickel,22,0.00884312001237579
vxo,combined,silver,nickel,23,0.00884312001237579
vxo,combined,silver,nickel,24,0.00884312001237579
vxo,combined,silver,platinum,1,0
vxo,combined,silver,platinum,2,0
vxo,combined,silver,platinum,3,9.755502405344525e-4
vxo,combined,silver,platinum,4,0.006230230806806624
vxo,combined,silver,platinum,5,0.01487448188050723
vxo,combined,silver,platinum,6,0.016599505701792014
vxo,combined,silver,platinum,7,0.014189951335824541
vxo,combined,silver,platinum,8,0.01326231393937101
vxo,combined,silver,platinum,9,0.01270584896124826
vxo,combined,silver,platinum,10,0.01332618914616948
vxo,combined,silver,platinum,11,0.01725346909755751
vxo,combined,silver,platinum,12,0.018890490861294098
vxo,combined,silver,platinum,13,0.018890490861294098
vxo,combined,silver,platinum,14,0.018890490861294098
vxo,combined,silver,platinum,15,0.018890490861294098
vxo,combined,silver,platinum,16,0.018890490861294098
vxo,combined,silver,platinum,17,0.018890490861294098
vxo,combined,silver,platinum,18,0.018890490861294098
vxo,combined,silver,platinum,19,0.018890490861294098
vxo,combined,silver,platinum,20,0.018890490861294098
vxo,combined,silver,platinum,21,0.018890490861294098
vxo,combined,silver,platinum,22,0.018890490861294098
vxo,combined,silver,platinum,23,0.018890490861294098
vxo,combined,silver,platinum,24,0.018890490861294098
vxo,combined,silver,silver,1,0
vxo,combined,silver,silver,2,1
vxo,combined,silver,silver,3,0.551497862794465
vxo,combined,silver,silver,4,0.5002941665936216
vxo,combined,silver,silver,5,0.4331206880590382
vxo,combined,silver,silver,6,0.36636361315079796
vxo,combined,silver,silver,7,0.30636596023802565
vxo,combined,silver,silver,8,0.2818480124611228
vxo,combined,silver,silver,9,0.2701053941973795
vxo,combined,silver,silver,10,0.25891605520206495
vxo,combined,silver,silver,11,0.2540673511209058
vxo,combined,silver,silver,12,0.24704995990226739
vxo,combined,silver,silver,13,0.24704995990226739
vxo,combined,silver,silver,14,0.24704995990226739
vxo,combined,silver,silver,15,0.24704995990226739
vxo,combined,silver,silver,16,0.24704995990226739
vxo,combined,silver,silver,17,0.24704995990226739
vxo,combined,silver,silver,18,0.24704995990226739
vxo,combined,silver,silver,19,0.24704995990226739
vxo,combined,silver,silver,20,0.24704995990226739
vxo,combined,silver,silver,21,0.24704995990226739
vxo,combined,silver,silver,22,0.24704995990226739
vxo,combined,silver,silver,23,0.24704995990226739
vxo,combined,silver,silver,24,0.24704995990226739
vxo,combined,silver,soybeans,1,0
vxo,combined,silver,soybeans,2,0
vxo,combined,silver,soybeans,3,0.00099173726832922811
vxo,combined,silver,soybeans,4,0.00113474599828264
vxo,combined,silver,soybeans,5,0.0010555274693762663
vxo,combined,silver,soybeans,6,0.01891998476276845
vxo,combined,silver,soybeans,7,0.016852625752135496
vxo,combined,silver,soybeans,8,0.016231586873771138
vxo,combined,silver,soybeans,9,0.016775989783396783
vxo,combined,silver,soybeans,10,0.025417740585041208
vxo,combined,silver,soybeans,11,0.02486701093408931
vxo,combined,silver,soybeans,12,0.024180031489128367
vxo,combined,silver,soybeans,13,0.024180031489128367
vxo,combined,silver,soybeans,14,0.024180031489128367
vxo,combined,silver,soybeans,15,0.024180031489128367
vxo,combined,silver,soybeans,16,0.024180031489128367
vxo,combined,silver,soybeans,17,0.024180031489128367
vxo,combined,silver,soybeans,18,0.024180031489128367
vxo,combined,silver,soybeans,19,0.024180031489128367
vxo,combined,silver,soybeans,20,0.024180031489128367
vxo,combined,silver,soybeans,21,0.024180031489128367
vxo,combined,silver,soybeans,22,0.024180031489128367
vxo,combined,silver,soybeans,23,0.024180031489128367
vxo,combined,silver,soybeans,24,0.024180031489128367
vxo,combined,silver,sugar_wld,1,0
vxo,combined,silver,sugar_wld,2,0
vxo,combined,silver,sugar_wld,3,0.04894840804569952
vxo,combined,silver,sugar_wld,4,0.04538014145270241
vxo,combined,silver,sugar_wld,5,0.04424404408406781
vxo,combined,silver,sugar_wld,6,0.04249760254611035
vxo,combined,silver,sugar_wld,7,0.037686166432869844
vxo,combined,silver,sugar_wld,8,0.0351328519966644
vxo,combined,silver,sugar_wld,9,0.03369153731942101
vxo,combined,silver,sugar_wld,10,0.03258618031350979
vxo,combined,silver,sugar_wld,11,0.03207355967689568
vxo,combined,silver,sugar_wld,12,0.031192323196648063
vxo,combined,silver,sugar_wld,13,0.031192323196648063
vxo,combined,silver,sugar_wld,14,0.031192323196648063
vxo,combined,silver,sugar_wld,15,0.031192323196648063
vxo,combined,silver,sugar_wld,16,0.031192323196648063
vxo,combined,silver,sugar_wld,17,0.031192323196648063
vxo,combined,silver,sugar_wld,18,0.031192323196648063
vxo,combined,silver,sugar_wld,19,0.031192323196648063
vxo,combined,silver,sugar_wld,20,0.031192323196648063
vxo,combined,silver,sugar_wld,21,0.031192323196648063
vxo,combined,silver,sugar_wld,22,0.031192323196648063
vxo,combined,silver,sugar_wld,23,0.031192323196648063
vxo,combined,silver,sugar_wld,24,0.031192323196648063
vxo,combined,silver,tin,1,0
vxo,combined,silver,tin,2,0
vxo,combined,silver,tin,3,1.935240823145863e-4
vxo,combined,silver,tin,4,0.006328432661659531
vxo,combined,silver,tin,5,0.0058630453894911025
vxo,combined,silver,tin,6,0.005237725159501415
vxo,combined,silver,tin,7,0.027737870408324605
vxo,combined,silver,tin,8,0.03518854107612201
vxo,combined,silver,tin,9,0.03370862496070604
vxo,combined,silver,tin,10,0.03654179510036853
vxo,combined,silver,tin,11,0.03575717487678805
vxo,combined,silver,tin,12,0.03671102812804729
vxo,combined,silver,tin,13,0.03671102812804729
vxo,combined,silver,tin,14,0.03671102812804729
vxo,combined,silver,tin,15,0.03671102812804729
vxo,combined,silver,tin,16,0.03671102812804729
vxo,combined,silver,tin,17,0.03671102812804729
vxo,combined,silver,tin,18,0.03671102812804729
vxo,combined,silver,tin,19,0.03671102812804729
vxo,combined,silver,tin,20,0.03671102812804729
vxo,combined,silver,tin,21,0.03671102812804729
vxo,combined,silver,tin,22,0.03671102812804729
vxo,combined,silver,tin,23,0.03671102812804729
vxo,combined,silver,tin,24,0.03671102812804729
vxo,combined,silver,wheat_us_hrw,1,0
vxo,combined,silver,wheat_us_hrw,2,0
vxo,combined,silver,wheat_us_hrw,3,0.017573776107610684
vxo,combined,silver,wheat_us_hrw,4,0.015863438848028582
vxo,combined,silver,wheat_us_hrw,5,0.030786933054913104
vxo,combined,silver,wheat_us_hrw,6,0.03181505242658237
vxo,combined,silver,wheat_us_hrw,7,0.02984887788386783
vxo,combined,silver,wheat_us_hrw,8,0.027441618827018704
vxo,combined,silver,wheat_us_hrw,9,0.026303472279203457
vxo,combined,silver,wheat_us_hrw,10,0.025573109826982885
vxo,combined,silver,wheat_us_hrw,11,0.025051833712573336
vxo,combined,silver,wheat_us_hrw,12,0.024462738950806976
vxo,combined,silver,wheat_us_hrw,13,0.024462738950806976
vxo,combined,silver,wheat_us_hrw,14,0.024462738950806976
vxo,combined,silver,wheat_us_hrw,15,0.024462738950806976
vxo,combined,silver,wheat_us_hrw,16,0.024462738950806976
vxo,combined,silver,wheat_us_hrw,17,0.024462738950806976
vxo,combined,silver,wheat_us_hrw,18,0.024462738950806976
vxo,combined,silver,wheat_us_hrw,19,0.024462738950806976
vxo,combined,silver,wheat_us_hrw,20,0.024462738950806976
vxo,combined,silver,wheat_us_hrw,21,0.024462738950806976
vxo,combined,silver,wheat_us_hrw,22,0.024462738950806976
vxo,combined,silver,wheat_us_hrw,23,0.024462738950806976
vxo,combined,silver,wheat_us_hrw,24,0.024462738950806976
vxo,combined,silver,zinc,1,0
vxo,combined,silver,zinc,2,0
vxo,combined,silver,zinc,3,0.09206766053580415
vxo,combined,silver,zinc,4,0.10175329241422686
vxo,combined,silver,zinc,5,0.09780110390481793
vxo,combined,silver,zinc,6,0.09037740166708295
vxo,combined,silver,zinc,7,0.11875544801000992
vxo,combined,silver,zinc,8,0.10918792032980858
vxo,combined,silver,zinc,9,0.10465158983459932
vxo,combined,silver,zinc,10,0.10346980548248468
vxo,combined,silver,zinc,11,0.10271815141338324
vxo,combined,silver,zinc,12,0.10316882554588626
vxo,combined,silver,zinc,13,0.10316882554588626
vxo,combined,silver,zinc,14,0.10316882554588626
vxo,combined,silver,zinc,15,0.10316882554588626
vxo,combined,silver,zinc,16,0.10316882554588626
vxo,combined,silver,zinc,17,0.10316882554588626
vxo,combined,silver,zinc,18,0.10316882554588626
vxo,combined,silver,zinc,19,0.10316882554588626
vxo,combined,silver,zinc,20,0.10316882554588626
vxo,combined,silver,zinc,21,0.10316882554588626
vxo,combined,silver,zinc,22,0.10316882554588626
vxo,combined,silver,zinc,23,0.10316882554588626
vxo,combined,silver,zinc,24,0.10316882554588626
vxo,combined,soybeans,aluminium,1,0
vxo,combined,soybeans,aluminium,2,0
vxo,combined,soybeans,aluminium,3,0.05600268959992771
vxo,combined,soybeans,aluminium,4,0.04815983028370354
vxo,combined,soybeans,aluminium,5,0.04867551123908676
vxo,combined,soybeans,aluminium,6,0.05574610861042691
vxo,combined,soybeans,aluminium,7,0.07637346717379126
vxo,combined,soybeans,aluminium,8,0.07689942411924472
vxo,combined,soybeans,aluminium,9,0.0830971916577958
vxo,combined,soybeans,aluminium,10,0.10111643640673873
vxo,combined,soybeans,aluminium,11,0.1117881376692609
vxo,combined,soybeans,aluminium,12,0.10931134248892593
vxo,combined,soybeans,aluminium,13,0.10931134248892593
vxo,combined,soybeans,aluminium,14,0.10931134248892593
vxo,combined,soybeans,aluminium,15,0.10931134248892593
vxo,combined,soybeans,aluminium,16,0.10931134248892593
vxo,combined,soybeans,aluminium,17,0.10931134248892593
vxo,combined,soybeans,aluminium,18,0.10931134248892593
vxo,combined,soybeans,aluminium,19,0.10931134248892593
vxo,combined,soybeans,aluminium,20,0.10931134248892593
vxo,combined,soybeans,aluminium,21,0.10931134248892593
vxo,combined,soybeans,aluminium,22,0.10931134248892593
vxo,combined,soybeans,aluminium,23,0.10931134248892593
vxo,combined,soybeans,aluminium,24,0.10931134248892593
vxo,combined,soybeans,cocoa,1,0
vxo,combined,soybeans,cocoa,2,0
vxo,combined,soybeans,cocoa,3,2.7265473258302827e-5
vxo,combined,soybeans,cocoa,4,1.355153264978179e-4
vxo,combined,soybeans,cocoa,5,0.002880918145138958
vxo,combined,soybeans,cocoa,6,0.003036716380433084
vxo,combined,soybeans,cocoa,7,0.0026951646345707574
vxo,combined,soybeans,cocoa,8,0.002718428128922509
vxo,combined,soybeans,cocoa,9,0.003943507021302697
vxo,combined,soybeans,cocoa,10,0.003622876294137003
vxo,combined,soybeans,cocoa,11,0.003779751723410724
vxo,combined,soybeans,cocoa,12,0.0037234434296428117
vxo,combined,soybeans,cocoa,13,0.0037234434296428117
vxo,combined,soybeans,cocoa,14,0.0037234434296428117
vxo,combined,soybeans,cocoa,15,0.0037234434296428117
vxo,combined,soybeans,cocoa,16,0.0037234434296428117
vxo,combined,soybeans,cocoa,17,0.0037234434296428117
vxo,combined,soybeans,cocoa,18,0.0037234434296428117
vxo,combined,soybeans,cocoa,19,0.0037234434296428117
vxo,combined,soybeans,cocoa,20,0.0037234434296428117
vxo,combined,soybeans,cocoa,21,0.0037234434296428117
vxo,combined,soybeans,cocoa,22,0.0037234434296428117
vxo,combined,soybeans,cocoa,23,0.0037234434296428117
vxo,combined,soybeans,cocoa,24,0.0037234434296428117
vxo,combined,soybeans,coffee_arabic,1,0
vxo,combined,soybeans,coffee_arabic,2,0
vxo,combined,soybeans,coffee_arabic,3,0.005970479429015355
vxo,combined,soybeans,coffee_arabic,4,0.005135148169547695
vxo,combined,soybeans,coffee_arabic,5,0.008098156344335406
vxo,combined,soybeans,coffee_arabic,6,0.00753560903965568
vxo,combined,soybeans,coffee_arabic,7,0.00734847252757585
vxo,combined,soybeans,coffee_arabic,8,0.007413033331886521
vxo,combined,soybeans,coffee_arabic,9,0.01168305463639833
vxo,combined,soybeans,coffee_arabic,10,0.010929998690152822
vxo,combined,soybeans,coffee_arabic,11,0.010822528711478648
vxo,combined,soybeans,coffee_arabic,12,0.012306377461797136
vxo,combined,soybeans,coffee_arabic,13,0.012306377461797136
vxo,combined,soybeans,coffee_arabic,14,0.012306377461797136
vxo,combined,soybeans,coffee_arabic,15,0.012306377461797136
vxo,combined,soybeans,coffee_arabic,16,0.012306377461797136
vxo,combined,soybeans,coffee_arabic,17,0.012306377461797136
vxo,combined,soybeans,coffee_arabic,18,0.012306377461797136
vxo,combined,soybeans,coffee_arabic,19,0.012306377461797136
vxo,combined,soybeans,coffee_arabic,20,0.012306377461797136
vxo,combined,soybeans,coffee_arabic,21,0.012306377461797136
vxo,combined,soybeans,coffee_arabic,22,0.012306377461797136
vxo,combined,soybeans,coffee_arabic,23,0.012306377461797136
vxo,combined,soybeans,coffee_arabic,24,0.012306377461797136
vxo,combined,soybeans,copper,1,0
vxo,combined,soybeans,copper,2,0
vxo,combined,soybeans,copper,3,1.7686250859473953e-6
vxo,combined,soybeans,copper,4,3.129347006658819e-4
vxo,combined,soybeans,copper,5,0.002064702342586349
vxo,combined,soybeans,copper,6,0.009441749877805291
vxo,combined,soybeans,copper,7,0.03498419066994495
vxo,combined,soybeans,copper,8,0.0336979168697036
vxo,combined,soybeans,copper,9,0.030915543685517587
vxo,combined,soybeans,copper,10,0.042202226772644624
vxo,combined,soybeans,copper,11,0.04477916155810477
vxo,combined,soybeans,copper,12,0.043907595756094514
vxo,combined,soybeans,copper,13,0.043907595756094514
vxo,combined,soybeans,copper,14,0.043907595756094514
vxo,combined,soybeans,copper,15,0.043907595756094514
vxo,combined,soybeans,copper,16,0.043907595756094514
vxo,combined,soybeans,copper,17,0.043907595756094514
vxo,combined,soybeans,copper,18,0.043907595756094514
vxo,combined,soybeans,copper,19,0.043907595756094514
vxo,combined,soybeans,copper,20,0.043907595756094514
vxo,combined,soybeans,copper,21,0.043907595756094514
vxo,combined,soybeans,copper,22,0.043907595756094514
vxo,combined,soybeans,copper,23,0.043907595756094514
vxo,combined,soybeans,copper,24,0.043907595756094514
vxo,combined,soybeans,cotton_a_indx,1,0
vxo,combined,soybeans,cotton_a_indx,2,0
vxo,combined,soybeans,cotton_a_indx,3,0.06026116598965569
vxo,combined,soybeans,cotton_a_indx,4,0.06480410979463333
vxo,combined,soybeans,cotton_a_indx,5,0.08231076167904502
vxo,combined,soybeans,cotton_a_indx,6,0.07809468561938769
vxo,combined,soybeans,cotton_a_indx,7,0.07067345009311918
vxo,combined,soybeans,cotton_a_indx,8,0.06594797694585536
vxo,combined,soybeans,cotton_a_indx,9,0.06254877768656411
vxo,combined,soybeans,cotton_a_indx,10,0.057482024246007735
vxo,combined,soybeans,cotton_a_indx,11,0.05368094952075772
vxo,combined,soybeans,cotton_a_indx,12,0.05578075363771066
vxo,combined,soybeans,cotton_a_indx,13,0.05578075363771066
vxo,combined,soybeans,cotton_a_indx,14,0.05578075363771066
vxo,combined,soybeans,cotton_a_indx,15,0.05578075363771066
vxo,combined,soybeans,cotton_a_indx,16,0.05578075363771066
vxo,combined,soybeans,cotton_a_indx,17,0.05578075363771066
vxo,combined,soybeans,cotton_a_indx,18,0.05578075363771066
vxo,combined,soybeans,cotton_a_indx,19,0.05578075363771066
vxo,combined,soybeans,cotton_a_indx,20,0.05578075363771066
vxo,combined,soybeans,cotton_a_indx,21,0.05578075363771066
vxo,combined,soybeans,cotton_a_indx,22,0.05578075363771066
vxo,combined,soybeans,cotton_a_indx,23,0.05578075363771066
vxo,combined,soybeans,cotton_a_indx,24,0.05578075363771066
vxo,combined,soybeans,crude_wti,1,0
vxo,combined,soybeans,crude_wti,2,0
vxo,combined,soybeans,crude_wti,3,0.004439686539075187
vxo,combined,soybeans,crude_wti,4,0.018252766611081595
vxo,combined,soybeans,crude_wti,5,0.016061284137731644
vxo,combined,soybeans,crude_wti,6,0.017376843292974748
vxo,combined,soybeans,crude_wti,7,0.015707068074191536
vxo,combined,soybeans,crude_wti,8,0.01475566238838461
vxo,combined,soybeans,crude_wti,9,0.013665624097785887
vxo,combined,soybeans,crude_wti,10,0.014158307499433372
vxo,combined,soybeans,crude_wti,11,0.013548382404614522
vxo,combined,soybeans,crude_wti,12,0.013446664421339254
vxo,combined,soybeans,crude_wti,13,0.013446664421339254
vxo,combined,soybeans,crude_wti,14,0.013446664421339254
vxo,combined,soybeans,crude_wti,15,0.013446664421339254
vxo,combined,soybeans,crude_wti,16,0.013446664421339254
vxo,combined,soybeans,crude_wti,17,0.013446664421339254
vxo,combined,soybeans,crude_wti,18,0.013446664421339254
vxo,combined,soybeans,crude_wti,19,0.013446664421339254
vxo,combined,soybeans,crude_wti,20,0.013446664421339254
vxo,combined,soybeans,crude_wti,21,0.013446664421339254
vxo,combined,soybeans,crude_wti,22,0.013446664421339254
vxo,combined,soybeans,crude_wti,23,0.013446664421339254
vxo,combined,soybeans,crude_wti,24,0.013446664421339254
vxo,combined,soybeans,gold,1,0
vxo,combined,soybeans,gold,2,0
vxo,combined,soybeans,gold,3,3.0832085355124965e-4
vxo,combined,soybeans,gold,4,3.9819738745483594e-4
vxo,combined,soybeans,gold,5,0.008035771813662282
vxo,combined,soybeans,gold,6,0.019463492464929472
vxo,combined,soybeans,gold,7,0.025546928529385657
vxo,combined,soybeans,gold,8,0.023917104350065905
vxo,combined,soybeans,gold,9,0.022427777971335446
vxo,combined,soybeans,gold,10,0.020626430390508592
vxo,combined,soybeans,gold,11,0.019342218444337627
vxo,combined,soybeans,gold,12,0.020346982618070223
vxo,combined,soybeans,gold,13,0.020346982618070223
vxo,combined,soybeans,gold,14,0.020346982618070223
vxo,combined,soybeans,gold,15,0.020346982618070223
vxo,combined,soybeans,gold,16,0.020346982618070223
vxo,combined,soybeans,gold,17,0.020346982618070223
vxo,combined,soybeans,gold,18,0.020346982618070223
vxo,combined,soybeans,gold,19,0.020346982618070223
vxo,combined,soybeans,gold,20,0.020346982618070223
vxo,combined,soybeans,gold,21,0.020346982618070223
vxo,combined,soybeans,gold,22,0.020346982618070223
vxo,combined,soybeans,gold,23,0.020346982618070223
vxo,combined,soybeans,gold,24,0.020346982618070223
vxo,combined,soybeans,lead,1,0
vxo,combined,soybeans,lead,2,0
vxo,combined,soybeans,lead,3,0.018650943596727042
vxo,combined,soybeans,lead,4,0.020800834301483065
vxo,combined,soybeans,lead,5,0.01984486960550851
vxo,combined,soybeans,lead,6,0.029526733784823463
vxo,combined,soybeans,lead,7,0.03033226406933318
vxo,combined,soybeans,lead,8,0.05144286283896346
vxo,combined,soybeans,lead,9,0.05099796496476763
vxo,combined,soybeans,lead,10,0.053529260192820546
vxo,combined,soybeans,lead,11,0.04997740464465308
vxo,combined,soybeans,lead,12,0.04945601717878504
vxo,combined,soybeans,lead,13,0.04945601717878504
vxo,combined,soybeans,lead,14,0.04945601717878504
vxo,combined,soybeans,lead,15,0.04945601717878504
vxo,combined,soybeans,lead,16,0.04945601717878504
vxo,combined,soybeans,lead,17,0.04945601717878504
vxo,combined,soybeans,lead,18,0.04945601717878504
vxo,combined,soybeans,lead,19,0.04945601717878504
vxo,combined,soybeans,lead,20,0.04945601717878504
vxo,combined,soybeans,lead,21,0.04945601717878504
vxo,combined,soybeans,lead,22,0.04945601717878504
vxo,combined,soybeans,lead,23,0.04945601717878504
vxo,combined,soybeans,lead,24,0.04945601717878504
vxo,combined,soybeans,maize,1,0
vxo,combined,soybeans,maize,2,0
vxo,combined,soybeans,maize,3,0.019251093567986415
vxo,combined,soybeans,maize,4,0.025223969972497283
vxo,combined,soybeans,maize,5,0.0377088237032435
vxo,combined,soybeans,maize,6,0.03539059957510106
vxo,combined,soybeans,maize,7,0.03233971489187517
vxo,combined,soybeans,maize,8,0.03084495387893393
vxo,combined,soybeans,maize,9,0.029272800294867302
vxo,combined,soybeans,maize,10,0.027445286747892143
vxo,combined,soybeans,maize,11,0.0455215254430079
vxo,combined,soybeans,maize,12,0.04608395037224815
vxo,combined,soybeans,maize,13,0.04608395037224815
vxo,combined,soybeans,maize,14,0.04608395037224815
vxo,combined,soybeans,maize,15,0.04608395037224815
vxo,combined,soybeans,maize,16,0.04608395037224815
vxo,combined,soybeans,maize,17,0.04608395037224815
vxo,combined,soybeans,maize,18,0.04608395037224815
vxo,combined,soybeans,maize,19,0.04608395037224815
vxo,combined,soybeans,maize,20,0.04608395037224815
vxo,combined,soybeans,maize,21,0.04608395037224815
vxo,combined,soybeans,maize,22,0.04608395037224815
vxo,combined,soybeans,maize,23,0.04608395037224815
vxo,combined,soybeans,maize,24,0.04608395037224815
vxo,combined,soybeans,ngas_us,1,0
vxo,combined,soybeans,ngas_us,2,0
vxo,combined,soybeans,ngas_us,3,0.0019356712973718107
vxo,combined,soybeans,ngas_us,4,0.001651049921518848
vxo,combined,soybeans,ngas_us,5,0.0082966351947388
vxo,combined,soybeans,ngas_us,6,0.008318556883683294
vxo,combined,soybeans,ngas_us,7,0.02493358757325038
vxo,combined,soybeans,ngas_us,8,0.024565800490512456
vxo,combined,soybeans,ngas_us,9,0.022759791550896885
vxo,combined,soybeans,ngas_us,10,0.023274008105068383
vxo,combined,soybeans,ngas_us,11,0.022193264989750373
vxo,combined,soybeans,ngas_us,12,0.02310548708015938
vxo,combined,soybeans,ngas_us,13,0.02310548708015938
vxo,combined,soybeans,ngas_us,14,0.02310548708015938
vxo,combined,soybeans,ngas_us,15,0.02310548708015938
vxo,combined,soybeans,ngas_us,16,0.02310548708015938
vxo,combined,soybeans,ngas_us,17,0.02310548708015938
vxo,combined,soybeans,ngas_us,18,0.02310548708015938
vxo,combined,soybeans,ngas_us,19,0.02310548708015938
vxo,combined,soybeans,ngas_us,20,0.02310548708015938
vxo,combined,soybeans,ngas_us,21,0.02310548708015938
vxo,combined,soybeans,ngas_us,22,0.02310548708015938
vxo,combined,soybeans,ngas_us,23,0.02310548708015938
vxo,combined,soybeans,ngas_us,24,0.02310548708015938
vxo,combined,soybeans,nickel,1,0
vxo,combined,soybeans,nickel,2,0
vxo,combined,soybeans,nickel,3,0.0017196081960196585
vxo,combined,soybeans,nickel,4,0.004678856646244235
vxo,combined,soybeans,nickel,5,0.008110584721491561
vxo,combined,soybeans,nickel,6,0.011730262742889071
vxo,combined,soybeans,nickel,7,0.010661073794242555
vxo,combined,soybeans,nickel,8,0.01165597593865617
vxo,combined,soybeans,nickel,9,0.01080049929020439
vxo,combined,soybeans,nickel,10,0.013315267168592406
vxo,combined,soybeans,nickel,11,0.01252999847299715
vxo,combined,soybeans,nickel,12,0.017308582438691343
vxo,combined,soybeans,nickel,13,0.017308582438691343
vxo,combined,soybeans,nickel,14,0.017308582438691343
vxo,combined,soybeans,nickel,15,0.017308582438691343
vxo,combined,soybeans,nickel,16,0.017308582438691343
vxo,combined,soybeans,nickel,17,0.017308582438691343
vxo,combined,soybeans,nickel,18,0.017308582438691343
vxo,combined,soybeans,nickel,19,0.017308582438691343
vxo,combined,soybeans,nickel,20,0.017308582438691343
vxo,combined,soybeans,nickel,21,0.017308582438691343
vxo,combined,soybeans,nickel,22,0.017308582438691343
vxo,combined,soybeans,nickel,23,0.017308582438691343
vxo,combined,soybeans,nickel,24,0.017308582438691343
vxo,combined,soybeans,platinum,1,0
vxo,combined,soybeans,platinum,2,0
vxo,combined,soybeans,platinum,3,0.0028049564397609923
vxo,combined,soybeans,platinum,4,0.024016166672269797
vxo,combined,soybeans,platinum,5,0.021202337310923115
vxo,combined,soybeans,platinum,6,0.020075852915687288
vxo,combined,soybeans,platinum,7,0.03350698361451298
vxo,combined,soybeans,platinum,8,0.03458946223284516
vxo,combined,soybeans,platinum,9,0.037184348181851117
vxo,combined,soybeans,platinum,10,0.03824376108916507
vxo,combined,soybeans,platinum,11,0.038538416291335184
vxo,combined,soybeans,platinum,12,0.03781785097253229
vxo,combined,soybeans,platinum,13,0.03781785097253229
vxo,combined,soybeans,platinum,14,0.03781785097253229
vxo,combined,soybeans,platinum,15,0.03781785097253229
vxo,combined,soybeans,platinum,16,0.03781785097253229
vxo,combined,soybeans,platinum,17,0.03781785097253229
vxo,combined,soybeans,platinum,18,0.03781785097253229
vxo,combined,soybeans,platinum,19,0.03781785097253229
vxo,combined,soybeans,platinum,20,0.03781785097253229
vxo,combined,soybeans,platinum,21,0.03781785097253229
vxo,combined,soybeans,platinum,22,0.03781785097253229
vxo,combined,soybeans,platinum,23,0.03781785097253229
vxo,combined,soybeans,platinum,24,0.03781785097253229
vxo,combined,soybeans,silver,1,0
vxo,combined,soybeans,silver,2,0
vxo,combined,soybeans,silver,3,9.909860792888007e-5
vxo,combined,soybeans,silver,4,0.017134325682714373
vxo,combined,soybeans,silver,5,0.016885022089231462
vxo,combined,soybeans,silver,6,0.0182172286924161
vxo,combined,soybeans,silver,7,0.01685080830367735
vxo,combined,soybeans,silver,8,0.0315031885329436
vxo,combined,soybeans,silver,9,0.028879582364061542
vxo,combined,soybeans,silver,10,0.02713199790437506
vxo,combined,soybeans,silver,11,0.02787823504377726
vxo,combined,soybeans,silver,12,0.028592565258225233
vxo,combined,soybeans,silver,13,0.028592565258225233
vxo,combined,soybeans,silver,14,0.028592565258225233
vxo,combined,soybeans,silver,15,0.028592565258225233
vxo,combined,soybeans,silver,16,0.028592565258225233
vxo,combined,soybeans,silver,17,0.028592565258225233
vxo,combined,soybeans,silver,18,0.028592565258225233
vxo,combined,soybeans,silver,19,0.028592565258225233
vxo,combined,soybeans,silver,20,0.028592565258225233
vxo,combined,soybeans,silver,21,0.028592565258225233
vxo,combined,soybeans,silver,22,0.028592565258225233
vxo,combined,soybeans,silver,23,0.028592565258225233
vxo,combined,soybeans,silver,24,0.028592565258225233
vxo,combined,soybeans,soybeans,1,0
vxo,combined,soybeans,soybeans,2,1
vxo,combined,soybeans,soybeans,3,0.7876591387251024
vxo,combined,soybeans,soybeans,4,0.6954771030917652
vxo,combined,soybeans,soybeans,5,0.6455122493273454
vxo,combined,soybeans,soybeans,6,0.5972756402127956
vxo,combined,soybeans,soybeans,7,0.5301110049581677
vxo,combined,soybeans,soybeans,8,0.49576166160533647
vxo,combined,soybeans,soybeans,9,0.474786335846603
vxo,combined,soybeans,soybeans,10,0.4388357601316777
vxo,combined,soybeans,soybeans,11,0.4144637547749971
vxo,combined,soybeans,soybeans,12,0.4054098082005943
vxo,combined,soybeans,soybeans,13,0.4054098082005943
vxo,combined,soybeans,soybeans,14,0.4054098082005943
vxo,combined,soybeans,soybeans,15,0.4054098082005943
vxo,combined,soybeans,soybeans,16,0.4054098082005943
vxo,combined,soybeans,soybeans,17,0.4054098082005943
vxo,combined,soybeans,soybeans,18,0.4054098082005943
vxo,combined,soybeans,soybeans,19,0.4054098082005943
vxo,combined,soybeans,soybeans,20,0.4054098082005943
vxo,combined,soybeans,soybeans,21,0.4054098082005943
vxo,combined,soybeans,soybeans,22,0.4054098082005943
vxo,combined,soybeans,soybeans,23,0.4054098082005943
vxo,combined,soybeans,soybeans,24,0.4054098082005943
vxo,combined,soybeans,sugar_wld,1,0
vxo,combined,soybeans,sugar_wld,2,0
vxo,combined,soybeans,sugar_wld,3,0.039302542469571204
vxo,combined,soybeans,sugar_wld,4,0.05518743832506774
vxo,combined,soybeans,sugar_wld,5,0.05207589889224255
vxo,combined,soybeans,sugar_wld,6,0.054243144967510044
vxo,combined,soybeans,sugar_wld,7,0.049883495934119615
vxo,combined,soybeans,sugar_wld,8,0.0469733204467957
vxo,combined,soybeans,sugar_wld,9,0.05021383506392856
vxo,combined,soybeans,sugar_wld,10,0.04830660369997101
vxo,combined,soybeans,sugar_wld,11,0.04521579499836528
vxo,combined,soybeans,sugar_wld,12,0.044214162438031494
vxo,combined,soybeans,sugar_wld,13,0.044214162438031494
vxo,combined,soybeans,sugar_wld,14,0.044214162438031494
vxo,combined,soybeans,sugar_wld,15,0.044214162438031494
vxo,combined,soybeans,sugar_wld,16,0.044214162438031494
vxo,combined,soybeans,sugar_wld,17,0.044214162438031494
vxo,combined,soybeans,sugar_wld,18,0.044214162438031494
vxo,combined,soybeans,sugar_wld,19,0.044214162438031494
vxo,combined,soybeans,sugar_wld,20,0.044214162438031494
vxo,combined,soybeans,sugar_wld,21,0.044214162438031494
vxo,combined,soybeans,sugar_wld,22,0.044214162438031494
vxo,combined,soybeans,sugar_wld,23,0.044214162438031494
vxo,combined,soybeans,sugar_wld,24,0.044214162438031494
vxo,combined,soybeans,tin,1,0
vxo,combined,soybeans,tin,2,0
vxo,combined,soybeans,tin,3,0.0013156079210887063
vxo,combined,soybeans,tin,4,0.0013784624466562578
vxo,combined,soybeans,tin,5,0.0032266476344214624
vxo,combined,soybeans,tin,6,0.011363080396648358
vxo,combined,soybeans,tin,7,0.010062514290784717
vxo,combined,soybeans,tin,8,0.015677722010960363
vxo,combined,soybeans,tin,9,0.01440662663148634
vxo,combined,soybeans,tin,10,0.01401272183476827
vxo,combined,soybeans,tin,11,0.022018959096772345
vxo,combined,soybeans,tin,12,0.02228710795260763
vxo,combined,soybeans,tin,13,0.02228710795260763
vxo,combined,soybeans,tin,14,0.02228710795260763
vxo,combined,soybeans,tin,15,0.02228710795260763
vxo,combined,soybeans,tin,16,0.02228710795260763
vxo,combined,soybeans,tin,17,0.02228710795260763
vxo,combined,soybeans,tin,18,0.02228710795260763
vxo,combined,soybeans,tin,19,0.02228710795260763
vxo,combined,soybeans,tin,20,0.02228710795260763
vxo,combined,soybeans,tin,21,0.02228710795260763
vxo,combined,soybeans,tin,22,0.02228710795260763
vxo,combined,soybeans,tin,23,0.02228710795260763
vxo,combined,soybeans,tin,24,0.02228710795260763
vxo,combined,soybeans,wheat_us_hrw,1,0
vxo,combined,soybeans,wheat_us_hrw,2,0
vxo,combined,soybeans,wheat_us_hrw,3,2.4509116550117246e-4
vxo,combined,soybeans,wheat_us_hrw,4,0.003392555543305894
vxo,combined,soybeans,wheat_us_hrw,5,0.0045324047311433805
vxo,combined,soybeans,wheat_us_hrw,6,0.005280763572029645
vxo,combined,soybeans,wheat_us_hrw,7,0.00639985560612053
vxo,combined,soybeans,wheat_us_hrw,8,0.007086579679755526
vxo,combined,soybeans,wheat_us_hrw,9,0.018552213438679594
vxo,combined,soybeans,wheat_us_hrw,10,0.020961525471142228
vxo,combined,soybeans,wheat_us_hrw,11,0.02208650436092914
vxo,combined,soybeans,wheat_us_hrw,12,0.021808653296508863
vxo,combined,soybeans,wheat_us_hrw,13,0.021808653296508863
vxo,combined,soybeans,wheat_us_hrw,14,0.021808653296508863
vxo,combined,soybeans,wheat_us_hrw,15,0.021808653296508863
vxo,combined,soybeans,wheat_us_hrw,16,0.021808653296508863
vxo,combined,soybeans,wheat_us_hrw,17,0.021808653296508863
vxo,combined,soybeans,wheat_us_hrw,18,0.021808653296508863
vxo,combined,soybeans,wheat_us_hrw,19,0.021808653296508863
vxo,combined,soybeans,wheat_us_hrw,20,0.021808653296508863
vxo,combined,soybeans,wheat_us_hrw,21,0.021808653296508863
vxo,combined,soybeans,wheat_us_hrw,22,0.021808653296508863
vxo,combined,soybeans,wheat_us_hrw,23,0.021808653296508863
vxo,combined,soybeans,wheat_us_hrw,24,0.021808653296508863
vxo,combined,soybeans,zinc,1,0
vxo,combined,soybeans,zinc,2,0
vxo,combined,soybeans,zinc,3,4.87150337218303e-6
vxo,combined,soybeans,zinc,4,0.013860735122892558
vxo,combined,soybeans,zinc,5,0.014477421088123723
vxo,combined,soybeans,zinc,6,0.017882930970803065
vxo,combined,soybeans,zinc,7,0.021589955261336533
vxo,combined,soybeans,zinc,8,0.02454892621023387
vxo,combined,soybeans,zinc,9,0.03386452561595382
vxo,combined,soybeans,zinc,10,0.044805507354904135
vxo,combined,soybeans,zinc,11,0.041835011851450436
vxo,combined,soybeans,zinc,12,0.045092654998035865
vxo,combined,soybeans,zinc,13,0.045092654998035865
vxo,combined,soybeans,zinc,14,0.045092654998035865
vxo,combined,soybeans,zinc,15,0.045092654998035865
vxo,combined,soybeans,zinc,16,0.045092654998035865
vxo,combined,soybeans,zinc,17,0.045092654998035865
vxo,combined,soybeans,zinc,18,0.045092654998035865
vxo,combined,soybeans,zinc,19,0.045092654998035865
vxo,combined,soybeans,zinc,20,0.045092654998035865
vxo,combined,soybeans,zinc,21,0.045092654998035865
vxo,combined,soybeans,zinc,22,0.045092654998035865
vxo,combined,soybeans,zinc,23,0.045092654998035865
vxo,combined,soybeans,zinc,24,0.045092654998035865
vxo,combined,sugar_wld,aluminium,1,0
vxo,combined,sugar_wld,aluminium,2,0
vxo,combined,sugar_wld,aluminium,3,0.007586447920244912
vxo,combined,sugar_wld,aluminium,4,0.016059164013097222
vxo,combined,sugar_wld,aluminium,5,0.018550717310855298
vxo,combined,sugar_wld,aluminium,6,0.02399393091307198
vxo,combined,sugar_wld,aluminium,7,0.026873853058000864
vxo,combined,sugar_wld,aluminium,8,0.06549299591679766
vxo,combined,sugar_wld,aluminium,9,0.06330574920789778
vxo,combined,sugar_wld,aluminium,10,0.09745288678854118
vxo,combined,sugar_wld,aluminium,11,0.09489737541162326
vxo,combined,sugar_wld,aluminium,12,0.09809749541383055
vxo,combined,sugar_wld,aluminium,13,0.09809749541383055
vxo,combined,sugar_wld,aluminium,14,0.09809749541383055
vxo,combined,sugar_wld,aluminium,15,0.09809749541383055
vxo,combined,sugar_wld,aluminium,16,0.09809749541383055
vxo,combined,sugar_wld,aluminium,17,0.09809749541383055
vxo,combined,sugar_wld,aluminium,18,0.09809749541383055
vxo,combined,sugar_wld,aluminium,19,0.09809749541383055
vxo,combined,sugar_wld,aluminium,20,0.09809749541383055
vxo,combined,sugar_wld,aluminium,21,0.09809749541383055
vxo,combined,sugar_wld,aluminium,22,0.09809749541383055
vxo,combined,sugar_wld,aluminium,23,0.09809749541383055
vxo,combined,sugar_wld,aluminium,24,0.09809749541383055
vxo,combined,sugar_wld,cocoa,1,0
vxo,combined,sugar_wld,cocoa,2,0
vxo,combined,sugar_wld,cocoa,3,2.956124992342712e-4
vxo,combined,sugar_wld,cocoa,4,0.0018437759150290909
vxo,combined,sugar_wld,cocoa,5,0.005121236271294512
vxo,combined,sugar_wld,cocoa,6,0.007059468387594269
vxo,combined,sugar_wld,cocoa,7,0.006028803126074475
vxo,combined,sugar_wld,cocoa,8,0.005268510858132263
vxo,combined,sugar_wld,cocoa,9,0.005337722383999029
vxo,combined,sugar_wld,cocoa,10,0.005063020953887155
vxo,combined,sugar_wld,cocoa,11,0.005170923436983486
vxo,combined,sugar_wld,cocoa,12,0.005017987136732959
vxo,combined,sugar_wld,cocoa,13,0.005017987136732959
vxo,combined,sugar_wld,cocoa,14,0.005017987136732959
vxo,combined,sugar_wld,cocoa,15,0.005017987136732959
vxo,combined,sugar_wld,cocoa,16,0.005017987136732959
vxo,combined,sugar_wld,cocoa,17,0.005017987136732959
vxo,combined,sugar_wld,cocoa,18,0.005017987136732959
vxo,combined,sugar_wld,cocoa,19,0.005017987136732959
vxo,combined,sugar_wld,cocoa,20,0.005017987136732959
vxo,combined,sugar_wld,cocoa,21,0.005017987136732959
vxo,combined,sugar_wld,cocoa,22,0.005017987136732959
vxo,combined,sugar_wld,cocoa,23,0.005017987136732959
vxo,combined,sugar_wld,cocoa,24,0.005017987136732959
vxo,combined,sugar_wld,coffee_arabic,1,0
vxo,combined,sugar_wld,coffee_arabic,2,0
vxo,combined,sugar_wld,coffee_arabic,3,0.00136596050465914
vxo,combined,sugar_wld,coffee_arabic,4,0.02836031273952653
vxo,combined,sugar_wld,coffee_arabic,5,0.03181315998421699
vxo,combined,sugar_wld,coffee_arabic,6,0.0319734002595056
vxo,combined,sugar_wld,coffee_arabic,7,0.033792191346028615
vxo,combined,sugar_wld,coffee_arabic,8,0.03517229734759102
vxo,combined,sugar_wld,coffee_arabic,9,0.04519582208656596
vxo,combined,sugar_wld,coffee_arabic,10,0.04834624338988311
vxo,combined,sugar_wld,coffee_arabic,11,0.047159432963231204
vxo,combined,sugar_wld,coffee_arabic,12,0.046912026020936075
vxo,combined,sugar_wld,coffee_arabic,13,0.046912026020936075
vxo,combined,sugar_wld,coffee_arabic,14,0.046912026020936075
vxo,combined,sugar_wld,coffee_arabic,15,0.046912026020936075
vxo,combined,sugar_wld,coffee_arabic,16,0.046912026020936075
vxo,combined,sugar_wld,coffee_arabic,17,0.046912026020936075
vxo,combined,sugar_wld,coffee_arabic,18,0.046912026020936075
vxo,combined,sugar_wld,coffee_arabic,19,0.046912026020936075
vxo,combined,sugar_wld,coffee_arabic,20,0.046912026020936075
vxo,combined,sugar_wld,coffee_arabic,21,0.046912026020936075
vxo,combined,sugar_wld,coffee_arabic,22,0.046912026020936075
vxo,combined,sugar_wld,coffee_arabic,23,0.046912026020936075
vxo,combined,sugar_wld,coffee_arabic,24,0.046912026020936075
vxo,combined,sugar_wld,copper,1,0
vxo,combined,sugar_wld,copper,2,0
vxo,combined,sugar_wld,copper,3,0.08530393155623041
vxo,combined,sugar_wld,copper,4,0.06289371956825338
vxo,combined,sugar_wld,copper,5,0.11969535627494453
vxo,combined,sugar_wld,copper,6,0.10868533647981941
vxo,combined,sugar_wld,copper,7,0.11908437593729473
vxo,combined,sugar_wld,copper,8,0.13413563475347992
vxo,combined,sugar_wld,copper,9,0.12760746037936532
vxo,combined,sugar_wld,copper,10,0.14794023287660005
vxo,combined,sugar_wld,copper,11,0.1456540570473914
vxo,combined,sugar_wld,copper,12,0.14070621975661146
vxo,combined,sugar_wld,copper,13,0.14070621975661146
vxo,combined,sugar_wld,copper,14,0.14070621975661146
vxo,combined,sugar_wld,copper,15,0.14070621975661146
vxo,combined,sugar_wld,copper,16,0.14070621975661146
vxo,combined,sugar_wld,copper,17,0.14070621975661146
vxo,combined,sugar_wld,copper,18,0.14070621975661146
vxo,combined,sugar_wld,copper,19,0.14070621975661146
vxo,combined,sugar_wld,copper,20,0.14070621975661146
vxo,combined,sugar_wld,copper,21,0.14070621975661146
vxo,combined,sugar_wld,copper,22,0.14070621975661146
vxo,combined,sugar_wld,copper,23,0.14070621975661146
vxo,combined,sugar_wld,copper,24,0.14070621975661146
vxo,combined,sugar_wld,cotton_a_indx,1,0
vxo,combined,sugar_wld,cotton_a_indx,2,0
vxo,combined,sugar_wld,cotton_a_indx,3,0.04219811801729289
vxo,combined,sugar_wld,cotton_a_indx,4,0.03256555154379705
vxo,combined,sugar_wld,cotton_a_indx,5,0.06963041165263344
vxo,combined,sugar_wld,cotton_a_indx,6,0.06734366351180476
vxo,combined,sugar_wld,cotton_a_indx,7,0.07501731727798078
vxo,combined,sugar_wld,cotton_a_indx,8,0.07451592386430939
vxo,combined,sugar_wld,cotton_a_indx,9,0.07319516675121976
vxo,combined,sugar_wld,cotton_a_indx,10,0.07571265476600354
vxo,combined,sugar_wld,cotton_a_indx,11,0.07358342533115646
vxo,combined,sugar_wld,cotton_a_indx,12,0.07845176476281933
vxo,combined,sugar_wld,cotton_a_indx,13,0.07845176476281933
vxo,combined,sugar_wld,cotton_a_indx,14,0.07845176476281933
vxo,combined,sugar_wld,cotton_a_indx,15,0.07845176476281933
vxo,combined,sugar_wld,cotton_a_indx,16,0.07845176476281933
vxo,combined,sugar_wld,cotton_a_indx,17,0.07845176476281933
vxo,combined,sugar_wld,cotton_a_indx,18,0.07845176476281933
vxo,combined,sugar_wld,cotton_a_indx,19,0.07845176476281933
vxo,combined,sugar_wld,cotton_a_indx,20,0.07845176476281933
vxo,combined,sugar_wld,cotton_a_indx,21,0.07845176476281933
vxo,combined,sugar_wld,cotton_a_indx,22,0.07845176476281933
vxo,combined,sugar_wld,cotton_a_indx,23,0.07845176476281933
vxo,combined,sugar_wld,cotton_a_indx,24,0.07845176476281933
vxo,combined,sugar_wld,crude_wti,1,0
vxo,combined,sugar_wld,crude_wti,2,0
vxo,combined,sugar_wld,crude_wti,3,0.0018037435912219718
vxo,combined,sugar_wld,crude_wti,4,0.0028981085514308506
vxo,combined,sugar_wld,crude_wti,5,0.0027924497166386037
vxo,combined,sugar_wld,crude_wti,6,0.0024428565168250786
vxo,combined,sugar_wld,crude_wti,7,0.0035833618839683687
vxo,combined,sugar_wld,crude_wti,8,0.0036731134418973403
vxo,combined,sugar_wld,crude_wti,9,0.00349468029503426
vxo,combined,sugar_wld,crude_wti,10,0.00315882267616932
vxo,combined,sugar_wld,crude_wti,11,0.003105450896399262
vxo,combined,sugar_wld,crude_wti,12,0.003004102900739024
vxo,combined,sugar_wld,crude_wti,13,0.003004102900739024
vxo,combined,sugar_wld,crude_wti,14,0.003004102900739024
vxo,combined,sugar_wld,crude_wti,15,0.003004102900739024
vxo,combined,sugar_wld,crude_wti,16,0.003004102900739024
vxo,combined,sugar_wld,crude_wti,17,0.003004102900739024
vxo,combined,sugar_wld,crude_wti,18,0.003004102900739024
vxo,combined,sugar_wld,crude_wti,19,0.003004102900739024
vxo,combined,sugar_wld,crude_wti,20,0.003004102900739024
vxo,combined,sugar_wld,crude_wti,21,0.003004102900739024
vxo,combined,sugar_wld,crude_wti,22,0.003004102900739024
vxo,combined,sugar_wld,crude_wti,23,0.003004102900739024
vxo,combined,sugar_wld,crude_wti,24,0.003004102900739024
vxo,combined,sugar_wld,gold,1,0
vxo,combined,sugar_wld,gold,2,0
vxo,combined,sugar_wld,gold,3,0.005278080536288728
vxo,combined,sugar_wld,gold,4,0.026682117338737366
vxo,combined,sugar_wld,gold,5,0.030479159563346733
vxo,combined,sugar_wld,gold,6,0.029388522475699126
vxo,combined,sugar_wld,gold,7,0.0343783584640804
vxo,combined,sugar_wld,gold,8,0.03439762189445254
vxo,combined,sugar_wld,gold,9,0.03273295123053666
vxo,combined,sugar_wld,gold,10,0.028983498115593826
vxo,combined,sugar_wld,gold,11,0.028407361402787858
vxo,combined,sugar_wld,gold,12,0.02852835113909184
vxo,combined,sugar_wld,gold,13,0.02852835113909184
vxo,combined,sugar_wld,gold,14,0.02852835113909184
vxo,combined,sugar_wld,gold,15,0.02852835113909184
vxo,combined,sugar_wld,gold,16,0.02852835113909184
vxo,combined,sugar_wld,gold,17,0.02852835113909184
vxo,combined,sugar_wld,gold,18,0.02852835113909184
vxo,combined,sugar_wld,gold,19,0.02852835113909184
vxo,combined,sugar_wld,gold,20,0.02852835113909184
vxo,combined,sugar_wld,gold,21,0.02852835113909184
vxo,combined,sugar_wld,gold,22,0.02852835113909184
vxo,combined,sugar_wld,gold,23,0.02852835113909184
vxo,combined,sugar_wld,gold,24,0.02852835113909184
vxo,combined,sugar_wld,lead,1,0
vxo,combined,sugar_wld,lead,2,0
vxo,combined,sugar_wld,lead,3,0.014722362723603515
vxo,combined,sugar_wld,lead,4,0.010647473306077343
vxo,combined,sugar_wld,lead,5,0.010033985837980784
vxo,combined,sugar_wld,lead,6,0.017750052848685197
vxo,combined,sugar_wld,lead,7,0.03149716094473298
vxo,combined,sugar_wld,lead,8,0.02753095574642106
vxo,combined,sugar_wld,lead,9,0.026516111032121002
vxo,combined,sugar_wld,lead,10,0.02382173738024179
vxo,combined,sugar_wld,lead,11,0.024424147916682546
vxo,combined,sugar_wld,lead,12,0.02521456776275537
vxo,combined,sugar_wld,lead,13,0.02521456776275537
vxo,combined,sugar_wld,lead,14,0.02521456776275537
vxo,combined,sugar_wld,lead,15,0.02521456776275537
vxo,combined,sugar_wld,lead,16,0.02521456776275537
vxo,combined,sugar_wld,lead,17,0.02521456776275537
vxo,combined,sugar_wld,lead,18,0.02521456776275537
vxo,combined,sugar_wld,lead,19,0.02521456776275537
vxo,combined,sugar_wld,lead,20,0.02521456776275537
vxo,combined,sugar_wld,lead,21,0.02521456776275537
vxo,combined,sugar_wld,lead,22,0.02521456776275537
vxo,combined,sugar_wld,lead,23,0.02521456776275537
vxo,combined,sugar_wld,lead,24,0.02521456776275537
vxo,combined,sugar_wld,maize,1,0
vxo,combined,sugar_wld,maize,2,0
vxo,combined,sugar_wld,maize,3,0.11293448836988519
vxo,combined,sugar_wld,maize,4,0.14969217683379685
vxo,combined,sugar_wld,maize,5,0.12839193006603491
vxo,combined,sugar_wld,maize,6,0.12060240168124955
vxo,combined,sugar_wld,maize,7,0.11646172992151425
vxo,combined,sugar_wld,maize,8,0.10262402974429796
vxo,combined,sugar_wld,maize,9,0.09765406342273102
vxo,combined,sugar_wld,maize,10,0.08594976403435921
vxo,combined,sugar_wld,maize,11,0.087904972604755785
vxo,combined,sugar_wld,maize,12,0.08491783336336585
vxo,combined,sugar_wld,maize,13,0.08491783336336585
vxo,combined,sugar_wld,maize,14,0.08491783336336585
vxo,combined,sugar_wld,maize,15,0.08491783336336585
vxo,combined,sugar_wld,maize,16,0.08491783336336585
vxo,combined,sugar_wld,maize,17,0.08491783336336585
vxo,combined,sugar_wld,maize,18,0.08491783336336585
vxo,combined,sugar_wld,maize,19,0.08491783336336585
vxo,combined,sugar_wld,maize,20,0.08491783336336585
vxo,combined,sugar_wld,maize,21,0.08491783336336585
vxo,combined,sugar_wld,maize,22,0.08491783336336585
vxo,combined,sugar_wld,maize,23,0.08491783336336585
vxo,combined,sugar_wld,maize,24,0.08491783336336585
vxo,combined,sugar_wld,ngas_us,1,0
vxo,combined,sugar_wld,ngas_us,2,0
vxo,combined,sugar_wld,ngas_us,3,0.013051606238683143
vxo,combined,sugar_wld,ngas_us,4,0.010360445315587474
vxo,combined,sugar_wld,ngas_us,5,0.05252726956706266
vxo,combined,sugar_wld,ngas_us,6,0.06049971885138205
vxo,combined,sugar_wld,ngas_us,7,0.06886539202844703
vxo,combined,sugar_wld,ngas_us,8,0.07513900481645894
vxo,combined,sugar_wld,ngas_us,9,0.07510223818904045
vxo,combined,sugar_wld,ngas_us,10,0.07449323747652012
vxo,combined,sugar_wld,ngas_us,11,0.07277538120847171
vxo,combined,sugar_wld,ngas_us,12,0.07068759386110733
vxo,combined,sugar_wld,ngas_us,13,0.07068759386110733
vxo,combined,sugar_wld,ngas_us,14,0.07068759386110733
vxo,combined,sugar_wld,ngas_us,15,0.07068759386110733
vxo,combined,sugar_wld,ngas_us,16,0.07068759386110733
vxo,combined,sugar_wld,ngas_us,17,0.07068759386110733
vxo,combined,sugar_wld,ngas_us,18,0.07068759386110733
vxo,combined,sugar_wld,ngas_us,19,0.07068759386110733
vxo,combined,sugar_wld,ngas_us,20,0.07068759386110733
vxo,combined,sugar_wld,ngas_us,21,0.07068759386110733
vxo,combined,sugar_wld,ngas_us,22,0.07068759386110733
vxo,combined,sugar_wld,ngas_us,23,0.07068759386110733
vxo,combined,sugar_wld,ngas_us,24,0.07068759386110733
vxo,combined,sugar_wld,nickel,1,0
vxo,combined,sugar_wld,nickel,2,0
vxo,combined,sugar_wld,nickel,3,0.04784416922727966
vxo,combined,sugar_wld,nickel,4,0.05132587116046117
vxo,combined,sugar_wld,nickel,5,0.03917953116862026
vxo,combined,sugar_wld,nickel,6,0.036541060340738486
vxo,combined,sugar_wld,nickel,7,0.03163335347242967
vxo,combined,sugar_wld,nickel,8,0.03282719328965366
vxo,combined,sugar_wld,nickel,9,0.031673823594384684
vxo,combined,sugar_wld,nickel,10,0.028625152474895978
vxo,combined,sugar_wld,nickel,11,0.030002898777382502
vxo,combined,sugar_wld,nickel,12,0.028989298866009212
vxo,combined,sugar_wld,nickel,13,0.028989298866009212
vxo,combined,sugar_wld,nickel,14,0.028989298866009212
vxo,combined,sugar_wld,nickel,15,0.028989298866009212
vxo,combined,sugar_wld,nickel,16,0.028989298866009212
vxo,combined,sugar_wld,nickel,17,0.028989298866009212
vxo,combined,sugar_wld,nickel,18,0.028989298866009212
vxo,combined,sugar_wld,nickel,19,0.028989298866009212
vxo,combined,sugar_wld,nickel,20,0.028989298866009212
vxo,combined,sugar_wld,nickel,21,0.028989298866009212
vxo,combined,sugar_wld,nickel,22,0.028989298866009212
vxo,combined,sugar_wld,nickel,23,0.028989298866009212
vxo,combined,sugar_wld,nickel,24,0.028989298866009212
vxo,combined,sugar_wld,platinum,1,0
vxo,combined,sugar_wld,platinum,2,0
vxo,combined,sugar_wld,platinum,3,0.014661520689324279
vxo,combined,sugar_wld,platinum,4,0.013820359755142233
vxo,combined,sugar_wld,platinum,5,0.025992699653676406
vxo,combined,sugar_wld,platinum,6,0.023062591475270608
vxo,combined,sugar_wld,platinum,7,0.027890073074945277
vxo,combined,sugar_wld,platinum,8,0.024312145268640124
vxo,combined,sugar_wld,platinum,9,0.02327031385278158
vxo,combined,sugar_wld,platinum,10,0.02201322589421153
vxo,combined,sugar_wld,platinum,11,0.023089409215636455
vxo,combined,sugar_wld,platinum,12,0.022431870398922374
vxo,combined,sugar_wld,platinum,13,0.022431870398922374
vxo,combined,sugar_wld,platinum,14,0.022431870398922374
vxo,combined,sugar_wld,platinum,15,0.022431870398922374
vxo,combined,sugar_wld,platinum,16,0.022431870398922374
vxo,combined,sugar_wld,platinum,17,0.022431870398922374
vxo,combined,sugar_wld,platinum,18,0.022431870398922374
vxo,combined,sugar_wld,platinum,19,0.022431870398922374
vxo,combined,sugar_wld,platinum,20,0.022431870398922374
vxo,combined,sugar_wld,platinum,21,0.022431870398922374
vxo,combined,sugar_wld,platinum,22,0.022431870398922374
vxo,combined,sugar_wld,platinum,23,0.022431870398922374
vxo,combined,sugar_wld,platinum,24,0.022431870398922374
vxo,combined,sugar_wld,silver,1,0
vxo,combined,sugar_wld,silver,2,0
vxo,combined,sugar_wld,silver,3,0.003302731083804125
vxo,combined,sugar_wld,silver,4,0.0038869399339597267
vxo,combined,sugar_wld,silver,5,0.010999690120830833
vxo,combined,sugar_wld,silver,6,0.010710218003421482
vxo,combined,sugar_wld,silver,7,0.009066100789169628
vxo,combined,sugar_wld,silver,8,0.01017695263473687
vxo,combined,sugar_wld,silver,9,0.013003208740442918
vxo,combined,sugar_wld,silver,10,0.012215521171289658
vxo,combined,sugar_wld,silver,11,0.013935937561080145
vxo,combined,sugar_wld,silver,12,0.01543492395609207
vxo,combined,sugar_wld,silver,13,0.01543492395609207
vxo,combined,sugar_wld,silver,14,0.01543492395609207
vxo,combined,sugar_wld,silver,15,0.01543492395609207
vxo,combined,sugar_wld,silver,16,0.01543492395609207
vxo,combined,sugar_wld,silver,17,0.01543492395609207
vxo,combined,sugar_wld,silver,18,0.01543492395609207
vxo,combined,sugar_wld,silver,19,0.01543492395609207
vxo,combined,sugar_wld,silver,20,0.01543492395609207
vxo,combined,sugar_wld,silver,21,0.01543492395609207
vxo,combined,sugar_wld,silver,22,0.01543492395609207
vxo,combined,sugar_wld,silver,23,0.01543492395609207
vxo,combined,sugar_wld,silver,24,0.01543492395609207
vxo,combined,sugar_wld,soybeans,1,0
vxo,combined,sugar_wld,soybeans,2,0
vxo,combined,sugar_wld,soybeans,3,0.03099559883482911
vxo,combined,sugar_wld,soybeans,4,0.10275354882097813
vxo,combined,sugar_wld,soybeans,5,0.0786150617143335
vxo,combined,sugar_wld,soybeans,6,0.08762142952549505
vxo,combined,sugar_wld,soybeans,7,0.07916901650425938
vxo,combined,sugar_wld,soybeans,8,0.07089032136509078
vxo,combined,sugar_wld,soybeans,9,0.0701615833656086
vxo,combined,sugar_wld,soybeans,10,0.06638420892005098
vxo,combined,sugar_wld,soybeans,11,0.06481072214229085
vxo,combined,sugar_wld,soybeans,12,0.06511438580874342
vxo,combined,sugar_wld,soybeans,13,0.06511438580874342
vxo,combined,sugar_wld,soybeans,14,0.06511438580874342
vxo,combined,sugar_wld,soybeans,15,0.06511438580874342
vxo,combined,sugar_wld,soybeans,16,0.06511438580874342
vxo,combined,sugar_wld,soybeans,17,0.06511438580874342
vxo,combined,sugar_wld,soybeans,18,0.06511438580874342
vxo,combined,sugar_wld,soybeans,19,0.06511438580874342
vxo,combined,sugar_wld,soybeans,20,0.06511438580874342
vxo,combined,sugar_wld,soybeans,21,0.06511438580874342
vxo,combined,sugar_wld,soybeans,22,0.06511438580874342
vxo,combined,sugar_wld,soybeans,23,0.06511438580874342
vxo,combined,sugar_wld,soybeans,24,0.06511438580874342
vxo,combined,sugar_wld,sugar_wld,1,0
vxo,combined,sugar_wld,sugar_wld,2,1
vxo,combined,sugar_wld,sugar_wld,3,0.6017541212350762
vxo,combined,sugar_wld,sugar_wld,4,0.4358183760571784
vxo,combined,sugar_wld,sugar_wld,5,0.3269788150160844
vxo,combined,sugar_wld,sugar_wld,6,0.2859082601932985
vxo,combined,sugar_wld,sugar_wld,7,0.2449216085394711
vxo,combined,sugar_wld,sugar_wld,8,0.21332191854288185
vxo,combined,sugar_wld,sugar_wld,9,0.20689360968248022
vxo,combined,sugar_wld,sugar_wld,10,0.18340731125348048
vxo,combined,sugar_wld,sugar_wld,11,0.17798908312772146
vxo,combined,sugar_wld,sugar_wld,12,0.17196919535497673
vxo,combined,sugar_wld,sugar_wld,13,0.17196919535497673
vxo,combined,sugar_wld,sugar_wld,14,0.17196919535497673
vxo,combined,sugar_wld,sugar_wld,15,0.17196919535497673
vxo,combined,sugar_wld,sugar_wld,16,0.17196919535497673
vxo,combined,sugar_wld,sugar_wld,17,0.17196919535497673
vxo,combined,sugar_wld,sugar_wld,18,0.17196919535497673
vxo,combined,sugar_wld,sugar_wld,19,0.17196919535497673
vxo,combined,sugar_wld,sugar_wld,20,0.17196919535497673
vxo,combined,sugar_wld,sugar_wld,21,0.17196919535497673
vxo,combined,sugar_wld,sugar_wld,22,0.17196919535497673
vxo,combined,sugar_wld,sugar_wld,23,0.17196919535497673
vxo,combined,sugar_wld,sugar_wld,24,0.17196919535497673
vxo,combined,sugar_wld,tin,1,0
vxo,combined,sugar_wld,tin,2,0
vxo,combined,sugar_wld,tin,3,0.0029183661733659556
vxo,combined,sugar_wld,tin,4,0.0033275499323351322
vxo,combined,sugar_wld,tin,5,0.002571973821867901
vxo,combined,sugar_wld,tin,6,0.02291052928656074
vxo,combined,sugar_wld,tin,7,0.026292448027181288
vxo,combined,sugar_wld,tin,8,0.024994980897187883
vxo,combined,sugar_wld,tin,9,0.03613530095788331
vxo,combined,sugar_wld,tin,10,0.032232009913314576
vxo,combined,sugar_wld,tin,11,0.04151801740134991
vxo,combined,sugar_wld,tin,12,0.043738722236438106
vxo,combined,sugar_wld,tin,13,0.043738722236438106
vxo,combined,sugar_wld,tin,14,0.043738722236438106
vxo,combined,sugar_wld,tin,15,0.043738722236438106
vxo,combined,sugar_wld,tin,16,0.043738722236438106
vxo,combined,sugar_wld,tin,17,0.043738722236438106
vxo,combined,sugar_wld,tin,18,0.043738722236438106
vxo,combined,sugar_wld,tin,19,0.043738722236438106
vxo,combined,sugar_wld,tin,20,0.043738722236438106
vxo,combined,sugar_wld,tin,21,0.043738722236438106
vxo,combined,sugar_wld,tin,22,0.043738722236438106
vxo,combined,sugar_wld,tin,23,0.043738722236438106
vxo,combined,sugar_wld,tin,24,0.043738722236438106
vxo,combined,sugar_wld,wheat_us_hrw,1,0
vxo,combined,sugar_wld,wheat_us_hrw,2,0
vxo,combined,sugar_wld,wheat_us_hrw,3,0.012584207436069413
vxo,combined,sugar_wld,wheat_us_hrw,4,0.016538622133415715
vxo,combined,sugar_wld,wheat_us_hrw,5,0.021217211866301853
vxo,combined,sugar_wld,wheat_us_hrw,6,0.028512750706218924
vxo,combined,sugar_wld,wheat_us_hrw,7,0.025910042850393618
vxo,combined,sugar_wld,wheat_us_hrw,8,0.024601979176648723
vxo,combined,sugar_wld,wheat_us_hrw,9,0.025905682987468304
vxo,combined,sugar_wld,wheat_us_hrw,10,0.026542794197589675
vxo,combined,sugar_wld,wheat_us_hrw,11,0.0289091836023037
vxo,combined,sugar_wld,wheat_us_hrw,12,0.031604981874829234
vxo,combined,sugar_wld,wheat_us_hrw,13,0.031604981874829234
vxo,combined,sugar_wld,wheat_us_hrw,14,0.031604981874829234
vxo,combined,sugar_wld,wheat_us_hrw,15,0.031604981874829234
vxo,combined,sugar_wld,wheat_us_hrw,16,0.031604981874829234
vxo,combined,sugar_wld,wheat_us_hrw,17,0.031604981874829234
vxo,combined,sugar_wld,wheat_us_hrw,18,0.031604981874829234
vxo,combined,sugar_wld,wheat_us_hrw,19,0.031604981874829234
vxo,combined,sugar_wld,wheat_us_hrw,20,0.031604981874829234
vxo,combined,sugar_wld,wheat_us_hrw,21,0.031604981874829234
vxo,combined,sugar_wld,wheat_us_hrw,22,0.031604981874829234
vxo,combined,sugar_wld,wheat_us_hrw,23,0.031604981874829234
vxo,combined,sugar_wld,wheat_us_hrw,24,0.031604981874829234
vxo,combined,sugar_wld,zinc,1,0
vxo,combined,sugar_wld,zinc,2,0
vxo,combined,sugar_wld,zinc,3,0.0013989333629071544
vxo,combined,sugar_wld,zinc,4,0.030525887081196412
vxo,combined,sugar_wld,zinc,5,0.025409340393276268
vxo,combined,sugar_wld,zinc,6,0.03499380854335899
vxo,combined,sugar_wld,zinc,7,0.03953481275402778
vxo,combined,sugar_wld,zinc,8,0.04092442044132192
vxo,combined,sugar_wld,zinc,9,0.042814511840439204
vxo,combined,sugar_wld,zinc,10,0.03765767771736784
vxo,combined,sugar_wld,zinc,11,0.03666221995275194
vxo,combined,sugar_wld,zinc,12,0.03917867938599902
vxo,combined,sugar_wld,zinc,13,0.03917867938599902
vxo,combined,sugar_wld,zinc,14,0.03917867938599902
vxo,combined,sugar_wld,zinc,15,0.03917867938599902
vxo,combined,sugar_wld,zinc,16,0.03917867938599902
vxo,combined,sugar_wld,zinc,17,0.03917867938599902
vxo,combined,sugar_wld,zinc,18,0.03917867938599902
vxo,combined,sugar_wld,zinc,19,0.03917867938599902
vxo,combined,sugar_wld,zinc,20,0.03917867938599902
vxo,combined,sugar_wld,zinc,21,0.03917867938599902
vxo,combined,sugar_wld,zinc,22,0.03917867938599902
vxo,combined,sugar_wld,zinc,23,0.03917867938599902
vxo,combined,sugar_wld,zinc,24,0.03917867938599902
vxo,combined,tin,aluminium,1,0
vxo,combined,tin,aluminium,2,0
vxo,combined,tin,aluminium,3,0.0065764319951562575
vxo,combined,tin,aluminium,4,0.004989764019345734
vxo,combined,tin,aluminium,5,0.006611495908636551
vxo,combined,tin,aluminium,6,0.054913323809252644
vxo,combined,tin,aluminium,7,0.04784779850443692
vxo,combined,tin,aluminium,8,0.05710510992293994
vxo,combined,tin,aluminium,9,0.05488518952460934
vxo,combined,tin,aluminium,10,0.0869167307557997
vxo,combined,tin,aluminium,11,0.08600185657056279
vxo,combined,tin,aluminium,12,0.10295877995891813
vxo,combined,tin,aluminium,13,0.10295877995891813
vxo,combined,tin,aluminium,14,0.10295877995891813
vxo,combined,tin,aluminium,15,0.10295877995891813
vxo,combined,tin,aluminium,16,0.10295877995891813
vxo,combined,tin,aluminium,17,0.10295877995891813
vxo,combined,tin,aluminium,18,0.10295877995891813
vxo,combined,tin,aluminium,19,0.10295877995891813
vxo,combined,tin,aluminium,20,0.10295877995891813
vxo,combined,tin,aluminium,21,0.10295877995891813
vxo,combined,tin,aluminium,22,0.10295877995891813
vxo,combined,tin,aluminium,23,0.10295877995891813
vxo,combined,tin,aluminium,24,0.10295877995891813
vxo,combined,tin,cocoa,1,0
vxo,combined,tin,cocoa,2,0
vxo,combined,tin,cocoa,3,0.001795854358419002
vxo,combined,tin,cocoa,4,0.0014753264827224977
vxo,combined,tin,cocoa,5,0.008006881733108867
vxo,combined,tin,cocoa,6,0.008802029028023023
vxo,combined,tin,cocoa,7,0.007932596656707175
vxo,combined,tin,cocoa,8,0.007467682122403453
vxo,combined,tin,cocoa,9,0.010019546551208429
vxo,combined,tin,cocoa,10,0.0097510918366533
vxo,combined,tin,cocoa,11,0.009452408251808542
vxo,combined,tin,cocoa,12,0.009183786695537578
vxo,combined,tin,cocoa,13,0.009183786695537578
vxo,combined,tin,cocoa,14,0.009183786695537578
vxo,combined,tin,cocoa,15,0.009183786695537578
vxo,combined,tin,cocoa,16,0.009183786695537578
vxo,combined,tin,cocoa,17,0.009183786695537578
vxo,combined,tin,cocoa,18,0.009183786695537578
vxo,combined,tin,cocoa,19,0.009183786695537578
vxo,combined,tin,cocoa,20,0.009183786695537578
vxo,combined,tin,cocoa,21,0.009183786695537578
vxo,combined,tin,cocoa,22,0.009183786695537578
vxo,combined,tin,cocoa,23,0.009183786695537578
vxo,combined,tin,cocoa,24,0.009183786695537578
vxo,combined,tin,coffee_arabic,1,0
vxo,combined,tin,coffee_arabic,2,0
vxo,combined,tin,coffee_arabic,3,4.679950350487279e-4
vxo,combined,tin,coffee_arabic,4,0.003867885633450457
vxo,combined,tin,coffee_arabic,5,0.015463777497272674
vxo,combined,tin,coffee_arabic,6,0.03126157776282434
vxo,combined,tin,coffee_arabic,7,0.026767844002631793
vxo,combined,tin,coffee_arabic,8,0.024622862820514273
vxo,combined,tin,coffee_arabic,9,0.03440151811845691
vxo,combined,tin,coffee_arabic,10,0.039988785472556417
vxo,combined,tin,coffee_arabic,11,0.038751219417275024
vxo,combined,tin,coffee_arabic,12,0.039154474571501764
vxo,combined,tin,coffee_arabic,13,0.039154474571501764
vxo,combined,tin,coffee_arabic,14,0.039154474571501764
vxo,combined,tin,coffee_arabic,15,0.039154474571501764
vxo,combined,tin,coffee_arabic,16,0.039154474571501764
vxo,combined,tin,coffee_arabic,17,0.039154474571501764
vxo,combined,tin,coffee_arabic,18,0.039154474571501764
vxo,combined,tin,coffee_arabic,19,0.039154474571501764
vxo,combined,tin,coffee_arabic,20,0.039154474571501764
vxo,combined,tin,coffee_arabic,21,0.039154474571501764
vxo,combined,tin,coffee_arabic,22,0.039154474571501764
vxo,combined,tin,coffee_arabic,23,0.039154474571501764
vxo,combined,tin,coffee_arabic,24,0.039154474571501764
vxo,combined,tin,copper,1,0
vxo,combined,tin,copper,2,0
vxo,combined,tin,copper,3,0.24945702659232225
vxo,combined,tin,copper,4,0.1893373613509566
vxo,combined,tin,copper,5,0.16228364423453057
vxo,combined,tin,copper,6,0.14240420987104668
vxo,combined,tin,copper,7,0.12696513931941739
vxo,combined,tin,copper,8,0.11806406089209935
vxo,combined,tin,copper,9,0.11077131586966137
vxo,combined,tin,copper,10,0.1049377085686533
vxo,combined,tin,copper,11,0.10115310420302734
vxo,combined,tin,copper,12,0.1019843779089173
vxo,combined,tin,copper,13,0.1019843779089173
vxo,combined,tin,copper,14,0.1019843779089173
vxo,combined,tin,copper,15,0.1019843779089173
vxo,combined,tin,copper,16,0.1019843779089173
vxo,combined,tin,copper,17,0.1019843779089173
vxo,combined,tin,copper,18,0.1019843779089173
vxo,combined,tin,copper,19,0.1019843779089173
vxo,combined,tin,copper,20,0.1019843779089173
vxo,combined,tin,copper,21,0.1019843779089173
vxo,combined,tin,copper,22,0.1019843779089173
vxo,combined,tin,copper,23,0.1019843779089173
vxo,combined,tin,copper,24,0.1019843779089173
vxo,combined,tin,cotton_a_indx,1,0
vxo,combined,tin,cotton_a_indx,2,0
vxo,combined,tin,cotton_a_indx,3,0.008612237150709775
vxo,combined,tin,cotton_a_indx,4,0.009143736193246552
vxo,combined,tin,cotton_a_indx,5,0.04114314122012236
vxo,combined,tin,cotton_a_indx,6,0.04305784340130364
vxo,combined,tin,cotton_a_indx,7,0.03802241706565159
vxo,combined,tin,cotton_a_indx,8,0.04588843917343757
vxo,combined,tin,cotton_a_indx,9,0.051077376503947086
vxo,combined,tin,cotton_a_indx,10,0.04735407920784451
vxo,combined,tin,cotton_a_indx,11,0.04786658441039039
vxo,combined,tin,cotton_a_indx,12,0.05176522613523899
vxo,combined,tin,cotton_a_indx,13,0.05176522613523899
vxo,combined,tin,cotton_a_indx,14,0.05176522613523899
vxo,combined,tin,cotton_a_indx,15,0.05176522613523899
vxo,combined,tin,cotton_a_indx,16,0.05176522613523899
vxo,combined,tin,cotton_a_indx,17,0.05176522613523899
vxo,combined,tin,cotton_a_indx,18,0.05176522613523899
vxo,combined,tin,cotton_a_indx,19,0.05176522613523899
vxo,combined,tin,cotton_a_indx,20,0.05176522613523899
vxo,combined,tin,cotton_a_indx,21,0.05176522613523899
vxo,combined,tin,cotton_a_indx,22,0.05176522613523899
vxo,combined,tin,cotton_a_indx,23,0.05176522613523899
vxo,combined,tin,cotton_a_indx,24,0.05176522613523899
vxo,combined,tin,crude_wti,1,0
vxo,combined,tin,crude_wti,2,0
vxo,combined,tin,crude_wti,3,1.851554826136712e-4
vxo,combined,tin,crude_wti,4,0.0024560977642067933
vxo,combined,tin,crude_wti,5,0.002092818390454382
vxo,combined,tin,crude_wti,6,0.005167912801127658
vxo,combined,tin,crude_wti,7,0.005044583556959205
vxo,combined,tin,crude_wti,8,0.0050312159803030995
vxo,combined,tin,crude_wti,9,0.005410249575227772
vxo,combined,tin,crude_wti,10,0.004996883253906228
vxo,combined,tin,crude_wti,11,0.005431999553832641
vxo,combined,tin,crude_wti,12,0.005223834193053758
vxo,combined,tin,crude_wti,13,0.005223834193053758
vxo,combined,tin,crude_wti,14,0.005223834193053758
vxo,combined,tin,crude_wti,15,0.005223834193053758
vxo,combined,tin,crude_wti,16,0.005223834193053758
vxo,combined,tin,crude_wti,17,0.005223834193053758
vxo,combined,tin,crude_wti,18,0.005223834193053758
vxo,combined,tin,crude_wti,19,0.005223834193053758
vxo,combined,tin,crude_wti,20,0.005223834193053758
vxo,combined,tin,crude_wti,21,0.005223834193053758
vxo,combined,tin,crude_wti,22,0.005223834193053758
vxo,combined,tin,crude_wti,23,0.005223834193053758
vxo,combined,tin,crude_wti,24,0.005223834193053758
vxo,combined,tin,gold,1,0
vxo,combined,tin,gold,2,0
vxo,combined,tin,gold,3,0.007837076113515421
vxo,combined,tin,gold,4,0.012661200805379292
vxo,combined,tin,gold,5,0.013717185804063826
vxo,combined,tin,gold,6,0.012983691154204707
vxo,combined,tin,gold,7,0.012725900492484121
vxo,combined,tin,gold,8,0.011632407311160733
vxo,combined,tin,gold,9,0.013949229548662092
vxo,combined,tin,gold,10,0.012883465241753454
vxo,combined,tin,gold,11,0.012396354060522754
vxo,combined,tin,gold,12,0.012162560372184647
vxo,combined,tin,gold,13,0.012162560372184647
vxo,combined,tin,gold,14,0.012162560372184647
vxo,combined,tin,gold,15,0.012162560372184647
vxo,combined,tin,gold,16,0.012162560372184647
vxo,combined,tin,gold,17,0.012162560372184647
vxo,combined,tin,gold,18,0.012162560372184647
vxo,combined,tin,gold,19,0.012162560372184647
vxo,combined,tin,gold,20,0.012162560372184647
vxo,combined,tin,gold,21,0.012162560372184647
vxo,combined,tin,gold,22,0.012162560372184647
vxo,combined,tin,gold,23,0.012162560372184647
vxo,combined,tin,gold,24,0.012162560372184647
vxo,combined,tin,lead,1,0
vxo,combined,tin,lead,2,0
vxo,combined,tin,lead,3,0.05429532796997648
vxo,combined,tin,lead,4,0.06861087786534076
vxo,combined,tin,lead,5,0.06063226421689574
vxo,combined,tin,lead,6,0.05255449449919356
vxo,combined,tin,lead,7,0.06241253469423039
vxo,combined,tin,lead,8,0.057244239174631076
vxo,combined,tin,lead,9,0.052966025789258714
vxo,combined,tin,lead,10,0.05446110724817449
vxo,combined,tin,lead,11,0.05675817932453777
vxo,combined,tin,lead,12,0.05618796247210697
vxo,combined,tin,lead,13,0.05618796247210697
vxo,combined,tin,lead,14,0.05618796247210697
vxo,combined,tin,lead,15,0.05618796247210697
vxo,combined,tin,lead,16,0.05618796247210697
vxo,combined,tin,lead,17,0.05618796247210697
vxo,combined,tin,lead,18,0.05618796247210697
vxo,combined,tin,lead,19,0.05618796247210697
vxo,combined,tin,lead,20,0.05618796247210697
vxo,combined,tin,lead,21,0.05618796247210697
vxo,combined,tin,lead,22,0.05618796247210697
vxo,combined,tin,lead,23,0.05618796247210697
vxo,combined,tin,lead,24,0.05618796247210697
vxo,combined,tin,maize,1,0
vxo,combined,tin,maize,2,0
vxo,combined,tin,maize,3,0.0016729373748407082
vxo,combined,tin,maize,4,0.007576773278366996
vxo,combined,tin,maize,5,0.012332400998760859
vxo,combined,tin,maize,6,0.019233715232040965
vxo,combined,tin,maize,7,0.02236332819634471
vxo,combined,tin,maize,8,0.03185687367461354
vxo,combined,tin,maize,9,0.02983002967303017
vxo,combined,tin,maize,10,0.027689253881748074
vxo,combined,tin,maize,11,0.031804868612592005
vxo,combined,tin,maize,12,0.030477441144301388
vxo,combined,tin,maize,13,0.030477441144301388
vxo,combined,tin,maize,14,0.030477441144301388
vxo,combined,tin,maize,15,0.030477441144301388
vxo,combined,tin,maize,16,0.030477441144301388
vxo,combined,tin,maize,17,0.030477441144301388
vxo,combined,tin,maize,18,0.030477441144301388
vxo,combined,tin,maize,19,0.030477441144301388
vxo,combined,tin,maize,20,0.030477441144301388
vxo,combined,tin,maize,21,0.030477441144301388
vxo,combined,tin,maize,22,0.030477441144301388
vxo,combined,tin,maize,23,0.030477441144301388
vxo,combined,tin,maize,24,0.030477441144301388
vxo,combined,tin,ngas_us,1,0
vxo,combined,tin,ngas_us,2,0
vxo,combined,tin,ngas_us,3,0.03724224323226706
vxo,combined,tin,ngas_us,4,0.03264609948528784
vxo,combined,tin,ngas_us,5,0.02919377029857734
vxo,combined,tin,ngas_us,6,0.030774527719447487
vxo,combined,tin,ngas_us,7,0.04938066281939544
vxo,combined,tin,ngas_us,8,0.047265913857071185
vxo,combined,tin,ngas_us,9,0.06160823707263032
vxo,combined,tin,ngas_us,10,0.06606297564333398
vxo,combined,tin,ngas_us,11,0.06405218606029
vxo,combined,tin,ngas_us,12,0.06146304483090261
vxo,combined,tin,ngas_us,13,0.06146304483090261
vxo,combined,tin,ngas_us,14,0.06146304483090261
vxo,combined,tin,ngas_us,15,0.06146304483090261
vxo,combined,tin,ngas_us,16,0.06146304483090261
vxo,combined,tin,ngas_us,17,0.06146304483090261
vxo,combined,tin,ngas_us,18,0.06146304483090261
vxo,combined,tin,ngas_us,19,0.06146304483090261
vxo,combined,tin,ngas_us,20,0.06146304483090261
vxo,combined,tin,ngas_us,21,0.06146304483090261
vxo,combined,tin,ngas_us,22,0.06146304483090261
vxo,combined,tin,ngas_us,23,0.06146304483090261
vxo,combined,tin,ngas_us,24,0.06146304483090261
vxo,combined,tin,nickel,1,0
vxo,combined,tin,nickel,2,0
vxo,combined,tin,nickel,3,0.0057160455270671385
vxo,combined,tin,nickel,4,0.03475859365774237
vxo,combined,tin,nickel,5,0.03010498598872076
vxo,combined,tin,nickel,6,0.025760112704204634
vxo,combined,tin,nickel,7,0.02318045208488228
vxo,combined,tin,nickel,8,0.02280154517224255
vxo,combined,tin,nickel,9,0.023122937390906186
vxo,combined,tin,nickel,10,0.022478936258543823
vxo,combined,tin,nickel,11,0.021716367140373723
vxo,combined,tin,nickel,12,0.021313625167909526
vxo,combined,tin,nickel,13,0.021313625167909526
vxo,combined,tin,nickel,14,0.021313625167909526
vxo,combined,tin,nickel,15,0.021313625167909526
vxo,combined,tin,nickel,16,0.021313625167909526
vxo,combined,tin,nickel,17,0.021313625167909526
vxo,combined,tin,nickel,18,0.021313625167909526
vxo,combined,tin,nickel,19,0.021313625167909526
vxo,combined,tin,nickel,20,0.021313625167909526
vxo,combined,tin,nickel,21,0.021313625167909526
vxo,combined,tin,nickel,22,0.021313625167909526
vxo,combined,tin,nickel,23,0.021313625167909526
vxo,combined,tin,nickel,24,0.021313625167909526
vxo,combined,tin,platinum,1,0
vxo,combined,tin,platinum,2,0
vxo,combined,tin,platinum,3,0.0238165826472936
vxo,combined,tin,platinum,4,0.044312754279230405
vxo,combined,tin,platinum,5,0.03812155903757709
vxo,combined,tin,platinum,6,0.03291959136170783
vxo,combined,tin,platinum,7,0.051047431243047274
vxo,combined,tin,platinum,8,0.04759243147757982
vxo,combined,tin,platinum,9,0.04427963550812196
vxo,combined,tin,platinum,10,0.04139817856778113
vxo,combined,tin,platinum,11,0.03987709195619637
vxo,combined,tin,platinum,12,0.03980442859197357
vxo,combined,tin,platinum,13,0.03980442859197357
vxo,combined,tin,platinum,14,0.03980442859197357
vxo,combined,tin,platinum,15,0.03980442859197357
vxo,combined,tin,platinum,16,0.03980442859197357
vxo,combined,tin,platinum,17,0.03980442859197357
vxo,combined,tin,platinum,18,0.03980442859197357
vxo,combined,tin,platinum,19,0.03980442859197357
vxo,combined,tin,platinum,20,0.03980442859197357
vxo,combined,tin,platinum,21,0.03980442859197357
vxo,combined,tin,platinum,22,0.03980442859197357
vxo,combined,tin,platinum,23,0.03980442859197357
vxo,combined,tin,platinum,24,0.03980442859197357
vxo,combined,tin,silver,1,0
vxo,combined,tin,silver,2,0
vxo,combined,tin,silver,3,0.0017618422226086557
vxo,combined,tin,silver,4,0.016778767001008724
vxo,combined,tin,silver,5,0.041623903600778486
vxo,combined,tin,silver,6,0.04203946648057975
vxo,combined,tin,silver,7,0.03646087756791192
vxo,combined,tin,silver,8,0.034958532865230596
vxo,combined,tin,silver,9,0.03236210802749441
vxo,combined,tin,silver,10,0.029889926953669366
vxo,combined,tin,silver,11,0.03407275652928412
vxo,combined,tin,silver,12,0.03257096876338503
vxo,combined,tin,silver,13,0.03257096876338503
vxo,combined,tin,silver,14,0.03257096876338503
vxo,combined,tin,silver,15,0.03257096876338503
vxo,combined,tin,silver,16,0.03257096876338503
vxo,combined,tin,silver,17,0.03257096876338503
vxo,combined,tin,silver,18,0.03257096876338503
vxo,combined,tin,silver,19,0.03257096876338503
vxo,combined,tin,silver,20,0.03257096876338503
vxo,combined,tin,silver,21,0.03257096876338503
vxo,combined,tin,silver,22,0.03257096876338503
vxo,combined,tin,silver,23,0.03257096876338503
vxo,combined,tin,silver,24,0.03257096876338503
vxo,combined,tin,soybeans,1,0
vxo,combined,tin,soybeans,2,0
vxo,combined,tin,soybeans,3,1.3169148901637768e-5
vxo,combined,tin,soybeans,4,0.04222696015875422
vxo,combined,tin,soybeans,5,0.04865775945151638
vxo,combined,tin,soybeans,6,0.059233075708188566
vxo,combined,tin,soybeans,7,0.05070827596028356
vxo,combined,tin,soybeans,8,0.06350240526399868
vxo,combined,tin,soybeans,9,0.06872618833536412
vxo,combined,tin,soybeans,10,0.06752598637333679
vxo,combined,tin,soybeans,11,0.06769144338122271
vxo,combined,tin,soybeans,12,0.06544045345932684
vxo,combined,tin,soybeans,13,0.06544045345932684
vxo,combined,tin,soybeans,14,0.06544045345932684
vxo,combined,tin,soybeans,15,0.06544045345932684
vxo,combined,tin,soybeans,16,0.06544045345932684
vxo,combined,tin,soybeans,17,0.06544045345932684
vxo,combined,tin,soybeans,18,0.06544045345932684
vxo,combined,tin,soybeans,19,0.06544045345932684
vxo,combined,tin,soybeans,20,0.06544045345932684
vxo,combined,tin,soybeans,21,0.06544045345932684
vxo,combined,tin,soybeans,22,0.06544045345932684
vxo,combined,tin,soybeans,23,0.06544045345932684
vxo,combined,tin,soybeans,24,0.06544045345932684
vxo,combined,tin,sugar_wld,1,0
vxo,combined,tin,sugar_wld,2,0
vxo,combined,tin,sugar_wld,3,0.002078143073337114
vxo,combined,tin,sugar_wld,4,0.010011967141603738
vxo,combined,tin,sugar_wld,5,0.012396175636027278
vxo,combined,tin,sugar_wld,6,0.02201293364254309
vxo,combined,tin,sugar_wld,7,0.021073793391337976
vxo,combined,tin,sugar_wld,8,0.02094300077151681
vxo,combined,tin,sugar_wld,9,0.02482197826375277
vxo,combined,tin,sugar_wld,10,0.023668289172312916
vxo,combined,tin,sugar_wld,11,0.02298615411890701
vxo,combined,tin,sugar_wld,12,0.0232987350368034
vxo,combined,tin,sugar_wld,13,0.0232987350368034
vxo,combined,tin,sugar_wld,14,0.0232987350368034
vxo,combined,tin,sugar_wld,15,0.0232987350368034
vxo,combined,tin,sugar_wld,16,0.0232987350368034
vxo,combined,tin,sugar_wld,17,0.0232987350368034
vxo,combined,tin,sugar_wld,18,0.0232987350368034
vxo,combined,tin,sugar_wld,19,0.0232987350368034
vxo,combined,tin,sugar_wld,20,0.0232987350368034
vxo,combined,tin,sugar_wld,21,0.0232987350368034
vxo,combined,tin,sugar_wld,22,0.0232987350368034
vxo,combined,tin,sugar_wld,23,0.0232987350368034
vxo,combined,tin,sugar_wld,24,0.0232987350368034
vxo,combined,tin,tin,1,0
vxo,combined,tin,tin,2,1
vxo,combined,tin,tin,3,0.5847657391754132
vxo,combined,tin,tin,4,0.46123617778506754
vxo,combined,tin,tin,5,0.38839176267546704
vxo,combined,tin,tin,6,0.33639026554259294
vxo,combined,tin,tin,7,0.3001545277019776
vxo,combined,tin,tin,8,0.2755102503439505
vxo,combined,tin,tin,9,0.2549740183607735
vxo,combined,tin,tin,10,0.23848770466868147
vxo,combined,tin,tin,11,0.23833545968069672
vxo,combined,tin,tin,12,0.2284797941536474
vxo,combined,tin,tin,13,0.2284797941536474
vxo,combined,tin,tin,14,0.2284797941536474
vxo,combined,tin,tin,15,0.2284797941536474
vxo,combined,tin,tin,16,0.2284797941536474
vxo,combined,tin,tin,17,0.2284797941536474
vxo,combined,tin,tin,18,0.2284797941536474
vxo,combined,tin,tin,19,0.2284797941536474
vxo,combined,tin,tin,20,0.2284797941536474
vxo,combined,tin,tin,21,0.2284797941536474
vxo,combined,tin,tin,22,0.2284797941536474
vxo,combined,tin,tin,23,0.2284797941536474
vxo,combined,tin,tin,24,0.2284797941536474
vxo,combined,tin,wheat_us_hrw,1,0
vxo,combined,tin,wheat_us_hrw,2,0
vxo,combined,tin,wheat_us_hrw,3,0.013673355785755067
vxo,combined,tin,wheat_us_hrw,4,0.012959781417536535
vxo,combined,tin,wheat_us_hrw,5,0.05102691743142092
vxo,combined,tin,wheat_us_hrw,6,0.04759007700413271
vxo,combined,tin,wheat_us_hrw,7,0.04423618466774965
vxo,combined,tin,wheat_us_hrw,8,0.042581440106459006
vxo,combined,tin,wheat_us_hrw,9,0.044813930796335125
vxo,combined,tin,wheat_us_hrw,10,0.04495301738244669
vxo,combined,tin,wheat_us_hrw,11,0.04420222512153918
vxo,combined,tin,wheat_us_hrw,12,0.04441735538312188
vxo,combined,tin,wheat_us_hrw,13,0.04441735538312188
vxo,combined,tin,wheat_us_hrw,14,0.04441735538312188
vxo,combined,tin,wheat_us_hrw,15,0.04441735538312188
vxo,combined,tin,wheat_us_hrw,16,0.04441735538312188
vxo,combined,tin,wheat_us_hrw,17,0.04441735538312188
vxo,combined,tin,wheat_us_hrw,18,0.04441735538312188
vxo,combined,tin,wheat_us_hrw,19,0.04441735538312188
vxo,combined,tin,wheat_us_hrw,20,0.04441735538312188
vxo,combined,tin,wheat_us_hrw,21,0.04441735538312188
vxo,combined,tin,wheat_us_hrw,22,0.04441735538312188
vxo,combined,tin,wheat_us_hrw,23,0.04441735538312188
vxo,combined,tin,wheat_us_hrw,24,0.04441735538312188
vxo,combined,tin,zinc,1,0
vxo,combined,tin,zinc,2,0
vxo,combined,tin,zinc,3,3.283711475417311e-5
vxo,combined,tin,zinc,4,0.04494987568075286
vxo,combined,tin,zinc,5,0.03819955587606888
vxo,combined,tin,zinc,6,0.03290115227758564
vxo,combined,tin,zinc,7,0.07367565207455104
vxo,combined,tin,zinc,8,0.08593158906984807
vxo,combined,tin,zinc,9,0.08198048509055968
vxo,combined,tin,zinc,10,0.07655587951280436
vxo,combined,tin,zinc,11,0.07744974160694096
vxo,combined,tin,zinc,12,0.0741131511611694
vxo,combined,tin,zinc,13,0.0741131511611694
vxo,combined,tin,zinc,14,0.0741131511611694
vxo,combined,tin,zinc,15,0.0741131511611694
vxo,combined,tin,zinc,16,0.0741131511611694
vxo,combined,tin,zinc,17,0.0741131511611694
vxo,combined,tin,zinc,18,0.0741131511611694
vxo,combined,tin,zinc,19,0.0741131511611694
vxo,combined,tin,zinc,20,0.0741131511611694
vxo,combined,tin,zinc,21,0.0741131511611694
vxo,combined,tin,zinc,22,0.0741131511611694
vxo,combined,tin,zinc,23,0.0741131511611694
vxo,combined,tin,zinc,24,0.0741131511611694
vxo,combined,wheat_us_hrw,aluminium,1,0
vxo,combined,wheat_us_hrw,aluminium,2,0
vxo,combined,wheat_us_hrw,aluminium,3,9.6317221813003e-4
vxo,combined,wheat_us_hrw,aluminium,4,0.012340000494010236
vxo,combined,wheat_us_hrw,aluminium,5,0.012034898505935511
vxo,combined,wheat_us_hrw,aluminium,6,0.04575973787635131
vxo,combined,wheat_us_hrw,aluminium,7,0.04250929650324682
vxo,combined,wheat_us_hrw,aluminium,8,0.05405921494977875
vxo,combined,wheat_us_hrw,aluminium,9,0.05456743117675295
vxo,combined,wheat_us_hrw,aluminium,10,0.05899312095377862
vxo,combined,wheat_us_hrw,aluminium,11,0.061462272092938884
vxo,combined,wheat_us_hrw,aluminium,12,0.060599924387592784
vxo,combined,wheat_us_hrw,aluminium,13,0.060599924387592784
vxo,combined,wheat_us_hrw,aluminium,14,0.060599924387592784
vxo,combined,wheat_us_hrw,aluminium,15,0.060599924387592784
vxo,combined,wheat_us_hrw,aluminium,16,0.060599924387592784
vxo,combined,wheat_us_hrw,aluminium,17,0.060599924387592784
vxo,combined,wheat_us_hrw,aluminium,18,0.060599924387592784
vxo,combined,wheat_us_hrw,aluminium,19,0.060599924387592784
vxo,combined,wheat_us_hrw,aluminium,20,0.060599924387592784
vxo,combined,wheat_us_hrw,aluminium,21,0.060599924387592784
vxo,combined,wheat_us_hrw,aluminium,22,0.060599924387592784
vxo,combined,wheat_us_hrw,aluminium,23,0.060599924387592784
vxo,combined,wheat_us_hrw,aluminium,24,0.060599924387592784
vxo,combined,wheat_us_hrw,cocoa,1,0
vxo,combined,wheat_us_hrw,cocoa,2,0
vxo,combined,wheat_us_hrw,cocoa,3,1.607293212511103e-5
vxo,combined,wheat_us_hrw,cocoa,4,1.525925460108782e-5
vxo,combined,wheat_us_hrw,cocoa,5,0.003687320330227658
vxo,combined,wheat_us_hrw,cocoa,6,0.004312526313973907
vxo,combined,wheat_us_hrw,cocoa,7,0.00416155265673166
vxo,combined,wheat_us_hrw,cocoa,8,0.004547458886870675
vxo,combined,wheat_us_hrw,cocoa,9,0.004266503727188248
vxo,combined,wheat_us_hrw,cocoa,10,0.00422906115824849
vxo,combined,wheat_us_hrw,cocoa,11,0.004183686806452198
vxo,combined,wheat_us_hrw,cocoa,12,0.004111765808169979
vxo,combined,wheat_us_hrw,cocoa,13,0.004111765808169979
vxo,combined,wheat_us_hrw,cocoa,14,0.004111765808169979
vxo,combined,wheat_us_hrw,cocoa,15,0.004111765808169979
vxo,combined,wheat_us_hrw,cocoa,16,0.004111765808169979
vxo,combined,wheat_us_hrw,cocoa,17,0.004111765808169979
vxo,combined,wheat_us_hrw,cocoa,18,0.004111765808169979
vxo,combined,wheat_us_hrw,cocoa,19,0.004111765808169979
vxo,combined,wheat_us_hrw,cocoa,20,0.004111765808169979
vxo,combined,wheat_us_hrw,cocoa,21,0.004111765808169979
vxo,combined,wheat_us_hrw,cocoa,22,0.004111765808169979
vxo,combined,wheat_us_hrw,cocoa,23,0.004111765808169979
vxo,combined,wheat_us_hrw,cocoa,24,0.004111765808169979
vxo,combined,wheat_us_hrw,coffee_arabic,1,0
vxo,combined,wheat_us_hrw,coffee_arabic,2,0
vxo,combined,wheat_us_hrw,coffee_arabic,3,5.055185354715469e-4
vxo,combined,wheat_us_hrw,coffee_arabic,4,0.0017905984596451637
vxo,combined,wheat_us_hrw,coffee_arabic,5,0.009113330286220899
vxo,combined,wheat_us_hrw,coffee_arabic,6,0.03024927751910137
vxo,combined,wheat_us_hrw,coffee_arabic,7,0.035568979330570176
vxo,combined,wheat_us_hrw,coffee_arabic,8,0.03677616535465228
vxo,combined,wheat_us_hrw,coffee_arabic,9,0.034127241931706055
vxo,combined,wheat_us_hrw,coffee_arabic,10,0.03293020287469212
vxo,combined,wheat_us_hrw,coffee_arabic,11,0.032330394350896484
vxo,combined,wheat_us_hrw,coffee_arabic,12,0.032247505224685585
vxo,combined,wheat_us_hrw,coffee_arabic,13,0.032247505224685585
vxo,combined,wheat_us_hrw,coffee_arabic,14,0.032247505224685585
vxo,combined,wheat_us_hrw,coffee_arabic,15,0.032247505224685585
vxo,combined,wheat_us_hrw,coffee_arabic,16,0.032247505224685585
vxo,combined,wheat_us_hrw,coffee_arabic,17,0.032247505224685585
vxo,combined,wheat_us_hrw,coffee_arabic,18,0.032247505224685585
vxo,combined,wheat_us_hrw,coffee_arabic,19,0.032247505224685585
vxo,combined,wheat_us_hrw,coffee_arabic,20,0.032247505224685585
vxo,combined,wheat_us_hrw,coffee_arabic,21,0.032247505224685585
vxo,combined,wheat_us_hrw,coffee_arabic,22,0.032247505224685585
vxo,combined,wheat_us_hrw,coffee_arabic,23,0.032247505224685585
vxo,combined,wheat_us_hrw,coffee_arabic,24,0.032247505224685585
vxo,combined,wheat_us_hrw,copper,1,0
vxo,combined,wheat_us_hrw,copper,2,0
vxo,combined,wheat_us_hrw,copper,3,0.011201285490380446
vxo,combined,wheat_us_hrw,copper,4,0.06685362009779396
vxo,combined,wheat_us_hrw,copper,5,0.06114683870221113
vxo,combined,wheat_us_hrw,copper,6,0.08215340099713364
vxo,combined,wheat_us_hrw,copper,7,0.07367280077190487
vxo,combined,wheat_us_hrw,copper,8,0.07148925458597691
vxo,combined,wheat_us_hrw,copper,9,0.10545110778862786
vxo,combined,wheat_us_hrw,copper,10,0.10348362403909858
vxo,combined,wheat_us_hrw,copper,11,0.10180645263294763
vxo,combined,wheat_us_hrw,copper,12,0.10030440376260777
vxo,combined,wheat_us_hrw,copper,13,0.10030440376260777
vxo,combined,wheat_us_hrw,copper,14,0.10030440376260777
vxo,combined,wheat_us_hrw,copper,15,0.10030440376260777
vxo,combined,wheat_us_hrw,copper,16,0.10030440376260777
vxo,combined,wheat_us_hrw,copper,17,0.10030440376260777
vxo,combined,wheat_us_hrw,copper,18,0.10030440376260777
vxo,combined,wheat_us_hrw,copper,19,0.10030440376260777
vxo,combined,wheat_us_hrw,copper,20,0.10030440376260777
vxo,combined,wheat_us_hrw,copper,21,0.10030440376260777
vxo,combined,wheat_us_hrw,copper,22,0.10030440376260777
vxo,combined,wheat_us_hrw,copper,23,0.10030440376260777
vxo,combined,wheat_us_hrw,copper,24,0.10030440376260777
vxo,combined,wheat_us_hrw,cotton_a_indx,1,0
vxo,combined,wheat_us_hrw,cotton_a_indx,2,0
vxo,combined,wheat_us_hrw,cotton_a_indx,3,0.014774431088517002
vxo,combined,wheat_us_hrw,cotton_a_indx,4,0.01318746703187116
vxo,combined,wheat_us_hrw,cotton_a_indx,5,0.0141059843120247
vxo,combined,wheat_us_hrw,cotton_a_indx,6,0.020774187254556094
vxo,combined,wheat_us_hrw,cotton_a_indx,7,0.02234740567551448
vxo,combined,wheat_us_hrw,cotton_a_indx,8,0.02361631563343668
vxo,combined,wheat_us_hrw,cotton_a_indx,9,0.024764309914534485
vxo,combined,wheat_us_hrw,cotton_a_indx,10,0.024569209584469745
vxo,combined,wheat_us_hrw,cotton_a_indx,11,0.026352800609912096
vxo,combined,wheat_us_hrw,cotton_a_indx,12,0.027061831645013135
vxo,combined,wheat_us_hrw,cotton_a_indx,13,0.027061831645013135
vxo,combined,wheat_us_hrw,cotton_a_indx,14,0.027061831645013135
vxo,combined,wheat_us_hrw,cotton_a_indx,15,0.027061831645013135
vxo,combined,wheat_us_hrw,cotton_a_indx,16,0.027061831645013135
vxo,combined,wheat_us_hrw,cotton_a_indx,17,0.027061831645013135
vxo,combined,wheat_us_hrw,cotton_a_indx,18,0.027061831645013135
vxo,combined,wheat_us_hrw,cotton_a_indx,19,0.027061831645013135
vxo,combined,wheat_us_hrw,cotton_a_indx,20,0.027061831645013135
vxo,combined,wheat_us_hrw,cotton_a_indx,21,0.027061831645013135
vxo,combined,wheat_us_hrw,cotton_a_indx,22,0.027061831645013135
vxo,combined,wheat_us_hrw,cotton_a_indx,23,0.027061831645013135
vxo,combined,wheat_us_hrw,cotton_a_indx,24,0.027061831645013135
vxo,combined,wheat_us_hrw,crude_wti,1,0
vxo,combined,wheat_us_hrw,crude_wti,2,0
vxo,combined,wheat_us_hrw,crude_wti,3,0.001209631739096985
vxo,combined,wheat_us_hrw,crude_wti,4,0.007332339380585988
vxo,combined,wheat_us_hrw,crude_wti,5,0.007367460056013845
vxo,combined,wheat_us_hrw,crude_wti,6,0.007324239585697414
vxo,combined,wheat_us_hrw,crude_wti,7,0.006518745245411307
vxo,combined,wheat_us_hrw,crude_wti,8,0.006386933544943552
vxo,combined,wheat_us_hrw,crude_wti,9,0.0066702462074298184
vxo,combined,wheat_us_hrw,crude_wti,10,0.007820286254337332
vxo,combined,wheat_us_hrw,crude_wti,11,0.0077436382629302225
vxo,combined,wheat_us_hrw,crude_wti,12,0.00760415860510064
vxo,combined,wheat_us_hrw,crude_wti,13,0.00760415860510064
vxo,combined,wheat_us_hrw,crude_wti,14,0.00760415860510064
vxo,combined,wheat_us_hrw,crude_wti,15,0.00760415860510064
vxo,combined,wheat_us_hrw,crude_wti,16,0.00760415860510064
vxo,combined,wheat_us_hrw,crude_wti,17,0.00760415860510064
vxo,combined,wheat_us_hrw,crude_wti,18,0.00760415860510064
vxo,combined,wheat_us_hrw,crude_wti,19,0.00760415860510064
vxo,combined,wheat_us_hrw,crude_wti,20,0.00760415860510064
vxo,combined,wheat_us_hrw,crude_wti,21,0.00760415860510064
vxo,combined,wheat_us_hrw,crude_wti,22,0.00760415860510064
vxo,combined,wheat_us_hrw,crude_wti,23,0.00760415860510064
vxo,combined,wheat_us_hrw,crude_wti,24,0.00760415860510064
vxo,combined,wheat_us_hrw,gold,1,0
vxo,combined,wheat_us_hrw,gold,2,0
vxo,combined,wheat_us_hrw,gold,3,0.005811110444661225
vxo,combined,wheat_us_hrw,gold,4,0.007845580138635795
vxo,combined,wheat_us_hrw,gold,5,0.009717563378208024
vxo,combined,wheat_us_hrw,gold,6,0.008889725999853007
vxo,combined,wheat_us_hrw,gold,7,0.00793525390944806
vxo,combined,wheat_us_hrw,gold,8,0.007871218578260999
vxo,combined,wheat_us_hrw,gold,9,0.007365344088983673
vxo,combined,wheat_us_hrw,gold,10,0.007732680126663462
vxo,combined,wheat_us_hrw,gold,11,0.00982384067106686
vxo,combined,wheat_us_hrw,gold,12,0.009685693008421802
vxo,combined,wheat_us_hrw,gold,13,0.009685693008421802
vxo,combined,wheat_us_hrw,gold,14,0.009685693008421802
vxo,combined,wheat_us_hrw,gold,15,0.009685693008421802
vxo,combined,wheat_us_hrw,gold,16,0.009685693008421802
vxo,combined,wheat_us_hrw,gold,17,0.009685693008421802
vxo,combined,wheat_us_hrw,gold,18,0.009685693008421802
vxo,combined,wheat_us_hrw,gold,19,0.009685693008421802
vxo,combined,wheat_us_hrw,gold,20,0.009685693008421802
vxo,combined,wheat_us_hrw,gold,21,0.009685693008421802
vxo,combined,wheat_us_hrw,gold,22,0.009685693008421802
vxo,combined,wheat_us_hrw,gold,23,0.009685693008421802
vxo,combined,wheat_us_hrw,gold,24,0.009685693008421802
vxo,combined,wheat_us_hrw,lead,1,0
vxo,combined,wheat_us_hrw,lead,2,0
vxo,combined,wheat_us_hrw,lead,3,0.015406729046535908
vxo,combined,wheat_us_hrw,lead,4,0.018172502839357882
vxo,combined,wheat_us_hrw,lead,5,0.024162525016734323
vxo,combined,wheat_us_hrw,lead,6,0.02009744411702965
vxo,combined,wheat_us_hrw,lead,7,0.06539379161830074
vxo,combined,wheat_us_hrw,lead,8,0.06359100963274338
vxo,combined,wheat_us_hrw,lead,9,0.0632945094706447
vxo,combined,wheat_us_hrw,lead,10,0.061196319047176324
vxo,combined,wheat_us_hrw,lead,11,0.06051357128394273
vxo,combined,wheat_us_hrw,lead,12,0.06090415797507162
vxo,combined,wheat_us_hrw,lead,13,0.06090415797507162
vxo,combined,wheat_us_hrw,lead,14,0.06090415797507162
vxo,combined,wheat_us_hrw,lead,15,0.06090415797507162
vxo,combined,wheat_us_hrw,lead,16,0.06090415797507162
vxo,combined,wheat_us_hrw,lead,17,0.06090415797507162
vxo,combined,wheat_us_hrw,lead,18,0.06090415797507162
vxo,combined,wheat_us_hrw,lead,19,0.06090415797507162
vxo,combined,wheat_us_hrw,lead,20,0.06090415797507162
vxo,combined,wheat_us_hrw,lead,21,0.06090415797507162
vxo,combined,wheat_us_hrw,lead,22,0.06090415797507162
vxo,combined,wheat_us_hrw,lead,23,0.06090415797507162
vxo,combined,wheat_us_hrw,lead,24,0.06090415797507162
vxo,combined,wheat_us_hrw,maize,1,0
vxo,combined,wheat_us_hrw,maize,2,0
vxo,combined,wheat_us_hrw,maize,3,0.001269236825423926
vxo,combined,wheat_us_hrw,maize,4,0.0012664672900846105
vxo,combined,wheat_us_hrw,maize,5,0.0011584272581392765
vxo,combined,wheat_us_hrw,maize,6,0.016346697720193697
vxo,combined,wheat_us_hrw,maize,7,0.0205158067625035
vxo,combined,wheat_us_hrw,maize,8,0.019791888706827597
vxo,combined,wheat_us_hrw,maize,9,0.02331375465140782
vxo,combined,wheat_us_hrw,maize,10,0.026889383664777024
vxo,combined,wheat_us_hrw,maize,11,0.029963824828108034
vxo,combined,wheat_us_hrw,maize,12,0.03173161034538213
vxo,combined,wheat_us_hrw,maize,13,0.03173161034538213
vxo,combined,wheat_us_hrw,maize,14,0.03173161034538213
vxo,combined,wheat_us_hrw,maize,15,0.03173161034538213
vxo,combined,wheat_us_hrw,maize,16,0.03173161034538213
vxo,combined,wheat_us_hrw,maize,17,0.03173161034538213
vxo,combined,wheat_us_hrw,maize,18,0.03173161034538213
vxo,combined,wheat_us_hrw,maize,19,0.03173161034538213
vxo,combined,wheat_us_hrw,maize,20,0.03173161034538213
vxo,combined,wheat_us_hrw,maize,21,0.03173161034538213
vxo,combined,wheat_us_hrw,maize,22,0.03173161034538213
vxo,combined,wheat_us_hrw,maize,23,0.03173161034538213
vxo,combined,wheat_us_hrw,maize,24,0.03173161034538213
vxo,combined,wheat_us_hrw,ngas_us,1,0
vxo,combined,wheat_us_hrw,ngas_us,2,0
vxo,combined,wheat_us_hrw,ngas_us,3,0.005689584281573511
vxo,combined,wheat_us_hrw,ngas_us,4,0.00952142149925339
vxo,combined,wheat_us_hrw,ngas_us,5,0.009931414971750334
vxo,combined,wheat_us_hrw,ngas_us,6,0.025675221224152854
vxo,combined,wheat_us_hrw,ngas_us,7,0.024854700167032222
vxo,combined,wheat_us_hrw,ngas_us,8,0.024743595799010767
vxo,combined,wheat_us_hrw,ngas_us,9,0.022992656055966117
vxo,combined,wheat_us_hrw,ngas_us,10,0.023255682028857857
vxo,combined,wheat_us_hrw,ngas_us,11,0.02286162252683876
vxo,combined,wheat_us_hrw,ngas_us,12,0.022742302839176384
vxo,combined,wheat_us_hrw,ngas_us,13,0.022742302839176384
vxo,combined,wheat_us_hrw,ngas_us,14,0.022742302839176384
vxo,combined,wheat_us_hrw,ngas_us,15,0.022742302839176384
vxo,combined,wheat_us_hrw,ngas_us,16,0.022742302839176384
vxo,combined,wheat_us_hrw,ngas_us,17,0.022742302839176384
vxo,combined,wheat_us_hrw,ngas_us,18,0.022742302839176384
vxo,combined,wheat_us_hrw,ngas_us,19,0.022742302839176384
vxo,combined,wheat_us_hrw,ngas_us,20,0.022742302839176384
vxo,combined,wheat_us_hrw,ngas_us,21,0.022742302839176384
vxo,combined,wheat_us_hrw,ngas_us,22,0.022742302839176384
vxo,combined,wheat_us_hrw,ngas_us,23,0.022742302839176384
vxo,combined,wheat_us_hrw,ngas_us,24,0.022742302839176384
vxo,combined,wheat_us_hrw,nickel,1,0
vxo,combined,wheat_us_hrw,nickel,2,0
vxo,combined,wheat_us_hrw,nickel,3,0.04906352345420447
vxo,combined,wheat_us_hrw,nickel,4,0.07871371162885367
vxo,combined,wheat_us_hrw,nickel,5,0.07581182059397172
vxo,combined,wheat_us_hrw,nickel,6,0.06452102224666655
vxo,combined,wheat_us_hrw,nickel,7,0.06110850161985698
vxo,combined,wheat_us_hrw,nickel,8,0.05909725640278386
vxo,combined,wheat_us_hrw,nickel,9,0.05446678897775591
vxo,combined,wheat_us_hrw,nickel,10,0.0548563716754514
vxo,combined,wheat_us_hrw,nickel,11,0.05399349425415232
vxo,combined,wheat_us_hrw,nickel,12,0.05907426197172671
vxo,combined,wheat_us_hrw,nickel,13,0.05907426197172671
vxo,combined,wheat_us_hrw,nickel,14,0.05907426197172671
vxo,combined,wheat_us_hrw,nickel,15,0.05907426197172671
vxo,combined,wheat_us_hrw,nickel,16,0.05907426197172671
vxo,combined,wheat_us_hrw,nickel,17,0.05907426197172671
vxo,combined,wheat_us_hrw,nickel,18,0.05907426197172671
vxo,combined,wheat_us_hrw,nickel,19,0.05907426197172671
vxo,combined,wheat_us_hrw,nickel,20,0.05907426197172671
vxo,combined,wheat_us_hrw,nickel,21,0.05907426197172671
vxo,combined,wheat_us_hrw,nickel,22,0.05907426197172671
vxo,combined,wheat_us_hrw,nickel,23,0.05907426197172671
vxo,combined,wheat_us_hrw,nickel,24,0.05907426197172671
vxo,combined,wheat_us_hrw,platinum,1,0
vxo,combined,wheat_us_hrw,platinum,2,0
vxo,combined,wheat_us_hrw,platinum,3,0.008977646469728113
vxo,combined,wheat_us_hrw,platinum,4,0.014983509766858591
vxo,combined,wheat_us_hrw,platinum,5,0.016360298575746272
vxo,combined,wheat_us_hrw,platinum,6,0.017670676407148974
vxo,combined,wheat_us_hrw,platinum,7,0.01562638394887153
vxo,combined,wheat_us_hrw,platinum,8,0.019432878848239365
vxo,combined,wheat_us_hrw,platinum,9,0.024183837416095245
vxo,combined,wheat_us_hrw,platinum,10,0.02605428399683216
vxo,combined,wheat_us_hrw,platinum,11,0.026602413977433223
vxo,combined,wheat_us_hrw,platinum,12,0.026127730051960393
vxo,combined,wheat_us_hrw,platinum,13,0.026127730051960393
vxo,combined,wheat_us_hrw,platinum,14,0.026127730051960393
vxo,combined,wheat_us_hrw,platinum,15,0.026127730051960393
vxo,combined,wheat_us_hrw,platinum,16,0.026127730051960393
vxo,combined,wheat_us_hrw,platinum,17,0.026127730051960393
vxo,combined,wheat_us_hrw,platinum,18,0.026127730051960393
vxo,combined,wheat_us_hrw,platinum,19,0.026127730051960393
vxo,combined,wheat_us_hrw,platinum,20,0.026127730051960393
vxo,combined,wheat_us_hrw,platinum,21,0.026127730051960393
vxo,combined,wheat_us_hrw,platinum,22,0.026127730051960393
vxo,combined,wheat_us_hrw,platinum,23,0.026127730051960393
vxo,combined,wheat_us_hrw,platinum,24,0.026127730051960393
vxo,combined,wheat_us_hrw,silver,1,0
vxo,combined,wheat_us_hrw,silver,2,0
vxo,combined,wheat_us_hrw,silver,3,0.0272477045759155
vxo,combined,wheat_us_hrw,silver,4,0.03775999501282782
vxo,combined,wheat_us_hrw,silver,5,0.054868438480821596
vxo,combined,wheat_us_hrw,silver,6,0.04547993860626273
vxo,combined,wheat_us_hrw,silver,7,0.04343759126030149
vxo,combined,wheat_us_hrw,silver,8,0.043123375483599916
vxo,combined,wheat_us_hrw,silver,9,0.03971702231808452
vxo,combined,wheat_us_hrw,silver,10,0.038365768277622773
vxo,combined,wheat_us_hrw,silver,11,0.03767019113561905
vxo,combined,wheat_us_hrw,silver,12,0.03750000173617309
vxo,combined,wheat_us_hrw,silver,13,0.03750000173617309
vxo,combined,wheat_us_hrw,silver,14,0.03750000173617309
vxo,combined,wheat_us_hrw,silver,15,0.03750000173617309
vxo,combined,wheat_us_hrw,silver,16,0.03750000173617309
vxo,combined,wheat_us_hrw,silver,17,0.03750000173617309
vxo,combined,wheat_us_hrw,silver,18,0.03750000173617309
vxo,combined,wheat_us_hrw,silver,19,0.03750000173617309
vxo,combined,wheat_us_hrw,silver,20,0.03750000173617309
vxo,combined,wheat_us_hrw,silver,21,0.03750000173617309
vxo,combined,wheat_us_hrw,silver,22,0.03750000173617309
vxo,combined,wheat_us_hrw,silver,23,0.03750000173617309
vxo,combined,wheat_us_hrw,silver,24,0.03750000173617309
vxo,combined,wheat_us_hrw,soybeans,1,0
vxo,combined,wheat_us_hrw,soybeans,2,0
vxo,combined,wheat_us_hrw,soybeans,3,0.002877411038191242
vxo,combined,wheat_us_hrw,soybeans,4,0.0024271986960565685
vxo,combined,wheat_us_hrw,soybeans,5,0.006745088668377674
vxo,combined,wheat_us_hrw,soybeans,6,0.005712732506239073
vxo,combined,wheat_us_hrw,soybeans,7,0.0076488572104768185
vxo,combined,wheat_us_hrw,soybeans,8,0.007555557013234852
vxo,combined,wheat_us_hrw,soybeans,9,0.018898493557384086
vxo,combined,wheat_us_hrw,soybeans,10,0.018235800960402677
vxo,combined,wheat_us_hrw,soybeans,11,0.018053559278628117
vxo,combined,wheat_us_hrw,soybeans,12,0.01915361552483137
vxo,combined,wheat_us_hrw,soybeans,13,0.01915361552483137
vxo,combined,wheat_us_hrw,soybeans,14,0.01915361552483137
vxo,combined,wheat_us_hrw,soybeans,15,0.01915361552483137
vxo,combined,wheat_us_hrw,soybeans,16,0.01915361552483137
vxo,combined,wheat_us_hrw,soybeans,17,0.01915361552483137
vxo,combined,wheat_us_hrw,soybeans,18,0.01915361552483137
vxo,combined,wheat_us_hrw,soybeans,19,0.01915361552483137
vxo,combined,wheat_us_hrw,soybeans,20,0.01915361552483137
vxo,combined,wheat_us_hrw,soybeans,21,0.01915361552483137
vxo,combined,wheat_us_hrw,soybeans,22,0.01915361552483137
vxo,combined,wheat_us_hrw,soybeans,23,0.01915361552483137
vxo,combined,wheat_us_hrw,soybeans,24,0.01915361552483137
vxo,combined,wheat_us_hrw,sugar_wld,1,0
vxo,combined,wheat_us_hrw,sugar_wld,2,0
vxo,combined,wheat_us_hrw,sugar_wld,3,0.012060904565779173
vxo,combined,wheat_us_hrw,sugar_wld,4,0.010872447865220475
vxo,combined,wheat_us_hrw,sugar_wld,5,0.0265302822286206
vxo,combined,wheat_us_hrw,sugar_wld,6,0.02265145737427715
vxo,combined,wheat_us_hrw,sugar_wld,7,0.025553474441324768
vxo,combined,wheat_us_hrw,sugar_wld,8,0.024697144327840575
vxo,combined,wheat_us_hrw,sugar_wld,9,0.0227886978458017
vxo,combined,wheat_us_hrw,sugar_wld,10,0.022006473584577385
vxo,combined,wheat_us_hrw,sugar_wld,11,0.023123694677716588
vxo,combined,wheat_us_hrw,sugar_wld,12,0.02342619384983485
vxo,combined,wheat_us_hrw,sugar_wld,13,0.02342619384983485
vxo,combined,wheat_us_hrw,sugar_wld,14,0.02342619384983485
vxo,combined,wheat_us_hrw,sugar_wld,15,0.02342619384983485
vxo,combined,wheat_us_hrw,sugar_wld,16,0.02342619384983485
vxo,combined,wheat_us_hrw,sugar_wld,17,0.02342619384983485
vxo,combined,wheat_us_hrw,sugar_wld,18,0.02342619384983485
vxo,combined,wheat_us_hrw,sugar_wld,19,0.02342619384983485
vxo,combined,wheat_us_hrw,sugar_wld,20,0.02342619384983485
vxo,combined,wheat_us_hrw,sugar_wld,21,0.02342619384983485
vxo,combined,wheat_us_hrw,sugar_wld,22,0.02342619384983485
vxo,combined,wheat_us_hrw,sugar_wld,23,0.02342619384983485
vxo,combined,wheat_us_hrw,sugar_wld,24,0.02342619384983485
vxo,combined,wheat_us_hrw,tin,1,0
vxo,combined,wheat_us_hrw,tin,2,0
vxo,combined,wheat_us_hrw,tin,3,0.003071976207994604
vxo,combined,wheat_us_hrw,tin,4,0.008539470272285568
vxo,combined,wheat_us_hrw,tin,5,0.020047458623929683
vxo,combined,wheat_us_hrw,tin,6,0.020421657522967273
vxo,combined,wheat_us_hrw,tin,7,0.029060055423967928
vxo,combined,wheat_us_hrw,tin,8,0.035393809290275996
vxo,combined,wheat_us_hrw,tin,9,0.0331480678965777
vxo,combined,wheat_us_hrw,tin,10,0.03677869151674098
vxo,combined,wheat_us_hrw,tin,11,0.03612187650163987
vxo,combined,wheat_us_hrw,tin,12,0.03552111886569833
vxo,combined,wheat_us_hrw,tin,13,0.03552111886569833
vxo,combined,wheat_us_hrw,tin,14,0.03552111886569833
vxo,combined,wheat_us_hrw,tin,15,0.03552111886569833
vxo,combined,wheat_us_hrw,tin,16,0.03552111886569833
vxo,combined,wheat_us_hrw,tin,17,0.03552111886569833
vxo,combined,wheat_us_hrw,tin,18,0.03552111886569833
vxo,combined,wheat_us_hrw,tin,19,0.03552111886569833
vxo,combined,wheat_us_hrw,tin,20,0.03552111886569833
vxo,combined,wheat_us_hrw,tin,21,0.03552111886569833
vxo,combined,wheat_us_hrw,tin,22,0.03552111886569833
vxo,combined,wheat_us_hrw,tin,23,0.03552111886569833
vxo,combined,wheat_us_hrw,tin,24,0.03552111886569833
vxo,combined,wheat_us_hrw,wheat_us_hrw,1,0
vxo,combined,wheat_us_hrw,wheat_us_hrw,2,1
vxo,combined,wheat_us_hrw,wheat_us_hrw,3,0.8178253555011933
vxo,combined,wheat_us_hrw,wheat_us_hrw,4,0.6866803288326493
vxo,combined,wheat_us_hrw,wheat_us_hrw,5,0.6267733685743705
vxo,combined,wheat_us_hrw,wheat_us_hrw,6,0.5295483084529066
vxo,combined,wheat_us_hrw,wheat_us_hrw,7,0.4694480349231758
vxo,combined,wheat_us_hrw,wheat_us_hrw,8,0.4548055882267335
vxo,combined,wheat_us_hrw,wheat_us_hrw,9,0.4196671069758538
vxo,combined,wheat_us_hrw,wheat_us_hrw,10,0.4069552983371386
vxo,combined,wheat_us_hrw,wheat_us_hrw,11,0.40142353476669773
vxo,combined,wheat_us_hrw,wheat_us_hrw,12,0.39420963524298724
vxo,combined,wheat_us_hrw,wheat_us_hrw,13,0.39420963524298724
vxo,combined,wheat_us_hrw,wheat_us_hrw,14,0.39420963524298724
vxo,combined,wheat_us_hrw,wheat_us_hrw,15,0.39420963524298724
vxo,combined,wheat_us_hrw,wheat_us_hrw,16,0.39420963524298724
vxo,combined,wheat_us_hrw,wheat_us_hrw,17,0.39420963524298724
vxo,combined,wheat_us_hrw,wheat_us_hrw,18,0.39420963524298724
vxo,combined,wheat_us_hrw,wheat_us_hrw,19,0.39420963524298724
vxo,combined,wheat_us_hrw,wheat_us_hrw,20,0.39420963524298724
vxo,combined,wheat_us_hrw,wheat_us_hrw,21,0.39420963524298724
vxo,combined,wheat_us_hrw,wheat_us_hrw,22,0.39420963524298724
vxo,combined,wheat_us_hrw,wheat_us_hrw,23,0.39420963524298724
vxo,combined,wheat_us_hrw,wheat_us_hrw,24,0.39420963524298724
vxo,combined,wheat_us_hrw,zinc,1,0
vxo,combined,wheat_us_hrw,zinc,2,0
vxo,combined,wheat_us_hrw,zinc,3,0.022028705585077937
vxo,combined,wheat_us_hrw,zinc,4,0.021698081439408632
vxo,combined,wheat_us_hrw,zinc,5,0.02043748143669633
vxo,combined,wheat_us_hrw,zinc,6,0.032411748275488816
vxo,combined,wheat_us_hrw,zinc,7,0.04463876853136072
vxo,combined,wheat_us_hrw,zinc,8,0.04302133473479022
vxo,combined,wheat_us_hrw,zinc,9,0.04031687999920534
vxo,combined,wheat_us_hrw,zinc,10,0.04564774191913464
vxo,combined,wheat_us_hrw,zinc,11,0.045969131342079
vxo,combined,wheat_us_hrw,zinc,12,0.047994089155566334
vxo,combined,wheat_us_hrw,zinc,13,0.047994089155566334
vxo,combined,wheat_us_hrw,zinc,14,0.047994089155566334
vxo,combined,wheat_us_hrw,zinc,15,0.047994089155566334
vxo,combined,wheat_us_hrw,zinc,16,0.047994089155566334
vxo,combined,wheat_us_hrw,zinc,17,0.047994089155566334
vxo,combined,wheat_us_hrw,zinc,18,0.047994089155566334
vxo,combined,wheat_us_hrw,zinc,19,0.047994089155566334
vxo,combined,wheat_us_hrw,zinc,20,0.047994089155566334
vxo,combined,wheat_us_hrw,zinc,21,0.047994089155566334
vxo,combined,wheat_us_hrw,zinc,22,0.047994089155566334
vxo,combined,wheat_us_hrw,zinc,23,0.047994089155566334
vxo,combined,wheat_us_hrw,zinc,24,0.047994089155566334
vxo,combined,zinc,aluminium,1,0
vxo,combined,zinc,aluminium,2,0
vxo,combined,zinc,aluminium,3,0.002917405981571584
vxo,combined,zinc,aluminium,4,0.005768861759653449
vxo,combined,zinc,aluminium,5,0.012366193529981065
vxo,combined,zinc,aluminium,6,0.014688712410768748
vxo,combined,zinc,aluminium,7,0.013772512018508255
vxo,combined,zinc,aluminium,8,0.014428521770002827
vxo,combined,zinc,aluminium,9,0.016066393620725858
vxo,combined,zinc,aluminium,10,0.017871226899917565
vxo,combined,zinc,aluminium,11,0.020184858559820676
vxo,combined,zinc,aluminium,12,0.020086159064529895
vxo,combined,zinc,aluminium,13,0.020086159064529895
vxo,combined,zinc,aluminium,14,0.020086159064529895
vxo,combined,zinc,aluminium,15,0.020086159064529895
vxo,combined,zinc,aluminium,16,0.020086159064529895
vxo,combined,zinc,aluminium,17,0.020086159064529895
vxo,combined,zinc,aluminium,18,0.020086159064529895
vxo,combined,zinc,aluminium,19,0.020086159064529895
vxo,combined,zinc,aluminium,20,0.020086159064529895
vxo,combined,zinc,aluminium,21,0.020086159064529895
vxo,combined,zinc,aluminium,22,0.020086159064529895
vxo,combined,zinc,aluminium,23,0.020086159064529895
vxo,combined,zinc,aluminium,24,0.020086159064529895
vxo,combined,zinc,cocoa,1,0
vxo,combined,zinc,cocoa,2,0
vxo,combined,zinc,cocoa,3,0.013424405015980256
vxo,combined,zinc,cocoa,4,0.014240539489534855
vxo,combined,zinc,cocoa,5,0.011960364795552065
vxo,combined,zinc,cocoa,6,0.011574146367767272
vxo,combined,zinc,cocoa,7,0.013787501799197056
vxo,combined,zinc,cocoa,8,0.013446159638339126
vxo,combined,zinc,cocoa,9,0.013451281051348019
vxo,combined,zinc,cocoa,10,0.013080325669047207
vxo,combined,zinc,cocoa,11,0.01343017546360092
vxo,combined,zinc,cocoa,12,0.013105316632232205
vxo,combined,zinc,cocoa,13,0.013105316632232205
vxo,combined,zinc,cocoa,14,0.013105316632232205
vxo,combined,zinc,cocoa,15,0.013105316632232205
vxo,combined,zinc,cocoa,16,0.013105316632232205
vxo,combined,zinc,cocoa,17,0.013105316632232205
vxo,combined,zinc,cocoa,18,0.013105316632232205
vxo,combined,zinc,cocoa,19,0.013105316632232205
vxo,combined,zinc,cocoa,20,0.013105316632232205
vxo,combined,zinc,cocoa,21,0.013105316632232205
vxo,combined,zinc,cocoa,22,0.013105316632232205
vxo,combined,zinc,cocoa,23,0.013105316632232205
vxo,combined,zinc,cocoa,24,0.013105316632232205
vxo,combined,zinc,coffee_arabic,1,0
vxo,combined,zinc,coffee_arabic,2,0
vxo,combined,zinc,coffee_arabic,3,0.02095664796308677
vxo,combined,zinc,coffee_arabic,4,0.023533701591452308
vxo,combined,zinc,coffee_arabic,5,0.030194558506582706
vxo,combined,zinc,coffee_arabic,6,0.028649630509722798
vxo,combined,zinc,coffee_arabic,7,0.026534824897143747
vxo,combined,zinc,coffee_arabic,8,0.029062156183843973
vxo,combined,zinc,coffee_arabic,9,0.028623082502982938
vxo,combined,zinc,coffee_arabic,10,0.03416045107268763
vxo,combined,zinc,coffee_arabic,11,0.03387167968978958
vxo,combined,zinc,coffee_arabic,12,0.03365310147047553
vxo,combined,zinc,coffee_arabic,13,0.03365310147047553
vxo,combined,zinc,coffee_arabic,14,0.03365310147047553
vxo,combined,zinc,coffee_arabic,15,0.03365310147047553
vxo,combined,zinc,coffee_arabic,16,0.03365310147047553
vxo,combined,zinc,coffee_arabic,17,0.03365310147047553
vxo,combined,zinc,coffee_arabic,18,0.03365310147047553
vxo,combined,zinc,coffee_arabic,19,0.03365310147047553
vxo,combined,zinc,coffee_arabic,20,0.03365310147047553
vxo,combined,zinc,coffee_arabic,21,0.03365310147047553
vxo,combined,zinc,coffee_arabic,22,0.03365310147047553
vxo,combined,zinc,coffee_arabic,23,0.03365310147047553
vxo,combined,zinc,coffee_arabic,24,0.03365310147047553
vxo,combined,zinc,copper,1,0
vxo,combined,zinc,copper,2,0
vxo,combined,zinc,copper,3,0.09915280086073613
vxo,combined,zinc,copper,4,0.08587452556709721
vxo,combined,zinc,copper,5,0.10615561628560281
vxo,combined,zinc,copper,6,0.11331879111472937
vxo,combined,zinc,copper,7,0.11538092570292499
vxo,combined,zinc,copper,8,0.1150295484278023
vxo,combined,zinc,copper,9,0.1124137287114734
vxo,combined,zinc,copper,10,0.11163702073934575
vxo,combined,zinc,copper,11,0.12026219767377955
vxo,combined,zinc,copper,12,0.12199828126146285
vxo,combined,zinc,copper,13,0.12199828126146285
vxo,combined,zinc,copper,14,0.12199828126146285
vxo,combined,zinc,copper,15,0.12199828126146285
vxo,combined,zinc,copper,16,0.12199828126146285
vxo,combined,zinc,copper,17,0.12199828126146285
vxo,combined,zinc,copper,18,0.12199828126146285
vxo,combined,zinc,copper,19,0.12199828126146285
vxo,combined,zinc,copper,20,0.12199828126146285
vxo,combined,zinc,copper,21,0.12199828126146285
vxo,combined,zinc,copper,22,0.12199828126146285
vxo,combined,zinc,copper,23,0.12199828126146285
vxo,combined,zinc,copper,24,0.12199828126146285
vxo,combined,zinc,cotton_a_indx,1,0
vxo,combined,zinc,cotton_a_indx,2,0
vxo,combined,zinc,cotton_a_indx,3,0.0057371062653571205
vxo,combined,zinc,cotton_a_indx,4,0.009224994801712256
vxo,combined,zinc,cotton_a_indx,5,0.010267650040325278
vxo,combined,zinc,cotton_a_indx,6,0.009365229814670566
vxo,combined,zinc,cotton_a_indx,7,0.015021254261137174
vxo,combined,zinc,cotton_a_indx,8,0.021985494267896866
vxo,combined,zinc,cotton_a_indx,9,0.021485257827239583
vxo,combined,zinc,cotton_a_indx,10,0.021333105605592755
vxo,combined,zinc,cotton_a_indx,11,0.022880996356212307
vxo,combined,zinc,cotton_a_indx,12,0.024405357764524915
vxo,combined,zinc,cotton_a_indx,13,0.024405357764524915
vxo,combined,zinc,cotton_a_indx,14,0.024405357764524915
vxo,combined,zinc,cotton_a_indx,15,0.024405357764524915
vxo,combined,zinc,cotton_a_indx,16,0.024405357764524915
vxo,combined,zinc,cotton_a_indx,17,0.024405357764524915
vxo,combined,zinc,cotton_a_indx,18,0.024405357764524915
vxo,combined,zinc,cotton_a_indx,19,0.024405357764524915
vxo,combined,zinc,cotton_a_indx,20,0.024405357764524915
vxo,combined,zinc,cotton_a_indx,21,0.024405357764524915
vxo,combined,zinc,cotton_a_indx,22,0.024405357764524915
vxo,combined,zinc,cotton_a_indx,23,0.024405357764524915
vxo,combined,zinc,cotton_a_indx,24,0.024405357764524915
vxo,combined,zinc,crude_wti,1,0
vxo,combined,zinc,crude_wti,2,0
vxo,combined,zinc,crude_wti,3,0.006687228862911809
vxo,combined,zinc,crude_wti,4,0.014008299756837504
vxo,combined,zinc,crude_wti,5,0.01149939688938771
vxo,combined,zinc,crude_wti,6,0.01762307633892315
vxo,combined,zinc,crude_wti,7,0.016239330042079232
vxo,combined,zinc,crude_wti,8,0.01578734939370541
vxo,combined,zinc,crude_wti,9,0.015450183419295903
vxo,combined,zinc,crude_wti,10,0.014951609372364384
vxo,combined,zinc,crude_wti,11,0.014349979578768601
vxo,combined,zinc,crude_wti,12,0.014120139014929438
vxo,combined,zinc,crude_wti,13,0.014120139014929438
vxo,combined,zinc,crude_wti,14,0.014120139014929438
vxo,combined,zinc,crude_wti,15,0.014120139014929438
vxo,combined,zinc,crude_wti,16,0.014120139014929438
vxo,combined,zinc,crude_wti,17,0.014120139014929438
vxo,combined,zinc,crude_wti,18,0.014120139014929438
vxo,combined,zinc,crude_wti,19,0.014120139014929438
vxo,combined,zinc,crude_wti,20,0.014120139014929438
vxo,combined,zinc,crude_wti,21,0.014120139014929438
vxo,combined,zinc,crude_wti,22,0.014120139014929438
vxo,combined,zinc,crude_wti,23,0.014120139014929438
vxo,combined,zinc,crude_wti,24,0.014120139014929438
vxo,combined,zinc,gold,1,0
vxo,combined,zinc,gold,2,0
vxo,combined,zinc,gold,3,0.006913912771594083
vxo,combined,zinc,gold,4,0.006048546032963089
vxo,combined,zinc,gold,5,0.005449039883921125
vxo,combined,zinc,gold,6,0.004976137911744803
vxo,combined,zinc,gold,7,0.00849735739801709
vxo,combined,zinc,gold,8,0.010164467433144834
vxo,combined,zinc,gold,9,0.010812990786866174
vxo,combined,zinc,gold,10,0.010827621288163457
vxo,combined,zinc,gold,11,0.010895230655863139
vxo,combined,zinc,gold,12,0.010828461852167662
vxo,combined,zinc,gold,13,0.010828461852167662
vxo,combined,zinc,gold,14,0.010828461852167662
vxo,combined,zinc,gold,15,0.010828461852167662
vxo,combined,zinc,gold,16,0.010828461852167662
vxo,combined,zinc,gold,17,0.010828461852167662
vxo,combined,zinc,gold,18,0.010828461852167662
vxo,combined,zinc,gold,19,0.010828461852167662
vxo,combined,zinc,gold,20,0.010828461852167662
vxo,combined,zinc,gold,21,0.010828461852167662
vxo,combined,zinc,gold,22,0.010828461852167662
vxo,combined,zinc,gold,23,0.010828461852167662
vxo,combined,zinc,gold,24,0.010828461852167662
vxo,combined,zinc,lead,1,0
vxo,combined,zinc,lead,2,0
vxo,combined,zinc,lead,3,0.06118624147049402
vxo,combined,zinc,lead,4,0.05456576267462438
vxo,combined,zinc,lead,5,0.06417381351260737
vxo,combined,zinc,lead,6,0.06008091986281162
vxo,combined,zinc,lead,7,0.07024794784630166
vxo,combined,zinc,lead,8,0.06849729485436946
vxo,combined,zinc,lead,9,0.06724620397359338
vxo,combined,zinc,lead,10,0.0665165745781417
vxo,combined,zinc,lead,11,0.06442309861242383
vxo,combined,zinc,lead,12,0.06403147822692334
vxo,combined,zinc,lead,13,0.06403147822692334
vxo,combined,zinc,lead,14,0.06403147822692334
vxo,combined,zinc,lead,15,0.06403147822692334
vxo,combined,zinc,lead,16,0.06403147822692334
vxo,combined,zinc,lead,17,0.06403147822692334
vxo,combined,zinc,lead,18,0.06403147822692334
vxo,combined,zinc,lead,19,0.06403147822692334
vxo,combined,zinc,lead,20,0.06403147822692334
vxo,combined,zinc,lead,21,0.06403147822692334
vxo,combined,zinc,lead,22,0.06403147822692334
vxo,combined,zinc,lead,23,0.06403147822692334
vxo,combined,zinc,lead,24,0.06403147822692334
vxo,combined,zinc,maize,1,0
vxo,combined,zinc,maize,2,0
vxo,combined,zinc,maize,3,0.009126950913670866
vxo,combined,zinc,maize,4,0.027303294731199385
vxo,combined,zinc,maize,5,0.04150046601252545
vxo,combined,zinc,maize,6,0.03832003957351101
vxo,combined,zinc,maize,7,0.035101733480709746
vxo,combined,zinc,maize,8,0.03583526412117678
vxo,combined,zinc,maize,9,0.039202615824816926
vxo,combined,zinc,maize,10,0.04129383717598939
vxo,combined,zinc,maize,11,0.039633238985071095
vxo,combined,zinc,maize,12,0.039440429630581725
vxo,combined,zinc,maize,13,0.039440429630581725
vxo,combined,zinc,maize,14,0.039440429630581725
vxo,combined,zinc,maize,15,0.039440429630581725
vxo,combined,zinc,maize,16,0.039440429630581725
vxo,combined,zinc,maize,17,0.039440429630581725
vxo,combined,zinc,maize,18,0.039440429630581725
vxo,combined,zinc,maize,19,0.039440429630581725
vxo,combined,zinc,maize,20,0.039440429630581725
vxo,combined,zinc,maize,21,0.039440429630581725
vxo,combined,zinc,maize,22,0.039440429630581725
vxo,combined,zinc,maize,23,0.039440429630581725
vxo,combined,zinc,maize,24,0.039440429630581725
vxo,combined,zinc,ngas_us,1,0
vxo,combined,zinc,ngas_us,2,0
vxo,combined,zinc,ngas_us,3,1.9578116928337324e-5
vxo,combined,zinc,ngas_us,4,0.01085990467944785
vxo,combined,zinc,ngas_us,5,0.014081279320109443
vxo,combined,zinc,ngas_us,6,0.016324013313842832
vxo,combined,zinc,ngas_us,7,0.015393657891723462
vxo,combined,zinc,ngas_us,8,0.015540211520513134
vxo,combined,zinc,ngas_us,9,0.016405857863095345
vxo,combined,zinc,ngas_us,10,0.01940237131471204
vxo,combined,zinc,ngas_us,11,0.026591768113930218
vxo,combined,zinc,ngas_us,12,0.025911251170054068
vxo,combined,zinc,ngas_us,13,0.025911251170054068
vxo,combined,zinc,ngas_us,14,0.025911251170054068
vxo,combined,zinc,ngas_us,15,0.025911251170054068
vxo,combined,zinc,ngas_us,16,0.025911251170054068
vxo,combined,zinc,ngas_us,17,0.025911251170054068
vxo,combined,zinc,ngas_us,18,0.025911251170054068
vxo,combined,zinc,ngas_us,19,0.025911251170054068
vxo,combined,zinc,ngas_us,20,0.025911251170054068
vxo,combined,zinc,ngas_us,21,0.025911251170054068
vxo,combined,zinc,ngas_us,22,0.025911251170054068
vxo,combined,zinc,ngas_us,23,0.025911251170054068
vxo,combined,zinc,ngas_us,24,0.025911251170054068
vxo,combined,zinc,nickel,1,0
vxo,combined,zinc,nickel,2,0
vxo,combined,zinc,nickel,3,0.004383527083156719
vxo,combined,zinc,nickel,4,0.028566800786015263
vxo,combined,zinc,nickel,5,0.025730723572237296
vxo,combined,zinc,nickel,6,0.024115660905060073
vxo,combined,zinc,nickel,7,0.02379796310604103
vxo,combined,zinc,nickel,8,0.022814138501852165
vxo,combined,zinc,nickel,9,0.023795550715149945
vxo,combined,zinc,nickel,10,0.023540624655157966
vxo,combined,zinc,nickel,11,0.0225849882243934
vxo,combined,zinc,nickel,12,0.02297381065142
vxo,combined,zinc,nickel,13,0.02297381065142
vxo,combined,zinc,nickel,14,0.02297381065142
vxo,combined,zinc,nickel,15,0.02297381065142
vxo,combined,zinc,nickel,16,0.02297381065142
vxo,combined,zinc,nickel,17,0.02297381065142
vxo,combined,zinc,nickel,18,0.02297381065142
vxo,combined,zinc,nickel,19,0.02297381065142
vxo,combined,zinc,nickel,20,0.02297381065142
vxo,combined,zinc,nickel,21,0.02297381065142
vxo,combined,zinc,nickel,22,0.02297381065142
vxo,combined,zinc,nickel,23,0.02297381065142
vxo,combined,zinc,nickel,24,0.02297381065142
vxo,combined,zinc,platinum,1,0
vxo,combined,zinc,platinum,2,0
vxo,combined,zinc,platinum,3,6.405232400158494e-4
vxo,combined,zinc,platinum,4,0.00746160400398286
vxo,combined,zinc,platinum,5,0.03856284275451332
vxo,combined,zinc,platinum,6,0.048741366953913755
vxo,combined,zinc,platinum,7,0.045612574868986594
vxo,combined,zinc,platinum,8,0.0457969063393129
vxo,combined,zinc,platinum,9,0.047527924205481284
vxo,combined,zinc,platinum,10,0.04769575582345011
vxo,combined,zinc,platinum,11,0.04869673772400656
vxo,combined,zinc,platinum,12,0.04750534233939098
vxo,combined,zinc,platinum,13,0.04750534233939098
vxo,combined,zinc,platinum,14,0.04750534233939098
vxo,combined,zinc,platinum,15,0.04750534233939098
vxo,combined,zinc,platinum,16,0.04750534233939098
vxo,combined,zinc,platinum,17,0.04750534233939098
vxo,combined,zinc,platinum,18,0.04750534233939098
vxo,combined,zinc,platinum,19,0.04750534233939098
vxo,combined,zinc,platinum,20,0.04750534233939098
vxo,combined,zinc,platinum,21,0.04750534233939098
vxo,combined,zinc,platinum,22,0.04750534233939098
vxo,combined,zinc,platinum,23,0.04750534233939098
vxo,combined,zinc,platinum,24,0.04750534233939098
vxo,combined,zinc,silver,1,0
vxo,combined,zinc,silver,2,0
vxo,combined,zinc,silver,3,0.0027803642276033108
vxo,combined,zinc,silver,4,0.003757806822945275
vxo,combined,zinc,silver,5,0.015952296201177375
vxo,combined,zinc,silver,6,0.021791288844819737
vxo,combined,zinc,silver,7,0.02052499699310855
vxo,combined,zinc,silver,8,0.021438503781939948
vxo,combined,zinc,silver,9,0.020962612029888965
vxo,combined,zinc,silver,10,0.020290861895200605
vxo,combined,zinc,silver,11,0.021247761090015964
vxo,combined,zinc,silver,12,0.021130054074215317
vxo,combined,zinc,silver,13,0.021130054074215317
vxo,combined,zinc,silver,14,0.021130054074215317
vxo,combined,zinc,silver,15,0.021130054074215317
vxo,combined,zinc,silver,16,0.021130054074215317
vxo,combined,zinc,silver,17,0.021130054074215317
vxo,combined,zinc,silver,18,0.021130054074215317
vxo,combined,zinc,silver,19,0.021130054074215317
vxo,combined,zinc,silver,20,0.021130054074215317
vxo,combined,zinc,silver,21,0.021130054074215317
vxo,combined,zinc,silver,22,0.021130054074215317
vxo,combined,zinc,silver,23,0.021130054074215317
vxo,combined,zinc,silver,24,0.021130054074215317
vxo,combined,zinc,soybeans,1,0
vxo,combined,zinc,soybeans,2,0
vxo,combined,zinc,soybeans,3,0.0028828972734975095
vxo,combined,zinc,soybeans,4,0.006517467590208005
vxo,combined,zinc,soybeans,5,0.005992978767466791
vxo,combined,zinc,soybeans,6,0.0060899968596878845
vxo,combined,zinc,soybeans,7,0.025697073763328266
vxo,combined,zinc,soybeans,8,0.028669747813817648
vxo,combined,zinc,soybeans,9,0.02806073441750195
vxo,combined,zinc,soybeans,10,0.029962757441532123
vxo,combined,zinc,soybeans,11,0.03151103325558097
vxo,combined,zinc,soybeans,12,0.03275731677595411
vxo,combined,zinc,soybeans,13,0.03275731677595411
vxo,combined,zinc,soybeans,14,0.03275731677595411
vxo,combined,zinc,soybeans,15,0.03275731677595411
vxo,combined,zinc,soybeans,16,0.03275731677595411
vxo,combined,zinc,soybeans,17,0.03275731677595411
vxo,combined,zinc,soybeans,18,0.03275731677595411
vxo,combined,zinc,soybeans,19,0.03275731677595411
vxo,combined,zinc,soybeans,20,0.03275731677595411
vxo,combined,zinc,soybeans,21,0.03275731677595411
vxo,combined,zinc,soybeans,22,0.03275731677595411
vxo,combined,zinc,soybeans,23,0.03275731677595411
vxo,combined,zinc,soybeans,24,0.03275731677595411
vxo,combined,zinc,sugar_wld,1,0
vxo,combined,zinc,sugar_wld,2,0
vxo,combined,zinc,sugar_wld,3,0.028619858921933132
vxo,combined,zinc,sugar_wld,4,0.02600090033198302
vxo,combined,zinc,sugar_wld,5,0.021467373866178537
vxo,combined,zinc,sugar_wld,6,0.022672346602630233
vxo,combined,zinc,sugar_wld,7,0.02388331286699929
vxo,combined,zinc,sugar_wld,8,0.03302528041038914
vxo,combined,zinc,sugar_wld,9,0.03238686067369857
vxo,combined,zinc,sugar_wld,10,0.031328628757850877
vxo,combined,zinc,sugar_wld,11,0.03165470254177552
vxo,combined,zinc,sugar_wld,12,0.03087065640062968
vxo,combined,zinc,sugar_wld,13,0.03087065640062968
vxo,combined,zinc,sugar_wld,14,0.03087065640062968
vxo,combined,zinc,sugar_wld,15,0.03087065640062968
vxo,combined,zinc,sugar_wld,16,0.03087065640062968
vxo,combined,zinc,sugar_wld,17,0.03087065640062968
vxo,combined,zinc,sugar_wld,18,0.03087065640062968
vxo,combined,zinc,sugar_wld,19,0.03087065640062968
vxo,combined,zinc,sugar_wld,20,0.03087065640062968
vxo,combined,zinc,sugar_wld,21,0.03087065640062968
vxo,combined,zinc,sugar_wld,22,0.03087065640062968
vxo,combined,zinc,sugar_wld,23,0.03087065640062968
vxo,combined,zinc,sugar_wld,24,0.03087065640062968
vxo,combined,zinc,tin,1,0
vxo,combined,zinc,tin,2,0
vxo,combined,zinc,tin,3,0.007944232931440615
vxo,combined,zinc,tin,4,0.04386069144362884
vxo,combined,zinc,tin,5,0.05003812569989035
vxo,combined,zinc,tin,6,0.05138687550784793
vxo,combined,zinc,tin,7,0.050873840883561144
vxo,combined,zinc,tin,8,0.0497580460850998
vxo,combined,zinc,tin,9,0.048710758589300136
vxo,combined,zinc,tin,10,0.04762500002465632
vxo,combined,zinc,tin,11,0.046498361354405916
vxo,combined,zinc,tin,12,0.05220663275835643
vxo,combined,zinc,tin,13,0.05220663275835643
vxo,combined,zinc,tin,14,0.05220663275835643
vxo,combined,zinc,tin,15,0.05220663275835643
vxo,combined,zinc,tin,16,0.05220663275835643
vxo,combined,zinc,tin,17,0.05220663275835643
vxo,combined,zinc,tin,18,0.05220663275835643
vxo,combined,zinc,tin,19,0.05220663275835643
vxo,combined,zinc,tin,20,0.05220663275835643
vxo,combined,zinc,tin,21,0.05220663275835643
vxo,combined,zinc,tin,22,0.05220663275835643
vxo,combined,zinc,tin,23,0.05220663275835643
vxo,combined,zinc,tin,24,0.05220663275835643
vxo,combined,zinc,wheat_us_hrw,1,0
vxo,combined,zinc,wheat_us_hrw,2,0
vxo,combined,zinc,wheat_us_hrw,3,0.030548963771511038
vxo,combined,zinc,wheat_us_hrw,4,0.02833592430734484
vxo,combined,zinc,wheat_us_hrw,5,0.038599956213447605
vxo,combined,zinc,wheat_us_hrw,6,0.0364559632189786
vxo,combined,zinc,wheat_us_hrw,7,0.03997339736805119
vxo,combined,zinc,wheat_us_hrw,8,0.038112601595740224
vxo,combined,zinc,wheat_us_hrw,9,0.038610951292356595
vxo,combined,zinc,wheat_us_hrw,10,0.037803586967931485
vxo,combined,zinc,wheat_us_hrw,11,0.036942917135345636
vxo,combined,zinc,wheat_us_hrw,12,0.035922047550100554
vxo,combined,zinc,wheat_us_hrw,13,0.035922047550100554
vxo,combined,zinc,wheat_us_hrw,14,0.035922047550100554
vxo,combined,zinc,wheat_us_hrw,15,0.035922047550100554
vxo,combined,zinc,wheat_us_hrw,16,0.035922047550100554
vxo,combined,zinc,wheat_us_hrw,17,0.035922047550100554
vxo,combined,zinc,wheat_us_hrw,18,0.035922047550100554
vxo,combined,zinc,wheat_us_hrw,19,0.035922047550100554
vxo,combined,zinc,wheat_us_hrw,20,0.035922047550100554
vxo,combined,zinc,wheat_us_hrw,21,0.035922047550100554
vxo,combined,zinc,wheat_us_hrw,22,0.035922047550100554
vxo,combined,zinc,wheat_us_hrw,23,0.035922047550100554
vxo,combined,zinc,wheat_us_hrw,24,0.035922047550100554
vxo,combined,zinc,zinc,1,0
vxo,combined,zinc,zinc,2,1
vxo,combined,zinc,zinc,3,0.6960773543285107
vxo,combined,zinc,zinc,4,0.6040703736293697
vxo,combined,zinc,zinc,5,0.4960073241484935
vxo,combined,zinc,zinc,6,0.47382580388856976
vxo,combined,zinc,zinc,7,0.4396597948121816
vxo,combined,zinc,zinc,8,0.4206083078610536
vxo,combined,zinc,zinc,9,0.41878701249518496
vxo,combined,zinc,zinc,10,0.4106786407182588
vxo,combined,zinc,zinc,11,0.3943402749852162
vxo,combined,zinc,zinc,12,0.3890541633620513
vxo,combined,zinc,zinc,13,0.3890541633620513
vxo,combined,zinc,zinc,14,0.3890541633620513
vxo,combined,zinc,zinc,15,0.3890541633620513
vxo,combined,zinc,zinc,16,0.3890541633620513
vxo,combined,zinc,zinc,17,0.3890541633620513
vxo,combined,zinc,zinc,18,0.3890541633620513
vxo,combined,zinc,zinc,19,0.3890541633620513
vxo,combined,zinc,zinc,20,0.3890541633620513
vxo,combined,zinc,zinc,21,0.3890541633620513
vxo,combined,zinc,zinc,22,0.3890541633620513
vxo,combined,zinc,zinc,23,0.3890541633620513
vxo,combined,zinc,zinc,24,0.3890541633620513
