index,date,value
1,1990-01-02,17.24
1,1990-01-03,18.19
1,1990-01-04,19.22
1,1990-01-05,20.11
1,1990-01-08,20.26
1,1990-01-09,22.2
1,1990-01-10,22.44
1,1990-01-11,20.05
1,1990-01-12,24.64
1,1990-01-15,26.34
1,1990-01-16,24.18
1,1990-01-17,24.16
1,1990-01-18,24.34
1,1990-01-19,22.5
1,1990-01-22,26.7
1,1990-01-23,24.72
1,1990-01-24,25.39
1,1990-01-25,25.63
1,1990-01-26,26.28
1,1990-01-29,26.44
1,1990-01-30,27.25
1,1990-01-31,25.36
1,1990-02-01,24.87
1,1990-02-02,24.32
1,1990-02-05,24.54
1,1990-02-06,24.69
1,1990-02-07,24.29
1,1990-02-08,23.77
1,1990-02-09,23.69
1,1990-02-12,24.38
1,1990-02-13,23.76
1,1990-02-14,22.05
1,1990-02-15,19.71
1,1990-02-16,20.78
1,1990-02-20,22.78
1,1990-02-21,23.89
1,1990-02-22,22.54
1,1990-02-23,23.69
1,1990-02-26,23.56
1,1990-02-27,22.69
1,1990-02-28,21.99
1,1990-03-01,21.9
1,1990-03-02,21.34
1,1990-03-05,22.03
1,1990-03-06,20.55
1,1990-03-07,19.1
1,1990-03-08,19.74
1,1990-03-09,20.3
1,1990-03-12,20.07
1,1990-03-13,21.05
1,1990-03-14,19.65
1,1990-03-15,18.81
1,1990-03-16,17.62
1,1990-03-19,18.29
1,1990-03-20,19.06
1,1990-03-21,20.1
1,1990-03-22,22.74
1,1990-03-23,20.46
1,1990-03-26,19.59
1,1990-03-27,21.01
1,1990-03-28,19.77
1,1990-03-29,18.46
1,1990-03-30,19.73
1,1990-04-02,22.84
1,1990-04-03,20.44
1,1990-04-04,22.03
1,1990-04-05,21.21
1,1990-04-06,21.76
1,1990-04-09,22.3
1,1990-04-10,21.69
1,1990-04-11,17.73
1,1990-04-12,19.8
1,1990-04-16,20.75
1,1990-04-17,20.38
1,1990-04-18,22.67
1,1990-04-19,22.46
1,1990-04-20,23.33
1,1990-04-23,24.16
1,1990-04-24,21.7
1,1990-04-25,20.86
1,1990-04-26,20.25
1,1990-04-27,22.19
1,1990-04-30,19.52
1,1990-05-01,18.43
1,1990-05-02,19.32
1,1990-05-03,17.81
1,1990-05-04,17.28
1,1990-05-07,17.65
1,1990-05-08,18.49
1,1990-05-09,18.64
1,1990-05-10,18.59
1,1990-05-11,19.81
1,1990-05-14,20.14
1,1990-05-15,19.49
1,1990-05-16,17.71
1,1990-05-17,17.27
1,1990-05-18,17.2
1,1990-05-21,16.72
1,1990-05-22,17.84
1,1990-05-23,17.18
1,1990-05-24,17.7
1,1990-05-25,17.32
1,1990-05-29,18.75
1,1990-05-30,17.44
1,1990-05-31,17.37
1,1990-06-01,17.09
1,1990-06-04,18.39
1,1990-06-05,18.97
1,1990-06-06,17.42
1,1990-06-07,16.88
1,1990-06-08,17.58
1,1990-06-11,16.34
1,1990-06-12,16.6
1,1990-06-13,17.38
1,1990-06-14,17.4
1,1990-06-15,15.9
1,1990-06-18,17.71
1,1990-06-19,15.23
1,1990-06-20,15.27
1,1990-06-21,14.72
1,1990-06-22,19.36
1,1990-06-25,17.06
1,1990-06-26,16.29
1,1990-06-27,16
1,1990-06-28,16.18
1,1990-06-29,15.5
1,1990-07-02,16.26
1,1990-07-03,16.11
1,1990-07-05,17.25
1,1990-07-06,16.41
1,1990-07-09,16.66
1,1990-07-10,16.92
1,1990-07-11,16.68
1,1990-07-12,17.06
1,1990-07-13,17.09
1,1990-07-16,16.75
1,1990-07-17,16.66
1,1990-07-18,18.9
1,1990-07-19,18.56
1,1990-07-20,15.63
1,1990-07-23,23.68
1,1990-07-24,21.79
1,1990-07-25,20.19
1,1990-07-26,20.26
1,1990-07-27,21.12
1,1990-07-30,21.16
1,1990-07-31,21.11
1,1990-08-01,21.64
1,1990-08-02,20.43
1,1990-08-03,28.74
1,1990-08-06,35.91
1,1990-08-07,32.75
1,1990-08-08,28.27
1,1990-08-09,24.39
1,1990-08-10,25.75
1,1990-08-13,25.74
1,1990-08-14,24.18
1,1990-08-15,23.31
1,1990-08-16,27.16
1,1990-08-17,27.53
1,1990-08-20,26.46
1,1990-08-21,28.9
1,1990-08-22,30.55
1,1990-08-23,36.47
1,1990-08-24,33.93
1,1990-08-27,29.63
1,1990-08-28,29.12
1,1990-08-29,27.38
1,1990-08-30,29.89
1,1990-08-31,29.9
1,1990-09-04,29.58
1,1990-09-05,28.52
1,1990-09-06,30.19
1,1990-09-07,28.73
1,1990-09-10,29.34
1,1990-09-11,28.38
1,1990-09-12,28.12
1,1990-09-13,29.33
1,1990-09-14,30.56
1,1990-09-17,29.55
1,1990-09-18,28.82
1,1990-09-19,27.88
1,1990-09-20,28.66
1,1990-09-21,30.04
1,1990-09-24,30.56
1,1990-09-25,28.81
1,1990-09-26,28.19
1,1990-09-27,28.67
1,1990-09-28,29.11
1,1990-10-01,28.06
1,1990-10-02,27.28
1,1990-10-03,27.9
1,1990-10-04,27.51
1,1990-10-05,27.85
1,1990-10-08,28.04
1,1990-10-09,30.71
1,1990-10-10,31.19
1,1990-10-11,33.98
1,1990-10-12,31.94
1,1990-10-15,31.64
1,1990-10-16,31.45
1,1990-10-17,31.37
1,1990-10-18,29.6
1,1990-10-19,27.86
1,1990-10-22,27.27
1,1990-10-23,27.57
1,1990-10-24,28.28
1,1990-10-25,29.04
1,1990-10-26,30.75
1,1990-10-29,31.54
1,1990-10-30,30.52
1,1990-10-31,30.04
1,1990-11-01,30.25
1,1990-11-02,30.03
1,1990-11-05,29.85
1,1990-11-06,29.11
1,1990-11-07,30.87
1,1990-11-08,30.79
1,1990-11-09,26.96
1,1990-11-12,25.6
1,1990-11-13,24.58
1,1990-11-14,22.89
1,1990-11-15,22.57
1,1990-11-16,21.34
1,1990-11-19,20.95
1,1990-11-20,20.09
1,1990-11-21,21.09
1,1990-11-23,20.98
1,1990-11-26,22.76
1,1990-11-27,22.86
1,1990-11-28,22.96
1,1990-11-29,23.91
1,1990-11-30,22.16
1,1990-12-03,22.29
1,1990-12-04,22.03
1,1990-12-05,20.94
1,1990-12-06,22.62
1,1990-12-07,22.59
1,1990-12-10,23.58
1,1990-12-11,23.75
1,1990-12-12,21.28
1,1990-12-13,23.05
1,1990-12-14,23.85
1,1990-12-17,24.85
1,1990-12-18,23.11
1,1990-12-19,23.08
1,1990-12-20,23.13
1,1990-12-21,22.66
1,1990-12-24,24.03
1,1990-12-26,24.18
1,1990-12-27,24.81
1,1990-12-28,25.05
1,1990-12-31,26.38
1,1991-01-02,26.62
1,1991-01-03,27.93
1,1991-01-04,27.19
1,1991-01-07,28.95
1,1991-01-08,30.38
1,1991-01-09,33.3
1,1991-01-10,31.33
1,1991-01-11,32.63
1,1991-01-14,36.2
1,1991-01-15,36.16
1,1991-01-16,33.2
1,1991-01-17,27.45
1,1991-01-18,25.39
1,1991-01-21,24.33
1,1991-01-22,24.9
1,1991-01-23,23.92
1,1991-01-24,22.86
1,1991-01-25,22.2
1,1991-01-28,23.05
1,1991-01-29,23.17
1,1991-01-30,21.37
1,1991-01-31,20.91
1,1991-02-01,21.04
1,1991-02-04,21.86
1,1991-02-05,21.46
1,1991-02-06,22.68
1,1991-02-07,23.6
1,1991-02-08,23.38
1,1991-02-11,22.56
1,1991-02-12,22.26
1,1991-02-13,20.86
1,1991-02-14,21.48
1,1991-02-15,19.57
1,1991-02-19,19.84
1,1991-02-20,22.26
1,1991-02-21,20.78
1,1991-02-22,21.01
1,1991-02-25,22.86
1,1991-02-26,20.38
1,1991-02-27,21.26
1,1991-02-28,21.23
1,1991-03-04,20.86
1,1991-03-05,20.45
1,1991-03-06,20.55
1,1991-03-07,21.05
1,1991-03-08,20.81
1,1991-03-11,20.88
1,1991-03-12,18.82
1,1991-03-13,16.09
1,1991-03-14,14.94
1,1991-03-15,14.9
1,1991-03-18,15.79
1,1991-03-19,16.11
1,1991-03-20,16.04
1,1991-03-21,16.86
1,1991-03-22,16.49
1,1991-03-25,16.76
1,1991-03-26,16.31
1,1991-03-27,16.55
1,1991-03-28,16.88
1,1991-04-01,17.42
1,1991-04-02,17.4
1,1991-04-03,17.61
1,1991-04-04,18.01
1,1991-04-05,17.63
1,1991-04-08,17.41
1,1991-04-09,20.12
1,1991-04-10,19.73
1,1991-04-11,17.24
1,1991-04-12,18.45
1,1991-04-15,16.5
1,1991-04-16,15.82
1,1991-04-17,15.47
1,1991-04-18,16.26
1,1991-04-19,15.68
1,1991-04-22,16.78
1,1991-04-23,17.02
1,1991-04-24,16.72
1,1991-04-25,17.15
1,1991-04-26,17.27
1,1991-04-29,18.27
1,1991-04-30,18.24
1,1991-05-01,17.77
1,1991-05-02,17.52
1,1991-05-03,17.24
1,1991-05-06,17.92
1,1991-05-07,17.46
1,1991-05-08,17.78
1,1991-05-09,17.17
1,1991-05-10,17.54
1,1991-05-13,17.66
1,1991-05-14,18
1,1991-05-15,18.38
1,1991-05-16,17.24
1,1991-05-17,16.64
1,1991-05-20,17.1
1,1991-05-21,16.07
1,1991-05-22,16.16
1,1991-05-23,16.11
1,1991-05-24,15.23
1,1991-05-28,15.67
1,1991-05-29,15.9
1,1991-05-30,16.02
1,1991-05-31,15.93
1,1991-06-03,16.87
1,1991-06-04,16.17
1,1991-06-05,16.4
1,1991-06-06,16.93
1,1991-06-07,16.98
1,1991-06-10,17.47
1,1991-06-11,17.32
1,1991-06-12,17.72
1,1991-06-13,16.99
1,1991-06-14,15.98
1,1991-06-17,15.5
1,1991-06-18,16.14
1,1991-06-19,17.44
1,1991-06-20,16.75
1,1991-06-21,16.51
1,1991-06-24,18.28
1,1991-06-25,17.85
1,1991-06-26,17.98
1,1991-06-27,17.87
1,1991-06-28,19.55
1,1991-07-01,18.64
1,1991-07-02,17.63
1,1991-07-03,19.47
1,1991-07-05,18.35
1,1991-07-08,20.29
1,1991-07-09,19.76
1,1991-07-10,19.19
1,1991-07-11,17.39
1,1991-07-12,18.29
1,1991-07-15,17.78
1,1991-07-16,17.49
1,1991-07-17,17.52
1,1991-07-18,15.77
1,1991-07-19,15.5
1,1991-07-22,16.9
1,1991-07-23,16.58
1,1991-07-24,16.41
1,1991-07-25,15.74
1,1991-07-26,15.45
1,1991-07-29,15.67
1,1991-07-30,15.47
1,1991-07-31,15.18
1,1991-08-01,15.47
1,1991-08-02,15.26
1,1991-08-05,15.92
1,1991-08-06,15.54
1,1991-08-07,15.56
1,1991-08-08,15.98
1,1991-08-09,15.45
1,1991-08-12,15.26
1,1991-08-13,14.73
1,1991-08-14,15.09
1,1991-08-15,15.19
1,1991-08-16,16.01
1,1991-08-19,21.19
1,1991-08-20,18.86
1,1991-08-21,15.62
1,1991-08-22,14.59
1,1991-08-23,14.41
1,1991-08-26,14.81
1,1991-08-27,15.46
1,1991-08-28,15.31
1,1991-08-29,14.82
1,1991-08-30,14.46
1,1991-09-03,16.57
1,1991-09-04,17.18
1,1991-09-05,17.31
1,1991-09-06,16.76
1,1991-09-09,17.73
1,1991-09-10,18.22
1,1991-09-11,17.96
1,1991-09-12,16.21
1,1991-09-13,17.88
1,1991-09-16,17.82
1,1991-09-17,17.68
1,1991-09-18,17.56
1,1991-09-19,17.56
1,1991-09-20,17.08
1,1991-09-23,16.38
1,1991-09-24,16.04
1,1991-09-25,15.68
1,1991-09-26,15.35
1,1991-09-27,16.31
1,1991-09-30,15.85
1,1991-10-01,14.81
1,1991-10-02,15.81
1,1991-10-03,17.04
1,1991-10-04,15.63
1,1991-10-07,18.58
1,1991-10-08,17.81
1,1991-10-09,18.54
1,1991-10-10,17.8
1,1991-10-11,17.6
1,1991-10-14,16.71
1,1991-10-15,16.22
1,1991-10-16,14.85
1,1991-10-17,16.32
1,1991-10-18,15.87
1,1991-10-21,16.66
1,1991-10-22,16.55
1,1991-10-23,16.26
1,1991-10-24,15.62
1,1991-10-25,15.75
1,1991-10-28,15.45
1,1991-10-29,15.55
1,1991-10-30,15.46
1,1991-10-31,15.48
1,1991-11-01,15.6
1,1991-11-04,16.35
1,1991-11-05,16.48
1,1991-11-06,16.47
1,1991-11-07,15.97
1,1991-11-08,15.43
1,1991-11-11,14.89
1,1991-11-12,14.04
1,1991-11-13,13.95
1,1991-11-14,13.96
1,1991-11-15,21.18
1,1991-11-18,18.28
1,1991-11-19,20.34
1,1991-11-20,20.4
1,1991-11-21,19.11
1,1991-11-22,21.2
1,1991-11-25,21.92
1,1991-11-26,19.8
1,1991-11-27,19.84
1,1991-11-29,20.26
1,1991-12-02,20.18
1,1991-12-03,19.7
1,1991-12-04,19.54
1,1991-12-05,20.19
1,1991-12-06,19.04
1,1991-12-09,19.74
1,1991-12-10,19.89
1,1991-12-11,20.57
1,1991-12-12,19.08
1,1991-12-13,17.88
1,1991-12-16,17.62
1,1991-12-17,18.12
1,1991-12-18,17.78
1,1991-12-19,17.96
1,1991-12-20,17.65
1,1991-12-23,16.61
1,1991-12-24,15.67
1,1991-12-26,15.44
1,1991-12-27,15.7
1,1991-12-30,17.63
1,1991-12-31,19.31
1,1992-01-02,18.95
1,1992-01-03,18.75
1,1992-01-06,18.96
1,1992-01-07,19.23
1,1992-01-08,18.72
1,1992-01-09,18.96
1,1992-01-10,18.45
1,1992-01-13,18.01
1,1992-01-14,17.01
1,1992-01-15,17.39
1,1992-01-16,17.64
1,1992-01-17,16.32
1,1992-01-20,16.42
1,1992-01-21,17.92
1,1992-01-22,16.75
1,1992-01-23,16.46
1,1992-01-24,16.24
1,1992-01-27,16.67
1,1992-01-28,17.67
1,1992-01-29,17.62
1,1992-01-30,17.49
1,1992-01-31,17.4
1,1992-02-03,18.2
1,1992-02-04,17.96
1,1992-02-05,18.22
1,1992-02-06,18.79
1,1992-02-07,18.51
1,1992-02-10,18.56
1,1992-02-11,17.7
1,1992-02-12,17.37
1,1992-02-13,17.45
1,1992-02-14,17.03
1,1992-02-18,18.22
1,1992-02-19,17.16
1,1992-02-20,16.72
1,1992-02-21,16.87
1,1992-02-24,17.13
1,1992-02-25,16.35
1,1992-02-26,16.64
1,1992-02-27,16.51
1,1992-02-28,16.68
1,1992-03-02,16.88
1,1992-03-03,17.26
1,1992-03-04,17.89
1,1992-03-05,18.47
1,1992-03-06,19.75
1,1992-03-09,19.68
1,1992-03-10,18.68
1,1992-03-11,19.79
1,1992-03-12,19.72
1,1992-03-13,18.35
1,1992-03-16,18.46
1,1992-03-17,16.79
1,1992-03-18,16.69
1,1992-03-19,16.52
1,1992-03-20,16.82
1,1992-03-23,16.73
1,1992-03-24,16.32
1,1992-03-25,16.19
1,1992-03-26,16.29
1,1992-03-27,16.02
1,1992-03-30,15.97
1,1992-03-31,16.18
1,1992-04-01,16.48
1,1992-04-02,17.06
1,1992-04-03,16.72
1,1992-04-06,16.72
1,1992-04-07,18.81
1,1992-04-08,20.15
1,1992-04-09,17.89
1,1992-04-10,16.85
1,1992-04-13,16.99
1,1992-04-14,15.98
1,1992-04-15,15.15
1,1992-04-16,14.85
1,1992-04-20,15.93
1,1992-04-21,16.53
1,1992-04-22,15.96
1,1992-04-23,15.83
1,1992-04-24,15.71
1,1992-04-27,16.49
1,1992-04-28,16.24
1,1992-04-29,15.95
1,1992-04-30,15.53
1,1992-05-01,16.61
1,1992-05-04,16.92
1,1992-05-05,16.66
1,1992-05-06,16.81
1,1992-05-07,16.54
1,1992-05-08,15.65
1,1992-05-11,15.17
1,1992-05-12,15.68
1,1992-05-13,15.19
1,1992-05-14,15.49
1,1992-05-15,14.82
1,1992-05-18,14.62
1,1992-05-19,13.57
1,1992-05-20,13.62
1,1992-05-21,13.92
1,1992-05-22,13.73
1,1992-05-26,14.92
1,1992-05-27,13.99
1,1992-05-28,13.77
1,1992-05-29,13.86
1,1992-06-01,14.43
1,1992-06-02,14.57
1,1992-06-03,14.35
1,1992-06-04,13.66
1,1992-06-05,14.65
1,1992-06-08,15.19
1,1992-06-09,15.97
1,1992-06-10,16.62
1,1992-06-11,16.29
1,1992-06-12,14.95
1,1992-06-15,14.76
1,1992-06-16,15.22
1,1992-06-17,18.08
1,1992-06-18,18.2
1,1992-06-19,16.31
1,1992-06-22,16.66
1,1992-06-23,14.53
1,1992-06-24,14.4
1,1992-06-25,14.4
1,1992-06-26,14.67
1,1992-06-29,13.21
1,1992-06-30,13.35
1,1992-07-01,13.34
1,1992-07-02,13.88
1,1992-07-06,14.87
1,1992-07-07,15.83
1,1992-07-08,15.53
1,1992-07-09,14.6
1,1992-07-10,13.7
1,1992-07-13,14.01
1,1992-07-14,13.5
1,1992-07-15,12.52
1,1992-07-16,12.27
1,1992-07-17,12.6
1,1992-07-20,12.66
1,1992-07-21,12.6
1,1992-07-22,13.57
1,1992-07-23,13.33
1,1992-07-24,13.37
1,1992-07-27,13.9
1,1992-07-28,13.05
1,1992-07-29,13.44
1,1992-07-30,13.5
1,1992-07-31,13.17
1,1992-08-03,13.83
1,1992-08-04,13.58
1,1992-08-05,13.82
1,1992-08-06,14.23
1,1992-08-07,13.94
1,1992-08-10,14.51
1,1992-08-11,15.09
1,1992-08-12,14.88
1,1992-08-13,15.34
1,1992-08-14,14.66
1,1992-08-17,14.61
1,1992-08-18,13.84
1,1992-08-19,14.35
1,1992-08-20,14.48
1,1992-08-21,15.01
1,1992-08-24,16.19
1,1992-08-25,15.62
1,1992-08-26,14.5
1,1992-08-27,13.66
1,1992-08-28,13.14
1,1992-08-31,13.58
1,1992-09-01,13.4
1,1992-09-02,12.73
1,1992-09-03,12.88
1,1992-09-04,12.98
1,1992-09-08,13.65
1,1992-09-09,13.36
1,1992-09-10,12.92
1,1992-09-11,12.47
1,1992-09-14,13
1,1992-09-15,13.63
1,1992-09-16,14.72
1,1992-09-17,14.31
1,1992-09-18,13.74
1,1992-09-21,13.45
1,1992-09-22,13.88
1,1992-09-23,13.83
1,1992-09-24,13.44
1,1992-09-25,14.8
1,1992-09-28,15.19
1,1992-09-29,14.97
1,1992-09-30,14.28
1,1992-10-01,16.31
1,1992-10-02,17.79
1,1992-10-05,20.01
1,1992-10-06,19.95
1,1992-10-07,21.02
1,1992-10-08,19.26
1,1992-10-09,20.51
1,1992-10-12,19.49
1,1992-10-13,17.9
1,1992-10-14,18.42
1,1992-10-15,17.11
1,1992-10-16,17.01
1,1992-10-19,17.31
1,1992-10-20,16.87
1,1992-10-21,16.62
1,1992-10-22,15.84
1,1992-10-23,16.46
1,1992-10-26,16.32
1,1992-10-27,16.24
1,1992-10-28,15.95
1,1992-10-29,15.47
1,1992-10-30,16.15
1,1992-11-02,16.67
1,1992-11-03,17.33
1,1992-11-04,16.28
1,1992-11-05,15.38
1,1992-11-06,14.69
1,1992-11-09,14.23
1,1992-11-10,14.37
1,1992-11-11,13.99
1,1992-11-12,14.37
1,1992-11-13,14.61
1,1992-11-16,14.86
1,1992-11-17,15.01
1,1992-11-18,14.55
1,1992-11-19,14.33
1,1992-11-20,13.67
1,1992-11-23,13.4
1,1992-11-24,12.66
1,1992-11-25,12.5
1,1992-11-27,12.58
1,1992-11-30,13.01
1,1992-12-01,12.8
1,1992-12-02,12.56
1,1992-12-03,12.03
1,1992-12-04,11.81
1,1992-12-07,12
1,1992-12-08,11.73
1,1992-12-09,12.58
1,1992-12-10,12.75
1,1992-12-11,12.34
1,1992-12-14,12.66
1,1992-12-15,12.41
1,1992-12-16,12.58
1,1992-12-17,12.14
1,1992-12-18,11.66
1,1992-12-21,11.65
1,1992-12-22,11.75
1,1992-12-23,11.51
1,1992-12-24,11.57
1,1992-12-28,12.22
1,1992-12-29,12.29
1,1992-12-30,12.6
1,1992-12-31,12.57
1,1993-01-04,13.36
1,1993-01-05,13.35
1,1993-01-06,13.37
1,1993-01-07,14.72
1,1993-01-08,13.77
1,1993-01-11,12.86
1,1993-01-12,12.78
1,1993-01-13,12.42
1,1993-01-14,11.99
1,1993-01-15,11.57
1,1993-01-18,11.49
1,1993-01-19,12.06
1,1993-01-20,12.15
1,1993-01-21,11.69
1,1993-01-22,11.3
1,1993-01-25,11.38
1,1993-01-26,11.45
1,1993-01-27,12.01
1,1993-01-28,12.04
1,1993-01-29,12.42
1,1993-02-01,12.33
1,1993-02-02,12.25
1,1993-02-03,12.12
1,1993-02-04,12.29
1,1993-02-05,12.9
1,1993-02-08,13.22
1,1993-02-09,13.48
1,1993-02-10,13.43
1,1993-02-11,12.69
1,1993-02-12,12.38
1,1993-02-16,15.76
1,1993-02-17,15.9
1,1993-02-18,15.56
1,1993-02-19,15.02
1,1993-02-22,14.7
1,1993-02-23,15.04
1,1993-02-24,14.72
1,1993-02-25,13.76
1,1993-02-26,13.16
1,1993-03-01,13.6
1,1993-03-02,12.49
1,1993-03-03,13.13
1,1993-03-04,13.44
1,1993-03-05,14.08
1,1993-03-08,16.22
1,1993-03-09,14.17
1,1993-03-10,13.91
1,1993-03-11,14.26
1,1993-03-12,15.66
1,1993-03-15,14.74
1,1993-03-16,14.51
1,1993-03-17,14.53
1,1993-03-18,14.17
1,1993-03-19,13.23
1,1993-03-22,13.66
1,1993-03-23,13.02
1,1993-03-24,12.44
1,1993-03-25,12.08
1,1993-03-26,12.21
1,1993-03-29,12.63
1,1993-03-30,12.23
1,1993-03-31,12.53
1,1993-04-01,13.02
1,1993-04-02,14.5
1,1993-04-05,14.12
1,1993-04-06,14.24
1,1993-04-07,13.64
1,1993-04-08,12.83
1,1993-04-12,11.93
1,1993-04-13,11.7
1,1993-04-14,11.76
1,1993-04-15,10.96
1,1993-04-16,11.29
1,1993-04-19,12.06
1,1993-04-20,11.94
1,1993-04-21,12.11
1,1993-04-22,12.68
1,1993-04-23,13.36
1,1993-04-26,15.25
1,1993-04-27,13.93
1,1993-04-28,13.12
1,1993-04-29,12.8
1,1993-04-30,12.42
1,1993-05-03,12.9
1,1993-05-04,12.14
1,1993-05-05,12.38
1,1993-05-06,13.22
1,1993-05-07,13.01
1,1993-05-10,13.72
1,1993-05-11,13.35
1,1993-05-12,13.56
1,1993-05-13,14.76
1,1993-05-14,14.39
1,1993-05-17,14.13
1,1993-05-18,14.19
1,1993-05-19,14.29
1,1993-05-20,13.98
1,1993-05-21,14.51
1,1993-05-24,14.1
1,1993-05-25,14.04
1,1993-05-26,12.88
1,1993-05-27,13.1
1,1993-05-28,13.47
1,1993-06-01,13.67
1,1993-06-02,13.48
1,1993-06-03,13.54
1,1993-06-04,12.86
1,1993-06-07,14.07
1,1993-06-08,14.74
1,1993-06-09,13.96
1,1993-06-10,13.31
1,1993-06-11,12.71
1,1993-06-14,12.33
1,1993-06-15,11.99
1,1993-06-16,11.87
1,1993-06-17,11.66
1,1993-06-18,12.24
1,1993-06-21,12.25
1,1993-06-22,11.65
1,1993-06-23,12.04
1,1993-06-24,12.25
1,1993-06-25,11.25
1,1993-06-28,11.11
1,1993-06-29,11.29
1,1993-06-30,11.26
1,1993-07-01,11.51
1,1993-07-02,11.33
1,1993-07-06,13.87
1,1993-07-07,13.05
1,1993-07-08,12.24
1,1993-07-09,10.8
1,1993-07-12,10.85
1,1993-07-13,11.02
1,1993-07-14,10.78
1,1993-07-15,10.6
1,1993-07-16,10.96
1,1993-07-19,11.46
1,1993-07-20,11.05
1,1993-07-21,11.97
1,1993-07-22,11.69
1,1993-07-23,11.32
1,1993-07-26,11.32
1,1993-07-27,11.34
1,1993-07-28,11.37
1,1993-07-29,11.25
1,1993-07-30,11.73
1,1993-08-02,11.47
1,1993-08-03,11.49
1,1993-08-04,11.71
1,1993-08-05,12.03
1,1993-08-06,12.33
1,1993-08-09,12.39
1,1993-08-10,12.31
1,1993-08-11,12.07
1,1993-08-12,12.38
1,1993-08-13,12.19
1,1993-08-16,12.01
1,1993-08-17,11.59
1,1993-08-18,11.52
1,1993-08-19,11.63
1,1993-08-20,11.62
1,1993-08-23,12.15
1,1993-08-24,11.8
1,1993-08-25,12.1
1,1993-08-26,12.14
1,1993-08-27,11.91
1,1993-08-30,11.74
1,1993-08-31,11.85
1,1993-09-01,11.48
1,1993-09-02,11.87
1,1993-09-03,11.16
1,1993-09-07,12.9
1,1993-09-08,13.24
1,1993-09-09,12.67
1,1993-09-10,11.7
1,1993-09-13,12.16
1,1993-09-14,13.15
1,1993-09-15,12.7
1,1993-09-16,13.36
1,1993-09-17,13.39
1,1993-09-20,14.6
1,1993-09-21,17.3
1,1993-09-22,13.75
1,1993-09-23,13.36
1,1993-09-24,12.47
1,1993-09-27,12.49
1,1993-09-28,12.19
1,1993-09-29,12.63
1,1993-09-30,12.99
1,1993-10-01,11.83
1,1993-10-04,12.85
1,1993-10-05,12.97
1,1993-10-06,12.68
1,1993-10-07,13.14
1,1993-10-08,12.04
1,1993-10-11,12.26
1,1993-10-12,12.41
1,1993-10-13,11.38
1,1993-10-14,11
1,1993-10-15,10.87
1,1993-10-18,11.33
1,1993-10-19,11.61
1,1993-10-20,11.32
1,1993-10-21,11.2
1,1993-10-22,11.48
1,1993-10-25,11.83
1,1993-10-26,11.83
1,1993-10-27,12.01
1,1993-10-28,11.88
1,1993-10-29,11.46
1,1993-11-01,11.78
1,1993-11-02,11.74
1,1993-11-03,13.26
1,1993-11-04,14.68
1,1993-11-05,14.97
1,1993-11-08,14.31
1,1993-11-09,13.94
1,1993-11-10,13.72
1,1993-11-11,13.88
1,1993-11-12,13.33
1,1993-11-15,14.46
1,1993-11-16,15.11
1,1993-11-17,15.57
1,1993-11-18,14.65
1,1993-11-19,15.03
1,1993-11-22,15.9
1,1993-11-23,14.27
1,1993-11-24,13.51
1,1993-11-26,13.77
1,1993-11-29,14.12
1,1993-11-30,13.76
1,1993-12-01,13.83
1,1993-12-02,13.51
1,1993-12-03,12.69
1,1993-12-06,12.84
1,1993-12-07,12.41
1,1993-12-08,12.46
1,1993-12-09,12.43
1,1993-12-10,12.6
1,1993-12-13,10.98
1,1993-12-14,11.13
1,1993-12-15,11.03
1,1993-12-16,10.9
1,1993-12-17,11.08
1,1993-12-20,10.75
1,1993-12-21,10.08
1,1993-12-22,9.31
1,1993-12-23,9.48
1,1993-12-27,9.7
1,1993-12-28,9.82
1,1993-12-29,10.46
1,1993-12-30,10.69
1,1993-12-31,11.66
1,1994-01-03,12.57
1,1994-01-04,11.91
1,1994-01-05,10.94
1,1994-01-06,11.27
1,1994-01-07,10.96
1,1994-01-10,10.74
1,1994-01-11,11.29
1,1994-01-12,11.65
1,1994-01-13,12.08
1,1994-01-14,11.15
1,1994-01-17,11.88
1,1994-01-18,11.63
1,1994-01-19,11.76
1,1994-01-20,11.16
1,1994-01-21,11.09
1,1994-01-24,11.6
1,1994-01-25,11.38
1,1994-01-26,11.17
1,1994-01-27,10.3
1,1994-01-28,9.94
1,1994-01-31,10.63
1,1994-02-01,10.65
1,1994-02-02,10.61
1,1994-02-03,10.75
1,1994-02-04,15.25
1,1994-02-07,13.96
1,1994-02-08,13.66
1,1994-02-09,13.3
1,1994-02-10,14.24
1,1994-02-11,14.46
1,1994-02-14,14.28
1,1994-02-15,13.4
1,1994-02-16,13.13
1,1994-02-17,13.79
1,1994-02-18,14.7
1,1994-02-22,13.52
1,1994-02-23,13.91
1,1994-02-24,15.96
1,1994-02-25,14.8
1,1994-02-28,14.87
1,1994-03-01,15.83
1,1994-03-02,16.08
1,1994-03-03,16.36
1,1994-03-04,16
1,1994-03-07,14.26
1,1994-03-08,16.23
1,1994-03-09,14.41
1,1994-03-10,16.55
1,1994-03-11,14.87
1,1994-03-14,16.61
1,1994-03-15,14.78
1,1994-03-16,14.51
1,1994-03-17,12.76
1,1994-03-18,13.32
1,1994-03-21,14.34
1,1994-03-22,13.39
1,1994-03-23,12.31
1,1994-03-24,13.43
1,1994-03-25,13.67
1,1994-03-28,14.9
1,1994-03-29,16.49
1,1994-03-30,18.59
1,1994-03-31,20.45
1,1994-04-04,23.87
1,1994-04-05,18.13
1,1994-04-06,17.38
1,1994-04-07,16.98
1,1994-04-08,16.92
1,1994-04-11,16.61
1,1994-04-12,16.42
1,1994-04-13,17.02
1,1994-04-14,16.27
1,1994-04-15,15.98
1,1994-04-18,17.22
1,1994-04-19,16.93
1,1994-04-20,17.01
1,1994-04-21,14.93
1,1994-04-22,14.94
1,1994-04-25,14.26
1,1994-04-26,13.8
1,1994-04-28,14.51
1,1994-04-29,13.77
1,1994-05-02,14.11
1,1994-05-03,13.81
1,1994-05-04,14.29
1,1994-05-05,14.56
1,1994-05-06,15.08
1,1994-05-09,16.16
1,1994-05-10,15.19
1,1994-05-11,15.55
1,1994-05-12,15.46
1,1994-05-13,14.54
1,1994-05-16,14.67
1,1994-05-17,14.08
1,1994-05-18,12.55
1,1994-05-19,12.33
1,1994-05-20,12.79
1,1994-05-23,13.49
1,1994-05-24,12.73
1,1994-05-25,12.43
1,1994-05-26,12.5
1,1994-05-27,12.49
1,1994-05-31,13.03
1,1994-06-01,12.72
1,1994-06-02,12.73
1,1994-06-03,12.19
1,1994-06-06,13.03
1,1994-06-07,13.05
1,1994-06-08,13.32
1,1994-06-09,13.21
1,1994-06-10,12.69
1,1994-06-13,11.92
1,1994-06-14,11.6
1,1994-06-15,11.52
1,1994-06-16,11.22
1,1994-06-17,12.31
1,1994-06-20,13.96
1,1994-06-21,14.7
1,1994-06-22,14.02
1,1994-06-23,14.12
1,1994-06-24,16.72
1,1994-06-27,15.53
1,1994-06-28,15.04
1,1994-06-29,14.42
1,1994-06-30,14.97
1,1994-07-01,14.36
1,1994-07-05,14.92
1,1994-07-06,14.7
1,1994-07-07,14.01
1,1994-07-08,13.26
1,1994-07-11,13.83
1,1994-07-12,13.4
1,1994-07-13,12.42
1,1994-07-14,11.64
1,1994-07-15,11.28
1,1994-07-18,11.44
1,1994-07-19,11.65
1,1994-07-20,11.7
1,1994-07-21,11.65
1,1994-07-22,11.22
1,1994-07-25,11.46
1,1994-07-26,11.66
1,1994-07-27,11.93
1,1994-07-28,12.03
1,1994-07-29,11.13
1,1994-08-01,11.17
1,1994-08-02,11.27
1,1994-08-03,11.35
1,1994-08-04,12.18
1,1994-08-05,12.34
1,1994-08-08,12.41
1,1994-08-09,12.54
1,1994-08-10,11.91
1,1994-08-11,12.13
1,1994-08-12,11.09
1,1994-08-15,12.06
1,1994-08-16,11.39
1,1994-08-17,11.54
1,1994-08-18,12.07
1,1994-08-19,12.83
1,1994-08-22,12.62
1,1994-08-23,11.75
1,1994-08-24,11.57
1,1994-08-25,12.02
1,1994-08-26,12.19
1,1994-08-29,11.82
1,1994-08-30,11.23
1,1994-08-31,11.97
1,1994-09-01,11.86
1,1994-09-02,11.4
1,1994-09-06,11.69
1,1994-09-07,11.81
1,1994-09-08,11.86
1,1994-09-09,13.12
1,1994-09-12,14.01
1,1994-09-13,13.77
1,1994-09-14,13.09
1,1994-09-15,11.88
1,1994-09-16,12.8
1,1994-09-19,13.06
1,1994-09-20,14.45
1,1994-09-21,14.49
1,1994-09-22,13.89
1,1994-09-23,14.53
1,1994-09-26,14.56
1,1994-09-27,14.13
1,1994-09-28,13.25
1,1994-09-29,13.97
1,1994-09-30,14.28
1,1994-10-03,15.44
1,1994-10-04,16.66
1,1994-10-05,15.92
1,1994-10-06,16.24
1,1994-10-07,14.92
1,1994-10-10,14.72
1,1994-10-11,13.55
1,1994-10-12,14.51
1,1994-10-13,14.9
1,1994-10-14,13.32
1,1994-10-17,14.76
1,1994-10-18,14.59
1,1994-10-19,15.13
1,1994-10-20,15.99
1,1994-10-21,15.91
1,1994-10-24,16.97
1,1994-10-25,16.13
1,1994-10-26,15.7
1,1994-10-27,15.67
1,1994-10-28,14.56
1,1994-10-31,14.56
1,1994-11-01,14.84
1,1994-11-02,15.34
1,1994-11-03,15.58
1,1994-11-04,16.75
1,1994-11-07,17.37
1,1994-11-08,16.3
1,1994-11-09,16.42
1,1994-11-10,16
1,1994-11-11,16.5
1,1994-11-14,16.68
1,1994-11-15,16.66
1,1994-11-16,15.56
1,1994-11-17,15.91
1,1994-11-18,16
1,1994-11-21,16.13
1,1994-11-22,17.24
1,1994-11-23,18.41
1,1994-11-25,17.44
1,1994-11-28,16.83
1,1994-11-29,16.15
1,1994-11-30,15.95
1,1994-12-01,16.69
1,1994-12-02,16.55
1,1994-12-05,16.1
1,1994-12-06,16.05
1,1994-12-07,16.28
1,1994-12-08,18.15
1,1994-12-09,16.04
1,1994-12-12,15.46
1,1994-12-13,14.48
1,1994-12-14,13.03
1,1994-12-15,12.87
1,1994-12-16,12.79
1,1994-12-19,13.02
1,1994-12-20,12.98
1,1994-12-21,12.05
1,1994-12-22,12.42
1,1994-12-23,11.82
1,1994-12-27,12.07
1,1994-12-28,12.81
1,1994-12-29,12.86
1,1994-12-30,13.2
1,1995-01-03,14.25
1,1995-01-04,13.53
1,1995-01-05,13.5
1,1995-01-06,13.13
1,1995-01-09,13.33
1,1995-01-10,12.52
1,1995-01-11,12.15
1,1995-01-12,12.83
1,1995-01-13,11.1
1,1995-01-16,11.14
1,1995-01-17,11.79
1,1995-01-18,11.57
1,1995-01-19,11.86
1,1995-01-20,12.15
1,1995-01-23,12.79
1,1995-01-24,11.94
1,1995-01-25,11.46
1,1995-01-26,11.25
1,1995-01-27,11.25
1,1995-01-30,12.26
1,1995-01-31,11.96
1,1995-02-01,11.73
1,1995-02-02,11.13
1,1995-02-03,10.98
1,1995-02-06,11.22
1,1995-02-07,11.17
1,1995-02-08,11.42
1,1995-02-09,11.63
1,1995-02-10,11.28
1,1995-02-13,11.41
1,1995-02-14,11.43
1,1995-02-15,11.52
1,1995-02-16,11.61
1,1995-02-17,11.71
1,1995-02-21,12.05
1,1995-02-22,11.39
1,1995-02-23,11.15
1,1995-02-24,10.84
1,1995-02-27,12.51
1,1995-02-28,11.75
1,1995-03-01,11.65
1,1995-03-02,12.02
1,1995-03-03,11.45
1,1995-03-06,12.17
1,1995-03-07,14.22
1,1995-03-08,13.72
1,1995-03-09,13.36
1,1995-03-10,12.38
1,1995-03-13,12.15
1,1995-03-14,12.1
1,1995-03-15,12.42
1,1995-03-16,11.95
1,1995-03-17,11.8
1,1995-03-20,11.34
1,1995-03-21,11.53
1,1995-03-22,11.29
1,1995-03-23,11.43
1,1995-03-24,11.19
1,1995-03-27,11.83
1,1995-03-28,11.33
1,1995-03-29,12.51
1,1995-03-30,12.62
1,1995-03-31,13.37
1,1995-04-03,13.5
1,1995-04-04,12.62
1,1995-04-05,12.96
1,1995-04-06,12.81
1,1995-04-07,12.85
1,1995-04-10,12.79
1,1995-04-11,12.73
1,1995-04-12,12.04
1,1995-04-13,11.48
1,1995-04-17,12.33
1,1995-04-18,12.96
1,1995-04-19,13.09
1,1995-04-20,12.1
1,1995-04-21,11.86
1,1995-04-24,11.92
1,1995-04-25,12.41
1,1995-04-26,12.28
1,1995-04-27,11.93
1,1995-04-28,11.75
1,1995-05-01,12.14
1,1995-05-02,11.88
1,1995-05-03,11.69
1,1995-05-04,12.64
1,1995-05-05,12.06
1,1995-05-08,12.22
1,1995-05-09,12.75
1,1995-05-10,13.08
1,1995-05-11,12.98
1,1995-05-12,11.84
1,1995-05-15,12.38
1,1995-05-16,12.2
1,1995-05-17,12.36
1,1995-05-18,13.13
1,1995-05-19,12.81
1,1995-05-22,11.68
1,1995-05-23,11.55
1,1995-05-24,11.26
1,1995-05-25,11.63
1,1995-05-26,12.2
1,1995-05-30,12.52
1,1995-05-31,12.85
1,1995-06-01,12.21
1,1995-06-02,12.98
1,1995-06-05,13.45
1,1995-06-06,13
1,1995-06-07,12.84
1,1995-06-08,12.89
1,1995-06-09,12.76
1,1995-06-12,11.91
1,1995-06-13,11.29
1,1995-06-14,11.29
1,1995-06-15,11.23
1,1995-06-16,10.75
1,1995-06-19,11.21
1,1995-06-20,11.16
1,1995-06-21,11.32
1,1995-06-22,11.44
1,1995-06-23,11.12
1,1995-06-26,11.8
1,1995-06-27,12.37
1,1995-06-28,11.74
1,1995-06-29,11.59
1,1995-06-30,11.38
1,1995-07-03,11.57
1,1995-07-05,12.1
1,1995-07-06,11.52
1,1995-07-07,11.77
1,1995-07-10,12.19
1,1995-07-11,12.25
1,1995-07-12,12.31
1,1995-07-13,12.56
1,1995-07-14,12.08
1,1995-07-17,12.26
1,1995-07-18,12.68
1,1995-07-19,13.49
1,1995-07-20,12.78
1,1995-07-21,12.37
1,1995-07-24,12.55
1,1995-07-25,12.77
1,1995-07-26,13.18
1,1995-07-27,13.18
1,1995-07-28,13.18
1,1995-07-31,13.49
1,1995-08-01,13.56
1,1995-08-02,13.66
1,1995-08-03,13.78
1,1995-08-04,13.21
1,1995-08-07,13.1
1,1995-08-08,13.06
1,1995-08-09,12.75
1,1995-08-10,13
1,1995-08-11,12.9
1,1995-08-14,13.24
1,1995-08-15,12.35
1,1995-08-16,12.45
1,1995-08-17,12.13
1,1995-08-18,12.03
1,1995-08-21,13.42
1,1995-08-22,12.6
1,1995-08-23,13.17
1,1995-08-24,12.94
1,1995-08-25,12.33
1,1995-08-28,12.48
1,1995-08-29,12.65
1,1995-08-30,12.03
1,1995-08-31,11.52
1,1995-09-01,11.29
1,1995-09-05,11.65
1,1995-09-06,11.65
1,1995-09-07,11.85
1,1995-09-08,11.16
1,1995-09-11,11.51
1,1995-09-12,11.46
1,1995-09-13,11.35
1,1995-09-14,11.1
1,1995-09-15,11.58
1,1995-09-18,12.34
1,1995-09-19,12.67
1,1995-09-20,12.35
1,1995-09-21,12.5
1,1995-09-22,12.46
1,1995-09-25,13.22
1,1995-09-26,12.9
1,1995-09-27,12.9
1,1995-09-28,12.46
1,1995-09-29,12.74
1,1995-10-02,13.95
1,1995-10-03,14.5
1,1995-10-04,14.86
1,1995-10-05,15.74
1,1995-10-06,13.98
1,1995-10-09,14.85
1,1995-10-10,14.97
1,1995-10-11,14.57
1,1995-10-12,14.24
1,1995-10-13,13.67
1,1995-10-16,14.62
1,1995-10-17,14.03
1,1995-10-18,14.05
1,1995-10-19,13.55
1,1995-10-20,13.46
1,1995-10-23,14.17
1,1995-10-24,13.85
1,1995-10-25,14.49
1,1995-10-26,15.59
1,1995-10-27,14.63
1,1995-10-30,14.26
1,1995-10-31,13.83
1,1995-11-01,13.41
1,1995-11-02,13.19
1,1995-11-03,12.26
1,1995-11-06,12.74
1,1995-11-07,13.05
1,1995-11-08,12.16
1,1995-11-09,12.46
1,1995-11-10,12.97
1,1995-11-13,13.2
1,1995-11-14,13.38
1,1995-11-15,12.95
1,1995-11-16,12.57
1,1995-11-17,12.49
1,1995-11-20,12.37
1,1995-11-21,11.74
1,1995-11-22,11.81
1,1995-11-24,11.87
1,1995-11-27,12.43
1,1995-11-28,11.57
1,1995-11-29,11.65
1,1995-11-30,11.58
1,1995-12-01,11.11
1,1995-12-04,10.66
1,1995-12-05,11.65
1,1995-12-06,12.7
1,1995-12-07,12.74
1,1995-12-08,11.12
1,1995-12-11,11.06
1,1995-12-12,10.63
1,1995-12-13,10.36
1,1995-12-14,11.07
1,1995-12-15,11.44
1,1995-12-18,14.55
1,1995-12-19,13.16
1,1995-12-20,12.2
1,1995-12-21,10.77
1,1995-12-22,11.51
1,1995-12-26,11.49
1,1995-12-27,11.98
1,1995-12-28,12.25
1,1995-12-29,12.52
1,1996-01-02,12.19
1,1996-01-03,12.1
1,1996-01-04,13.78
1,1996-01-05,13.58
1,1996-01-08,13.11
1,1996-01-09,15.21
1,1996-01-10,16.4
1,1996-01-11,14.69
1,1996-01-12,14.23
1,1996-01-15,14.99
1,1996-01-16,14.09
1,1996-01-17,14.25
1,1996-01-18,13.58
1,1996-01-19,12.7
1,1996-01-22,13.34
1,1996-01-23,13.56
1,1996-01-24,12.54
1,1996-01-25,12.94
1,1996-01-26,12
1,1996-01-29,12.19
1,1996-01-30,12.42
1,1996-01-31,12.53
1,1996-02-01,12.65
1,1996-02-02,13.23
1,1996-02-05,13.46
1,1996-02-06,14.59
1,1996-02-07,14.11
1,1996-02-08,13.89
1,1996-02-09,14.63
1,1996-02-12,14.69
1,1996-02-13,14.94
1,1996-02-14,15.59
1,1996-02-15,16.13
1,1996-02-16,15.37
1,1996-02-20,16.8
1,1996-02-21,14.47
1,1996-02-22,14.56
1,1996-02-23,14.78
1,1996-02-26,16.38
1,1996-02-27,16.63
1,1996-02-28,16.72
1,1996-02-29,17.04
1,1996-03-01,16.72
1,1996-03-04,16.67
1,1996-03-05,16.1
1,1996-03-06,16.56
1,1996-03-07,16.49
1,1996-03-08,20.7
1,1996-03-11,19.4
1,1996-03-12,19.09
1,1996-03-13,18.13
1,1996-03-14,16.93
1,1996-03-15,16.54
1,1996-03-18,17.31
1,1996-03-19,18.35
1,1996-03-20,18.66
1,1996-03-21,17.74
1,1996-03-22,17.05
1,1996-03-25,17.84
1,1996-03-26,17.8
1,1996-03-27,17.89
1,1996-03-28,18.16
1,1996-03-29,18.88
1,1996-04-01,17.9
1,1996-04-02,16.45
1,1996-04-03,16.33
1,1996-04-04,16.18
1,1996-04-08,18.72
1,1996-04-09,17.32
1,1996-04-10,20.22
1,1996-04-11,19.65
1,1996-04-12,17.38
1,1996-04-15,16.83
1,1996-04-16,16.45
1,1996-04-17,17.07
1,1996-04-18,16.41
1,1996-04-19,15.12
1,1996-04-22,15.38
1,1996-04-23,15.01
1,1996-04-24,14.91
1,1996-04-25,14.72
1,1996-04-26,14.75
1,1996-04-29,15.45
1,1996-04-30,15.83
1,1996-05-01,16.07
1,1996-05-02,18.62
1,1996-05-03,16.7
1,1996-05-06,16.92
1,1996-05-07,16.87
1,1996-05-08,15.78
1,1996-05-09,16.99
1,1996-05-10,15.61
1,1996-05-13,15.16
1,1996-05-14,14.9
1,1996-05-15,15.59
1,1996-05-16,15.71
1,1996-05-17,15.13
1,1996-05-20,15.8
1,1996-05-21,16
1,1996-05-22,15.5
1,1996-05-23,16.17
1,1996-05-24,15.54
1,1996-05-28,16.92
1,1996-05-29,17.15
1,1996-05-30,16.02
1,1996-05-31,16.07
1,1996-06-03,16.86
1,1996-06-04,16.18
1,1996-06-05,16.04
1,1996-06-06,16.84
1,1996-06-07,16.1
1,1996-06-10,16.78
1,1996-06-11,16.68
1,1996-06-12,17
1,1996-06-13,17.12
1,1996-06-14,18.64
1,1996-06-17,17.46
1,1996-06-18,17.45
1,1996-06-19,17.54
1,1996-06-20,16.97
1,1996-06-21,15.8
1,1996-06-24,15.91
1,1996-06-25,15.43
1,1996-06-26,15.23
1,1996-06-27,14.19
1,1996-06-28,13.68
1,1996-07-01,13.78
1,1996-07-02,14.19
1,1996-07-03,14.21
1,1996-07-05,16.09
1,1996-07-08,16.42
1,1996-07-09,15.49
1,1996-07-10,15.51
1,1996-07-11,17.81
1,1996-07-12,17.09
1,1996-07-15,20.11
1,1996-07-16,20.1
1,1996-07-17,19.22
1,1996-07-18,17.93
1,1996-07-19,17.26
1,1996-07-22,20.41
1,1996-07-23,21.55
1,1996-07-24,21.44
1,1996-07-25,19.39
1,1996-07-26,17.45
1,1996-07-29,20.09
1,1996-07-30,20.53
1,1996-07-31,19.46
1,1996-08-01,18.76
1,1996-08-02,16.19
1,1996-08-05,17.36
1,1996-08-06,16.93
1,1996-08-07,16.24
1,1996-08-08,16.04
1,1996-08-09,15.77
1,1996-08-12,15.57
1,1996-08-13,16.41
1,1996-08-14,15.96
1,1996-08-15,15.46
1,1996-08-16,14.81
1,1996-08-19,15.27
1,1996-08-20,14.73
1,1996-08-21,14.52
1,1996-08-22,13.71
1,1996-08-23,14.18
1,1996-08-26,15.38
1,1996-08-27,15.11
1,1996-08-28,15.1
1,1996-08-29,16.22
1,1996-08-30,17.01
1,1996-09-03,18.47
1,1996-09-04,18.64
1,1996-09-05,20.51
1,1996-09-06,17.1
1,1996-09-09,16.36
1,1996-09-10,16.25
1,1996-09-11,16.06
1,1996-09-12,15.97
1,1996-09-13,15.2
1,1996-09-16,15.43
1,1996-09-17,15.74
1,1996-09-18,15.86
1,1996-09-19,16.03
1,1996-09-20,15.65
1,1996-09-23,16.46
1,1996-09-24,16.45
1,1996-09-25,16.22
1,1996-09-26,16.11
1,1996-09-27,16.1
1,1996-09-30,16.95
1,1996-10-01,17.05
1,1996-10-02,16.78
1,1996-10-03,16.77
1,1996-10-04,14.8
1,1996-10-07,15.11
1,1996-10-08,15.58
1,1996-10-09,16.09
1,1996-10-10,16.26
1,1996-10-11,15.07
1,1996-10-14,15.13
1,1996-10-15,15.83
1,1996-10-16,15.6
1,1996-10-17,15.41
1,1996-10-18,15.08
1,1996-10-21,15.98
1,1996-10-22,16.4
1,1996-10-23,16.45
1,1996-10-24,16.89
1,1996-10-25,17.29
1,1996-10-28,18.34
1,1996-10-29,18.28
1,1996-10-30,18.48
1,1996-10-31,18.11
1,1996-11-01,17.89
1,1996-11-04,18.04
1,1996-11-05,17.65
1,1996-11-06,16.97
1,1996-11-07,17.21
1,1996-11-08,15.78
1,1996-11-11,14.04
1,1996-11-12,15.36
1,1996-11-13,14.89
1,1996-11-14,13.79
1,1996-11-15,14.36
1,1996-11-18,15.12
1,1996-11-19,15.23
1,1996-11-20,15.94
1,1996-11-21,15.77
1,1996-11-22,14.92
1,1996-11-25,15.91
1,1996-11-26,16.97
1,1996-11-27,16.96
1,1996-11-29,17.14
1,1996-12-02,17.93
1,1996-12-03,18.68
1,1996-12-04,17.93
1,1996-12-05,18.14
1,1996-12-06,18.82
1,1996-12-09,17.75
1,1996-12-10,17.88
1,1996-12-11,19.68
1,1996-12-12,20.45
1,1996-12-13,21.09
1,1996-12-16,21.99
1,1996-12-17,20.77
1,1996-12-18,19.42
1,1996-12-19,18.77
1,1996-12-20,18.85
1,1996-12-23,19.5
1,1996-12-24,18.68
1,1996-12-26,18.59
1,1996-12-27,19.13
1,1996-12-30,19.51
1,1996-12-31,20.92
1,1997-01-02,21.14
1,1997-01-03,19.13
1,1997-01-06,19.89
1,1997-01-07,19.35
1,1997-01-08,20.24
1,1997-01-09,20.91
1,1997-01-10,19.63
1,1997-01-13,19.84
1,1997-01-14,19.27
1,1997-01-15,19.4
1,1997-01-16,19.61
1,1997-01-17,18.63
1,1997-01-20,18.6
1,1997-01-21,17.81
1,1997-01-22,17.09
1,1997-01-23,18.47
1,1997-01-24,19.33
1,1997-01-27,20.16
1,1997-01-28,20.74
1,1997-01-29,20.23
1,1997-01-30,19.47
1,1997-02-03,19.58
1,1997-02-04,19.43
1,1997-02-05,21.06
1,1997-02-06,20.16
1,1997-02-07,18.9
1,1997-02-10,20.65
1,1997-02-11,19.97
1,1997-02-12,19.48
1,1997-02-13,19.23
1,1997-02-14,19.18
1,1997-02-18,19.7
1,1997-02-19,20.61
1,1997-02-20,21.41
1,1997-02-21,20.55
1,1997-02-24,19.84
1,1997-02-25,19.98
1,1997-02-26,20.74
1,1997-02-27,21.08
1,1997-02-28,21.1
1,1997-03-03,20.89
1,1997-03-04,20.62
1,1997-03-05,19.49
1,1997-03-06,20.48
1,1997-03-07,19.32
1,1997-03-10,19
1,1997-03-11,19.25
1,1997-03-12,19.61
1,1997-03-13,19.79
1,1997-03-14,19.81
1,1997-03-17,20.95
1,1997-03-18,21.26
1,1997-03-19,21.74
1,1997-03-20,21.22
1,1997-03-21,19.69
1,1997-03-24,20.06
1,1997-03-25,19.26
1,1997-03-26,18.32
1,1997-03-27,20.5
1,1997-03-31,22.14
1,1997-04-01,20.84
1,1997-04-02,21.3
1,1997-04-03,21.19
1,1997-04-04,19.23
1,1997-04-07,18.51
1,1997-04-08,18.44
1,1997-04-09,18.56
1,1997-04-10,19.01
1,1997-04-11,19.76
1,1997-04-14,19.09
1,1997-04-15,18.25
1,1997-04-16,17.64
1,1997-04-17,18.71
1,1997-04-18,18.75
1,1997-04-21,20.1
1,1997-04-22,19.52
1,1997-04-23,20.48
1,1997-04-24,20.83
1,1997-04-25,21.15
1,1997-04-28,21.34
1,1997-04-29,19.81
1,1997-04-30,20.06
1,1997-05-01,19.87
1,1997-05-02,17.51
1,1997-05-05,20.13
1,1997-05-06,20.85
1,1997-05-07,21.34
1,1997-05-08,21.26
1,1997-05-09,20.11
1,1997-05-12,20.25
1,1997-05-13,20.81
1,1997-05-14,21.09
1,1997-05-15,19.91
1,1997-05-16,21.57
1,1997-05-19,21.48
1,1997-05-20,19.26
1,1997-05-21,19.28
1,1997-05-22,18.77
1,1997-05-23,18.08
1,1997-05-27,19.36
1,1997-05-28,19.28
1,1997-05-29,19.02
1,1997-05-30,19.19
1,1997-06-02,20.85
1,1997-06-03,20.01
1,1997-06-04,20.1
1,1997-06-05,20.36
1,1997-06-06,18.94
1,1997-06-09,19.46
1,1997-06-10,19.04
1,1997-06-11,18.85
1,1997-06-12,18.51
1,1997-06-13,19.27
1,1997-06-16,19.77
1,1997-06-17,20.17
1,1997-06-18,20.45
1,1997-06-19,20.1
1,1997-06-20,20.2
1,1997-06-23,21.19
1,1997-06-24,20.74
1,1997-06-25,21.5
1,1997-06-26,21.82
1,1997-06-27,21.22
1,1997-06-30,21.53
1,1997-07-01,21
1,1997-07-02,19.7
1,1997-07-03,17.82
1,1997-07-07,19.13
1,1997-07-08,18.76
1,1997-07-09,20.4
1,1997-07-10,19.92
1,1997-07-11,19.06
1,1997-07-14,19.58
1,1997-07-15,19
1,1997-07-16,19.36
1,1997-07-17,20.54
1,1997-07-18,22.28
1,1997-07-21,23.51
1,1997-07-22,21.77
1,1997-07-23,21.3
1,1997-07-24,20.96
1,1997-07-25,20.82
1,1997-07-28,21.84
1,1997-07-29,22.02
1,1997-07-30,21.39
1,1997-07-31,21.48
1,1997-08-01,22.29
1,1997-08-04,21.94
1,1997-08-05,20.64
1,1997-08-06,20.05
1,1997-08-07,19.77
1,1997-08-08,22.46
1,1997-08-11,22.77
1,1997-08-12,23.75
1,1997-08-13,24.52
1,1997-08-14,23.11
1,1997-08-15,24.45
1,1997-08-18,24.37
1,1997-08-19,22.64
1,1997-08-20,21.09
1,1997-08-21,23.83
1,1997-08-22,24.74
1,1997-08-25,24.1
1,1997-08-26,24.73
1,1997-08-27,24.26
1,1997-08-28,24.51
1,1997-08-29,24.76
1,1997-09-02,24.53
1,1997-09-03,24.95
1,1997-09-04,25.27
1,1997-09-05,24.31
1,1997-09-08,24.4
1,1997-09-09,23.89
1,1997-09-10,24.64
1,1997-09-11,25.99
1,1997-09-12,25.17
1,1997-09-15,25.74
1,1997-09-16,23.77
1,1997-09-17,24.1
1,1997-09-18,23.48
1,1997-09-19,22.74
1,1997-09-22,22.08
1,1997-09-23,22
1,1997-09-24,22.64
1,1997-09-25,22.96
1,1997-09-26,22.26
1,1997-09-29,22.23
1,1997-09-30,22.91
1,1997-10-01,22.32
1,1997-10-02,22.27
1,1997-10-03,21.54
1,1997-10-06,21.61
1,1997-10-07,20.29
1,1997-10-08,20.77
1,1997-10-09,22.31
1,1997-10-10,19.75
1,1997-10-13,20.26
1,1997-10-14,19.99
1,1997-10-15,20.05
1,1997-10-16,20.53
1,1997-10-17,21.69
1,1997-10-20,20.72
1,1997-10-21,19.53
1,1997-10-22,19.86
1,1997-10-23,22.99
1,1997-10-24,23.17
1,1997-10-27,31.12
1,1997-10-28,31.22
1,1997-10-29,33.75
1,1997-10-30,38.2
1,1997-10-31,35.09
1,1997-11-03,32.09
1,1997-11-04,32.24
1,1997-11-05,32.18
1,1997-11-06,32.57
1,1997-11-07,36.27
1,1997-11-10,36.63
1,1997-11-11,36.38
1,1997-11-12,37.84
1,1997-11-13,36.64
1,1997-11-14,33.66
1,1997-11-17,31.58
1,1997-11-18,31.55
1,1997-11-19,29.93
1,1997-11-20,27.32
1,1997-11-21,26.65
1,1997-11-24,29.8
1,1997-11-25,28.95
1,1997-11-28,27.43
1,1997-12-01,26.01
1,1997-12-02,25.66
1,1997-12-03,23.92
1,1997-12-04,23.84
1,1997-12-05,22.65
1,1997-12-08,23.22
1,1997-12-09,23.36
1,1997-12-10,24.55
1,1997-12-11,27.63
1,1997-12-12,27.92
1,1997-12-15,27.37
1,1997-12-16,26.11
1,1997-12-17,26.33
1,1997-12-18,27.19
1,1997-12-19,29.18
1,1997-12-22,28.56
1,1997-12-23,29.86
1,1997-12-24,30.27
1,1997-12-26,29.27
1,1997-12-29,26.79
1,1997-12-30,24.38
1,1997-12-31,24.01
1,1998-01-02,23.42
1,1998-01-05,24.36
1,1998-01-06,25.66
1,1998-01-07,25.07
1,1998-01-08,26.01
1,1998-01-09,28.69
1,1998-01-12,28.02
1,1998-01-13,25.17
1,1998-01-14,23.75
1,1998-01-15,23.45
1,1998-01-16,21.65
1,1998-01-20,21.65
1,1998-01-21,22.53
1,1998-01-22,23.16
1,1998-01-23,23.32
1,1998-01-26,23.97
1,1998-01-27,22.27
1,1998-01-28,22.06
1,1998-01-29,21.65
1,1998-01-30,21.47
1,1998-02-02,21.36
1,1998-02-03,20.67
1,1998-02-04,20.55
1,1998-02-05,21.29
1,1998-02-06,20.51
1,1998-02-09,21.55
1,1998-02-10,20.66
1,1998-02-11,20.38
1,1998-02-12,19.73
1,1998-02-13,19.84
1,1998-02-17,20.76
1,1998-02-18,19.66
1,1998-02-19,19.88
1,1998-02-20,19
1,1998-02-23,18.99
1,1998-02-24,19.35
1,1998-02-25,18.62
1,1998-02-26,18.63
1,1998-02-27,18.55
1,1998-03-02,19.19
1,1998-03-03,19.04
1,1998-03-04,19.58
1,1998-03-05,20.93
1,1998-03-06,19.14
1,1998-03-09,20.23
1,1998-03-10,19.43
1,1998-03-11,18.89
1,1998-03-12,18.25
1,1998-03-13,18.71
1,1998-03-16,18.51
1,1998-03-17,18.66
1,1998-03-18,18.29
1,1998-03-19,17.76
1,1998-03-20,18.69
1,1998-03-23,19.98
1,1998-03-24,20.51
1,1998-03-25,22.54
1,1998-03-26,22.81
1,1998-03-27,23.47
1,1998-03-30,24.66
1,1998-03-31,24.22
1,1998-04-01,23.37
1,1998-04-02,21.98
1,1998-04-03,21.82
1,1998-04-06,22.47
1,1998-04-07,23.66
1,1998-04-08,23.17
1,1998-04-09,21.51
1,1998-04-13,22.77
1,1998-04-14,21.61
1,1998-04-15,20.89
1,1998-04-16,22.06
1,1998-04-17,20.76
1,1998-04-20,20.39
1,1998-04-21,19.91
1,1998-04-22,19.44
1,1998-04-23,20.6
1,1998-04-24,21.97
1,1998-04-27,26.09
1,1998-04-28,24.17
1,1998-04-29,22.78
1,1998-04-30,21.18
1,1998-05-01,19.34
1,1998-05-04,20.32
1,1998-05-05,21.46
1,1998-05-06,22.79
1,1998-05-07,23.39
1,1998-05-08,20.57
1,1998-05-11,21.05
1,1998-05-12,20.98
1,1998-05-13,20.44
1,1998-05-14,19.64
1,1998-05-15,20.44
1,1998-05-18,21.69
1,1998-05-19,20.39
1,1998-05-20,19.89
1,1998-05-21,19.38
1,1998-05-22,18.99
1,1998-05-26,22.07
1,1998-05-27,22.59
1,1998-05-28,20.74
1,1998-05-29,21.32
1,1998-06-01,22.83
1,1998-06-02,22
1,1998-06-03,22.85
1,1998-06-04,21.22
1,1998-06-05,19.78
1,1998-06-08,20.58
1,1998-06-09,20.52
1,1998-06-10,21.48
1,1998-06-11,23.57
1,1998-06-12,22.78
1,1998-06-15,25.94
1,1998-06-16,24.8
1,1998-06-17,22.89
1,1998-06-18,22.4
1,1998-06-19,21.92
1,1998-06-22,21.94
1,1998-06-23,20.17
1,1998-06-24,20.02
1,1998-06-25,20.25
1,1998-06-26,19.36
1,1998-06-29,19.57
1,1998-06-30,19.71
1,1998-07-01,18
1,1998-07-02,17.67
1,1998-07-06,18.63
1,1998-07-07,18.62
1,1998-07-08,17.82
1,1998-07-09,18.16
1,1998-07-10,17.92
1,1998-07-13,18.26
1,1998-07-14,17.88
1,1998-07-15,17.89
1,1998-07-16,16.97
1,1998-07-17,16.23
1,1998-07-20,17.34
1,1998-07-21,20.1
1,1998-07-22,20.32
1,1998-07-23,23.01
1,1998-07-24,23.01
1,1998-07-27,23.13
1,1998-07-28,25.25
1,1998-07-29,24.79
1,1998-07-30,22.66
1,1998-07-31,24.8
1,1998-08-03,25.98
1,1998-08-04,31.06
1,1998-08-05,29.83
1,1998-08-06,28.2
1,1998-08-07,27.02
1,1998-08-10,28.75
1,1998-08-11,31.91
1,1998-08-12,28.55
1,1998-08-13,29.92
1,1998-08-14,34.34
1,1998-08-17,31.86
1,1998-08-18,28.4
1,1998-08-19,28.69
1,1998-08-20,30
1,1998-08-21,33.14
1,1998-08-24,31.8
1,1998-08-25,30.33
1,1998-08-26,31.14
1,1998-08-27,38.55
1,1998-08-28,39.6
1,1998-08-31,44.28
1,1998-09-01,36.48
1,1998-09-02,36.76
1,1998-09-03,41.43
1,1998-09-04,43.31
1,1998-09-08,37.9
1,1998-09-09,39.66
1,1998-09-10,45.29
1,1998-09-11,43.74
1,1998-09-14,38.57
1,1998-09-15,36.58
1,1998-09-16,35.94
1,1998-09-17,39.23
1,1998-09-18,38.63
1,1998-09-21,38.58
1,1998-09-22,36.62
1,1998-09-23,32.47
1,1998-09-24,34.66
1,1998-09-25,34.55
1,1998-09-28,34.87
1,1998-09-29,36.08
1,1998-09-30,40.95
1,1998-10-01,43.48
1,1998-10-02,40.47
1,1998-10-05,42.81
1,1998-10-06,41.2
1,1998-10-07,43.51
1,1998-10-08,45.74
1,1998-10-09,42.2
1,1998-10-12,40.07
1,1998-10-13,40.23
1,1998-10-14,38.96
1,1998-10-15,33.34
1,1998-10-16,34.82
1,1998-10-19,33.13
1,1998-10-20,33.11
1,1998-10-21,33.21
1,1998-10-22,31.53
1,1998-10-23,32.27
1,1998-10-26,32.38
1,1998-10-27,32.95
1,1998-10-28,32.42
1,1998-10-29,29.5
1,1998-10-30,28.05
1,1998-11-02,27.26
1,1998-11-03,27.76
1,1998-11-04,27.37
1,1998-11-05,26.01
1,1998-11-06,25.7
1,1998-11-09,28.09
1,1998-11-10,28.17
1,1998-11-11,28.47
1,1998-11-12,29.28
1,1998-11-13,29.03
1,1998-11-16,28.9
1,1998-11-17,27.95
1,1998-11-18,27.13
1,1998-11-19,25.5
1,1998-11-20,22.47
1,1998-11-23,21.84
1,1998-11-24,23.28
1,1998-11-25,22.15
1,1998-11-27,22.09
1,1998-11-30,26.01
1,1998-12-01,24.97
1,1998-12-02,25.43
1,1998-12-03,28.7
1,1998-12-04,25.31
1,1998-12-07,24.9
1,1998-12-08,25.58
1,1998-12-09,25.66
1,1998-12-10,26.81
1,1998-12-11,27.72
1,1998-12-14,31.31
1,1998-12-15,29.42
1,1998-12-16,29.96
1,1998-12-17,27.96
1,1998-12-18,25.04
1,1998-12-21,23.86
1,1998-12-22,22.78
1,1998-12-23,20.21
1,1998-12-24,21.48
1,1998-12-28,23.5
1,1998-12-29,22.18
1,1998-12-30,23.34
1,1998-12-31,24.42
1,1999-01-04,26.17
1,1999-01-05,24.46
1,1999-01-06,23.34
1,1999-01-07,24.37
1,1999-01-08,23.28
1,1999-01-11,25.46
1,1999-01-12,28.1
1,1999-01-13,30.11
1,1999-01-14,32.98
1,1999-01-15,29.24
1,1999-01-19,29.24
1,1999-01-20,28.6
1,1999-01-21,30.92
1,1999-01-22,31.95
1,1999-01-25,31.13
1,1999-01-26,29.23
1,1999-01-27,29.73
1,1999-01-28,28.11
1,1999-01-29,26.25
1,1999-02-01,27.67
1,1999-02-02,28.16
1,1999-02-03,27.88
1,1999-02-04,29.48
1,1999-02-05,29.67
1,1999-02-08,30.27
1,1999-02-09,31.36
1,1999-02-10,30.45
1,1999-02-11,27.42
1,1999-02-12,29.76
1,1999-02-16,29.65
1,1999-02-17,30.65
1,1999-02-18,30.45
1,1999-02-19,29.3
1,1999-02-22,25.87
1,1999-02-23,26.49
1,1999-02-24,27.21
1,1999-02-25,28.01
1,1999-02-26,27.88
1,1999-03-01,28.37
1,1999-03-02,29.22
1,1999-03-03,29.04
1,1999-03-04,26.67
1,1999-03-05,24.08
1,1999-03-08,24.54
1,1999-03-09,25.02
1,1999-03-10,24.79
1,1999-03-11,24.37
1,1999-03-12,24.84
1,1999-03-15,25.24
1,1999-03-16,25.15
1,1999-03-17,25.57
1,1999-03-18,24.13
1,1999-03-19,24.32
1,1999-03-22,25
1,1999-03-23,27.27
1,1999-03-24,26.6
1,1999-03-25,24.33
1,1999-03-26,24.04
1,1999-03-29,23.54
1,1999-03-30,22.73
1,1999-03-31,23.26
1,1999-04-01,22.06
1,1999-04-05,22.19
1,1999-04-06,22.65
1,1999-04-07,22.81
1,1999-04-08,22.59
1,1999-04-09,21.77
1,1999-04-12,21.93
1,1999-04-13,22.73
1,1999-04-14,24.94
1,1999-04-15,23.93
1,1999-04-16,23.9
1,1999-04-19,26.42
1,1999-04-20,25.02
1,1999-04-21,23.31
1,1999-04-22,22.62
1,1999-04-23,22.76
1,1999-04-26,23.53
1,1999-04-27,23.36
1,1999-04-28,24.4
1,1999-04-29,25.06
1,1999-04-30,25.07
1,1999-05-03,24.15
1,1999-05-04,25.62
1,1999-05-05,25.19
1,1999-05-06,27.44
1,1999-05-07,25.36
1,1999-05-10,26.62
1,1999-05-11,25.62
1,1999-05-12,26.13
1,1999-05-13,25.02
1,1999-05-14,26.86
1,1999-05-17,27.28
1,1999-05-18,27.26
1,1999-05-19,25.08
1,1999-05-20,24.46
1,1999-05-21,24.4
1,1999-05-24,27.62
1,1999-05-25,28.9
1,1999-05-26,27.57
1,1999-05-27,28.12
1,1999-05-28,25.39
1,1999-06-01,26.62
1,1999-06-02,26.21
1,1999-06-03,26.2
1,1999-06-04,23.43
1,1999-06-07,23.78
1,1999-06-08,24.02
1,1999-06-09,23.9
1,1999-06-10,25.32
1,1999-06-11,25.9
1,1999-06-14,26.51
1,1999-06-15,25.91
1,1999-06-16,22.4
1,1999-06-17,21.95
1,1999-06-18,21.75
1,1999-06-21,21.81
1,1999-06-22,21.7
1,1999-06-23,21.32
1,1999-06-24,23.06
1,1999-06-25,21.76
1,1999-06-28,22.63
1,1999-06-29,22.51
1,1999-06-30,21.09
1,1999-07-01,19.69
1,1999-07-02,18.66
1,1999-07-06,20.73
1,1999-07-07,20.35
1,1999-07-08,20.24
1,1999-07-09,17.96
1,1999-07-12,19.73
1,1999-07-13,19.95
1,1999-07-14,19.71
1,1999-07-15,18.68
1,1999-07-16,17.42
1,1999-07-19,19.07
1,1999-07-20,21.79
1,1999-07-21,21.46
1,1999-07-22,23.05
1,1999-07-23,23.32
1,1999-07-26,24.98
1,1999-07-27,23.23
1,1999-07-28,22.85
1,1999-07-29,24.52
1,1999-07-30,24.64
1,1999-08-02,25.59
1,1999-08-03,26.27
1,1999-08-04,27.4
1,1999-08-05,27.01
1,1999-08-06,26.6
1,1999-08-09,27.66
1,1999-08-10,28.45
1,1999-08-11,25.39
1,1999-08-12,25.03
1,1999-08-13,22.31
1,1999-08-16,23.07
1,1999-08-17,21.67
1,1999-08-18,23.3
1,1999-08-19,24.39
1,1999-08-20,22.95
1,1999-08-23,22.55
1,1999-08-24,22.4
1,1999-08-25,20.96
1,1999-08-26,21.21
1,1999-08-27,21.83
1,1999-08-30,24.63
1,1999-08-31,24.45
1,1999-09-01,22.93
1,1999-09-02,24.53
1,1999-09-03,20.98
1,1999-09-07,23.44
1,1999-09-08,23.82
1,1999-09-09,23.01
1,1999-09-10,22.03
1,1999-09-13,22.89
1,1999-09-14,23.77
1,1999-09-15,24.56
1,1999-09-16,25.25
1,1999-09-17,23.3
1,1999-09-20,24.03
1,1999-09-21,25.65
1,1999-09-22,25.19
1,1999-09-23,27.84
1,1999-09-24,27.79
1,1999-09-27,26.4
1,1999-09-28,26.06
1,1999-09-29,26.49
1,1999-09-30,25.41
1,1999-10-01,24.93
1,1999-10-04,24.46
1,1999-10-05,24.79
1,1999-10-06,22.06
1,1999-10-07,23.58
1,1999-10-08,20.49
1,1999-10-11,20.63
1,1999-10-12,22.84
1,1999-10-13,25.96
1,1999-10-14,26.05
1,1999-10-15,28.75
1,1999-10-18,28.19
1,1999-10-19,26.56
1,1999-10-20,23.9
1,1999-10-21,24.02
1,1999-10-22,21.64
1,1999-10-25,23.6
1,1999-10-26,24.26
1,1999-10-27,24.2
1,1999-10-28,21.34
1,1999-10-29,22.2
1,1999-11-01,22.09
1,1999-11-02,23.1
1,1999-11-03,23.16
1,1999-11-04,23
1,1999-11-05,21.66
1,1999-11-08,21.87
1,1999-11-09,22.7
1,1999-11-10,22.26
1,1999-11-11,22.07
1,1999-11-12,21.65
1,1999-11-15,22.74
1,1999-11-16,20.73
1,1999-11-17,20.96
1,1999-11-18,19.76
1,1999-11-19,19.11
1,1999-11-22,19.98
1,1999-11-23,21
1,1999-11-24,20.26
1,1999-11-26,22.33
1,1999-11-29,23.57
1,1999-11-30,24.18
1,1999-12-01,22.23
1,1999-12-02,21.77
1,1999-12-03,19.32
1,1999-12-06,20.58
1,1999-12-07,21.09
1,1999-12-08,21.25
1,1999-12-09,21.19
1,1999-12-10,21.48
1,1999-12-13,21.72
1,1999-12-14,23.06
1,1999-12-15,22.03
1,1999-12-16,21.91
1,1999-12-17,21.35
1,1999-12-20,23.78
1,1999-12-21,22.66
1,1999-12-22,22.43
1,1999-12-23,21.12
1,1999-12-27,23.07
1,1999-12-28,22.97
1,1999-12-29,23.09
1,1999-12-30,24.76
1,1999-12-31,24.64
1,2000-01-03,24.21
1,2000-01-04,27.01
1,2000-01-05,26.41
1,2000-01-06,25.73
1,2000-01-07,21.72
1,2000-01-10,21.71
1,2000-01-11,22.5
1,2000-01-12,22.84
1,2000-01-13,21.71
1,2000-01-14,19.66
1,2000-01-18,21.5
1,2000-01-19,21.72
1,2000-01-20,21.75
1,2000-01-21,20.82
1,2000-01-24,24.07
1,2000-01-25,23.02
1,2000-01-26,23.03
1,2000-01-27,23.54
1,2000-01-28,26.14
1,2000-01-31,24.95
1,2000-02-01,23.45
1,2000-02-02,23.12
1,2000-02-03,22.01
1,2000-02-04,21.54
1,2000-02-07,22.79
1,2000-02-08,21.25
1,2000-02-09,22.9
1,2000-02-10,23.07
1,2000-02-11,24.42
1,2000-02-14,24.38
1,2000-02-15,22.92
1,2000-02-16,23.51
1,2000-02-17,23.17
1,2000-02-18,26
1,2000-02-22,25.86
1,2000-02-23,23.89
1,2000-02-24,24.38
1,2000-02-25,25.2
1,2000-02-28,24.68
1,2000-02-29,23.37
1,2000-03-01,21.64
1,2000-03-02,21.06
1,2000-03-03,19.21
1,2000-03-06,21.5
1,2000-03-07,24.31
1,2000-03-08,23.82
1,2000-03-09,22.21
1,2000-03-10,21.24
1,2000-03-13,22.85
1,2000-03-14,24.41
1,2000-03-15,22.34
1,2000-03-16,20.77
1,2000-03-17,22.37
1,2000-03-20,22.96
1,2000-03-21,21.7
1,2000-03-22,21.49
1,2000-03-23,22.26
1,2000-03-24,23.31
1,2000-03-27,24.53
1,2000-03-28,24.86
1,2000-03-29,24.1
1,2000-03-30,25.47
1,2000-03-31,24.11
1,2000-04-03,24.03
1,2000-04-04,27.12
1,2000-04-05,28.41
1,2000-04-06,27.15
1,2000-04-07,24.39
1,2000-04-10,25.99
1,2000-04-11,27.25
1,2000-04-12,28.98
1,2000-04-13,29.4
1,2000-04-14,33.49
1,2000-04-17,28.95
1,2000-04-18,26.12
1,2000-04-19,27.02
1,2000-04-20,25.85
1,2000-04-24,27.37
1,2000-04-25,25.24
1,2000-04-26,26.97
1,2000-04-27,26.19
1,2000-04-28,26.2
1,2000-05-01,25.88
1,2000-05-02,28.5
1,2000-05-03,31.63
1,2000-05-04,30.77
1,2000-05-05,27.53
1,2000-05-08,28.2
1,2000-05-09,28.93
1,2000-05-10,29.87
1,2000-05-11,27.76
1,2000-05-12,26.05
1,2000-05-15,24.86
1,2000-05-16,24.34
1,2000-05-17,23.98
1,2000-05-18,23.96
1,2000-05-19,25.44
1,2000-05-22,26
1,2000-05-23,25.87
1,2000-05-24,24.32
1,2000-05-25,24.58
1,2000-05-26,24.47
1,2000-05-30,23.62
1,2000-05-31,23.65
1,2000-06-01,22.36
1,2000-06-02,21.48
1,2000-06-05,22.71
1,2000-06-06,23.05
1,2000-06-07,22.48
1,2000-06-08,22.77
1,2000-06-09,22.14
1,2000-06-12,22.32
1,2000-06-13,21.67
1,2000-06-14,21.48
1,2000-06-15,20.68
1,2000-06-16,20.5
1,2000-06-19,20.63
1,2000-06-20,20.88
1,2000-06-21,20.61
1,2000-06-22,22
1,2000-06-23,22.34
1,2000-06-26,22.45
1,2000-06-27,21.8
1,2000-06-28,20.29
1,2000-06-29,19.7
1,2000-06-30,19.54
1,2000-07-03,19.83
1,2000-07-05,21.16
1,2000-07-06,20.94
1,2000-07-07,19.22
1,2000-07-10,20.33
1,2000-07-11,20.11
1,2000-07-12,20.03
1,2000-07-13,20.03
1,2000-07-14,19.32
1,2000-07-17,19.45
1,2000-07-18,19.75
1,2000-07-19,19.65
1,2000-07-20,18.94
1,2000-07-21,18.94
1,2000-07-24,19.92
1,2000-07-25,19.39
1,2000-07-26,19.67
1,2000-07-27,19.6
1,2000-07-28,20.84
1,2000-07-31,20.74
1,2000-08-01,20.55
1,2000-08-02,20
1,2000-08-03,19.99
1,2000-08-04,18.62
1,2000-08-07,19.03
1,2000-08-08,18.79
1,2000-08-09,19.18
1,2000-08-10,19.19
1,2000-08-11,18.55
1,2000-08-14,17.88
1,2000-08-15,17.98
1,2000-08-16,18.02
1,2000-08-17,17.48
1,2000-08-18,17.05
1,2000-08-21,17.35
1,2000-08-22,17.47
1,2000-08-23,17.38
1,2000-08-24,17.04
1,2000-08-25,16.53
1,2000-08-28,16.54
1,2000-08-29,16.89
1,2000-08-30,17.69
1,2000-08-31,16.84
1,2000-09-01,17.53
1,2000-09-05,19.82
1,2000-09-06,20.79
1,2000-09-07,19.42
1,2000-09-08,18.46
1,2000-09-11,18.4
1,2000-09-12,18.59
1,2000-09-13,18.32
1,2000-09-14,18.26
1,2000-09-15,18.52
1,2000-09-18,20.25
1,2000-09-19,19.54
1,2000-09-20,19.93
1,2000-09-21,20.18
1,2000-09-22,20.74
1,2000-09-25,21.41
1,2000-09-26,21.88
1,2000-09-27,21.67
1,2000-09-28,19.47
1,2000-09-29,20.57
1,2000-10-02,21.23
1,2000-10-03,21.85
1,2000-10-04,21.54
1,2000-10-05,21.03
1,2000-10-06,22.71
1,2000-10-09,24.02
1,2000-10-10,24.86
1,2000-10-11,26.57
1,2000-10-12,30.51
1,2000-10-13,27.6
1,2000-10-16,26.79
1,2000-10-17,27.84
1,2000-10-18,28.72
1,2000-10-19,25.09
1,2000-10-20,24.24
1,2000-10-23,24.69
1,2000-10-24,24.28
1,2000-10-25,26.65
1,2000-10-26,28.62
1,2000-10-27,26.47
1,2000-10-30,25.46
1,2000-10-31,23.63
1,2000-11-01,24.28
1,2000-11-02,23.92
1,2000-11-03,23.67
1,2000-11-06,24.52
1,2000-11-07,24.91
1,2000-11-08,25.66
1,2000-11-09,27.2
1,2000-11-10,28.53
1,2000-11-13,29.06
1,2000-11-14,26.81
1,2000-11-15,26.15
1,2000-11-16,25.05
1,2000-11-17,24.81
1,2000-11-20,27.43
1,2000-11-21,26.62
1,2000-11-22,27.71
1,2000-11-24,26
1,2000-11-27,26.93
1,2000-11-28,27.64
1,2000-11-29,27.49
1,2000-11-30,29.65
1,2000-12-01,27.48
1,2000-12-04,27.78
1,2000-12-05,24.99
1,2000-12-06,25.07
1,2000-12-07,25.34
1,2000-12-08,22.41
1,2000-12-11,23.51
1,2000-12-12,24.88
1,2000-12-13,23.63
1,2000-12-14,24.86
1,2000-12-15,26.55
1,2000-12-18,27.7
1,2000-12-19,27.17
1,2000-12-20,31.74
1,2000-12-21,29.66
1,2000-12-22,27.55
1,2000-12-26,28.73
1,2000-12-27,28.14
1,2000-12-28,26.57
1,2000-12-29,26.85
1,2001-01-02,29.99
1,2001-01-03,26.6
1,2001-01-04,26.97
1,2001-01-05,28.67
1,2001-01-08,29.84
1,2001-01-09,27.99
1,2001-01-10,26.8
1,2001-01-11,25.79
1,2001-01-12,24.56
1,2001-01-16,25.28
1,2001-01-17,24.93
1,2001-01-18,23.37
1,2001-01-19,23.24
1,2001-01-22,23.25
1,2001-01-23,21.57
1,2001-01-24,22.03
1,2001-01-25,22.64
1,2001-01-26,22.57
1,2001-01-29,22.61
1,2001-01-30,22.57
1,2001-01-31,22.02
1,2001-02-01,21.66
1,2001-02-02,21.95
1,2001-02-05,22.19
1,2001-02-06,21.98
1,2001-02-07,21.67
1,2001-02-08,21.46
1,2001-02-09,22.03
1,2001-02-12,21.92
1,2001-02-13,21.37
1,2001-02-14,21.52
1,2001-02-15,20.27
1,2001-02-16,22.12
1,2001-02-20,24.69
1,2001-02-21,25.75
1,2001-02-22,26.76
1,2001-02-23,27.21
1,2001-02-26,25.43
1,2001-02-27,26.49
1,2001-02-28,28.35
1,2001-03-01,28.08
1,2001-03-02,27.43
1,2001-03-05,27.12
1,2001-03-06,25.89
1,2001-03-07,24.12
1,2001-03-08,24.29
1,2001-03-09,25.62
1,2001-03-12,30.32
1,2001-03-13,27.55
1,2001-03-14,29.61
1,2001-03-15,28.56
1,2001-03-16,29.91
1,2001-03-19,29.78
1,2001-03-20,30.96
1,2001-03-21,31.93
1,2001-03-22,32.84
1,2001-03-23,30.45
1,2001-03-26,29.04
1,2001-03-27,27.04
1,2001-03-28,28.58
1,2001-03-29,29.17
1,2001-03-30,28.64
1,2001-04-02,31.21
1,2001-04-03,34.72
1,2001-04-04,34.07
1,2001-04-05,29.94
1,2001-04-06,31.69
1,2001-04-09,31.91
1,2001-04-10,29.44
1,2001-04-11,28.46
1,2001-04-12,26.12
1,2001-04-16,26.33
1,2001-04-17,25.61
1,2001-04-18,24.13
1,2001-04-19,24.16
1,2001-04-20,25.38
1,2001-04-23,28.16
1,2001-04-24,28.49
1,2001-04-25,27.4
1,2001-04-26,25.96
1,2001-04-27,24.02
1,2001-04-30,25.48
1,2001-05-01,24.2
1,2001-05-02,24.23
1,2001-05-03,25.78
1,2001-05-04,23.91
1,2001-05-07,24.86
1,2001-05-08,24.44
1,2001-05-09,24.35
1,2001-05-10,24
1,2001-05-11,23.54
1,2001-05-14,24.26
1,2001-05-15,23.71
1,2001-05-16,21.89
1,2001-05-17,21.47
1,2001-05-18,21.23
1,2001-05-21,20.76
1,2001-05-22,21.35
1,2001-05-23,22.08
1,2001-05-24,20.57
1,2001-05-25,20.6
1,2001-05-29,22.14
1,2001-05-30,22.76
1,2001-05-31,22.64
1,2001-06-01,21.59
1,2001-06-04,21.38
1,2001-06-05,19.58
1,2001-06-06,20.39
1,2001-06-07,19.67
1,2001-06-08,19.92
1,2001-06-11,20.7
1,2001-06-12,20.7
1,2001-06-13,21.45
1,2001-06-14,23.12
1,2001-06-15,22.81
1,2001-06-18,23.17
1,2001-06-19,22.34
1,2001-06-20,21.71
1,2001-06-21,19.38
1,2001-06-22,20.02
1,2001-06-25,20.67
1,2001-06-26,21.2
1,2001-06-27,20.88
1,2001-06-28,20.01
1,2001-06-29,19.06
1,2001-07-02,18.76
1,2001-07-03,18.92
1,2001-07-05,20.09
1,2001-07-06,21.63
1,2001-07-09,22.48
1,2001-07-10,23.25
1,2001-07-11,24.01
1,2001-07-12,22.09
1,2001-07-13,21.14
1,2001-07-16,22.91
1,2001-07-17,22.61
1,2001-07-18,23.6
1,2001-07-19,22.51
1,2001-07-20,22.34
1,2001-07-23,23.74
1,2001-07-24,25.24
1,2001-07-25,24
1,2001-07-26,23.01
1,2001-07-27,22
1,2001-07-30,22.69
1,2001-07-31,21.62
1,2001-08-01,20.56
1,2001-08-02,20.09
1,2001-08-03,19.89
1,2001-08-06,21.89
1,2001-08-07,21.01
1,2001-08-08,22.32
1,2001-08-09,21.75
1,2001-08-10,20.55
1,2001-08-13,20.42
1,2001-08-14,20.48
1,2001-08-15,20.91
1,2001-08-16,21.54
1,2001-08-17,23.84
1,2001-08-20,22.87
1,2001-08-21,24.4
1,2001-08-22,22.44
1,2001-08-23,22.23
1,2001-08-24,19.71
1,2001-08-27,20.56
1,2001-08-28,22
1,2001-08-29,23.03
1,2001-08-30,25.41
1,2001-08-31,24.92
1,2001-09-04,25.85
1,2001-09-05,26.35
1,2001-09-06,28.61
1,2001-09-07,30.99
1,2001-09-10,31.84
1,2001-09-17,41.76
1,2001-09-18,38.87
1,2001-09-19,40.56
1,2001-09-20,43.74
1,2001-09-21,42.66
1,2001-09-24,37.75
1,2001-09-25,35.81
1,2001-09-26,35.26
1,2001-09-27,34
1,2001-09-28,31.93
1,2001-10-01,32.32
1,2001-10-02,31.18
1,2001-10-03,31.34
1,2001-10-04,31.97
1,2001-10-05,33.39
1,2001-10-08,35.12
1,2001-10-09,34.83
1,2001-10-10,31.6
1,2001-10-11,31.5
1,2001-10-12,35.27
1,2001-10-15,35.31
1,2001-10-16,32.88
1,2001-10-17,35.08
1,2001-10-18,34.95
1,2001-10-19,34.11
1,2001-10-22,32.25
1,2001-10-23,32
1,2001-10-24,30.95
1,2001-10-25,29.46
1,2001-10-26,28.42
1,2001-10-29,31.64
1,2001-10-30,33.46
1,2001-10-31,33.56
1,2001-11-01,32.31
1,2001-11-02,30.71
1,2001-11-05,30.5
1,2001-11-06,28.8
1,2001-11-07,29.13
1,2001-11-08,28.62
1,2001-11-09,27.44
1,2001-11-12,29.35
1,2001-11-13,26.47
1,2001-11-14,26.56
1,2001-11-15,25.56
1,2001-11-16,25.07
1,2001-11-19,24.46
1,2001-11-20,24.12
1,2001-11-21,24.19
1,2001-11-23,23.25
1,2001-11-26,23.79
1,2001-11-27,24
1,2001-11-28,25.9
1,2001-11-29,25.18
1,2001-11-30,23.84
1,2001-12-03,25.77
1,2001-12-04,24.08
1,2001-12-05,23.02
1,2001-12-06,23.71
1,2001-12-07,23.49
1,2001-12-10,25.62
1,2001-12-11,25.3
1,2001-12-12,24.87
1,2001-12-13,25.91
1,2001-12-14,24.63
1,2001-12-17,24.26
1,2001-12-18,23.29
1,2001-12-19,22.58
1,2001-12-20,23.67
1,2001-12-21,22.5
1,2001-12-24,22.62
1,2001-12-26,22.29
1,2001-12-27,21.59
1,2001-12-28,21.4
1,2001-12-31,23.8
1,2002-01-02,22.71
1,2002-01-03,21.34
1,2002-01-04,20.45
1,2002-01-07,21.94
1,2002-01-08,21.83
1,2002-01-09,22.13
1,2002-01-10,22.36
1,2002-01-11,22.6
1,2002-01-14,23.58
1,2002-01-15,22.7
1,2002-01-16,23.45
1,2002-01-17,22.25
1,2002-01-18,22.52
1,2002-01-22,23.61
1,2002-01-23,21.88
1,2002-01-24,21.15
1,2002-01-25,21.01
1,2002-01-28,21.14
1,2002-01-29,24.35
1,2002-01-30,23.22
1,2002-01-31,21.09
1,2002-02-01,21.12
1,2002-02-04,24.87
1,2002-02-05,25.45
1,2002-02-06,26.09
1,2002-02-07,25.11
1,2002-02-08,23.26
1,2002-02-11,21.78
1,2002-02-12,21.62
1,2002-02-13,20.85
1,2002-02-14,21.77
1,2002-02-15,22.37
1,2002-02-19,24.43
1,2002-02-20,22.66
1,2002-02-21,23.8
1,2002-02-22,22.86
1,2002-02-25,21.84
1,2002-02-26,21.68
1,2002-02-27,21.49
1,2002-02-28,21.59
1,2002-03-01,19.96
1,2002-03-04,20.5
1,2002-03-05,20.3
1,2002-03-06,19.94
1,2002-03-07,20.04
1,2002-03-08,19.27
1,2002-03-11,19.84
1,2002-03-12,19.59
1,2002-03-13,19.46
1,2002-03-14,19.2
1,2002-03-15,18.42
1,2002-03-18,18.93
1,2002-03-19,18.16
1,2002-03-20,18.46
1,2002-03-21,18.15
1,2002-03-22,17.77
1,2002-03-25,18.48
1,2002-03-26,18.13
1,2002-03-27,17.7
1,2002-03-28,17.4
1,2002-04-01,18.73
1,2002-04-02,19.16
1,2002-04-03,20.2
1,2002-04-04,19.78
1,2002-04-05,19.13
1,2002-04-08,19.61
1,2002-04-09,19.47
1,2002-04-10,18.19
1,2002-04-11,20.3
1,2002-04-12,19.42
1,2002-04-15,19.82
1,2002-04-16,18.11
1,2002-04-17,18.43
1,2002-04-18,19.29
1,2002-04-19,18.3
1,2002-04-22,19.77
1,2002-04-23,20.28
1,2002-04-24,20.77
1,2002-04-25,20.95
1,2002-04-26,22.14
1,2002-04-29,24.05
1,2002-04-30,21.91
1,2002-05-01,20.06
1,2002-05-02,20.07
1,2002-05-03,20.19
1,2002-05-06,22.56
1,2002-05-07,21.94
1,2002-05-08,20.39
1,2002-05-09,21.56
1,2002-05-10,22.41
1,2002-05-13,20.72
1,2002-05-14,19.35
1,2002-05-15,19.19
1,2002-05-16,18.5
1,2002-05-17,17.7
1,2002-05-20,19.24
1,2002-05-21,20.05
1,2002-05-22,19.58
1,2002-05-23,18.23
1,2002-05-24,18.9
1,2002-05-28,20.31
1,2002-05-29,20.39
1,2002-05-30,20.61
1,2002-05-31,19.98
1,2002-06-03,23.37
1,2002-06-04,23.89
1,2002-06-05,22.61
1,2002-06-06,24.16
1,2002-06-07,23.51
1,2002-06-10,23.72
1,2002-06-11,24.45
1,2002-06-12,24.15
1,2002-06-13,25.02
1,2002-06-14,25.96
1,2002-06-17,24.64
1,2002-06-18,24.24
1,2002-06-19,26.06
1,2002-06-20,27.48
1,2002-06-21,27.23
1,2002-06-24,26.98
1,2002-06-25,27.84
1,2002-06-26,28.42
1,2002-06-27,26.29
1,2002-06-28,25.4
1,2002-07-01,27.11
1,2002-07-02,28.96
1,2002-07-03,29.42
1,2002-07-05,27.11
1,2002-07-08,28.25
1,2002-07-09,30.22
1,2002-07-10,34.1
1,2002-07-11,33.85
1,2002-07-12,32.94
1,2002-07-15,35.03
1,2002-07-16,36.65
1,2002-07-17,35.45
1,2002-07-18,35.12
1,2002-07-19,38.17
1,2002-07-22,41.87
1,2002-07-23,44.92
1,2002-07-24,39.86
1,2002-07-25,39.27
1,2002-07-26,35.51
1,2002-07-29,31.33
1,2002-07-30,31.92
1,2002-07-31,32.03
1,2002-08-01,36.95
1,2002-08-02,41.29
1,2002-08-05,45.08
1,2002-08-06,42.03
1,2002-08-07,38.73
1,2002-08-08,36.33
1,2002-08-09,35.33
1,2002-08-12,37.05
1,2002-08-13,35.82
1,2002-08-14,32.36
1,2002-08-15,29.43
1,2002-08-16,28.81
1,2002-08-19,28.61
1,2002-08-20,29.59
1,2002-08-21,28.23
1,2002-08-22,27.75
1,2002-08-23,29.32
1,2002-08-26,29.89
1,2002-08-27,30.11
1,2002-08-28,33.32
1,2002-08-29,33.67
1,2002-08-30,32.64
1,2002-09-03,39.97
1,2002-09-04,37.44
1,2002-09-05,38.86
1,2002-09-06,36.33
1,2002-09-09,36.45
1,2002-09-10,35.08
1,2002-09-11,34.81
1,2002-09-12,37.5
1,2002-09-13,35.82
1,2002-09-16,36.74
1,2002-09-17,38.01
1,2002-09-18,37.52
1,2002-09-19,40.65
1,2002-09-20,38.98
1,2002-09-23,39.68
1,2002-09-24,40.52
1,2002-09-25,37.33
1,2002-09-26,34.6
1,2002-09-27,36.97
1,2002-09-30,39.69
1,2002-10-01,34.12
1,2002-10-02,36.83
1,2002-10-03,37.31
1,2002-10-04,39.46
1,2002-10-07,42.64
1,2002-10-08,41.02
1,2002-10-09,42.13
1,2002-10-10,37.55
1,2002-10-11,35.7
1,2002-10-14,36.04
1,2002-10-15,34.02
1,2002-10-16,36
1,2002-10-17,34.1
1,2002-10-18,33.53
1,2002-10-21,33.11
1,2002-10-22,34.09
1,2002-10-23,33.2
1,2002-10-24,34.03
1,2002-10-25,30
1,2002-10-28,31.07
1,2002-10-29,32.27
1,2002-10-30,31.23
1,2002-10-31,31.14
1,2002-11-01,29.3
1,2002-11-04,30.82
1,2002-11-05,31.23
1,2002-11-06,30.73
1,2002-11-07,31.42
1,2002-11-08,29.41
1,2002-11-11,31.3
1,2002-11-12,30.58
1,2002-11-13,31.24
1,2002-11-14,28.67
1,2002-11-15,26.65
1,2002-11-18,27.66
1,2002-11-19,27.41
1,2002-11-20,25.32
1,2002-11-21,23.81
1,2002-11-22,23.16
1,2002-11-25,24.07
1,2002-11-26,25.97
1,2002-11-27,27.25
1,2002-11-29,27.5
1,2002-12-02,27.46
1,2002-12-03,28.33
1,2002-12-04,28.92
1,2002-12-05,30.1
1,2002-12-06,28.88
1,2002-12-09,30.78
1,2002-12-10,28.76
1,2002-12-11,27.76
1,2002-12-12,27.29
1,2002-12-13,28.18
1,2002-12-16,26.24
1,2002-12-17,26.66
1,2002-12-18,28.29
1,2002-12-19,30.21
1,2002-12-20,26.71
1,2002-12-23,26.2
1,2002-12-24,26.49
1,2002-12-26,27.37
1,2002-12-27,29.55
1,2002-12-30,29.62
1,2002-12-31,28.62
1,2003-01-02,25.39
1,2003-01-03,24.68
1,2003-01-06,24.91
1,2003-01-07,25.13
1,2003-01-08,25.53
1,2003-01-09,24.25
1,2003-01-10,24.32
1,2003-01-13,24.9
1,2003-01-14,24.57
1,2003-01-15,25.51
1,2003-01-16,25.01
1,2003-01-17,25.7
1,2003-01-21,27.59
1,2003-01-22,29.01
1,2003-01-23,27.53
1,2003-01-24,31.51
1,2003-01-27,34.69
1,2003-01-28,31.93
1,2003-01-29,31.26
1,2003-01-30,31.32
1,2003-01-31,31.17
1,2003-02-03,31.02
1,2003-02-04,32.76
1,2003-02-05,33.04
1,2003-02-06,33.35
1,2003-02-07,34.01
1,2003-02-10,33.99
1,2003-02-11,33.68
1,2003-02-12,34.33
1,2003-02-13,33.7
1,2003-02-14,32.62
1,2003-02-18,31.11
1,2003-02-19,31.31
1,2003-02-20,31.16
1,2003-02-21,30.25
1,2003-02-24,31.98
1,2003-02-25,31.74
1,2003-02-26,31.94
1,2003-02-27,30.53
1,2003-02-28,29.63
1,2003-03-03,30.43
1,2003-03-04,31.83
1,2003-03-05,30.38
1,2003-03-06,31.37
1,2003-03-07,31.08
1,2003-03-10,33.31
1,2003-03-11,33.61
1,2003-03-12,33.51
1,2003-03-13,31.76
1,2003-03-14,30.98
1,2003-03-17,31.75
1,2003-03-18,30.43
1,2003-03-19,31.54
1,2003-03-20,30.44
1,2003-03-21,28.67
1,2003-03-24,30.39
1,2003-03-25,28.75
1,2003-03-26,28.23
1,2003-03-27,27.96
1,2003-03-28,27.75
1,2003-03-31,29.15
1,2003-04-01,28.36
1,2003-04-02,28.02
1,2003-04-03,28.21
1,2003-04-04,29.13
1,2003-04-07,28.45
1,2003-04-08,27.13
1,2003-04-09,27.11
1,2003-04-10,25.6
1,2003-04-11,24.44
1,2003-04-14,23.41
1,2003-04-15,22.56
1,2003-04-16,22.52
1,2003-04-17,21.5
1,2003-04-21,21.95
1,2003-04-22,20.7
1,2003-04-23,20.8
1,2003-04-24,20.33
1,2003-04-25,20.8
1,2003-04-28,20.84
1,2003-04-29,20.76
1,2003-04-30,21.21
1,2003-05-01,21.59
1,2003-05-02,20.63
1,2003-05-05,21.13
1,2003-05-06,20.8
1,2003-05-07,21
1,2003-05-08,21.24
1,2003-05-09,19.69
1,2003-05-12,19.52
1,2003-05-13,19.91
1,2003-05-14,20
1,2003-05-15,19.24
1,2003-05-16,18.4
1,2003-05-19,20.51
1,2003-05-20,21.29
1,2003-05-21,21.21
1,2003-05-22,19.78
1,2003-05-23,19.17
1,2003-05-27,19.99
1,2003-05-28,20.03
1,2003-05-29,20.43
1,2003-05-30,19.47
1,2003-06-02,20.85
1,2003-06-03,20.84
1,2003-06-04,20.62
1,2003-06-05,20.83
1,2003-06-06,21.25
1,2003-06-09,22.15
1,2003-06-10,20.64
1,2003-06-11,20.21
1,2003-06-12,20.41
1,2003-06-13,20.66
1,2003-06-16,20.22
1,2003-06-17,20.01
1,2003-06-18,19.76
1,2003-06-19,19.8
1,2003-06-20,19.14
1,2003-06-23,20.58
1,2003-06-24,20.75
1,2003-06-25,20.81
1,2003-06-26,19.4
1,2003-06-27,19.16
1,2003-06-30,19.52
1,2003-07-01,19.46
1,2003-07-02,19.03
1,2003-07-03,19.39
1,2003-07-07,20.06
1,2003-07-08,19.48
1,2003-07-09,18.93
1,2003-07-10,19.19
1,2003-07-11,18.47
1,2003-07-14,19.59
1,2003-07-15,19.55
1,2003-07-16,19.76
1,2003-07-17,20.22
1,2003-07-18,19.11
1,2003-07-21,19.78
1,2003-07-22,19.17
1,2003-07-23,18.64
1,2003-07-24,18.6
1,2003-07-25,17.75
1,2003-07-28,18.36
1,2003-07-29,18.67
1,2003-07-30,18.85
1,2003-07-31,19.49
1,2003-08-01,20.75
1,2003-08-04,21.27
1,2003-08-05,22.68
1,2003-08-06,21.5
1,2003-08-07,20.26
1,2003-08-08,19.59
1,2003-08-11,19.75
1,2003-08-12,17.94
1,2003-08-13,18.77
1,2003-08-14,18.47
1,2003-08-15,18.27
1,2003-08-18,18.18
1,2003-08-19,17.86
1,2003-08-20,17.82
1,2003-08-21,17.84
1,2003-08-22,18.55
1,2003-08-25,19.53
1,2003-08-26,19.49
1,2003-08-27,19.13
1,2003-08-28,18.48
1,2003-08-29,18.63
1,2003-09-02,19.02
1,2003-09-03,19.44
1,2003-09-04,18.71
1,2003-09-05,18.17
1,2003-09-08,18.26
1,2003-09-09,18.85
1,2003-09-10,20.01
1,2003-09-11,19.25
1,2003-09-12,18.68
1,2003-09-15,19.28
1,2003-09-16,18.03
1,2003-09-17,18.15
1,2003-09-18,17.57
1,2003-09-19,17.54
1,2003-09-22,19.65
1,2003-09-23,19.47
1,2003-09-24,21.22
1,2003-09-25,22.26
1,2003-09-26,22.23
1,2003-09-29,21.67
1,2003-09-30,22.72
1,2003-10-01,21.07
1,2003-10-02,20.8
1,2003-10-03,19.5
1,2003-10-06,19.51
1,2003-10-07,19.41
1,2003-10-08,19.18
1,2003-10-09,18.82
1,2003-10-10,18.45
1,2003-10-13,17.55
1,2003-10-14,17.37
1,2003-10-15,17.69
1,2003-10-16,17.19
1,2003-10-17,17.62
1,2003-10-20,17.04
1,2003-10-21,16.55
1,2003-10-22,17.67
1,2003-10-23,17.68
1,2003-10-24,17.71
1,2003-10-27,18.05
1,2003-10-28,16.82
1,2003-10-29,16.43
1,2003-10-30,16.33
1,2003-10-31,16.1
1,2003-11-03,16.55
1,2003-11-04,16.55
1,2003-11-05,16.86
1,2003-11-06,16.74
1,2003-11-07,16.93
1,2003-11-10,17.62
1,2003-11-11,17.54
1,2003-11-12,16.75
1,2003-11-13,16.47
1,2003-11-14,16.94
1,2003-11-17,18.6
1,2003-11-18,19.11
1,2003-11-19,18.8
1,2003-11-20,19.48
1,2003-11-21,18.98
1,2003-11-24,17.44
1,2003-11-25,16.71
1,2003-11-26,16.23
1,2003-11-28,16.32
1,2003-12-01,16.77
1,2003-12-02,16.27
1,2003-12-03,16.63
1,2003-12-04,16.3
1,2003-12-05,17.09
1,2003-12-08,16.54
1,2003-12-09,17.63
1,2003-12-10,17.87
1,2003-12-11,16.73
1,2003-12-12,16.41
1,2003-12-15,17.23
1,2003-12-16,15.93
1,2003-12-17,15.58
1,2003-12-18,16.16
1,2003-12-19,16.42
1,2003-12-22,16.94
1,2003-12-23,16.49
1,2003-12-24,16.66
1,2003-12-26,17.45
1,2003-12-29,17.09
1,2003-12-30,17.68
1,2003-12-31,18.31
1,2004-01-02,18.22
1,2004-01-05,17.49
1,2004-01-06,16.73
1,2004-01-07,15.5
1,2004-01-08,15.61
1,2004-01-09,16.75
1,2004-01-12,16.82
1,2004-01-13,18.04
1,2004-01-14,16.75
1,2004-01-15,15.56
1,2004-01-16,15
1,2004-01-20,15.21
1,2004-01-21,14.34
1,2004-01-22,14.71
1,2004-01-23,14.84
1,2004-01-26,14.55
1,2004-01-27,15.35
1,2004-01-28,16.78
1,2004-01-29,17.14
1,2004-01-30,16.63
1,2004-02-02,17.11
1,2004-02-03,17.34
1,2004-02-04,17.87
1,2004-02-05,17.71
1,2004-02-06,16
1,2004-02-09,16.39
1,2004-02-10,15.94
1,2004-02-11,15.39
1,2004-02-12,15.31
1,2004-02-13,15.58
1,2004-02-17,15.4
1,2004-02-18,15.59
1,2004-02-19,15.8
1,2004-02-20,16.04
1,2004-02-23,16.29
1,2004-02-24,15.9
1,2004-02-25,14.93
1,2004-02-26,14.83
1,2004-02-27,14.55
1,2004-03-01,14.44
1,2004-03-02,14.86
1,2004-03-03,14.55
1,2004-03-04,14.4
1,2004-03-05,14.48
1,2004-03-08,15.79
1,2004-03-09,16.6
1,2004-03-10,18.67
1,2004-03-11,20.67
1,2004-03-12,18.3
1,2004-03-15,21.13
1,2004-03-16,20.34
1,2004-03-17,18.11
1,2004-03-18,18.53
1,2004-03-19,19.15
1,2004-03-22,21.58
1,2004-03-23,20.67
1,2004-03-24,19.81
1,2004-03-25,17.88
1,2004-03-26,17.33
1,2004-03-29,16.5
1,2004-03-30,16.28
1,2004-03-31,16.74
1,2004-04-01,16.65
1,2004-04-02,15.64
1,2004-04-05,14.97
1,2004-04-06,15.32
1,2004-04-07,15.76
1,2004-04-08,16.26
1,2004-04-12,15.28
1,2004-04-13,17.26
1,2004-04-14,15.62
1,2004-04-15,15.74
1,2004-04-16,14.94
1,2004-04-19,15.42
1,2004-04-20,16.67
1,2004-04-21,15.6
1,2004-04-22,14.61
1,2004-04-23,14.01
1,2004-04-26,14.77
1,2004-04-27,15.07
1,2004-04-28,16.29
1,2004-04-29,16.6
1,2004-04-30,17.19
1,2004-05-03,16.62
1,2004-05-04,16.55
1,2004-05-05,15.77
1,2004-05-06,17.05
1,2004-05-07,18.13
1,2004-05-10,19.77
1,2004-05-11,18.57
1,2004-05-12,18.14
1,2004-05-13,18.86
1,2004-05-14,18.47
1,2004-05-17,19.96
1,2004-05-18,19.33
1,2004-05-19,18.93
1,2004-05-20,18.67
1,2004-05-21,18.49
1,2004-05-24,18.08
1,2004-05-25,15.96
1,2004-05-26,15.97
1,2004-05-27,15.28
1,2004-05-28,15.5
1,2004-06-01,16.3
1,2004-06-02,16.08
1,2004-06-03,17.03
1,2004-06-04,16.78
1,2004-06-07,15.39
1,2004-06-08,15.01
1,2004-06-09,15.39
1,2004-06-10,15.04
1,2004-06-11,15.04
1,2004-06-14,16.07
1,2004-06-15,15.05
1,2004-06-16,14.79
1,2004-06-17,15.15
1,2004-06-18,14.99
1,2004-06-21,15.26
1,2004-06-22,14.31
1,2004-06-23,13.98
1,2004-06-24,14.81
1,2004-06-25,15.19
1,2004-06-28,16.07
1,2004-06-29,15.47
1,2004-06-30,14.34
1,2004-07-01,15.2
1,2004-07-02,15.08
1,2004-07-06,16.25
1,2004-07-07,15.81
1,2004-07-08,16.2
1,2004-07-09,15.78
1,2004-07-12,14.96
1,2004-07-13,14.46
1,2004-07-14,13.76
1,2004-07-15,14.71
1,2004-07-16,14.34
1,2004-07-19,15.17
1,2004-07-20,14.17
1,2004-07-21,16.41
1,2004-07-22,15.75
1,2004-07-23,16.5
1,2004-07-26,17.3
1,2004-07-27,16.55
1,2004-07-28,16.15
1,2004-07-29,15.68
1,2004-07-30,15.32
1,2004-08-02,15.37
1,2004-08-03,16.03
1,2004-08-04,16.21
1,2004-08-05,18.32
1,2004-08-06,19.34
1,2004-08-09,18.89
1,2004-08-10,17.47
1,2004-08-11,18.04
1,2004-08-12,19.08
1,2004-08-13,17.98
1,2004-08-16,17.57
1,2004-08-17,17.02
1,2004-08-18,16.23
1,2004-08-19,16.96
1,2004-08-20,16
1,2004-08-23,15.88
1,2004-08-24,15.33
1,2004-08-25,14.98
1,2004-08-26,14.91
1,2004-08-27,14.71
1,2004-08-30,15.44
1,2004-08-31,15.29
1,2004-09-01,14.91
1,2004-09-02,14.28
1,2004-09-03,13.91
1,2004-09-07,14.07
1,2004-09-08,14.06
1,2004-09-09,14.01
1,2004-09-10,13.76
1,2004-09-13,13.17
1,2004-09-14,13.56
1,2004-09-15,14.64
1,2004-09-16,14.39
1,2004-09-17,14.03
1,2004-09-20,14.43
1,2004-09-21,13.66
1,2004-09-22,14.74
1,2004-09-23,14.8
1,2004-09-24,14.28
1,2004-09-27,14.62
1,2004-09-28,13.83
1,2004-09-29,13.21
1,2004-09-30,13.34
1,2004-10-01,12.75
1,2004-10-04,13.41
1,2004-10-05,13.95
1,2004-10-06,13.28
1,2004-10-07,14.5
1,2004-10-08,15.05
1,2004-10-11,14.71
1,2004-10-12,15.05
1,2004-10-13,15.42
1,2004-10-14,16.43
1,2004-10-15,15.04
1,2004-10-18,14.71
1,2004-10-19,15.13
1,2004-10-20,14.85
1,2004-10-21,14.54
1,2004-10-22,15.28
1,2004-10-25,16.58
1,2004-10-26,16.39
1,2004-10-27,15.72
1,2004-10-28,15.39
1,2004-10-29,16.27
1,2004-11-01,16.27
1,2004-11-02,16.18
1,2004-11-03,14.04
1,2004-11-04,13.97
1,2004-11-05,13.84
1,2004-11-08,13.8
1,2004-11-09,13.61
1,2004-11-10,13.08
1,2004-11-11,13.04
1,2004-11-12,13.33
1,2004-11-15,13.38
1,2004-11-16,13.21
1,2004-11-17,13.21
1,2004-11-18,12.98
1,2004-11-19,13.5
1,2004-11-22,12.97
1,2004-11-23,12.67
1,2004-11-24,12.72
1,2004-11-26,12.79
1,2004-11-29,13.3
1,2004-11-30,13.24
1,2004-12-01,12.97
1,2004-12-02,12.98
1,2004-12-03,12.96
1,2004-12-06,13.19
1,2004-12-07,13.67
1,2004-12-08,13.19
1,2004-12-09,12.88
1,2004-12-10,12.76
1,2004-12-13,12.54
1,2004-12-14,12.73
1,2004-12-15,12.35
1,2004-12-16,12.27
1,2004-12-17,11.95
1,2004-12-20,11.83
1,2004-12-21,11.55
1,2004-12-22,11.45
1,2004-12-23,11.23
1,2004-12-27,12.14
1,2004-12-28,12
1,2004-12-29,11.62
1,2004-12-30,12.56
1,2004-12-31,13.29
1,2005-01-03,14.08
1,2005-01-04,13.98
1,2005-01-05,14.09
1,2005-01-06,13.58
1,2005-01-07,13.49
1,2005-01-10,13.23
1,2005-01-11,13.19
1,2005-01-12,12.56
1,2005-01-13,12.84
1,2005-01-14,12.43
1,2005-01-18,12.47
1,2005-01-19,13.18
1,2005-01-20,13.83
1,2005-01-21,14.36
1,2005-01-24,14.65
1,2005-01-25,14.06
1,2005-01-26,13.44
1,2005-01-27,13.24
1,2005-01-28,13.24
1,2005-01-31,12.82
1,2005-02-01,12.03
1,2005-02-02,11.66
1,2005-02-03,11.79
1,2005-02-04,11.21
1,2005-02-07,11.73
1,2005-02-08,11.6
1,2005-02-09,12
1,2005-02-10,11.51
1,2005-02-11,11.43
1,2005-02-14,11.52
1,2005-02-15,11.27
1,2005-02-16,11.1
1,2005-02-17,11.77
1,2005-02-18,11.18
1,2005-02-22,13.14
1,2005-02-23,12.39
1,2005-02-24,11.57
1,2005-02-25,11.49
1,2005-02-28,12.08
1,2005-03-01,12.04
1,2005-03-02,12.5
1,2005-03-03,12.93
1,2005-03-04,11.94
1,2005-03-07,12.26
1,2005-03-08,12.4
1,2005-03-09,12.7
1,2005-03-10,12.49
1,2005-03-11,12.8
1,2005-03-14,12.39
1,2005-03-15,13.15
1,2005-03-16,13.49
1,2005-03-17,13.29
1,2005-03-18,13.14
1,2005-03-21,13.61
1,2005-03-22,14.27
1,2005-03-23,14.06
1,2005-03-24,13.42
1,2005-03-28,13.75
1,2005-03-29,14.49
1,2005-03-30,13.64
1,2005-03-31,14.02
1,2005-04-01,14.09
1,2005-04-04,14.11
1,2005-04-05,13.68
1,2005-04-06,13.15
1,2005-04-07,12.33
1,2005-04-08,12.62
1,2005-04-11,11.98
1,2005-04-12,11.3
1,2005-04-13,13.31
1,2005-04-14,14.53
1,2005-04-15,17.74
1,2005-04-18,16.56
1,2005-04-19,14.96
1,2005-04-20,16.92
1,2005-04-21,14.41
1,2005-04-22,15.38
1,2005-04-25,14.62
1,2005-04-26,14.91
1,2005-04-27,14.87
1,2005-04-28,16.86
1,2005-04-29,15.31
1,2005-05-02,15.12
1,2005-05-03,14.53
1,2005-05-04,13.85
1,2005-05-05,13.98
1,2005-05-06,14.05
1,2005-05-09,13.75
1,2005-05-10,14.91
1,2005-05-11,14.45
1,2005-05-12,16.12
1,2005-05-13,16.32
1,2005-05-16,15.68
1,2005-05-17,14.57
1,2005-05-18,13.63
1,2005-05-19,13.32
1,2005-05-20,13.14
1,2005-05-23,12.95
1,2005-05-24,12.69
1,2005-05-25,12.58
1,2005-05-26,12.24
1,2005-05-27,12.15
1,2005-05-31,13.29
1,2005-06-01,12.36
1,2005-06-02,11.84
1,2005-06-03,12.15
1,2005-06-06,12.28
1,2005-06-07,12.39
1,2005-06-08,12.7
1,2005-06-09,12.08
1,2005-06-10,11.96
1,2005-06-13,11.65
1,2005-06-14,11.79
1,2005-06-15,11.46
1,2005-06-16,11.15
1,2005-06-17,11.48
1,2005-06-20,11.47
1,2005-06-21,11.08
1,2005-06-22,11.05
1,2005-06-23,12.13
1,2005-06-24,12.18
1,2005-06-27,12.52
1,2005-06-28,11.58
1,2005-06-29,11.77
1,2005-06-30,12.04
1,2005-07-01,11.4
1,2005-07-05,11.68
1,2005-07-06,12.27
1,2005-07-07,12.49
1,2005-07-08,11.45
1,2005-07-11,11.28
1,2005-07-12,10.95
1,2005-07-13,10.84
1,2005-07-14,10.81
1,2005-07-15,10.33
1,2005-07-18,10.77
1,2005-07-19,10.45
1,2005-07-20,10.23
1,2005-07-21,10.97
1,2005-07-22,10.52
1,2005-07-25,11.1
1,2005-07-26,10.99
1,2005-07-27,10.36
1,2005-07-28,10.52
1,2005-07-29,11.57
1,2005-08-01,12.08
1,2005-08-02,11.75
1,2005-08-03,11.83
1,2005-08-04,12.52
1,2005-08-05,12.48
1,2005-08-08,13.21
1,2005-08-09,12.4
1,2005-08-10,12.38
1,2005-08-11,12.42
1,2005-08-12,12.74
1,2005-08-15,12.26
1,2005-08-16,13.52
1,2005-08-17,13.3
1,2005-08-18,13.42
1,2005-08-19,13.42
1,2005-08-22,13.42
1,2005-08-23,13.34
1,2005-08-24,14.17
1,2005-08-25,13.73
1,2005-08-26,13.72
1,2005-08-29,13.52
1,2005-08-30,13.65
1,2005-08-31,12.6
1,2005-09-01,13.15
1,2005-09-02,13.57
1,2005-09-06,12.93
1,2005-09-07,12.52
1,2005-09-08,12.93
1,2005-09-09,11.98
1,2005-09-12,11.65
1,2005-09-13,12.39
1,2005-09-14,12.91
1,2005-09-15,12.49
1,2005-09-16,11.22
1,2005-09-19,12.14
1,2005-09-20,12.64
1,2005-09-21,13.79
1,2005-09-22,13.33
1,2005-09-23,12.96
1,2005-09-26,13.04
1,2005-09-27,12.76
1,2005-09-28,12.63
1,2005-09-29,12.24
1,2005-09-30,11.92
1,2005-10-03,12.46
1,2005-10-04,13.2
1,2005-10-05,14.55
1,2005-10-06,14.96
1,2005-10-07,14.59
1,2005-10-10,15.55
1,2005-10-11,15.63
1,2005-10-12,16.22
1,2005-10-13,16.47
1,2005-10-14,14.87
1,2005-10-17,14.67
1,2005-10-18,15.33
1,2005-10-19,13.5
1,2005-10-20,16.11
1,2005-10-21,16.13
1,2005-10-24,14.74
1,2005-10-25,14.53
1,2005-10-26,14.59
1,2005-10-27,16.02
1,2005-10-28,14.25
1,2005-10-31,15.32
1,2005-11-01,14.85
1,2005-11-02,13.48
1,2005-11-03,13
1,2005-11-04,13.17
1,2005-11-07,13.1
1,2005-11-08,13.08
1,2005-11-09,12.8
1,2005-11-10,11.9
1,2005-11-11,11.63
1,2005-11-14,12.18
1,2005-11-15,12.23
1,2005-11-16,12.26
1,2005-11-17,11.25
1,2005-11-18,11.12
1,2005-11-21,10.82
1,2005-11-22,10.6
1,2005-11-23,10.96
1,2005-11-25,10.88
1,2005-11-28,11.84
1,2005-11-29,11.89
1,2005-11-30,12.06
1,2005-12-01,11.24
1,2005-12-02,11.01
1,2005-12-05,11.6
1,2005-12-06,11.52
1,2005-12-07,12.18
1,2005-12-08,12.21
1,2005-12-09,11.69
1,2005-12-12,11.47
1,2005-12-13,11.11
1,2005-12-14,10.48
1,2005-12-15,10.73
1,2005-12-16,10.68
1,2005-12-19,11.38
1,2005-12-20,11.19
1,2005-12-21,10.81
1,2005-12-22,10.29
1,2005-12-23,10.27
1,2005-12-27,11.57
1,2005-12-28,11.35
1,2005-12-29,11.61
1,2005-12-30,12.07
1,2006-01-03,11.14
1,2006-01-04,11.37
1,2006-01-05,11.31
1,2006-01-06,11
1,2006-01-09,11.13
1,2006-01-10,10.86
1,2006-01-11,10.94
1,2006-01-12,11.2
1,2006-01-13,11.23
1,2006-01-17,11.91
1,2006-01-18,12.25
1,2006-01-19,11.98
1,2006-01-20,14.56
1,2006-01-23,13.93
1,2006-01-24,13.31
1,2006-01-25,12.87
1,2006-01-26,12.42
1,2006-01-27,11.97
1,2006-01-30,12.39
1,2006-01-31,12.95
1,2006-02-01,12.36
1,2006-02-02,13.23
1,2006-02-03,12.96
1,2006-02-06,13.04
1,2006-02-07,13.59
1,2006-02-08,12.83
1,2006-02-09,13.12
1,2006-02-10,12.87
1,2006-02-13,13.35
1,2006-02-14,12.25
1,2006-02-15,12.31
1,2006-02-16,11.48
1,2006-02-17,12.01
1,2006-02-21,12.41
1,2006-02-22,11.88
1,2006-02-23,11.87
1,2006-02-24,11.46
1,2006-02-27,11.59
1,2006-02-28,12.34
1,2006-03-01,11.54
1,2006-03-02,11.72
1,2006-03-03,11.96
1,2006-03-06,12.74
1,2006-03-07,12.66
1,2006-03-08,12.32
1,2006-03-09,12.68
1,2006-03-10,11.85
1,2006-03-13,11.37
1,2006-03-14,10.74
1,2006-03-15,11.35
1,2006-03-16,11.98
1,2006-03-17,12.12
1,2006-03-20,11.79
1,2006-03-21,11.62
1,2006-03-22,11.21
1,2006-03-23,11.17
1,2006-03-24,11.19
1,2006-03-27,11.46
1,2006-03-28,11.58
1,2006-03-29,10.95
1,2006-03-30,11.57
1,2006-03-31,11.39
1,2006-04-03,11.57
1,2006-04-04,11.14
1,2006-04-05,11.13
1,2006-04-06,11.45
1,2006-04-07,12.26
1,2006-04-10,12.19
1,2006-04-11,13
1,2006-04-12,12.76
1,2006-04-13,12.38
1,2006-04-17,12.58
1,2006-04-18,11.4
1,2006-04-19,11.32
1,2006-04-20,11.64
1,2006-04-21,11.59
1,2006-04-24,11.75
1,2006-04-25,11.75
1,2006-04-26,11.76
1,2006-04-27,11.84
1,2006-04-28,11.59
1,2006-05-01,12.54
1,2006-05-02,11.99
1,2006-05-03,11.99
1,2006-05-04,11.86
1,2006-05-05,11.62
1,2006-05-08,12
1,2006-05-09,11.99
1,2006-05-10,11.78
1,2006-05-11,12.49
1,2006-05-12,14.19
1,2006-05-15,13.57
1,2006-05-16,13.35
1,2006-05-17,16.26
1,2006-05-18,16.99
1,2006-05-19,17.18
1,2006-05-22,17.72
1,2006-05-23,18.26
1,2006-05-24,17.36
1,2006-05-25,15.5
1,2006-05-26,14.26
1,2006-05-30,18.66
1,2006-05-31,16.44
1,2006-06-01,14.52
1,2006-06-02,14.32
1,2006-06-05,16.65
1,2006-06-06,17.34
1,2006-06-07,17.8
1,2006-06-08,18.35
1,2006-06-09,18.12
1,2006-06-12,20.96
1,2006-06-13,23.81
1,2006-06-14,21.46
1,2006-06-15,15.9
1,2006-06-16,17.25
1,2006-06-19,17.83
1,2006-06-20,16.69
1,2006-06-21,15.52
1,2006-06-22,15.88
1,2006-06-23,15.89
1,2006-06-26,15.62
1,2006-06-27,16.4
1,2006-06-28,15.79
1,2006-06-29,13.03
1,2006-06-30,13.08
1,2006-07-03,13.05
1,2006-07-05,14.15
1,2006-07-06,13.65
1,2006-07-07,13.97
1,2006-07-10,14.02
1,2006-07-11,13.14
1,2006-07-12,14.49
1,2006-07-13,17.79
1,2006-07-14,18.05
1,2006-07-17,18.64
1,2006-07-18,17.74
1,2006-07-19,15.55
1,2006-07-20,16.21
1,2006-07-21,17.4
1,2006-07-24,14.98
1,2006-07-25,14.85
1,2006-07-26,14.62
1,2006-07-27,14.94
1,2006-07-28,14.33
1,2006-07-31,14.95
1,2006-08-01,15.05
1,2006-08-02,14.34
1,2006-08-03,14.46
1,2006-08-04,14.34
1,2006-08-07,15.23
1,2006-08-08,15.23
1,2006-08-09,15.2
1,2006-08-10,14.46
1,2006-08-11,14.3
1,2006-08-14,14.26
1,2006-08-15,13.42
1,2006-08-16,12.41
1,2006-08-17,12.24
1,2006-08-18,11.64
1,2006-08-21,12.22
1,2006-08-22,12.19
1,2006-08-23,12.4
1,2006-08-24,12.4
1,2006-08-25,12.31
1,2006-08-28,12.18
1,2006-08-29,12.28
1,2006-08-30,12.22
1,2006-08-31,12.31
1,2006-09-01,11.96
1,2006-09-05,12.63
1,2006-09-06,13.74
1,2006-09-07,13.88
1,2006-09-08,13.16
1,2006-09-11,12.99
1,2006-09-12,11.92
1,2006-09-13,11.18
1,2006-09-14,11.55
1,2006-09-15,11.76
1,2006-09-18,11.78
1,2006-09-19,11.98
1,2006-09-20,11.39
1,2006-09-21,12.25
1,2006-09-22,12.59
1,2006-09-25,12.12
1,2006-09-26,11.53
1,2006-09-27,11.58
1,2006-09-28,11.72
1,2006-09-29,11.98
1,2006-10-02,12.57
1,2006-10-03,12.24
1,2006-10-04,11.86
1,2006-10-05,11.98
1,2006-10-06,11.56
1,2006-10-09,11.68
1,2006-10-10,11.52
1,2006-10-11,11.62
1,2006-10-12,11.09
1,2006-10-13,10.75
1,2006-10-16,11.09
1,2006-10-17,11.73
1,2006-10-18,11.34
1,2006-10-19,10.9
1,2006-10-20,10.63
1,2006-10-23,11.08
1,2006-10-24,10.78
1,2006-10-25,10.66
1,2006-10-26,10.56
1,2006-10-27,10.8
1,2006-10-30,11.2
1,2006-10-31,11.1
1,2006-11-01,11.51
1,2006-11-02,11.42
1,2006-11-03,11.16
1,2006-11-06,11.16
1,2006-11-07,11.09
1,2006-11-08,10.75
1,2006-11-09,11.01
1,2006-11-10,10.79
1,2006-11-13,10.86
1,2006-11-14,10.5
1,2006-11-15,10.31
1,2006-11-16,10.16
1,2006-11-17,10.05
1,2006-11-20,9.97
1,2006-11-21,9.9
1,2006-11-22,10.14
1,2006-11-24,10.73
1,2006-11-27,12.3
1,2006-11-28,11.62
1,2006-11-29,10.83
1,2006-11-30,10.91
1,2006-12-01,11.66
1,2006-12-04,11.23
1,2006-12-05,11.27
1,2006-12-06,11.33
1,2006-12-07,12.67
1,2006-12-08,12.07
1,2006-12-11,10.71
1,2006-12-12,10.65
1,2006-12-13,10.18
1,2006-12-14,9.97
1,2006-12-15,10.05
1,2006-12-18,10.6
1,2006-12-19,10.3
1,2006-12-20,10.26
1,2006-12-21,10.53
1,2006-12-22,11.36
1,2006-12-26,11.26
1,2006-12-27,10.64
1,2006-12-28,10.99
1,2006-12-29,11.56
1,2007-01-03,12.04
1,2007-01-04,11.51
1,2007-01-05,12.14
1,2007-01-08,12
1,2007-01-09,11.91
1,2007-01-10,11.47
1,2007-01-11,10.87
1,2007-01-12,10.15
1,2007-01-16,10.74
1,2007-01-17,10.59
1,2007-01-18,10.85
1,2007-01-19,10.4
1,2007-01-22,10.77
1,2007-01-23,10.34
1,2007-01-24,9.89
1,2007-01-25,11.22
1,2007-01-26,11.13
1,2007-01-29,11.45
1,2007-01-30,10.96
1,2007-01-31,10.42
1,2007-02-01,10.31
1,2007-02-02,10.08
1,2007-02-05,10.55
1,2007-02-06,10.65
1,2007-02-07,10.32
1,2007-02-08,10.44
1,2007-02-09,11.1
1,2007-02-12,11.61
1,2007-02-13,10.34
1,2007-02-14,10.23
1,2007-02-15,10.22
1,2007-02-16,10.02
1,2007-02-20,10.24
1,2007-02-21,10.2
1,2007-02-22,10.18
1,2007-02-23,10.58
1,2007-02-26,11.15
1,2007-02-27,18.31
1,2007-02-28,15.42
1,2007-03-01,15.82
1,2007-03-02,18.61
1,2007-03-05,19.63
1,2007-03-06,15.96
1,2007-03-07,15.24
1,2007-03-08,14.29
1,2007-03-09,14.09
1,2007-03-12,13.99
1,2007-03-13,18.13
1,2007-03-14,17.27
1,2007-03-15,16.43
1,2007-03-16,16.79
1,2007-03-19,14.59
1,2007-03-20,13.27
1,2007-03-21,12.19
1,2007-03-22,12.93
1,2007-03-23,12.95
1,2007-03-26,13.16
1,2007-03-27,13.48
1,2007-03-28,14.98
1,2007-03-29,15.14
1,2007-03-30,14.64
1,2007-04-02,14.53
1,2007-04-03,13.46
1,2007-04-04,13.24
1,2007-04-05,13.23
1,2007-04-09,13.14
1,2007-04-10,12.68
1,2007-04-11,13.49
1,2007-04-12,12.71
1,2007-04-13,12.2
1,2007-04-16,11.98
1,2007-04-17,12.14
1,2007-04-18,12.42
1,2007-04-19,12.54
1,2007-04-20,12.07
1,2007-04-23,13.04
1,2007-04-24,13.12
1,2007-04-25,13.21
1,2007-04-26,12.79
1,2007-04-27,12.45
1,2007-04-30,14.22
1,2007-05-01,13.51
1,2007-05-02,13.08
1,2007-05-03,13.09
1,2007-05-04,12.91
1,2007-05-07,13.15
1,2007-05-08,13.21
1,2007-05-09,12.88
1,2007-05-10,13.6
1,2007-05-11,12.95
1,2007-05-14,13.96
1,2007-05-15,14.01
1,2007-05-16,13.5
1,2007-05-17,13.51
1,2007-05-18,12.76
1,2007-05-21,13.3
1,2007-05-22,13.06
1,2007-05-23,13.24
1,2007-05-24,14.08
1,2007-05-25,13.34
1,2007-05-29,13.53
1,2007-05-30,12.83
1,2007-05-31,13.05
1,2007-06-01,12.78
1,2007-06-04,13.29
1,2007-06-05,13.63
1,2007-06-06,14.87
1,2007-06-07,17.06
1,2007-06-08,14.84
1,2007-06-11,14.71
1,2007-06-12,16.67
1,2007-06-13,14.73
1,2007-06-14,13.64
1,2007-06-15,13.94
1,2007-06-18,13.42
1,2007-06-19,12.85
1,2007-06-20,14.67
1,2007-06-21,14.21
1,2007-06-22,15.75
1,2007-06-25,16.65
1,2007-06-26,18.89
1,2007-06-27,15.53
1,2007-06-28,15.54
1,2007-06-29,16.23
1,2007-07-02,15.4
1,2007-07-03,14.92
1,2007-07-05,15.48
1,2007-07-06,14.72
1,2007-07-09,15.16
1,2007-07-10,17.57
1,2007-07-11,16.64
1,2007-07-12,15.54
1,2007-07-13,15.15
1,2007-07-16,15.59
1,2007-07-17,15.63
1,2007-07-18,16
1,2007-07-19,15.23
1,2007-07-20,16.95
1,2007-07-23,16.81
1,2007-07-24,18.55
1,2007-07-25,18.1
1,2007-07-26,20.74
1,2007-07-27,24.17
1,2007-07-30,20.87
1,2007-07-31,23.52
1,2007-08-01,23.67
1,2007-08-02,21.22
1,2007-08-03,25.16
1,2007-08-06,22.94
1,2007-08-07,21.56
1,2007-08-08,21.45
1,2007-08-09,26.48
1,2007-08-10,28.3
1,2007-08-13,26.57
1,2007-08-14,27.68
1,2007-08-15,30.67
1,2007-08-16,30.83
1,2007-08-17,29.99
1,2007-08-20,26.33
1,2007-08-21,25.25
1,2007-08-22,22.89
1,2007-08-23,22.62
1,2007-08-24,20.72
1,2007-08-27,22.72
1,2007-08-28,26.3
1,2007-08-29,23.81
1,2007-08-30,25.06
1,2007-08-31,23.38
1,2007-09-04,22.78
1,2007-09-05,24.58
1,2007-09-06,23.99
1,2007-09-07,26.23
1,2007-09-10,27.38
1,2007-09-11,25.27
1,2007-09-12,24.96
1,2007-09-13,24.76
1,2007-09-14,24.92
1,2007-09-17,26.48
1,2007-09-18,20.35
1,2007-09-19,20.03
1,2007-09-20,20.45
1,2007-09-21,19
1,2007-09-24,19.37
1,2007-09-25,18.6
1,2007-09-26,17.63
1,2007-09-27,17
1,2007-09-28,18
1,2007-10-01,17.84
1,2007-10-02,18.49
1,2007-10-03,18.8
1,2007-10-04,18.44
1,2007-10-05,16.91
1,2007-10-08,17.46
1,2007-10-09,16.12
1,2007-10-10,16.67
1,2007-10-11,18.88
1,2007-10-12,17.73
1,2007-10-15,19.25
1,2007-10-16,20.02
1,2007-10-17,18.54
1,2007-10-18,18.5
1,2007-10-19,22.96
1,2007-10-22,21.64
1,2007-10-23,20.41
1,2007-10-24,20.8
1,2007-10-25,21.17
1,2007-10-26,19.56
1,2007-10-29,19.87
1,2007-10-30,21.07
1,2007-10-31,18.53
1,2007-11-01,23.21
1,2007-11-02,23.01
1,2007-11-05,24.31
1,2007-11-06,21.39
1,2007-11-07,26.49
1,2007-11-08,26.16
1,2007-11-09,28.5
1,2007-11-12,31.09
1,2007-11-13,24.1
1,2007-11-14,25.94
1,2007-11-15,28.06
1,2007-11-16,25.49
1,2007-11-19,26.01
1,2007-11-20,24.88
1,2007-11-21,26.84
1,2007-11-23,25.61
1,2007-11-26,28.91
1,2007-11-27,26.28
1,2007-11-28,24.11
1,2007-11-29,23.97
1,2007-11-30,22.87
1,2007-12-03,23.61
1,2007-12-04,23.79
1,2007-12-05,22.53
1,2007-12-06,20.96
1,2007-12-07,20.85
1,2007-12-10,20.74
1,2007-12-11,23.59
1,2007-12-12,22.47
1,2007-12-13,22.56
1,2007-12-14,23.27
1,2007-12-17,24.52
1,2007-12-18,22.64
1,2007-12-19,21.68
1,2007-12-20,20.58
1,2007-12-21,18.47
1,2007-12-24,18.6
1,2007-12-26,18.66
1,2007-12-27,20.26
1,2007-12-28,20.74
1,2007-12-31,22.5
1,2008-01-02,23.17
1,2008-01-03,22.49
1,2008-01-04,23.94
1,2008-01-07,23.79
1,2008-01-08,25.43
1,2008-01-09,24.12
1,2008-01-10,23.45
1,2008-01-11,23.68
1,2008-01-14,22.9
1,2008-01-15,23.34
1,2008-01-16,24.38
1,2008-01-17,28.46
1,2008-01-18,27.18
1,2008-01-22,31.01
1,2008-01-23,29.02
1,2008-01-24,27.78
1,2008-01-25,29.08
1,2008-01-28,27.78
1,2008-01-29,27.32
1,2008-01-30,27.62
1,2008-01-31,26.2
1,2008-02-01,24.02
1,2008-02-04,25.99
1,2008-02-05,28.24
1,2008-02-06,28.97
1,2008-02-07,27.66
1,2008-02-08,28.01
1,2008-02-11,27.6
1,2008-02-12,26.33
1,2008-02-13,24.88
1,2008-02-14,25.54
1,2008-02-15,25.02
1,2008-02-19,25.59
1,2008-02-20,24.4
1,2008-02-21,25.12
1,2008-02-22,24.06
1,2008-02-25,23.03
1,2008-02-26,21.9
1,2008-02-27,22.69
1,2008-02-28,23.53
1,2008-02-29,26.54
1,2008-03-03,26.28
1,2008-03-04,25.52
1,2008-03-05,24.6
1,2008-03-06,27.55
1,2008-03-07,27.49
1,2008-03-10,29.38
1,2008-03-11,26.36
1,2008-03-12,27.22
1,2008-03-13,27.29
1,2008-03-14,31.16
1,2008-03-17,32.24
1,2008-03-18,25.79
1,2008-03-19,29.84
1,2008-03-20,26.62
1,2008-03-24,25.73
1,2008-03-25,25.72
1,2008-03-26,26.08
1,2008-03-27,25.88
1,2008-03-28,25.71
1,2008-03-31,25.61
1,2008-04-01,22.68
1,2008-04-02,23.43
1,2008-04-03,23.21
1,2008-04-04,22.45
1,2008-04-07,22.42
1,2008-04-08,22.36
1,2008-04-09,22.81
1,2008-04-10,21.98
1,2008-04-11,23.46
1,2008-04-14,23.82
1,2008-04-15,22.78
1,2008-04-16,20.53
1,2008-04-17,20.37
1,2008-04-18,20.13
1,2008-04-21,20.5
1,2008-04-22,20.87
1,2008-04-23,20.26
1,2008-04-24,20.06
1,2008-04-25,19.59
1,2008-04-28,19.64
1,2008-04-29,20.24
1,2008-04-30,20.79
1,2008-05-01,18.88
1,2008-05-02,18.18
1,2008-05-05,18.9
1,2008-05-06,18.21
1,2008-05-07,19.73
1,2008-05-08,19.4
1,2008-05-09,19.41
1,2008-05-12,17.79
1,2008-05-13,17.98
1,2008-05-14,17.66
1,2008-05-15,16.3
1,2008-05-16,16.47
1,2008-05-19,17.01
1,2008-05-20,17.58
1,2008-05-21,18.59
1,2008-05-22,18.05
1,2008-05-23,19.55
1,2008-05-27,19.64
1,2008-05-28,19.07
1,2008-05-29,18.14
1,2008-05-30,17.83
1,2008-06-02,19.83
1,2008-06-03,20.24
1,2008-06-04,20.8
1,2008-06-05,18.63
1,2008-06-06,23.56
1,2008-06-09,23.12
1,2008-06-10,23.18
1,2008-06-11,24.12
1,2008-06-12,23.33
1,2008-06-13,21.22
1,2008-06-16,20.95
1,2008-06-17,21.13
1,2008-06-18,22.24
1,2008-06-19,21.58
1,2008-06-20,22.87
1,2008-06-23,22.64
1,2008-06-24,22.42
1,2008-06-25,21.14
1,2008-06-26,23.93
1,2008-06-27,23.44
1,2008-06-30,23.95
1,2008-07-01,23.65
1,2008-07-02,25.92
1,2008-07-03,24.79
1,2008-07-07,25.78
1,2008-07-08,23.15
1,2008-07-09,25.23
1,2008-07-10,25.59
1,2008-07-11,27.49
1,2008-07-14,28.48
1,2008-07-15,28.54
1,2008-07-16,25.1
1,2008-07-17,25.01
1,2008-07-18,24.05
1,2008-07-21,23.05
1,2008-07-22,21.18
1,2008-07-23,21.31
1,2008-07-24,23.44
1,2008-07-25,22.91
1,2008-07-28,24.23
1,2008-07-29,22.03
1,2008-07-30,21.21
1,2008-07-31,22.94
1,2008-08-01,22.57
1,2008-08-04,23.49
1,2008-08-05,21.14
1,2008-08-06,20.23
1,2008-08-07,21.15
1,2008-08-08,20.66
1,2008-08-11,20.12
1,2008-08-12,21.17
1,2008-08-13,21.55
1,2008-08-14,20.34
1,2008-08-15,19.58
1,2008-08-18,20.98
1,2008-08-19,21.28
1,2008-08-20,20.42
1,2008-08-21,19.82
1,2008-08-22,18.81
1,2008-08-25,20.97
1,2008-08-26,20.49
1,2008-08-27,19.76
1,2008-08-28,19.43
1,2008-08-29,20.65
1,2008-09-02,21.99
1,2008-09-03,21.43
1,2008-09-04,24.03
1,2008-09-05,23.06
1,2008-09-08,22.64
1,2008-09-09,25.47
1,2008-09-10,24.52
1,2008-09-11,24.39
1,2008-09-12,25.66
1,2008-09-15,31.7
1,2008-09-16,30.3
1,2008-09-17,36.22
1,2008-09-18,33.1
1,2008-09-19,32.07
1,2008-09-22,33.85
1,2008-09-23,35.72
1,2008-09-24,35.19
1,2008-09-25,32.82
1,2008-09-26,34.74
1,2008-09-29,46.72
1,2008-09-30,39.39
1,2008-10-01,39.81
1,2008-10-02,45.26
1,2008-10-03,45.14
1,2008-10-06,52.05
1,2008-10-07,53.68
1,2008-10-08,57.53
1,2008-10-09,63.92
1,2008-10-10,69.95
1,2008-10-13,54.99
1,2008-10-14,55.13
1,2008-10-15,69.25
1,2008-10-16,67.61
1,2008-10-17,70.33
1,2008-10-20,52.97
1,2008-10-21,53.11
1,2008-10-22,69.65
1,2008-10-23,67.8
1,2008-10-24,79.13
1,2008-10-27,80.06
1,2008-10-28,66.96
1,2008-10-29,69.96
1,2008-10-30,62.9
1,2008-10-31,59.89
1,2008-11-03,53.68
1,2008-11-04,47.73
1,2008-11-05,54.56
1,2008-11-06,63.68
1,2008-11-07,56.1
1,2008-11-10,59.98
1,2008-11-11,61.44
1,2008-11-12,66.46
1,2008-11-13,59.83
1,2008-11-14,66.31
1,2008-11-17,69.15
1,2008-11-18,67.64
1,2008-11-19,74.26
1,2008-11-20,80.86
1,2008-11-21,72.67
1,2008-11-24,64.7
1,2008-11-25,60.9
1,2008-11-26,54.92
1,2008-11-28,55.84
1,2008-12-01,68.51
1,2008-12-02,62.98
1,2008-12-03,60.72
1,2008-12-04,63.64
1,2008-12-05,59.93
1,2008-12-08,58.49
1,2008-12-09,58.91
1,2008-12-10,55.73
1,2008-12-11,55.78
1,2008-12-12,54.28
1,2008-12-15,56.76
1,2008-12-16,52.37
1,2008-12-17,49.84
1,2008-12-18,47.34
1,2008-12-19,44.93
1,2008-12-22,44.56
1,2008-12-23,45.02
1,2008-12-24,44.21
1,2008-12-26,43.38
1,2008-12-29,43.9
1,2008-12-30,41.63
1,2008-12-31,40
1,2009-01-02,39.19
1,2009-01-05,39.08
1,2009-01-06,38.56
1,2009-01-07,43.39
1,2009-01-08,42.56
1,2009-01-09,42.82
1,2009-01-12,45.84
1,2009-01-13,43.27
1,2009-01-14,49.14
1,2009-01-15,51
1,2009-01-16,46.11
1,2009-01-20,56.65
1,2009-01-21,46.42
1,2009-01-22,47.29
1,2009-01-23,47.27
1,2009-01-26,45.69
1,2009-01-27,42.25
1,2009-01-28,39.66
1,2009-01-29,42.63
1,2009-01-30,44.84
1,2009-02-02,45.52
1,2009-02-03,43.06
1,2009-02-04,43.85
1,2009-02-05,43.73
1,2009-02-06,43.37
1,2009-02-09,43.64
1,2009-02-10,46.67
1,2009-02-11,44.53
1,2009-02-12,41.25
1,2009-02-13,42.93
1,2009-02-17,48.66
1,2009-02-18,48.46
1,2009-02-19,47.08
1,2009-02-20,49.3
1,2009-02-23,52.62
1,2009-02-24,45.49
1,2009-02-25,44.67
1,2009-02-26,44.66
1,2009-02-27,46.35
1,2009-03-02,52.65
1,2009-03-03,50.93
1,2009-03-04,47.56
1,2009-03-05,50.17
1,2009-03-06,49.33
1,2009-03-09,49.68
1,2009-03-10,44.37
1,2009-03-11,43.61
1,2009-03-12,41.18
1,2009-03-13,42.36
1,2009-03-16,43.74
1,2009-03-17,40.8
1,2009-03-18,40.06
1,2009-03-19,43.68
1,2009-03-20,45.89
1,2009-03-23,43.23
1,2009-03-24,42.93
1,2009-03-25,42.25
1,2009-03-26,40.36
1,2009-03-27,41.04
1,2009-03-30,45.54
1,2009-03-31,44.14
1,2009-04-01,42.28
1,2009-04-02,42.04
1,2009-04-03,39.7
1,2009-04-06,40.93
1,2009-04-07,40.39
1,2009-04-08,38.85
1,2009-04-09,36.53
1,2009-04-13,37.81
1,2009-04-14,37.67
1,2009-04-15,36.17
1,2009-04-16,35.79
1,2009-04-17,33.94
1,2009-04-20,39.18
1,2009-04-21,37.14
1,2009-04-22,38.1
1,2009-04-23,37.15
1,2009-04-24,36.82
1,2009-04-27,38.32
1,2009-04-28,37.95
1,2009-04-29,36.08
1,2009-04-30,36.5
1,2009-05-01,35.3
1,2009-05-04,34.53
1,2009-05-05,33.36
1,2009-05-06,32.45
1,2009-05-07,33.44
1,2009-05-08,32.05
1,2009-05-11,32.87
1,2009-05-12,31.8
1,2009-05-13,33.65
1,2009-05-14,31.37
1,2009-05-15,33.12
1,2009-05-18,30.24
1,2009-05-19,28.8
1,2009-05-20,29.03
1,2009-05-21,31.35
1,2009-05-22,32.63
1,2009-05-26,30.62
1,2009-05-27,32.36
1,2009-05-28,31.67
1,2009-05-29,28.92
1,2009-06-01,30.04
1,2009-06-02,29.63
1,2009-06-03,31.02
1,2009-06-04,30.18
1,2009-06-05,29.62
1,2009-06-08,29.77
1,2009-06-09,28.27
1,2009-06-10,28.46
1,2009-06-11,28.11
1,2009-06-12,28.15
1,2009-06-15,30.81
1,2009-06-16,32.68
1,2009-06-17,31.54
1,2009-06-18,30.03
1,2009-06-19,27.99
1,2009-06-22,31.17
1,2009-06-23,30.58
1,2009-06-24,29.05
1,2009-06-25,26.36
1,2009-06-26,25.93
1,2009-06-29,25.35
1,2009-06-30,26.35
1,2009-07-01,26.22
1,2009-07-02,27.95
1,2009-07-06,29
1,2009-07-07,30.85
1,2009-07-08,31.3
1,2009-07-09,29.78
1,2009-07-10,29.02
1,2009-07-13,26.31
1,2009-07-14,25.02
1,2009-07-15,25.89
1,2009-07-16,25.42
1,2009-07-17,24.34
1,2009-07-20,24.4
1,2009-07-21,23.87
1,2009-07-22,23.47
1,2009-07-23,23.43
1,2009-07-24,23.09
1,2009-07-27,24.28
1,2009-07-28,25.01
1,2009-07-29,25.61
1,2009-07-30,25.4
1,2009-07-31,25.92
1,2009-08-03,25.56
1,2009-08-04,24.89
1,2009-08-05,24.9
1,2009-08-06,25.67
1,2009-08-07,24.76
1,2009-08-10,24.99
1,2009-08-11,25.99
1,2009-08-12,25.45
1,2009-08-13,24.71
1,2009-08-14,24.27
1,2009-08-17,27.89
1,2009-08-18,26.18
1,2009-08-19,26.26
1,2009-08-20,25.09
1,2009-08-21,25.01
1,2009-08-24,25.14
1,2009-08-25,24.92
1,2009-08-26,24.95
1,2009-08-27,24.68
1,2009-08-28,24.76
1,2009-08-31,26.01
1,2009-09-01,29.15
1,2009-09-02,28.9
1,2009-09-03,27.1
1,2009-09-04,25.26
1,2009-09-08,25.62
1,2009-09-09,24.32
1,2009-09-10,23.55
1,2009-09-11,24.15
1,2009-09-14,23.86
1,2009-09-15,23.42
1,2009-09-16,23.69
1,2009-09-17,23.65
1,2009-09-18,23.92
1,2009-09-21,24.06
1,2009-09-22,23.08
1,2009-09-23,23.49
1,2009-09-24,24.95
1,2009-09-25,25.61
1,2009-09-28,24.88
1,2009-09-29,25.19
1,2009-09-30,25.61
1,2009-10-01,28.27
1,2009-10-02,28.68
1,2009-10-05,26.84
1,2009-10-06,25.7
1,2009-10-07,24.68
1,2009-10-08,24.18
1,2009-10-09,23.12
1,2009-10-12,23.01
1,2009-10-13,22.99
1,2009-10-14,22.86
1,2009-10-15,21.72
1,2009-10-16,21.43
1,2009-10-19,21.49
1,2009-10-20,20.9
1,2009-10-21,22.22
1,2009-10-22,20.69
1,2009-10-23,22.27
1,2009-10-26,24.31
1,2009-10-27,24.83
1,2009-10-28,27.91
1,2009-10-29,24.76
1,2009-10-30,30.69
1,2009-11-02,29.78
1,2009-11-03,28.81
1,2009-11-04,27.72
1,2009-11-05,25.43
1,2009-11-06,24.19
1,2009-11-09,23.15
1,2009-11-10,22.84
1,2009-11-11,23.04
1,2009-11-12,24.24
1,2009-11-13,23.36
1,2009-11-16,22.89
1,2009-11-17,22.41
1,2009-11-18,21.63
1,2009-11-19,22.63
1,2009-11-20,22.19
1,2009-11-23,21.16
1,2009-11-24,20.47
1,2009-11-25,20.48
1,2009-11-27,24.85
1,2009-11-30,24.51
1,2009-12-01,21.92
1,2009-12-02,21.12
1,2009-12-03,22.46
1,2009-12-04,21.25
1,2009-12-07,22.1
1,2009-12-08,23.69
1,2009-12-09,22.66
1,2009-12-10,22.32
1,2009-12-11,21.59
1,2009-12-14,21.15
1,2009-12-15,21.49
1,2009-12-16,20.54
1,2009-12-17,22.51
1,2009-12-18,21.68
1,2009-12-21,20.49
1,2009-12-22,19.54
1,2009-12-23,19.71
1,2009-12-24,19.47
1,2009-12-28,19.93
1,2009-12-29,20.01
1,2009-12-30,19.96
1,2009-12-31,21.68
1,2010-01-04,20.04
1,2010-01-05,19.35
1,2010-01-06,19.16
1,2010-01-07,19.06
1,2010-01-08,18.13
1,2010-01-11,17.55
1,2010-01-12,18.25
1,2010-01-13,17.85
1,2010-01-14,17.63
1,2010-01-15,17.91
1,2010-01-19,17.58
1,2010-01-20,18.68
1,2010-01-21,22.27
1,2010-01-22,27.31
1,2010-01-25,25.41
1,2010-01-26,24.55
1,2010-01-27,23.14
1,2010-01-28,23.73
1,2010-01-29,24.62
1,2010-02-01,22.59
1,2010-02-02,21.48
1,2010-02-03,21.6
1,2010-02-04,26.08
1,2010-02-05,26.11
1,2010-02-08,26.51
1,2010-02-09,26
1,2010-02-10,25.4
1,2010-02-11,23.96
1,2010-02-12,22.73
1,2010-02-16,22.25
1,2010-02-17,21.72
1,2010-02-18,20.63
1,2010-02-19,20.02
1,2010-02-22,19.94
1,2010-02-23,21.37
1,2010-02-24,20.27
1,2010-02-25,20.1
1,2010-02-26,19.5
1,2010-03-01,19.26
1,2010-03-02,19.06
1,2010-03-03,18.83
1,2010-03-04,18.72
1,2010-03-05,17.42
1,2010-03-08,17.79
1,2010-03-09,17.92
1,2010-03-10,18.57
1,2010-03-11,18.06
1,2010-03-12,17.58
1,2010-03-15,18
1,2010-03-16,17.69
1,2010-03-17,16.91
1,2010-03-18,16.62
1,2010-03-19,16.97
1,2010-03-22,16.87
1,2010-03-23,16.35
1,2010-03-24,17.55
1,2010-03-25,18.4
1,2010-03-26,17.77
1,2010-03-29,17.59
1,2010-03-30,17.13
1,2010-03-31,17.59
1,2010-04-01,17.47
1,2010-04-05,17.02
1,2010-04-06,16.23
1,2010-04-07,16.62
1,2010-04-08,16.48
1,2010-04-09,16.14
1,2010-04-12,15.58
1,2010-04-13,16.2
1,2010-04-14,15.59
1,2010-04-15,15.89
1,2010-04-16,18.36
1,2010-04-19,17.34
1,2010-04-20,15.73
1,2010-04-21,16.32
1,2010-04-22,16.47
1,2010-04-23,16.62
1,2010-04-26,17.47
1,2010-04-27,22.81
1,2010-04-28,21.08
1,2010-04-29,18.44
1,2010-04-30,22.05
1,2010-05-03,20.19
1,2010-05-04,23.84
1,2010-05-05,24.91
1,2010-05-06,32.8
1,2010-05-07,40.95
1,2010-05-10,28.84
1,2010-05-11,28.32
1,2010-05-12,25.52
1,2010-05-13,26.68
1,2010-05-14,31.24
1,2010-05-17,30.84
1,2010-05-18,33.55
1,2010-05-19,35.32
1,2010-05-20,45.79
1,2010-05-21,40.1
1,2010-05-24,38.32
1,2010-05-25,34.61
1,2010-05-26,35.02
1,2010-05-27,29.68
1,2010-05-28,32.07
1,2010-06-01,35.54
1,2010-06-02,30.17
1,2010-06-03,29.46
1,2010-06-04,35.48
1,2010-06-07,36.57
1,2010-06-08,33.7
1,2010-06-09,33.73
1,2010-06-10,30.57
1,2010-06-11,28.79
1,2010-06-14,28.58
1,2010-06-15,25.87
1,2010-06-16,25.92
1,2010-06-17,25.05
1,2010-06-18,23.95
1,2010-06-21,24.88
1,2010-06-22,27.05
1,2010-06-23,26.91
1,2010-06-24,29.74
1,2010-06-25,28.53
1,2010-06-28,29
1,2010-06-29,34.13
1,2010-06-30,34.54
1,2010-07-01,32.86
1,2010-07-02,30.12
1,2010-07-06,29.65
1,2010-07-07,26.84
1,2010-07-08,25.71
1,2010-07-09,24.98
1,2010-07-12,24.43
1,2010-07-13,24.56
1,2010-07-14,24.89
1,2010-07-15,25.14
1,2010-07-16,26.25
1,2010-07-19,25.97
1,2010-07-20,23.93
1,2010-07-21,25.64
1,2010-07-22,24.63
1,2010-07-23,23.47
1,2010-07-26,22.73
1,2010-07-27,23.19
1,2010-07-28,24.25
1,2010-07-29,24.13
1,2010-07-30,23.5
1,2010-08-02,22.01
1,2010-08-03,22.63
1,2010-08-04,22.21
1,2010-08-05,22.1
1,2010-08-06,21.74
1,2010-08-09,22.14
1,2010-08-10,22.37
1,2010-08-11,25.39
1,2010-08-12,25.73
1,2010-08-13,26.24
1,2010-08-16,26.1
1,2010-08-17,24.33
1,2010-08-18,24.59
1,2010-08-19,26.44
1,2010-08-20,25.49
1,2010-08-23,25.66
1,2010-08-24,27.46
1,2010-08-25,26.7
1,2010-08-26,27.37
1,2010-08-27,24.45
1,2010-08-30,27.21
1,2010-08-31,26.05
1,2010-09-01,23.89
1,2010-09-02,23.19
1,2010-09-03,21.31
1,2010-09-07,23.8
1,2010-09-08,23.25
1,2010-09-09,22.81
1,2010-09-10,21.99
1,2010-09-13,21.21
1,2010-09-14,21.56
1,2010-09-15,22.1
1,2010-09-16,21.72
1,2010-09-17,22.01
1,2010-09-20,21.5
1,2010-09-21,22.35
1,2010-09-22,22.51
1,2010-09-23,23.87
1,2010-09-24,21.71
1,2010-09-27,22.54
1,2010-09-28,22.6
1,2010-09-29,23.25
1,2010-09-30,23.7
1,2010-10-01,22.5
1,2010-10-04,23.53
1,2010-10-05,21.76
1,2010-10-06,21.49
1,2010-10-07,21.56
1,2010-10-08,20.71
1,2010-10-11,18.96
1,2010-10-12,18.93
1,2010-10-13,19.07
1,2010-10-14,19.88
1,2010-10-15,19.03
1,2010-10-18,19.09
1,2010-10-19,20.63
1,2010-10-20,19.79
1,2010-10-21,19.27
1,2010-10-22,18.78
1,2010-10-25,19.85
1,2010-10-26,20.22
1,2010-10-27,20.71
1,2010-10-28,20.88
1,2010-10-29,21.2
1,2010-11-01,21.83
1,2010-11-02,21.57
1,2010-11-03,19.56
1,2010-11-04,18.52
1,2010-11-05,18.26
1,2010-11-08,18.29
1,2010-11-09,19.08
1,2010-11-10,18.47
1,2010-11-11,18.64
1,2010-11-12,20.61
1,2010-11-15,20.2
1,2010-11-16,22.58
1,2010-11-17,21.76
1,2010-11-18,18.75
1,2010-11-19,18.04
1,2010-11-22,18.37
1,2010-11-23,20.63
1,2010-11-24,19.56
1,2010-11-26,22.22
1,2010-11-29,21.53
1,2010-11-30,23.54
1,2010-12-01,21.36
1,2010-12-02,19.39
1,2010-12-03,18.01
1,2010-12-06,18.02
1,2010-12-07,17.99
1,2010-12-08,17.74
1,2010-12-09,17.25
1,2010-12-10,17.61
1,2010-12-13,17.55
1,2010-12-14,17.61
1,2010-12-15,17.94
1,2010-12-16,17.39
1,2010-12-17,16.11
1,2010-12-20,16.41
1,2010-12-21,16.49
1,2010-12-22,15.45
1,2010-12-23,16.47
1,2010-12-27,17.67
1,2010-12-28,17.52
1,2010-12-29,17.28
1,2010-12-30,17.52
1,2010-12-31,17.75
1,2011-01-03,17.61
1,2011-01-04,17.38
1,2011-01-05,17.02
1,2011-01-06,17.4
1,2011-01-07,17.14
1,2011-01-10,17.54
1,2011-01-11,16.89
1,2011-01-12,16.24
1,2011-01-13,16.39
1,2011-01-14,15.46
1,2011-01-18,15.87
1,2011-01-19,17.31
1,2011-01-20,17.99
1,2011-01-21,18.47
1,2011-01-24,17.65
1,2011-01-25,17.59
1,2011-01-26,16.64
1,2011-01-27,16.15
1,2011-01-28,20.04
1,2011-01-31,19.53
1,2011-02-01,17.63
1,2011-02-02,17.3
1,2011-02-03,16.69
1,2011-02-04,15.93
1,2011-02-07,16.28
1,2011-02-08,15.81
1,2011-02-09,15.87
1,2011-02-10,16.09
1,2011-02-11,15.69
1,2011-02-14,15.95
1,2011-02-15,16.37
1,2011-02-16,16.72
1,2011-02-17,16.59
1,2011-02-18,16.43
1,2011-02-22,20.8
1,2011-02-23,22.13
1,2011-02-24,21.32
1,2011-02-25,19.22
1,2011-02-28,18.35
1,2011-03-01,21.01
1,2011-03-02,20.7
1,2011-03-03,18.6
1,2011-03-04,19.06
1,2011-03-07,20.66
1,2011-03-08,19.82
1,2011-03-09,20.22
1,2011-03-10,21.88
1,2011-03-11,20.08
1,2011-03-14,21.13
1,2011-03-15,24.32
1,2011-03-16,29.4
1,2011-03-17,26.37
1,2011-03-18,24.44
1,2011-03-21,20.61
1,2011-03-22,20.21
1,2011-03-23,19.17
1,2011-03-24,18
1,2011-03-25,17.91
1,2011-03-28,19.44
1,2011-03-29,18.16
1,2011-03-30,17.71
1,2011-03-31,17.74
1,2011-04-01,17.4
1,2011-04-04,17.5
1,2011-04-05,17.25
1,2011-04-06,16.9
1,2011-04-07,17.11
1,2011-04-08,17.87
1,2011-04-11,16.59
1,2011-04-12,17.09
1,2011-04-13,16.92
1,2011-04-14,16.27
1,2011-04-15,15.32
1,2011-04-18,16.96
1,2011-04-19,15.83
1,2011-04-20,15.07
1,2011-04-21,14.69
1,2011-04-25,15.77
1,2011-04-26,15.62
1,2011-04-27,15.35
1,2011-04-28,14.62
1,2011-04-29,14.75
1,2011-05-02,15.99
1,2011-05-03,16.7
1,2011-05-04,17.08
1,2011-05-05,18.2
1,2011-05-06,18.4
1,2011-05-09,17.16
1,2011-05-10,15.91
1,2011-05-11,16.95
1,2011-05-12,16.03
1,2011-05-13,17.07
1,2011-05-16,18.24
1,2011-05-17,17.55
1,2011-05-18,16.23
1,2011-05-19,15.52
1,2011-05-20,17.43
1,2011-05-23,18.27
1,2011-05-24,17.82
1,2011-05-25,17.07
1,2011-05-26,16.09
1,2011-05-27,15.98
1,2011-05-31,15.45
1,2011-06-01,18.3
1,2011-06-02,18.09
1,2011-06-03,17.95
1,2011-06-06,18.49
1,2011-06-07,18.07
1,2011-06-08,18.79
1,2011-06-09,17.77
1,2011-06-10,18.86
1,2011-06-13,19.61
1,2011-06-14,18.26
1,2011-06-15,21.32
1,2011-06-16,22.73
1,2011-06-17,21.85
1,2011-06-20,19.99
1,2011-06-21,18.86
1,2011-06-22,18.52
1,2011-06-23,19.29
1,2011-06-24,21.1
1,2011-06-27,20.56
1,2011-06-28,19.17
1,2011-06-29,17.27
1,2011-06-30,16.52
1,2011-07-01,15.87
1,2011-07-05,16.06
1,2011-07-06,16.34
1,2011-07-07,15.95
1,2011-07-08,15.95
1,2011-07-11,18.39
1,2011-07-12,19.87
1,2011-07-13,19.91
1,2011-07-14,20.8
1,2011-07-15,19.53
1,2011-07-18,20.95
1,2011-07-19,19.21
1,2011-07-20,19.09
1,2011-07-21,17.56
1,2011-07-22,17.52
1,2011-07-25,19.35
1,2011-07-26,20.23
1,2011-07-27,22.98
1,2011-07-28,23.74
1,2011-07-29,25.25
1,2011-08-01,23.66
1,2011-08-02,24.79
1,2011-08-03,23.38
1,2011-08-04,31.66
1,2011-08-05,32
1,2011-08-08,48
1,2011-08-09,35.06
1,2011-08-10,42.99
1,2011-08-11,39
1,2011-08-12,36.36
1,2011-08-15,31.87
1,2011-08-16,32.85
1,2011-08-17,31.58
1,2011-08-18,42.67
1,2011-08-19,43.05
1,2011-08-22,42.44
1,2011-08-23,36.27
1,2011-08-24,35.9
1,2011-08-25,39.76
1,2011-08-26,35.59
1,2011-08-29,32.28
1,2011-08-30,32.89
1,2011-08-31,31.62
1,2011-09-01,31.82
1,2011-09-02,33.92
1,2011-09-06,37
1,2011-09-07,33.38
1,2011-09-08,34.32
1,2011-09-09,38.52
1,2011-09-12,38.59
1,2011-09-13,36.91
1,2011-09-14,34.6
1,2011-09-15,31.97
1,2011-09-16,30.98
1,2011-09-19,32.73
1,2011-09-20,32.86
1,2011-09-21,37.32
1,2011-09-22,41.35
1,2011-09-23,41.25
1,2011-09-26,39.02
1,2011-09-27,37.71
1,2011-09-28,41.08
1,2011-09-29,38.84
1,2011-09-30,42.96
1,2011-10-03,45.45
1,2011-10-04,40.82
1,2011-10-05,37.81
1,2011-10-06,36.27
1,2011-10-07,36.2
1,2011-10-10,33.02
1,2011-10-11,32.86
1,2011-10-12,31.26
1,2011-10-13,30.7
1,2011-10-14,28.24
1,2011-10-17,33.39
1,2011-10-18,31.56
1,2011-10-19,34.44
1,2011-10-20,34.78
1,2011-10-21,31.32
1,2011-10-24,29.26
1,2011-10-25,32.22
1,2011-10-26,29.86
1,2011-10-27,25.46
1,2011-10-28,24.53
1,2011-10-31,29.96
1,2011-11-01,34.77
1,2011-11-02,32.74
1,2011-11-03,30.5
1,2011-11-04,30.16
1,2011-11-07,29.85
1,2011-11-08,27.48
1,2011-11-09,36.16
1,2011-11-10,32.81
1,2011-11-11,30.04
1,2011-11-14,31.13
1,2011-11-15,31.22
1,2011-11-16,33.51
1,2011-11-17,34.51
1,2011-11-18,32
1,2011-11-21,32.91
1,2011-11-22,31.97
1,2011-11-23,33.98
1,2011-11-25,34.47
1,2011-11-28,32.13
1,2011-11-29,30.64
1,2011-11-30,27.8
1,2011-12-01,27.41
1,2011-12-02,27.52
1,2011-12-05,27.84
1,2011-12-06,28.13
1,2011-12-07,28.67
1,2011-12-08,30.59
1,2011-12-09,26.38
1,2011-12-12,25.67
1,2011-12-13,25.41
1,2011-12-14,26.04
1,2011-12-15,25.11
1,2011-12-16,24.29
1,2011-12-19,24.92
1,2011-12-20,23.22
1,2011-12-21,21.43
1,2011-12-22,21.16
1,2011-12-23,20.73
1,2011-12-27,21.91
1,2011-12-28,23.52
1,2011-12-29,22.65
1,2011-12-30,23.4
1,2012-01-03,22.97
1,2012-01-04,22.22
1,2012-01-05,21.48
1,2012-01-06,20.63
1,2012-01-09,21.07
1,2012-01-10,20.69
1,2012-01-11,21.05
1,2012-01-12,20.47
1,2012-01-13,20.91
1,2012-01-17,22.2
1,2012-01-18,20.89
1,2012-01-19,19.87
1,2012-01-20,18.28
1,2012-01-23,18.67
1,2012-01-24,18.91
1,2012-01-25,18.31
1,2012-01-26,18.57
1,2012-01-27,18.53
1,2012-01-30,19.4
1,2012-01-31,19.44
1,2012-02-01,18.55
1,2012-02-02,17.98
1,2012-02-03,17.1
1,2012-02-06,17.76
1,2012-02-07,17.65
1,2012-02-08,18.16
1,2012-02-09,18.63
1,2012-02-10,20.79
1,2012-02-13,19.04
1,2012-02-14,19.54
1,2012-02-15,21.14
1,2012-02-16,19.22
1,2012-02-17,17.78
1,2012-02-21,18.19
1,2012-02-22,18.19
1,2012-02-23,16.8
1,2012-02-24,17.31
1,2012-02-27,18.19
1,2012-02-28,17.96
1,2012-02-29,18.43
1,2012-03-01,17.26
1,2012-03-02,17.29
1,2012-03-05,18.05
1,2012-03-06,20.87
1,2012-03-07,19.07
1,2012-03-08,17.95
1,2012-03-09,17.11
1,2012-03-12,15.64
1,2012-03-13,14.8
1,2012-03-14,15.31
1,2012-03-15,15.42
1,2012-03-16,14.47
1,2012-03-19,15.04
1,2012-03-20,15.58
1,2012-03-21,15.13
1,2012-03-22,15.57
1,2012-03-23,14.82
1,2012-03-26,14.26
1,2012-03-27,15.59
1,2012-03-28,15.47
1,2012-03-29,15.48
1,2012-03-30,15.5
1,2012-04-02,15.64
1,2012-04-03,15.66
1,2012-04-04,16.44
1,2012-04-05,16.7
1,2012-04-09,18.81
1,2012-04-10,20.39
1,2012-04-11,20.02
1,2012-04-12,17.2
1,2012-04-13,19.55
1,2012-04-16,19.55
1,2012-04-17,18.46
1,2012-04-18,18.64
1,2012-04-19,18.36
1,2012-04-20,17.44
1,2012-04-23,18.97
1,2012-04-24,18.1
1,2012-04-25,16.82
1,2012-04-26,16.24
1,2012-04-27,16.32
1,2012-04-30,17.15
1,2012-05-01,16.6
1,2012-05-02,16.88
1,2012-05-03,17.56
1,2012-05-04,19.16
1,2012-05-07,18.94
1,2012-05-08,19.05
1,2012-05-09,20.08
1,2012-05-10,18.83
1,2012-05-11,19.89
1,2012-05-14,21.87
1,2012-05-15,21.97
1,2012-05-16,22.27
1,2012-05-17,24.49
1,2012-05-18,25.1
1,2012-05-21,22.01
1,2012-05-22,22.48
1,2012-05-23,22.33
1,2012-05-24,21.54
1,2012-05-25,21.76
1,2012-05-29,21.03
1,2012-05-30,24.14
1,2012-05-31,24.06
1,2012-06-01,26.66
1,2012-06-04,26.12
1,2012-06-05,24.68
1,2012-06-06,22.16
1,2012-06-07,21.72
1,2012-06-08,21.23
1,2012-06-11,23.56
1,2012-06-12,22.09
1,2012-06-13,24.27
1,2012-06-14,21.68
1,2012-06-15,21.11
1,2012-06-18,18.32
1,2012-06-19,18.38
1,2012-06-20,17.24
1,2012-06-21,20.08
1,2012-06-22,18.11
1,2012-06-25,20.38
1,2012-06-26,19.72
1,2012-06-27,19.45
1,2012-06-28,19.71
1,2012-06-29,17.08
1,2012-07-02,16.8
1,2012-07-03,16.66
1,2012-07-05,17.5
1,2012-07-06,17.1
1,2012-07-09,17.98
1,2012-07-10,18.72
1,2012-07-11,17.95
1,2012-07-12,18.33
1,2012-07-13,16.74
1,2012-07-16,17.11
1,2012-07-17,16.48
1,2012-07-18,16.16
1,2012-07-19,15.45
1,2012-07-20,16.27
1,2012-07-23,18.62
1,2012-07-24,20.47
1,2012-07-25,19.34
1,2012-07-26,17.53
1,2012-07-27,16.7
1,2012-07-30,18.03
1,2012-07-31,18.93
1,2012-08-01,18.96
1,2012-08-02,17.57
1,2012-08-03,15.64
1,2012-08-06,15.95
1,2012-08-07,15.99
1,2012-08-08,15.32
1,2012-08-09,15.28
1,2012-08-10,14.74
1,2012-08-13,13.7
1,2012-08-14,14.85
1,2012-08-15,14.63
1,2012-08-16,14.29
1,2012-08-17,13.45
1,2012-08-20,14.02
1,2012-08-21,15.02
1,2012-08-22,15.11
1,2012-08-23,15.96
1,2012-08-24,15.18
1,2012-08-27,16.35
1,2012-08-28,16.49
1,2012-08-29,17.06
1,2012-08-30,17.83
1,2012-08-31,17.47
1,2012-09-04,17.98
1,2012-09-05,17.74
1,2012-09-06,15.6
1,2012-09-07,14.38
1,2012-09-10,16.28
1,2012-09-11,16.41
1,2012-09-12,15.8
1,2012-09-13,14.05
1,2012-09-14,14.51
1,2012-09-17,14.59
1,2012-09-18,14.18
1,2012-09-19,13.88
1,2012-09-20,14.07
1,2012-09-21,13.98
1,2012-09-24,14.15
1,2012-09-25,15.43
1,2012-09-26,16.81
1,2012-09-27,14.84
1,2012-09-28,15.73
1,2012-10-01,16.32
1,2012-10-02,15.71
1,2012-10-03,15.43
1,2012-10-04,14.55
1,2012-10-05,14.33
1,2012-10-08,15.11
1,2012-10-09,16.37
1,2012-10-10,16.29
1,2012-10-11,15.59
1,2012-10-12,16.14
1,2012-10-15,15.27
1,2012-10-16,15.22
1,2012-10-17,15.07
1,2012-10-18,15.03
1,2012-10-19,17.06
1,2012-10-22,16.62
1,2012-10-23,18.83
1,2012-10-24,18.33
1,2012-10-25,18.12
1,2012-10-26,17.81
1,2012-10-31,18.6
1,2012-11-01,16.69
1,2012-11-02,17.59
1,2012-11-05,18.42
1,2012-11-06,17.58
1,2012-11-07,19.08
1,2012-11-08,18.49
1,2012-11-09,18.61
1,2012-11-12,16.68
1,2012-11-13,16.65
1,2012-11-14,17.92
1,2012-11-15,17.99
1,2012-11-16,16.41
1,2012-11-19,15.24
1,2012-11-20,15.08
1,2012-11-21,15.31
1,2012-11-23,15.14
1,2012-11-26,15.5
1,2012-11-27,15.92
1,2012-11-28,15.51
1,2012-11-29,15.06
1,2012-11-30,15.87
1,2012-12-03,16.64
1,2012-12-04,17.12
1,2012-12-05,16.46
1,2012-12-06,16.58
1,2012-12-07,15.9
1,2012-12-10,16.05
1,2012-12-11,15.57
1,2012-12-12,15.95
1,2012-12-13,16.56
1,2012-12-14,17
1,2012-12-17,16.34
1,2012-12-18,15.57
1,2012-12-19,17.36
1,2012-12-20,17.67
1,2012-12-21,17.84
1,2012-12-24,17.84
1,2012-12-26,19.48
1,2012-12-27,19.47
1,2012-12-28,22.72
1,2012-12-31,18.02
1,2013-01-02,14.68
1,2013-01-03,14.56
1,2013-01-04,13.83
1,2013-01-07,13.79
1,2013-01-08,13.62
1,2013-01-09,13.81
1,2013-01-10,13.49
1,2013-01-11,13.36
1,2013-01-14,13.52
1,2013-01-15,13.55
1,2013-01-16,13.42
1,2013-01-17,13.57
1,2013-01-18,12.46
1,2013-01-22,12.43
1,2013-01-23,12.46
1,2013-01-24,12.69
1,2013-01-25,12.89
1,2013-01-28,13.57
1,2013-01-29,13.31
1,2013-01-30,14.32
1,2013-01-31,14.28
1,2013-02-01,12.9
1,2013-02-04,14.67
1,2013-02-05,13.72
1,2013-02-06,13.41
1,2013-02-07,13.5
1,2013-02-08,13.02
1,2013-02-11,12.94
1,2013-02-12,12.64
1,2013-02-13,12.98
1,2013-02-14,12.66
1,2013-02-15,12.46
1,2013-02-19,12.31
1,2013-02-20,14.68
1,2013-02-21,15.22
1,2013-02-22,14.17
1,2013-02-25,18.99
1,2013-02-26,16.87
1,2013-02-27,14.73
1,2013-02-28,15.51
1,2013-03-01,15.36
1,2013-03-04,14.01
1,2013-03-05,13.48
1,2013-03-06,13.53
1,2013-03-07,13.06
1,2013-03-08,12.59
1,2013-03-11,11.56
1,2013-03-12,12.27
1,2013-03-13,11.83
1,2013-03-14,11.3
1,2013-03-15,11.3
1,2013-03-18,13.36
1,2013-03-19,14.39
1,2013-03-20,12.67
1,2013-03-21,13.99
1,2013-03-22,13.57
1,2013-03-25,13.74
1,2013-03-26,12.77
1,2013-03-27,13.15
1,2013-03-28,12.7
1,2013-04-01,13.58
1,2013-04-02,12.78
1,2013-04-03,14.21
1,2013-04-04,13.89
1,2013-04-05,13.92
1,2013-04-08,13.19
1,2013-04-09,12.84
1,2013-04-10,12.36
1,2013-04-11,12.24
1,2013-04-12,12.06
1,2013-04-15,17.27
1,2013-04-16,13.96
1,2013-04-17,16.51
1,2013-04-18,17.56
1,2013-04-19,14.97
1,2013-04-22,14.39
1,2013-04-23,13.48
1,2013-04-24,13.61
1,2013-04-25,13.62
1,2013-04-26,13.61
1,2013-04-29,13.71
1,2013-04-30,13.52
1,2013-05-01,14.49
1,2013-05-02,13.59
1,2013-05-03,12.85
1,2013-05-06,12.66
1,2013-05-07,12.83
1,2013-05-08,12.66
1,2013-05-09,13.13
1,2013-05-10,12.59
1,2013-05-13,12.55
1,2013-05-14,12.77
1,2013-05-15,12.81
1,2013-05-16,13.07
1,2013-05-17,12.45
1,2013-05-20,13.02
1,2013-05-21,13.37
1,2013-05-22,13.82
1,2013-05-23,14.07
1,2013-05-24,13.99
1,2013-05-28,14.48
1,2013-05-29,14.83
1,2013-05-30,14.53
1,2013-05-31,16.3
1,2013-06-03,16.28
1,2013-06-04,16.27
1,2013-06-05,17.5
1,2013-06-06,16.63
1,2013-06-07,15.14
1,2013-06-10,15.44
1,2013-06-11,17.07
1,2013-06-12,18.59
1,2013-06-13,16.41
1,2013-06-14,17.15
1,2013-06-17,16.8
1,2013-06-18,16.61
1,2013-06-19,16.64
1,2013-06-20,20.49
1,2013-06-21,18.9
1,2013-06-24,20.11
1,2013-06-25,18.47
1,2013-06-26,17.21
1,2013-06-27,16.86
1,2013-06-28,16.86
1,2013-07-01,16.37
1,2013-07-02,16.44
1,2013-07-03,16.2
1,2013-07-05,14.89
1,2013-07-08,14.78
1,2013-07-09,14.35
1,2013-07-10,14.21
1,2013-07-11,14.01
1,2013-07-12,13.84
1,2013-07-15,13.79
1,2013-07-16,14.42
1,2013-07-17,13.78
1,2013-07-18,13.77
1,2013-07-19,12.54
1,2013-07-22,12.29
1,2013-07-23,12.66
1,2013-07-24,13.18
1,2013-07-25,12.97
1,2013-07-26,12.72
1,2013-07-29,13.39
1,2013-07-30,13.39
1,2013-07-31,13.45
1,2013-08-01,12.94
1,2013-08-02,11.98
1,2013-08-05,11.84
1,2013-08-06,12.72
1,2013-08-07,12.98
1,2013-08-08,12.73
1,2013-08-09,13.41
1,2013-08-12,12.81
1,2013-08-13,12.31
1,2013-08-14,13.04
1,2013-08-15,14.73
1,2013-08-16,14.37
1,2013-08-19,15.1
1,2013-08-20,14.91
1,2013-08-21,15.94
1,2013-08-22,14.76
1,2013-08-23,13.98
1,2013-08-26,14.99
1,2013-08-27,16.77
1,2013-08-28,16.49
1,2013-08-29,16.81
1,2013-08-30,17.01
1,2013-09-03,16.61
1,2013-09-04,15.88
1,2013-09-05,15.77
1,2013-09-06,15.85
1,2013-09-09,15.63
1,2013-09-10,14.53
1,2013-09-11,13.82
1,2013-09-12,14.29
1,2013-09-13,14.16
1,2013-09-16,14.38
1,2013-09-17,14.53
1,2013-09-18,13.59
1,2013-09-19,13.16
1,2013-09-20,13.12
1,2013-09-23,14.31
1,2013-09-24,14.08
1,2013-09-25,14.01
1,2013-09-26,14.06
1,2013-09-27,15.46
1,2013-09-30,16.6
1,2013-10-01,15.54
1,2013-10-02,16.6
1,2013-10-03,17.67
1,2013-10-04,16.74
1,2013-10-07,19.41
1,2013-10-08,20.34
1,2013-10-09,19.6
1,2013-10-10,16.48
1,2013-10-11,15.72
1,2013-10-14,16.07
1,2013-10-15,18.66
1,2013-10-16,14.71
1,2013-10-17,13.48
1,2013-10-18,13.04
1,2013-10-21,13.16
1,2013-10-22,13.33
1,2013-10-23,13.42
1,2013-10-24,13.2
1,2013-10-25,13.09
1,2013-10-28,13.31
1,2013-10-29,13.41
1,2013-10-30,13.65
1,2013-10-31,13.75
1,2013-11-01,13.28
1,2013-11-04,12.93
1,2013-11-05,13.27
1,2013-11-06,12.67
1,2013-11-07,13.91
1,2013-11-08,12.9
1,2013-11-11,12.53
1,2013-11-12,12.82
1,2013-11-13,12.52
1,2013-11-14,12.37
1,2013-11-15,12.19
1,2013-11-18,13.1
1,2013-11-19,13.39
1,2013-11-20,13.4
1,2013-11-21,12.66
1,2013-11-22,12.26
1,2013-11-25,12.79
1,2013-11-26,12.81
1,2013-11-27,12.98
1,2013-11-29,13.7
1,2013-12-02,14.23
1,2013-12-03,14.55
1,2013-12-04,14.7
1,2013-12-05,15.08
1,2013-12-06,13.79
1,2013-12-09,13.49
1,2013-12-10,13.91
1,2013-12-11,15.42
1,2013-12-12,15.54
1,2013-12-13,15.76
1,2013-12-16,16.03
1,2013-12-17,16.21
1,2013-12-18,13.8
1,2013-12-19,14.15
1,2013-12-20,13.79
1,2013-12-23,13.04
1,2013-12-24,12.48
1,2013-12-26,12.33
1,2013-12-27,12.46
1,2013-12-30,13.56
1,2013-12-31,13.72
1,2014-01-02,14.23
1,2014-01-03,13.76
1,2014-01-06,13.55
1,2014-01-07,12.92
1,2014-01-08,12.87
1,2014-01-09,12.89
1,2014-01-10,12.14
1,2014-01-13,13.28
1,2014-01-14,12.28
1,2014-01-15,12.28
1,2014-01-16,12.53
1,2014-01-17,12.44
1,2014-01-21,12.87
1,2014-01-22,12.84
1,2014-01-23,13.77
1,2014-01-24,18.14
1,2014-01-27,17.42
1,2014-01-28,15.8
1,2014-01-29,17.35
1,2014-01-30,17.29
1,2014-01-31,18.41
1,2014-02-03,21.44
1,2014-02-04,19.11
1,2014-02-05,19.95
1,2014-02-06,17.23
1,2014-02-07,15.29
1,2014-02-10,15.26
1,2014-02-11,14.51
1,2014-02-12,14.3
1,2014-02-13,14.14
1,2014-02-14,13.57
1,2014-02-18,13.87
1,2014-02-19,15.5
1,2014-02-20,14.79
1,2014-02-21,14.68
1,2014-02-24,14.23
1,2014-02-25,13.67
1,2014-02-26,14.35
1,2014-02-27,14.04
1,2014-02-28,14
1,2014-03-03,16
1,2014-03-04,14.1
1,2014-03-05,13.89
1,2014-03-06,14.21
1,2014-03-07,14.11
1,2014-03-10,14.2
1,2014-03-11,14.8
1,2014-03-12,14.47
1,2014-03-13,16.22
1,2014-03-14,17.82
1,2014-03-17,15.64
1,2014-03-18,14.52
1,2014-03-19,15.12
1,2014-03-20,14.52
1,2014-03-21,15
1,2014-03-24,15.09
1,2014-03-25,14.02
1,2014-03-26,14.93
1,2014-03-27,14.62
1,2014-03-28,14.41
1,2014-03-31,13.88
1,2014-04-01,13.1
1,2014-04-02,13.09
1,2014-04-03,13.37
1,2014-04-04,13.96
1,2014-04-07,15.57
1,2014-04-08,14.89
1,2014-04-09,13.82
1,2014-04-10,15.89
1,2014-04-11,17.03
1,2014-04-14,16.11
1,2014-04-15,15.61
1,2014-04-16,14.18
1,2014-04-17,13.36
1,2014-04-21,13.25
1,2014-04-22,13.19
1,2014-04-23,13.27
1,2014-04-24,13.32
1,2014-04-25,14.06
1,2014-04-28,13.97
1,2014-04-29,13.71
1,2014-04-30,13.41
1,2014-05-01,13.25
1,2014-05-02,12.91
1,2014-05-05,13.29
1,2014-05-06,13.8
1,2014-05-07,13.4
1,2014-05-08,13.43
1,2014-05-09,12.92
1,2014-05-12,12.23
1,2014-05-13,12.13
1,2014-05-14,12.17
1,2014-05-15,13.17
1,2014-05-16,12.44
1,2014-05-19,12.42
1,2014-05-20,12.96
1,2014-05-21,11.91
1,2014-05-22,12.03
1,2014-05-23,11.36
1,2014-05-27,11.51
1,2014-05-28,11.68
1,2014-05-29,11.57
1,2014-05-30,11.4
1,2014-06-02,11.58
1,2014-06-03,11.87
1,2014-06-04,12.08
1,2014-06-05,11.68
1,2014-06-06,10.73
1,2014-06-09,11.15
1,2014-06-10,10.99
1,2014-06-11,11.6
1,2014-06-12,12.56
1,2014-06-13,12.18
1,2014-06-16,12.65
1,2014-06-17,12.06
1,2014-06-18,10.61
1,2014-06-19,10.62
1,2014-06-20,10.85
1,2014-06-23,10.98
1,2014-06-24,12.13
1,2014-06-25,11.59
1,2014-06-26,11.63
1,2014-06-27,11.26
1,2014-06-30,11.57
1,2014-07-01,11.15
1,2014-07-02,10.82
1,2014-07-03,10.32
1,2014-07-07,11.33
1,2014-07-08,11.98
1,2014-07-09,11.65
1,2014-07-10,12.59
1,2014-07-11,12.08
1,2014-07-14,11.82
1,2014-07-15,11.96
1,2014-07-16,11
1,2014-07-17,14.54
1,2014-07-18,12.06
1,2014-07-21,12.81
1,2014-07-22,12.24
1,2014-07-23,11.52
1,2014-07-24,11.84
1,2014-07-25,12.69
1,2014-07-28,12.56
1,2014-07-29,13.28
1,2014-07-30,13.33
1,2014-07-31,16.95
1,2014-08-01,17.03
1,2014-08-04,15.12
1,2014-08-05,16.87
1,2014-08-06,16.37
1,2014-08-07,16.66
1,2014-08-08,15.77
1,2014-08-11,14.23
1,2014-08-12,14.13
1,2014-08-13,12.9
1,2014-08-14,12.42
1,2014-08-15,13.15
1,2014-08-18,12.32
1,2014-08-19,12.21
1,2014-08-20,11.78
1,2014-08-21,11.76
1,2014-08-22,11.47
1,2014-08-25,11.7
1,2014-08-26,11.63
1,2014-08-27,11.78
1,2014-08-28,12.05
1,2014-08-29,11.98
1,2014-09-02,12.25
1,2014-09-03,12.36
1,2014-09-04,12.64
1,2014-09-05,12.09
1,2014-09-08,12.66
1,2014-09-09,13.5
1,2014-09-10,12.88
1,2014-09-11,12.8
1,2014-09-12,13.31
1,2014-09-15,14.12
1,2014-09-16,12.73
1,2014-09-17,12.65
1,2014-09-18,12.03
1,2014-09-19,12.11
1,2014-09-22,13.69
1,2014-09-23,14.93
1,2014-09-24,13.27
1,2014-09-25,15.64
1,2014-09-26,14.85
1,2014-09-29,15.98
1,2014-09-30,16.31
1,2014-10-01,16.71
1,2014-10-02,16.16
1,2014-10-03,14.55
1,2014-10-06,15.46
1,2014-10-07,17.2
1,2014-10-08,15.11
1,2014-10-09,18.76
1,2014-10-10,21.24
1,2014-10-13,24.64
1,2014-10-14,22.79
1,2014-10-15,26.25
1,2014-10-16,25.2
1,2014-10-17,21.99
1,2014-10-20,18.57
1,2014-10-21,16.08
1,2014-10-22,17.87
1,2014-10-23,16.53
1,2014-10-24,16.11
1,2014-10-27,16.04
1,2014-10-28,14.39
1,2014-10-29,15.15
1,2014-10-30,14.52
1,2014-10-31,14.03
1,2014-11-03,14.73
1,2014-11-04,14.89
1,2014-11-05,14.17
1,2014-11-06,13.67
1,2014-11-07,13.12
1,2014-11-10,12.67
1,2014-11-11,12.92
1,2014-11-12,13.02
1,2014-11-13,13.79
1,2014-11-14,13.31
1,2014-11-17,13.99
1,2014-11-18,13.86
1,2014-11-19,13.96
1,2014-11-20,13.58
1,2014-11-21,12.9
1,2014-11-24,12.62
1,2014-11-25,12.25
1,2014-11-26,12.07
1,2014-11-28,13.33
1,2014-12-01,14.29
1,2014-12-02,12.85
1,2014-12-03,12.47
1,2014-12-04,12.38
1,2014-12-05,11.82
1,2014-12-08,14.21
1,2014-12-09,14.89
1,2014-12-10,18.53
1,2014-12-11,20.08
1,2014-12-12,21.08
1,2014-12-15,20.42
1,2014-12-16,23.57
1,2014-12-17,19.44
1,2014-12-18,16.81
1,2014-12-19,16.49
1,2014-12-22,15.25
1,2014-12-23,14.8
1,2014-12-24,14.37
1,2014-12-26,14.5
1,2014-12-29,15.06
1,2014-12-30,15.92
1,2014-12-31,19.2
1,2015-01-02,17.79
1,2015-01-05,19.92
1,2015-01-06,21.12
1,2015-01-07,19.31
1,2015-01-08,17.01
1,2015-01-09,17.55
1,2015-01-12,19.6
1,2015-01-13,20.56
1,2015-01-14,21.48
1,2015-01-15,22.39
1,2015-01-16,20.95
1,2015-01-20,19.89
1,2015-01-21,18.85
1,2015-01-22,16.4
1,2015-01-23,16.66
1,2015-01-26,15.52
1,2015-01-27,17.22
1,2015-01-28,20.44
1,2015-01-29,18.76
1,2015-01-30,20.97
1,2015-02-02,19.43
1,2015-02-03,17.33
1,2015-02-04,18.33
1,2015-02-05,16.85
1,2015-02-06,17.29
1,2015-02-09,18.55
1,2015-02-10,17.23
1,2015-02-11,16.96
1,2015-02-12,15.34
1,2015-02-13,14.69
1,2015-02-17,15.8
1,2015-02-18,15.45
1,2015-02-19,15.29
1,2015-02-20,14.3
1,2015-02-23,14.56
1,2015-02-24,13.69
1,2015-02-25,13.84
1,2015-02-26,13.91
1,2015-02-27,13.34
1,2015-03-02,13.04
1,2015-03-03,13.86
1,2015-03-04,14.23
1,2015-03-05,14.04
1,2015-03-06,15.2
1,2015-03-09,15.06
1,2015-03-10,16.69
1,2015-03-11,16.87
1,2015-03-12,15.42
1,2015-03-13,16
1,2015-03-16,15.61
1,2015-03-17,15.66
1,2015-03-18,13.97
1,2015-03-19,14.07
1,2015-03-20,13.02
1,2015-03-23,13.41
1,2015-03-24,13.62
1,2015-03-25,15.44
1,2015-03-26,15.8
1,2015-03-27,15.07
1,2015-03-30,14.51
1,2015-03-31,15.29
1,2015-04-01,15.11
1,2015-04-02,14.67
1,2015-04-06,14.74
1,2015-04-07,14.78
1,2015-04-08,13.98
1,2015-04-09,13.09
1,2015-04-10,12.58
1,2015-04-13,13.94
1,2015-04-14,13.67
1,2015-04-15,12.84
1,2015-04-16,12.6
1,2015-04-17,13.89
1,2015-04-20,13.3
1,2015-04-21,13.25
1,2015-04-22,12.71
1,2015-04-23,12.48
1,2015-04-24,12.29
1,2015-04-27,13.12
1,2015-04-28,12.41
1,2015-04-29,13.39
1,2015-04-30,14.55
1,2015-05-01,12.7
1,2015-05-04,12.85
1,2015-05-05,14.31
1,2015-05-06,15.15
1,2015-05-07,15.13
1,2015-05-08,12.86
1,2015-05-11,13.85
1,2015-05-12,13.86
1,2015-05-13,13.76
1,2015-05-14,12.74
1,2015-05-15,12.38
1,2015-05-18,12.73
1,2015-05-19,12.85
1,2015-05-20,12.88
1,2015-05-21,12.11
1,2015-05-22,12.13
1,2015-05-26,14.06
1,2015-05-27,13.27
1,2015-05-28,13.31
1,2015-05-29,13.84
1,2015-06-01,13.97
1,2015-06-02,14.24
1,2015-06-03,13.66
1,2015-06-04,14.71
1,2015-06-05,14.21
1,2015-06-08,15.29
1,2015-06-09,14.47
1,2015-06-10,13.22
1,2015-06-11,12.85
1,2015-06-12,13.78
1,2015-06-15,15.39
1,2015-06-16,14.81
1,2015-06-17,14.5
1,2015-06-18,13.19
1,2015-06-19,13.96
1,2015-06-22,12.74
1,2015-06-23,12.11
1,2015-06-24,13.26
1,2015-06-25,14.01
1,2015-06-26,14.02
1,2015-06-29,18.85
1,2015-06-30,18.23
1,2015-07-01,16.09
1,2015-07-02,16.79
1,2015-07-06,17.01
1,2015-07-07,16.09
1,2015-07-08,19.66
1,2015-07-09,19.97
1,2015-07-10,16.83
1,2015-07-13,13.9
1,2015-07-14,13.37
1,2015-07-15,13.23
1,2015-07-16,12.11
1,2015-07-17,11.95
1,2015-07-20,12.25
1,2015-07-21,12.22
1,2015-07-22,12.12
1,2015-07-23,12.64
1,2015-07-24,13.74
1,2015-07-27,15.6
1,2015-07-28,13.44
1,2015-07-29,12.5
1,2015-07-30,12.13
1,2015-07-31,12.12
1,2015-08-03,12.56
1,2015-08-04,13
1,2015-08-05,12.51
1,2015-08-06,13.77
1,2015-08-07,13.39
1,2015-08-10,12.23
1,2015-08-11,13.71
1,2015-08-12,13.61
1,2015-08-13,13.49
1,2015-08-14,12.83
1,2015-08-17,13.02
1,2015-08-18,13.79
1,2015-08-19,15.25
1,2015-08-20,19.14
1,2015-08-21,28.03
1,2015-08-24,40.74
1,2015-08-25,36.02
1,2015-08-26,30.32
1,2015-08-27,26.1
1,2015-08-28,26.05
1,2015-08-31,28.43
1,2015-09-01,31.4
1,2015-09-02,26.09
1,2015-09-03,25.61
1,2015-09-04,27.8
1,2015-09-08,24.9
1,2015-09-09,26.23
1,2015-09-10,24.37
1,2015-09-11,23.2
1,2015-09-14,24.25
1,2015-09-15,22.54
1,2015-09-16,21.35
1,2015-09-17,21.14
1,2015-09-18,22.28
1,2015-09-21,20.14
1,2015-09-22,22.44
1,2015-09-23,22.13
1,2015-09-24,23.47
1,2015-09-25,23.62
1,2015-09-28,27.63
1,2015-09-29,26.83
1,2015-09-30,24.5
1,2015-10-01,22.55
1,2015-10-02,20.94
1,2015-10-05,19.54
1,2015-10-06,19.4
1,2015-10-07,18.4
1,2015-10-08,17.42
1,2015-10-09,17.08
1,2015-10-12,16.17
1,2015-10-13,17.67
1,2015-10-14,18.03
1,2015-10-15,16.05
1,2015-10-16,15.05
1,2015-10-19,14.98
1,2015-10-20,15.75
1,2015-10-21,16.7
1,2015-10-22,14.45
1,2015-10-23,14.46
1,2015-10-26,15.29
1,2015-10-27,15.43
1,2015-10-28,14.33
1,2015-10-29,14.61
1,2015-10-30,15.07
1,2015-11-02,14.15
1,2015-11-03,14.54
1,2015-11-04,15.51
1,2015-11-05,15.05
1,2015-11-06,14.33
1,2015-11-09,16.52
1,2015-11-10,15.29
1,2015-11-11,16.06
1,2015-11-12,18.37
1,2015-11-13,20.08
1,2015-11-16,18.16
1,2015-11-17,18.84
1,2015-11-18,16.85
1,2015-11-19,16.99
1,2015-11-20,15.47
1,2015-11-23,15.62
1,2015-11-24,15.93
1,2015-11-25,15.19
1,2015-11-27,15.12
1,2015-11-30,16.13
1,2015-12-01,14.67
1,2015-12-02,15.91
1,2015-12-03,18.11
1,2015-12-04,14.81
1,2015-12-07,15.84
1,2015-12-08,17.6
1,2015-12-09,19.61
1,2015-12-10,19.34
1,2015-12-11,24.39
1,2015-12-14,22.73
1,2015-12-15,20.95
1,2015-12-16,17.86
1,2015-12-17,18.94
1,2015-12-18,20.7
1,2015-12-21,18.7
1,2015-12-22,16.6
1,2015-12-23,15.57
1,2015-12-24,15.74
1,2015-12-28,16.91
1,2015-12-29,16.08
1,2015-12-30,17.29
1,2015-12-31,18.21
1,2016-01-04,20.7
1,2016-01-05,19.34
1,2016-01-06,20.59
1,2016-01-07,24.99
1,2016-01-08,27.01
1,2016-01-11,24.3
1,2016-01-12,22.47
1,2016-01-13,25.22
1,2016-01-14,23.95
1,2016-01-15,27.02
1,2016-01-19,26.05
1,2016-01-20,27.59
1,2016-01-21,26.69
1,2016-01-22,22.34
1,2016-01-25,24.15
1,2016-01-26,22.5
1,2016-01-27,23.11
1,2016-01-28,22.42
1,2016-01-29,20.2
1,2016-02-01,19.98
1,2016-02-02,21.98
1,2016-02-03,21.65
1,2016-02-04,21.84
1,2016-02-05,23.38
1,2016-02-08,26
1,2016-02-09,26.54
1,2016-02-10,26.29
1,2016-02-11,28.14
1,2016-02-12,25.4
1,2016-02-16,24.11
1,2016-02-17,22.31
1,2016-02-18,21.64
1,2016-02-19,20.53
1,2016-02-22,19.38
1,2016-02-23,20.98
1,2016-02-24,20.72
1,2016-02-25,19.11
1,2016-02-26,19.81
1,2016-02-29,20.55
1,2016-03-01,17.7
1,2016-03-02,17.09
1,2016-03-03,16.7
1,2016-03-04,16.86
1,2016-03-07,17.35
1,2016-03-08,18.67
1,2016-03-09,18.34
1,2016-03-10,18.05
1,2016-03-11,16.5
1,2016-03-14,16.92
1,2016-03-15,16.84
1,2016-03-16,14.99
1,2016-03-17,14.44
1,2016-03-18,14.02
1,2016-03-21,13.79
1,2016-03-22,14.17
1,2016-03-23,14.94
1,2016-03-24,14.74
1,2016-03-28,15.24
1,2016-03-29,13.82
1,2016-03-30,13.56
1,2016-03-31,13.95
1,2016-04-01,13.1
1,2016-04-04,14.12
1,2016-04-05,15.42
1,2016-04-06,14.09
1,2016-04-07,16.16
1,2016-04-08,15.36
1,2016-04-11,16.26
1,2016-04-12,14.85
1,2016-04-13,13.84
1,2016-04-14,13.72
1,2016-04-15,13.62
1,2016-04-18,13.35
1,2016-04-19,13.24
1,2016-04-20,13.28
1,2016-04-21,13.95
1,2016-04-22,13.22
1,2016-04-25,14.08
1,2016-04-26,13.96
1,2016-04-27,13.77
1,2016-04-28,15.22
1,2016-04-29,15.7
1,2016-05-02,14.68
1,2016-05-03,15.6
1,2016-05-04,16.05
1,2016-05-05,15.91
1,2016-05-06,14.72
1,2016-05-09,14.57
1,2016-05-10,13.63
1,2016-05-11,14.69
1,2016-05-12,14.41
1,2016-05-13,15.04
1,2016-05-16,14.68
1,2016-05-17,15.57
1,2016-05-18,15.95
1,2016-05-19,16.33
1,2016-05-20,15.2
1,2016-05-23,15.82
1,2016-05-24,14.42
1,2016-05-25,13.9
1,2016-05-26,13.43
1,2016-05-27,13.12
1,2016-05-31,14.19
1,2016-06-01,14.2
1,2016-06-02,13.63
1,2016-06-03,13.47
1,2016-06-06,13.65
1,2016-06-07,14.05
1,2016-06-08,14.08
1,2016-06-09,14.64
1,2016-06-10,17.03
1,2016-06-13,20.97
1,2016-06-14,20.5
1,2016-06-15,20.14
1,2016-06-16,19.37
1,2016-06-17,19.41
1,2016-06-20,18.37
1,2016-06-21,18.48
1,2016-06-22,21.17
1,2016-06-23,17.25
1,2016-06-24,25.76
1,2016-06-27,23.85
1,2016-06-28,18.75
1,2016-06-29,16.64
1,2016-06-30,15.63
1,2016-07-01,14.77
1,2016-07-05,15.58
1,2016-07-06,14.96
1,2016-07-07,14.76
1,2016-07-08,13.2
1,2016-07-11,13.54
1,2016-07-12,13.55
1,2016-07-13,13.04
1,2016-07-14,12.82
1,2016-07-15,12.67
1,2016-07-18,12.44
1,2016-07-19,11.97
1,2016-07-20,11.77
1,2016-07-21,12.74
1,2016-07-22,12.02
1,2016-07-25,12.87
1,2016-07-26,13.05
1,2016-07-27,12.83
1,2016-07-28,12.72
1,2016-07-29,11.87
1,2016-08-01,12.44
1,2016-08-02,13.37
1,2016-08-03,12.86
1,2016-08-04,12.42
1,2016-08-05,11.39
1,2016-08-08,11.5
1,2016-08-09,11.66
1,2016-08-10,12.05
1,2016-08-11,11.68
1,2016-08-12,11.55
1,2016-08-15,11.81
1,2016-08-16,12.64
1,2016-08-17,12.19
1,2016-08-18,11.43
1,2016-08-19,11.34
1,2016-08-22,12.27
1,2016-08-23,12.38
1,2016-08-24,13.45
1,2016-08-25,13.63
1,2016-08-26,13.65
1,2016-08-29,12.94
1,2016-08-30,13.12
1,2016-08-31,13.42
1,2016-09-01,13.48
1,2016-09-02,11.98
1,2016-09-06,12.02
1,2016-09-07,11.94
1,2016-09-08,12.51
1,2016-09-09,17.5
1,2016-09-12,15.16
1,2016-09-13,17.85
1,2016-09-14,18.14
1,2016-09-15,16.3
1,2016-09-16,15.37
1,2016-09-19,15.53
1,2016-09-20,15.92
1,2016-09-21,13.3
1,2016-09-22,12.02
1,2016-09-23,12.29
1,2016-09-26,14.5
1,2016-09-27,13.1
1,2016-09-28,12.39
1,2016-09-29,14.02
1,2016-09-30,13.29
1,2016-10-03,13.57
1,2016-10-04,13.63
1,2016-10-05,12.99
1,2016-10-06,12.84
1,2016-10-07,13.48
1,2016-10-10,13.38
1,2016-10-11,15.36
1,2016-10-12,15.91
1,2016-10-13,16.69
1,2016-10-14,16.12
1,2016-10-17,16.21
1,2016-10-18,15.28
1,2016-10-19,14.41
1,2016-10-20,13.75
1,2016-10-21,13.34
1,2016-10-24,13.02
1,2016-10-25,13.46
1,2016-10-26,14.24
1,2016-10-27,15.36
1,2016-10-28,16.19
1,2016-10-31,17.06
1,2016-11-01,18.56
1,2016-11-02,19.32
1,2016-11-03,22.08
1,2016-11-04,22.51
1,2016-11-07,18.71
1,2016-11-08,18.74
1,2016-11-09,14.38
1,2016-11-10,14.74
1,2016-11-11,14.17
1,2016-11-14,14.48
1,2016-11-15,13.37
1,2016-11-16,13.72
1,2016-11-17,13.35
1,2016-11-18,12.85
1,2016-11-21,12.42
1,2016-11-22,12.41
1,2016-11-23,12.43
1,2016-11-25,12.34
1,2016-11-28,13.15
1,2016-11-29,12.9
1,2016-11-30,13.33
1,2016-12-01,14.07
1,2016-12-02,14.12
1,2016-12-05,12.14
1,2016-12-06,11.79
1,2016-12-07,12.22
1,2016-12-08,12.64
1,2016-12-09,11.75
1,2016-12-12,12.64
1,2016-12-13,12.72
1,2016-12-14,13.19
1,2016-12-15,12.79
1,2016-12-16,12.2
1,2016-12-19,11.71
1,2016-12-20,11.45
1,2016-12-21,11.27
1,2016-12-22,11.43
1,2016-12-23,11.44
1,2016-12-27,11.99
1,2016-12-28,12.95
1,2016-12-29,13.37
1,2016-12-30,14.04
1,2017-01-03,12.85
1,2017-01-04,11.85
1,2017-01-05,11.67
1,2017-01-06,11.32
1,2017-01-09,11.56
1,2017-01-10,11.49
1,2017-01-11,11.26
1,2017-01-12,11.54
1,2017-01-13,11.23
1,2017-01-17,11.87
1,2017-01-18,12.48
1,2017-01-19,12.78
1,2017-01-20,11.54
1,2017-01-23,11.77
1,2017-01-24,11.07
1,2017-01-25,10.81
1,2017-01-26,10.63
1,2017-01-27,10.58
1,2017-01-30,11.88
1,2017-01-31,11.99
1,2017-02-01,11.81
1,2017-02-02,11.93
1,2017-02-03,10.97
1,2017-02-06,11.37
1,2017-02-07,11.29
1,2017-02-08,11.45
1,2017-02-09,10.88
1,2017-02-10,10.85
1,2017-02-13,11.07
1,2017-02-14,10.74
1,2017-02-15,11.97
1,2017-02-16,11.76
1,2017-02-17,11.49
1,2017-02-21,11.57
1,2017-02-22,11.74
1,2017-02-23,11.71
1,2017-02-24,11.47
1,2017-02-27,12.09
1,2017-02-28,12.92
1,2017-03-01,12.54
1,2017-03-02,11.81
1,2017-03-03,10.96
1,2017-03-06,11.24
1,2017-03-07,11.45
1,2017-03-08,11.86
1,2017-03-09,12.3
1,2017-03-10,11.66
1,2017-03-13,11.35
1,2017-03-14,12.3
1,2017-03-15,11.63
1,2017-03-16,11.21
1,2017-03-17,11.28
1,2017-03-20,11.34
1,2017-03-21,12.47
1,2017-03-22,12.81
1,2017-03-23,13.12
1,2017-03-24,12.96
1,2017-03-27,12.5
1,2017-03-28,11.53
1,2017-03-29,11.42
1,2017-03-30,11.54
1,2017-03-31,12.37
1,2017-04-03,12.38
1,2017-04-04,11.79
1,2017-04-05,12.89
1,2017-04-06,12.39
1,2017-04-07,12.87
1,2017-04-10,14.05
1,2017-04-11,15.07
1,2017-04-12,15.77
1,2017-04-13,15.96
1,2017-04-17,14.66
1,2017-04-18,14.42
1,2017-04-19,14.93
1,2017-04-20,14.15
1,2017-04-21,14.63
1,2017-04-24,10.84
1,2017-04-25,10.76
1,2017-04-26,10.85
1,2017-04-27,10.36
1,2017-04-28,10.82
1,2017-05-01,10.11
1,2017-05-02,10.59
1,2017-05-03,10.68
1,2017-05-04,10.46
1,2017-05-05,10.57
1,2017-05-08,9.77
1,2017-05-09,9.96
1,2017-05-10,10.21
1,2017-05-11,10.6
1,2017-05-12,10.4
1,2017-05-15,10.42
1,2017-05-16,10.65
1,2017-05-17,15.59
1,2017-05-18,14.66
1,2017-05-19,12.04
1,2017-05-22,10.93
1,2017-05-23,10.72
1,2017-05-24,10.02
1,2017-05-25,9.99
1,2017-05-26,9.81
1,2017-05-30,10.38
1,2017-05-31,10.41
1,2017-06-01,9.89
1,2017-06-02,9.75
1,2017-06-05,10.07
1,2017-06-06,10.45
1,2017-06-07,10.39
1,2017-06-08,10.16
1,2017-06-09,10.7
1,2017-06-12,11.46
1,2017-06-13,10.42
1,2017-06-14,10.64
1,2017-06-15,10.9
1,2017-06-16,10.38
1,2017-06-19,10.37
1,2017-06-20,10.86
1,2017-06-21,10.75
1,2017-06-22,10.48
1,2017-06-23,10.02
1,2017-06-26,9.9
1,2017-06-27,11.06
1,2017-06-28,10.03
1,2017-06-29,11.44
1,2017-06-30,11.18
1,2017-07-03,11.22
1,2017-07-05,11.07
1,2017-07-06,12.54
1,2017-07-07,11.19
1,2017-07-10,11.11
1,2017-07-11,10.89
1,2017-07-12,10.3
1,2017-07-13,9.9
1,2017-07-14,9.51
1,2017-07-17,9.82
1,2017-07-18,9.89
1,2017-07-19,9.79
1,2017-07-20,9.58
1,2017-07-21,9.36
1,2017-07-24,9.43
1,2017-07-25,9.43
1,2017-07-26,9.6
1,2017-07-27,10.11
1,2017-07-28,10.29
1,2017-07-31,10.26
1,2017-08-01,10.09
1,2017-08-02,10.28
1,2017-08-03,10.44
1,2017-08-04,10.03
1,2017-08-07,9.93
1,2017-08-08,10.96
1,2017-08-09,11.11
1,2017-08-10,16.04
1,2017-08-11,15.51
1,2017-08-14,12.33
1,2017-08-15,12.04
1,2017-08-16,11.74
1,2017-08-17,15.55
1,2017-08-18,14.26
1,2017-08-21,13.19
1,2017-08-22,11.35
1,2017-08-23,12.25
1,2017-08-24,12.23
1,2017-08-25,11.28
1,2017-08-28,11.32
1,2017-08-29,11.7
1,2017-08-30,11.22
1,2017-08-31,10.59
1,2017-09-01,10.13
1,2017-09-05,12.23
1,2017-09-06,11.63
1,2017-09-07,11.55
1,2017-09-08,12.12
1,2017-09-11,10.73
1,2017-09-12,10.58
1,2017-09-13,10.5
1,2017-09-14,10.44
1,2017-09-15,10.17
1,2017-09-18,10.15
1,2017-09-19,10.18
1,2017-09-20,9.78
1,2017-09-21,9.67
1,2017-09-22,9.59
1,2017-09-25,10.21
1,2017-09-26,10.17
1,2017-09-27,9.87
1,2017-09-28,9.55
1,2017-09-29,9.51
1,2017-10-02,9.45
1,2017-10-03,9.51
1,2017-10-04,9.63
1,2017-10-05,9.19
1,2017-10-06,9.65
1,2017-10-09,10.33
1,2017-10-10,10.08
1,2017-10-11,9.85
1,2017-10-12,9.91
1,2017-10-13,9.61
1,2017-10-16,9.91
1,2017-10-17,10.31
1,2017-10-18,10.07
1,2017-10-19,10.05
1,2017-10-20,9.97
1,2017-10-23,11.07
1,2017-10-24,11.16
1,2017-10-25,11.23
1,2017-10-26,11.3
1,2017-10-27,9.8
1,2017-10-30,10.5
1,2017-10-31,10.18
1,2017-11-01,10.2
1,2017-11-02,9.93
1,2017-11-03,9.14
1,2017-11-06,9.4
1,2017-11-07,9.89
1,2017-11-08,9.78
1,2017-11-09,10.5
1,2017-11-10,11.29
1,2017-11-13,11.5
1,2017-11-14,11.59
1,2017-11-15,13.13
1,2017-11-16,11.76
1,2017-11-17,11.43
1,2017-11-20,10.65
1,2017-11-21,9.73
1,2017-11-22,9.88
1,2017-11-24,9.67
1,2017-11-27,9.87
1,2017-11-28,10.03
1,2017-11-29,10.7
1,2017-11-30,11.28
1,2017-12-01,11.43
1,2017-12-04,11.68
1,2017-12-05,11.33
1,2017-12-06,11.02
1,2017-12-07,10.16
1,2017-12-08,9.58
1,2017-12-11,9.34
1,2017-12-12,9.92
1,2017-12-13,10.18
1,2017-12-14,10.49
1,2017-12-15,9.42
1,2017-12-18,9.53
1,2017-12-19,10.03
1,2017-12-20,9.72
1,2017-12-21,9.62
1,2017-12-22,9.9
1,2017-12-26,10.25
1,2017-12-27,10.47
1,2017-12-28,10.18
1,2017-12-29,11.04
1,2018-01-02,9.77
1,2018-01-03,9.15
1,2018-01-04,9.22
1,2018-01-05,9.22
1,2018-01-08,9.52
1,2018-01-09,10.08
1,2018-01-10,9.82
1,2018-01-11,9.88
1,2018-01-12,10.16
1,2018-01-16,11.66
1,2018-01-17,11.91
1,2018-01-18,12.22
1,2018-01-19,11.27
1,2018-01-22,11.03
1,2018-01-23,11.1
1,2018-01-24,11.47
1,2018-01-25,11.58
1,2018-01-26,11.08
1,2018-01-29,13.84
1,2018-01-30,14.79
1,2018-01-31,13.54
1,2018-02-01,13.47
1,2018-02-02,17.31
1,2018-02-05,37.32
1,2018-02-06,29.98
1,2018-02-07,27.73
1,2018-02-08,33.46
1,2018-02-09,29.06
1,2018-02-12,25.61
1,2018-02-13,24.97
1,2018-02-14,19.26
1,2018-02-15,19.13
1,2018-02-16,19.46
1,2018-02-20,20.6
1,2018-02-21,20.02
1,2018-02-22,18.72
1,2018-02-23,16.49
1,2018-02-26,15.8
1,2018-02-27,18.59
1,2018-02-28,19.85
1,2018-03-01,22.47
1,2018-03-02,19.59
1,2018-03-05,18.73
1,2018-03-06,18.36
1,2018-03-07,17.76
1,2018-03-08,16.54
1,2018-03-09,14.64
1,2018-03-12,15.78
1,2018-03-13,16.35
1,2018-03-14,17.23
1,2018-03-15,16.59
1,2018-03-16,15.8
1,2018-03-19,19.02
1,2018-03-20,18.2
1,2018-03-21,17.86
1,2018-03-22,23.34
1,2018-03-23,24.87
1,2018-03-26,21.03
1,2018-03-27,22.5
1,2018-03-28,22.87
1,2018-03-29,19.97
1,2018-04-02,23.62
1,2018-04-03,21.1
1,2018-04-04,20.06
1,2018-04-05,18.94
1,2018-04-06,21.49
1,2018-04-09,21.77
1,2018-04-10,20.47
1,2018-04-11,20.24
1,2018-04-12,18.49
1,2018-04-13,17.41
1,2018-04-16,16.56
1,2018-04-17,15.25
1,2018-04-18,15.6
1,2018-04-19,15.96
1,2018-04-20,16.88
1,2018-04-23,16.34
1,2018-04-24,18.02
1,2018-04-25,17.84
1,2018-04-26,16.24
1,2018-04-27,15.41
1,2018-04-30,15.93
1,2018-05-01,15.49
1,2018-05-02,15.97
1,2018-05-03,15.9
1,2018-05-04,14.77
1,2018-05-07,14.75
1,2018-05-08,14.71
1,2018-05-09,13.42
1,2018-05-10,13.23
1,2018-05-11,12.65
1,2018-05-14,12.93
1,2018-05-15,14.63
1,2018-05-16,13.42
1,2018-05-17,13.43
1,2018-05-18,13.42
1,2018-05-21,13.08
1,2018-05-22,13.22
1,2018-05-23,12.58
1,2018-05-24,12.53
1,2018-05-25,13.22
1,2018-05-29,17.02
1,2018-05-30,14.94
1,2018-05-31,15.43
1,2018-06-01,13.46
1,2018-06-04,12.74
1,2018-06-05,12.4
1,2018-06-06,11.64
1,2018-06-07,12.13
1,2018-06-08,12.18
1,2018-06-11,12.35
1,2018-06-12,12.34
1,2018-06-13,12.94
1,2018-06-14,12.12
1,2018-06-15,11.98
1,2018-06-18,12.31
1,2018-06-19,13.35
1,2018-06-20,12.79
1,2018-06-21,14.64
1,2018-06-22,13.77
1,2018-06-25,17.33
1,2018-06-26,15.92
1,2018-06-27,17.91
1,2018-06-28,16.85
1,2018-06-29,16.09
1,2018-07-02,15.6
1,2018-07-03,16.14
1,2018-07-05,14.97
1,2018-07-06,13.37
1,2018-07-09,12.69
1,2018-07-10,12.64
1,2018-07-11,13.63
1,2018-07-12,12.58
1,2018-07-13,12.18
1,2018-07-16,12.83
1,2018-07-17,12.06
1,2018-07-18,12.1
1,2018-07-19,12.87
1,2018-07-20,12.86
1,2018-07-23,12.62
1,2018-07-24,12.41
1,2018-07-25,12.29
1,2018-07-26,12.14
1,2018-07-27,13.03
1,2018-07-30,14.26
1,2018-07-31,12.83
1,2018-08-01,13.15
1,2018-08-02,12.19
1,2018-08-03,11.64
1,2018-08-06,11.27
1,2018-08-07,10.93
1,2018-08-08,10.85
1,2018-08-09,11.27
1,2018-08-10,13.16
1,2018-08-13,14.78
1,2018-08-14,13.31
1,2018-08-15,14.64
1,2018-08-16,13.45
1,2018-08-17,12.64
1,2018-08-20,12.49
1,2018-08-21,12.86
1,2018-08-22,12.25
1,2018-08-23,12.41
1,2018-08-24,11.99
1,2018-08-27,12.16
1,2018-08-28,12.5
1,2018-08-29,12.25
1,2018-08-30,13.53
1,2018-08-31,12.86
1,2018-09-04,13.16
1,2018-09-05,13.91
1,2018-09-06,14.65
1,2018-09-07,14.88
1,2018-09-10,14.16
1,2018-09-11,13.22
1,2018-09-12,13.14
1,2018-09-13,12.37
1,2018-09-14,12.07
1,2018-09-17,13.68
1,2018-09-18,12.79
1,2018-09-19,11.75
1,2018-09-20,11.8
1,2018-09-21,11.68
1,2018-09-24,12.2
1,2018-09-25,12.42
1,2018-09-26,12.89
1,2018-09-27,12.41
1,2018-09-28,12.12
1,2018-10-01,12
1,2018-10-02,12.05
1,2018-10-03,11.61
1,2018-10-04,14.22
1,2018-10-05,14.82
1,2018-10-08,15.69
1,2018-10-09,15.95
1,2018-10-10,22.96
1,2018-10-11,24.98
1,2018-10-12,21.31
1,2018-10-15,21.3
1,2018-10-16,17.62
1,2018-10-17,17.4
1,2018-10-18,20.06
1,2018-10-19,19.89
1,2018-10-22,19.64
1,2018-10-23,20.71
1,2018-10-24,25.23
1,2018-10-25,24.22
1,2018-10-26,24.16
1,2018-10-29,24.7
1,2018-10-30,23.35
1,2018-10-31,21.23
1,2018-11-01,19.34
1,2018-11-02,19.51
1,2018-11-05,19.96
1,2018-11-06,19.91
1,2018-11-07,16.36
1,2018-11-08,16.72
1,2018-11-09,17.36
1,2018-11-12,20.45
1,2018-11-13,20.02
1,2018-11-14,21.25
1,2018-11-15,19.98
1,2018-11-16,18.14
1,2018-11-19,20.1
1,2018-11-20,22.48
1,2018-11-21,20.8
1,2018-11-23,21.52
1,2018-11-26,18.9
1,2018-11-27,19.02
1,2018-11-28,18.49
1,2018-11-29,18.79
1,2018-11-30,18.07
1,2018-12-03,16.44
1,2018-12-04,20.74
1,2018-12-06,21.19
1,2018-12-07,23.23
1,2018-12-10,22.64
1,2018-12-11,21.76
1,2018-12-12,21.46
1,2018-12-13,20.65
1,2018-12-14,21.63
1,2018-12-17,24.52
1,2018-12-18,25.58
1,2018-12-19,25.58
1,2018-12-20,28.38
1,2018-12-21,30.11
1,2018-12-24,36.07
1,2018-12-26,30.41
1,2018-12-27,29.96
1,2018-12-28,28.34
1,2018-12-31,25.42
1,2019-01-02,23.22
1,2019-01-03,25.45
1,2019-01-04,21.38
1,2019-01-07,21.4
1,2019-01-08,20.47
1,2019-01-09,19.98
1,2019-01-10,19.5
1,2019-01-11,18.19
1,2019-01-14,19.07
1,2019-01-15,18.6
1,2019-01-16,19.04
1,2019-01-17,18.06
1,2019-01-18,17.8
1,2019-01-22,20.8
1,2019-01-23,19.52
1,2019-01-24,18.89
1,2019-01-25,17.42
1,2019-01-28,18.87
1,2019-01-29,19.13
1,2019-01-30,17.66
1,2019-01-31,16.57
1,2019-02-01,16.14
1,2019-02-04,15.73
1,2019-02-05,15.57
1,2019-02-06,15.38
1,2019-02-07,16.37
1,2019-02-08,15.72
1,2019-02-11,15.97
1,2019-02-12,15.43
1,2019-02-13,15.65
1,2019-02-14,16.22
1,2019-02-15,14.91
1,2019-02-19,14.88
1,2019-02-20,14.02
1,2019-02-21,14.46
1,2019-02-22,13.51
1,2019-02-25,14.85
1,2019-02-26,15.17
1,2019-02-27,14.7
1,2019-02-28,14.78
1,2019-03-01,13.57
1,2019-03-04,14.63
1,2019-03-05,14.74
1,2019-03-06,15.74
1,2019-03-07,16.59
1,2019-03-08,16.05
1,2019-03-11,14.33
1,2019-03-12,13.77
1,2019-03-13,13.41
1,2019-03-14,13.5
1,2019-03-15,12.88
1,2019-03-18,13.1
1,2019-03-19,13.56
1,2019-03-20,13.91
1,2019-03-21,13.63
1,2019-03-22,16.48
1,2019-03-25,16.33
1,2019-03-26,14.68
1,2019-03-27,15.15
1,2019-03-28,14.43
1,2019-03-29,13.71
1,2019-04-01,13.4
1,2019-04-02,13.36
1,2019-04-03,13.74
1,2019-04-04,13.58
1,2019-04-05,12.82
1,2019-04-08,13.18
1,2019-04-09,14.28
1,2019-04-10,13.3
1,2019-04-11,13.02
1,2019-04-12,12.01
1,2019-04-15,12.32
1,2019-04-16,12.18
1,2019-04-17,12.6
1,2019-04-18,12.09
1,2019-04-22,12.42
1,2019-04-23,12.28
1,2019-04-24,13.14
1,2019-04-25,13.25
1,2019-04-26,12.73
1,2019-04-29,13.11
1,2019-04-30,13.12
1,2019-05-01,14.8
1,2019-05-02,14.42
1,2019-05-03,12.87
1,2019-05-06,15.44
1,2019-05-07,19.32
1,2019-05-08,19.4
1,2019-05-09,19.1
1,2019-05-10,16.04
1,2019-05-13,20.55
1,2019-05-14,18.06
1,2019-05-15,16.44
1,2019-05-16,15.29
1,2019-05-17,15.96
1,2019-05-20,16.31
1,2019-05-21,14.95
1,2019-05-22,14.75
1,2019-05-23,16.92
1,2019-05-24,15.85
1,2019-05-28,17.5
1,2019-05-29,17.9
1,2019-05-30,17.3
1,2019-05-31,18.71
1,2019-06-03,18.86
1,2019-06-04,16.97
1,2019-06-05,16.09
1,2019-06-06,15.93
1,2019-06-07,16.3
1,2019-06-10,15.94
1,2019-06-11,15.99
1,2019-06-12,15.91
1,2019-06-13,15.82
1,2019-06-14,15.28
1,2019-06-17,15.35
1,2019-06-18,15.15
1,2019-06-19,14.33
1,2019-06-20,14.75
1,2019-06-21,15.4
1,2019-06-24,15.26
1,2019-06-25,16.28
1,2019-06-26,16.21
1,2019-06-27,15.82
1,2019-06-28,15.08
1,2019-07-01,14.06
1,2019-07-02,12.93
1,2019-07-03,12.57
1,2019-07-05,13.28
1,2019-07-08,13.96
1,2019-07-09,14.09
1,2019-07-10,13.03
1,2019-07-11,12.93
1,2019-07-12,12.39
1,2019-07-15,12.68
1,2019-07-16,12.86
1,2019-07-17,13.97
1,2019-07-18,13.53
1,2019-07-19,14.45
1,2019-07-22,13.53
1,2019-07-23,12.61
1,2019-07-24,12.07
1,2019-07-25,12.74
1,2019-07-26,12.16
1,2019-07-29,12.83
1,2019-07-30,13.94
1,2019-07-31,16.12
1,2019-08-01,17.87
1,2019-08-02,17.61
1,2019-08-05,24.59
1,2019-08-06,20.17
1,2019-08-07,19.49
1,2019-08-08,16.91
1,2019-08-09,17.97
1,2019-08-12,21.09
1,2019-08-13,17.52
1,2019-08-14,22.1
1,2019-08-15,21.18
1,2019-08-16,18.47
1,2019-08-19,16.88
1,2019-08-20,17.5
1,2019-08-21,15.8
1,2019-08-22,16.68
1,2019-08-23,19.87
1,2019-08-26,19.32
1,2019-08-27,20.31
1,2019-08-28,19.35
1,2019-08-29,17.88
1,2019-08-30,18.98
1,2019-09-03,19.66
1,2019-09-04,17.33
1,2019-09-05,16.27
1,2019-09-06,15
1,2019-09-09,15.27
1,2019-09-10,15.2
1,2019-09-11,14.61
1,2019-09-12,14.22
1,2019-09-13,13.74
1,2019-09-16,14.67
1,2019-09-17,14.44
1,2019-09-18,13.95
1,2019-09-19,14.05
1,2019-09-20,15.32
1,2019-09-23,14.91
1,2019-09-24,17.05
1,2019-09-25,15.96
1,2019-09-26,16.07
1,2019-09-27,17.22
1,2019-09-30,16.24
1,2019-10-01,18.56
1,2019-10-02,20.56
1,2019-10-03,19.12
1,2019-10-04,17.04
1,2019-10-07,17.86
1,2019-10-08,20.28
1,2019-10-09,18.64
1,2019-10-10,17.57
1,2019-10-11,15.58
1,2019-10-14,14.57
1,2019-10-15,13.54
1,2019-10-16,13.68
1,2019-10-17,13.79
1,2019-10-18,14.25
1,2019-10-21,14
1,2019-10-22,14.46
1,2019-10-23,14.01
1,2019-10-24,13.71
1,2019-10-25,12.65
1,2019-10-28,13.11
1,2019-10-29,13.2
1,2019-10-30,12.33
1,2019-10-31,13.22
1,2019-11-01,12.3
1,2019-11-04,12.83
1,2019-11-05,13.1
1,2019-11-06,12.62
1,2019-11-07,12.73
1,2019-11-08,12.07
1,2019-11-11,12.69
1,2019-11-12,12.68
1,2019-11-13,13
1,2019-11-14,13.05
1,2019-11-15,12.05
1,2019-11-18,12.46
1,2019-11-19,12.86
1,2019-11-20,12.78
1,2019-11-21,13.13
1,2019-11-22,12.34
1,2019-11-25,11.87
1,2019-11-26,11.54
1,2019-11-27,11.75
1,2019-11-29,12.62
1,2019-12-02,14.91
1,2019-12-03,15.96
1,2019-12-04,14.8
1,2019-12-05,14.52
1,2019-12-06,13.62
1,2019-12-09,15.86
1,2019-12-10,15.68
1,2019-12-11,14.99
1,2019-12-12,13.94
1,2019-12-13,12.63
1,2019-12-16,12.14
1,2019-12-17,12.29
1,2019-12-18,12.58
1,2019-12-19,12.5
1,2019-12-20,12.51
1,2019-12-23,12.61
1,2019-12-24,12.67
1,2019-12-26,12.65
1,2019-12-27,13.43
1,2019-12-30,14.82
1,2019-12-31,13.78
1,2020-01-02,12.47
1,2020-01-03,14.02
1,2020-01-06,13.85
1,2020-01-07,13.79
1,2020-01-08,13.45
1,2020-01-09,12.54
1,2020-01-10,12.56
1,2020-01-13,12.32
1,2020-01-14,12.39
1,2020-01-15,12.42
1,2020-01-16,12.32
1,2020-01-17,12.1
1,2020-01-21,12.85
1,2020-01-22,12.91
1,2020-01-23,12.98
1,2020-01-24,14.56
1,2020-01-27,18.23
1,2020-01-28,16.28
1,2020-01-29,16.39
1,2020-01-30,15.49
1,2020-01-31,18.84
1,2020-02-03,17.97
1,2020-02-04,16.05
1,2020-02-05,15.15
1,2020-02-06,14.96
1,2020-02-07,15.47
1,2020-02-10,15.04
1,2020-02-11,15.18
1,2020-02-12,13.74
1,2020-02-13,14.15
1,2020-02-14,13.68
1,2020-02-18,14.83
1,2020-02-19,14.38
1,2020-02-20,15.56
1,2020-02-21,17.08
1,2020-02-24,25.03
1,2020-02-25,27.85
1,2020-02-26,27.56
1,2020-02-27,39.16
1,2020-02-28,40.11
1,2020-03-02,33.42
1,2020-03-03,36.82
1,2020-03-04,31.99
1,2020-03-05,39.62
1,2020-03-06,41.94
1,2020-03-09,54.46
1,2020-03-10,47.3
1,2020-03-11,53.9
1,2020-03-12,75.47
1,2020-03-13,57.83
1,2020-03-16,82.69
1,2020-03-17,75.91
1,2020-03-18,76.45
1,2020-03-19,72
1,2020-03-20,66.04
1,2020-03-23,61.59
1,2020-03-24,61.67
1,2020-03-25,63.95
1,2020-03-26,61
1,2020-03-27,65.54
1,2020-03-30,57.08
1,2020-03-31,53.54
1,2020-04-01,57.06
1,2020-04-02,50.91
1,2020-04-03,46.8
1,2020-04-06,45.24
1,2020-04-07,46.7
1,2020-04-08,43.35
1,2020-04-09,41.67
1,2020-04-13,41.17
1,2020-04-14,37.76
1,2020-04-15,40.84
1,2020-04-16,40.11
1,2020-04-17,38.15
1,2020-04-20,43.83
1,2020-04-21,45.41
1,2020-04-22,41.98
1,2020-04-23,41.38
1,2020-04-24,35.93
1,2020-04-27,33.29
1,2020-04-28,33.57
1,2020-04-29,31.23
1,2020-04-30,34.15
1,2020-05-01,37.19
1,2020-05-04,35.97
1,2020-05-05,33.61
1,2020-05-06,34.12
1,2020-05-07,31.44
1,2020-05-08,27.98
1,2020-05-11,27.57
1,2020-05-12,33.04
1,2020-05-13,35.28
1,2020-05-14,32.61
1,2020-05-15,31.89
1,2020-05-18,29.3
1,2020-05-19,30.53
1,2020-05-20,27.99
1,2020-05-21,29.53
1,2020-05-22,28.16
1,2020-05-26,28.01
1,2020-05-27,27.62
1,2020-05-28,28.59
1,2020-05-29,27.51
1,2020-06-01,28.23
1,2020-06-02,26.84
1,2020-06-03,25.66
1,2020-06-04,25.81
1,2020-06-05,24.52
1,2020-06-08,25.81
1,2020-06-09,27.57
1,2020-06-10,27.57
1,2020-06-11,40.79
1,2020-06-12,36.09
1,2020-06-15,34.4
1,2020-06-16,33.67
1,2020-06-17,33.47
1,2020-06-18,32.94
1,2020-06-19,35.12
1,2020-06-22,31.77
1,2020-06-23,31.37
1,2020-06-24,33.84
1,2020-06-25,32.22
1,2020-06-26,34.73
1,2020-06-29,31.78
1,2020-06-30,30.43
1,2020-07-01,28.62
1,2020-07-02,27.68
1,2020-07-06,27.94
1,2020-07-07,29.43
1,2020-07-08,28.08
1,2020-07-09,29.26
1,2020-07-10,27.29
1,2020-07-13,32.19
1,2020-07-14,29.52
1,2020-07-15,27.76
1,2020-07-16,28
1,2020-07-17,25.68
1,2020-07-20,24.46
1,2020-07-21,24.84
1,2020-07-22,24.32
1,2020-07-23,26.08
1,2020-07-24,25.84
1,2020-07-27,24.74
1,2020-07-28,25.44
1,2020-07-29,24.1
1,2020-07-30,24.76
1,2020-07-31,24.46
1,2020-08-03,24.28
1,2020-08-04,23.76
1,2020-08-05,22.99
1,2020-08-06,22.65
1,2020-08-07,22.21
1,2020-08-10,22.13
1,2020-08-11,24.03
1,2020-08-12,22.28
1,2020-08-13,22.13
1,2020-08-14,22.05
1,2020-08-17,21.35
1,2020-08-18,21.51
1,2020-08-19,22.54
1,2020-08-20,22.72
1,2020-08-21,22.54
1,2020-08-24,22.37
1,2020-08-25,22.03
1,2020-08-26,23.27
1,2020-08-27,24.47
1,2020-08-28,22.96
1,2020-08-31,26.41
1,2020-09-01,26.12
1,2020-09-02,26.57
1,2020-09-03,33.6
1,2020-09-04,30.75
1,2020-09-08,31.46
1,2020-09-09,28.81
1,2020-09-10,29.71
1,2020-09-11,26.87
1,2020-09-14,25.85
1,2020-09-15,25.59
1,2020-09-16,26.04
1,2020-09-17,26.46
1,2020-09-18,25.83
1,2020-09-21,27.78
1,2020-09-22,26.86
1,2020-09-23,28.58
1,2020-09-24,28.51
1,2020-09-25,26.38
1,2020-09-28,26.19
1,2020-09-29,26.27
1,2020-09-30,26.37
1,2020-10-01,26.7
1,2020-10-02,27.63
1,2020-10-05,27.96
1,2020-10-06,29.48
1,2020-10-07,28.06
1,2020-10-08,26.36
1,2020-10-09,25
1,2020-10-12,25.07
1,2020-10-13,26.07
1,2020-10-14,26.4
1,2020-10-15,26.97
1,2020-10-16,27.41
1,2020-10-19,29.18
1,2020-10-20,29.35
1,2020-10-21,28.65
1,2020-10-22,28.11
1,2020-10-23,27.55
1,2020-10-26,32.46
1,2020-10-27,33.35
1,2020-10-28,40.28
1,2020-10-29,37.59
1,2020-10-30,38.02
1,2020-11-02,37.13
1,2020-11-03,35.55
1,2020-11-04,29.57
1,2020-11-05,27.58
1,2020-11-06,24.86
1,2020-11-09,25.75
1,2020-11-10,24.8
1,2020-11-11,23.45
1,2020-11-12,25.35
1,2020-11-13,23.1
1,2020-11-16,22.45
1,2020-11-17,22.71
1,2020-11-18,23.84
1,2020-11-19,23.11
1,2020-11-20,23.7
1,2020-11-23,22.66
1,2020-11-24,21.64
1,2020-11-25,21.25
1,2020-11-27,20.84
1,2020-11-30,20.57
1,2020-12-01,20.77
1,2020-12-02,21.17
1,2020-12-03,21.28
1,2020-12-04,20.79
1,2020-12-07,21.3
1,2020-12-08,20.68
1,2020-12-09,22.27
1,2020-12-10,22.52
1,2020-12-11,23.31
1,2020-12-14,24.72
1,2020-12-15,22.89
1,2020-12-16,22.5
1,2020-12-17,21.93
1,2020-12-18,21.57
1,2020-12-21,25.16
1,2020-12-22,24.23
1,2020-12-23,23.31
1,2020-12-24,21.53
1,2020-12-28,21.7
1,2020-12-29,23.08
1,2020-12-30,22.77
1,2020-12-31,22.75
1,2021-01-04,26.97
1,2021-01-05,25.34
1,2021-01-06,25.07
1,2021-01-07,22.37
1,2021-01-08,21.56
1,2021-01-11,24.08
1,2021-01-12,23.33
1,2021-01-13,22.21
1,2021-01-14,23.25
1,2021-01-15,24.34
1,2021-01-19,23.24
1,2021-01-20,21.58
1,2021-01-21,21.32
1,2021-01-22,21.91
1,2021-01-25,23.19
1,2021-01-26,23.02
1,2021-01-27,37.21
1,2021-01-28,30.21
1,2021-01-29,33.09
1,2021-02-01,30.24
1,2021-02-02,25.56
1,2021-02-03,22.91
1,2021-02-04,21.77
1,2021-02-05,20.87
1,2021-02-08,21.24
1,2021-02-09,21.63
1,2021-02-10,21.99
1,2021-02-11,21.25
1,2021-02-12,19.97
1,2021-02-16,21.46
1,2021-02-17,21.5
1,2021-02-18,22.49
1,2021-02-19,22.05
1,2021-02-22,23.45
1,2021-02-23,23.11
1,2021-02-24,21.34
1,2021-02-25,28.89
1,2021-02-26,27.95
1,2021-03-01,23.35
1,2021-03-02,24.1
1,2021-03-03,26.67
1,2021-03-04,28.57
1,2021-03-05,24.66
1,2021-03-08,25.47
1,2021-03-09,24.03
1,2021-03-10,22.56
1,2021-03-11,21.91
1,2021-03-12,20.69
1,2021-03-15,20.03
1,2021-03-16,19.79
1,2021-03-17,19.23
1,2021-03-18,21.58
1,2021-03-19,20.95
1,2021-03-22,18.88
1,2021-03-23,20.3
1,2021-03-24,21.2
1,2021-03-25,19.81
1,2021-03-26,18.86
1,2021-03-29,20.74
1,2021-03-30,19.61
1,2021-03-31,19.4
1,2021-04-01,17.33
1,2021-04-05,17.91
1,2021-04-06,18.12
1,2021-04-07,17.16
1,2021-04-08,16.95
1,2021-04-09,16.69
1,2021-04-12,16.91
1,2021-04-13,16.65
1,2021-04-14,16.99
1,2021-04-15,16.57
1,2021-04-16,16.25
1,2021-04-19,17.29
1,2021-04-20,18.68
1,2021-04-21,17.5
1,2021-04-22,18.71
1,2021-04-23,17.33
1,2021-04-26,17.64
1,2021-04-27,17.56
1,2021-04-28,17.28
1,2021-04-29,17.61
1,2021-04-30,18.61
1,2021-05-03,18.31
1,2021-05-04,19.48
1,2021-05-05,19.15
1,2021-05-06,18.39
1,2021-05-07,16.69
1,2021-05-10,19.66
1,2021-05-11,21.84
1,2021-05-12,27.59
1,2021-05-13,23.13
1,2021-05-14,18.81
1,2021-05-17,19.72
1,2021-05-18,21.34
1,2021-05-19,22.18
1,2021-05-20,20.67
1,2021-05-21,20.15
1,2021-05-24,18.4
1,2021-05-25,18.84
1,2021-05-26,17.36
1,2021-05-27,16.74
1,2021-05-28,16.76
1,2021-06-01,17.9
1,2021-06-02,17.48
1,2021-06-03,18.04
1,2021-06-04,16.42
1,2021-06-07,16.42
1,2021-06-08,17.07
1,2021-06-09,17.89
1,2021-06-10,16.1
1,2021-06-11,15.65
1,2021-06-14,16.39
1,2021-06-15,17.02
1,2021-06-16,18.15
1,2021-06-17,17.75
1,2021-06-18,20.7
1,2021-06-21,17.89
1,2021-06-22,16.66
1,2021-06-23,16.32
1,2021-06-24,15.97
1,2021-06-25,15.62
1,2021-06-28,15.76
1,2021-06-29,16.02
1,2021-06-30,15.83
1,2021-07-01,15.48
1,2021-07-02,15.07
1,2021-07-06,16.44
1,2021-07-07,16.2
1,2021-07-08,19
1,2021-07-09,16.18
1,2021-07-12,16.17
1,2021-07-13,17.12
1,2021-07-14,16.33
1,2021-07-15,17.01
1,2021-07-16,18.45
1,2021-07-19,22.5
1,2021-07-20,19.73
1,2021-07-21,17.91
1,2021-07-22,17.69
1,2021-07-23,17.2
1,2021-07-26,17.58
1,2021-07-27,19.36
1,2021-07-28,18.31
1,2021-07-29,17.7
1,2021-07-30,18.24
1,2021-08-02,19.46
1,2021-08-03,18.04
1,2021-08-04,17.97
1,2021-08-05,17.28
1,2021-08-06,16.15
1,2021-08-09,16.72
1,2021-08-10,16.79
1,2021-08-11,16.06
1,2021-08-12,15.59
1,2021-08-13,15.45
1,2021-08-16,16.12
1,2021-08-17,17.91
1,2021-08-18,21.57
1,2021-08-19,21.67
1,2021-08-20,18.56
1,2021-08-23,17.15
1,2021-08-24,17.22
1,2021-08-25,16.79
1,2021-08-26,18.84
1,2021-08-27,16.39
1,2021-08-30,16.19
1,2021-08-31,16.48
1,2021-09-01,16.11
1,2021-09-02,16.41
1,2021-09-03,16.41
1,2021-09-07,18.14
1,2021-09-08,17.96
1,2021-09-09,18.8
1,2021-09-10,20.95
1,2021-09-13,19.37
1,2021-09-14,19.46
1,2021-09-15,18.18
1,2021-09-16,18.69
1,2021-09-17,20.81
1,2021-09-20,25.71
1,2021-09-21,24.36
1,2021-09-22,20.87
1,2021-09-23,18.63
1,2021-09-24,17.75
1,2021-09-27,18.76
1,2021-09-28,23.25
1,2021-09-29,22.56
1,2021-09-30,23.14
1,2021-10-01,21.15
1,2021-10-04,22.96
1,2021-10-05,21.3
1,2021-10-06,21
1,2021-10-07,19.54
1,2021-10-08,18.77
1,2021-10-11,20
1,2021-10-12,19.85
1,2021-10-13,18.64
1,2021-10-14,16.86
1,2021-10-15,16.3
1,2021-10-18,16.31
1,2021-10-19,15.7
1,2021-10-20,15.49
1,2021-10-21,15.01
1,2021-10-22,15.43
1,2021-10-25,15.24
1,2021-10-26,15.98
1,2021-10-27,16.98
1,2021-10-28,16.53
1,2021-10-29,16.26
1,2021-11-01,16.41
1,2021-11-02,16.03
1,2021-11-03,15.1
1,2021-11-04,15.44
1,2021-11-05,16.48
1,2021-11-08,17.22
1,2021-11-09,17.78
1,2021-11-10,18.73
1,2021-11-11,17.66
1,2021-11-12,16.29
1,2021-11-15,16.49
1,2021-11-16,16.37
1,2021-11-17,17.11
1,2021-11-18,17.59
1,2021-11-19,17.91
1,2021-11-22,19.17
1,2021-11-23,19.38
1,2021-11-24,18.58
1,2021-11-26,28.62
1,2021-11-29,22.96
1,2021-11-30,27.19
1,2021-12-01,31.12
1,2021-12-02,27.95
1,2021-12-03,30.67
1,2021-12-06,27.18
1,2021-12-07,21.89
1,2021-12-08,19.9
1,2021-12-09,21.58
1,2021-12-10,18.69
1,2021-12-13,20.31
1,2021-12-14,21.89
1,2021-12-15,19.29
1,2021-12-16,20.57
1,2021-12-17,21.57
1,2021-12-20,22.87
1,2021-12-21,21.01
1,2021-12-22,18.63
1,2021-12-23,17.96
1,2021-12-27,17.68
1,2021-12-28,17.54
1,2021-12-29,16.95
1,2021-12-30,17.33
1,2021-12-31,17.22
1,2022-01-03,16.6
1,2022-01-04,16.91
1,2022-01-05,19.73
1,2022-01-06,19.61
1,2022-01-07,18.76
1,2022-01-10,19.4
1,2022-01-11,18.41
1,2022-01-12,17.62
1,2022-01-13,20.31
1,2022-01-14,19.19
1,2022-01-18,22.79
1,2022-01-19,23.85
1,2022-01-20,25.59
1,2022-01-21,28.85
1,2022-01-24,29.9
1,2022-01-25,31.16
1,2022-01-26,31.96
1,2022-01-27,30.49
1,2022-01-28,27.66
1,2022-01-31,24.83
1,2022-02-01,21.96
1,2022-02-02,22.09
1,2022-02-03,24.35
1,2022-02-04,23.22
1,2022-02-07,22.86
1,2022-02-08,21.44
1,2022-02-09,19.96
1,2022-02-10,23.91
1,2022-02-11,27.36
1,2022-02-14,28.33
1,2022-02-15,25.7
1,2022-02-16,24.29
1,2022-02-17,28.11
1,2022-02-18,27.75
1,2022-02-22,28.81
1,2022-02-23,31.02
1,2022-02-24,30.32
1,2022-02-25,27.59
1,2022-02-28,30.15
1,2022-03-01,33.32
1,2022-03-02,30.74
1,2022-03-03,30.48
1,2022-03-04,31.98
1,2022-03-07,36.45
1,2022-03-08,35.13
1,2022-03-09,32.45
1,2022-03-10,30.23
1,2022-03-11,30.75
1,2022-03-14,31.77
1,2022-03-15,29.83
1,2022-03-16,26.67
1,2022-03-17,25.67
1,2022-03-18,23.87
1,2022-03-21,23.53
1,2022-03-22,22.94
1,2022-03-23,23.57
1,2022-03-24,21.67
1,2022-03-25,20.81
1,2022-03-28,19.63
1,2022-03-29,18.9
1,2022-03-30,19.33
1,2022-03-31,20.56
1,2022-04-01,19.63
1,2022-04-04,18.57
1,2022-04-05,21.03
1,2022-04-06,22.1
1,2022-04-07,21.55
1,2022-04-08,21.16
1,2022-04-11,24.37
1,2022-04-12,24.26
1,2022-04-13,21.82
1,2022-04-14,22.7
1,2022-04-18,22.17
1,2022-04-19,21.37
1,2022-04-20,20.32
1,2022-04-21,22.68
1,2022-04-22,28.21
1,2022-04-25,27.02
1,2022-04-26,33.52
1,2022-04-27,31.6
1,2022-04-28,29.99
1,2022-04-29,33.4
1,2022-05-02,32.34
1,2022-05-03,29.25
1,2022-05-04,25.42
1,2022-05-05,31.2
1,2022-05-06,30.19
1,2022-05-09,34.75
1,2022-05-10,32.99
1,2022-05-11,32.56
1,2022-05-12,31.77
1,2022-05-13,28.87
1,2022-05-16,27.47
1,2022-05-17,26.1
1,2022-05-18,30.96
1,2022-05-19,29.35
1,2022-05-20,29.43
1,2022-05-23,28.48
1,2022-05-24,29.45
1,2022-05-25,28.37
1,2022-05-26,27.5
1,2022-05-27,25.72
1,2022-05-30,26.54
1,2022-05-31,26.19
1,2022-06-01,25.69
1,2022-06-02,24.72
1,2022-06-03,24.79
1,2022-06-06,25.07
1,2022-06-07,24.02
1,2022-06-08,23.96
1,2022-06-09,26.09
1,2022-06-10,27.75
1,2022-06-13,34.02
1,2022-06-14,32.69
1,2022-06-15,29.62
1,2022-06-16,32.95
1,2022-06-17,31.13
1,2022-06-20,31.03
1,2022-06-21,30.19
1,2022-06-22,28.95
1,2022-06-23,29.05
1,2022-06-24,27.23
1,2022-06-27,26.95
1,2022-06-28,28.36
1,2022-06-29,28.16
1,2022-06-30,28.71
1,2022-07-01,26.7
1,2022-07-04,27.53
1,2022-07-05,27.54
1,2022-07-06,26.73
1,2022-07-07,26.08
1,2022-07-08,24.64
1,2022-07-11,26.17
1,2022-07-12,27.29
1,2022-07-13,26.82
1,2022-07-14,26.4
1,2022-07-15,24.23
1,2022-07-18,25.3
1,2022-07-19,24.5
1,2022-07-20,23.88
1,2022-07-21,23.11
1,2022-07-22,23.03
1,2022-07-25,23.36
1,2022-07-26,24.69
1,2022-07-27,23.24
1,2022-07-28,22.33
1,2022-07-29,21.33
1,2022-08-01,22.84
1,2022-08-02,23.93
1,2022-08-03,21.95
1,2022-08-04,21.44
1,2022-08-05,21.15
1,2022-08-08,21.29
1,2022-08-09,21.77
1,2022-08-10,19.74
1,2022-08-11,20.2
1,2022-08-12,19.53
1,2022-08-15,19.95
1,2022-08-16,19.69
1,2022-08-17,19.9
1,2022-08-18,19.56
1,2022-08-19,20.6
1,2022-08-22,23.8
1,2022-08-23,24.11
1,2022-08-24,22.82
1,2022-08-25,21.78
1,2022-08-26,25.56
1,2022-08-29,26.21
1,2022-08-30,26.21
1,2022-08-31,25.87
1,2022-09-01,25.56
1,2022-09-02,25.47
1,2022-09-05,25.99
1,2022-09-06,26.91
1,2022-09-07,24.64
1,2022-09-08,23.61
1,2022-09-09,22.79
1,2022-09-12,23.87
1,2022-09-13,27.27
1,2022-09-14,26.16
1,2022-09-15,26.27
1,2022-09-16,26.3
1,2022-09-19,25.76
1,2022-09-20,27.16
1,2022-09-21,27.99
1,2022-09-22,27.35
1,2022-09-23,29.92
1,2022-09-26,32.26
1,2022-09-27,32.6
1,2022-09-28,30.18
1,2022-09-29,31.84
1,2022-09-30,31.62
1,2022-10-03,30.1
1,2022-10-04,29.07
1,2022-10-05,28.55
1,2022-10-06,30.52
1,2022-10-07,31.36
1,2022-10-10,32.45
1,2022-10-11,33.63
1,2022-10-12,33.57
1,2022-10-13,31.94
1,2022-10-14,32.02
1,2022-10-17,31.37
1,2022-10-18,30.5
1,2022-10-19,30.76
1,2022-10-20,29.98
1,2022-10-21,29.69
1,2022-10-24,29.85
1,2022-10-25,28.46
1,2022-10-26,27.28
1,2022-10-27,27.39
1,2022-10-28,25.75
1,2022-10-31,25.88
1,2022-11-01,25.81
1,2022-11-02,25.86
1,2022-11-03,25.3
1,2022-11-04,24.55
1,2022-11-07,24.35
1,2022-11-08,25.54
1,2022-11-09,26.09
1,2022-11-10,23.53
1,2022-11-11,22.52
1,2022-11-14,23.73
1,2022-11-15,24.54
1,2022-11-16,24.11
1,2022-11-17,23.93
1,2022-11-18,23.12
1,2022-11-21,22.36
1,2022-11-22,21.29
1,2022-11-23,20.35
1,2022-11-24,20.42
1,2022-11-25,20.5
1,2022-11-28,22.21
1,2022-11-29,21.89
1,2022-11-30,20.58
1,2022-12-01,19.84
1,2022-12-02,19.06
1,2022-12-05,20.75
1,2022-12-06,22.17
1,2022-12-07,22.68
1,2022-12-08,22.29
1,2022-12-09,22.83
1,2022-12-12,25
1,2022-12-13,22.55
1,2022-12-14,21.14
1,2022-12-15,22.83
1,2022-12-16,22.62
1,2022-12-19,22.42
1,2022-12-20,21.48
1,2022-12-21,20.07
1,2022-12-22,21.97
1,2022-12-23,20.87
1,2022-12-27,21.65
1,2022-12-28,22.14
1,2022-12-29,21.44
1,2022-12-30,21.67
1,2023-01-03,22.9
1,2023-01-04,22.01
1,2023-01-05,22.46
1,2023-01-06,21.13
1,2023-01-09,21.97
1,2023-01-10,20.58
1,2023-01-11,21.09
1,2023-01-12,18.83
1,2023-01-13,18.35
1,2023-01-16,19.49
1,2023-01-17,19.36
1,2023-01-18,20.34
1,2023-01-19,20.52
1,2023-01-20,19.85
1,2023-01-23,19.81
1,2023-01-24,19.2
1,2023-01-25,19.08
1,2023-01-26,18.73
1,2023-01-27,18.51
1,2023-01-30,19.94
1,2023-01-31,19.4
1,2023-02-01,17.87
1,2023-02-02,18.73
1,2023-02-03,18.33
1,2023-02-06,19.43
1,2023-02-07,18.66
1,2023-02-08,19.63
1,2023-02-09,20.71
1,2023-02-10,20.53
1,2023-02-13,20.34
1,2023-02-14,18.91
1,2023-02-15,18.23
1,2023-02-16,20.17
1,2023-02-17,20.02
1,2023-02-20,21.23
1,2023-02-21,22.87
1,2023-02-22,22.29
1,2023-02-23,21.14
1,2023-02-24,21.67
1,2023-02-27,20.95
1,2023-02-28,20.7
1,2023-03-01,20.58
1,2023-03-02,19.59
1,2023-03-03,18.49
1,2023-03-06,18.61
1,2023-03-07,19.59
1,2023-03-08,19.11
1,2023-03-09,22.61
1,2023-03-10,24.8
1,2023-03-13,26.52
1,2023-03-14,23.73
1,2023-03-15,26.14
1,2023-03-16,22.99
1,2023-03-17,25.51
1,2023-03-20,24.15
1,2023-03-21,21.38
1,2023-03-22,22.26
1,2023-03-23,22.61
1,2023-03-24,21.74
1,2023-03-27,20.6
1,2023-03-28,19.97
1,2023-03-29,19.12
1,2023-03-30,19.02
1,2023-03-31,18.7
1,2023-04-03,18.55
1,2023-04-04,19
1,2023-04-05,19.08
1,2023-04-06,18.4
1,2023-04-10,18.97
1,2023-04-11,19.1
1,2023-04-12,19.09
1,2023-04-13,17.8
1,2023-04-14,17.07
1,2023-04-17,16.95
1,2023-04-18,16.83
1,2023-04-19,16.46
1,2023-04-20,17.17
1,2023-04-21,16.77
1,2023-04-24,16.89
1,2023-04-25,18.76
1,2023-04-26,18.84
1,2023-04-27,17.03
1,2023-04-28,15.78
1,2023-05-01,16.08
1,2023-05-02,17.78
1,2023-05-03,18.34
1,2023-05-04,20.09
1,2023-05-05,17.19
1,2023-05-08,16.98
1,2023-05-09,17.71
1,2023-05-10,16.94
1,2023-05-11,16.93
1,2023-05-12,17.03
1,2023-05-15,17.12
1,2023-05-16,17.99
1,2023-05-17,16.87
1,2023-05-18,16.05
1,2023-05-19,16.81
1,2023-05-22,17.21
1,2023-05-23,18.53
1,2023-05-24,20.03
1,2023-05-25,19.14
1,2023-05-26,17.95
1,2023-05-29,17.46
1,2023-05-30,17.46
1,2023-05-31,17.94
1,2023-06-01,15.65
1,2023-06-02,14.6
1,2023-06-05,14.73
1,2023-06-06,13.96
1,2023-06-07,13.94
1,2023-06-08,13.65
1,2023-06-09,13.83
1,2023-06-12,15.01
1,2023-06-13,14.61
1,2023-06-14,13.88
1,2023-06-15,14.5
1,2023-06-16,13.54
1,2023-06-19,14.19
1,2023-06-20,13.88
1,2023-06-21,13.2
1,2023-06-22,12.91
1,2023-06-23,13.44
1,2023-06-26,14.25
1,2023-06-27,13.74
1,2023-06-28,13.43
1,2023-06-29,13.54
1,2023-06-30,13.59
1,2023-07-03,13.57
1,2023-07-04,13.7
1,2023-07-05,14.18
1,2023-07-06,15.44
1,2023-07-07,14.83
1,2023-07-10,15.07
1,2023-07-11,14.84
1,2023-07-12,13.54
1,2023-07-13,13.61
1,2023-07-14,13.34
1,2023-07-17,13.48
1,2023-07-18,13.3
1,2023-07-19,13.76
1,2023-07-20,13.99
1,2023-07-21,13.6
1,2023-07-24,13.91
1,2023-07-25,13.86
1,2023-07-26,13.19
1,2023-07-27,14.41
1,2023-07-28,13.33
1,2023-07-31,13.63
1,2023-08-01,13.93
1,2023-08-02,16.09
1,2023-08-03,15.92
1,2023-08-04,17.1
1,2023-08-07,15.77
1,2023-08-08,15.99
1,2023-08-09,15.96
1,2023-08-10,15.85
1,2023-08-11,14.84
1,2023-08-14,14.82
1,2023-08-15,16.46
1,2023-08-16,16.78
1,2023-08-17,17.89
1,2023-08-18,17.3
1,2023-08-21,17.13
1,2023-08-22,16.97
1,2023-08-23,15.98
1,2023-08-24,17.2
1,2023-08-25,15.68
1,2023-08-28,15.08
1,2023-08-29,14.45
1,2023-08-30,13.88
1,2023-08-31,13.57
1,2023-09-01,13.09
1,2023-09-04,13.82
1,2023-09-05,14.01
1,2023-09-06,14.45
1,2023-09-07,14.4
1,2023-09-08,13.84
1,2023-09-11,13.8
1,2023-09-12,14.23
1,2023-09-13,13.48
1,2023-09-14,12.82
1,2023-09-15,13.79
1,2023-09-18,14
1,2023-09-19,14.11
1,2023-09-20,15.14
1,2023-09-21,17.54
1,2023-09-22,17.2
1,2023-09-25,16.9
1,2023-09-26,18.94
1,2023-09-27,18.22
1,2023-09-28,17.34
1,2023-09-29,17.52
1,2023-10-02,17.61
1,2023-10-03,19.78
1,2023-10-04,18.58
1,2023-10-05,18.49
1,2023-10-06,17.45
1,2023-10-09,17.7
1,2023-10-10,17.03
1,2023-10-11,16.09
1,2023-10-12,16.69
1,2023-10-13,19.32
1,2023-10-16,17.21
1,2023-10-17,17.88
1,2023-10-18,19.22
1,2023-10-19,21.4
1,2023-10-20,21.71
1,2023-10-23,20.37
1,2023-10-24,18.97
1,2023-10-25,20.19
1,2023-10-26,20.68
1,2023-10-27,21.27
1,2023-10-30,19.75
1,2023-10-31,18.14
1,2023-11-01,16.87
1,2023-11-02,15.66
1,2023-11-03,14.91
1,2023-11-06,14.89
1,2023-11-07,14.81
1,2023-11-08,14.45
1,2023-11-09,15.29
1,2023-11-10,14.17
1,2023-11-13,14.76
1,2023-11-14,14.16
1,2023-11-15,14.18
1,2023-11-16,14.32
1,2023-11-17,13.8
1,2023-11-20,13.41
1,2023-11-21,13.35
1,2023-11-22,12.85
1,2023-11-23,12.8
1,2023-11-24,12.46
1,2023-11-27,12.69
1,2023-11-28,12.69
1,2023-11-29,12.98
1,2023-11-30,12.92
1,2023-12-01,12.63
1,2023-12-04,13.08
1,2023-12-05,12.85
1,2023-12-06,12.97
1,2023-12-07,13.06
1,2023-12-08,12.35
1,2023-12-11,12.63
1,2023-12-12,12.07
1,2023-12-13,12.19
1,2023-12-14,12.48
1,2023-12-15,12.28
1,2023-12-18,12.56
1,2023-12-19,12.53
1,2023-12-20,13.67
1,2023-12-21,13.65
1,2023-12-22,13.03
1,2023-12-26,12.99
1,2023-12-27,12.43
1,2023-12-28,12.47
1,2023-12-29,12.45
1,2024-01-02,13.2
1,2024-01-03,14.04
1,2024-01-04,14.13
1,2024-01-05,13.35
1,2024-01-08,13.08
1,2024-01-09,12.76
1,2024-01-10,12.69
1,2024-01-11,12.44
1,2024-01-12,12.7
1,2024-01-15,13.25
1,2024-01-16,13.84
1,2024-01-17,14.79
1,2024-01-18,14.13
1,2024-01-19,13.3
1,2024-01-22,13.19
1,2024-01-23,12.55
1,2024-01-24,13.14
1,2024-01-25,13.45
1,2024-01-26,13.26
1,2024-01-29,13.6
1,2024-01-30,13.31
1,2024-01-31,14.35
1,2024-02-01,13.88
1,2024-02-02,13.85
1,2024-02-05,13.67
1,2024-02-06,13.06
1,2024-02-07,12.83
1,2024-02-08,12.79
1,2024-02-09,12.93
1,2024-02-12,13.93
1,2024-02-13,15.85
1,2024-02-14,14.38
1,2024-02-15,14.01
1,2024-02-16,14.24
1,2024-02-19,14.71
1,2024-02-20,15.42
1,2024-02-21,15.34
1,2024-02-22,14.54
1,2024-02-23,13.75
1,2024-02-26,13.74
1,2024-02-27,13.43
1,2024-02-28,13.84
1,2024-02-29,13.4
1,2024-03-01,13.11
1,2024-03-04,13.49
1,2024-03-05,14.46
1,2024-03-06,14.5
1,2024-03-07,14.44
1,2024-03-08,14.74
1,2024-03-11,15.22
1,2024-03-12,13.84
1,2024-03-13,13.75
1,2024-03-14,14.4
1,2024-03-15,14.41
1,2024-03-18,14.33
1,2024-03-19,13.82
1,2024-03-20,13.04
1,2024-03-21,12.92
1,2024-03-22,13.06
1,2024-03-25,13.19
1,2024-03-26,13.24
1,2024-03-27,12.78
1,2024-03-28,13.01
1,2024-04-01,13.65
1,2024-04-02,14.61
1,2024-04-03,14.33
1,2024-04-04,16.35
1,2024-04-05,16.03
1,2024-04-08,15.19
1,2024-04-09,14.98
1,2024-04-10,15.8
1,2024-04-11,14.91
1,2024-04-12,17.31
1,2024-04-15,19.23
1,2024-04-16,18.4
1,2024-04-17,18.21
1,2024-04-18,18
1,2024-04-19,18.71
1,2024-04-22,16.94
1,2024-04-23,15.69
1,2024-04-24,15.97
1,2024-04-25,15.37
1,2024-04-26,15.03
1,2024-04-29,14.67
1,2024-04-30,15.65
1,2024-05-01,15.39
1,2024-05-02,14.68
1,2024-05-03,13.49
1,2024-05-06,13.49
1,2024-05-07,13.23
1,2024-05-08,13
1,2024-05-09,12.69
1,2024-05-10,12.55
1,2024-05-13,13.6
1,2024-05-14,13.42
1,2024-05-15,12.45
1,2024-05-16,12.42
1,2024-05-17,11.99
1,2024-05-20,12.15
1,2024-05-21,11.86
1,2024-05-22,12.29
1,2024-05-23,12.77
1,2024-05-24,11.93
1,2024-05-27,12.36
1,2024-05-28,12.92
1,2024-05-29,14.28
1,2024-05-30,14.47
1,2024-05-31,12.92
1,2024-06-03,13.11
1,2024-06-04,13.16
1,2024-06-05,12.63
1,2024-06-06,12.58
1,2024-06-07,12.22
1,2024-06-10,12.74
1,2024-06-11,12.85
1,2024-06-12,12.04
1,2024-06-13,11.94
1,2024-06-14,12.66
1,2024-06-17,12.75
1,2024-06-18,12.3
1,2024-06-19,12.48
1,2024-06-20,13.28
1,2024-06-21,13.2
1,2024-06-24,13.33
1,2024-06-25,12.84
1,2024-06-26,12.55
1,2024-06-27,12.24
1,2024-06-28,12.44
1,2024-07-01,12.22
1,2024-07-02,12.03
1,2024-07-03,12.09
1,2024-07-04,12.26
1,2024-07-05,12.48
1,2024-07-08,12.37
1,2024-07-09,12.51
1,2024-07-10,12.85
1,2024-07-11,12.92
1,2024-07-12,12.46
1,2024-07-15,13.12
1,2024-07-16,13.19
1,2024-07-17,14.48
1,2024-07-18,15.93
1,2024-07-19,16.52
1,2024-07-22,14.91
1,2024-07-23,14.72
1,2024-07-24,18.04
1,2024-07-25,18.46
1,2024-07-26,16.39
1,2024-07-29,16.6
1,2024-07-30,17.69
1,2024-07-31,16.36
1,2024-08-01,18.59
1,2024-08-02,23.39
1,2024-08-05,38.57
1,2024-08-06,27.71
1,2024-08-07,27.85
1,2024-08-08,23.79
1,2024-08-09,20.37
1,2024-08-12,20.71
1,2024-08-13,18.12
1,2024-08-14,16.19
1,2024-08-15,15.23
1,2024-08-16,14.8
1,2024-08-19,14.65
1,2024-08-20,15.88
1,2024-08-21,16.27
1,2024-08-22,17.55
1,2024-08-23,15.86
1,2024-08-26,16.15
1,2024-08-27,15.43
1,2024-08-28,17.11
1,2024-08-29,15.65
1,2024-08-30,15
1,2024-09-02,15.55
1,2024-09-03,20.72
1,2024-09-04,21.32
1,2024-09-05,19.9
1,2024-09-06,22.38
1,2024-09-09,19.45
1,2024-09-10,19.08
1,2024-09-11,17.69
1,2024-09-12,17.07
1,2024-09-13,16.56
1,2024-09-16,17.14
1,2024-09-17,17.61
1,2024-09-18,18.23
1,2024-09-19,16.33
1,2024-09-20,16.15
1,2024-09-23,15.89
1,2024-09-24,15.39
1,2024-09-25,15.41
1,2024-09-26,15.37
1,2024-09-27,16.96
1,2024-09-30,16.73
1,2024-10-01,19.26
1,2024-10-02,18.9
1,2024-10-03,20.49
1,2024-10-04,19.21
1,2024-10-07,22.64
1,2024-10-08,21.42
1,2024-10-09,20.86
1,2024-10-10,20.93
1,2024-10-11,20.46
1,2024-10-14,19.7
1,2024-10-15,20.64
1,2024-10-16,19.58
1,2024-10-17,19.11
1,2024-10-18,18.03
1,2024-10-21,18.37
1,2024-10-22,18.2
1,2024-10-23,19.24
1,2024-10-24,19.08
1,2024-10-25,20.33
1,2024-10-28,19.8
1,2024-10-29,19.34
1,2024-10-30,20.35
1,2024-10-31,23.16
1,2024-11-01,21.88
1,2024-11-04,21.98
1,2024-11-05,20.49
1,2024-11-06,16.27
1,2024-11-07,15.2
1,2024-11-08,14.94
1,2024-11-11,14.97
1,2024-11-12,14.71
1,2024-11-13,14.02
1,2024-11-14,14.31
1,2024-11-15,16.14
1,2024-11-18,15.58
1,2024-11-19,16.35
1,2024-11-20,17.16
1,2024-11-21,16.87
1,2024-11-22,15.24
1,2024-11-25,14.6
1,2024-11-26,14.1
1,2024-11-27,14.1
1,2024-11-28,13.9
1,2024-11-29,13.51
1,2024-12-02,13.34
1,2024-12-03,13.3
1,2024-12-04,13.45
1,2024-12-05,13.54
1,2024-12-06,12.77
1,2024-12-09,14.19
1,2024-12-10,14.18
1,2024-12-11,13.58
1,2024-12-12,13.92
1,2024-12-13,13.81
1,2024-12-16,14.69
1,2024-12-17,15.87
1,2024-12-18,27.62
1,2024-12-19,24.09
1,2024-12-20,18.36
1,2024-12-23,16.78
1,2024-12-24,14.27
1,2024-12-26,14.73
1,2024-12-27,15.95
1,2024-12-30,17.4
1,2024-12-31,17.35
1,2025-01-02,17.93
1,2025-01-03,16.13
1,2025-01-06,16.04
1,2025-01-07,17.82
1,2025-01-08,17.7
1,2025-01-09,18.07
1,2025-01-10,19.54
1,2025-01-13,19.19
1,2025-01-14,18.71
1,2025-01-15,16.12
1,2025-01-16,16.6
1,2025-01-17,15.97
1,2025-01-20,15.81
1,2025-01-21,15.06
1,2025-01-22,15.1
1,2025-01-23,15.02
1,2025-01-24,14.85
1,2025-01-27,17.9
1,2025-01-28,16.41
1,2025-01-29,16.56
1,2025-01-30,15.84
1,2025-01-31,16.43
1,2025-02-03,18.62
1,2025-02-04,17.21
1,2025-02-05,15.77
1,2025-02-06,15.5
1,2025-02-07,16.54
1,2025-02-10,15.81
1,2025-02-11,16.02
1,2025-02-12,15.89
1,2025-02-13,15.1
1,2025-02-14,14.77
1,2025-02-17,15.37
1,2025-02-18,15.35
1,2025-02-19,15.27
1,2025-02-20,15.66
1,2025-02-21,18.21
1,2025-02-24,18.98
1,2025-02-25,19.43
1,2025-02-26,19.1
1,2025-02-27,21.13
1,2025-02-28,19.63
1,2025-03-03,22.78
1,2025-03-04,23.51
1,2025-03-05,21.93
1,2025-03-06,24.87
1,2025-03-07,23.37
1,2025-03-10,27.86
1,2025-03-11,26.92
1,2025-03-12,24.23
1,2025-03-13,24.66
1,2025-03-14,21.77
1,2025-03-17,20.51
1,2025-03-18,21.7
1,2025-03-19,19.9
1,2025-03-20,19.8
1,2025-03-21,19.28
1,2025-03-24,17.48
1,2025-03-25,17.15
1,2025-03-26,18.33
1,2025-03-27,18.69
1,2025-03-28,21.65
1,2025-03-31,22.28
1,2025-04-01,21.77
1,2025-04-02,21.51
1,2025-04-03,30.02
1,2025-04-04,45.31
1,2025-04-07,46.98
1,2025-04-08,52.33
1,2025-04-09,33.62
1,2025-04-10,40.72
1,2025-04-11,37.56
1,2025-04-14,30.89
1,2025-04-15,30.12
1,2025-04-16,32.64
1,2025-04-17,29.65
1,2025-04-21,33.82
1,2025-04-22,30.57
1,2025-04-23,28.45
1,2025-04-24,26.47
1,2025-04-25,24.84
1,2025-04-28,25.15
1,2025-04-29,24.17
1,2025-04-30,24.7
1,2025-05-01,24.6
1,2025-05-02,22.68
1,2025-05-05,23.64
1,2025-05-06,24.76
1,2025-05-07,23.55
1,2025-05-08,22.48
1,2025-05-09,21.9
1,2025-05-12,18.39
1,2025-05-13,18.22
1,2025-05-14,18.62
1,2025-05-15,17.83
1,2025-05-16,17.24
1,2025-05-19,18.14
1,2025-05-20,18.09
1,2025-05-21,20.87
1,2025-05-22,20.28
1,2025-05-23,22.29
1,2025-05-26,20.57
1,2025-05-27,18.96
1,2025-05-28,19.31
1,2025-05-29,19.18
1,2025-05-30,18.57
1,2025-06-02,18.36
1,2025-06-03,17.69
1,2025-06-04,17.61
1,2025-06-05,18.48
1,2025-06-06,16.77
1,2025-06-09,17.16
1,2025-06-10,16.95
1,2025-06-11,17.26
1,2025-06-12,18.02
1,2025-06-13,20.82
1,2025-06-16,19.11
1,2025-06-17,21.6
1,2025-06-18,20.14
1,2025-06-19,22.17
1,2025-06-20,20.62
1,2025-06-23,19.83
1,2025-06-24,17.48
1,2025-06-25,16.76
1,2025-06-26,16.59
1,2025-06-27,16.32
1,2025-06-30,16.73
1,2025-07-01,16.83
1,2025-07-02,16.64
1,2025-07-03,16.38
1,2025-07-04,17.48
1,2025-07-07,17.79
1,2025-07-08,16.81
1,2025-07-09,15.94
1,2025-07-10,15.78
1,2025-07-11,16.4
1,2025-07-14,17.2
1,2025-07-15,17.38
1,2025-07-16,17.16
1,2025-07-17,16.52
1,2025-07-18,16.41
1,2025-07-21,16.65
1,2025-07-22,16.5
1,2025-07-23,15.37
1,2025-07-24,15.39
2,1999-01-08,0.0941
2,1999-01-15,0.1963
2,1999-01-22,0.1876
2,1999-01-29,0.1489
2,1999-02-05,0.1746
2,1999-02-12,0.2126
2,1999-02-19,0.2173
2,1999-02-26,0.2
2,1999-03-05,0.1665
2,1999-03-12,0.155
2,1999-03-19,0.0762
2,1999-03-26,0.1233
2,1999-04-02,0.0867
2,1999-04-09,0.0925
2,1999-04-16,0.0645
2,1999-04-23,0.1054
2,1999-04-30,0.0746
2,1999-05-07,0.0618
2,1999-05-14,0.0567
2,1999-05-21,0.0565
2,1999-05-28,0.0568
2,1999-06-04,0.0495
2,1999-06-11,0.0535
2,1999-06-18,0.0485
2,1999-06-25,0.04
2,1999-07-02,0.0421
2,1999-07-09,0.0271
2,1999-07-16,0.0342
2,1999-07-23,0.0867
2,1999-07-30,0.0873
2,1999-08-06,0.0819
2,1999-08-13,0.0827
2,1999-08-20,0.0836
2,1999-08-27,0.0688
2,1999-09-03,0.0604
2,1999-09-10,0.0572
2,1999-09-17,0.0583
2,1999-09-24,0.0699
2,1999-10-01,0.073
2,1999-10-08,0.0785
2,1999-10-15,0.1061
2,1999-10-22,0.1067
2,1999-10-29,0.1033
2,1999-11-05,0.0562
2,1999-11-12,0.0497
2,1999-11-19,0.0547
2,1999-11-26,0.0617
2,1999-12-03,0.0518
2,1999-12-10,0.0735
2,1999-12-17,0.065
2,1999-12-24,0.061
2,1999-12-31,0.0582
2,2000-01-07,0.1041
2,2000-01-14,0.0772
2,2000-01-21,0.0561
2,2000-01-28,0.0921
2,2000-02-04,0.0841
2,2000-02-11,0.067
2,2000-02-18,0.0523
2,2000-02-25,0.0912
2,2000-03-03,0.0768
2,2000-03-10,0.0779
2,2000-03-17,0.0699
2,2000-03-24,0.0654
2,2000-03-31,0.1096
2,2000-04-07,0.1111
2,2000-04-14,0.1472
2,2000-04-21,0.124
2,2000-04-28,0.1864
2,2000-05-05,0.2135
2,2000-05-12,0.202
2,2000-05-19,0.178
2,2000-05-26,0.2481
2,2000-06-02,0.2242
2,2000-06-09,0.1491
2,2000-06-16,0.1245
2,2000-06-23,0.1726
2,2000-06-30,0.1768
2,2000-07-07,0.124
2,2000-07-14,0.1191
2,2000-07-21,0.1753
2,2000-07-28,0.1654
2,2000-08-04,0.1875
2,2000-08-11,0.1428
2,2000-08-18,0.115
2,2000-08-25,0.102
2,2000-09-01,0.1374
2,2000-09-08,0.1746
2,2000-09-15,0.1428
2,2000-09-22,0.1871
2,2000-09-29,0.1461
2,2000-10-06,0.1333
2,2000-10-13,0.2041
2,2000-10-20,0.2331
2,2000-10-27,0.2253
2,2000-11-03,0.1479
2,2000-11-10,0.1399
2,2000-11-17,0.1466
2,2000-11-24,0.1798
2,2000-12-01,0.2089
2,2000-12-08,0.1749
2,2000-12-15,0.1761
2,2000-12-22,0.2041
2,2000-12-29,0.1312
2,2001-01-05,0.2424
2,2001-01-12,0.2391
2,2001-01-19,0.2074
2,2001-01-26,0.1203
2,2001-02-02,0.1511
2,2001-02-09,0.1401
2,2001-02-16,0.189
2,2001-02-23,0.1911
2,2001-03-02,0.1835
2,2001-03-09,0.0933
2,2001-03-16,0.1383
2,2001-03-23,0.1888
2,2001-03-30,0.173
2,2001-04-06,0.1863
2,2001-04-13,0.2069
2,2001-04-20,0.216
2,2001-04-27,0.1974
2,2001-05-04,0.1229
2,2001-05-11,0.1234
2,2001-05-18,0.0967
2,2001-05-25,0.1357
2,2001-06-01,0.1071
2,2001-06-08,0.1011
2,2001-06-15,0.1118
2,2001-06-22,0.0934
2,2001-06-29,0.1673
2,2001-07-06,0.1771
2,2001-07-13,0.1746
2,2001-07-20,0.1867
2,2001-07-27,0.1476
2,2001-08-03,0.109
2,2001-08-10,0.1258
2,2001-08-17,0.1697
2,2001-08-24,0.1361
2,2001-08-31,0.1723
2,2001-09-07,0.2882
2,2001-09-14,0.3316
2,2001-09-21,0.3956
2,2001-09-28,0.3806
2,2001-10-05,0.3948
2,2001-10-12,0.3269
2,2001-10-19,0.3194
2,2001-10-26,0.3388
2,2001-11-02,0.3401
2,2001-11-09,0.3484
2,2001-11-16,0.3626
2,2001-11-23,0.3198
2,2001-11-30,0.2847
2,2001-12-07,0.323
2,2001-12-14,0.2773
2,2001-12-21,0.3024
2,2001-12-28,0.2347
2,2002-01-04,0.3096
2,2002-01-11,0.2441
2,2002-01-18,0.2994
2,2002-01-25,0.2782
2,2002-02-01,0.2503
2,2002-02-08,0.2851
2,2002-02-15,0.1922
2,2002-02-22,0.2441
2,2002-03-01,0.2208
2,2002-03-08,0.2084
2,2002-03-15,0.1421
2,2002-03-22,0.143
2,2002-03-29,0.0983
2,2002-04-05,0.162
2,2002-04-12,0.1757
2,2002-04-19,0.1828
2,2002-04-26,0.1553
2,2002-05-03,0.1995
2,2002-05-10,0.1615
2,2002-05-17,0.1652
2,2002-05-24,0.1491
2,2002-05-31,0.1586
2,2002-06-07,0.1698
2,2002-06-14,0.1695
2,2002-06-21,0.1645
2,2002-06-28,0.152
2,2002-07-05,0.1933
2,2002-07-12,0.1876
2,2002-07-19,0.1938
2,2002-07-26,0.2232
2,2002-08-02,0.2277
2,2002-08-09,0.2386
2,2002-08-16,0.1924
2,2002-08-23,0.2296
2,2002-08-30,0.2231
2,2002-09-06,0.2147
2,2002-09-13,0.2343
2,2002-09-20,0.2309
2,2002-09-27,0.2381
2,2002-10-04,0.261
2,2002-10-11,0.2758
2,2002-10-18,0.2683
2,2002-10-25,0.2581
2,2002-11-01,0.2185
2,2002-11-08,0.2375
2,2002-11-15,0.2053
2,2002-11-22,0.1833
2,2002-11-29,0.2167
2,2002-12-06,0.2081
2,2002-12-13,0.2069
2,2002-12-20,0.25
2,2002-12-27,0.1392
2,2003-01-03,0.1915
2,2003-01-10,0.1672
2,2003-01-17,0.2078
2,2003-01-24,0.2178
2,2003-01-31,0.2127
2,2003-02-07,0.1815
2,2003-02-14,0.212
2,2003-02-21,0.162
2,2003-02-28,0.2281
2,2003-03-07,0.1946
2,2003-03-14,0.208
2,2003-03-21,0.2275
2,2003-03-28,0.1925
2,2003-04-04,0.2097
2,2003-04-11,0.1693
2,2003-04-18,0.1445
2,2003-04-25,0.142
2,2003-05-02,0.1163
2,2003-05-09,0.1567
2,2003-05-16,0.1025
2,2003-05-23,0.2322
2,2003-05-30,0.178
2,2003-06-06,0.2111
2,2003-06-13,0.183
2,2003-06-20,0.2099
2,2003-06-27,0.1664
2,2003-07-04,0.1234
2,2003-07-11,0.1649
2,2003-07-18,0.0977
2,2003-07-25,0.0889
2,2003-08-01,0.0881
2,2003-08-08,0.0857
2,2003-08-15,0.089
2,2003-08-22,0.1864
2,2003-08-29,0.1322
2,2003-09-05,0.0975
2,2003-09-12,0.0853
2,2003-09-19,0.0886
2,2003-09-26,0.0994
2,2003-10-03,0.1407
2,2003-10-10,0.1262
2,2003-10-17,0.1004
2,2003-10-24,0.0883
2,2003-10-31,0.091
2,2003-11-07,0.0948
2,2003-11-14,0.0696
2,2003-11-21,0.0732
2,2003-11-28,0.0859
2,2003-12-05,0.0777
2,2003-12-12,0.0622
2,2003-12-19,0.0479
2,2003-12-26,0.0466
2,2004-01-02,0.0674
2,2004-01-09,0.1384
2,2004-01-16,0.1143
2,2004-01-23,0.1008
2,2004-01-30,0.0822
2,2004-02-06,0.0607
2,2004-02-13,0.0884
2,2004-02-20,0.0862
2,2004-02-27,0.0856
2,2004-03-05,0.1108
2,2004-03-12,0.1082
2,2004-03-19,0.0941
2,2004-03-26,0.1006
2,2004-04-02,0.0959
2,2004-04-09,0.1268
2,2004-04-16,0.0928
2,2004-04-23,0.0851
2,2004-04-30,0.0894
2,2004-05-07,0.0757
2,2004-05-14,0.105
2,2004-05-21,0.0737
2,2004-05-28,0.0619
2,2004-06-04,0.0585
2,2004-06-11,0.0557
2,2004-06-18,0.0507
2,2004-06-25,0.0387
2,2004-07-02,0.0425
2,2004-07-09,0.0321
2,2004-07-16,0.0418
2,2004-07-23,0.0723
2,2004-07-30,0.0857
2,2004-08-06,0.0896
2,2004-08-13,0.0654
2,2004-08-20,0.0454
2,2004-08-27,0.0753
2,2004-09-03,0.0832
2,2004-09-10,0.0715
2,2004-09-17,0.068
2,2004-09-24,0.0628
2,2004-10-01,0.0828
2,2004-10-08,0.0542
2,2004-10-15,0.0723
2,2004-10-22,0.0687
2,2004-10-29,0.066
2,2004-11-05,0.0621
2,2004-11-12,0.0517
2,2004-11-19,0.0513
2,2004-11-26,0.0445
2,2004-12-03,0.0598
2,2004-12-10,0.048
2,2004-12-17,0.0544
2,2004-12-24,0.0468
2,2004-12-31,0.0467
2,2005-01-07,0.0806
2,2005-01-14,0.0567
2,2005-01-21,0.0464
2,2005-01-28,0.0482
2,2005-02-04,0.089
2,2005-02-11,0.0594
2,2005-02-18,0.0574
2,2005-02-25,0.0939
2,2005-03-04,0.0655
2,2005-03-11,0.0798
2,2005-03-18,0.0863
2,2005-03-25,0.0726
2,2005-04-01,0.0565
2,2005-04-08,0.0667
2,2005-04-15,0.0838
2,2005-04-22,0.1176
2,2005-04-29,0.126
2,2005-05-06,0.1024
2,2005-05-13,0.1175
2,2005-05-20,0.0931
2,2005-05-27,0.0755
2,2005-06-03,0.1155
2,2005-06-10,0.0656
2,2005-06-17,0.1293
2,2005-06-24,0.0883
2,2005-07-01,0.1083
2,2005-07-08,0.0959
2,2005-07-15,0.0769
2,2005-07-22,0.1048
2,2005-07-29,0.063
2,2005-08-05,0.0852
2,2005-08-12,0.0668
2,2005-08-19,0.063
2,2005-08-26,0.0503
2,2005-09-02,0.0728
2,2005-09-09,0.0664
2,2005-09-16,0.0686
2,2005-09-23,0.0764
2,2005-09-30,0.1011
2,2005-10-07,0.1225
2,2005-10-14,0.1225
2,2005-10-21,0.1048
2,2005-10-28,0.136
2,2005-11-04,0.1483
2,2005-11-11,0.1049
2,2005-11-18,0.0946
2,2005-11-25,0.0718
2,2005-12-02,0.1006
2,2005-12-09,0.0564
2,2005-12-16,0.0759
2,2005-12-23,0.0593
2,2005-12-30,0.0373
2,2006-01-06,0.0749
2,2006-01-13,0.0773
2,2006-01-20,0.0792
2,2006-01-27,0.1073
2,2006-02-03,0.0874
2,2006-02-10,0.0988
2,2006-02-17,0.0707
2,2006-02-24,0.0726
2,2006-03-03,0.1056
2,2006-03-10,0.1142
2,2006-03-17,0.0551
2,2006-03-24,0.0523
2,2006-03-31,0.0968
2,2006-04-07,0.0871
2,2006-04-14,0.0764
2,2006-04-21,0.0665
2,2006-04-28,0.1058
2,2006-05-05,0.0742
2,2006-05-12,0.0992
2,2006-05-19,0.1833
2,2006-05-26,0.1482
2,2006-06-02,0.094
2,2006-06-09,0.1298
2,2006-06-16,0.1671
2,2006-06-23,0.1147
2,2006-06-30,0.1258
2,2006-07-07,0.1136
2,2006-07-14,0.1258
2,2006-07-21,0.1091
2,2006-07-28,0.1167
2,2006-08-04,0.1329
2,2006-08-11,0.0865
2,2006-08-18,0.0685
2,2006-08-25,0.0839
2,2006-09-01,0.0567
2,2006-09-08,0.0803
2,2006-09-15,0.064
2,2006-09-22,0.084
2,2006-09-29,0.0747
2,2006-10-06,0.0569
2,2006-10-13,0.0499
2,2006-10-20,0.068
2,2006-10-27,0.0352
2,2006-11-03,0.0416
2,2006-11-10,0.0433
2,2006-11-17,0.0398
2,2006-11-24,0.036
2,2006-12-01,0.0963
2,2006-12-08,0.0547
2,2006-12-15,0.05
2,2006-12-22,0.0347
2,2006-12-29,0.0387
2,2007-01-05,0.0823
2,2007-01-12,0.0684
2,2007-01-19,0.0321
2,2007-01-26,0.0613
2,2007-02-02,0.0505
2,2007-02-09,0.0568
2,2007-02-16,0.0928
2,2007-02-23,0.048
2,2007-03-02,0.1642
2,2007-03-09,0.1393
2,2007-03-16,0.1967
2,2007-03-23,0.1861
2,2007-03-30,0.1014
2,2007-04-06,0.0893
2,2007-04-13,0.0811
2,2007-04-20,0.1093
2,2007-04-27,0.0664
2,2007-05-04,0.0579
2,2007-05-11,0.0621
2,2007-05-18,0.0506
2,2007-05-25,0.0622
2,2007-06-01,0.0703
2,2007-06-08,0.098
2,2007-06-15,0.0768
2,2007-06-22,0.042
2,2007-06-29,0.0799
2,2007-07-06,0.0506
2,2007-07-13,0.1091
2,2007-07-20,0.114
2,2007-07-27,0.152
2,2007-08-03,0.2029
2,2007-08-10,0.3043
2,2007-08-17,0.3325
2,2007-08-24,0.3451
2,2007-08-31,0.2967
2,2007-09-07,0.3078
2,2007-09-14,0.2807
2,2007-09-21,0.3478
2,2007-09-28,0.304
2,2007-10-05,0.242
2,2007-10-12,0.227
2,2007-10-19,0.2075
2,2007-10-26,0.2666
2,2007-11-02,0.2418
2,2007-11-09,0.2517
2,2007-11-16,0.3058
2,2007-11-23,0.4013
2,2007-11-30,0.4039
2,2007-12-07,0.3598
2,2007-12-14,0.3614
2,2007-12-21,0.343
2,2007-12-28,0.1949
2,2008-01-04,0.3103
2,2008-01-11,0.4102
2,2008-01-18,0.4876
2,2008-01-25,0.5999
2,2008-02-01,0.4885
2,2008-02-08,0.5001
2,2008-02-15,0.4842
2,2008-02-22,0.3811
2,2008-02-29,0.4459
2,2008-03-07,0.4909
2,2008-03-14,0.544
2,2008-03-21,0.5631
2,2008-03-28,0.5293
2,2008-04-04,0.4895
2,2008-04-11,0.4328
2,2008-04-18,0.535
2,2008-04-25,0.4477
2,2008-05-02,0.3625
2,2008-05-09,0.3572
2,2008-05-16,0.376
2,2008-05-23,0.4511
2,2008-05-30,0.373
2,2008-06-06,0.5396
2,2008-06-13,0.465
2,2008-06-20,0.4129
2,2008-06-27,0.4266
2,2008-07-04,0.4885
2,2008-07-11,0.3904
2,2008-07-18,0.4166
2,2008-07-25,0.3768
2,2008-08-01,0.3648
2,2008-08-08,0.3951
2,2008-08-15,0.3805
2,2008-08-22,0.3852
2,2008-08-29,0.3234
2,2008-09-05,0.4441
2,2008-09-12,0.4811
2,2008-09-19,0.554
2,2008-09-26,0.5702
2,2008-10-03,0.7048
2,2008-10-10,0.7384
2,2008-10-17,0.7161
2,2008-10-24,0.7515
2,2008-10-31,0.7627
2,2008-11-07,0.7708
2,2008-11-14,0.7577
2,2008-11-21,0.7828
2,2008-11-28,0.8041
2,2008-12-05,0.7565
2,2008-12-12,0.8402
2,2008-12-19,0.7765
2,2008-12-26,0.4282
2,2009-01-02,0.5443
2,2009-01-09,0.7357
2,2009-01-16,0.7945
2,2009-01-23,0.7648
2,2009-01-30,0.7576
2,2009-02-06,0.7215
2,2009-02-13,0.6672
2,2009-02-20,0.7681
2,2009-02-27,0.7733
2,2009-03-06,0.7931
2,2009-03-13,0.7513
2,2009-03-20,0.7516
2,2009-03-27,0.7871
2,2009-04-03,0.7637
2,2009-04-10,0.5885
2,2009-04-17,0.6915
2,2009-04-24,0.6776
2,2009-05-01,0.66
2,2009-05-08,0.7247
2,2009-05-15,0.6179
2,2009-05-22,0.5654
2,2009-05-29,0.4357
2,2009-06-05,0.637
2,2009-06-12,0.5551
2,2009-06-19,0.6743
2,2009-06-26,0.6619
2,2009-07-03,0.623
2,2009-07-10,0.6035
2,2009-07-17,0.5962
2,2009-07-24,0.5223
2,2009-07-31,0.5603
2,2009-08-07,0.5268
2,2009-08-14,0.5054
2,2009-08-21,0.49370000000000003
2,2009-08-28,0.409
2,2009-09-04,0.372
2,2009-09-11,0.4676
2,2009-09-18,0.3185
2,2009-09-25,0.3935
2,2009-10-02,0.433
2,2009-10-09,0.4596
2,2009-10-16,0.3898
2,2009-10-23,0.3236
2,2009-10-30,0.4971
2,2009-11-06,0.4138
2,2009-11-13,0.3356
2,2009-11-20,0.3853
2,2009-11-27,0.4106
2,2009-12-04,0.3944
2,2009-12-11,0.3942
2,2009-12-18,0.3787
2,2009-12-25,0.2638
2,2010-01-01,0.2116
2,2010-01-08,0.2944
2,2010-01-15,0.3069
2,2010-01-22,0.3736
2,2010-01-29,0.2973
2,2010-02-05,0.3439
2,2010-02-12,0.3154
2,2010-02-19,0.3047
2,2010-02-26,0.3223
2,2010-03-05,0.3184
2,2010-03-12,0.2207
2,2010-03-19,0.2472
2,2010-03-26,0.2109
2,2010-04-02,0.1879
2,2010-04-09,0.2194
2,2010-04-16,0.2436
2,2010-04-23,0.2724
2,2010-04-30,0.306
2,2010-05-07,0.4112
2,2010-05-14,0.4276
2,2010-05-21,0.4194
2,2010-05-28,0.4237
2,2010-06-04,0.4153
2,2010-06-11,0.4144
2,2010-06-18,0.3236
2,2010-06-25,0.3749
2,2010-07-02,0.4672
2,2010-07-09,0.3751
2,2010-07-16,0.3864
2,2010-07-23,0.3585
2,2010-07-30,0.2829
2,2010-08-06,0.2882
2,2010-08-13,0.3538
2,2010-08-20,0.3359
2,2010-08-27,0.3668
2,2010-09-03,0.3634
2,2010-09-10,0.3649
2,2010-09-17,0.3439
2,2010-09-24,0.3956
2,2010-10-01,0.305
2,2010-10-08,0.3371
2,2010-10-15,0.2923
2,2010-10-22,0.3152
2,2010-10-29,0.255
2,2010-11-05,0.2807
2,2010-11-12,0.2651
2,2010-11-19,0.2747
2,2010-11-26,0.317
2,2010-12-03,0.3696
2,2010-12-10,0.252
2,2010-12-17,0.2464
2,2010-12-24,0.1771
2,2010-12-31,0.1872
2,2011-01-07,0.2165
2,2011-01-14,0.2246
2,2011-01-21,0.2168
2,2011-01-28,0.1845
2,2011-02-04,0.1671
2,2011-02-11,0.1411
2,2011-02-18,0.1745
2,2011-02-25,0.1448
2,2011-03-04,0.1769
2,2011-03-11,0.1352
2,2011-03-18,0.2077
2,2011-03-25,0.2147
2,2011-04-01,0.1797
2,2011-04-08,0.1958
2,2011-04-15,0.1567
2,2011-04-22,0.221
2,2011-04-29,0.1496
2,2011-05-06,0.209
2,2011-05-13,0.1852
2,2011-05-20,0.1452
2,2011-05-27,0.1551
2,2011-06-03,0.1854
2,2011-06-10,0.1774
2,2011-06-17,0.2067
2,2011-06-24,0.1907
2,2011-07-01,0.2456
2,2011-07-08,0.2825
2,2011-07-15,0.3427
2,2011-07-22,0.3177
2,2011-07-29,0.3116
2,2011-08-05,0.4259
2,2011-08-12,0.5162
2,2011-08-19,0.495
2,2011-08-26,0.4108
2,2011-09-02,0.4093
2,2011-09-09,0.531
2,2011-09-16,0.532
2,2011-09-23,0.5587
2,2011-09-30,0.5783
2,2011-10-07,0.6126
2,2011-10-14,0.6282
2,2011-10-21,0.5151
2,2011-10-28,0.5422
2,2011-11-04,0.6568
2,2011-11-11,0.5725
2,2011-11-18,0.4857
2,2011-11-25,0.5488
2,2011-12-02,0.5176
2,2011-12-09,0.4505
2,2011-12-16,0.4992
2,2011-12-23,0.4001
2,2011-12-30,0.4139
2,2012-01-06,0.525
2,2012-01-13,0.4662
2,2012-01-20,0.4612
2,2012-01-27,0.435
2,2012-02-03,0.4207
2,2012-02-10,0.372
2,2012-02-17,0.316
2,2012-02-24,0.3996
2,2012-03-02,0.3398
2,2012-03-09,0.3859
2,2012-03-16,0.3643
2,2012-03-23,0.3026
2,2012-03-30,0.3358
2,2012-04-06,0.3142
2,2012-04-13,0.3555
2,2012-04-20,0.3597
2,2012-04-27,0.3918
2,2012-05-04,0.3513
2,2012-05-11,0.3412
2,2012-05-18,0.3772
2,2012-05-25,0.3031
2,2012-06-01,0.4331
2,2012-06-08,0.4045
2,2012-06-15,0.3379
2,2012-06-22,0.3783
2,2012-06-29,0.4277
2,2012-07-06,0.4058
2,2012-07-13,0.3869
2,2012-07-20,0.3838
2,2012-07-27,0.4352
2,2012-08-03,0.45
2,2012-08-10,0.3254
2,2012-08-17,0.2983
2,2012-08-24,0.3313
2,2012-08-31,0.2689
2,2012-09-07,0.2796
2,2012-09-14,0.2908
2,2012-09-21,0.2552
2,2012-09-28,0.2748
2,2012-10-05,0.2331
2,2012-10-12,0.2151
2,2012-10-19,0.2631
2,2012-10-26,0.24
2,2012-11-02,0.1925
2,2012-11-09,0.1923
2,2012-11-16,0.1725
2,2012-11-23,0.1671
2,2012-11-30,0.1471
2,2012-12-07,0.1323
2,2012-12-14,0.1312
2,2012-12-21,0.1077
2,2012-12-28,0.0681
2,2013-01-04,0.1249
2,2013-01-11,0.1296
2,2013-01-18,0.1268
2,2013-01-25,0.1166
2,2013-02-01,0.1449
2,2013-02-08,0.1267
2,2013-02-15,0.1001
2,2013-02-22,0.1199
2,2013-03-01,0.1388
2,2013-03-08,0.1226
2,2013-03-15,0.0755
2,2013-03-22,0.132
2,2013-03-29,0.1112
2,2013-04-05,0.1335
2,2013-04-12,0.1278
2,2013-04-19,0.1321
2,2013-04-26,0.1086
2,2013-05-03,0.0965
2,2013-05-10,0.0748
2,2013-05-17,0.062
2,2013-05-24,0.0661
2,2013-05-31,0.0685
2,2013-06-07,0.065
2,2013-06-14,0.0679
2,2013-06-21,0.1015
2,2013-06-28,0.115
2,2013-07-05,0.0801
2,2013-07-12,0.0779
2,2013-07-19,0.0504
2,2013-07-26,0.069
2,2013-08-02,0.0493
2,2013-08-09,0.0469
2,2013-08-16,0.0468
2,2013-08-23,0.0445
2,2013-08-30,0.0491
2,2013-09-06,0.0533
2,2013-09-13,0.0447
2,2013-09-20,0.0334
2,2013-09-27,0.0248
2,2013-10-04,0.0406
2,2013-10-11,0.0396
2,2013-10-18,0.0336
2,2013-10-25,0.034
2,2013-11-01,0.0429
2,2013-11-08,0.0543
2,2013-11-15,0.0386
2,2013-11-22,0.043
2,2013-11-29,0.0315
2,2013-12-06,0.0737
2,2013-12-13,0.0535
2,2013-12-20,0.0627
2,2013-12-27,0.0336
2,2014-01-03,0.054
2,2014-01-10,0.0592
2,2014-01-17,0.0775
2,2014-01-24,0.0933
2,2014-01-31,0.0857
2,2014-02-07,0.1141
2,2014-02-14,0.0858
2,2014-02-21,0.0444
2,2014-02-28,0.0537
2,2014-03-07,0.161
2,2014-03-14,0.1106
2,2014-03-21,0.0807
2,2014-03-28,0.123
2,2014-04-04,0.0714
2,2014-04-11,0.0878
2,2014-04-18,0.0564
2,2014-04-25,0.0557
2,2014-05-02,0.0637
2,2014-05-09,0.0888
2,2014-05-16,0.0921
2,2014-05-23,0.0577
2,2014-05-30,0.0458
2,2014-06-06,0.0644
2,2014-06-13,0.062
2,2014-06-20,0.0654
2,2014-06-27,0.0701
2,2014-07-04,0.082
2,2014-07-11,0.0832
2,2014-07-18,0.0909
2,2014-07-25,0.135
2,2014-08-01,0.1179
2,2014-08-08,0.1105
2,2014-08-15,0.1148
2,2014-08-22,0.0988
2,2014-08-29,0.0763
2,2014-09-05,0.1096
2,2014-09-12,0.0771
2,2014-09-19,0.0661
2,2014-09-26,0.0884
2,2014-10-03,0.122
2,2014-10-10,0.1226
2,2014-10-17,0.183
2,2014-10-24,0.1258
2,2014-10-31,0.1561
2,2014-11-07,0.1325
2,2014-11-14,0.1094
2,2014-11-21,0.1219
2,2014-11-28,0.0489
2,2014-12-05,0.097
2,2014-12-12,0.1138
2,2014-12-19,0.1371
2,2014-12-26,0.0374
2,2015-01-02,0.0884
2,2015-01-09,0.1489
2,2015-01-16,0.1544
2,2015-01-23,0.1943
2,2015-01-30,0.1527
2,2015-02-06,0.1311
2,2015-02-13,0.0845
2,2015-02-20,0.0575
2,2015-02-27,0.0761
2,2015-03-06,0.0648
2,2015-03-13,0.1087
2,2015-03-20,0.0955
2,2015-03-27,0.0772
2,2015-04-03,0.0577
2,2015-04-10,0.0729
2,2015-04-17,0.0649
2,2015-04-24,0.0773
2,2015-05-01,0.1103
2,2015-05-08,0.1144
2,2015-05-15,0.0844
2,2015-05-22,0.0715
2,2015-05-29,0.0756
2,2015-06-05,0.103
2,2015-06-12,0.082
2,2015-06-19,0.0685
2,2015-06-26,0.071
2,2015-07-03,0.1223
2,2015-07-10,0.1973
2,2015-07-17,0.1146
2,2015-07-24,0.0899
2,2015-07-31,0.1189
2,2015-08-07,0.1066
2,2015-08-14,0.1289
2,2015-08-21,0.1567
2,2015-08-28,0.2113
2,2015-09-04,0.1878
2,2015-09-11,0.1264
2,2015-09-18,0.1994
2,2015-09-25,0.2358
2,2015-10-02,0.1723
2,2015-10-09,0.1605
2,2015-10-16,0.1461
2,2015-10-23,0.195
2,2015-10-30,0.1125
2,2015-11-06,0.1021
2,2015-11-13,0.0933
2,2015-11-20,0.0981
2,2015-11-27,0.0843
2,2015-12-04,0.1377
2,2015-12-11,0.1254
2,2015-12-18,0.088
2,2015-12-25,0.076
2,2016-01-01,0.0605
2,2016-01-08,0.1727
2,2016-01-15,0.1144
2,2016-01-22,0.17
2,2016-01-29,0.1804
2,2016-02-05,0.1649
2,2016-02-12,0.2599
2,2016-02-19,0.2173
2,2016-02-26,0.2225
2,2016-03-04,0.2319
2,2016-03-11,0.2419
2,2016-03-18,0.1797
2,2016-03-25,0.1101
2,2016-04-01,0.1721
2,2016-04-08,0.1682
2,2016-04-15,0.1692
2,2016-04-22,0.1794
2,2016-04-29,0.1633
2,2016-05-06,0.141
2,2016-05-13,0.1101
2,2016-05-20,0.1166
2,2016-05-27,0.1178
2,2016-06-03,0.1314
2,2016-06-10,0.1348
2,2016-06-17,0.1857
2,2016-06-24,0.3237
2,2016-07-01,0.3048
2,2016-07-08,0.2737
2,2016-07-15,0.3094
2,2016-07-22,0.1776
2,2016-07-29,0.2117
2,2016-08-05,0.2235
2,2016-08-12,0.1372
2,2016-08-19,0.151
2,2016-08-26,0.1398
2,2016-09-02,0.1478
2,2016-09-09,0.1432
2,2016-09-16,0.1212
2,2016-09-23,0.15
2,2016-09-30,0.1029
2,2016-10-07,0.1444
2,2016-10-14,0.1486
2,2016-10-21,0.0937
2,2016-10-28,0.0945
2,2016-11-04,0.1186
2,2016-11-11,0.1419
2,2016-11-18,0.0879
2,2016-11-25,0.0821
2,2016-12-02,0.1248
2,2016-12-09,0.1471
2,2016-12-16,0.0934
2,2016-12-23,0.0759
2,2016-12-30,0.0532
2,2017-01-06,0.0756
2,2017-01-13,0.0632
2,2017-01-20,0.0735
2,2017-01-27,0.0837
2,2017-02-03,0.0761
2,2017-02-10,0.0856
2,2017-02-17,0.0682
2,2017-02-24,0.0641
2,2017-03-03,0.0858
2,2017-03-10,0.0711
2,2017-03-17,0.0545
2,2017-03-24,0.0525
2,2017-03-31,0.0438
2,2017-04-07,0.0452
2,2017-04-14,0.04
2,2017-04-21,0.0495
2,2017-04-28,0.0835
2,2017-05-05,0.0448
2,2017-05-12,0.0404
2,2017-05-19,0.0618
2,2017-05-26,0.0404
2,2017-06-02,0.0461
2,2017-06-09,0.0428
2,2017-06-16,0.0547
2,2017-06-23,0.0238
2,2017-06-30,0.0803
2,2017-07-07,0.043
2,2017-07-14,0.0536
2,2017-07-21,0.053900000000000003
2,2017-07-28,0.0394
2,2017-08-04,0.0376
2,2017-08-11,0.0308
2,2017-08-18,0.0499
2,2017-08-25,0.052
2,2017-09-01,0.06
2,2017-09-08,0.062
2,2017-09-15,0.0562
2,2017-09-22,0.0465
2,2017-09-29,0.0472
2,2017-10-06,0.0394
2,2017-10-13,0.0404
2,2017-10-20,0.0408
2,2017-10-27,0.0652
2,2017-11-03,0.0476
2,2017-11-10,0.0546
2,2017-11-17,0.0643
2,2017-11-24,0.0629
2,2017-12-01,0.0532
2,2017-12-08,0.0611
2,2017-12-15,0.042
2,2017-12-22,0.0595
2,2017-12-29,0.0309
2,2018-01-05,0.0528
2,2018-01-12,0.0619
2,2018-01-19,0.0305
2,2018-01-26,0.0646
2,2018-02-02,0.0679
2,2018-02-09,0.1279
2,2018-02-16,0.1175
2,2018-02-23,0.0522
2,2018-03-02,0.1018
2,2018-03-09,0.0845
2,2018-03-16,0.0629
2,2018-03-23,0.0905
2,2018-03-30,0.0747
2,2018-04-06,0.0773
2,2018-04-13,0.054
2,2018-04-20,0.0632
2,2018-04-27,0.0629
2,2018-05-04,0.0488
2,2018-05-11,0.0473
2,2018-05-18,0.0484
2,2018-05-25,0.0796
2,2018-06-01,0.159
2,2018-06-08,0.1055
2,2018-06-15,0.1351
2,2018-06-22,0.1033
2,2018-06-29,0.1232
2,2018-07-06,0.0674
2,2018-07-13,0.0831
2,2018-07-20,0.0725
2,2018-07-27,0.0571
2,2018-08-03,0.0604
2,2018-08-10,0.0578
2,2018-08-17,0.0583
2,2018-08-24,0.0509
2,2018-08-31,0.0735
2,2018-09-07,0.0979
2,2018-09-14,0.0622
2,2018-09-21,0.0552
2,2018-09-28,0.055
2,2018-10-05,0.0776
2,2018-10-12,0.0718
2,2018-10-19,0.0645
2,2018-10-26,0.0779
2,2018-11-02,0.0864
2,2018-11-09,0.0656
2,2018-11-16,0.0607
2,2018-11-23,0.0726
2,2018-11-30,0.0586
2,2018-12-07,0.1005
2,2018-12-14,0.1192
2,2018-12-21,0.1122
2,2018-12-28,0.0742
2,2019-01-04,0.1433
2,2019-01-11,0.1262
2,2019-01-18,0.1555
2,2019-01-25,0.1232
2,2019-02-01,0.118
2,2019-02-08,0.1418
2,2019-02-15,0.1377
2,2019-02-22,0.0943
2,2019-03-01,0.108
2,2019-03-08,0.1082
2,2019-03-15,0.076
2,2019-03-22,0.1195
2,2019-03-29,0.1169
2,2019-04-05,0.1225
2,2019-04-12,0.1199
2,2019-04-19,0.0739
2,2019-04-26,0.064
2,2019-05-03,0.0584
2,2019-05-10,0.0896
2,2019-05-17,0.096
2,2019-05-24,0.1159
2,2019-05-31,0.0959
2,2019-06-07,0.099
2,2019-06-14,0.077
2,2019-06-21,0.0933
2,2019-06-28,0.07
2,2019-07-05,0.0631
2,2019-07-12,0.0617
2,2019-07-19,0.051
2,2019-07-26,0.0474
2,2019-08-02,0.0362
2,2019-08-09,0.0739
2,2019-08-16,0.0915
2,2019-08-23,0.117
2,2019-08-30,0.0821
2,2019-09-06,0.0893
2,2019-09-13,0.0792
2,2019-09-20,0.0615
2,2019-09-27,0.0804
2,2019-10-04,0.0665
2,2019-10-11,0.0914
2,2019-10-18,0.0599
2,2019-10-25,0.0588
2,2019-11-01,0.0566
2,2019-11-08,0.0675
2,2019-11-15,0.0494
2,2019-11-22,0.0484
2,2019-11-29,0.0382
2,2019-12-06,0.0521
2,2019-12-13,0.0441
2,2019-12-20,0.0274
2,2019-12-27,0.0229
2,2020-01-03,0.04
2,2020-01-10,0.0314
2,2020-01-17,0.0397
2,2020-01-24,0.0438
2,2020-01-31,0.0697
2,2020-02-07,0.0629
2,2020-02-14,0.0369
2,2020-02-21,0.0417
2,2020-02-28,0.1209
2,2020-03-06,0.2007
2,2020-03-13,0.3549
2,2020-03-20,0.3135
2,2020-03-27,0.2885
2,2020-04-03,0.3119
2,2020-04-10,0.1707
2,2020-04-17,0.2364
2,2020-04-24,0.2879
2,2020-05-01,0.3232
2,2020-05-08,0.3127
2,2020-05-15,0.2577
2,2020-05-22,0.2793
2,2020-05-29,0.2673
2,2020-06-05,0.3073
2,2020-06-12,0.2914
2,2020-06-19,0.2407
2,2020-06-26,0.2667
2,2020-07-03,0.2246
2,2020-07-10,0.1944
2,2020-07-17,0.2022
2,2020-07-24,0.1697
2,2020-07-31,0.2013
2,2020-08-07,0.1883
2,2020-08-14,0.1982
2,2020-08-21,0.162
2,2020-08-28,0.1761
2,2020-09-04,0.1925
2,2020-09-11,0.1593
2,2020-09-18,0.1034
2,2020-09-25,0.1746
2,2020-10-02,0.1491
2,2020-10-09,0.1414
2,2020-10-16,0.1746
2,2020-10-23,0.1292
2,2020-10-30,0.1575
2,2020-11-06,0.1477
2,2020-11-13,0.1726
2,2020-11-20,0.1139
2,2020-11-27,0.1036
2,2020-12-04,0.1056
2,2020-12-11,0.0851
2,2020-12-18,0.0913
2,2020-12-25,0.0983
2,2021-01-01,0.0508
2,2021-01-08,0.0754
2,2021-01-15,0.0639
2,2021-01-22,0.0472
2,2021-01-29,0.0835
2,2021-02-05,0.0518
2,2021-02-12,0.0541
2,2021-02-19,0.0689
2,2021-02-26,0.0736
2,2021-03-05,0.057
2,2021-03-12,0.0538
2,2021-03-19,0.0455
2,2021-03-26,0.0365
2,2021-04-02,0.0462
2,2021-04-09,0.0329
2,2021-04-16,0.0459
2,2021-04-23,0.0459
2,2021-04-30,0.0344
2,2021-05-07,0.0455
2,2021-05-14,0.045
2,2021-05-21,0.0263
2,2021-05-28,0.0291
2,2021-06-04,0.0249
2,2021-06-11,0.0304
2,2021-06-18,0.0342
2,2021-06-25,0.0369
2,2021-07-02,0.0538
2,2021-07-09,0.0807
2,2021-07-16,0.0521
2,2021-07-23,0.0849
2,2021-07-30,0.0553
2,2021-08-06,0.0489
2,2021-08-13,0.0324
2,2021-08-20,0.0375
2,2021-08-27,0.0343
2,2021-09-03,0.0351
2,2021-09-10,0.0324
2,2021-09-17,0.0366
2,2021-09-24,0.0645
2,2021-10-01,0.0552
2,2021-10-08,0.0542
2,2021-10-15,0.0502
2,2021-10-22,0.0335
2,2021-10-29,0.0406
2,2021-11-05,0.043
2,2021-11-12,0.0236
2,2021-11-19,0.0498
2,2021-11-26,0.0826
2,2021-12-03,0.0897
2,2021-12-10,0.1061
2,2021-12-17,0.0915
2,2021-12-24,0.0862
2,2021-12-31,0.0482
2,2022-01-07,0.0761
2,2022-01-14,0.0773
2,2022-01-21,0.0714
2,2022-01-28,0.1105
2,2022-02-04,0.1472
2,2022-02-11,0.103
2,2022-02-18,0.1225
2,2022-02-25,0.1819
2,2022-03-04,0.279
2,2022-03-11,0.3438
2,2022-03-18,0.3043
2,2022-03-25,0.2233
2,2022-04-01,0.256
2,2022-04-08,0.2215
2,2022-04-15,0.1402
2,2022-04-22,0.1785
2,2022-04-29,0.2676
2,2022-05-06,0.2555
2,2022-05-13,0.2951
2,2022-05-20,0.3114
2,2022-05-27,0.3248
2,2022-06-03,0.269
2,2022-06-10,0.3599
2,2022-06-17,0.4032
2,2022-06-24,0.333
2,2022-07-01,0.2911
2,2022-07-08,0.3785
2,2022-07-15,0.4049
2,2022-07-22,0.4145
2,2022-07-29,0.4301
2,2022-08-05,0.3879
2,2022-08-12,0.2873
2,2022-08-19,0.3228
2,2022-08-26,0.3428
2,2022-09-02,0.4146
2,2022-09-09,0.3766
2,2022-09-16,0.4203
2,2022-09-23,0.467
2,2022-09-30,0.4748
2,2022-10-07,0.4987
2,2022-10-14,0.4029
2,2022-10-21,0.4504
2,2022-10-28,0.4649
2,2022-11-04,0.4981
2,2022-11-11,0.5134
2,2022-11-18,0.3197
2,2022-11-25,0.267
2,2022-12-02,0.3819
2,2022-12-09,0.2899
2,2022-12-16,0.4334
2,2022-12-23,0.3578
2,2022-12-30,0.3274
2,2023-01-06,0.3716
2,2023-01-13,0.3308
2,2023-01-20,0.2771
2,2023-01-27,0.2204
2,2023-02-03,0.3235
2,2023-02-10,0.2528
2,2023-02-17,0.2237
2,2023-02-24,0.2154
2,2023-03-03,0.2577
2,2023-03-10,0.2465
2,2023-03-17,0.4121
2,2023-03-24,0.4391
2,2023-03-31,0.3585
2,2023-04-07,0.2413
2,2023-04-14,0.3176
2,2023-04-21,0.2699
2,2023-04-28,0.2851
2,2023-05-05,0.3002
2,2023-05-12,0.2377
2,2023-05-19,0.2193
2,2023-05-26,0.2832
2,2023-06-02,0.3151
2,2023-06-09,0.2416
2,2023-06-16,0.2554
2,2023-06-23,0.2998
2,2023-06-30,0.2585
2,2023-07-07,0.2488
2,2023-07-14,0.189
2,2023-07-21,0.2059
2,2023-07-28,0.1661
2,2023-08-04,0.1738
2,2023-08-11,0.2026
2,2023-08-18,0.1818
2,2023-08-25,0.1681
2,2023-09-01,0.15
2,2023-09-08,0.1443
2,2023-09-15,0.1678
2,2023-09-22,0.1764
2,2023-09-29,0.1809
2,2023-10-06,0.1308
2,2023-10-13,0.1736
2,2023-10-20,0.1598
2,2023-10-27,0.1783
2,2023-11-03,0.2076
2,2023-11-10,0.1801
2,2023-11-17,0.1621
2,2023-11-24,0.1067
2,2023-12-01,0.1198
2,2023-12-08,0.1094
2,2023-12-15,0.1071
2,2023-12-22,0.0883
2,2023-12-29,0.0641
2,2024-01-05,0.1155
2,2024-01-12,0.0834
2,2024-01-19,0.0898
2,2024-01-26,0.0937
2,2024-02-02,0.0856
2,2024-02-09,0.0752
2,2024-02-16,0.0722
2,2024-02-23,0.0678
2,2024-03-01,0.0566
2,2024-03-08,0.0533
2,2024-03-15,0.0572
2,2024-03-22,0.0421
2,2024-03-29,0.0455
2,2024-04-05,0.0587
2,2024-04-12,0.0639
2,2024-04-19,0.0658
2,2024-04-26,0.0538
2,2024-05-03,0.0527
2,2024-05-10,0.0464
2,2024-05-17,0.0413
2,2024-05-24,0.0346
2,2024-05-31,0.0576
2,2024-06-07,0.0617
2,2024-06-14,0.0683
2,2024-06-21,0.0538
2,2024-06-28,0.0488
2,2024-07-05,0.0643
2,2024-07-12,0.0572
2,2024-07-19,0.0527
2,2024-07-26,0.0478
2,2024-08-02,0.089
2,2024-08-09,0.0905
2,2024-08-16,0.0684
2,2024-08-23,0.0581
2,2024-08-30,0.0562
2,2024-09-06,0.0963
2,2024-09-13,0.0775
2,2024-09-20,0.0792
2,2024-09-27,0.0858
2,2024-10-04,0.0806
2,2024-10-11,0.0413
2,2024-10-18,0.0546
2,2024-10-25,0.05
2,2024-11-01,0.077
2,2024-11-08,0.087
2,2024-11-15,0.0695
2,2024-11-22,0.0564
2,2024-11-29,0.0479
2,2024-12-06,0.0505
2,2024-12-13,0.0337
2,2024-12-20,0.0468
2,2024-12-27,0.0265
2,2025-01-03,0.062
2,2025-01-10,0.0594
2,2025-01-17,0.0685
2,2025-01-24,0.0425
2,2025-01-31,0.0419
2,2025-02-07,0.0683
2,2025-02-14,0.0736
2,2025-02-21,0.0575
2,2025-02-28,0.0507
2,2025-03-07,0.1288
2,2025-03-14,0.1037
2,2025-03-21,0.0752
2,2025-03-28,0.0726
2,2025-04-04,0.1447
2,2025-04-11,0.1849
2,2025-04-18,0.1243
2,2025-04-25,0.1167
2,2025-05-02,0.0941
3,1960-07-01,0.855328870135846
3,1960-08-01,0.85724874419183
3,1960-09-01,0.862350470120923
3,1960-10-01,0.868105506406875
3,1960-11-01,0.876932680719875
3,1960-12-01,0.886541318479049
3,1961-01-01,0.890461271608359
3,1961-02-01,0.893063957736155
3,1961-03-01,0.891585122043082
3,1961-04-01,0.88634558864808
3,1961-05-01,0.882059510099876
3,1961-06-01,0.878829219532166
3,1961-07-01,0.875505042552546
3,1961-08-01,0.873657950014075
3,1961-09-01,0.868816775600687
3,1961-10-01,0.863376074514568
3,1961-11-01,0.857104760765493
3,1961-12-01,0.85374579250749
3,1962-01-01,0.853997659073559
3,1962-02-01,0.85274239833602306
3,1962-03-01,0.848545225945123
3,1962-04-01,0.84534109682814
3,1962-05-01,0.843933628528697
3,1962-06-01,0.841052997058942
3,1962-07-01,0.83572524525381
3,1962-08-01,0.829528673241731
3,1962-09-01,0.823900243404757
3,1962-10-01,0.818913483553339
3,1962-11-01,0.813500506511849
3,1962-12-01,0.808716708501649
3,1963-01-01,0.804301233215834
3,1963-02-01,0.799403844364477
3,1963-03-01,0.796894857023107
3,1963-04-01,0.798294080627076
3,1963-05-01,0.797565122342387
3,1963-06-01,0.797493350113161
3,1963-07-01,0.798116692743749
3,1963-08-01,0.799975189969822
3,1963-09-01,0.799509946934672
3,1963-10-01,0.798509334818604
3,1963-11-01,0.799329416230269
3,1963-12-01,0.799486180627532
3,1964-01-01,0.799586961554263
3,1964-02-01,0.797412243173186
3,1964-03-01,0.794901416594812
3,1964-04-01,0.795210023693681
3,1964-05-01,0.794603420906195
3,1964-06-01,0.798525203101602
3,1964-07-01,0.80576573313491
3,1964-08-01,0.813403853129936
3,1964-09-01,0.823907770877679
3,1964-10-01,0.836455406906345
3,1964-11-01,0.842562996200449
3,1964-12-01,0.831321201961747
3,1965-01-01,0.822215439510376
3,1965-02-01,0.815210653370837
3,1965-03-01,0.810413835114978
3,1965-04-01,0.807008168541487
3,1965-05-01,0.804691180482709
3,1965-06-01,0.805712476338576
3,1965-07-01,0.807635290955264
3,1965-08-01,0.80634534777309
3,1965-09-01,0.80786702255009
3,1965-10-01,0.808382323875862
3,1965-11-01,0.811131569057813
3,1965-12-01,0.818388489199144
3,1966-01-01,0.820798439755637
3,1966-02-01,0.826299487699261
3,1966-03-01,0.831327764008602
3,1966-04-01,0.83513741802214
3,1966-05-01,0.83935861274176
3,1966-06-01,0.840295000479986
3,1966-07-01,0.841200833558026
3,1966-08-01,0.843880566063577
3,1966-09-01,0.847333498626641
3,1966-10-01,0.846865800836707
3,1966-11-01,0.848628836851417
3,1966-12-01,0.851335560264122
3,1967-01-01,0.854157843965714
3,1967-02-01,0.855749089566832
3,1967-03-01,0.852515837161539
3,1967-04-01,0.850606072259295
3,1967-05-01,0.851699594273757
3,1967-06-01,0.856853174490886
3,1967-07-01,0.863434978387696
3,1967-08-01,0.866401151384761
3,1967-09-01,0.866994338720567
3,1967-10-01,0.868831016158421
3,1967-11-01,0.87609710503117
3,1967-12-01,0.878296200490528
3,1968-01-01,0.879875741771025
3,1968-02-01,0.873186049508254
3,1968-03-01,0.866760170615118
3,1968-04-01,0.866323983934645
3,1968-05-01,0.86109179290767
3,1968-06-01,0.857954189060927
3,1968-07-01,0.853049658777817
3,1968-08-01,0.851677572066553
3,1968-09-01,0.850984424842346
3,1968-10-01,0.853471676474711
3,1968-11-01,0.857938500656737
3,1968-12-01,0.862312503367159
3,1969-01-01,0.866146086328101
3,1969-02-01,0.873561952954639
3,1969-03-01,0.881024218930127
3,1969-04-01,0.890828713776971
3,1969-05-01,0.899971709976206
3,1969-06-01,0.900595104471807
3,1969-07-01,0.899531458678575
3,1969-08-01,0.899520313619851
3,1969-09-01,0.898369316228362
3,1969-10-01,0.898483811713696
3,1969-11-01,0.901634116831924
3,1969-12-01,0.906753949065641
3,1970-01-01,0.915909220369555
3,1970-02-01,0.918650068892088
3,1970-03-01,0.921220301582629
3,1970-04-01,0.920581336054973
3,1970-05-01,0.917370724477526
3,1970-06-01,0.909986333443268
3,1970-07-01,0.907533407195193
3,1970-08-01,0.908484662820967
3,1970-09-01,0.909724615813733
3,1970-10-01,0.916616960149212
3,1970-11-01,0.919166685307093
3,1970-12-01,0.926002787956861
3,1971-01-01,0.914679339817674
3,1971-02-01,0.903427102698062
3,1971-03-01,0.893859390006083
3,1971-04-01,0.889036146616562
3,1971-05-01,0.884182876844287
3,1971-06-01,0.882271232454235
3,1971-07-01,0.883041117789586
3,1971-08-01,0.884255017256924
3,1971-09-01,0.885932901077928
3,1971-10-01,0.883449927802527
3,1971-11-01,0.883911060750695
3,1971-12-01,0.889956984945965
3,1972-01-01,0.889254586167966
3,1972-02-01,0.88000131220174
3,1972-03-01,0.873563566040508
3,1972-04-01,0.866544215905255
3,1972-05-01,0.866403438698081
3,1972-06-01,0.870455682302064
3,1972-07-01,0.878777138554761
3,1972-08-01,0.887079746772253
3,1972-09-01,0.891230160309043
3,1972-10-01,0.896395243281494
3,1972-11-01,0.90065997284801
3,1972-12-01,0.90853510519533
3,1973-01-01,0.91935805877079
3,1973-02-01,0.933067528015371
3,1973-03-01,0.941761015452328
3,1973-04-01,0.951742979684357
3,1973-05-01,0.964427833083471
3,1973-06-01,0.981662402178617
3,1973-07-01,1.00791516619553
3,1973-08-01,1.02364075437597
3,1973-09-01,1.02792432585386
3,1973-10-01,1.02456970099269
3,1973-11-01,1.02013416038086
3,1973-12-01,1.01844185948724
3,1974-01-01,1.01536734990918
3,1974-02-01,1.01311539345084
3,1974-03-01,1.01297307059192
3,1974-04-01,1.01504393713724
3,1974-05-01,1.01793331713605
3,1974-06-01,1.02299407325062
3,1974-07-01,1.0293644407463
3,1974-08-01,1.03283617490184
3,1974-09-01,1.03168600255605
3,1974-10-01,1.03272733177757
3,1974-11-01,1.03613956747724
3,1974-12-01,1.03504806715471
3,1975-01-01,1.0237323383971
3,1975-02-01,1.00983060710652
3,1975-03-01,0.998728624164872
3,1975-04-01,0.987482702759327
3,1975-05-01,0.972718256817908
3,1975-06-01,0.961778148485246
3,1975-07-01,0.95445490660198
3,1975-08-01,0.940133401909767
3,1975-09-01,0.926575079786435
3,1975-10-01,0.918477305256863
3,1975-11-01,0.912655665686538
3,1975-12-01,0.91072704622319
3,1976-01-01,0.9096681846155
3,1976-02-01,0.900682840826672
3,1976-03-01,0.891197907155823
3,1976-04-01,0.885577751240084
3,1976-05-01,0.881392480893081
3,1976-06-01,0.874718703507947
3,1976-07-01,0.870588696955913
3,1976-08-01,0.869638559276773
3,1976-09-01,0.873955990012696
3,1976-10-01,0.879299914334767
3,1976-11-01,0.881214122536901
3,1976-12-01,0.881307355770858
3,1977-01-01,0.881130065712543
3,1977-02-01,0.88012517258608
3,1977-03-01,0.872974028236032
3,1977-04-01,0.864748525591903
3,1977-05-01,0.862797267544884
3,1977-06-01,0.859427458738613
3,1977-07-01,0.858860242857562
3,1977-08-01,0.860991170594051
3,1977-09-01,0.86189429465884
3,1977-10-01,0.866498484543057
3,1977-11-01,0.869709444552773
3,1977-12-01,0.876209577917602
3,1978-01-01,0.887515248362508
3,1978-02-01,0.890108017750695
3,1978-03-01,0.890992238243002
3,1978-04-01,0.89188504709325
3,1978-05-01,0.891257394639463
3,1978-06-01,0.89174048900951
3,1978-07-01,0.896072862267991
3,1978-08-01,0.899570371955701
3,1978-09-01,0.904231905133026
3,1978-10-01,0.909820641943812
3,1978-11-01,0.916009962897373
3,1978-12-01,0.917730460808371
3,1979-01-01,0.925480227537834
3,1979-02-01,0.933478059868349
3,1979-03-01,0.945968169707898
3,1979-04-01,0.962552874094122
3,1979-05-01,0.972149613408361
3,1979-06-01,0.9751220714262
3,1979-07-01,0.981904142586422
3,1979-08-01,0.994599426422313
3,1979-09-01,1.01102440962686
3,1979-10-01,1.03173988844971
3,1979-11-01,1.04629532093671
3,1979-12-01,1.0617085215341
3,1980-01-01,1.0830678436383
3,1980-02-01,1.11101993567824
3,1980-03-01,1.14115503935766
3,1980-04-01,1.16913104406382
3,1980-05-01,1.17096918708127
3,1980-06-01,1.15236450814991
3,1980-07-01,1.14247895390592
3,1980-08-01,1.13581705559197
3,1980-09-01,1.1243250001894
3,1980-10-01,1.11723390190002
3,1980-11-01,1.11586846174424
3,1980-12-01,1.11883393870907
3,1981-01-01,1.12153755328262
3,1981-02-01,1.12188153987124
3,1981-03-01,1.11462660699821
3,1981-04-01,1.11306468335569
3,1981-05-01,1.11306746438498
3,1981-06-01,1.11619680433618
3,1981-07-01,1.10884112368236
3,1981-08-01,1.10527310266057
3,1981-09-01,1.10570408372754
3,1981-10-01,1.10132276141649
3,1981-11-01,1.1005012276406
3,1981-12-01,1.09320510641287
3,1982-01-01,1.09188608534927
3,1982-02-01,1.0905062685608
3,1982-03-01,1.07980736417007
3,1982-04-01,1.07132088898214
3,1982-05-01,1.06513376448113
3,1982-06-01,1.06178264345332
3,1982-07-01,1.0550086320659
3,1982-08-01,1.04495191716731
3,1982-09-01,1.03425004659874
3,1982-10-01,1.02469806601632
3,1982-11-01,1.00944722637097
3,1982-12-01,0.999016794692971
3,1983-01-01,0.992880110514264
3,1983-02-01,0.979264945088252
3,1983-03-01,0.967355796100703
3,1983-04-01,0.956383152478734
3,1983-05-01,0.943776077863005
3,1983-06-01,0.938217026107852
3,1983-07-01,0.92940666483244
3,1983-08-01,0.922734113778672
3,1983-09-01,0.919020352132766
3,1983-10-01,0.910186107090656
3,1983-11-01,0.904840283475112
3,1983-12-01,0.904582521456525
3,1984-01-01,0.90872997796872
3,1984-02-01,0.908200125897905
3,1984-03-01,0.905924405259188
3,1984-04-01,0.903925011245235
3,1984-05-01,0.909671681099648
3,1984-06-01,0.912320940126635
3,1984-07-01,0.915529856022489
3,1984-08-01,0.920144611941582
3,1984-09-01,0.920727997729854
3,1984-10-01,0.924628295167055
3,1984-11-01,0.926632217591703
3,1984-12-01,0.927022110096055
3,1985-01-01,0.927254067078724
3,1985-02-01,0.929054062764787
3,1985-03-01,0.930540450913997
3,1985-04-01,0.931475864797461
3,1985-05-01,0.92433604498117
3,1985-06-01,0.918932699395455
3,1985-07-01,0.913701419751114
3,1985-08-01,0.909664992861362
3,1985-09-01,0.910428391439444
3,1985-10-01,0.915455801183734
3,1985-11-01,0.920146230312157
3,1985-12-01,0.928254438852489
3,1986-01-01,0.936101964693408
3,1986-02-01,0.948125047738803
3,1986-03-01,0.946680606182645
3,1986-04-01,0.941189814393147
3,1986-05-01,0.937624648934691
3,1986-06-01,0.931421997325194
3,1986-07-01,0.927169073983566
3,1986-08-01,0.924340632079954
3,1986-09-01,0.921813411313945
3,1986-10-01,0.919604066534727
3,1986-11-01,0.922649073633014
3,1986-12-01,0.932444068594945
3,1987-01-01,0.937275994961733
3,1987-02-01,0.929955902046877
3,1987-03-01,0.916537625079011
3,1987-04-01,0.908901763031102
3,1987-05-01,0.901434004142338
3,1987-06-01,0.896942396190623
3,1987-07-01,0.895746942650969
3,1987-08-01,0.898333309081136
3,1987-09-01,0.902744838783786
3,1987-10-01,0.909237990288031
3,1987-11-01,0.913437259287274
3,1987-12-01,0.911493297448977
3,1988-01-01,0.910253751846255
3,1988-02-01,0.903626200471792
3,1988-03-01,0.896363085327845
3,1988-04-01,0.893106321171143
3,1988-05-01,0.888369853712306
3,1988-06-01,0.887673757804509
3,1988-07-01,0.883168067065356
3,1988-08-01,0.88118444410265
3,1988-09-01,0.88098947746303
3,1988-10-01,0.882419580514146
3,1988-11-01,0.88529974499518
3,1988-12-01,0.890779838350602
3,1989-01-01,0.89683634853337
3,1989-02-01,0.900491085215202
3,1989-03-01,0.902809422437577
3,1989-04-01,0.906296964513412
3,1989-05-01,0.911653597599899
3,1989-06-01,0.911754442891077
3,1989-07-01,0.911760271692481
3,1989-08-01,0.910498553472771
3,1989-09-01,0.903917748904194
3,1989-10-01,0.899855761618748
3,1989-11-01,0.899451478415831
3,1989-12-01,0.905033552689105
3,1990-01-01,0.915449753930414
3,1990-02-01,0.915964475947788
3,1990-03-01,0.913397381187038
3,1990-04-01,0.911640301062913
3,1990-05-01,0.909620117354258
3,1990-06-01,0.912564192008694
3,1990-07-01,0.920146118805604
3,1990-08-01,0.928663929906212
3,1990-09-01,0.928868810838137
3,1990-10-01,0.932419650394424
3,1990-11-01,0.938450725682373
3,1990-12-01,0.936036845902457
3,1991-01-01,0.934353996657044
3,1991-02-01,0.93131009857403
3,1991-03-01,0.921744156811363
3,1991-04-01,0.908980049882684
3,1991-05-01,0.896647606856264
3,1991-06-01,0.888450999654728
3,1991-07-01,0.881365629724785
3,1991-08-01,0.877345984687123
3,1991-09-01,0.873977864782506
3,1991-10-01,0.874431956627696
3,1991-11-01,0.877222716863547
3,1991-12-01,0.880150877643792
3,1992-01-01,0.880472566158375
3,1992-02-01,0.879197584789822
3,1992-03-01,0.875735531305385
3,1992-04-01,0.872942282720828
3,1992-05-01,0.868044206697066
3,1992-06-01,0.866486312271078
3,1992-07-01,0.867632164528392
3,1992-08-01,0.866717337344618
3,1992-09-01,0.867980255804646
3,1992-10-01,0.870598572082922
3,1992-11-01,0.86782790663195
3,1992-12-01,0.863426367310098
3,1993-01-01,0.860325454943298
3,1993-02-01,0.858436429439005
3,1993-03-01,0.856214867550197
3,1993-04-01,0.851634262218386
3,1993-05-01,0.846551755879822
3,1993-06-01,0.843147631283535
3,1993-07-01,0.840542365180877
3,1993-08-01,0.842154874724352
3,1993-09-01,0.844884727094338
3,1993-10-01,0.848707467894811
3,1993-11-01,0.850010552131836
3,1993-12-01,0.854199925686244
3,1994-01-01,0.859938467274627
3,1994-02-01,0.863442835554717
3,1994-03-01,0.866739110824396
3,1994-04-01,0.86416287954781
3,1994-05-01,0.86263607499051
3,1994-06-01,0.859337130524651
3,1994-07-01,0.859048648932229
3,1994-08-01,0.860343625290283
3,1994-09-01,0.860485010221636
3,1994-10-01,0.86213970219465
3,1994-11-01,0.861962796467189
3,1994-12-01,0.863976867220597
3,1995-01-01,0.865950261933423
3,1995-02-01,0.868756931302295
3,1995-03-01,0.867206565625319
3,1995-04-01,0.866804774981544
3,1995-05-01,0.865278381464986
3,1995-06-01,0.862663119494153
3,1995-07-01,0.861497285709512
3,1995-08-01,0.86261596098087
3,1995-09-01,0.860080031647793
3,1995-10-01,0.859828024981499
3,1995-11-01,0.862008280813982
3,1995-12-01,0.866347637902348
3,1996-01-01,0.874559898318522
3,1996-02-01,0.877858935690185
3,1996-03-01,0.874254365048051
3,1996-04-01,0.86759655287027
3,1996-05-01,0.862481253272487
3,1996-06-01,0.858086715712715
3,1996-07-01,0.854621426139754
3,1996-08-01,0.852420133463251
3,1996-09-01,0.852380334121835
3,1996-10-01,0.853066819784857
3,1996-11-01,0.85413964928385
3,1996-12-01,0.852865790858339
3,1997-01-01,0.852379290353762
3,1997-02-01,0.853420030589582
3,1997-03-01,0.850802708496618
3,1997-04-01,0.849024249722649
3,1997-05-01,0.848611453590418
3,1997-06-01,0.847799328315442
3,1997-07-01,0.848689917051981
3,1997-08-01,0.850117310526588
3,1997-09-01,0.84857035427953
3,1997-10-01,0.848527798288155
3,1997-11-01,0.850636863468289
3,1997-12-01,0.852571187951627
3,1998-01-01,0.853982149889412
3,1998-02-01,0.852897048592533
3,1998-03-01,0.85479346200679
3,1998-04-01,0.859976243196343
3,1998-05-01,0.865262145987699
3,1998-06-01,0.873830913464421
3,1998-07-01,0.882241362062189
3,1998-08-01,0.894309706366649
3,1998-09-01,0.90014194664468
3,1998-10-01,0.897526501932849
3,1998-11-01,0.893757953585809
3,1998-12-01,0.890481080148697
3,1999-01-01,0.889681003358589
3,1999-02-01,0.889937730412415
3,1999-03-01,0.890949102289689
3,1999-04-01,0.892313930834617
3,1999-05-01,0.892646957937233
3,1999-06-01,0.890593784373681
3,1999-07-01,0.89009786005497
3,1999-08-01,0.890148611821753
3,1999-09-01,0.892466049432571
3,1999-10-01,0.898129534606868
3,1999-11-01,0.898487133213238
3,1999-12-01,0.901745936596667
3,2000-01-01,0.905657451997413
3,2000-02-01,0.911760888803345
3,2000-03-01,0.917795304827668
3,2000-04-01,0.92796331828405
3,2000-05-01,0.934736956620312
3,2000-06-01,0.936083521900781
3,2000-07-01,0.932460333212879
3,2000-08-01,0.930802600489021
3,2000-09-01,0.934066038811109
3,2000-10-01,0.934449388858536
3,2000-11-01,0.936045297784114
3,2000-12-01,0.944775818911155
3,2001-01-01,0.947525629113692
3,2001-02-01,0.943089420949571
3,2001-03-01,0.939720365710172
3,2001-04-01,0.936642673324912
3,2001-05-01,0.932874398256405
3,2001-06-01,0.931630396651139
3,2001-07-01,0.933789337738817
3,2001-08-01,0.939125687707312
3,2001-09-01,0.949505568752826
3,2001-10-01,0.946691581920192
3,2001-11-01,0.934306050913495
3,2001-12-01,0.921983757361203
3,2002-01-01,0.912068673374763
3,2002-02-01,0.901973276378459
3,2002-03-01,0.897799657832185
3,2002-04-01,0.887850809011518
3,2002-05-01,0.881014870024698
3,2002-06-01,0.878912173385438
3,2002-07-01,0.879754129321176
3,2002-08-01,0.87969243330613
3,2002-09-01,0.880369509648534
3,2002-10-01,0.88343538344132
3,2002-11-01,0.890087328581792
3,2002-12-01,0.896520406122271
3,2003-01-01,0.90368145557522
3,2003-02-01,0.908298786273886
3,2003-03-01,0.912828560660351
3,2003-04-01,0.920885336536112
3,2003-05-01,0.916491183515127
3,2003-06-01,0.9108664282201
3,2003-07-01,0.907295613848693
3,2003-08-01,0.899289726096521
3,2003-09-01,0.894525201567718
3,2003-10-01,0.88944392645492
3,2003-11-01,0.881845436934664
3,2003-12-01,0.876331067766411
3,2004-01-01,0.874509725139119
3,2004-02-01,0.874539615206125
3,2004-03-01,0.877790494777919
3,2004-04-01,0.883592550007201
3,2004-05-01,0.889227977756367
3,2004-06-01,0.891929281296621
3,2004-07-01,0.888231909083792
3,2004-08-01,0.883993169434718
3,2004-09-01,0.885459512687233
3,2004-10-01,0.890642551185447
3,2004-11-01,0.89429417865736
3,2004-12-01,0.897296107876579
3,2005-01-01,0.898491402126885
3,2005-02-01,0.897665950821816
3,2005-03-01,0.89840772843466
3,2005-04-01,0.899365186784883
3,2005-05-01,0.903424610230593
3,2005-06-01,0.909511105516063
3,2005-07-01,0.916283095288727
3,2005-08-01,0.925123853650752
3,2005-09-01,0.938370128344364
3,2005-10-01,0.943635462875526
3,2005-11-01,0.937983614743315
3,2005-12-01,0.928828877856953
3,2006-01-01,0.923885165883982
3,2006-02-01,0.920593660150797
3,2006-03-01,0.914233527826285
3,2006-04-01,0.911909201978642
3,2006-05-01,0.910063112866391
3,2006-06-01,0.908015070140988
3,2006-07-01,0.906627505369536
3,2006-08-01,0.907267524407133
3,2006-09-01,0.911948472228772
3,2006-10-01,0.90743438891449
3,2006-11-01,0.905211872414067
3,2006-12-01,0.904469131253885
3,2007-01-01,0.904288736805796
3,2007-02-01,0.901525839942647
3,2007-03-01,0.896529303323615
3,2007-04-01,0.893545810000688
3,2007-05-01,0.892247179536277
3,2007-06-01,0.897901658545974
3,2007-07-01,0.907500556981414
3,2007-08-01,0.920852874574006
3,2007-09-01,0.928542957321185
3,2007-10-01,0.936379691784327
3,2007-11-01,0.950348981789141
3,2007-12-01,0.959464576086624
3,2008-01-01,0.965113230108307
3,2008-02-01,0.972991777639633
3,2008-03-01,0.977245065498203
3,2008-04-01,0.984867726843044
3,2008-05-01,0.996838678564354
3,2008-06-01,1.01211749149354
3,2008-07-01,1.03269806611103
3,2008-08-01,1.0624048726073
3,2008-09-01,1.08996860606339
3,2008-10-01,1.11696247352436
3,2008-11-01,1.11552556222354
3,2008-12-01,1.10559177581858
3,2009-01-01,1.09589223961026
3,2009-02-01,1.07598637158955
3,2009-03-01,1.0591874265848
3,2009-04-01,1.03962283739803
3,2009-05-01,1.02365410050664
3,2009-06-01,1.01252401155367
3,2009-07-01,1.0009889775456
3,2009-08-01,0.984293829209123
3,2009-09-01,0.969354148431418
3,2009-10-01,0.956811705633412
3,2009-11-01,0.948064461672647
3,2009-12-01,0.943852258745158
3,2010-01-01,0.942850756910475
3,2010-02-01,0.941951341429439
3,2010-03-01,0.935786134059094
3,2010-04-01,0.92567308129349
3,2010-05-01,0.920452796209259
3,2010-06-01,0.911200039341623
3,2010-07-01,0.901545508449327
3,2010-08-01,0.89297367692557
3,2010-09-01,0.888205971567686
3,2010-10-01,0.88787780188081
3,2010-11-01,0.885577492112595
3,2010-12-01,0.887081968953496
3,2011-01-01,0.885001890897085
3,2011-02-01,0.886596761576235
3,2011-03-01,0.887327923643208
3,2011-04-01,0.887147293359016
3,2011-05-01,0.887807404176659
3,2011-06-01,0.887342436772757
3,2011-07-01,0.888487067683799
3,2011-08-01,0.891783355424238
3,2011-09-01,0.888329622466433
3,2011-10-01,0.882749865583154
3,2011-11-01,0.875749063584822
3,2011-12-01,0.870445650219578
3,2012-01-01,0.865638763709308
3,2012-02-01,0.860261492723785
3,2012-03-01,0.857740214966105
3,2012-04-01,0.855727363245209
3,2012-05-01,0.857044171748305
3,2012-06-01,0.856172829436302
3,2012-07-01,0.857685900843116
3,2012-08-01,0.859848609161497
3,2012-09-01,0.856583304404624
3,2012-10-01,0.854054942711376
3,2012-11-01,0.854537337435532
3,2012-12-01,0.855499225311458
3,2013-01-01,0.858345676821704
3,2013-02-01,0.861582805750594
3,2013-03-01,0.862752718656571
3,2013-04-01,0.855919585057876
3,2013-05-01,0.852590672248454
3,2013-06-01,0.849327918853613
3,2013-07-01,0.847825546462516
3,2013-08-01,0.846611914969527
3,2013-09-01,0.84150433002193
3,2013-10-01,0.840251985002114
3,2013-11-01,0.841117746084691
3,2013-12-01,0.841389238099818
3,2014-01-01,0.841956813670052
3,2014-02-01,0.84038639473025
3,2014-03-01,0.836559949825761
3,2014-04-01,0.833896097850643
3,2014-05-01,0.834618388266464
3,2014-06-01,0.838267340568708
3,2014-07-01,0.84562101921616
3,2014-08-01,0.855022818163582
3,2014-09-01,0.86248848295568
3,2014-10-01,0.871396471948423
3,2014-11-01,0.883630925033778
3,2014-12-01,0.897694718543604
3,2015-01-01,0.910805027311533
3,2015-02-01,0.920351919298619
3,2015-03-01,0.917792951897366
3,2015-04-01,0.913897895085033
3,2015-05-01,0.91154709165434
3,2015-06-01,0.905283898350536
3,2015-07-01,0.902902472743083
3,2015-08-01,0.901497534981981
3,2015-09-01,0.900071437311032
3,2015-10-01,0.897422994345853
3,2015-11-01,0.898514406368931
3,2015-12-01,0.900209501300788
3,2016-01-01,0.899237961498015
3,2016-02-01,0.898111540250337
3,2016-03-01,0.897596492693607
3,2016-04-01,0.888917548384616
3,2016-05-01,0.883261688305499
3,2016-06-01,0.880658139543642
3,2016-07-01,0.88154592221939
3,2016-08-01,0.878822366183853
3,2016-09-01,0.876885930496215
3,2016-10-01,0.879814694785473
3,2016-11-01,0.885040345356372
3,2016-12-01,0.886208611128899
3,2017-01-01,0.880405303173137
3,2017-02-01,0.876301518224619
3,2017-03-01,0.875481614152054
3,2017-04-01,0.874266888980479
3,2017-05-01,0.874639560543405
3,2017-06-01,0.872027600007508
3,2017-07-01,0.869547476580644
3,2017-08-01,0.86900770045019
3,2017-09-01,0.869525134052485
3,2017-10-01,0.868580334865624
3,2017-11-01,0.866900536057036
3,2017-12-01,0.86640577106401
3,2018-01-01,0.869025625478551
3,2018-02-01,0.871358388442462
3,2018-03-01,0.86906593198453
3,2018-04-01,0.867803340000533
3,2018-05-01,0.868294063336589
3,2018-06-01,0.865292906898225
3,2018-07-01,0.863069291454038
3,2018-08-01,0.863479107148747
3,2018-09-01,0.866301896491626
3,2018-10-01,0.872532765671529
3,2018-11-01,0.881964272019887
3,2018-12-01,0.887027337086179
3,2019-01-01,0.889621489980782
3,2019-02-01,0.889838483585448
3,2019-03-01,0.889061924197692
3,2019-04-01,0.892535682443358
3,2019-05-01,0.896609214136277
3,2019-06-01,0.902192083662939
3,2019-07-01,0.907789542599634
3,2019-08-01,0.91722691902892
3,2019-09-01,0.927190640838835
3,2019-10-01,0.941678060595142
3,2019-11-01,0.960844764238923
3,2019-12-01,0.985303241301554
3,2020-01-01,1.0215495181275
3,2020-02-01,1.07266167522846
3,2020-03-01,1.14606643155749
3,2020-04-01,1.15425566017211
3,2020-05-01,1.15481020050921
3,2020-06-01,1.13165008005171
3,2020-07-01,1.10099135872901
3,2020-08-01,1.07016947775438
3,2020-09-01,1.04494248424811
3,2020-10-01,1.02195922573431
3,2020-11-01,1.00803314143062
3,2020-12-01,1.00178596745692
3,2021-01-01,0.999963905818445
3,2021-02-01,1.00597213701597
3,2021-03-01,1.00858698781995
3,2021-04-01,0.993870935679712
3,2021-05-01,0.98389721474178
3,2021-06-01,0.978525271562109
3,2021-07-01,0.976954905553192
3,2021-08-01,0.9749214562683
3,2021-09-01,0.977197243234903
3,2021-10-01,0.977729943172538
3,2021-11-01,0.977189073939019
3,2021-12-01,0.983534092043042
3,2022-01-01,0.996028200015681
3,2022-02-01,1.00375694877042
3,2022-03-01,1.01256366840402
3,2022-04-01,1.01987629246393
3,2022-05-01,1.0243974953224
3,2022-06-01,1.03089496709948
3,2022-07-01,1.03938211008465
3,2022-08-01,1.03011521142323
3,2022-09-01,1.02547848963507
3,2022-10-01,1.01795749885833
3,2022-11-01,1.01204551128079
3,2022-12-01,1.00492782229
3,2023-01-01,0.998418149694567
3,2023-02-01,0.986072533146738
3,2023-03-01,0.976597889816417
3,2023-04-01,0.968246161588056
3,2023-05-01,0.959518612934478
3,2023-06-01,0.950802572096538
3,2023-07-01,0.945032742967819
3,2023-08-01,0.943575111649726
3,2023-09-01,0.940448266673721
3,2023-10-01,0.941841316113048
3,2023-11-01,0.938339783964691
3,2023-12-01,0.933472658406076
3,2024-01-01,0.929296156428671
3,2024-02-01,0.922320246896669
3,2024-03-01,0.913562352590758
3,2024-04-01,0.909821570747337
3,2024-05-01,0.90673265329537
3,2024-06-01,0.903249939131554
3,2024-07-01,0.903473966849552
3,2024-08-01,0.906177328585454
3,2024-09-01,0.906557988810373
3,2024-10-01,0.907375431100004
3,2024-11-01,0.905662155277586
3,2024-12-01,0.906558113365592
3,2025-01-01,0.909660168245787
3,2025-02-01,0.912145742185249
3,2025-03-01,0.91532092903695
3,2025-04-01,1.09710170612665
4,1986-01-02,18.07
4,1986-01-03,17.96
4,1986-01-06,17.05
4,1986-01-07,17.39
4,1986-01-08,19.97
4,1986-01-09,20.2
4,1986-01-10,18.45
4,1986-01-13,18.8
4,1986-01-14,18.06
4,1986-01-15,18.87
4,1986-01-16,18.58
4,1986-01-17,17.99
4,1986-01-20,17.09
4,1986-01-21,16.86
4,1986-01-22,16.66
4,1986-01-23,17.14
4,1986-01-24,17.22
4,1986-01-27,17.38
4,1986-01-28,17.47
4,1986-01-29,18.76
4,1986-01-30,19.12
4,1986-01-31,19.58
4,1986-02-03,19.41
4,1986-02-04,20.82
4,1986-02-05,20.72
4,1986-02-06,21.07
4,1986-02-07,22.12
4,1986-02-10,20.4
4,1986-02-11,20.23
4,1986-02-12,19.53
4,1986-02-13,18.13
4,1986-02-14,17.96
4,1986-02-18,19.79
4,1986-02-19,20.72
4,1986-02-20,20.76
4,1986-02-21,21.27
4,1986-02-24,21.52
4,1986-02-25,22.05
4,1986-02-26,22.38
4,1986-02-27,21.39
4,1986-02-28,21.59
4,1986-03-03,21.17
4,1986-03-04,19.94
4,1986-03-05,20.42
4,1986-03-06,21.66
4,1986-03-07,21.39
4,1986-03-10,21.49
4,1986-03-11,21.87
4,1986-03-12,23.14
4,1986-03-13,24.29
4,1986-03-14,24.83
4,1986-03-17,25.45
4,1986-03-18,26.27
4,1986-03-19,25.82
4,1986-03-20,26.52
4,1986-03-21,26.91
4,1986-03-24,24.01
4,1986-03-25,24.4
4,1986-03-26,24.81
4,1986-03-27,23.56
4,1986-03-31,23.33
4,1986-04-01,24.7
4,1986-04-02,24.21
4,1986-04-03,24.66
4,1986-04-04,23.97
4,1986-04-07,23.52
4,1986-04-08,24.08
4,1986-04-09,23.65
4,1986-04-10,24.08
4,1986-04-11,23.84
4,1986-04-14,23.07
4,1986-04-15,23.79
4,1986-04-16,22.94
4,1986-04-17,22.72
4,1986-04-18,21.45
4,1986-04-21,21.06
4,1986-04-22,21.68
4,1986-04-23,21.4
4,1986-04-24,22.28
4,1986-04-25,22.27
4,1986-04-28,22.57
4,1986-04-29,22.71
4,1986-04-30,21.69
4,1986-05-01,21.92
4,1986-05-02,20.73
4,1986-05-05,20.57
4,1986-05-06,20.76
4,1986-05-07,20.31
4,1986-05-08,19.9
4,1986-05-09,19.14
4,1986-05-12,19.42
4,1986-05-13,19.48
4,1986-05-14,19.42
4,1986-05-16,18.11
4,1986-05-19,17.79
4,1986-05-20,17.28
4,1986-05-21,16.87
4,1986-05-22,16.99
4,1986-05-23,16.74
4,1986-05-27,16.92
4,1986-05-28,17.75
4,1986-05-29,18.76
4,1986-05-30,18.89
4,1986-06-02,18.28
4,1986-06-03,18.55
4,1986-06-04,18.48
4,1986-06-05,18.2
4,1986-06-06,18.4
4,1986-06-09,18.64
4,1986-06-10,18.32
4,1986-06-11,18.66
4,1986-06-12,18.52
4,1986-06-13,18.65
4,1986-06-16,18.66
4,1986-06-17,18.88
4,1986-06-18,18.72
4,1986-06-19,19.12
4,1986-06-20,19.09
4,1986-06-23,18.31
4,1986-06-24,18.79
4,1986-06-25,18.65
4,1986-06-26,18.76
4,1986-06-27,18.57
4,1986-06-30,18.31
4,1986-07-01,17.85
4,1986-07-02,17.4
4,1986-07-03,17.56
4,1986-07-07,18.87
4,1986-07-08,19.27
4,1986-07-09,19.36
4,1986-07-10,19.27
4,1986-07-11,19.26
4,1986-07-14,20.05
4,1986-07-15,20.92
4,1986-07-16,21.16
4,1986-07-17,21.28
4,1986-07-18,21.59
4,1986-07-21,20.76
4,1986-07-22,20
4,1986-07-23,20.23
4,1986-07-24,20.12
4,1986-07-25,19.69
4,1986-07-28,19.43
4,1986-07-29,18.98
4,1986-07-30,19.44
4,1986-07-31,19.57
4,1986-08-01,19.38
4,1986-08-04,19.46
4,1986-08-05,19.58
4,1986-08-06,19.6
4,1986-08-07,20.49
4,1986-08-08,20.07
4,1986-08-11,19.42
4,1986-08-12,18.48
4,1986-08-13,19.12
4,1986-08-14,18.58
4,1986-08-15,17.96
4,1986-08-18,17.79
4,1986-08-19,17.75
4,1986-08-20,17.65
4,1986-08-21,17.97
4,1986-08-22,17.87
4,1986-08-25,17.83
4,1986-08-26,17.74
4,1986-08-27,17.71
4,1986-08-28,18.42
4,1986-08-29,18.53
4,1986-09-02,18.61
4,1986-09-03,18.77
4,1986-09-04,19.21
4,1986-09-05,19.73
4,1986-09-08,19.93
4,1986-09-09,19.41
4,1986-09-10,20.02
4,1986-09-11,23.81
4,1986-09-12,27.69
4,1986-09-15,25.75
4,1986-09-16,25.44
4,1986-09-17,23.31
4,1986-09-18,24.25
4,1986-09-19,23.65
4,1986-09-22,22.63
4,1986-09-23,22.95
4,1986-09-24,23.11
4,1986-09-25,24.54
4,1986-09-26,24.62
4,1986-09-29,24.62
4,1986-09-30,24.76
4,1986-10-01,24.88
4,1986-10-02,24.87
4,1986-10-03,25.92
4,1986-10-06,25.11
4,1986-10-07,25.65
4,1986-10-08,24.99
4,1986-10-09,25.46
4,1986-10-10,24.3
4,1986-10-13,24.79
4,1986-10-14,24.04
4,1986-10-15,22.06
4,1986-10-16,22.09
4,1986-10-17,21.16
4,1986-10-20,21.21
4,1986-10-21,20.81
4,1986-10-22,20.64
4,1986-10-23,20.54
4,1986-10-24,20.34
4,1986-10-27,19.85
4,1986-10-28,19.9
4,1986-10-29,20.2
4,1986-10-30,20.01
4,1986-10-31,19.23
4,1986-11-03,18.57
4,1986-11-04,18.71
4,1986-11-05,18.36
4,1986-11-06,18.34
4,1986-11-07,18.27
4,1986-11-10,18.03
4,1986-11-11,17.74
4,1986-11-12,18.15
4,1986-11-13,19.2
4,1986-11-14,18.68
4,1986-11-17,18.83
4,1986-11-18,20.04
4,1986-11-19,19.43
4,1986-11-20,18.56
4,1986-11-21,18.53
4,1986-11-24,18.25
4,1986-11-25,18.57
4,1986-11-26,18.75
4,1986-11-28,18.99
4,1986-12-01,19.24
4,1986-12-02,19.32
4,1986-12-03,19.9
4,1986-12-04,20.41
4,1986-12-05,20.74
4,1986-12-08,20.19
4,1986-12-09,21.05
4,1986-12-10,20.59
4,1986-12-11,20.77
4,1986-12-12,20.86
4,1986-12-15,20.9
4,1986-12-16,20.19
4,1986-12-17,20.38
4,1986-12-18,19.98
4,1986-12-19,19.4
4,1986-12-22,19.21
4,1986-12-23,18.77
4,1986-12-24,18.49
4,1986-12-26,18.96
4,1986-12-29,18.41
4,1986-12-30,18.22
4,1986-12-31,18.71
4,1987-01-02,18.79
4,1987-01-05,18.05
4,1987-01-06,18.1
4,1987-01-07,17.84
4,1987-01-08,17.64
4,1987-01-09,17.28
4,1987-01-12,17.07
4,1987-01-13,17.23
4,1987-01-14,17.23
4,1987-01-15,19.62
4,1987-01-16,19.82
4,1987-01-19,20.07
4,1987-01-20,21.69
4,1987-01-21,21.95
4,1987-01-22,22.5
4,1987-01-23,24.56
4,1987-01-26,25.37
4,1987-01-27,25.88
4,1987-01-28,25.15
4,1987-01-29,25.55
4,1987-01-30,24.71
4,1987-02-02,23.44
4,1987-02-03,23.6
4,1987-02-04,23.33
4,1987-02-05,23.55
4,1987-02-06,23.64
4,1987-02-09,23.61
4,1987-02-10,23.82
4,1987-02-11,23.55
4,1987-02-12,23.73
4,1987-02-13,22.74
4,1987-02-17,22.99
4,1987-02-18,23.89
4,1987-02-19,23.9
4,1987-02-20,23.58
4,1987-02-23,23.5
4,1987-02-24,23.48
4,1987-02-25,23.15
4,1987-02-26,23.21
4,1987-02-27,22.77
4,1987-03-02,22.86
4,1987-03-03,22.26
4,1987-03-04,21.95
4,1987-03-05,21.51
4,1987-03-06,20.4
4,1987-03-09,20.28
4,1987-03-10,19.95
4,1987-03-11,20.45
4,1987-03-12,20.4
4,1987-03-13,20.11
4,1987-03-16,20.34
4,1987-03-17,20.17
4,1987-03-18,20.15
4,1987-03-19,20.54
4,1987-03-20,22.01
4,1987-03-23,23.54
4,1987-03-24,23.93
4,1987-03-25,24.62
4,1987-03-26,24.22
4,1987-03-27,23.69
4,1987-03-30,24.01
4,1987-03-31,23.03
4,1987-04-01,22.88
4,1987-04-02,22.94
4,1987-04-03,23.36
4,1987-04-06,22.95
4,1987-04-07,23.46
4,1987-04-08,24.38
4,1987-04-09,26.06
4,1987-04-10,26.39
4,1987-04-13,26.01
4,1987-04-14,28.97
4,1987-04-15,27.59
4,1987-04-16,27.48
4,1987-04-20,27.18
4,1987-04-21,27.22
4,1987-04-22,27.95
4,1987-04-23,29.13
4,1987-04-24,30.23
4,1987-04-27,31.46
4,1987-04-28,31.2
4,1987-04-29,29.22
4,1987-04-30,28.45
4,1987-05-01,28.22
4,1987-05-04,27.18
4,1987-05-05,25.68
4,1987-05-06,25.66
4,1987-05-07,25.45
4,1987-05-08,25.27
4,1987-05-11,27.02
4,1987-05-12,26.96
4,1987-05-13,26.33
4,1987-05-14,25.11
4,1987-05-15,25.06
4,1987-05-18,25.37
4,1987-05-19,26.57
4,1987-05-20,26.19
4,1987-05-21,25.13
4,1987-05-22,24.93
4,1987-05-26,23.92
4,1987-05-27,23.15
4,1987-05-28,22.51
4,1987-05-29,22.52
4,1987-06-01,22.4
4,1987-06-02,23.46
4,1987-06-03,23.14
4,1987-06-04,22.55
4,1987-06-05,22.87
4,1987-06-08,21.46
4,1987-06-09,21.65
4,1987-06-10,21.67
4,1987-06-11,22.13
4,1987-06-12,21.64
4,1987-06-15,21.24
4,1987-06-16,20.82
4,1987-06-17,21.47
4,1987-06-18,21.8
4,1987-06-19,20.8
4,1987-06-22,20.71
4,1987-06-23,21.11
4,1987-06-24,21.5
4,1987-06-25,20.76
4,1987-06-26,20.62
4,1987-06-29,20.61
4,1987-06-30,21.33
4,1987-07-01,20.99
4,1987-07-02,20.04
4,1987-07-06,20.6
4,1987-07-07,19.85
4,1987-07-08,19.3
4,1987-07-09,19.28
4,1987-07-10,17.76
4,1987-07-13,17.78
4,1987-07-14,17.1
4,1987-07-15,17.51
4,1987-07-16,17.1
4,1987-07-17,16.65
4,1987-07-20,16.75
4,1987-07-21,17.43
4,1987-07-22,17.73
4,1987-07-23,17.31
4,1987-07-24,17.12
4,1987-07-27,16.61
4,1987-07-28,15.95
4,1987-07-29,15.91
4,1987-07-30,16.4
4,1987-07-31,16.45
4,1987-08-03,17.45
4,1987-08-04,18.09
4,1987-08-05,17.67
4,1987-08-06,17.05
4,1987-08-07,17.3
4,1987-08-10,17.09
4,1987-08-11,20.91
4,1987-08-12,22.8
4,1987-08-13,22.4
4,1987-08-14,22.59
4,1987-08-17,22.41
4,1987-08-18,22.59
4,1987-08-19,22.35
4,1987-08-20,22.34
4,1987-08-21,21.37
4,1987-08-24,21.57
4,1987-08-25,21.92
4,1987-08-26,22.12
4,1987-08-27,22.5
4,1987-08-28,22.98
4,1987-08-31,22.33
4,1987-09-01,22.07
4,1987-09-02,24.01
4,1987-09-03,23.26
4,1987-09-04,23.63
4,1987-09-08,24.37
4,1987-09-09,23.7
4,1987-09-10,22.98
4,1987-09-11,21.68
4,1987-09-14,22.35
4,1987-09-15,21.81
4,1987-09-16,23.06
4,1987-09-17,22.89
4,1987-09-18,22.2
4,1987-09-21,22.58
4,1987-09-22,23
4,1987-09-23,23.19
4,1987-09-24,23.33
4,1987-09-25,22.83
4,1987-09-28,22.49
4,1987-09-29,22.96
4,1987-09-30,22.38
4,1987-10-01,21.83
4,1987-10-02,21.42
4,1987-10-05,21.15
4,1987-10-06,24.28
4,1987-10-07,22.09
4,1987-10-08,23.52
4,1987-10-09,23.76
4,1987-10-12,24.59
4,1987-10-13,24.32
4,1987-10-14,26.36
4,1987-10-15,27.86
4,1987-10-16,36.37
4,1987-10-19,150.19
4,1987-10-20,140
4,1987-10-21,73.91
4,1987-10-22,102.22
4,1987-10-23,98.81
4,1987-10-26,113.33
4,1987-10-27,97.51
4,1987-10-28,81.24
4,1987-10-29,64.66
4,1987-10-30,61.41
4,1987-11-02,54.9
4,1987-11-03,58.44
4,1987-11-04,58.47
4,1987-11-05,53.54
4,1987-11-06,55.78
4,1987-11-09,54.73
4,1987-11-10,54.76
4,1987-11-11,55.55
4,1987-11-12,49.21
4,1987-11-13,47.59
4,1987-11-16,46.5
4,1987-11-17,49.59
4,1987-11-18,46.53
4,1987-11-19,49.5
4,1987-11-20,47.62
4,1987-11-23,43.37
4,1987-11-24,38.11
4,1987-11-25,36.3
4,1987-11-27,42.11
4,1987-11-30,46.13
4,1987-12-01,45.73
4,1987-12-02,43.7
4,1987-12-03,47.22
4,1987-12-04,47.63
4,1987-12-07,43.68
4,1987-12-08,41.38
4,1987-12-09,43.88
4,1987-12-10,49
4,1987-12-11,48.44
4,1987-12-14,47.44
4,1987-12-15,47.01
4,1987-12-16,44.23
4,1987-12-17,42
4,1987-12-18,38.54
4,1987-12-21,36.29
4,1987-12-22,35.92
4,1987-12-23,32.81
4,1987-12-24,31.65
4,1987-12-28,38.92
4,1987-12-29,38.23
4,1987-12-30,35.66
4,1987-12-31,39.45
4,1988-01-04,36.49
4,1988-01-05,36.9
4,1988-01-06,37.06
4,1988-01-07,34.36
4,1988-01-08,49.36
4,1988-01-11,40.54
4,1988-01-12,41.2
4,1988-01-13,41.59
4,1988-01-14,42.22
4,1988-01-15,36.37
4,1988-01-18,35.19
4,1988-01-19,35.97
4,1988-01-20,39.87
4,1988-01-21,40.42
4,1988-01-22,38.21
4,1988-01-25,35.95
4,1988-01-26,36.48
4,1988-01-27,36.69
4,1988-01-28,36.31
4,1988-01-29,35.55
4,1988-02-01,36.73
4,1988-02-02,36.17
4,1988-02-03,38.63
4,1988-02-04,38.32
4,1988-02-05,38.47
4,1988-02-08,37.96
4,1988-02-09,34.15
4,1988-02-10,35.09
4,1988-02-11,37.39
4,1988-02-12,33.95
4,1988-02-16,32.86
4,1988-02-17,32.07
4,1988-02-18,31.8
4,1988-02-19,27.53
4,1988-02-22,28.41
4,1988-02-23,29.76
4,1988-02-24,30.13
4,1988-02-25,32.17
4,1988-02-26,32.06
4,1988-02-29,29.83
4,1988-03-01,30.08
4,1988-03-02,29.59
4,1988-03-03,30.27
4,1988-03-04,29.35
4,1988-03-07,28.39
4,1988-03-08,28.01
4,1988-03-09,27.85
4,1988-03-10,30.11
4,1988-03-11,27.64
4,1988-03-14,28.66
4,1988-03-15,29.14
4,1988-03-16,28.64
4,1988-03-17,26.62
4,1988-03-18,28.02
4,1988-03-21,28.01
4,1988-03-22,27.54
4,1988-03-23,27.22
4,1988-03-24,31.89
4,1988-03-25,34.24
4,1988-03-28,32.49
4,1988-03-29,32.12
4,1988-03-30,32.39
4,1988-03-31,26.94
4,1988-04-04,31.3
4,1988-04-05,28.54
4,1988-04-06,24.75
4,1988-04-07,25.65
4,1988-04-08,25.45
4,1988-04-11,25.83
4,1988-04-12,25.75
4,1988-04-13,26.1
4,1988-04-14,30.92
4,1988-04-15,31.64
4,1988-04-18,27.81
4,1988-04-19,27.37
4,1988-04-20,28.83
4,1988-04-21,29.04
4,1988-04-22,28.05
4,1988-04-25,26.5
4,1988-04-26,24.92
4,1988-04-27,25.52
4,1988-04-28,27.09
4,1988-04-29,27.04
4,1988-05-02,26.31
4,1988-05-03,25.43
4,1988-05-04,26.85
4,1988-05-05,27.76
4,1988-05-06,26.62
4,1988-05-09,25.58
4,1988-05-10,24.62
4,1988-05-11,28.05
4,1988-05-12,26.7
4,1988-05-13,25.6
4,1988-05-16,25.27
4,1988-05-17,25.25
4,1988-05-18,27.19
4,1988-05-19,26.83
4,1988-05-20,25.68
4,1988-05-23,25.22
4,1988-05-24,24.55
4,1988-05-25,24.48
4,1988-05-26,24.25
4,1988-05-27,24.47
4,1988-05-31,23.34
4,1988-06-01,24.53
4,1988-06-02,25.16
4,1988-06-03,25.27
4,1988-06-06,25.06
4,1988-06-07,25.48
4,1988-06-08,25.37
4,1988-06-09,26.22
4,1988-06-10,25.77
4,1988-06-13,27.19
4,1988-06-14,26.46
4,1988-06-15,25.59
4,1988-06-16,26.13
4,1988-06-17,25.11
4,1988-06-20,24.14
4,1988-06-21,23.51
4,1988-06-22,24.4
4,1988-06-23,25.03
4,1988-06-24,25.45
4,1988-06-27,25.33
4,1988-06-28,25.06
4,1988-06-29,25.01
4,1988-06-30,24.69
4,1988-07-01,23.95
4,1988-07-05,24.35
4,1988-07-06,24.68
4,1988-07-07,24.21
4,1988-07-08,24.71
4,1988-07-11,23.47
4,1988-07-12,23.63
4,1988-07-13,23.36
4,1988-07-14,23.38
4,1988-07-15,19.86
4,1988-07-18,21.49
4,1988-07-19,23.64
4,1988-07-20,23.56
4,1988-07-21,24.98
4,1988-07-22,25.05
4,1988-07-25,24.86
4,1988-07-26,23.76
4,1988-07-27,24.47
4,1988-07-28,22.63
4,1988-07-29,22.84
4,1988-08-01,21.84
4,1988-08-02,22.31
4,1988-08-03,22.28
4,1988-08-04,22.79
4,1988-08-05,23.37
4,1988-08-08,23.14
4,1988-08-09,24.64
4,1988-08-10,27.28
4,1988-08-11,24.87
4,1988-08-12,24.85
4,1988-08-15,27.68
4,1988-08-16,25.53
4,1988-08-17,25.07
4,1988-08-18,23.73
4,1988-08-19,24.24
4,1988-08-22,25.61
4,1988-08-23,24.99
4,1988-08-24,23.11
4,1988-08-25,22.53
4,1988-08-26,22.12
4,1988-08-29,21.13
4,1988-08-30,20.74
4,1988-08-31,21.42
4,1988-09-01,23.07
4,1988-09-02,21
4,1988-09-06,20.97
4,1988-09-07,20.75
4,1988-09-08,20.86
4,1988-09-09,19.92
4,1988-09-12,19.68
4,1988-09-13,20.47
4,1988-09-14,19.97
4,1988-09-15,18.62
4,1988-09-16,18.22
4,1988-09-19,18.65
4,1988-09-20,18.68
4,1988-09-21,18.75
4,1988-09-22,19.16
4,1988-09-23,18.28
4,1988-09-26,18.62
4,1988-09-27,18.91
4,1988-09-28,18.6
4,1988-09-29,18.09
4,1988-09-30,18.74
4,1988-10-03,18.27
4,1988-10-04,18.85
4,1988-10-05,19.37
4,1988-10-06,20.44
4,1988-10-07,19.35
4,1988-10-10,19.67
4,1988-10-11,19.26
4,1988-10-12,21.66
4,1988-10-13,20.28
4,1988-10-14,20.15
4,1988-10-17,19.97
4,1988-10-18,19.38
4,1988-10-19,21.21
4,1988-10-20,19.77
4,1988-10-21,19.82
4,1988-10-24,20.91
4,1988-10-25,21.01
4,1988-10-26,21.56
4,1988-10-27,23.97
4,1988-10-28,22.54
4,1988-10-31,22.68
4,1988-11-01,22.32
4,1988-11-02,22.67
4,1988-11-03,22.92
4,1988-11-04,23.48
4,1988-11-07,24.16
4,1988-11-08,24.73
4,1988-11-09,22.97
4,1988-11-10,21.36
4,1988-11-11,22.92
4,1988-11-14,22.95
4,1988-11-15,22.62
4,1988-11-16,24.95
4,1988-11-17,22.13
4,1988-11-18,20.61
4,1988-11-21,19.67
4,1988-11-22,19.54
4,1988-11-23,18.88
4,1988-11-25,20.45
4,1988-11-28,19.29
4,1988-11-29,18.04
4,1988-11-30,18.18
4,1988-12-01,19.2
4,1988-12-02,19.43
4,1988-12-05,17.95
4,1988-12-06,18.06
4,1988-12-07,18.99
4,1988-12-08,19.31
4,1988-12-09,17.9
4,1988-12-12,17.3
4,1988-12-13,17.58
4,1988-12-14,17.32
4,1988-12-15,16.65
4,1988-12-16,16.06
4,1988-12-19,16.3
4,1988-12-20,16.83
4,1988-12-21,17.21
4,1988-12-22,17.25
4,1988-12-23,17.08
4,1988-12-27,17.98
4,1988-12-28,18.02
4,1988-12-29,17.89
4,1988-12-30,18.53
4,1989-01-03,19.06
4,1989-01-04,17.25
4,1989-01-05,17.8
4,1989-01-06,17.62
4,1989-01-09,17.65
4,1989-01-10,17.61
4,1989-01-11,17.53
4,1989-01-12,17.81
4,1989-01-13,17.34
4,1989-01-16,17.19
4,1989-01-17,17.43
4,1989-01-18,16.77
4,1989-01-19,16.97
4,1989-01-20,16.33
4,1989-01-23,16.83
4,1989-01-24,17.04
4,1989-01-25,17.26
4,1989-01-26,19.23
4,1989-01-27,20.75
4,1989-01-30,19.31
4,1989-01-31,18.14
4,1989-02-01,18.28
4,1989-02-02,18.59
4,1989-02-03,18.38
4,1989-02-06,17.8
4,1989-02-07,17.55
4,1989-02-08,17.94
4,1989-02-09,18.56
4,1989-02-10,19.21
4,1989-02-13,18.77
4,1989-02-14,18.23
4,1989-02-15,16.94
4,1989-02-16,17.88
4,1989-02-17,16.67
4,1989-02-21,17.82
4,1989-02-22,19.41
4,1989-02-23,19.05
4,1989-02-24,19.99
4,1989-02-27,18.97
4,1989-02-28,17.9
4,1989-03-01,18.09
4,1989-03-02,17.86
4,1989-03-03,17.34
4,1989-03-06,16.62
4,1989-03-07,16.84
4,1989-03-08,17.07
4,1989-03-09,17.98
4,1989-03-10,17.23
4,1989-03-13,16.98
4,1989-03-14,17
4,1989-03-15,16.36
4,1989-03-16,16.11
4,1989-03-17,19.5
4,1989-03-20,19.17
4,1989-03-21,17.39
4,1989-03-22,17.98
4,1989-03-23,17.72
4,1989-03-27,17.74
4,1989-03-28,17.66
4,1989-03-29,17.42
4,1989-03-30,17.32
4,1989-03-31,17.08
4,1989-04-03,16.76
4,1989-04-04,16.98
4,1989-04-05,16.99
4,1989-04-06,17.94
4,1989-04-07,16.73
4,1989-04-10,16.93
4,1989-04-11,17.07
4,1989-04-12,17.9
4,1989-04-13,19.05
4,1989-04-14,16.13
4,1989-04-17,16.29
4,1989-04-18,16.57
4,1989-04-19,16.63
4,1989-04-20,16.4
4,1989-04-21,15.57
4,1989-04-24,16.24
4,1989-04-25,17.09
4,1989-04-26,16.78
4,1989-04-27,16.75
4,1989-04-28,16.95
4,1989-05-01,16.7
4,1989-05-02,16.78
4,1989-05-03,16.85
4,1989-05-04,17.46
4,1989-05-05,16.63
4,1989-05-08,16.61
4,1989-05-09,16.75
4,1989-05-10,17.49
4,1989-05-11,17.96
4,1989-05-12,16.88
4,1989-05-15,17.35
4,1989-05-16,17.83
4,1989-05-17,18.74
4,1989-05-18,17.47
4,1989-05-19,18
4,1989-05-22,18.37
4,1989-05-23,18.68
4,1989-05-24,17.58
4,1989-05-25,17.52
4,1989-05-26,16.78
4,1989-05-30,17.65
4,1989-05-31,17.49
4,1989-06-01,17.99
4,1989-06-02,17.2
4,1989-06-05,17.46
4,1989-06-06,17.45
4,1989-06-07,17.79
4,1989-06-08,19.22
4,1989-06-09,18.69
4,1989-06-12,18.52
4,1989-06-13,17.36
4,1989-06-14,17.84
4,1989-06-15,17.49
4,1989-06-16,15.54
4,1989-06-19,14.95
4,1989-06-20,14.76
4,1989-06-21,15.16
4,1989-06-22,15.08
4,1989-06-23,15.1
4,1989-06-26,15.05
4,1989-06-27,14.92
4,1989-06-28,15.27
4,1989-06-29,17.11
4,1989-06-30,18.16
4,1989-07-03,17.53
4,1989-07-05,17.91
4,1989-07-06,18.35
4,1989-07-07,16.87
4,1989-07-10,17.18
4,1989-07-11,18.15
4,1989-07-12,18.69
4,1989-07-13,19.34
4,1989-07-14,18.13
4,1989-07-17,18.48
4,1989-07-18,18.24
4,1989-07-19,17.75
4,1989-07-20,18.62
4,1989-07-21,17.57
4,1989-07-24,17.99
4,1989-07-25,17.84
4,1989-07-26,17.73
4,1989-07-27,18.54
4,1989-07-28,18.14
4,1989-07-31,18.08
4,1989-08-01,19.38
4,1989-08-02,20.02
4,1989-08-03,19.47
4,1989-08-04,19.43
4,1989-08-07,18.75
4,1989-08-08,19.28
4,1989-08-09,20.01
4,1989-08-10,20.17
4,1989-08-11,21.43
4,1989-08-14,21.84
4,1989-08-15,21.05
4,1989-08-16,20.73
4,1989-08-17,20.46
4,1989-08-18,18.27
4,1989-08-21,18.61
4,1989-08-22,17.64
4,1989-08-23,17.2
4,1989-08-24,18.04
4,1989-08-25,18.21
4,1989-08-28,18.93
4,1989-08-29,18.85
4,1989-08-30,18.34
4,1989-08-31,18.33
4,1989-09-01,17.13
4,1989-09-05,17.79
4,1989-09-06,18.45
4,1989-09-07,17.73
4,1989-09-08,16.77
4,1989-09-11,16.43
4,1989-09-12,16.13
4,1989-09-13,16.82
4,1989-09-14,17.95
4,1989-09-15,17.11
4,1989-09-18,16.26
4,1989-09-19,15.98
4,1989-09-20,16.62
4,1989-09-21,16.55
4,1989-09-22,16.2
4,1989-09-25,16.42
4,1989-09-26,16.57
4,1989-09-27,16.14
4,1989-09-28,15.89
4,1989-09-29,15.99
4,1989-10-02,15.79
4,1989-10-03,16.02
4,1989-10-04,16.35
4,1989-10-05,17.11
4,1989-10-06,16.76
4,1989-10-09,16.37
4,1989-10-10,16.66
4,1989-10-11,16.73
4,1989-10-12,16.78
4,1989-10-13,28.24
4,1989-10-16,24.29
4,1989-10-17,26.23
4,1989-10-18,26.75
4,1989-10-19,22.87
4,1989-10-20,22.95
4,1989-10-23,23.21
4,1989-10-24,24.6
4,1989-10-25,26.03
4,1989-10-26,28.44
4,1989-10-27,30.03
4,1989-10-30,27.51
4,1989-10-31,23.2
4,1989-11-01,22.84
4,1989-11-02,24.21
4,1989-11-03,23.15
4,1989-11-06,24.67
4,1989-11-07,23.8
4,1989-11-08,23.23
4,1989-11-09,23.06
4,1989-11-10,22.75
4,1989-11-13,22.43
4,1989-11-14,22.61
4,1989-11-15,21.21
4,1989-11-16,19.81
4,1989-11-17,17.47
4,1989-11-20,18.34
4,1989-11-21,18.66
4,1989-11-22,18.11
4,1989-11-24,18.34
4,1989-11-27,17.88
4,1989-11-28,18.37
4,1989-11-29,19.43
4,1989-11-30,19.21
4,1989-12-01,18.73
4,1989-12-04,18.19
4,1989-12-05,18.04
4,1989-12-06,18.36
4,1989-12-07,18.53
4,1989-12-08,17.11
4,1989-12-11,16.72
4,1989-12-12,16.62
4,1989-12-13,16.58
4,1989-12-14,17.51
4,1989-12-15,17.49
4,1989-12-18,20.83
4,1989-12-19,20.46
4,1989-12-20,20.39
4,1989-12-21,20.03
4,1989-12-22,17.53
4,1989-12-26,18.73
4,1989-12-27,18.17
4,1989-12-28,17.29
4,1989-12-29,17.39
4,1990-01-02,17.03
4,1990-01-03,18.53
4,1990-01-04,19.52
4,1990-01-05,20.46
4,1990-01-08,19.86
4,1990-01-09,21.7
4,1990-01-10,22.3
4,1990-01-11,21.04
4,1990-01-12,26.03
4,1990-01-15,26.08
4,1990-01-16,23.16
4,1990-01-17,23.67
4,1990-01-18,23
4,1990-01-19,21.59
4,1990-01-22,27.97
4,1990-01-23,24.96
4,1990-01-24,24.86
4,1990-01-25,26.34
4,1990-01-26,27.27
4,1990-01-29,26.97
4,1990-01-30,28.65
4,1990-01-31,25.99
4,1990-02-01,25.31
4,1990-02-02,24.82
4,1990-02-05,24.02
4,1990-02-06,24.61
4,1990-02-07,23.47
4,1990-02-08,23.11
4,1990-02-09,23.2
4,1990-02-12,24.05
4,1990-02-13,24.03
4,1990-02-14,23.2
4,1990-02-15,20.18
4,1990-02-16,21.63
4,1990-02-20,24.22
4,1990-02-21,24.14
4,1990-02-22,24.14
4,1990-02-23,24.53
4,1990-02-26,22.38
4,1990-02-27,21.36
4,1990-02-28,20.81
4,1990-03-01,20.6
4,1990-03-02,19.46
4,1990-03-05,19.84
4,1990-03-06,18.56
4,1990-03-07,19.51
4,1990-03-08,18.22
4,1990-03-09,18.39
4,1990-03-12,18.64
4,1990-03-13,19.69
4,1990-03-14,18.44
4,1990-03-15,17.79
4,1990-03-16,15.92
4,1990-03-19,15.94
4,1990-03-20,17.75
4,1990-03-21,18.85
4,1990-03-22,21.26
4,1990-03-23,20.12
4,1990-03-26,19.6
4,1990-03-27,18.17
4,1990-03-28,17.94
4,1990-03-29,18.87
4,1990-03-30,20.73
4,1990-04-02,21.11
4,1990-04-03,19.83
4,1990-04-04,22.24
4,1990-04-05,21.58
4,1990-04-06,21.62
4,1990-04-09,20.74
4,1990-04-10,20.12
4,1990-04-11,19.61
4,1990-04-12,18.35
4,1990-04-16,18.47
4,1990-04-17,18.63
4,1990-04-18,20.51
4,1990-04-19,21.52
4,1990-04-20,20.96
4,1990-04-23,21.23
4,1990-04-24,20.7
4,1990-04-25,20.33
4,1990-04-26,20.64
4,1990-04-27,21.37
4,1990-04-30,19.59
4,1990-05-01,19.29
4,1990-05-02,18.42
4,1990-05-03,18.12
4,1990-05-04,17.03
4,1990-05-07,17.34
4,1990-05-08,18.21
4,1990-05-09,18.75
4,1990-05-10,18.84
4,1990-05-11,20.07
4,1990-05-14,19.96
4,1990-05-15,19.87
4,1990-05-16,18.81
4,1990-05-17,18.05
4,1990-05-18,16.24
4,1990-05-21,16.11
4,1990-05-22,16.9
4,1990-05-23,17.7
4,1990-05-24,18.24
4,1990-05-25,17.84
4,1990-05-29,17.32
4,1990-05-30,17.86
4,1990-05-31,18.37
4,1990-06-01,17.76
4,1990-06-04,18.06
4,1990-06-05,18.54
4,1990-06-06,17.71
4,1990-06-07,16.8
4,1990-06-08,16.96
4,1990-06-11,16.26
4,1990-06-12,17.06
4,1990-06-13,17.84
4,1990-06-14,17.47
4,1990-06-15,16.3
4,1990-06-18,17.15
4,1990-06-19,16.73
4,1990-06-20,16.83
4,1990-06-21,16.39
4,1990-06-22,18.69
4,1990-06-25,18.58
4,1990-06-26,18.76
4,1990-06-27,18.4
4,1990-06-28,18.18
4,1990-06-29,18.77
4,1990-07-02,18.19
4,1990-07-03,17.97
4,1990-07-05,19.64
4,1990-07-06,18.69
4,1990-07-09,18.4
4,1990-07-10,19.12
4,1990-07-11,18.41
4,1990-07-12,19.1
4,1990-07-13,18.48
4,1990-07-16,18.71
4,1990-07-17,19.09
4,1990-07-18,19.01
4,1990-07-19,17.36
4,1990-07-20,18.51
4,1990-07-23,20.2
4,1990-07-24,19.29
4,1990-07-25,18.94
4,1990-07-26,19.59
4,1990-07-27,20.31
4,1990-07-30,19.23
4,1990-07-31,19.35
4,1990-08-01,20.51
4,1990-08-02,22.5
4,1990-08-03,25.63
4,1990-08-06,31.77
4,1990-08-07,29.48
4,1990-08-08,25.27
4,1990-08-09,23.64
4,1990-08-10,26.97
4,1990-08-13,24.43
4,1990-08-14,22.88
4,1990-08-15,23.48
4,1990-08-16,27.86
4,1990-08-17,28.6
4,1990-08-20,27.34
4,1990-08-21,30.11
4,1990-08-22,31.87
4,1990-08-23,38.07
4,1990-08-24,35.67
4,1990-08-27,28.89
4,1990-08-28,28.76
4,1990-08-29,26.75
4,1990-08-30,29.78
4,1990-08-31,28.57
4,1990-09-04,28.35
4,1990-09-05,27.49
4,1990-09-06,29.99
4,1990-09-07,27.93
4,1990-09-10,28.03
4,1990-09-11,26.73
4,1990-09-12,26.43
4,1990-09-13,29
4,1990-09-14,28.82
4,1990-09-17,28.69
4,1990-09-18,28.24
4,1990-09-19,28.77
4,1990-09-20,29.75
4,1990-09-21,29.91
4,1990-09-24,31.59
4,1990-09-25,29.25
4,1990-09-26,29.24
4,1990-09-27,29.36
4,1990-09-28,29.99
4,1990-10-01,26.94
4,1990-10-02,28.13
4,1990-10-03,28.63
4,1990-10-04,28.43
4,1990-10-05,28.3
4,1990-10-08,28.01
4,1990-10-09,31.12
4,1990-10-10,32.27
4,1990-10-11,34.94
4,1990-10-12,33.97
4,1990-10-15,32.36
4,1990-10-16,33.3
4,1990-10-17,32.96
4,1990-10-18,29.96
4,1990-10-19,26.87
4,1990-10-22,26.42
4,1990-10-23,27.98
4,1990-10-24,28.39
4,1990-10-25,29.55
4,1990-10-26,31.96
4,1990-10-29,31.13
4,1990-10-30,30.77
4,1990-10-31,30.61
4,1990-11-01,31.09
4,1990-11-02,30.74
4,1990-11-05,28.95
4,1990-11-06,29.36
4,1990-11-07,31.33
4,1990-11-08,31.37
4,1990-11-09,28.01
4,1990-11-12,25.28
4,1990-11-13,24.77
4,1990-11-14,23.26
4,1990-11-15,22.27
4,1990-11-16,21.1
4,1990-11-19,20.49
4,1990-11-20,21.23
4,1990-11-21,20.32
4,1990-11-23,22.25
4,1990-11-26,22.4
4,1990-11-27,22.5
4,1990-11-28,23.5
4,1990-11-29,24.57
4,1990-11-30,22.45
4,1990-12-03,21.82
4,1990-12-04,21.45
4,1990-12-05,20.56
4,1990-12-06,21.65
4,1990-12-07,22.33
4,1990-12-10,22.59
4,1990-12-11,23.16
4,1990-12-12,22.76
4,1990-12-13,22.6
4,1990-12-14,23.33
4,1990-12-17,24.24
4,1990-12-18,22.52
4,1990-12-19,22
4,1990-12-20,21.91
4,1990-12-21,21.41
4,1990-12-24,22.92
4,1990-12-26,23.19
4,1990-12-27,23.86
4,1990-12-28,23.84
4,1990-12-31,23.55
4,1991-01-02,25.65
4,1991-01-03,26.73
4,1991-01-04,26.54
4,1991-01-07,27.08
4,1991-01-08,28.71
4,1991-01-09,31.77
4,1991-01-10,29.87
4,1991-01-11,32.49
4,1991-01-14,35.48
4,1991-01-15,36.93
4,1991-01-16,32.91
4,1991-01-17,27.2
4,1991-01-18,24.16
4,1991-01-21,24.49
4,1991-01-22,26.01
4,1991-01-23,24.69
4,1991-01-24,23.72
4,1991-01-25,22.49
4,1991-01-28,22.34
4,1991-01-29,22.31
4,1991-01-30,20.6
4,1991-01-31,20.33
4,1991-02-01,20.48
4,1991-02-04,20.17
4,1991-02-05,20.45
4,1991-02-06,22.48
4,1991-02-07,24.73
4,1991-02-08,23.03
4,1991-02-11,24.29
4,1991-02-12,24.33
4,1991-02-13,22.28
4,1991-02-14,22.79
4,1991-02-15,21.1
4,1991-02-19,21.17
4,1991-02-20,22.15
4,1991-02-21,22.48
4,1991-02-22,22.81
4,1991-02-25,22.43
4,1991-02-26,21.94
4,1991-02-27,20.68
4,1991-02-28,20.35
4,1991-03-04,20.35
4,1991-03-05,20.39
4,1991-03-06,21.35
4,1991-03-07,21.17
4,1991-03-08,21.57
4,1991-03-11,19.67
4,1991-03-12,18.56
4,1991-03-13,17.75
4,1991-03-14,18.45
4,1991-03-15,17.72
4,1991-03-18,17.19
4,1991-03-19,18.33
4,1991-03-20,18.29
4,1991-03-21,18.95
4,1991-03-22,19.18
4,1991-03-25,17.83
4,1991-03-26,17.17
4,1991-03-27,18.63
4,1991-03-28,19.23
4,1991-04-01,19.62
4,1991-04-02,19.73
4,1991-04-03,19.97
4,1991-04-04,20.55
4,1991-04-05,19.97
4,1991-04-08,18.73
4,1991-04-09,20.55
4,1991-04-10,20.06
4,1991-04-11,19.25
4,1991-04-12,18.69
4,1991-04-15,17.45
4,1991-04-16,18
4,1991-04-17,18.01
4,1991-04-18,18
4,1991-04-19,17.92
4,1991-04-22,17.83
4,1991-04-23,17.94
4,1991-04-24,18.08
4,1991-04-25,18.8
4,1991-04-26,18.48
4,1991-04-29,19.42
4,1991-04-30,19.35
4,1991-05-01,17.95
4,1991-05-02,18.54
4,1991-05-03,17.61
4,1991-05-06,17.18
4,1991-05-07,17.68
4,1991-05-08,17.54
4,1991-05-09,17.27
4,1991-05-10,18.46
4,1991-05-13,16.95
4,1991-05-14,18
4,1991-05-15,18.88
4,1991-05-16,17.44
4,1991-05-17,16.47
4,1991-05-20,16.76
4,1991-05-21,16.11
4,1991-05-22,16.12
4,1991-05-23,16.55
4,1991-05-24,16.01
4,1991-05-28,15.99
4,1991-05-29,15.99
4,1991-05-30,17.05
4,1991-05-31,17.42
4,1991-06-03,17.77
4,1991-06-04,17.76
4,1991-06-05,17.54
4,1991-06-06,17.98
4,1991-06-07,16.76
4,1991-06-10,17.98
4,1991-06-11,17.77
4,1991-06-12,17.54
4,1991-06-13,17.05
4,1991-06-14,15.72
4,1991-06-17,16.46
4,1991-06-18,16.36
4,1991-06-19,17.61
4,1991-06-20,17.05
4,1991-06-21,16.29
4,1991-06-24,18.62
4,1991-06-25,19.41
4,1991-06-26,18.36
4,1991-06-27,17.94
4,1991-06-28,19.53
4,1991-07-01,18.02
4,1991-07-02,18.32
4,1991-07-03,19.49
4,1991-07-05,20.03
4,1991-07-08,19.69
4,1991-07-09,19.45
4,1991-07-10,19.21
4,1991-07-11,18.9
4,1991-07-12,17.7
4,1991-07-15,17.05
4,1991-07-16,17.18
4,1991-07-17,17.75
4,1991-07-18,17.12
4,1991-07-19,16.69
4,1991-07-22,16.39
4,1991-07-23,17.73
4,1991-07-24,17.67
4,1991-07-25,16.76
4,1991-07-26,16.49
4,1991-07-29,15.53
4,1991-07-30,15.76
4,1991-07-31,15.8
4,1991-08-01,16.24
4,1991-08-02,15.71
4,1991-08-05,15.93
4,1991-08-06,15.42
4,1991-08-07,15.34
4,1991-08-08,15.81
4,1991-08-09,15.57
4,1991-08-12,15.05
4,1991-08-13,15.07
4,1991-08-14,15.44
4,1991-08-15,15.45
4,1991-08-16,16.29
4,1991-08-19,20.13
4,1991-08-20,18.9
4,1991-08-21,16.3
4,1991-08-22,15.4
4,1991-08-23,15.54
4,1991-08-26,15.4
4,1991-08-27,15.52
4,1991-08-28,15.34
4,1991-08-29,15.45
4,1991-08-30,15.22
4,1991-09-03,16.79
4,1991-09-04,17.15
4,1991-09-05,17.51
4,1991-09-06,17.08
4,1991-09-09,17.29
4,1991-09-10,18.05
4,1991-09-11,17.72
4,1991-09-12,17.42
4,1991-09-13,17.87
4,1991-09-16,17.47
4,1991-09-17,17.35
4,1991-09-18,17.27
4,1991-09-19,17.26
4,1991-09-20,16.35
4,1991-09-23,16.17
4,1991-09-24,16.5
4,1991-09-25,16.38
4,1991-09-26,16.09
4,1991-09-27,16.77
4,1991-09-30,16.09
4,1991-10-01,16.27
4,1991-10-02,16.4
4,1991-10-03,18.21
4,1991-10-04,18.13
4,1991-10-07,18.63
4,1991-10-08,17.73
4,1991-10-09,18.38
4,1991-10-10,17.75
4,1991-10-11,17.51
4,1991-10-14,16.29
4,1991-10-15,15.92
4,1991-10-16,16.33
4,1991-10-17,16.72
4,1991-10-18,15.94
4,1991-10-21,16.3
4,1991-10-23,16.01
4,1991-10-24,16.93
4,1991-10-25,17.37
4,1991-10-28,16.04
4,1991-10-29,15.7
4,1991-10-30,15.99
4,1991-10-31,16.07
4,1991-11-01,16.25
4,1991-11-04,16.46
4,1991-11-05,16.6
4,1991-11-06,16.77
4,1991-11-07,15.82
4,1991-11-08,15.53
4,1991-11-11,14.87
4,1991-11-12,14.33
4,1991-11-13,14.21
4,1991-11-14,13.93
4,1991-11-15,22.14
4,1991-11-18,17.17
4,1991-11-19,19.13
4,1991-11-20,19.53
4,1991-11-21,19.64
4,1991-11-22,21.3
4,1991-11-25,20.98
4,1991-11-26,19.03
4,1991-11-27,19.37
4,1991-11-29,20.57
4,1991-12-02,19.08
4,1991-12-03,19.43
4,1991-12-04,19.27
4,1991-12-05,20.56
4,1991-12-06,19.39
4,1991-12-09,19.51
4,1991-12-10,19.83
4,1991-12-11,20.01
4,1991-12-12,18.5
4,1991-12-13,17.01
4,1991-12-16,17.03
4,1991-12-17,17.52
4,1991-12-18,16.83
4,1991-12-19,16.79
4,1991-12-20,16.49
4,1991-12-23,15.8
4,1991-12-24,15.06
4,1991-12-26,15.56
4,1991-12-27,16.11
4,1991-12-30,18.44
4,1991-12-31,20.17
4,1992-01-02,19.06
4,1992-01-03,19.15
4,1992-01-06,18.73
4,1992-01-07,18.63
4,1992-01-08,18.45
4,1992-01-09,18.85
4,1992-01-10,18.62
4,1992-01-13,16.68
4,1992-01-14,16.26
4,1992-01-15,16.97
4,1992-01-16,16.96
4,1992-01-17,16.4
4,1992-01-20,16.24
4,1992-01-21,16.82
4,1992-01-22,15.65
4,1992-01-23,16.89
4,1992-01-24,16.02
4,1992-01-27,16.96
4,1992-01-28,17.84
4,1992-01-29,18.11
4,1992-01-30,17.79
4,1992-01-31,17.91
4,1992-02-03,17.87
4,1992-02-04,17.69
4,1992-02-05,17.97
4,1992-02-06,18.23
4,1992-02-07,18.12
4,1992-02-10,17.65
4,1992-02-11,17.01
4,1992-02-12,16.83
4,1992-02-13,16.82
4,1992-02-14,16.74
4,1992-02-18,18.12
4,1992-02-19,16.82
4,1992-02-20,17.19
4,1992-02-21,15.86
4,1992-02-24,16.38
4,1992-02-25,16.37
4,1992-02-26,16.08
4,1992-02-27,16.23
4,1992-02-28,15.98
4,1992-03-02,15.88
4,1992-03-03,16.73
4,1992-03-04,17.33
4,1992-03-05,17.41
4,1992-03-06,18.17
4,1992-03-09,17.59
4,1992-03-10,16.36
4,1992-03-11,17.6
4,1992-03-12,17.9
4,1992-03-13,16.57
4,1992-03-16,16.26
4,1992-03-17,15.35
4,1992-03-18,15.61
4,1992-03-19,14.83
4,1992-03-20,15.46
4,1992-03-23,15.25
4,1992-03-24,14.96
4,1992-03-25,14.66
4,1992-03-26,15.31
4,1992-03-27,15.93
4,1992-03-30,15.83
4,1992-03-31,15.91
4,1992-04-01,16.06
4,1992-04-02,17.3
4,1992-04-03,16.42
4,1992-04-06,15.33
4,1992-04-07,18.05
4,1992-04-08,18.29
4,1992-04-09,17.43
4,1992-04-10,16.29
4,1992-04-13,16.04
4,1992-04-14,16.13
4,1992-04-15,16.02
4,1992-04-16,15.24
4,1992-04-20,15.93
4,1992-04-21,15.43
4,1992-04-22,16.17
4,1992-04-23,15.57
4,1992-04-24,15.69
4,1992-04-27,16.36
4,1992-04-28,16.01
4,1992-04-29,15.17
4,1992-04-30,15.03
4,1992-05-01,15.87
4,1992-05-04,15.41
4,1992-05-05,15.34
4,1992-05-06,15.89
4,1992-05-07,15.48
4,1992-05-08,14.78
4,1992-05-11,14.75
4,1992-05-12,15.35
4,1992-05-13,15.11
4,1992-05-14,15.93
4,1992-05-15,14.77
4,1992-05-18,14.13
4,1992-05-19,13.24
4,1992-05-20,13.7
4,1992-05-21,13.89
4,1992-05-22,13.61
4,1992-05-26,14.74
4,1992-05-27,14.42
4,1992-05-28,13.91
4,1992-05-29,14.24
4,1992-06-01,13.66
4,1992-06-02,14.11
4,1992-06-03,13.76
4,1992-06-04,14.35
4,1992-06-05,13.74
4,1992-06-08,14.39
4,1992-06-09,15.15
4,1992-06-10,16.03
4,1992-06-11,15.03
4,1992-06-12,13.72
4,1992-06-15,13.76
4,1992-06-16,14.13
4,1992-06-17,16.99
4,1992-06-18,17.43
4,1992-06-19,15.08
4,1992-06-22,15.27
4,1992-06-23,15.01
4,1992-06-24,15.43
4,1992-06-25,15.44
4,1992-06-26,15.45
4,1992-06-29,13.15
4,1992-06-30,13.49
4,1992-07-01,13.12
4,1992-07-02,13.68
4,1992-07-06,13.75
4,1992-07-07,15.47
4,1992-07-08,14.54
4,1992-07-09,13.99
4,1992-07-10,13.73
4,1992-07-13,13.45
4,1992-07-14,12.89
4,1992-07-15,12.5
4,1992-07-16,12.07
4,1992-07-17,12.61
4,1992-07-20,12.5
4,1992-07-21,12.45
4,1992-07-22,13.22
4,1992-07-23,13.38
4,1992-07-24,13.27
4,1992-07-27,13.01
4,1992-07-28,12.88
4,1992-07-29,13.44
4,1992-07-30,13.37
4,1992-07-31,13.36
4,1992-08-03,13.09
4,1992-08-04,13.47
4,1992-08-05,13.61
4,1992-08-06,13.98
4,1992-08-07,14.35
4,1992-08-10,14.4
4,1992-08-11,14.4
4,1992-08-12,14.5
4,1992-08-13,14.99
4,1992-08-14,14.19
4,1992-08-17,14.09
4,1992-08-18,14.16
4,1992-08-19,14.81
4,1992-08-20,14.86
4,1992-08-21,14.77
4,1992-08-24,16.54
4,1992-08-25,15.94
4,1992-08-26,14.88
4,1992-08-27,14.32
4,1992-08-28,13.68
4,1992-08-31,13.84
4,1992-09-01,13.68
4,1992-09-02,13.18
4,1992-09-03,13.15
4,1992-09-04,13.68
4,1992-09-08,14.25
4,1992-09-09,14.07
4,1992-09-10,13.42
4,1992-09-11,13.24
4,1992-09-14,13.68
4,1992-09-15,14.15
4,1992-09-16,15.69
4,1992-09-17,15.07
4,1992-09-18,14.52
4,1992-09-21,13.63
4,1992-09-22,14.16
4,1992-09-23,14.39
4,1992-09-24,14.09
4,1992-09-25,15.75
4,1992-09-28,15.21
4,1992-09-29,15.25
4,1992-09-30,15.17
4,1992-10-01,17.14
4,1992-10-02,18.54
4,1992-10-05,19.22
4,1992-10-06,19.73
4,1992-10-07,21.12
4,1992-10-08,18.49
4,1992-10-09,20.27
4,1992-10-12,18.73
4,1992-10-13,17.11
4,1992-10-14,17.67
4,1992-10-15,17.14
4,1992-10-16,16.34
4,1992-10-19,16.53
4,1992-10-20,16.64
4,1992-10-21,16.64
4,1992-10-22,16.78
4,1992-10-23,16.84
4,1992-10-26,15.58
4,1992-10-27,15.82
4,1992-10-28,15.73
4,1992-10-29,16.04
4,1992-10-30,16.43
4,1992-11-02,16.28
4,1992-11-03,17.46
4,1992-11-04,16.43
4,1992-11-05,16.13
4,1992-11-06,14.83
4,1992-11-09,14.34
4,1992-11-10,14.62
4,1992-11-11,14.12
4,1992-11-12,14.49
4,1992-11-13,14.17
4,1992-11-16,14.71
4,1992-11-17,15.07
4,1992-11-18,14.43
4,1992-11-19,14.44
4,1992-11-20,13.52
4,1992-11-23,13.5
4,1992-11-24,13.28
4,1992-11-25,13.1
4,1992-11-27,13.45
4,1992-11-30,13.51
4,1992-12-01,13.43
4,1992-12-02,12.87
4,1992-12-03,13.17
4,1992-12-04,12.53
4,1992-12-07,12.34
4,1992-12-08,12.35
4,1992-12-09,12.73
4,1992-12-10,12.99
4,1992-12-11,13.01
4,1992-12-14,13.51
4,1992-12-15,13.24
4,1992-12-16,13.75
4,1992-12-17,12.77
4,1992-12-18,12.67
4,1992-12-21,12.21
4,1992-12-22,12.17
4,1992-12-23,12.27
4,1992-12-24,11.98
4,1992-12-28,12.41
4,1992-12-29,12.4
4,1992-12-30,12.84
4,1992-12-31,13.55
4,1993-01-04,13.98
4,1993-01-05,13.32
4,1993-01-06,13.4
4,1993-01-07,14.84
4,1993-01-08,14.8
4,1993-01-11,13.28
4,1993-01-12,12.65
4,1993-01-13,12.55
4,1993-01-14,12.31
4,1993-01-15,11.97
4,1993-01-18,11.36
4,1993-01-19,12.1
4,1993-01-20,12.5
4,1993-01-21,11.97
4,1993-01-22,11.29
4,1993-01-25,11.58
4,1993-01-26,11.27
4,1993-01-27,12.12
4,1993-01-28,12.1
4,1993-01-29,12.1
4,1993-02-01,12.29
4,1993-02-02,11.72
4,1993-02-03,11.63
4,1993-02-04,12.36
4,1993-02-05,12.8
4,1993-02-08,13.09
4,1993-02-09,12.83
4,1993-02-10,13.4
4,1993-02-11,12.9
4,1993-02-12,12.81
4,1993-02-16,12.71
4,1993-02-17,15.9
4,1993-02-18,15.58
4,1993-02-19,15.1
4,1993-02-22,14.2
4,1993-02-23,14.28
4,1993-02-24,14.76
4,1993-02-25,14.48
4,1993-02-26,13.76
4,1993-03-01,12.75
4,1993-03-02,12.93
4,1993-03-03,12.36
4,1993-03-04,12.5
4,1993-03-05,13.34
4,1993-03-08,13.17
4,1993-03-09,14.85
4,1993-03-10,13.87
4,1993-03-11,12.98
4,1993-03-12,14.12
4,1993-03-15,14.68
4,1993-03-16,14.87
4,1993-03-17,14.71
4,1993-03-18,15.37
4,1993-03-19,14.59
4,1993-03-22,13.93
4,1993-03-23,13.75
4,1993-03-24,13.52
4,1993-03-25,13.25
4,1993-03-26,12.87
4,1993-03-29,13.36
4,1993-03-30,13.22
4,1993-03-31,13.13
4,1993-04-01,13.57
4,1993-04-02,14.4
4,1993-04-05,15.51
4,1993-04-06,14.49
4,1993-04-07,14.72
4,1993-04-08,13.89
4,1993-04-12,13.01
4,1993-04-13,12.26
4,1993-04-14,12.31
4,1993-04-15,12.23
4,1993-04-16,11.97
4,1993-04-19,12.3
4,1993-04-20,12.61
4,1993-04-21,12.48
4,1993-04-22,14
4,1993-04-23,14.3
4,1993-04-26,15.74
4,1993-04-27,14.02
4,1993-04-28,13.41
4,1993-04-29,12.85
4,1993-04-30,13.42
4,1993-05-03,12.62
4,1993-05-04,12.6
4,1993-05-05,12.71
4,1993-05-06,13.35
4,1993-05-07,13.49
4,1993-05-10,13.4
4,1993-05-11,13.33
4,1993-05-12,13.73
4,1993-05-13,14.44
4,1993-05-14,14.61
4,1993-05-17,13.97
4,1993-05-18,13.89
4,1993-05-19,14.2
4,1993-05-20,13.39
4,1993-05-21,14.32
4,1993-05-24,13.6
4,1993-05-25,13.54
4,1993-05-26,13.15
4,1993-05-27,13.15
4,1993-05-28,13.21
4,1993-06-01,12.95
4,1993-06-02,13
4,1993-06-03,13.62
4,1993-06-04,13.51
4,1993-06-07,13.77
4,1993-06-08,14.72
4,1993-06-09,14.36
4,1993-06-10,13.97
4,1993-06-11,13.18
4,1993-06-14,13.36
4,1993-06-15,12.83
4,1993-06-16,12.62
4,1993-06-17,12.46
4,1993-06-18,13.11
4,1993-06-21,12.37
4,1993-06-22,12.66
4,1993-06-23,13.23
4,1993-06-24,12.74
4,1993-06-25,12.38
4,1993-06-28,11.43
4,1993-06-29,11.63
4,1993-06-30,12.15
4,1993-07-01,12.55
4,1993-07-02,12.26
4,1993-07-06,14.46
4,1993-07-07,13.67
4,1993-07-08,12.72
4,1993-07-09,11.88
4,1993-07-12,11.76
4,1993-07-13,11.58
4,1993-07-14,11.59
4,1993-07-15,11.57
4,1993-07-16,11.59
4,1993-07-19,11.34
4,1993-07-20,11.07
4,1993-07-21,11.73
4,1993-07-22,12.3
4,1993-07-23,11.84
4,1993-07-26,11.45
4,1993-07-27,11.39
4,1993-07-28,11.59
4,1993-07-29,11.64
4,1993-07-30,12.01
4,1993-08-02,11.41
4,1993-08-03,11.75
4,1993-08-04,11.86
4,1993-08-05,12.45
4,1993-08-06,12.65
4,1993-08-09,11.97
4,1993-08-10,12.46
4,1993-08-11,12.2
4,1993-08-12,12.27
4,1993-08-13,11.92
4,1993-08-16,12.03
4,1993-08-17,11.7
4,1993-08-18,11.96
4,1993-08-19,11.79
4,1993-08-20,11.6
4,1993-08-23,11.73
4,1993-08-24,11.32
4,1993-08-25,12.18
4,1993-08-26,12.29
4,1993-08-27,11.96
4,1993-08-30,11.83
4,1993-08-31,11.62
4,1993-09-01,11.67
4,1993-09-02,11.72
4,1993-09-03,11.6
4,1993-09-07,12.64
4,1993-09-08,12.9
4,1993-09-09,12.49
4,1993-09-10,11.76
4,1993-09-13,12.12
4,1993-09-14,12.2
4,1993-09-15,12.34
4,1993-09-16,12.57
4,1993-09-17,13.17
4,1993-09-20,14.67
4,1993-09-21,16.1
4,1993-09-22,13.5
4,1993-09-23,12.76
4,1993-09-24,12.68
4,1993-09-27,11.5
4,1993-09-28,11.69
4,1993-09-29,12.26
4,1993-09-30,12.71
4,1993-10-01,11.99
4,1993-10-04,12.16
4,1993-10-05,11.79
4,1993-10-06,12.28
4,1993-10-07,12.78
4,1993-10-08,11.39
4,1993-10-11,10.99
4,1993-10-12,11.27
4,1993-10-13,11.12
4,1993-10-14,10.5
4,1993-10-15,10.7
4,1993-10-18,10.8
4,1993-10-19,11.23
4,1993-10-20,10.75
4,1993-10-21,11.12
4,1993-10-22,11.01
4,1993-10-25,11.2
4,1993-10-26,11.25
4,1993-10-27,11.53
4,1993-10-28,11.55
4,1993-10-29,11.51
4,1993-11-01,11.52
4,1993-11-02,11.44
4,1993-11-03,12.62
4,1993-11-04,14.9
4,1993-11-05,14.75
4,1993-11-08,13.64
4,1993-11-09,14.01
4,1993-11-10,13.16
4,1993-11-11,13.28
4,1993-11-12,12.8
4,1993-11-15,14.16
4,1993-11-16,14.52
4,1993-11-17,15.18
4,1993-11-18,13.14
4,1993-11-19,13.9
4,1993-11-22,14.48
4,1993-11-23,12.97
4,1993-11-24,12.03
4,1993-11-26,12.5
4,1993-11-29,12.92
4,1993-11-30,12.87
4,1993-12-01,13.09
4,1993-12-02,12.94
4,1993-12-03,12.2
4,1993-12-06,11.23
4,1993-12-07,11.53
4,1993-12-08,11.65
4,1993-12-09,11.97
4,1993-12-10,11.55
4,1993-12-13,10.67
4,1993-12-14,11.14
4,1993-12-15,11.03
4,1993-12-16,10.43
4,1993-12-17,10.2
4,1993-12-20,9.95
4,1993-12-21,9.93
4,1993-12-22,9.19
4,1993-12-23,9.04
4,1993-12-27,9.21
4,1993-12-28,9.72
4,1993-12-29,10.16
4,1993-12-30,10.73
4,1993-12-31,11.46
4,1994-01-03,11.56
4,1994-01-04,10.69
4,1994-01-05,10.55
4,1994-01-06,10.55
4,1994-01-07,10.25
4,1994-01-10,10.63
4,1994-01-11,10.51
4,1994-01-12,10.59
4,1994-01-13,10.77
4,1994-01-14,10.94
4,1994-01-17,11.11
4,1994-01-18,10.84
4,1994-01-19,11.04
4,1994-01-20,10.37
4,1994-01-21,10.43
4,1994-01-24,11.2
4,1994-01-25,10.98
4,1994-01-26,10.55
4,1994-01-27,9.74
4,1994-01-28,9.59
4,1994-01-31,9.82
4,1994-02-01,10.1
4,1994-02-02,9.64
4,1994-02-03,10.04
4,1994-02-04,14.51
4,1994-02-07,12.48
4,1994-02-08,12.6
4,1994-02-09,12.06
4,1994-02-10,14.32
4,1994-02-11,13.21
4,1994-02-14,14
4,1994-02-15,12.83
4,1994-02-16,12.83
4,1994-02-17,13.41
4,1994-02-18,14.22
4,1994-02-22,12.85
4,1994-02-23,13.01
4,1994-02-24,14.91
4,1994-02-25,14.05
4,1994-02-28,13.75
4,1994-03-01,14.83
4,1994-03-02,14.36
4,1994-03-03,15.75
4,1994-03-04,14.58
4,1994-03-07,13.76
4,1994-03-08,14.34
4,1994-03-09,13.55
4,1994-03-10,15.48
4,1994-03-11,14.18
4,1994-03-14,14.51
4,1994-03-15,13.93
4,1994-03-16,12.38
4,1994-03-17,12.09
4,1994-03-18,12.7
4,1994-03-21,13.05
4,1994-03-22,11.95
4,1994-03-23,12.11
4,1994-03-24,13.13
4,1994-03-25,13.65
4,1994-03-28,13.52
4,1994-03-29,16.5
4,1994-03-30,18.04
4,1994-03-31,19.15
4,1994-04-04,22.5
4,1994-04-05,16.29
4,1994-04-06,16.11
4,1994-04-07,15.6
4,1994-04-08,16.28
4,1994-04-11,15.61
4,1994-04-12,15.67
4,1994-04-13,15.72
4,1994-04-14,14.95
4,1994-04-15,14.86
4,1994-04-18,15.63
4,1994-04-19,15.3
4,1994-04-20,15.96
4,1994-04-21,13.9
4,1994-04-22,14.55
4,1994-04-25,12.78
4,1994-04-26,12.68
4,1994-04-28,13.65
4,1994-04-29,13.32
4,1994-05-02,12.85
4,1994-05-03,13.16
4,1994-05-04,13.62
4,1994-05-05,14.42
4,1994-05-06,15.14
4,1994-05-09,15.88
4,1994-05-10,14.17
4,1994-05-11,15.59
4,1994-05-12,15.12
4,1994-05-13,14.57
4,1994-05-16,14.4
4,1994-05-17,13.41
4,1994-05-18,11.98
4,1994-05-19,12.18
4,1994-05-20,12.25
4,1994-05-23,12.66
4,1994-05-24,12.04
4,1994-05-25,11.91
4,1994-05-26,11.95
4,1994-05-27,11.79
4,1994-05-31,12.1
4,1994-06-01,11.89
4,1994-06-02,12.22
4,1994-06-03,11.52
4,1994-06-06,12.29
4,1994-06-07,12.22
4,1994-06-08,12.64
4,1994-06-09,12.78
4,1994-06-10,11.94
4,1994-06-13,11.8
4,1994-06-14,11.08
4,1994-06-15,11.53
4,1994-06-16,10.8
4,1994-06-17,12.26
4,1994-06-20,13.08
4,1994-06-21,14.41
4,1994-06-22,13.36
4,1994-06-23,14.24
4,1994-06-24,17.18
4,1994-06-27,13.67
4,1994-06-28,13.99
4,1994-06-29,14.09
4,1994-06-30,15.82
4,1994-07-01,14.69
4,1994-07-05,14.94
4,1994-07-06,14.88
4,1994-07-07,13.79
4,1994-07-08,13.65
4,1994-07-11,13.19
4,1994-07-12,12.82
4,1994-07-13,12.22
4,1994-07-14,10.92
4,1994-07-15,11.08
4,1994-07-18,10.55
4,1994-07-19,11.32
4,1994-07-20,11.35
4,1994-07-21,10.78
4,1994-07-22,10.81
4,1994-07-25,10.95
4,1994-07-26,11.24
4,1994-07-27,11.89
4,1994-07-28,11.56
4,1994-07-29,10.64
4,1994-08-01,10.27
4,1994-08-02,10.89
4,1994-08-03,11.27
4,1994-08-04,11.94
4,1994-08-05,12.17
4,1994-08-08,11.55
4,1994-08-09,11.52
4,1994-08-10,11.11
4,1994-08-11,11.67
4,1994-08-12,10.64
4,1994-08-15,11.23
4,1994-08-16,10.73
4,1994-08-17,10.77
4,1994-08-18,11.63
4,1994-08-19,11.44
4,1994-08-22,11.81
4,1994-08-23,11.22
4,1994-08-24,10.94
4,1994-08-25,11.61
4,1994-08-26,12.49
4,1994-08-29,11.51
4,1994-08-30,11.31
4,1994-08-31,12.32
4,1994-09-01,11.74
4,1994-09-02,11.08
4,1994-09-06,11.34
4,1994-09-07,11.23
4,1994-09-08,11.21
4,1994-09-09,12.03
4,1994-09-12,12.64
4,1994-09-13,12.26
4,1994-09-14,11.58
4,1994-09-15,10.76
4,1994-09-16,11.91
4,1994-09-19,12.66
4,1994-09-20,13.9
4,1994-09-21,13.46
4,1994-09-22,13.99
4,1994-09-23,14.49
4,1994-09-26,14.04
4,1994-09-27,13.31
4,1994-09-28,13.07
4,1994-09-29,13.87
4,1994-09-30,14.29
4,1994-10-03,14.58
4,1994-10-04,17.09
4,1994-10-05,15.32
4,1994-10-06,16.5
4,1994-10-07,15.14
4,1994-10-10,14.17
4,1994-10-11,13.61
4,1994-10-12,14.21
4,1994-10-13,14.84
4,1994-10-14,13.8
4,1994-10-17,14.61
4,1994-10-18,14.58
4,1994-10-19,14.88
4,1994-10-20,15.79
4,1994-10-21,15.73
4,1994-10-24,16.59
4,1994-10-25,15.67
4,1994-10-26,15.27
4,1994-10-27,15.44
4,1994-10-28,14.49
4,1994-10-31,13.73
4,1994-11-01,14.38
4,1994-11-02,15.04
4,1994-11-03,15.38
4,1994-11-04,16.37
4,1994-11-07,16.36
4,1994-11-08,15.88
4,1994-11-09,16.08
4,1994-11-10,16.2
4,1994-11-11,16.92
4,1994-11-14,16.24
4,1994-11-15,16.04
4,1994-11-16,15.7
4,1994-11-17,15.7
4,1994-11-18,15.72
4,1994-11-21,15.87
4,1994-11-22,18.49
4,1994-11-23,18.14
4,1994-11-25,17.58
4,1994-11-28,16.47
4,1994-11-29,16.12
4,1994-11-30,16.56
4,1994-12-01,17.07
4,1994-12-02,15.69
4,1994-12-05,14.91
4,1994-12-06,15.22
4,1994-12-07,15.93
4,1994-12-08,18.16
4,1994-12-09,16.44
4,1994-12-12,15.15
4,1994-12-13,14.57
4,1994-12-14,12.5
4,1994-12-15,12.55
4,1994-12-16,12.21
4,1994-12-19,12.15
4,1994-12-20,12.14
4,1994-12-21,11.94
4,1994-12-22,12.03
4,1994-12-23,11.44
4,1994-12-27,11.66
4,1994-12-28,12.68
4,1994-12-29,12.06
4,1994-12-30,13.44
4,1995-01-03,13.77
4,1995-01-04,12.75
4,1995-01-05,13.11
4,1995-01-06,12.38
4,1995-01-09,12.38
4,1995-01-10,12.01
4,1995-01-11,11.79
4,1995-01-12,12.25
4,1995-01-13,11.07
4,1995-01-16,10.71
4,1995-01-17,11.05
4,1995-01-18,11.08
4,1995-01-19,11.47
4,1995-01-20,11.65
4,1995-01-23,11.6
4,1995-01-24,11.45
4,1995-01-25,10.93
4,1995-01-26,10.74
4,1995-01-27,10.77
4,1995-01-30,11.58
4,1995-01-31,11.41
4,1995-02-01,11.06
4,1995-02-02,10.63
4,1995-02-03,10.96
4,1995-02-06,10.66
4,1995-02-07,10.49
4,1995-02-08,11.06
4,1995-02-09,11.5
4,1995-02-10,11.07
4,1995-02-13,11.21
4,1995-02-14,11.16
4,1995-02-15,11.48
4,1995-02-16,11.56
4,1995-02-17,11.54
4,1995-02-21,11.47
4,1995-02-22,11.23
4,1995-02-23,11.19
4,1995-02-24,11.05
4,1995-02-27,11.95
4,1995-02-28,11.48
4,1995-03-01,11.7
4,1995-03-02,11.76
4,1995-03-03,11.65
4,1995-03-06,11.61
4,1995-03-07,12.89
4,1995-03-08,12.43
4,1995-03-09,12.45
4,1995-03-10,11.54
4,1995-03-13,11.62
4,1995-03-14,11.75
4,1995-03-15,11.89
4,1995-03-16,11.87
4,1995-03-17,11.73
4,1995-03-20,10.88
4,1995-03-21,11.83
4,1995-03-22,11.61
4,1995-03-23,11.72
4,1995-03-24,11.86
4,1995-03-27,11.92
4,1995-03-28,11.95
4,1995-03-29,12.48
4,1995-03-30,12.62
4,1995-03-31,13.58
4,1995-04-03,12.94
4,1995-04-04,12.92
4,1995-04-05,13.34
4,1995-04-06,13.76
4,1995-04-07,12.92
4,1995-04-10,12.61
4,1995-04-11,12.13
4,1995-04-12,11.34
4,1995-04-13,10.88
4,1995-04-17,12.48
4,1995-04-18,12.97
4,1995-04-19,12.57
4,1995-04-20,12.09
4,1995-04-21,11.81
4,1995-04-24,12.76
4,1995-04-25,12.81
4,1995-04-26,12.7
4,1995-04-27,12.79
4,1995-04-28,12
4,1995-05-01,12.09
4,1995-05-02,12.06
4,1995-05-03,11.63
4,1995-05-04,12.76
4,1995-05-05,12.25
4,1995-05-08,12.08
4,1995-05-09,12.41
4,1995-05-10,12.63
4,1995-05-11,12.66
4,1995-05-12,12.19
4,1995-05-15,12.27
4,1995-05-16,12.69
4,1995-05-17,12.51
4,1995-05-18,12.69
4,1995-05-19,12.5
4,1995-05-22,12.02
4,1995-05-23,12.12
4,1995-05-24,12.49
4,1995-05-25,12.11
4,1995-05-26,12.41
4,1995-05-30,12.96
4,1995-05-31,14.56
4,1995-06-01,13.54
4,1995-06-02,13.97
4,1995-06-05,13.95
4,1995-06-06,14.04
4,1995-06-07,13.95
4,1995-06-08,13.8
4,1995-06-09,12.97
4,1995-06-12,12.7
4,1995-06-13,12.21
4,1995-06-14,12.49
4,1995-06-15,12.58
4,1995-06-16,12.24
4,1995-06-19,13.3
4,1995-06-20,13.23
4,1995-06-21,13.18
4,1995-06-22,13.28
4,1995-06-23,12.55
4,1995-06-26,13.01
4,1995-06-27,13.92
4,1995-06-28,13.19
4,1995-06-29,12.96
4,1995-06-30,12.88
4,1995-07-03,12.7
4,1995-07-05,13.41
4,1995-07-06,13.07
4,1995-07-07,13.55
4,1995-07-10,13.83
4,1995-07-11,14.02
4,1995-07-12,14.18
4,1995-07-13,14.22
4,1995-07-14,13.96
4,1995-07-17,14.13
4,1995-07-18,14.8
4,1995-07-19,14.97
4,1995-07-20,14.55
4,1995-07-21,13.92
4,1995-07-24,14.19
4,1995-07-25,14.25
4,1995-07-26,14.5
4,1995-07-27,14.58
4,1995-07-28,14.4
4,1995-07-31,14.3
4,1995-08-01,14.55
4,1995-08-02,14.67
4,1995-08-03,14.57
4,1995-08-04,14.1
4,1995-08-07,13.88
4,1995-08-08,13.1
4,1995-08-09,13.61
4,1995-08-10,13.95
4,1995-08-11,13.55
4,1995-08-14,13.09
4,1995-08-15,12.94
4,1995-08-16,13.13
4,1995-08-17,12.78
4,1995-08-18,12.66
4,1995-08-21,13.03
4,1995-08-22,13.23
4,1995-08-23,13.91
4,1995-08-24,13.47
4,1995-08-25,12.99
4,1995-08-28,13.01
4,1995-08-29,12.45
4,1995-08-30,12.36
4,1995-08-31,11.99
4,1995-09-01,11.43
4,1995-09-05,11.85
4,1995-09-06,12.03
4,1995-09-07,12.14
4,1995-09-08,11.81
4,1995-09-11,11.78
4,1995-09-12,11.74
4,1995-09-13,11.7
4,1995-09-14,12.01
4,1995-09-15,12.03
4,1995-09-18,12.52
4,1995-09-19,12.63
4,1995-09-20,12.39
4,1995-09-21,12.42
4,1995-09-22,12.71
4,1995-09-25,12.75
4,1995-09-26,12.7
4,1995-09-27,12.58
4,1995-09-28,12.53
4,1995-09-29,12.99
4,1995-10-02,14.23
4,1995-10-03,14.15
4,1995-10-04,14.94
4,1995-10-05,14.95
4,1995-10-06,13.65
4,1995-10-09,14.81
4,1995-10-10,14.16
4,1995-10-11,14.24
4,1995-10-12,13.69
4,1995-10-13,13.75
4,1995-10-16,14.33
4,1995-10-17,13.8
4,1995-10-18,13.95
4,1995-10-19,13.31
4,1995-10-20,13.36
4,1995-10-23,13.81
4,1995-10-24,13.6
4,1995-10-25,14.92
4,1995-10-26,15.72
4,1995-10-27,15.02
4,1995-10-30,14.42
4,1995-10-31,14.42
4,1995-11-01,13.7
4,1995-11-02,13.56
4,1995-11-03,12.68
4,1995-11-06,13.17
4,1995-11-07,13.3
4,1995-11-08,12.72
4,1995-11-09,12.92
4,1995-11-10,13.59
4,1995-11-13,13.86
4,1995-11-14,14
4,1995-11-15,13.93
4,1995-11-16,13.76
4,1995-11-17,13.3
4,1995-11-20,13.17
4,1995-11-21,12.11
4,1995-11-22,12.24
4,1995-11-24,12.47
4,1995-11-27,12.57
4,1995-11-28,11.69
4,1995-11-29,11.62
4,1995-11-30,12.05
4,1995-12-01,11.21
4,1995-12-04,10.85
4,1995-12-05,11.7
4,1995-12-06,12.92
4,1995-12-07,12.64
4,1995-12-08,11.77
4,1995-12-11,11.34
4,1995-12-12,11.3
4,1995-12-13,10.94
4,1995-12-14,11.75
4,1995-12-15,12.21
4,1995-12-18,15.01
4,1995-12-19,12.52
4,1995-12-20,12.94
4,1995-12-21,12.04
4,1995-12-22,12.17
4,1995-12-26,12.28
4,1995-12-27,13
4,1995-12-28,13.28
4,1995-12-29,13.89
4,1996-01-02,13.25
4,1996-01-03,12.74
4,1996-01-04,14
4,1996-01-05,13.87
4,1996-01-08,12.94
4,1996-01-09,15.64
4,1996-01-10,17.33
4,1996-01-11,15.01
4,1996-01-12,14.96
4,1996-01-15,16.2
4,1996-01-16,14.56
4,1996-01-17,15.02
4,1996-01-18,14.38
4,1996-01-19,13.6
4,1996-01-22,13.93
4,1996-01-23,13.86
4,1996-01-24,13.53
4,1996-01-25,13.58
4,1996-01-26,13.11
4,1996-01-29,12.9
4,1996-01-30,13.61
4,1996-01-31,13.29
4,1996-02-01,13.39
4,1996-02-02,13.74
4,1996-02-05,13.84
4,1996-02-06,15.26
4,1996-02-07,15.04
4,1996-02-08,16.17
4,1996-02-09,16.11
4,1996-02-12,17.06
4,1996-02-13,16.72
4,1996-02-14,17.17
4,1996-02-15,17.81
4,1996-02-16,16.95
4,1996-02-20,17.79
4,1996-02-21,15.21
4,1996-02-22,15.8
4,1996-02-23,15.7
4,1996-02-26,17.43
4,1996-02-27,17.5
4,1996-02-28,17.72
4,1996-02-29,18.35
4,1996-03-01,17.96
4,1996-03-04,17.77
4,1996-03-05,16.59
4,1996-03-06,17.9
4,1996-03-07,17.64
4,1996-03-08,24.37
4,1996-03-11,19.29
4,1996-03-12,19.84
4,1996-03-13,19.83
4,1996-03-14,18.8
4,1996-03-15,18.09
4,1996-03-18,18.68
4,1996-03-19,19.71
4,1996-03-20,19.51
4,1996-03-21,19.39
4,1996-03-22,18.68
4,1996-03-25,18.87
4,1996-03-26,18.82
4,1996-03-27,19.57
4,1996-03-28,19.12
4,1996-03-29,20.29
4,1996-04-01,18.78
4,1996-04-02,17.23
4,1996-04-03,17.42
4,1996-04-04,17.51
4,1996-04-08,18.85
4,1996-04-09,18.64
4,1996-04-10,21.71
4,1996-04-11,20.77
4,1996-04-12,19.2
4,1996-04-15,17.82
4,1996-04-16,17.55
4,1996-04-17,18.22
4,1996-04-18,17.42
4,1996-04-19,15.95
4,1996-04-22,15.88
4,1996-04-23,15.5
4,1996-04-24,15.59
4,1996-04-25,15.56
4,1996-04-26,15.39
4,1996-04-29,15.94
4,1996-04-30,16.84
4,1996-05-01,17.07
4,1996-05-02,19.01
4,1996-05-03,17.46
4,1996-05-06,17.03
4,1996-05-07,16.83
4,1996-05-08,15.84
4,1996-05-09,17.2
4,1996-05-10,15.94
4,1996-05-13,16.47
4,1996-05-14,16.12
4,1996-05-15,16.5
4,1996-05-16,16.8
4,1996-05-17,16.34
4,1996-05-20,16.51
4,1996-05-21,17.25
4,1996-05-22,16.81
4,1996-05-23,17.25
4,1996-05-24,16.7
4,1996-05-28,17.84
4,1996-05-29,18.13
4,1996-05-30,16.83
4,1996-05-31,17.34
4,1996-06-03,17.75
4,1996-06-04,17.31
4,1996-06-05,17.14
4,1996-06-06,18.23
4,1996-06-07,17.51
4,1996-06-10,17.87
4,1996-06-11,17.8
4,1996-06-12,18.56
4,1996-06-13,18.21
4,1996-06-14,18.48
4,1996-06-17,18.45
4,1996-06-18,19.14
4,1996-06-19,18.72
4,1996-06-20,18.38
4,1996-06-21,17.57
4,1996-06-24,17.3
4,1996-06-25,16.83
4,1996-06-26,16.97
4,1996-06-27,16.09
4,1996-06-28,15.2
4,1996-07-01,15.08
4,1996-07-02,15.71
4,1996-07-03,15.76
4,1996-07-05,18.1
4,1996-07-08,18.39
4,1996-07-09,17.3
4,1996-07-10,16.46
4,1996-07-11,18.81
4,1996-07-12,18.26
4,1996-07-15,22.65
4,1996-07-16,22.05
4,1996-07-17,20.97
4,1996-07-18,18.33
4,1996-07-19,18.48
4,1996-07-22,21.53
4,1996-07-23,24.43
4,1996-07-24,22.83
4,1996-07-25,20.1
4,1996-07-26,18.62
4,1996-07-29,20.8
4,1996-07-30,20.67
4,1996-07-31,20.19
4,1996-08-01,19.38
4,1996-08-02,17.09
4,1996-08-05,17.47
4,1996-08-06,17.08
4,1996-08-07,16.73
4,1996-08-08,16.84
4,1996-08-09,16.26
4,1996-08-12,16.34
4,1996-08-13,16.82
4,1996-08-14,16.53
4,1996-08-15,16.29
4,1996-08-16,16.13
4,1996-08-19,16.15
4,1996-08-20,15.8
4,1996-08-21,15.26
4,1996-08-22,14.77
4,1996-08-23,15.2
4,1996-08-26,15.93
4,1996-08-27,15.84
4,1996-08-28,15.99
4,1996-08-29,16.98
4,1996-08-30,17.64
4,1996-09-03,18.75
4,1996-09-04,18.88
4,1996-09-05,21.14
4,1996-09-06,17.93
4,1996-09-09,16.79
4,1996-09-10,16.66
4,1996-09-11,16.64
4,1996-09-12,16.67
4,1996-09-13,16.06
4,1996-09-16,16.38
4,1996-09-17,16.49
4,1996-09-18,16.87
4,1996-09-19,16.85
4,1996-09-20,16.2
4,1996-09-23,17.22
4,1996-09-24,16.67
4,1996-09-25,17.01
4,1996-09-26,17.23
4,1996-09-27,17.26
4,1996-09-30,17.87
4,1996-10-01,17.7
4,1996-10-02,17.48
4,1996-10-03,18.08
4,1996-10-04,16.36
4,1996-10-07,16.16
4,1996-10-08,16.37
4,1996-10-09,16.75
4,1996-10-10,16.86
4,1996-10-11,15.51
4,1996-10-14,16.04
4,1996-10-15,17.01
4,1996-10-16,16.42
4,1996-10-17,16.51
4,1996-10-18,16.38
4,1996-10-21,17.09
4,1996-10-22,17.23
4,1996-10-23,17.25
4,1996-10-24,18.35
4,1996-10-25,18.66
4,1996-10-28,19.25
4,1996-10-29,19.46
4,1996-10-30,19.38
4,1996-10-31,19.93
4,1996-11-01,19.43
4,1996-11-04,18.57
4,1996-11-05,18.23
4,1996-11-06,17.22
4,1996-11-07,17.86
4,1996-11-08,16.05
4,1996-11-11,16.66
4,1996-11-12,16.75
4,1996-11-13,15.92
4,1996-11-14,15.16
4,1996-11-15,15.97
4,1996-11-18,16.04
4,1996-11-19,16.16
4,1996-11-20,17.27
4,1996-11-21,16.84
4,1996-11-22,16.15
4,1996-11-25,17.77
4,1996-11-26,18.33
4,1996-11-27,18.2
4,1996-11-29,18.69
4,1996-12-02,18.78
4,1996-12-03,19.77
4,1996-12-04,18.85
4,1996-12-05,19.9
4,1996-12-06,20.44
4,1996-12-09,18.27
4,1996-12-10,18.85
4,1996-12-11,20.59
4,1996-12-12,21.79
4,1996-12-13,22.26
4,1996-12-17,22.08
4,1996-12-18,20.68
4,1996-12-19,19.66
4,1996-12-20,19.69
4,1996-12-23,19.93
4,1996-12-24,18.95
4,1996-12-26,19.6
4,1996-12-27,20.35
4,1996-12-30,20.25
4,1996-12-31,21.67
4,1997-01-02,21.89
4,1997-01-03,19.99
4,1997-01-06,20.49
4,1997-01-07,19.99
4,1997-01-08,21.18
4,1997-01-09,21.65
4,1997-01-10,21.76
4,1997-01-13,21.56
4,1997-01-14,21.43
4,1997-01-15,21.87
4,1997-01-16,21.96
4,1997-01-17,20.87
4,1997-01-20,20.25
4,1997-01-21,19.51
4,1997-01-22,18.55
4,1997-01-23,20.77
4,1997-01-24,20.66
4,1997-01-27,21.77
4,1997-01-28,22.47
4,1997-01-29,21.77
4,1997-01-30,21.48
4,1997-01-31,20.82
4,1997-02-03,20.54
4,1997-02-04,20.64
4,1997-02-05,22.13
4,1997-02-06,21.73
4,1997-02-07,20.69
4,1997-02-10,21.88
4,1997-02-11,20.73
4,1997-02-12,21.06
4,1997-02-13,20.93
4,1997-02-14,20.51
4,1997-02-18,21.21
4,1997-02-19,22.46
4,1997-02-20,23.59
4,1997-02-21,22.19
4,1997-02-24,21.3
4,1997-02-25,20.47
4,1997-02-26,22.28
4,1997-02-27,23.51
4,1997-02-28,23.46
4,1997-03-03,22.05
4,1997-03-04,22.81
4,1997-03-05,21.44
4,1997-03-06,22.88
4,1997-03-07,21.58
4,1997-03-10,20.53
4,1997-03-11,20.72
4,1997-03-12,21.63
4,1997-03-13,23
4,1997-03-14,21.83
4,1997-03-17,23.04
4,1997-03-18,24.28
4,1997-03-19,23.75
4,1997-03-20,23.76
4,1997-03-21,21.88
4,1997-03-24,21.84
4,1997-03-25,21.02
4,1997-03-26,20.27
4,1997-03-27,22.77
4,1997-03-31,24.99
4,1997-04-01,22.81
4,1997-04-02,23.58
4,1997-04-03,23.37
4,1997-04-04,21.53
4,1997-04-07,19.83
4,1997-04-08,19.67
4,1997-04-09,20.59
4,1997-04-10,21.03
4,1997-04-11,22.21
4,1997-04-14,21.7
4,1997-04-15,20.84
4,1997-04-16,20.49
4,1997-04-17,20.78
4,1997-04-18,20.48
4,1997-04-21,21.17
4,1997-04-22,21.17
4,1997-04-23,22.21
4,1997-04-24,22.38
4,1997-04-25,22.73
4,1997-04-28,22.1
4,1997-04-29,21.31
4,1997-04-30,21.19
4,1997-05-01,21.52
4,1997-05-02,19.01
4,1997-05-05,22.27
4,1997-05-06,22.24
4,1997-05-07,22.6
4,1997-05-08,22.57
4,1997-05-09,21.9
4,1997-05-12,21.96
4,1997-05-13,22.35
4,1997-05-14,23.47
4,1997-05-15,21.16
4,1997-05-16,24.21
4,1997-05-19,23.64
4,1997-05-20,21.7
4,1997-05-21,21.34
4,1997-05-22,21
4,1997-05-23,20.44
4,1997-05-27,21.72
4,1997-05-28,21.63
4,1997-05-29,21.63
4,1997-05-30,22.12
4,1997-06-02,21.92
4,1997-06-03,22.47
4,1997-06-04,22.72
4,1997-06-05,22.97
4,1997-06-06,22.13
4,1997-06-09,21.89
4,1997-06-10,21.44
4,1997-06-11,21.45
4,1997-06-12,22.06
4,1997-06-13,22.61
4,1997-06-16,22.88
4,1997-06-17,22.99
4,1997-06-18,22.82
4,1997-06-19,22.89
4,1997-06-20,22.44
4,1997-06-23,24.11
4,1997-06-24,22.68
4,1997-06-25,24.25
4,1997-06-26,23.97
4,1997-06-27,23.58
4,1997-06-30,23.34
4,1997-07-01,23.38
4,1997-07-02,21.42
4,1997-07-03,20.47
4,1997-07-07,21.81
4,1997-07-08,21.14
4,1997-07-09,23.6
4,1997-07-10,22.41
4,1997-07-11,22.03
4,1997-07-14,23.12
4,1997-07-15,22.59
4,1997-07-16,22.63
4,1997-07-17,24.14
4,1997-07-18,26.12
4,1997-07-21,26.28
4,1997-07-22,24.26
4,1997-07-23,24.04
4,1997-07-24,23.48
4,1997-07-25,23.49
4,1997-07-28,23.85
4,1997-07-29,24.04
4,1997-07-30,23.4
4,1997-07-31,23.75
4,1997-08-01,24.2
4,1997-08-04,22.43
4,1997-08-05,21.83
4,1997-08-06,20.89
4,1997-08-07,20.91
4,1997-08-08,24.3
4,1997-08-11,25.08
4,1997-08-12,25.3
4,1997-08-13,26.05
4,1997-08-14,25.99
4,1997-08-15,28.14
4,1997-08-18,26.14
4,1997-08-19,24.39
4,1997-08-20,23.22
4,1997-08-21,26.82
4,1997-08-22,26.71
4,1997-08-25,26.39
4,1997-08-26,27.25
4,1997-08-27,26.9
4,1997-08-28,27.35
4,1997-08-29,27.94
4,1997-09-02,26.75
4,1997-09-03,27.02
4,1997-09-04,28.28
4,1997-09-05,26.62
4,1997-09-08,26.27
4,1997-09-09,25.44
4,1997-09-10,27.5
4,1997-09-11,27.55
4,1997-09-12,27.09
4,1997-09-15,27.26
4,1997-09-16,25.62
4,1997-09-17,25.87
4,1997-09-18,25.57
4,1997-09-19,24.43
4,1997-09-22,23.37
4,1997-09-23,23.17
4,1997-09-24,23.89
4,1997-09-25,24.68
4,1997-09-26,23.82
4,1997-09-29,22.95
4,1997-09-30,24.3
4,1997-10-01,23.69
4,1997-10-02,24.17
4,1997-10-03,23.04
4,1997-10-06,22.31
4,1997-10-07,21.25
4,1997-10-08,22.16
4,1997-10-09,22.23
4,1997-10-10,22.5
4,1997-10-13,22.51
4,1997-10-14,22.1
4,1997-10-15,23.03
4,1997-10-16,23.62
4,1997-10-17,23.94
4,1997-10-20,22.24
4,1997-10-21,21.79
4,1997-10-22,21.9
4,1997-10-23,25.34
4,1997-10-24,26.19
4,1997-10-27,39.96
4,1997-10-28,30.46
4,1997-10-29,32.31
4,1997-10-30,37.96
4,1997-10-31,34.46
4,1997-11-03,30.26
4,1997-11-04,31.19
4,1997-11-05,30.68
4,1997-11-06,31.49
4,1997-11-07,35.29
4,1997-11-10,36.76
4,1997-11-11,35.24
4,1997-11-12,37.78
4,1997-11-13,36.98
4,1997-11-14,33.04
4,1997-11-17,30.11
4,1997-11-18,31.78
4,1997-11-19,30.2
4,1997-11-20,27.98
4,1997-11-21,26.75
4,1997-11-24,29.63
4,1997-11-25,28.7
4,1997-11-26,27.99
4,1997-11-28,27.51
4,1997-12-01,24.88
4,1997-12-02,25.14
4,1997-12-03,22.87
4,1997-12-04,24.04
4,1997-12-05,22.59
4,1997-12-08,22.15
4,1997-12-09,22.63
4,1997-12-10,24.53
4,1997-12-11,27.99
4,1997-12-12,29.14
4,1997-12-15,27.44
4,1997-12-16,26.26
4,1997-12-17,27.01
4,1997-12-18,28.04
4,1997-12-19,29.1
4,1997-12-22,28.72
4,1997-12-23,30.47
4,1997-12-24,31.11
4,1997-12-26,31.24
4,1997-12-29,27.24
4,1997-12-30,24.93
4,1997-12-31,24.89
4,1998-01-02,24.14
4,1998-01-05,24.29
4,1998-01-06,25.63
4,1998-01-07,26.24
4,1998-01-08,26.21
4,1998-01-09,34.46
4,1998-01-12,29.64
4,1998-01-13,25.93
4,1998-01-14,24.21
4,1998-01-15,24.56
4,1998-01-16,22.23
4,1998-01-20,21.69
4,1998-01-21,22.09
4,1998-01-22,23.1
4,1998-01-23,23.52
4,1998-01-26,23.24
4,1998-01-27,22.22
4,1998-01-28,21.9
4,1998-01-29,21.55
4,1998-01-30,21.7
4,1998-02-02,21.4
4,1998-02-03,21.06
4,1998-02-04,21.03
4,1998-02-05,22.04
4,1998-02-06,21.13
4,1998-02-09,21.36
4,1998-02-10,20.91
4,1998-02-11,20.64
4,1998-02-12,20.04
4,1998-02-13,19.92
4,1998-02-17,21.2
4,1998-02-18,20.1
4,1998-02-19,20.39
4,1998-02-20,19.55
4,1998-02-23,19.12
4,1998-02-24,19.98
4,1998-02-25,18.86
4,1998-02-26,19.18
4,1998-02-27,19.43
4,1998-03-02,19.55
4,1998-03-03,19.47
4,1998-03-04,19.84
4,1998-03-05,22.13
4,1998-03-06,19.75
4,1998-03-09,20.26
4,1998-03-10,19.6
4,1998-03-11,19.02
4,1998-03-12,18.15
4,1998-03-13,19.13
4,1998-03-16,18.97
4,1998-03-17,19.08
4,1998-03-18,18.57
4,1998-03-19,18.28
4,1998-03-20,19.37
4,1998-03-23,20.49
4,1998-03-24,21
4,1998-03-25,23.08
4,1998-03-26,23.02
4,1998-03-27,24.4
4,1998-03-30,24.54
4,1998-03-31,24.25
4,1998-04-01,23.22
4,1998-04-02,22.43
4,1998-04-03,22.26
4,1998-04-06,22.41
4,1998-04-07,23.71
4,1998-04-08,23.66
4,1998-04-09,21.96
4,1998-04-13,23.38
4,1998-04-14,22.63
4,1998-04-15,21.42
4,1998-04-16,23.46
4,1998-04-17,21.44
4,1998-04-20,20.86
4,1998-04-21,20.03
4,1998-04-22,19.8
4,1998-04-23,21.54
4,1998-04-24,23.07
4,1998-04-27,26.45
4,1998-04-28,24.74
4,1998-04-29,23.24
4,1998-04-30,21.59
4,1998-05-01,19.97
4,1998-05-04,20.16
4,1998-05-05,21.44
4,1998-05-06,23.02
4,1998-05-07,23.84
4,1998-05-08,21.2
4,1998-05-11,22.55
4,1998-05-12,21.16
4,1998-05-13,21.1
4,1998-05-14,20.66
4,1998-05-15,21.35
4,1998-05-18,21.44
4,1998-05-19,20.3
4,1998-05-20,20.57
4,1998-05-21,19.92
4,1998-05-22,20.19
4,1998-05-26,22.69
4,1998-05-27,23.04
4,1998-05-28,21.48
4,1998-05-29,22.89
4,1998-06-01,23.52
4,1998-06-02,22.61
4,1998-06-03,23.83
4,1998-06-04,22.4
4,1998-06-05,20.31
4,1998-06-08,21.25
4,1998-06-09,20.77
4,1998-06-10,22.02
4,1998-06-11,22.02
4,1998-06-12,23.49
4,1998-06-15,26.93
4,1998-06-16,25.16
4,1998-06-17,23.23
4,1998-06-18,22.86
4,1998-06-19,22.19
4,1998-06-22,21.67
4,1998-06-23,19.79
4,1998-06-24,20.24
4,1998-06-25,20.67
4,1998-06-26,19.79
4,1998-06-29,19.31
4,1998-06-30,19.86
4,1998-07-01,18.05
4,1998-07-02,18.08
4,1998-07-06,18.3
4,1998-07-07,18.57
4,1998-07-08,17.88
4,1998-07-09,18.57
4,1998-07-10,17.79
4,1998-07-13,18.99
4,1998-07-14,18.25
4,1998-07-15,18.69
4,1998-07-16,17.21
4,1998-07-17,16.88
4,1998-07-20,17.62
4,1998-07-21,20.22
4,1998-07-22,20.43
4,1998-07-23,24.84
4,1998-07-24,23.13
4,1998-07-27,22.94
4,1998-07-28,24.66
4,1998-07-29,25.6
4,1998-07-30,22.57
4,1998-07-31,26.27
4,1998-08-03,26.25
4,1998-08-04,33.1
4,1998-08-05,30.26
4,1998-08-06,28.32
4,1998-08-07,27.09
4,1998-08-10,28.36
4,1998-08-11,30.88
4,1998-08-12,27.71
4,1998-08-13,29.66
4,1998-08-14,32.68
4,1998-08-17,31.08
4,1998-08-18,28.79
4,1998-08-19,27.71
4,1998-08-20,29.19
4,1998-08-21,31.91
4,1998-08-24,30.27
4,1998-08-25,28.9
4,1998-08-26,30.66
4,1998-08-27,39.16
4,1998-08-28,40.95
4,1998-08-31,48.33
4,1998-09-01,39.85
4,1998-09-02,40.42
4,1998-09-03,43.93
4,1998-09-04,44.61
4,1998-09-08,37.05
4,1998-09-09,39.08
4,1998-09-10,47.52
4,1998-09-11,44.09
4,1998-09-14,38.36
4,1998-09-15,37.07
4,1998-09-16,36.18
4,1998-09-17,42.33
4,1998-09-18,40.49
4,1998-09-21,39.64
4,1998-09-22,37.47
4,1998-09-23,31.53
4,1998-09-24,35.74
4,1998-09-25,35.6
4,1998-09-28,35.19
4,1998-09-29,36.1
4,1998-09-30,41.94
4,1998-10-01,46.45
4,1998-10-02,42.36
4,1998-10-05,44.44
4,1998-10-06,43.91
4,1998-10-07,48.27
4,1998-10-08,48.56
4,1998-10-09,45.69
4,1998-10-12,43.41
4,1998-10-13,43.11
4,1998-10-14,41.31
4,1998-10-15,35.95
4,1998-10-16,35.84
4,1998-10-19,31.46
4,1998-10-20,32.8
4,1998-10-21,31.71
4,1998-10-22,30.76
4,1998-10-23,30.67
4,1998-10-26,30.32
4,1998-10-27,31.49
4,1998-10-28,31.08
4,1998-10-29,27.84
4,1998-10-30,26.56
4,1998-11-02,25.02
4,1998-11-03,26.37
4,1998-11-04,25.88
4,1998-11-05,24.8
4,1998-11-06,24.62
4,1998-11-09,25.88
4,1998-11-10,25.92
4,1998-11-11,27.54
4,1998-11-12,28.37
4,1998-11-13,28.19
4,1998-11-16,28.45
4,1998-11-17,27.94
4,1998-11-18,25.11
4,1998-11-19,24
4,1998-11-20,21.22
4,1998-11-23,20.74
4,1998-11-24,22.43
4,1998-11-25,21.7
4,1998-11-27,21.58
4,1998-11-30,25
4,1998-12-01,23.96
4,1998-12-02,25.22
4,1998-12-03,29.74
4,1998-12-04,24.95
4,1998-12-07,23.83
4,1998-12-08,24.82
4,1998-12-09,25.43
4,1998-12-10,27.76
4,1998-12-11,28.46
4,1998-12-14,32.47
4,1998-12-15,29.7
4,1998-12-16,30.53
4,1998-12-17,28.07
4,1998-12-18,24.66
4,1998-12-21,23.22
4,1998-12-22,22.35
4,1998-12-23,19.34
4,1998-12-24,22.04
4,1998-12-28,22.81
4,1998-12-29,21.93
4,1998-12-30,23.79
4,1998-12-31,25.41
4,1999-01-04,25.7
4,1999-01-05,23.53
4,1999-01-06,23.6
4,1999-01-07,24.15
4,1999-01-08,23.88
4,1999-01-11,26.38
4,1999-01-12,29.68
4,1999-01-13,31.26
4,1999-01-14,34.74
4,1999-01-15,29.75
4,1999-01-19,29.8
4,1999-01-20,29.43
4,1999-01-21,31.95
4,1999-01-22,32.85
4,1999-01-25,31.67
4,1999-01-26,28.85
4,1999-01-27,31.36
4,1999-01-28,28.61
4,1999-01-29,26.53
4,1999-02-01,27.66
4,1999-02-02,29.02
4,1999-02-03,27.95
4,1999-02-04,31.15
4,1999-02-05,30.47
4,1999-02-08,30.43
4,1999-02-09,32.51
4,1999-02-10,31.44
4,1999-02-11,28.17
4,1999-02-12,31.35
4,1999-02-16,32.42
4,1999-02-17,32.51
4,1999-02-18,32.76
4,1999-02-19,30.23
4,1999-02-22,26.8
4,1999-02-23,26.93
4,1999-02-24,28.81
4,1999-02-25,28.7
4,1999-02-26,29.52
4,1999-03-01,28.84
4,1999-03-02,30.58
4,1999-03-03,29.98
4,1999-03-04,28.18
4,1999-03-05,25.12
4,1999-03-08,24.98
4,1999-03-09,25.26
4,1999-03-10,25.4
4,1999-03-11,25.52
4,1999-03-12,25.81
4,1999-03-15,26.12
4,1999-03-16,26.19
4,1999-03-17,27.28
4,1999-03-18,25.95
4,1999-03-19,25.84
4,1999-03-22,26.65
4,1999-03-23,29.11
4,1999-03-24,28.31
4,1999-03-25,25.44
4,1999-03-26,25.83
4,1999-03-29,24.36
4,1999-03-30,23.74
4,1999-03-31,24.45
4,1999-04-01,23.34
4,1999-04-05,22.81
4,1999-04-06,22.95
4,1999-04-07,23.53
4,1999-04-08,23.33
4,1999-04-09,22.91
4,1999-04-12,23.66
4,1999-04-13,24.42
4,1999-04-14,27.43
4,1999-04-15,24.77
4,1999-04-16,25.48
4,1999-04-19,28.56
4,1999-04-20,26.93
4,1999-04-21,24.55
4,1999-04-22,23.98
4,1999-04-23,23.96
4,1999-04-26,23.91
4,1999-04-27,24.19
4,1999-04-28,25.84
4,1999-04-29,25.95
4,1999-04-30,26.07
4,1999-05-03,24.75
4,1999-05-04,27.19
4,1999-05-05,25.98
4,1999-05-06,29.27
4,1999-05-07,26.72
4,1999-05-10,27.42
4,1999-05-11,26.37
4,1999-05-12,27.82
4,1999-05-13,26.46
4,1999-05-14,29.66
4,1999-05-17,28.24
4,1999-05-18,28.21
4,1999-05-19,26.24
4,1999-05-20,26.26
4,1999-05-21,25.36
4,1999-05-24,28.65
4,1999-05-25,29.58
4,1999-05-26,28.28
4,1999-05-27,28.69
4,1999-05-28,26.38
4,1999-06-01,27.92
4,1999-06-02,26.23
4,1999-06-03,27.52
4,1999-06-04,23.45
4,1999-06-07,23.47
4,1999-06-08,24.16
4,1999-06-09,24.2
4,1999-06-10,25.39
4,1999-06-11,27.01
4,1999-06-14,27.39
4,1999-06-15,28.23
4,1999-06-16,23.21
4,1999-06-17,22.54
4,1999-06-18,22.34
4,1999-06-21,21.29
4,1999-06-22,21.96
4,1999-06-23,21.57
4,1999-06-24,23.67
4,1999-06-25,22.61
4,1999-06-28,22.56
4,1999-06-29,22.99
4,1999-06-30,21.01
4,1999-07-01,19.8
4,1999-07-02,18.85
4,1999-07-06,20.27
4,1999-07-07,20.21
4,1999-07-08,19.87
4,1999-07-09,19.09
4,1999-07-12,19.84
4,1999-07-13,20.23
4,1999-07-14,20.38
4,1999-07-15,19.69
4,1999-07-16,18.13
4,1999-07-19,19.47
4,1999-07-20,22.41
4,1999-07-21,21.61
4,1999-07-22,23.66
4,1999-07-23,23.76
4,1999-07-26,25.91
4,1999-07-27,23.93
4,1999-07-28,23.2
4,1999-07-29,25.08
4,1999-07-30,25.83
4,1999-08-02,26.12
4,1999-08-03,26.68
4,1999-08-04,28.42
4,1999-08-05,27.88
4,1999-08-06,27.36
4,1999-08-09,27.99
4,1999-08-10,28.3
4,1999-08-11,26.03
4,1999-08-12,26.07
4,1999-08-13,22.38
4,1999-08-16,22.95
4,1999-08-17,22.53
4,1999-08-18,24.04
4,1999-08-19,25.46
4,1999-08-20,24.06
4,1999-08-23,23.02
4,1999-08-24,22.29
4,1999-08-25,20.67
4,1999-08-26,22.33
4,1999-08-27,23.21
4,1999-08-30,24.97
4,1999-08-31,25.24
4,1999-09-01,23.74
4,1999-09-02,25.44
4,1999-09-03,21.39
4,1999-09-07,23.33
4,1999-09-08,24.18
4,1999-09-09,23.4
4,1999-09-10,22.35
4,1999-09-13,23.84
4,1999-09-14,25.05
4,1999-09-15,26.38
4,1999-09-16,26.99
4,1999-09-17,24.22
4,1999-09-20,24.33
4,1999-09-21,26.94
4,1999-09-22,26.75
4,1999-09-23,30.28
4,1999-09-24,29.54
4,1999-09-27,27.27
4,1999-09-28,26.97
4,1999-09-29,27.9
4,1999-09-30,26.89
4,1999-10-01,26.43
4,1999-10-04,25.7
4,1999-10-05,26.07
4,1999-10-06,23.53
4,1999-10-07,24.88
4,1999-10-08,21.2
4,1999-10-11,22.05
4,1999-10-12,24.6
4,1999-10-13,28.88
4,1999-10-14,27.34
4,1999-10-15,31.48
4,1999-10-18,29.44
4,1999-10-19,28.46
4,1999-10-20,25.21
4,1999-10-21,24.77
4,1999-10-22,22.89
4,1999-10-25,24.42
4,1999-10-26,25.06
4,1999-10-27,25.35
4,1999-10-28,22.45
4,1999-10-29,22.56
4,1999-11-01,22.23
4,1999-11-02,23.94
4,1999-11-03,23.7
4,1999-11-04,24
4,1999-11-05,22.06
4,1999-11-08,21.52
4,1999-11-09,23.07
4,1999-11-10,23.5
4,1999-11-11,22.54
4,1999-11-12,21.68
4,1999-11-15,22.85
4,1999-11-16,21.42
4,1999-11-17,21.07
4,1999-11-18,20.1
4,1999-11-19,19.63
4,1999-11-22,20.28
4,1999-11-23,21.17
4,1999-11-24,20.47
4,1999-11-26,22.95
4,1999-11-29,23.69
4,1999-11-30,24.95
4,1999-12-01,22.92
4,1999-12-02,23.28
4,1999-12-03,20.82
4,1999-12-06,21.06
4,1999-12-07,21.38
4,1999-12-08,22.62
4,1999-12-09,22.38
4,1999-12-10,20.92
4,1999-12-13,23.6
4,1999-12-14,24.47
4,1999-12-15,23.36
4,1999-12-16,23.17
4,1999-12-17,23.01
4,1999-12-20,24.66
4,1999-12-21,23.44
4,1999-12-22,23.12
4,1999-12-23,22.37
4,1999-12-27,23.6
4,1999-12-28,23.69
4,1999-12-29,24.37
4,1999-12-30,25.94
4,1999-12-31,26.71
4,2000-01-03,24.69
4,2000-01-04,29.64
4,2000-01-05,28.15
4,2000-01-06,28.13
4,2000-01-07,23.2
4,2000-01-10,22.51
4,2000-01-11,23.93
4,2000-01-12,24.63
4,2000-01-13,23.35
4,2000-01-14,21.05
4,2000-01-18,23.31
4,2000-01-19,23.27
4,2000-01-20,24.16
4,2000-01-21,22.66
4,2000-01-24,26.32
4,2000-01-25,24.34
4,2000-01-26,25.08
4,2000-01-27,25.06
4,2000-01-28,29.09
4,2000-01-31,26.2
4,2000-02-01,24.82
4,2000-02-02,24.38
4,2000-02-03,23.72
4,2000-02-04,22.93
4,2000-02-07,23.7
4,2000-02-08,22.1
4,2000-02-09,24.65
4,2000-02-10,24.38
4,2000-02-11,26.92
4,2000-02-14,25.79
4,2000-02-15,24.61
4,2000-02-16,25.1
4,2000-02-17,25.07
4,2000-02-18,28.45
4,2000-02-22,27.55
4,2000-02-23,26.26
4,2000-02-24,27.32
4,2000-02-25,28.88
4,2000-02-28,26.9
4,2000-02-29,25.59
4,2000-03-01,23.68
4,2000-03-02,23.9
4,2000-03-03,21.29
4,2000-03-06,23.15
4,2000-03-07,26.63
4,2000-03-08,25.95
4,2000-03-09,23.94
4,2000-03-10,23.8
4,2000-03-13,25.36
4,2000-03-14,26.43
4,2000-03-15,25.06
4,2000-03-16,23.2
4,2000-03-17,23.67
4,2000-03-20,24.17
4,2000-03-21,23.34
4,2000-03-22,22.99
4,2000-03-23,24.22
4,2000-03-24,25.81
4,2000-03-27,26.75
4,2000-03-28,26.58
4,2000-03-29,25.96
4,2000-03-30,27.55
4,2000-03-31,27.21
4,2000-04-03,25.66
4,2000-04-04,27.9
4,2000-04-05,30.59
4,2000-04-06,29.77
4,2000-04-07,26.94
4,2000-04-10,28.01
4,2000-04-11,28.95
4,2000-04-12,31.88
4,2000-04-13,33.95
4,2000-04-14,39.33
4,2000-04-17,32.19
4,2000-04-18,29.37
4,2000-04-19,30.24
4,2000-04-20,28.31
4,2000-04-24,30.18
4,2000-04-25,27.06
4,2000-04-26,29.46
4,2000-04-27,28.18
4,2000-04-28,28.86
4,2000-05-01,27.32
4,2000-05-02,30.87
4,2000-05-03,34.51
4,2000-05-04,35.43
4,2000-05-05,30.39
4,2000-05-08,31.12
4,2000-05-09,31.71
4,2000-05-10,33.3
4,2000-05-11,31.25
4,2000-05-12,29.95
4,2000-05-15,27.45
4,2000-05-16,26.71
4,2000-05-17,27.2
4,2000-05-18,26.87
4,2000-05-19,28.77
4,2000-05-22,28.83
4,2000-05-23,29.3
4,2000-05-24,27.87
4,2000-05-25,28
4,2000-05-26,27.49
4,2000-05-30,26.53
4,2000-05-31,26.57
4,2000-06-01,24.74
4,2000-06-02,24.11
4,2000-06-05,24.9
4,2000-06-06,25.14
4,2000-06-07,25.19
4,2000-06-08,25.71
4,2000-06-09,25.19
4,2000-06-12,25.37
4,2000-06-13,24.37
4,2000-06-14,24.51
4,2000-06-15,23.18
4,2000-06-16,23.55
4,2000-06-19,22.8
4,2000-06-20,23.65
4,2000-06-21,23.57
4,2000-06-22,25.66
4,2000-06-23,25.89
4,2000-06-26,24.72
4,2000-06-27,24.88
4,2000-06-28,23.58
4,2000-06-29,22.02
4,2000-06-30,22.26
4,2000-07-03,22.33
4,2000-07-05,23.63
4,2000-07-06,24.2
4,2000-07-07,21.82
4,2000-07-10,22.88
4,2000-07-11,22.39
4,2000-07-12,23.08
4,2000-07-13,22.75
4,2000-07-14,22.61
4,2000-07-17,22.06
4,2000-07-18,22.55
4,2000-07-19,22.52
4,2000-07-20,22.06
4,2000-07-21,21.39
4,2000-07-24,22.44
4,2000-07-25,21.67
4,2000-07-26,22.75
4,2000-07-27,22.33
4,2000-07-28,24.3
4,2000-07-31,23.44
4,2000-08-01,22.87
4,2000-08-02,22.76
4,2000-08-03,22.79
4,2000-08-04,21.54
4,2000-08-07,21.55
4,2000-08-08,20.83
4,2000-08-09,21.33
4,2000-08-10,21.57
4,2000-08-11,21.19
4,2000-08-14,20.35
4,2000-08-15,20.97
4,2000-08-16,20.67
4,2000-08-17,20.04
4,2000-08-18,19.42
4,2000-08-21,19.56
4,2000-08-22,19.62
4,2000-08-23,19.86
4,2000-08-24,19.1
4,2000-08-25,19.1
4,2000-08-28,18.23
4,2000-08-29,18.92
4,2000-08-30,19.59
4,2000-08-31,19.28
4,2000-09-01,19.45
4,2000-09-05,21.37
4,2000-09-06,22.65
4,2000-09-07,21.07
4,2000-09-08,20.69
4,2000-09-11,20.96
4,2000-09-12,21.18
4,2000-09-13,21.48
4,2000-09-14,20.69
4,2000-09-15,21.93
4,2000-09-18,23.01
4,2000-09-19,22.11
4,2000-09-20,22.77
4,2000-09-21,23.56
4,2000-09-22,24.17
4,2000-09-25,24.4
4,2000-09-26,25.08
4,2000-09-27,24.36
4,2000-09-28,21.95
4,2000-09-29,23.85
4,2000-10-02,23.43
4,2000-10-03,24.39
4,2000-10-04,23.75
4,2000-10-05,23.63
4,2000-10-06,25.67
4,2000-10-09,26.33
4,2000-10-10,27.44
4,2000-10-11,30.95
4,2000-10-12,35.01
4,2000-10-13,30.98
4,2000-10-16,29.5
4,2000-10-17,32.71
4,2000-10-18,32.5
4,2000-10-19,28.17
4,2000-10-20,27.42
4,2000-10-23,26.98
4,2000-10-24,26.22
4,2000-10-25,29.89
4,2000-10-26,31.05
4,2000-10-27,30.91
4,2000-10-30,27.79
4,2000-10-31,25.99
4,2000-11-01,26.56
4,2000-11-02,26.61
4,2000-11-03,26.31
4,2000-11-06,27.03
4,2000-11-07,26.81
4,2000-11-08,28.28
4,2000-11-09,29.64
4,2000-11-10,32.5
4,2000-11-13,31.89
4,2000-11-14,30.24
4,2000-11-15,28.77
4,2000-11-16,28.38
4,2000-11-17,27.85
4,2000-11-20,30.33
4,2000-11-21,28.93
4,2000-11-22,31.21
4,2000-11-24,29.58
4,2000-11-27,29.02
4,2000-11-28,30.39
4,2000-11-29,30.2
4,2000-11-30,32.92
4,2000-12-01,31.59
4,2000-12-04,30.31
4,2000-12-05,26.94
4,2000-12-06,27.94
4,2000-12-07,28.98
4,2000-12-08,26.13
4,2000-12-11,26.51
4,2000-12-12,28.28
4,2000-12-13,26.87
4,2000-12-14,28.27
4,2000-12-15,31.2
4,2000-12-18,31.45
4,2000-12-19,30.73
4,2000-12-20,35.7
4,2000-12-21,34.42
4,2000-12-22,31.52
4,2000-12-26,32.54
4,2000-12-27,32.31
4,2000-12-28,30.17
4,2000-12-29,30.23
4,2001-01-02,34.2
4,2001-01-03,28.67
4,2001-01-04,29.96
4,2001-01-05,32.03
4,2001-01-08,33.35
4,2001-01-09,30.79
4,2001-01-10,30.15
4,2001-01-11,28.69
4,2001-01-12,27.62
4,2001-01-16,28.18
4,2001-01-17,28.51
4,2001-01-18,27.09
4,2001-01-19,26.29
4,2001-01-22,25.94
4,2001-01-23,23.86
4,2001-01-24,24.56
4,2001-01-25,24.98
4,2001-01-26,25.14
4,2001-01-29,24.93
4,2001-01-30,25.2
4,2001-01-31,24.29
4,2001-02-01,23.99
4,2001-02-02,24.75
4,2001-02-05,24.39
4,2001-02-06,23.82
4,2001-02-07,24.52
4,2001-02-08,24.09
4,2001-02-09,25.15
4,2001-02-12,24.55
4,2001-02-13,24.62
4,2001-02-14,24.22
4,2001-02-15,23.46
4,2001-02-16,25.08
4,2001-02-20,27.5
4,2001-02-21,29.41
4,2001-02-22,29.77
4,2001-02-23,30.34
4,2001-02-26,27.34
4,2001-02-27,29.03
4,2001-02-28,31
4,2001-03-01,31.03
4,2001-03-02,30.86
4,2001-03-05,29.22
4,2001-03-06,27.44
4,2001-03-07,26.45
4,2001-03-08,26.46
4,2001-03-09,29.35
4,2001-03-12,35.11
4,2001-03-13,30.73
4,2001-03-14,34.6
4,2001-03-15,32.63
4,2001-03-16,35.29
4,2001-03-19,33.35
4,2001-03-20,35.04
4,2001-03-21,36.39
4,2001-03-22,39.7
4,2001-03-23,34.91
4,2001-03-26,33.19
4,2001-03-27,30.69
4,2001-03-28,33.22
4,2001-03-29,33.83
4,2001-03-30,33.82
4,2001-04-02,34.75
4,2001-04-03,39.33
4,2001-04-04,39.07
4,2001-04-05,34.98
4,2001-04-06,36.76
4,2001-04-09,36.74
4,2001-04-10,33.3
4,2001-04-11,32.73
4,2001-04-12,30.28
4,2001-04-16,30.04
4,2001-04-17,30.24
4,2001-04-18,28.45
4,2001-04-19,28.46
4,2001-04-20,29.01
4,2001-04-23,31.5
4,2001-04-24,32.46
4,2001-04-25,31.27
4,2001-04-26,29.57
4,2001-04-27,27.77
4,2001-04-30,28.19
4,2001-05-01,27.59
4,2001-05-02,27.77
4,2001-05-03,29.5
4,2001-05-04,27.72
4,2001-05-07,28.11
4,2001-05-08,27.54
4,2001-05-09,27.82
4,2001-05-10,27.24
4,2001-05-11,27.48
4,2001-05-14,27.17
4,2001-05-15,27.34
4,2001-05-16,25.13
4,2001-05-17,25.52
4,2001-05-18,24.26
4,2001-05-21,23.24
4,2001-05-22,23.49
4,2001-05-23,24.65
4,2001-05-24,22.94
4,2001-05-25,23.15
4,2001-05-29,24.68
4,2001-05-30,25.79
4,2001-05-31,25.96
4,2001-06-01,23.96
4,2001-06-04,22.83
4,2001-06-05,21.22
4,2001-06-06,22.38
4,2001-06-07,21.61
4,2001-06-08,21.41
4,2001-06-11,22.74
4,2001-06-12,22.98
4,2001-06-13,24.39
4,2001-06-14,26.2
4,2001-06-15,26.33
4,2001-06-18,25.83
4,2001-06-19,24.92
4,2001-06-20,23.86
4,2001-06-21,21.91
4,2001-06-22,22.5
4,2001-06-25,23.25
4,2001-06-26,23.35
4,2001-06-27,23.57
4,2001-06-28,22.44
4,2001-06-29,21.63
4,2001-07-02,20.29
4,2001-07-03,20.95
4,2001-07-05,22.72
4,2001-07-06,24.97
4,2001-07-09,24.55
4,2001-07-10,26.53
4,2001-07-11,26.98
4,2001-07-12,24.52
4,2001-07-13,23.87
4,2001-07-16,25.31
4,2001-07-17,25.36
4,2001-07-18,26.31
4,2001-07-19,26.47
4,2001-07-20,24.97
4,2001-07-23,26.13
4,2001-07-24,27.63
4,2001-07-25,26.7
4,2001-07-26,25.15
4,2001-07-27,24.73
4,2001-07-30,24.03
4,2001-07-31,23.87
4,2001-08-01,22.98
4,2001-08-02,23.28
4,2001-08-03,22.39
4,2001-08-06,23.74
4,2001-08-07,22.65
4,2001-08-08,24.36
4,2001-08-09,23.64
4,2001-08-10,22.81
4,2001-08-13,23.24
4,2001-08-14,23.01
4,2001-08-15,23.77
4,2001-08-16,23.83
4,2001-08-17,26.74
4,2001-08-20,25.14
4,2001-08-21,25.99
4,2001-08-22,25.09
4,2001-08-23,24.92
4,2001-08-24,22.29
4,2001-08-27,22.44
4,2001-08-28,24.02
4,2001-08-29,25.73
4,2001-08-30,28.08
4,2001-08-31,27.85
4,2001-09-04,28.66
4,2001-09-05,28.96
4,2001-09-06,32.48
4,2001-09-07,34.36
4,2001-09-10,33.87
4,2001-09-17,44.94
4,2001-09-18,42.5
4,2001-09-19,43.24
4,2001-09-20,49.04
4,2001-09-21,48.27
4,2001-09-24,41.33
4,2001-09-25,38.87
4,2001-09-26,39.15
4,2001-09-27,37.41
4,2001-09-28,35.19
4,2001-10-01,34.78
4,2001-10-02,34.05
4,2001-10-03,33.1
4,2001-10-04,34.4
4,2001-10-05,34.66
4,2001-10-08,35.91
4,2001-10-09,35.99
4,2001-10-10,33.46
4,2001-10-11,32.59
4,2001-10-12,36.45
4,2001-10-15,37.36
4,2001-10-16,35.22
4,2001-10-17,37.23
4,2001-10-18,37.36
4,2001-10-19,35.84
4,2001-10-22,33.11
4,2001-10-23,33.19
4,2001-10-24,32.87
4,2001-10-25,31.36
4,2001-10-26,30.53
4,2001-10-29,32.39
4,2001-10-30,35.15
4,2001-10-31,35.28
4,2001-11-01,34.18
4,2001-11-02,32.4
4,2001-11-05,31.94
4,2001-11-06,29.85
4,2001-11-07,30.47
4,2001-11-08,29.88
4,2001-11-09,28.76
4,2001-11-12,31.26
4,2001-11-13,28.58
4,2001-11-14,28.6
4,2001-11-15,27.78
4,2001-11-16,27.17
4,2001-11-19,25.64
4,2001-11-20,26.13
4,2001-11-21,25.32
4,2001-11-23,24.78
4,2001-11-26,25.24
4,2001-11-27,25.21
4,2001-11-28,27.75
4,2001-11-29,26.26
4,2001-11-30,26.14
4,2001-12-03,26
4,2001-12-04,25.33
4,2001-12-05,24.79
4,2001-12-06,25.1
4,2001-12-07,24.89
4,2001-12-10,26
4,2001-12-11,25.69
4,2001-12-12,25.52
4,2001-12-13,26.7
4,2001-12-14,25.97
4,2001-12-17,25.43
4,2001-12-18,24.16
4,2001-12-19,23.57
4,2001-12-20,24.38
4,2001-12-21,23.29
4,2001-12-24,23.21
4,2001-12-26,22.93
4,2001-12-27,22.28
4,2001-12-28,22.33
4,2001-12-31,23.22
4,2002-01-02,23.92
4,2002-01-03,22.83
4,2002-01-04,22.02
4,2002-01-07,22.17
4,2002-01-08,22.5
4,2002-01-09,23.35
4,2002-01-10,23.13
4,2002-01-11,23.98
4,2002-01-14,25.06
4,2002-01-15,24.42
4,2002-01-16,25.26
4,2002-01-17,23.74
4,2002-01-18,24.34
4,2002-01-22,25.1
4,2002-01-23,23.66
4,2002-01-24,22.77
4,2002-01-25,21.93
4,2002-01-28,21.77
4,2002-01-29,26.26
4,2002-01-30,24.87
4,2002-01-31,22.84
4,2002-02-01,22.87
4,2002-02-04,26.85
4,2002-02-05,26.77
4,2002-02-06,28.2
4,2002-02-07,27.68
4,2002-02-08,25.47
4,2002-02-11,23.54
4,2002-02-12,23.51
4,2002-02-13,22.42
4,2002-02-14,22.89
4,2002-02-15,24.09
4,2002-02-19,26.37
4,2002-02-20,24.26
4,2002-02-21,25.82
4,2002-02-22,24.89
4,2002-02-25,23.28
4,2002-02-26,23.57
4,2002-02-27,23.09
4,2002-02-28,23.13
4,2002-03-01,22.13
4,2002-03-04,22.08
4,2002-03-05,21.81
4,2002-03-06,22.03
4,2002-03-07,21.95
4,2002-03-08,21.61
4,2002-03-11,22.37
4,2002-03-12,21.31
4,2002-03-13,21.97
4,2002-03-14,22.02
4,2002-03-15,20.77
4,2002-03-18,20.75
4,2002-03-19,20.35
4,2002-03-20,20.73
4,2002-03-21,19.98
4,2002-03-22,19.62
4,2002-03-25,20.48
4,2002-03-26,19.75
4,2002-03-27,19.25
4,2002-03-28,19.32
4,2002-04-01,20.05
4,2002-04-02,20.68
4,2002-04-03,21.64
4,2002-04-04,21.77
4,2002-04-05,21.11
4,2002-04-08,20.74
4,2002-04-09,21.05
4,2002-04-10,20.22
4,2002-04-11,22.33
4,2002-04-12,22.09
4,2002-04-15,22.38
4,2002-04-16,20.3
4,2002-04-17,20.18
4,2002-04-18,21.24
4,2002-04-19,20.3
4,2002-04-22,21.72
4,2002-04-23,22.13
4,2002-04-24,22.68
4,2002-04-25,23.05
4,2002-04-26,24.64
4,2002-04-29,26.11
4,2002-04-30,23.51
4,2002-05-01,22.31
4,2002-05-02,22.38
4,2002-05-03,23.23
4,2002-05-06,24.88
4,2002-05-07,24.57
4,2002-05-08,23.29
4,2002-05-09,24.36
4,2002-05-10,25.03
4,2002-05-13,23.51
4,2002-05-14,21.75
4,2002-05-15,22.13
4,2002-05-16,21.45
4,2002-05-17,20.28
4,2002-05-20,21.56
4,2002-05-21,22.56
4,2002-05-22,21.59
4,2002-05-23,20.35
4,2002-05-24,21.16
4,2002-05-28,22.43
4,2002-05-29,23.1
4,2002-05-30,23.14
4,2002-05-31,22.8
4,2002-06-03,25.7
4,2002-06-04,26.94
4,2002-06-05,24.71
4,2002-06-06,27.46
4,2002-06-07,26.65
4,2002-06-10,26.15
4,2002-06-11,27.46
4,2002-06-12,27.01
4,2002-06-13,28.73
4,2002-06-14,29.93
4,2002-06-17,27.6
4,2002-06-18,27.33
4,2002-06-19,29.71
4,2002-06-20,32.5
4,2002-06-21,31.28
4,2002-06-24,29.87
4,2002-06-25,31.47
4,2002-06-26,32.33
4,2002-06-27,30.02
4,2002-06-28,29.13
4,2002-07-01,30.56
4,2002-07-02,33.69
4,2002-07-03,33.31
4,2002-07-05,30.21
4,2002-07-08,31.53
4,2002-07-09,33.92
4,2002-07-10,39.02
4,2002-07-11,38.64
4,2002-07-12,38.33
4,2002-07-15,39.3
4,2002-07-16,42.05
4,2002-07-17,39.8
4,2002-07-18,39.95
4,2002-07-19,43.45
4,2002-07-22,48.23
4,2002-07-23,50.48
4,2002-07-24,45.29
4,2002-07-25,44.65
4,2002-07-26,40.44
4,2002-07-29,33.73
4,2002-07-30,35.15
4,2002-07-31,35.21
4,2002-08-01,41.49
4,2002-08-02,45.39
4,2002-08-05,49.31
4,2002-08-06,45.73
4,2002-08-07,43.07
4,2002-08-08,39.8
4,2002-08-09,39.36
4,2002-08-12,40.46
4,2002-08-13,39.8
4,2002-08-14,36.36
4,2002-08-15,33.07
4,2002-08-16,32.82
4,2002-08-19,31.57
4,2002-08-20,32.56
4,2002-08-21,31.63
4,2002-08-22,30.96
4,2002-08-23,32.81
4,2002-08-26,32.29
4,2002-08-27,32.73
4,2002-08-28,36.23
4,2002-08-29,36.32
4,2002-08-30,35.8
4,2002-09-03,43.86
4,2002-09-04,39.94
4,2002-09-05,42.23
4,2002-09-06,40.04
4,2002-09-09,38.4
4,2002-09-10,36.96
4,2002-09-11,37.23
4,2002-09-12,40.72
4,2002-09-13,39.31
4,2002-09-16,40.54
4,2002-09-17,41.96
4,2002-09-18,40.89
4,2002-09-19,46.16
4,2002-09-20,44.55
4,2002-09-23,44.71
4,2002-09-24,45.38
4,2002-09-25,42.41
4,2002-09-26,40.12
4,2002-09-27,43.14
4,2002-09-30,44.57
4,2002-10-01,40.13
4,2002-10-02,43.36
4,2002-10-03,44.96
4,2002-10-04,46.28
4,2002-10-07,49.18
4,2002-10-08,46.46
4,2002-10-09,49.48
4,2002-10-10,46.29
4,2002-10-11,43.44
4,2002-10-14,42.61
4,2002-10-15,39.74
4,2002-10-16,41.97
4,2002-10-17,40.16
4,2002-10-18,39.82
4,2002-10-21,38.91
4,2002-10-22,39.34
4,2002-10-23,39.38
4,2002-10-24,39.9
4,2002-10-25,36.27
4,2002-10-28,35.67
4,2002-10-29,36.8
4,2002-10-30,36.08
4,2002-10-31,35.91
4,2002-11-01,33.98
4,2002-11-04,34.47
4,2002-11-05,34.28
4,2002-11-06,34.48
4,2002-11-07,35.28
4,2002-11-08,33.56
4,2002-11-11,36.11
4,2002-11-12,35.39
4,2002-11-13,36.28
4,2002-11-14,32.6
4,2002-11-15,30.83
4,2002-11-18,31.11
4,2002-11-19,31.36
4,2002-11-20,28.66
4,2002-11-21,27.37
4,2002-11-22,26.73
4,2002-11-25,26.95
4,2002-11-26,28.74
4,2002-11-27,30.84
4,2002-11-29,31.08
4,2002-12-02,30.05
4,2002-12-03,31.76
4,2002-12-04,32.14
4,2002-12-05,34.28
4,2002-12-06,32.68
4,2002-12-09,34.47
4,2002-12-10,31.67
4,2002-12-11,31.4
4,2002-12-12,30.81
4,2002-12-13,32.12
4,2002-12-16,29.98
4,2002-12-17,30.16
4,2002-12-18,31.75
4,2002-12-19,34.55
4,2002-12-20,31.47
4,2002-12-23,29.33
4,2002-12-24,30.01
4,2002-12-26,31.08
4,2002-12-27,34.15
4,2002-12-30,32.56
4,2002-12-31,32.03
4,2003-01-02,28.52
4,2003-01-03,27.98
4,2003-01-06,27.41
4,2003-01-07,27.48
4,2003-01-08,28.42
4,2003-01-09,26.88
4,2003-01-10,27.13
4,2003-01-13,27.52
4,2003-01-14,26.55
4,2003-01-15,27.86
4,2003-01-16,27.67
4,2003-01-17,28.68
4,2003-01-21,30.53
4,2003-01-22,32.01
4,2003-01-23,30.97
4,2003-01-24,35.77
4,2003-01-27,39.77
4,2003-01-28,35.52
4,2003-01-29,35.22
4,2003-01-30,36.37
4,2003-01-31,35.78
4,2003-02-03,33.98
4,2003-02-04,36.7
4,2003-02-05,36.84
4,2003-02-06,38.42
4,2003-02-07,38.8
4,2003-02-10,37.7
4,2003-02-11,37.35
4,2003-02-12,39.1
4,2003-02-13,38.45
4,2003-02-14,37.1
4,2003-02-18,35.56
4,2003-02-19,35.22
4,2003-02-20,35.67
4,2003-02-21,34.14
4,2003-02-24,36.77
4,2003-02-25,36.12
4,2003-02-26,37.02
4,2003-02-27,35.18
4,2003-02-28,34.15
4,2003-03-03,34.09
4,2003-03-04,36.58
4,2003-03-05,34.23
4,2003-03-06,36.34
4,2003-03-07,35.65
4,2003-03-10,37.85
4,2003-03-11,38.08
4,2003-03-12,38.99
4,2003-03-13,35.93
4,2003-03-14,36.33
4,2003-03-17,36.46
4,2003-03-18,35.78
4,2003-03-19,36.18
4,2003-03-20,35.26
4,2003-03-21,33.62
4,2003-03-24,35.2
4,2003-03-25,32.66
4,2003-03-26,32.16
4,2003-03-27,32.15
4,2003-03-28,32.18
4,2003-03-31,33.37
4,2003-04-01,32.1
4,2003-04-02,31.29
4,2003-04-03,32.34
4,2003-04-04,32.8
4,2003-04-07,31.73
4,2003-04-08,29.59
4,2003-04-09,30.91
4,2003-04-10,28.96
4,2003-04-11,28.27
4,2003-04-14,26.47
4,2003-04-15,26.04
4,2003-04-16,26.09
4,2003-04-17,24.59
4,2003-04-21,24.27
4,2003-04-22,23.51
4,2003-04-23,23.49
4,2003-04-24,23.29
4,2003-04-25,23.9
4,2003-04-28,23.05
4,2003-04-29,23.53
4,2003-04-30,23.77
4,2003-05-01,24.5
4,2003-05-02,23.61
4,2003-05-05,23.24
4,2003-05-06,23.26
4,2003-05-07,23.71
4,2003-05-08,23.69
4,2003-05-09,22.04
4,2003-05-12,21.42
4,2003-05-13,22.03
4,2003-05-14,22.76
4,2003-05-15,21.67
4,2003-05-16,21.01
4,2003-05-19,23.04
4,2003-05-20,23.37
4,2003-05-21,23.21
4,2003-05-22,21.62
4,2003-05-23,21.38
4,2003-05-27,21.77
4,2003-05-28,22
4,2003-05-29,22.49
4,2003-05-30,21.7
4,2003-06-02,22.23
4,2003-06-03,22.45
4,2003-06-04,22.48
4,2003-06-05,23.12
4,2003-06-06,23.43
4,2003-06-09,23.71
4,2003-06-10,22.13
4,2003-06-11,22.12
4,2003-06-12,22.33
4,2003-06-13,22.88
4,2003-06-16,22.24
4,2003-06-17,21.77
4,2003-06-18,21.6
4,2003-06-19,22.01
4,2003-06-20,21.09
4,2003-06-23,22.66
4,2003-06-24,22.76
4,2003-06-25,23.19
4,2003-06-26,21.8
4,2003-06-27,21.71
4,2003-06-30,21.62
4,2003-07-01,21.29
4,2003-07-02,21.14
4,2003-07-03,21.61
4,2003-07-07,22.05
4,2003-07-08,21.4
4,2003-07-09,21.03
4,2003-07-10,21.53
4,2003-07-11,20.72
4,2003-07-14,21.41
4,2003-07-15,21.84
4,2003-07-16,22.29
4,2003-07-17,22.82
4,2003-07-18,21.36
4,2003-07-21,22.12
4,2003-07-22,20.98
4,2003-07-23,20.44
4,2003-07-24,20.46
4,2003-07-25,19.94
4,2003-07-28,19.93
4,2003-07-29,20.23
4,2003-07-30,20.72
4,2003-07-31,21.24
4,2003-08-01,22.78
4,2003-08-04,22.65
4,2003-08-05,24.11
4,2003-08-06,23.3
4,2003-08-07,21.89
4,2003-08-08,21.29
4,2003-08-11,21.42
4,2003-08-12,20.21
4,2003-08-13,20.62
4,2003-08-14,20.51
4,2003-08-15,20.2
4,2003-08-18,19.28
4,2003-08-19,19.23
4,2003-08-20,19.71
4,2003-08-21,19.53
4,2003-08-22,20.27
4,2003-08-25,20.32
4,2003-08-26,20.33
4,2003-08-27,20.34
4,2003-08-28,19.93
4,2003-08-29,19.49
4,2003-09-02,19.95
4,2003-09-03,20.43
4,2003-09-04,19.89
4,2003-09-05,19.37
4,2003-09-08,18.79
4,2003-09-09,19.68
4,2003-09-10,21.26
4,2003-09-11,20.5
4,2003-09-12,20.25
4,2003-09-15,20.25
4,2003-09-16,19.31
4,2003-09-17,19.62
4,2003-09-18,19.3
4,2003-09-19,19.07
4,2003-09-22,20.53
4,2003-09-23,19.92
4,2003-09-24,22.98
4,2003-09-25,23.42
4,2003-09-26,23.8
4,2003-09-29,22.24
4,2003-09-30,23.77
4,2003-10-01,22.01
4,2003-10-02,22.05
4,2003-10-03,20.49
4,2003-10-06,19.81
4,2003-10-07,19.81
4,2003-10-08,20.15
4,2003-10-09,19.58
4,2003-10-10,19.24
4,2003-10-13,19.33
4,2003-10-14,19.39
4,2003-10-15,19.26
4,2003-10-16,19.12
4,2003-10-17,19.19
4,2003-10-20,18.16
4,2003-10-21,17.82
4,2003-10-22,19.06
4,2003-10-23,19.1
4,2003-10-24,18.93
4,2003-10-27,19.1
4,2003-10-28,17.84
4,2003-10-29,17.15
4,2003-10-30,17.5
4,2003-10-31,17.15
4,2003-11-03,17.09
4,2003-11-04,17.42
4,2003-11-05,17.56
4,2003-11-06,17.58
4,2003-11-07,17.56
4,2003-11-10,17.95
4,2003-11-11,18
4,2003-11-12,16.99
4,2003-11-13,16.84
4,2003-11-14,17.63
4,2003-11-17,18.82
4,2003-11-18,19.9
4,2003-11-19,19.45
4,2003-11-20,20.2
4,2003-11-21,19.89
4,2003-11-24,17.15
4,2003-11-25,16.29
4,2003-11-26,15.91
4,2003-11-28,16.71
4,2003-12-01,15.97
4,2003-12-02,16.42
4,2003-12-03,16.3
4,2003-12-04,16.56
4,2003-12-05,17.34
4,2003-12-08,16.31
4,2003-12-09,17.08
4,2003-12-10,17.33
4,2003-12-11,15.86
4,2003-12-12,15.95
4,2003-12-15,16.91
4,2003-12-16,15.7
4,2003-12-17,15.35
4,2003-12-18,16.25
4,2003-12-19,16.05
4,2003-12-22,16.2
4,2003-12-23,15.57
4,2003-12-24,16.12
4,2003-12-26,16.47
4,2003-12-29,16.04
4,2003-12-30,16.97
4,2003-12-31,17.51
4,2004-01-02,17.94
4,2004-01-05,16.71
4,2004-01-06,15.34
4,2004-01-07,14.85
4,2004-01-08,14.46
4,2004-01-09,15.94
4,2004-01-12,16.25
4,2004-01-13,16.87
4,2004-01-14,16.7
4,2004-01-15,16.23
4,2004-01-16,15.27
4,2004-01-20,14.91
4,2004-01-21,14.43
4,2004-01-22,15.01
4,2004-01-23,14.87
4,2004-01-26,14.32
4,2004-01-27,15.32
4,2004-01-28,17.1
4,2004-01-29,17.11
4,2004-01-30,17.05
4,2004-02-02,16.87
4,2004-02-03,17.06
4,2004-02-04,17.58
4,2004-02-05,17.75
4,2004-02-06,15.98
4,2004-02-09,15.77
4,2004-02-10,15.55
4,2004-02-11,14.88
4,2004-02-12,14.9
4,2004-02-13,15.63
4,2004-02-17,15.56
4,2004-02-18,15.74
4,2004-02-19,16.9
4,2004-02-20,16.25
4,2004-02-23,15.93
4,2004-02-24,15.82
4,2004-02-25,14.99
4,2004-02-26,14.65
4,2004-02-27,14.76
4,2004-03-01,14.18
4,2004-03-02,14.6
4,2004-03-03,14.61
4,2004-03-04,14.71
4,2004-03-05,14.8
4,2004-03-08,15.33
4,2004-03-09,16.37
4,2004-03-10,18.8
4,2004-03-11,21.71
4,2004-03-12,18.72
4,2004-03-15,21.38
4,2004-03-16,20.71
4,2004-03-17,18.14
4,2004-03-18,18.62
4,2004-03-19,19.16
4,2004-03-22,21.43
4,2004-03-23,20.45
4,2004-03-24,20.49
4,2004-03-25,17.76
4,2004-03-26,17.21
4,2004-03-29,15.96
4,2004-03-30,15.99
4,2004-03-31,16.73
4,2004-04-01,17.15
4,2004-04-02,15.56
4,2004-04-05,13.88
4,2004-04-06,14.49
4,2004-04-07,15.42
4,2004-04-08,15.83
4,2004-04-12,15.44
4,2004-04-13,17.5
4,2004-04-14,16.66
4,2004-04-15,16.24
4,2004-04-16,15.67
4,2004-04-19,15.23
4,2004-04-20,16.51
4,2004-04-21,15.66
4,2004-04-22,14.59
4,2004-04-23,14.22
4,2004-04-26,14.94
4,2004-04-27,14.98
4,2004-04-28,16.72
4,2004-04-29,17.3
4,2004-04-30,17.56
4,2004-05-03,16.63
4,2004-05-04,16.36
4,2004-05-05,16.23
4,2004-05-06,17.65
4,2004-05-07,19.07
4,2004-05-10,19.74
4,2004-05-11,18.49
4,2004-05-12,18.49
4,2004-05-13,19.39
4,2004-05-14,18.93
4,2004-05-17,21.03
4,2004-05-18,19.82
4,2004-05-19,19.37
4,2004-05-20,19.36
4,2004-05-21,19.16
4,2004-05-24,18.31
4,2004-05-25,15.91
4,2004-05-26,16.23
4,2004-05-27,15.53
4,2004-05-28,15.82
4,2004-06-01,16.67
4,2004-06-02,16.24
4,2004-06-03,17.29
4,2004-06-04,16.51
4,2004-06-07,14.7
4,2004-06-08,13.75
4,2004-06-09,14.76
4,2004-06-10,13.83
4,2004-06-14,16.15
4,2004-06-15,15
4,2004-06-16,14.66
4,2004-06-17,15.04
4,2004-06-18,14.75
4,2004-06-21,14.63
4,2004-06-22,14.1
4,2004-06-23,13.63
4,2004-06-24,14.39
4,2004-06-25,14.89
4,2004-06-28,15.6
4,2004-06-29,15.37
4,2004-06-30,13.99
4,2004-07-01,15.08
4,2004-07-02,15.09
4,2004-07-06,16.17
4,2004-07-07,15.75
4,2004-07-08,16.05
4,2004-07-09,15.49
4,2004-07-12,16.07
4,2004-07-13,15.68
4,2004-07-14,15.02
4,2004-07-15,15.73
4,2004-07-16,15.35
4,2004-07-19,14.95
4,2004-07-20,14.58
4,2004-07-21,16.14
4,2004-07-22,15.82
4,2004-07-23,16.63
4,2004-07-26,17
4,2004-07-27,15.7
4,2004-07-28,15.88
4,2004-07-29,15.46
4,2004-07-30,15.4
4,2004-08-02,14.62
4,2004-08-03,15.21
4,2004-08-04,15.78
4,2004-08-05,18.12
4,2004-08-06,20.24
4,2004-08-09,18.46
4,2004-08-10,16.9
4,2004-08-11,17.53
4,2004-08-12,19.16
4,2004-08-13,18.77
4,2004-08-16,17.56
4,2004-08-17,17.19
4,2004-08-18,16.48
4,2004-08-19,17.27
4,2004-08-20,16.3
4,2004-08-23,15.86
4,2004-08-24,15.21
4,2004-08-25,14.63
4,2004-08-26,14.87
4,2004-08-27,14.79
4,2004-08-30,15.11
4,2004-08-31,14.98
4,2004-09-01,14.98
4,2004-09-02,14.37
4,2004-09-03,13.91
4,2004-09-07,13.58
4,2004-09-08,13.7
4,2004-09-09,13.75
4,2004-09-10,13.49
4,2004-09-13,13.4
4,2004-09-14,13.55
4,2004-09-15,14.77
4,2004-09-16,14.44
4,2004-09-17,13.55
4,2004-09-20,13.78
4,2004-09-21,12.86
4,2004-09-22,14.57
4,2004-09-23,14.87
4,2004-09-24,14.14
4,2004-09-27,14.3
4,2004-09-28,13.23
4,2004-09-29,12.81
4,2004-09-30,13.44
4,2004-10-01,12.55
4,2004-10-04,13.11
4,2004-10-05,13.27
4,2004-10-06,13
4,2004-10-07,14.56
4,2004-10-08,14.95
4,2004-10-11,14.99
4,2004-10-12,15.17
4,2004-10-13,16.25
4,2004-10-14,17.13
4,2004-10-15,15.89
4,2004-10-18,14.69
4,2004-10-19,15.63
4,2004-10-20,15.1
4,2004-10-21,14.99
4,2004-10-22,16.09
4,2004-10-25,16.87
4,2004-10-26,16.48
4,2004-10-27,16.13
4,2004-10-28,15.46
4,2004-10-29,16.57
4,2004-11-01,16.31
4,2004-11-02,16.85
4,2004-11-03,14.18
4,2004-11-04,14.21
4,2004-11-05,14.36
4,2004-11-08,13.92
4,2004-11-09,13.64
4,2004-11-10,13.63
4,2004-11-11,13.32
4,2004-11-12,14.05
4,2004-11-15,14.21
4,2004-11-16,14
4,2004-11-17,13.64
4,2004-11-18,13.95
4,2004-11-19,14.6
4,2004-11-22,13.58
4,2004-11-23,13.08
4,2004-11-24,12.97
4,2004-11-26,13.55
4,2004-11-29,13.46
4,2004-11-30,13.54
4,2004-12-01,13.46
4,2004-12-02,13.91
4,2004-12-03,13.61
4,2004-12-06,13.57
4,2004-12-07,14.18
4,2004-12-08,13.72
4,2004-12-09,13.23
4,2004-12-10,13.2
4,2004-12-13,13.55
4,2004-12-14,13.45
4,2004-12-15,13.16
4,2004-12-16,13.01
4,2004-12-17,12.71
4,2004-12-20,13.61
4,2004-12-21,11.52
4,2004-12-22,11.81
4,2004-12-23,11.23
4,2004-12-27,12.16
4,2004-12-28,12.31
4,2004-12-29,12.47
4,2004-12-30,12.86
4,2004-12-31,13.58
4,2005-01-03,14.2
4,2005-01-04,14.13
4,2005-01-05,13.97
4,2005-01-06,14.17
4,2005-01-07,13.85
4,2005-01-10,13.17
4,2005-01-11,13.03
4,2005-01-12,12.79
4,2005-01-13,13.07
4,2005-01-14,12.85
4,2005-01-18,12.67
4,2005-01-19,13.74
4,2005-01-20,14.34
4,2005-01-21,14.55
4,2005-01-24,14.53
4,2005-01-25,13.63
4,2005-01-26,13.07
4,2005-01-27,12.78
4,2005-01-28,13.33
4,2005-01-31,12.37
4,2005-02-01,11.62
4,2005-02-02,11.38
4,2005-02-03,11.78
4,2005-02-04,10.92
4,2005-02-07,11.21
4,2005-02-08,11.22
4,2005-02-09,12.12
4,2005-02-10,11.54
4,2005-02-11,11.33
4,2005-02-14,11.59
4,2005-02-15,11.4
4,2005-02-16,11.31
4,2005-02-17,11.68
4,2005-02-18,11.05
4,2005-02-22,12.83
4,2005-02-23,12.28
4,2005-02-24,11.3
4,2005-02-25,11.27
4,2005-02-28,11.86
4,2005-03-01,11.78
4,2005-03-02,12.59
4,2005-03-03,12.56
4,2005-03-04,12.05
4,2005-03-07,11.64
4,2005-03-08,11.95
4,2005-03-09,12.59
4,2005-03-10,12.53
4,2005-03-11,12.96
4,2005-03-14,12.62
4,2005-03-15,12.85
4,2005-03-16,13.85
4,2005-03-17,13.51
4,2005-03-18,12.9
4,2005-03-21,12.97
4,2005-03-22,13.75
4,2005-03-23,13.39
4,2005-03-24,12.88
4,2005-03-28,13.15
4,2005-03-29,13.93
4,2005-03-30,13.3
4,2005-03-31,13.62
4,2005-04-01,13.97
4,2005-04-04,13.49
4,2005-04-05,13.29
4,2005-04-06,12.62
4,2005-04-07,12.23
4,2005-04-08,12.1
4,2005-04-11,12.59
4,2005-04-12,11.64
4,2005-04-13,12.99
4,2005-04-14,14.28
4,2005-04-15,16.65
4,2005-04-18,16.12
4,2005-04-19,14.43
4,2005-04-20,16.83
4,2005-04-21,13.63
4,2005-04-22,14.65
4,2005-04-25,13.79
4,2005-04-26,14.26
4,2005-04-27,13.9
4,2005-04-28,16.56
4,2005-04-29,15.18
4,2005-05-02,14.44
4,2005-05-03,14.62
4,2005-05-04,13.13
4,2005-05-05,13.34
4,2005-05-06,13.3
4,2005-05-09,12.61
4,2005-05-10,14.17
4,2005-05-11,13.78
4,2005-05-12,15.74
4,2005-05-13,16.71
4,2005-05-16,14.76
4,2005-05-17,13.83
4,2005-05-18,12.91
4,2005-05-19,12.34
4,2005-05-20,12.16
4,2005-05-23,11.44
4,2005-05-24,11.22
4,2005-05-25,11.49
4,2005-05-26,11.01
4,2005-05-27,11.26
4,2005-05-31,12.5
4,2005-06-01,11.38
4,2005-06-02,11.35
4,2005-06-03,11.56
4,2005-06-06,11.48
4,2005-06-07,11.7
4,2005-06-08,12.41
4,2005-06-09,11.89
4,2005-06-10,11.62
4,2005-06-13,11.5
4,2005-06-14,11.12
4,2005-06-15,10.74
4,2005-06-16,10.84
4,2005-06-17,10.97
4,2005-06-20,10.53
4,2005-06-21,10.16
4,2005-06-22,10.35
4,2005-06-23,11.56
4,2005-06-24,11.77
4,2005-06-27,11.5
4,2005-06-28,10.71
4,2005-06-29,10.83
4,2005-06-30,11.35
4,2005-07-01,10.63
4,2005-07-05,10.93
4,2005-07-06,11.71
4,2005-07-07,11.92
4,2005-07-08,10.82
4,2005-07-11,10.67
4,2005-07-12,10.82
4,2005-07-13,10.8
4,2005-07-14,10.75
4,2005-07-15,10.04
4,2005-07-18,10.07
4,2005-07-19,9.73
4,2005-07-20,9.47
4,2005-07-21,10.57
4,2005-07-22,10.16
4,2005-07-25,10.43
4,2005-07-26,9.96
4,2005-07-27,9.49
4,2005-07-28,9.74
4,2005-07-29,11.07
4,2005-08-01,11.31
4,2005-08-02,10.74
4,2005-08-03,10.92
4,2005-08-04,11.59
4,2005-08-05,11.7
4,2005-08-08,11.89
4,2005-08-09,11.35
4,2005-08-10,11.86
4,2005-08-11,11.47
4,2005-08-12,12.07
4,2005-08-15,11.9
4,2005-08-16,12.96
4,2005-08-17,12.39
4,2005-08-18,12.79
4,2005-08-19,12.5
4,2005-08-22,12
4,2005-08-23,12.08
4,2005-08-24,12.95
4,2005-08-25,12.61
4,2005-08-26,12.55
4,2005-08-29,11.95
4,2005-08-30,12.3
4,2005-08-31,11.78
4,2005-09-01,12.61
4,2005-09-02,12.95
4,2005-09-06,12.02
4,2005-09-07,11.3
4,2005-09-08,11.71
4,2005-09-09,10.98
4,2005-09-12,11.24
4,2005-09-13,11.96
4,2005-09-14,12.13
4,2005-09-15,11.99
4,2005-09-16,10.84
4,2005-09-19,11.13
4,2005-09-20,12.01
4,2005-09-21,13.17
4,2005-09-22,12.78
4,2005-09-23,12.63
4,2005-09-26,12.1
4,2005-09-27,12.19
4,2005-09-28,12.09
4,2005-09-29,11.62
4,2005-09-30,11.69
4,2005-10-03,11.63
4,2005-10-04,12.56
4,2005-10-05,14.69
4,2005-10-06,15.28
4,2005-10-07,15.04
4,2005-10-10,15.65
4,2005-10-11,15.46
4,2005-10-12,15.48
4,2005-10-13,16.06
4,2005-10-14,14.6
4,2005-10-17,14.17
4,2005-10-18,14.96
4,2005-10-19,13.8
4,2005-10-20,15.98
4,2005-10-21,15.87
4,2005-10-24,13.74
4,2005-10-25,13.71
4,2005-10-26,14.19
4,2005-10-27,15.91
4,2005-10-28,13.8
4,2005-10-31,13.65
4,2005-11-01,14.07
4,2005-11-02,12.82
4,2005-11-03,12.37
4,2005-11-04,12.51
4,2005-11-07,12.02
4,2005-11-08,12.45
4,2005-11-09,12.14
4,2005-11-10,11.36
4,2005-11-11,11.15
4,2005-11-14,11.6
4,2005-11-15,12.08
4,2005-11-16,11.82
4,2005-11-17,11
4,2005-11-18,10.55
4,2005-11-21,9.97
4,2005-11-22,10.03
4,2005-11-23,10.56
4,2005-11-25,10.7
4,2005-11-28,11.42
4,2005-11-29,11.33
4,2005-11-30,11.78
4,2005-12-01,11.12
4,2005-12-02,10.67
4,2005-12-05,10.94
4,2005-12-06,11.22
4,2005-12-07,11.84
4,2005-12-08,12.02
4,2005-12-09,11.49
4,2005-12-12,11.03
4,2005-12-13,10.56
4,2005-12-14,10.95
4,2005-12-15,10.34
4,2005-12-16,10.24
4,2005-12-19,10.66
4,2005-12-20,10.62
4,2005-12-21,10.38
4,2005-12-22,9.95
4,2005-12-23,9.87
4,2005-12-27,11.3
4,2005-12-28,11.12
4,2005-12-29,11.31
4,2005-12-30,11.77
4,2006-01-03,10.84
4,2006-01-04,11.37
4,2006-01-05,11.63
4,2006-01-06,10.99
4,2006-01-09,10.74
4,2006-01-10,10.73
4,2006-01-11,10.66
4,2006-01-12,11.2
4,2006-01-13,11.07
4,2006-01-17,12.06
4,2006-01-18,12.32
4,2006-01-19,11.72
4,2006-01-20,14.09
4,2006-01-23,13.06
4,2006-01-24,12.61
4,2006-01-25,12.31
4,2006-01-26,11.7
4,2006-01-27,11.4
4,2006-01-30,11.54
4,2006-01-31,12.19
4,2006-02-01,11.99
4,2006-02-02,13.07
4,2006-02-03,12.89
4,2006-02-06,12.33
4,2006-02-07,13.06
4,2006-02-08,12.41
4,2006-02-09,12.36
4,2006-02-10,12.21
4,2006-02-13,13.1
4,2006-02-14,12.11
4,2006-02-15,11.82
4,2006-02-16,10.97
4,2006-02-17,10.97
4,2006-02-21,11.39
4,2006-02-22,10.79
4,2006-02-23,11.07
4,2006-02-24,10.62
4,2006-02-27,10.48
4,2006-02-28,11.84
4,2006-03-01,10.77
4,2006-03-02,11.44
4,2006-03-03,11.56
4,2006-03-06,12.17
4,2006-03-07,12.4
4,2006-03-08,11.94
4,2006-03-09,12.27
4,2006-03-10,11.66
4,2006-03-13,11.6
4,2006-03-14,11.19
4,2006-03-15,11.09
4,2006-03-16,11.42
4,2006-03-17,11.19
4,2006-03-20,11.04
4,2006-03-21,10.8
4,2006-03-22,10.31
4,2006-03-23,10.48
4,2006-03-24,10.43
4,2006-03-27,10.52
4,2006-03-28,10.92
4,2006-03-29,10.19
4,2006-03-30,10.88
4,2006-03-31,11.12
4,2006-04-03,10.93
4,2006-04-04,10.7
4,2006-04-05,10.6
4,2006-04-06,11.04
4,2006-04-07,12.01
4,2006-04-10,11.67
4,2006-04-11,12.6
4,2006-04-12,12.07
4,2006-04-13,11.82
4,2006-04-17,12.44
4,2006-04-18,11.04
4,2006-04-19,10.66
4,2006-04-20,10.71
4,2006-04-21,10.77
4,2006-04-24,10.43
4,2006-04-25,10.52
4,2006-04-26,10.54
4,2006-04-27,10.77
4,2006-04-28,10.79
4,2006-05-01,11.64
4,2006-05-02,11.13
4,2006-05-03,11.45
4,2006-05-04,11.19
4,2006-05-05,11.05
4,2006-05-08,11.02
4,2006-05-09,11.33
4,2006-05-10,11.4
4,2006-05-11,12.2
4,2006-05-12,13.52
4,2006-05-15,12.87
4,2006-05-16,12.34
4,2006-05-17,14.98
4,2006-05-18,15.82
4,2006-05-19,15.58
4,2006-05-22,16.07
4,2006-05-23,15.92
4,2006-05-24,16.56
4,2006-05-25,14.15
4,2006-05-26,13.08
4,2006-05-30,17.85
4,2006-05-31,15.59
4,2006-06-01,13.34
4,2006-06-02,13.16
4,2006-06-05,16.35
4,2006-06-06,16.6
4,2006-06-07,17.05
4,2006-06-08,17.44
4,2006-06-09,17.48
4,2006-06-12,19.69
4,2006-06-13,22.25
4,2006-06-14,20.57
4,2006-06-15,14.79
4,2006-06-16,14.92
4,2006-06-19,15.76
4,2006-06-20,15.52
4,2006-06-21,14.23
4,2006-06-22,15.1
4,2006-06-23,14.94
4,2006-06-26,14.33
4,2006-06-27,15.75
4,2006-06-28,15.62
4,2006-06-29,12.28
4,2006-06-30,12.44
4,2006-07-03,11.59
4,2006-07-05,13.25
4,2006-07-06,12.71
4,2006-07-07,13.48
4,2006-07-10,13.24
4,2006-07-11,12.76
4,2006-07-12,14.11
4,2006-07-13,17.92
4,2006-07-14,18
4,2006-07-17,17.57
4,2006-07-18,17.24
4,2006-07-19,14.17
4,2006-07-20,15.54
4,2006-07-21,16.55
4,2006-07-24,14.07
4,2006-07-25,13.32
4,2006-07-26,13.27
4,2006-07-27,14.44
4,2006-07-28,13.44
4,2006-07-31,13.77
4,2006-08-01,14.12
4,2006-08-02,13.68
4,2006-08-03,14.01
4,2006-08-04,14
4,2006-08-07,14.4
4,2006-08-08,14.57
4,2006-08-09,14.75
4,2006-08-10,14.01
4,2006-08-11,14.25
4,2006-08-14,13.74
4,2006-08-15,12.62
4,2006-08-16,12.08
4,2006-08-17,11.57
4,2006-08-18,11
4,2006-08-21,11.05
4,2006-08-22,11.04
4,2006-08-23,11.26
4,2006-08-24,11.3
4,2006-08-25,11.29
4,2006-08-28,10.93
4,2006-08-29,10.89
4,2006-08-30,11.02
4,2006-08-31,11.31
4,2006-09-01,11.02
4,2006-09-05,11.24
4,2006-09-06,12.67
4,2006-09-07,12.86
4,2006-09-08,12
4,2006-09-11,12.55
4,2006-09-12,11.16
4,2006-09-13,10.9
4,2006-09-14,11.52
4,2006-09-15,11.01
4,2006-09-18,10.64
4,2006-09-19,10.85
4,2006-09-20,10.52
4,2006-09-21,11.96
4,2006-09-22,12.2
4,2006-09-25,11.11
4,2006-09-26,10.29
4,2006-09-27,11.04
4,2006-09-28,11.05
4,2006-09-29,11.35
4,2006-10-02,11.38
4,2006-10-03,11.25
4,2006-10-04,11.07
4,2006-10-05,11.4
4,2006-10-06,11.17
4,2006-10-09,10.81
4,2006-10-10,10.86
4,2006-10-11,11.08
4,2006-10-12,10.88
4,2006-10-13,10.26
4,2006-10-16,10.42
4,2006-10-17,11.12
4,2006-10-18,11.26
4,2006-10-19,10.57
4,2006-10-20,10.46
4,2006-10-23,10.54
4,2006-10-24,10.69
4,2006-10-25,10.43
4,2006-10-26,10.35
4,2006-10-27,10.73
4,2006-10-30,10.65
4,2006-10-31,10.41
4,2006-11-01,11.05
4,2006-11-02,11
4,2006-11-03,10.67
4,2006-11-06,10.47
4,2006-11-07,10.9
4,2006-11-08,10.46
4,2006-11-09,11
4,2006-11-10,10.61
4,2006-11-13,11.01
4,2006-11-14,10.89
4,2006-11-15,10.35
4,2006-11-16,10.15
4,2006-11-17,9.84
4,2006-11-20,9.57
4,2006-11-21,9.36
4,2006-11-22,9.4
4,2006-11-24,10.39
4,2006-11-27,11.58
4,2006-11-28,10.88
4,2006-11-29,10.23
4,2006-11-30,10.36
4,2006-12-01,11.44
4,2006-12-04,10.47
4,2006-12-05,10.6
4,2006-12-06,10.75
4,2006-12-07,11.96
4,2006-12-08,11.27
4,2006-12-11,11.1
4,2006-12-12,10.97
4,2006-12-13,10.15
4,2006-12-14,9.58
4,2006-12-15,9.97
4,2006-12-18,9.65
4,2006-12-19,9.68
4,2006-12-20,9.73
4,2006-12-21,9.98
4,2006-12-22,10.83
4,2006-12-26,10.45
4,2006-12-27,9.74
4,2006-12-28,10.41
4,2006-12-29,11.25
4,2007-01-03,11.57
4,2007-01-04,11.19
4,2007-01-05,11.87
4,2007-01-08,11.42
4,2007-01-09,11.83
4,2007-01-10,11.32
4,2007-01-11,10.59
4,2007-01-12,10.24
4,2007-01-16,10.47
4,2007-01-17,10
4,2007-01-18,10.31
4,2007-01-19,9.75
4,2007-01-22,10.15
4,2007-01-23,9.66
4,2007-01-24,9.05
4,2007-01-25,10.79
4,2007-01-26,10.71
4,2007-01-29,10.82
4,2007-01-30,10.66
4,2007-01-31,10.14
4,2007-02-01,9.96
4,2007-02-02,9.79
4,2007-02-05,9.99
4,2007-02-06,10
4,2007-02-07,9.72
4,2007-02-08,10.09
4,2007-02-09,10.86
4,2007-02-12,11.37
4,2007-02-13,9.99
4,2007-02-14,9.73
4,2007-02-15,9.88
4,2007-02-16,9.66
4,2007-02-20,9.95
4,2007-02-21,9.94
4,2007-02-22,10.11
4,2007-02-23,10.6
4,2007-02-26,11.07
4,2007-02-27,18.85
4,2007-02-28,15.93
4,2007-03-01,16.21
4,2007-03-02,19.12
4,2007-03-05,20.5
4,2007-03-06,15.94
4,2007-03-07,15.66
4,2007-03-08,15.01
4,2007-03-09,14.25
4,2007-03-12,13.56
4,2007-03-13,17.57
4,2007-03-14,16.39
4,2007-03-15,15.22
4,2007-03-16,16.39
4,2007-03-19,14
4,2007-03-20,13
4,2007-03-21,11.45
4,2007-03-22,12.28
4,2007-03-23,12.34
4,2007-03-26,12.24
4,2007-03-27,13
4,2007-03-28,14.97
4,2007-03-29,14.76
4,2007-03-30,14.41
4,2007-04-02,13.79
4,2007-04-03,12.68
4,2007-04-04,12.34
4,2007-04-05,12.05
4,2007-04-09,12.29
4,2007-04-10,11.73
4,2007-04-11,12.65
4,2007-04-12,11.97
4,2007-04-13,11.51
4,2007-04-16,11.25
4,2007-04-17,11.43
4,2007-04-18,11.73
4,2007-04-19,12.26
4,2007-04-20,11.67
4,2007-04-23,12.49
4,2007-04-24,12.56
4,2007-04-25,12.58
4,2007-04-26,12.55
4,2007-04-27,12.05
4,2007-04-30,13.34
4,2007-05-01,12.86
4,2007-05-02,12.53
4,2007-05-03,12.78
4,2007-05-04,12.66
4,2007-05-07,12.66
4,2007-05-08,12.96
4,2007-05-09,12.48
4,2007-05-10,14
4,2007-05-11,12.91
4,2007-05-14,14.09
4,2007-05-15,13.97
4,2007-05-16,13.27
4,2007-05-17,13.37
4,2007-05-18,12.34
4,2007-05-21,12.41
4,2007-05-22,12.4
4,2007-05-23,12.79
4,2007-05-24,13.81
4,2007-05-25,12.86
4,2007-05-29,12.99
4,2007-05-30,12.33
4,2007-05-31,12.76
4,2007-06-01,12.51
4,2007-06-04,12.73
4,2007-06-05,13.12
4,2007-06-06,14.58
4,2007-06-07,17.01
4,2007-06-08,14.73
4,2007-06-11,14.61
4,2007-06-12,16.01
4,2007-06-13,15.25
4,2007-06-14,13.69
4,2007-06-15,13.2
4,2007-06-18,13.14
4,2007-06-19,12.74
4,2007-06-20,14.72
4,2007-06-21,14.36
4,2007-06-22,16.97
4,2007-06-25,17.1
4,2007-06-26,18.23
4,2007-06-27,15.52
4,2007-06-28,15.61
4,2007-06-29,16.69
4,2007-07-02,14.78
4,2007-07-03,13.95
4,2007-07-05,14.73
4,2007-07-06,14.31
4,2007-07-09,14.38
4,2007-07-10,17.22
4,2007-07-11,16.56
4,2007-07-12,14.87
4,2007-07-13,15.05
4,2007-07-16,15.35
4,2007-07-17,15.47
4,2007-07-18,15.84
4,2007-07-19,15.08
4,2007-07-20,17.33
4,2007-07-23,16.55
4,2007-07-24,19.03
4,2007-07-25,18.27
4,2007-07-26,21.77
4,2007-07-27,25.09
4,2007-07-30,21.39
4,2007-07-31,25.18
4,2007-08-01,24.05
4,2007-08-02,21.68
4,2007-08-03,26.42
4,2007-08-06,21.51
4,2007-08-07,21.33
4,2007-08-08,21.73
4,2007-08-09,27.95
4,2007-08-10,29.08
4,2007-08-13,26.55
4,2007-08-14,28.24
4,2007-08-15,32.21
4,2007-08-16,30.77
4,2007-08-17,29.43
4,2007-08-20,25.62
4,2007-08-21,25.37
4,2007-08-22,22.68
4,2007-08-23,22.67
4,2007-08-24,20.4
4,2007-08-27,21.95
4,2007-08-28,26.41
4,2007-08-29,23.35
4,2007-08-30,24.78
4,2007-08-31,23.58
4,2007-09-04,22.12
4,2007-09-05,24.61
4,2007-09-06,24.02
4,2007-09-07,27.4
4,2007-09-10,27.53
4,2007-09-11,24.96
4,2007-09-12,25.56
4,2007-09-13,24.84
4,2007-09-14,25.45
4,2007-09-17,26.57
4,2007-09-18,20.75
4,2007-09-19,19.8
4,2007-09-20,20.54
4,2007-09-21,18.29
4,2007-09-24,18.83
4,2007-09-25,17.85
4,2007-09-26,17.41
4,2007-09-27,16.75
4,2007-09-28,18.18
4,2007-10-01,16.67
4,2007-10-02,17.47
4,2007-10-03,17.64
4,2007-10-04,18.02
4,2007-10-05,16.05
4,2007-10-08,16.49
4,2007-10-09,15.45
4,2007-10-10,16.29
4,2007-10-11,18.94
4,2007-10-12,17.42
4,2007-10-15,19.44
4,2007-10-16,20
4,2007-10-17,18.7
4,2007-10-18,18.32
4,2007-10-19,23.15
4,2007-10-22,21.53
4,2007-10-23,19.85
4,2007-10-24,20.96
4,2007-10-25,22.05
4,2007-10-26,20.12
4,2007-10-29,19.46
4,2007-10-30,21.41
4,2007-10-31,18.34
4,2007-11-01,24.45
4,2007-11-02,23.4
4,2007-11-05,23.67
4,2007-11-06,20.95
4,2007-11-07,27.87
4,2007-11-08,26.85
4,2007-11-09,29.01
4,2007-11-12,30.39
4,2007-11-13,24.23
4,2007-11-14,26.75
4,2007-11-15,29.02
4,2007-11-16,27.1
4,2007-11-19,26.88
4,2007-11-20,26.81
4,2007-11-21,28.42
4,2007-11-23,27.7
4,2007-11-26,31.07
4,2007-11-27,28.47
4,2007-11-28,26.3
4,2007-11-29,25.65
4,2007-11-30,24.81
4,2007-12-03,24.88
4,2007-12-04,25.29
4,2007-12-05,23.81
4,2007-12-06,22.62
4,2007-12-07,22.48
4,2007-12-10,22.01
4,2007-12-11,24.47
4,2007-12-12,24.77
4,2007-12-13,24.11
4,2007-12-14,25.52
4,2007-12-17,26.58
4,2007-12-18,25.08
4,2007-12-19,23.5
4,2007-12-20,22.42
4,2007-12-21,19.63
4,2007-12-24,18.88
4,2007-12-26,19.2
4,2007-12-27,21.22
4,2007-12-28,22.27
4,2007-12-31,23.19
4,2008-01-02,24.99
4,2008-01-03,24.55
4,2008-01-04,26.78
4,2008-01-07,25.14
4,2008-01-08,26.69
4,2008-01-09,25.76
4,2008-01-10,24.94
4,2008-01-11,26.71
4,2008-01-14,25.02
4,2008-01-15,26.11
4,2008-01-16,27.16
4,2008-01-17,32.1
4,2008-01-18,29.99
4,2008-01-22,33.24
4,2008-01-23,31.06
4,2008-01-24,29.26
4,2008-01-25,32.56
4,2008-01-28,29.12
4,2008-01-29,29.31
4,2008-01-30,28.96
4,2008-01-31,28.33
4,2008-02-01,25.64
4,2008-02-04,26.84
4,2008-02-05,30.1
4,2008-02-06,31.23
4,2008-02-07,29.61
4,2008-02-08,30.42
4,2008-02-11,28.69
4,2008-02-12,27.81
4,2008-02-13,26.67
4,2008-02-14,27.2
4,2008-02-15,27.33
4,2008-02-19,27.55
4,2008-02-20,25.96
4,2008-02-21,26.74
4,2008-02-22,26.51
4,2008-02-25,24.02
4,2008-02-26,23.23
4,2008-02-27,23.7
4,2008-02-28,24.98
4,2008-02-29,28.9
4,2008-03-03,28.35
4,2008-03-04,27.96
4,2008-03-05,27.01
4,2008-03-06,30.5
4,2008-03-07,30.35
4,2008-03-10,31.55
4,2008-03-11,27.9
4,2008-03-12,29.15
4,2008-03-13,29.68
4,2008-03-14,34.14
4,2008-03-17,34.3
4,2008-03-18,27.56
4,2008-03-19,31.77
4,2008-03-20,27.51
4,2008-03-24,26.3
4,2008-03-25,26.3
4,2008-03-26,27.2
4,2008-03-27,27.75
4,2008-03-28,28.41
4,2008-03-31,26.49
4,2008-04-01,23.61
4,2008-04-02,24.23
4,2008-04-03,24.77
4,2008-04-04,23.75
4,2008-04-07,22.7
4,2008-04-08,22.99
4,2008-04-09,24.36
4,2008-04-10,23.15
4,2008-04-11,25.94
4,2008-04-14,25.51
4,2008-04-15,24.52
4,2008-04-16,21.94
4,2008-04-17,22.15
4,2008-04-18,20.74
4,2008-04-21,20.88
4,2008-04-22,21.32
4,2008-04-23,20.64
4,2008-04-24,20.4
4,2008-04-25,20.52
4,2008-04-28,19.79
4,2008-04-29,20.52
4,2008-04-30,21.16
4,2008-05-01,19.33
4,2008-05-02,18.23
4,2008-05-05,18.38
4,2008-05-06,17.82
4,2008-05-07,20.29
4,2008-05-08,19.09
4,2008-05-09,19.83
4,2008-05-12,19.36
4,2008-05-13,18.99
4,2008-05-14,18.28
4,2008-05-15,17.37
4,2008-05-16,17.26
4,2008-05-19,12.86
4,2008-05-20,18.42
4,2008-05-21,19.29
4,2008-05-22,18.76
4,2008-05-23,20.43
4,2008-05-27,19.99
4,2008-05-28,19.67
4,2008-05-29,18.59
4,2008-05-30,18.57
4,2008-06-02,20.01
4,2008-06-03,20.74
4,2008-06-04,21.58
4,2008-06-05,19.41
4,2008-06-06,24.8
4,2008-06-09,24.28
4,2008-06-10,23.37
4,2008-06-11,25.4
4,2008-06-12,24.85
4,2008-06-13,22.21
4,2008-06-16,21.7
4,2008-06-17,22.17
4,2008-06-18,23.6
4,2008-06-19,22.75
4,2008-06-20,24.82
4,2008-06-23,23.56
4,2008-06-24,23.23
4,2008-06-25,22.41
4,2008-06-26,25.91
4,2008-06-27,25.63
4,2008-06-30,24.59
4,2008-07-01,24.62
4,2008-07-02,26.95
4,2008-07-03,26.37
4,2008-07-07,26.61
4,2008-07-08,23.96
4,2008-07-09,27.28
4,2008-07-10,27.2
4,2008-07-11,29.96
4,2008-07-14,30.35
4,2008-07-15,30.44
4,2008-07-16,26.34
4,2008-07-17,25.92
4,2008-07-18,25.46
4,2008-07-21,24.1
4,2008-07-22,21.39
4,2008-07-23,22.44
4,2008-07-24,24.89
4,2008-07-25,24.1
4,2008-07-28,25.69
4,2008-07-29,23.2
4,2008-07-30,22.63
4,2008-07-31,24.67
4,2008-08-01,24.26
4,2008-08-04,24.85
4,2008-08-05,22.05
4,2008-08-06,20.96
4,2008-08-07,22.63
4,2008-08-08,21.88
4,2008-08-11,22.26
4,2008-08-12,23
4,2008-08-13,23.93
4,2008-08-14,22.11
4,2008-08-15,21.5
4,2008-08-18,22.38
4,2008-08-19,23.22
4,2008-08-20,21.7
4,2008-08-21,21.26
4,2008-08-22,20.47
4,2008-08-25,22.32
4,2008-08-26,21.72
4,2008-08-27,21.68
4,2008-08-28,20.68
4,2008-08-29,22.59
4,2008-09-02,23.84
4,2008-09-03,23.15
4,2008-09-04,26.73
4,2008-09-05,25.43
4,2008-09-08,24.72
4,2008-09-09,27.88
4,2008-09-10,27.39
4,2008-09-11,27.11
4,2008-09-12,29.33
4,2008-09-15,33.61
4,2008-09-16,33.03
4,2008-09-17,39
4,2008-09-18,36.06
4,2008-09-19,33.55
4,2008-09-22,36.28
4,2008-09-23,38.54
4,2008-09-24,39.28
4,2008-09-25,36.75
4,2008-09-26,39.41
4,2008-09-29,51.84
4,2008-09-30,44.51
4,2008-10-01,45.27
4,2008-10-02,54.16
4,2008-10-03,51.76
4,2008-10-06,59.5
4,2008-10-07,63.06
4,2008-10-08,68.01
4,2008-10-09,75.96
4,2008-10-10,85.99
4,2008-10-13,60.28
4,2008-10-14,58.45
4,2008-10-15,68.35
4,2008-10-16,70.34
4,2008-10-17,71.06
4,2008-10-20,52.72
4,2008-10-21,55.78
4,2008-10-22,70.4
4,2008-10-23,68.56
4,2008-10-24,79.36
4,2008-10-27,81.15
4,2008-10-28,66.01
4,2008-10-29,72.41
4,2008-10-30,65.31
4,2008-10-31,61.38
4,2008-11-03,54.22
4,2008-11-04,47.97
4,2008-11-05,55.12
4,2008-11-06,66
4,2008-11-07,58.38
4,2008-11-10,60.6
4,2008-11-11,62.09
4,2008-11-12,70.22
4,2008-11-13,60.6
4,2008-11-14,70.31
4,2008-11-17,73.15
4,2008-11-18,72.34
4,2008-11-19,79.63
4,2008-11-20,87.24
4,2008-11-21,76.17
4,2008-11-24,67.64
4,2008-11-25,63.05
4,2008-11-26,58.57
4,2008-11-28,59.81
4,2008-12-01,73.24
4,2008-12-02,69.05
4,2008-12-03,64.53
4,2008-12-04,70.18
4,2008-12-05,62.94
4,2008-12-08,60.51
4,2008-12-09,60.46
4,2008-12-10,57.64
4,2008-12-11,57.11
4,2008-12-12,57.78
4,2008-12-15,59.29
4,2008-12-16,54.16
4,2008-12-17,52.24
4,2008-12-18,51.31
4,2008-12-19,45.94
4,2008-12-22,45.96
4,2008-12-23,46.93
4,2008-12-24,47.88
4,2008-12-26,46.03
4,2008-12-29,45.31
4,2008-12-30,42.77
4,2008-12-31,40.4
4,2009-01-02,38.58
4,2009-01-05,39.35
4,2009-01-06,38.52
4,2009-01-07,43.75
4,2009-01-08,41.96
4,2009-01-09,42.6
4,2009-01-12,46.89
4,2009-01-13,44.37
4,2009-01-14,49.92
4,2009-01-15,48.46
4,2009-01-16,45.85
4,2009-01-20,56.25
4,2009-01-21,45.67
4,2009-01-22,46.99
4,2009-01-23,45.63
4,2009-01-26,43.99
4,2009-01-27,40.68
4,2009-01-28,38.58
4,2009-01-29,41.94
4,2009-01-30,45.85
4,2009-02-02,43.57
4,2009-02-03,41.13
4,2009-02-04,41.99
4,2009-02-05,42.71
4,2009-02-06,42.79
4,2009-02-09,42.52
4,2009-02-10,46.37
4,2009-02-11,43.97
4,2009-02-12,41.8
4,2009-02-13,42.75
4,2009-02-17,48.54
4,2009-02-18,47.1
4,2009-02-19,47.79
4,2009-02-20,49.4
4,2009-02-23,53.5
4,2009-02-24,45.21
4,2009-02-25,45.62
4,2009-02-26,46.56
4,2009-02-27,49.08
4,2009-03-02,54.51
4,2009-03-03,52.11
4,2009-03-04,47.88
4,2009-03-05,54.02
4,2009-03-06,52.67
4,2009-03-09,51.47
4,2009-03-10,45
4,2009-03-11,45.55
4,2009-03-12,42.76
4,2009-03-13,45.08
4,2009-03-16,44.71
4,2009-03-17,41.62
4,2009-03-18,41.07
4,2009-03-19,45.29
4,2009-03-20,46.41
4,2009-03-23,42.86
4,2009-03-24,43.44
4,2009-03-25,43.11
4,2009-03-26,41.43
4,2009-03-27,43.39
4,2009-03-30,45.21
4,2009-03-31,44.4
4,2009-04-01,43
4,2009-04-02,44.47
4,2009-04-03,41.63
4,2009-04-06,40.3
4,2009-04-07,40.11
4,2009-04-08,39.27
4,2009-04-09,37.41
4,2009-04-13,39.09
4,2009-04-14,39.78
4,2009-04-15,37.97
4,2009-04-16,36.86
4,2009-04-17,34.97
4,2009-04-20,39.71
4,2009-04-21,37.39
4,2009-04-22,38.82
4,2009-04-23,37.91
4,2009-04-24,38.13
4,2009-04-27,38.43
4,2009-04-28,38.2
4,2009-04-29,36.2
4,2009-04-30,37.22
4,2009-05-01,35.83
4,2009-05-04,34.38
4,2009-05-05,33.34
4,2009-05-06,32.66
4,2009-05-07,34.15
4,2009-05-08,32.77
4,2009-05-11,33.76
4,2009-05-12,32.67
4,2009-05-13,34.95
4,2009-05-14,31.64
4,2009-05-15,33.77
4,2009-05-18,29.28
4,2009-05-19,28.62
4,2009-05-20,29.21
4,2009-05-21,31.73
4,2009-05-22,32.08
4,2009-05-26,29.51
4,2009-05-27,31.77
4,2009-05-28,30.46
4,2009-05-29,29.62
4,2009-06-01,28.61
4,2009-06-02,28.22
4,2009-06-03,29.34
4,2009-06-04,29.42
4,2009-06-05,29.3
4,2009-06-08,28.21
4,2009-06-09,26.74
4,2009-06-10,27.17
4,2009-06-11,27.16
4,2009-06-12,27.1
4,2009-06-15,29.49
4,2009-06-16,31.06
4,2009-06-17,30.1
4,2009-06-18,28.53
4,2009-06-19,26.54
4,2009-06-22,30.01
4,2009-06-23,29.32
4,2009-06-24,28.5
4,2009-06-25,25.87
4,2009-06-26,25.35
4,2009-06-29,23.75
4,2009-06-30,24.79
4,2009-07-01,25.17
4,2009-07-02,27.45
4,2009-07-06,27.81
4,2009-07-07,30.32
4,2009-07-08,30.93
4,2009-07-09,29.41
4,2009-07-10,28.91
4,2009-07-13,26.94
4,2009-07-14,26.32
4,2009-07-15,26.07
4,2009-07-16,25.54
4,2009-07-17,24.87
4,2009-07-20,23.7
4,2009-07-21,23.6
4,2009-07-22,23.47
4,2009-07-23,24.07
4,2009-07-24,23.06
4,2009-07-27,23.52
4,2009-07-28,23.98
4,2009-07-29,24.91
4,2009-07-30,24.7
4,2009-07-31,25.59
4,2009-08-03,24.86
4,2009-08-04,24.2
4,2009-08-05,23.95
4,2009-08-06,25.44
4,2009-08-07,24.65
4,2009-08-10,23.85
4,2009-08-11,24.85
4,2009-08-12,24.23
4,2009-08-13,23.8
4,2009-08-14,23.99
4,2009-08-17,27.05
4,2009-08-18,25.76
4,2009-08-19,25.35
4,2009-08-20,23.79
4,2009-08-21,23.81
4,2009-08-24,23.25
4,2009-08-25,23.39
4,2009-08-26,23.4
4,2009-08-27,23.39
4,2009-08-28,23.61
4,2009-08-31,23.81
4,2009-09-01,27.72
4,2009-09-02,27.75
4,2009-09-03,26.14
4,2009-09-04,24.24
4,2009-09-08,23.63
4,2009-09-09,22.66
4,2009-09-10,22.02
4,2009-09-11,23
4,2009-09-14,22.89
4,2009-09-15,22.98
4,2009-09-16,23.09
4,2009-09-17,23.77
4,2009-09-18,23.56
4,2009-09-21,22.58
4,2009-09-22,21.96
4,2009-09-23,22.79
4,2009-09-24,23.92
4,2009-09-25,24.85
4,2009-09-28,23.23
4,2009-09-29,23.65
4,2009-09-30,24.58
4,2009-10-01,27.68
4,2009-10-02,28.01
4,2009-10-05,24.85
4,2009-10-06,23.77
4,2009-10-07,23.23
4,2009-10-08,23.07
4,2009-10-09,21.76
4,2009-10-12,22.36
4,2009-10-13,22.12
4,2009-10-14,22.47
4,2009-10-15,21.3
4,2009-10-16,21.2
4,2009-10-19,20.25
4,2009-10-20,20.23
4,2009-10-21,21.19
4,2009-10-22,20.18
4,2009-10-23,21.58
4,2009-10-26,23.28
4,2009-10-27,23.37
4,2009-10-28,27.08
4,2009-10-29,23.64
4,2009-10-30,28.89
4,2009-11-02,27.21
4,2009-11-03,26.98
4,2009-11-04,26.71
4,2009-11-05,24.54
4,2009-11-06,22.97
4,2009-11-09,21.74
4,2009-11-10,21.43
4,2009-11-11,21.91
4,2009-11-12,23.22
4,2009-11-13,22.27
4,2009-11-16,21.84
4,2009-11-17,21.59
4,2009-11-18,21.37
4,2009-11-19,22.41
4,2009-11-20,21.12
4,2009-11-23,19.62
4,2009-11-24,18.89
4,2009-11-25,19.16
4,2009-11-27,23.59
4,2009-11-30,22.35
4,2009-12-01,20.48
4,2009-12-02,20.04
4,2009-12-03,21.66
4,2009-12-04,20.53
4,2009-12-07,20.7
4,2009-12-08,22.3
4,2009-12-09,21.65
4,2009-12-10,20.97
4,2009-12-11,20.53
4,2009-12-14,19.66
4,2009-12-15,20.59
4,2009-12-16,20.08
4,2009-12-17,21.84
4,2009-12-18,20.53
4,2009-12-21,18.38
4,2009-12-22,17.35
4,2009-12-23,18.01
4,2009-12-24,17.68
4,2009-12-28,17.76
4,2009-12-29,17.97
4,2009-12-30,18.02
4,2009-12-31,19.87
4,2010-01-04,17.78
4,2010-01-05,17.18
4,2010-01-06,17.64
4,2010-01-07,17.89
4,2010-01-08,17.01
4,2010-01-11,17.34
4,2010-01-12,18.23
4,2010-01-13,17
4,2010-01-14,16.58
4,2010-01-15,17.11
4,2010-01-19,16.5
4,2010-01-20,17.12
4,2010-01-21,21.19
4,2010-01-22,26.05
4,2010-01-25,23.38
4,2010-01-26,23.24
4,2010-01-27,22.32
4,2010-01-28,23
4,2010-01-29,24.46
4,2010-02-01,21.31
4,2010-02-02,20.18
4,2010-02-03,20.63
4,2010-02-04,26.53
4,2010-02-05,25.28
4,2010-02-08,25.43
4,2010-02-09,24.49
4,2010-02-10,24.27
4,2010-02-11,23.09
4,2010-02-12,23.24
4,2010-02-16,21.57
4,2010-02-17,21.19
4,2010-02-18,19.63
4,2010-02-19,19.19
4,2010-02-22,18.73
4,2010-02-23,20.73
4,2010-02-24,19.49
4,2010-02-25,19.51
4,2010-02-26,19.16
4,2010-03-01,17.82
4,2010-03-02,18.03
4,2010-03-03,18.11
4,2010-03-04,17.93
4,2010-03-05,16.81
4,2010-03-08,16.85
4,2010-03-09,16.91
4,2010-03-10,17.85
4,2010-03-11,17.51
4,2010-03-12,17.7
4,2010-03-15,17.48
4,2010-03-16,17.17
4,2010-03-17,16.61
4,2010-03-18,16.18
4,2010-03-19,16.51
4,2010-03-22,15.54
4,2010-03-23,15.25
4,2010-03-24,16.59
4,2010-03-25,17.64
4,2010-03-26,16.91
4,2010-03-29,15.98
4,2010-03-30,15.86
4,2010-03-31,16.04
4,2010-04-01,16.16
4,2010-04-05,15.24
4,2010-04-06,14.91
4,2010-04-07,15.45
4,2010-04-08,15.19
4,2010-04-09,15.14
4,2010-04-12,15.25
4,2010-04-13,15.25
4,2010-04-14,14.7
4,2010-04-15,15.11
4,2010-04-16,17.03
4,2010-04-19,15.21
4,2010-04-20,14.26
4,2010-04-21,14.68
4,2010-04-22,15.45
4,2010-04-23,15.54
4,2010-04-26,16.08
4,2010-04-27,21.08
4,2010-04-28,19.22
4,2010-04-29,16.94
4,2010-04-30,20.98
4,2010-05-03,18.09
4,2010-05-04,22.29
4,2010-05-05,23.71
4,2010-05-06,31.12
4,2010-05-07,38.94
4,2010-05-10,26.59
4,2010-05-11,26.43
4,2010-05-12,24.17
4,2010-05-13,25.31
4,2010-05-14,29.49
4,2010-05-17,27.86
4,2010-05-18,31.51
4,2010-05-19,32.42
4,2010-05-20,43.63
4,2010-05-21,37.65
4,2010-05-24,35.19
4,2010-05-25,32.83
4,2010-05-26,34.21
4,2010-05-27,28.4
4,2010-05-28,30.83
4,2010-06-01,34.86
4,2010-06-02,28.56
4,2010-06-03,28.78
4,2010-06-04,34.38
4,2010-06-07,35.4
4,2010-06-08,32.01
4,2010-06-09,33.32
4,2010-06-10,29.68
4,2010-06-11,27.9
4,2010-06-14,27.98
4,2010-06-15,25.08
4,2010-06-16,25.37
4,2010-06-17,24.44
4,2010-06-18,22.53
4,2010-06-21,23.43
4,2010-06-22,25.61
4,2010-06-23,26.23
4,2010-06-24,29.2
4,2010-06-25,28.2
4,2010-06-28,27.06
4,2010-06-29,33.11
4,2010-06-30,33.57
4,2010-07-01,32.92
4,2010-07-02,29.7
4,2010-07-06,29.14
4,2010-07-07,26.33
4,2010-07-08,24.76
4,2010-07-09,23.54
4,2010-07-12,24.87
4,2010-07-13,23.85
4,2010-07-14,24.89
4,2010-07-15,24.84
4,2010-07-16,26.49
4,2010-07-19,25.15
4,2010-07-20,23.58
4,2010-07-21,25.45
4,2010-07-22,24.27
4,2010-07-23,23.33
4,2010-07-26,21.91
4,2010-07-27,21.62
4,2010-07-28,22.83
4,2010-07-29,22.85
4,2010-07-30,23.03
4,2010-08-02,20.08
4,2010-08-03,21.15
4,2010-08-04,20.86
4,2010-08-05,21.35
4,2010-08-06,20.62
4,2010-08-09,20.34
4,2010-08-10,20.91
4,2010-08-11,25.16
4,2010-08-12,25.73
4,2010-08-13,26.68
4,2010-08-16,25.12
4,2010-08-17,23.83
4,2010-08-18,24.3
4,2010-08-19,26.1
4,2010-08-20,25.45
4,2010-08-23,24.87
4,2010-08-24,27.09
4,2010-08-25,26.84
4,2010-08-26,27.38
4,2010-08-27,24.91
4,2010-08-30,26.08
4,2010-08-31,26.58
4,2010-09-01,23.52
4,2010-09-02,22.87
4,2010-09-03,20.24
4,2010-09-07,22.63
4,2010-09-08,22.16
4,2010-09-09,21.53
4,2010-09-10,20.89
4,2010-09-13,20.47
4,2010-09-14,20.81
4,2010-09-15,21.42
4,2010-09-16,20.96
4,2010-09-17,20.7
4,2010-09-20,19.47
4,2010-09-21,20.65
4,2010-09-22,21.01
4,2010-09-23,22.75
4,2010-09-24,20.39
4,2010-09-27,20.6
4,2010-09-28,20.68
4,2010-09-29,21.62
4,2010-09-30,22.4
4,2010-10-01,21.05
4,2010-10-04,21.64
4,2010-10-05,19.83
4,2010-10-06,19.98
4,2010-10-07,20.6
4,2010-10-08,19.74
4,2010-10-11,19.68
4,2010-10-12,19.13
4,2010-10-13,19.33
4,2010-10-14,20.25
4,2010-10-15,19.43
4,2010-10-18,18.28
4,2010-10-19,20.15
4,2010-10-20,19.24
4,2010-10-21,19.02
4,2010-10-22,18.53
4,2010-10-25,19.5
4,2010-10-26,19.64
4,2010-10-27,20.17
4,2010-10-28,20.56
4,2010-10-29,21.33
4,2010-11-01,21.21
4,2010-11-02,21.51
4,2010-11-03,18.86
4,2010-11-04,18.33
4,2010-11-05,17.76
4,2010-11-08,16.9
4,2010-11-09,18.06
4,2010-11-10,17.57
4,2010-11-11,17.68
4,2010-11-12,20.35
4,2010-11-15,19.42
4,2010-11-16,21.85
4,2010-11-17,21.35
4,2010-11-18,18.49
4,2010-11-19,17.44
4,2010-11-22,17.15
4,2010-11-23,19.54
4,2010-11-24,18.27
4,2010-11-26,21.79
4,2010-11-29,20.55
4,2010-11-30,23.22
4,2010-12-01,20.35
4,2010-12-02,18.91
4,2010-12-03,17.19
4,2010-12-06,16.75
4,2010-12-07,17.1
4,2010-12-08,16.59
4,2010-12-09,16.16
4,2010-12-10,16.52
4,2010-12-13,16.94
4,2010-12-14,16.88
4,2010-12-15,17.31
4,2010-12-16,17.26
4,2010-12-17,15.52
4,2010-12-20,14.82
4,2010-12-21,15.1
4,2010-12-22,14.37
4,2010-12-23,15.53
4,2010-12-27,15.98
4,2010-12-28,16.07
4,2010-12-29,15.96
4,2010-12-30,16.31
4,2010-12-31,17.29
4,2011-01-03,15.84
4,2011-01-04,15.7
4,2011-01-05,15.47
4,2011-01-06,16.22
4,2011-01-07,16.05
4,2011-01-10,15.97
4,2011-01-11,15.39
4,2011-01-12,15.06
4,2011-01-13,15.47
4,2011-01-14,14.36
4,2011-01-18,14.76
4,2011-01-19,16.22
4,2011-01-20,16.6
4,2011-01-21,16.11
4,2011-01-24,15.18
4,2011-01-25,15.26
4,2011-01-26,14.71
4,2011-01-27,14.59
4,2011-01-28,18.5
4,2011-01-31,17
4,2011-02-01,15.44
4,2011-02-02,15.57
4,2011-02-03,15.05
4,2011-02-04,14.67
4,2011-02-07,14.33
4,2011-02-08,13.82
4,2011-02-09,14.13
4,2011-02-10,14.63
4,2011-02-11,14.27
4,2011-02-14,14.55
4,2011-02-15,14.87
4,2011-02-16,14.63
4,2011-02-17,15.09
4,2011-02-18,14.37
4,2011-02-22,18.74
4,2011-02-23,20.26
4,2011-02-24,19.91
4,2011-02-25,17.81
4,2011-02-28,16.54
4,2011-03-01,19.45
4,2011-03-02,19.63
4,2011-03-03,17.17
4,2011-03-04,18.14
4,2011-03-07,19.45
4,2011-03-08,18.68
4,2011-03-09,19.12
4,2011-03-10,21.92
4,2011-03-11,20.62
4,2011-03-14,20.71
4,2011-03-15,23.48
4,2011-03-16,28.9
4,2011-03-17,25.49
4,2011-03-18,23.55
4,2011-03-21,19.66
4,2011-03-22,19.49
4,2011-03-23,18.54
4,2011-03-24,17.78
4,2011-03-25,17.66
4,2011-03-28,18
4,2011-03-29,17.25
4,2011-03-30,16.41
4,2011-03-31,16.45
4,2011-04-01,15.95
4,2011-04-04,15.87
4,2011-04-05,15.17
4,2011-04-06,15.19
4,2011-04-07,15.56
4,2011-04-08,16.53
4,2011-04-11,16.22
4,2011-04-12,16.84
4,2011-04-13,16.5
4,2011-04-14,16.06
4,2011-04-15,15.3
4,2011-04-18,16.18
4,2011-04-19,14.75
4,2011-04-20,14.27
4,2011-04-21,13.45
4,2011-04-25,14.3
4,2011-04-26,14.17
4,2011-04-27,14.25
4,2011-04-28,13.54
4,2011-04-29,14.06
4,2011-05-02,14.8
4,2011-05-03,15.15
4,2011-05-04,15.79
4,2011-05-05,17.97
4,2011-05-06,17.76
4,2011-05-09,15.98
4,2011-05-10,14.97
4,2011-05-11,16.64
4,2011-05-12,15.79
4,2011-05-13,17.02
4,2011-05-16,17.82
4,2011-05-17,17.26
4,2011-05-18,15.76
4,2011-05-19,15.29
4,2011-05-20,16.41
4,2011-05-23,17.69
4,2011-05-24,17.14
4,2011-05-25,16.64
4,2011-05-26,15.99
4,2011-05-27,15.76
4,2011-05-31,14.54
4,2011-06-01,18.07
4,2011-06-02,18.2
4,2011-06-03,18.06
4,2011-06-06,18.51
4,2011-06-07,18.35
4,2011-06-08,18.79
4,2011-06-09,17.98
4,2011-06-10,19.3
4,2011-06-13,19.04
4,2011-06-14,17.64
4,2011-06-15,20.51
4,2011-06-16,21.97
4,2011-06-17,21.44
4,2011-06-20,19.75
4,2011-06-21,18.82
4,2011-06-22,18.57
4,2011-06-23,19.4
4,2011-06-24,21.59
4,2011-06-27,20.05
4,2011-06-28,18.8
4,2011-06-29,16.09
4,2011-06-30,15.28
4,2011-07-01,15.22
4,2011-07-05,15.3
4,2011-07-06,15.67
4,2011-07-07,15.49
4,2011-07-08,15.65
4,2011-07-11,18.18
4,2011-07-12,19.48
4,2011-07-13,19.44
4,2011-07-14,20.35
4,2011-07-15,18.89
4,2011-07-18,19.78
4,2011-07-19,18.16
4,2011-07-20,18.25
4,2011-07-21,17.36
4,2011-07-22,17.25
4,2011-07-25,18.61
4,2011-07-26,19.5
4,2011-07-27,22.82
4,2011-07-28,23.47
4,2011-07-29,25.94
4,2011-08-01,23.57
4,2011-08-02,25.61
4,2011-08-03,23.47
4,2011-08-04,34.21
4,2011-08-05,32.85
4,2011-08-08,50.13
4,2011-08-09,34.24
4,2011-08-10,46.6
4,2011-08-11,40.22
4,2011-08-12,37.37
4,2011-08-15,30.86
4,2011-08-16,32.42
4,2011-08-17,29.96
4,2011-08-18,40.93
4,2011-08-19,42.4
4,2011-08-22,41.59
4,2011-08-23,34.91
4,2011-08-24,34.62
4,2011-08-25,39.74
4,2011-08-26,35.87
4,2011-08-29,31.11
4,2011-08-30,32.48
4,2011-08-31,31.42
4,2011-09-01,31.72
4,2011-09-02,33.72
4,2011-09-06,35.82
4,2011-09-07,32.27
4,2011-09-08,33.62
4,2011-09-09,40.63
4,2011-09-12,38.9
4,2011-09-13,37.34
4,2011-09-14,35.8
4,2011-09-15,32.51
4,2011-09-16,31.28
4,2011-09-19,32.22
4,2011-09-20,32.88
4,2011-09-21,36.09
4,2011-09-22,42.16
4,2011-09-23,41.63
4,2011-09-26,38.88
4,2011-09-27,37.18
4,2011-09-28,41.96
4,2011-09-29,38.8
4,2011-09-30,44.11
4,2011-10-03,45.57
4,2011-10-04,41.6
4,2011-10-05,38.58
4,2011-10-06,37.17
4,2011-10-07,36.88
4,2011-10-10,32.32
4,2011-10-11,31.05
4,2011-10-12,29.73
4,2011-10-13,29.16
4,2011-10-14,27.15
4,2011-10-17,31.4
4,2011-10-18,29.94
4,2011-10-19,33.21
4,2011-10-20,33.56
4,2011-10-21,30.14
4,2011-10-24,27.69
4,2011-10-25,30.85
4,2011-10-26,29.01
4,2011-10-27,24.65
4,2011-10-28,24.21
4,2011-10-31,28.31
4,2011-11-01,34.47
4,2011-11-02,31.55
4,2011-11-03,29.43
4,2011-11-04,29.25
4,2011-11-07,27.97
4,2011-11-08,25.25
4,2011-11-09,34.96
4,2011-11-10,31.39
4,2011-11-11,28.72
4,2011-11-14,30.14
4,2011-11-15,30.38
4,2011-11-16,32.46
4,2011-11-17,34.46
4,2011-11-18,32.2
4,2011-11-21,33.42
4,2011-11-22,32.31
4,2011-11-23,35
4,2011-11-25,36.09
4,2011-11-28,31.84
4,2011-11-29,31.13
4,2011-11-30,27.24
4,2011-12-01,27.68
4,2011-12-02,27.93
4,2011-12-05,27.21
4,2011-12-06,27.65
4,2011-12-07,29.72
4,2011-12-08,30.99
4,2011-12-09,26.11
4,2011-12-12,26.35
4,2011-12-13,25.57
4,2011-12-14,26.44
4,2011-12-15,25.45
4,2011-12-16,25.02
4,2011-12-19,24.92
4,2011-12-20,22.74
4,2011-12-21,21.43
4,2011-12-22,21.31
4,2011-12-23,20.53
4,2011-12-27,20.89
4,2011-12-28,22.96
4,2011-12-29,21.95
4,2011-12-30,22.98
4,2012-01-03,21.57
4,2012-01-04,20.54
4,2012-01-05,20.14
4,2012-01-06,19.77
4,2012-01-09,19.28
4,2012-01-10,19.17
4,2012-01-11,19.62
4,2012-01-12,19.18
4,2012-01-13,20.13
4,2012-01-17,21.01
4,2012-01-18,19.41
4,2012-01-19,18.86
4,2012-01-20,16.99
4,2012-01-23,16.92
4,2012-01-24,17.36
4,2012-01-25,17.04
4,2012-01-26,17.57
4,2012-01-27,18.06
4,2012-01-30,17.91
4,2012-01-31,18.3
4,2012-02-01,17.45
4,2012-02-02,17.03
4,2012-02-03,16.19
4,2012-02-06,16.08
4,2012-02-07,16.17
4,2012-02-08,16.77
4,2012-02-09,16.9
4,2012-02-10,18.76
4,2012-02-13,17.21
4,2012-02-14,17.4
4,2012-02-15,19.43
4,2012-02-16,17.13
4,2012-02-17,16.33
4,2012-02-21,16.25
4,2012-02-22,16.34
4,2012-02-23,15.28
4,2012-02-24,15.44
4,2012-02-27,15.92
4,2012-02-28,15.63
4,2012-02-29,16.11
4,2012-03-01,15.23
4,2012-03-02,15.2
4,2012-03-05,15.29
4,2012-03-06,18.05
4,2012-03-07,16.98
4,2012-03-08,16.13
4,2012-03-09,15.37
4,2012-03-12,14.7
4,2012-03-13,14.66
4,2012-03-14,15.52
4,2012-03-15,14.59
4,2012-03-16,13.73
4,2012-03-19,13.73
4,2012-03-20,14.27
4,2012-03-21,14.42
4,2012-03-22,15.09
4,2012-03-23,14.41
4,2012-03-26,13.42
4,2012-03-27,14.5
4,2012-03-28,14.58
4,2012-03-29,14.65
4,2012-03-30,14.66
4,2012-04-02,13.96
4,2012-04-03,14.1
4,2012-04-04,15.35
4,2012-04-05,15.79
4,2012-04-09,17.55
4,2012-04-10,19.66
4,2012-04-11,19.34
4,2012-04-12,16.77
4,2012-04-13,19.28
4,2012-04-16,19.49
4,2012-04-17,17.67
4,2012-04-18,18.36
4,2012-04-19,18.43
4,2012-04-20,17.54
4,2012-04-23,18.66
4,2012-04-24,17.99
4,2012-04-25,16.12
4,2012-04-26,15.75
4,2012-04-27,15.68
4,2012-04-30,16.05
4,2012-05-01,15.66
4,2012-05-02,16.04
4,2012-05-03,16.88
4,2012-05-04,18.82
4,2012-05-07,18.08
4,2012-05-08,18.65
4,2012-05-09,20.33
4,2012-05-10,19.1
4,2012-05-11,20.56
4,2012-05-14,21.62
4,2012-05-15,22.1
4,2012-05-16,22.07
4,2012-05-17,24.28
4,2012-05-18,24.52
4,2012-05-21,21.75
4,2012-05-22,21.39
4,2012-05-23,21.87
4,2012-05-24,21.12
4,2012-05-25,21.44
4,2012-05-29,19.88
4,2012-05-30,22.82
4,2012-05-31,23.06
4,2012-06-01,26.21
4,2012-06-04,24.84
4,2012-06-05,23.86
4,2012-06-06,21.45
4,2012-06-07,20.96
4,2012-06-08,20.18
4,2012-06-11,23.55
4,2012-06-12,22.07
4,2012-06-13,23.99
4,2012-06-14,22.52
4,2012-06-15,20.85
4,2012-06-18,18.2
4,2012-06-19,17.64
4,2012-06-20,16.61
4,2012-06-21,19.79
4,2012-06-22,17.9
4,2012-06-25,20.13
4,2012-06-26,19.43
4,2012-06-27,19.35
4,2012-06-28,19.69
4,2012-06-29,16.54
4,2012-07-02,15.67
4,2012-07-03,15.73
4,2012-07-05,17.17
4,2012-07-06,16.7
4,2012-07-09,17.24
4,2012-07-10,17.93
4,2012-07-11,17.8
4,2012-07-12,18.07
4,2012-07-13,16.08
4,2012-07-16,16.92
4,2012-07-17,15.96
4,2012-07-18,15.97
4,2012-07-19,15.75
4,2012-07-20,15.99
4,2012-07-23,17.19
4,2012-07-24,19
4,2012-07-25,18.56
4,2012-07-26,16.65
4,2012-07-27,16.35
4,2012-07-30,17.13
4,2012-07-31,18.19
4,2012-08-01,18.42
4,2012-08-02,16.85
4,2012-08-03,14.77
4,2012-08-06,14.78
4,2012-08-07,14.9
4,2012-08-08,14.48
4,2012-08-09,14
4,2012-08-10,13.89
4,2012-08-13,13.94
4,2012-08-14,14.62
4,2012-08-15,14.79
4,2012-08-16,14.12
4,2012-08-17,13.42
4,2012-08-20,12.89
4,2012-08-21,14.02
4,2012-08-22,14.22
4,2012-08-23,15.32
4,2012-08-24,14.62
4,2012-08-27,14.92
4,2012-08-28,15.57
4,2012-08-29,16.23
4,2012-08-30,17.2
4,2012-08-31,16.32
4,2012-09-04,17.03
4,2012-09-05,17.15
4,2012-09-06,14.68
4,2012-09-07,13.37
4,2012-09-10,15.27
4,2012-09-11,15.4
4,2012-09-12,15.45
4,2012-09-13,13.78
4,2012-09-14,14.36
4,2012-09-17,13.96
4,2012-09-18,13.31
4,2012-09-19,13.13
4,2012-09-20,12.92
4,2012-09-21,12.37
4,2012-09-24,12.45
4,2012-09-25,13.93
4,2012-09-26,15.36
4,2012-09-27,13.48
4,2012-09-28,14.57
4,2012-10-01,14.6
4,2012-10-02,14.36
4,2012-10-03,14.05
4,2012-10-04,13.76
4,2012-10-05,13.58
4,2012-10-08,13.89
4,2012-10-09,15.24
4,2012-10-10,15.51
4,2012-10-11,15.04
4,2012-10-12,15.74
4,2012-10-15,14.69
4,2012-10-16,14.42
4,2012-10-17,14.12
4,2012-10-18,14.3
4,2012-10-19,15.91
4,2012-10-22,15.34
4,2012-10-23,18.06
4,2012-10-24,18.22
4,2012-10-25,17.54
4,2012-10-26,17.88
4,2012-10-31,18.6
4,2012-11-01,16.9
4,2012-11-02,17.87
4,2012-11-05,18.63
4,2012-11-06,17.75
4,2012-11-07,19.45
4,2012-11-08,18.93
4,2012-11-09,19.35
4,2012-11-12,17.68
4,2012-11-13,17.56
4,2012-11-14,19.16
4,2012-11-15,19.28
4,2012-11-16,17.66
4,2012-11-19,15.47
4,2012-11-20,15.3
4,2012-11-21,15.48
4,2012-11-23,15.41
4,2012-11-26,15.23
4,2012-11-27,15.98
4,2012-11-28,15.62
4,2012-11-29,15.41
4,2012-11-30,16.15
4,2012-12-03,16.16
4,2012-12-04,17.13
4,2012-12-05,16.86
4,2012-12-06,17.06
4,2012-12-07,16.24
4,2012-12-10,16.17
4,2012-12-11,15.78
4,2012-12-12,16.03
4,2012-12-13,16.71
4,2012-12-14,17.46
4,2012-12-17,16.46
4,2012-12-18,15.77
4,2012-12-19,17.39
4,2012-12-20,17.62
4,2012-12-21,17.12
4,2012-12-24,17.66
4,2012-12-26,18.64
4,2012-12-27,19.16
4,2012-12-28,23.07
4,2012-12-31,18.53
4,2013-01-02,13.3
4,2013-01-03,14.01
4,2013-01-04,13.8
4,2013-01-07,13.08
4,2013-01-08,13.21
4,2013-01-09,13.55
4,2013-01-10,13.29
4,2013-01-11,13.32
4,2013-01-14,13.64
4,2013-01-15,13.61
4,2013-01-16,13.34
4,2013-01-17,13.42
4,2013-01-18,12.14
4,2013-01-22,11.98
4,2013-01-23,11.81
4,2013-01-24,12.29
4,2013-01-25,12.45
4,2013-01-28,12.87
4,2013-01-29,12.67
4,2013-01-30,13.79
4,2013-01-31,13.99
4,2013-02-01,12.44
4,2013-02-04,13.95
4,2013-02-05,12.74
4,2013-02-06,13.01
4,2013-02-07,12.88
4,2013-02-08,12.44
4,2013-02-11,12.45
4,2013-02-12,12.26
4,2013-02-13,12.59
4,2013-02-14,12.08
4,2013-02-15,11.91
4,2013-02-19,11.37
4,2013-02-20,13.97
4,2013-02-21,14.94
4,2013-02-22,13.74
4,2013-02-25,18.74
4,2013-02-26,16.44
4,2013-02-27,14.02
4,2013-02-28,14.76
4,2013-03-01,14.65
4,2013-03-04,12.74
4,2013-03-05,12.16
4,2013-03-06,12.36
4,2013-03-07,11.99
4,2013-03-08,11.62
4,2013-03-11,11.67
4,2013-03-12,11.79
4,2013-03-13,11.77
4,2013-03-14,11.25
4,2013-03-15,10.97
4,2013-03-18,12.69
4,2013-03-19,13.43
4,2013-03-20,12
4,2013-03-21,13.96
4,2013-03-22,13.24
4,2013-03-25,13.12
4,2013-03-26,11.93
4,2013-03-27,12.45
4,2013-03-28,12.04
4,2013-04-01,12.81
4,2013-04-02,11.81
4,2013-04-03,13.63
4,2013-04-04,13.54
4,2013-04-05,13.87
4,2013-04-08,12.9
4,2013-04-09,12.22
4,2013-04-10,11.78
4,2013-04-11,11.69
4,2013-04-12,11.68
4,2013-04-15,16.23
4,2013-04-16,13.01
4,2013-04-17,15.99
4,2013-04-18,16.37
4,2013-04-19,14.27
4,2013-04-22,13.05
4,2013-04-23,12.36
4,2013-04-24,12.87
4,2013-04-25,13.28
4,2013-04-26,12.93
4,2013-04-29,12.7
4,2013-04-30,12.54
4,2013-05-01,13.79
4,2013-05-02,12.89
4,2013-05-03,12.16
4,2013-05-06,11.54
4,2013-05-07,11.66
4,2013-05-08,11.52
4,2013-05-09,12.4
4,2013-05-10,11.63
4,2013-05-13,12.47
4,2013-05-14,12.65
4,2013-05-15,12.5
4,2013-05-16,12.58
4,2013-05-17,12.24
4,2013-05-20,12.25
4,2013-05-21,12.89
4,2013-05-22,13.5
4,2013-05-23,13.7
4,2013-05-24,13.64
4,2013-05-28,13.82
4,2013-05-29,14.34
4,2013-05-30,14.12
4,2013-05-31,15.82
4,2013-06-03,15.26
4,2013-06-04,16.17
4,2013-06-05,17.34
4,2013-06-06,16.82
4,2013-06-07,14.59
4,2013-06-10,14.84
4,2013-06-11,16.77
4,2013-06-12,18.46
4,2013-06-13,16.33
4,2013-06-14,17.26
4,2013-06-17,16.75
4,2013-06-18,16.39
4,2013-06-19,16.48
4,2013-06-20,21.33
4,2013-06-21,18.91
4,2013-06-24,19.92
4,2013-06-25,18.31
4,2013-06-26,17.25
4,2013-06-27,16.7
4,2013-06-28,17.24
4,2013-07-01,16.01
4,2013-07-02,16.11
4,2013-07-03,16.18
4,2013-07-05,14.62
4,2013-07-08,14.12
4,2013-07-09,13.74
4,2013-07-10,14.25
4,2013-07-11,13.84
4,2013-07-12,13.46
4,2013-07-15,13.96
4,2013-07-16,14.21
4,2013-07-17,13.64
4,2013-07-18,13.5
4,2013-07-19,12.58
4,2013-07-22,11.81
4,2013-07-23,12.08
4,2013-07-24,12.67
4,2013-07-25,12.43
4,2013-07-26,12.08
4,2013-07-29,12.38
4,2013-07-30,12.84
4,2013-07-31,13.28
4,2013-08-01,12.71
4,2013-08-02,11.19
4,2013-08-05,10.94
4,2013-08-06,11.65
4,2013-08-07,11.98
4,2013-08-08,11.67
4,2013-08-09,12.63
4,2013-08-12,13.07
4,2013-08-13,12.39
4,2013-08-14,13.06
4,2013-08-15,14.86
4,2013-08-16,14.37
4,2013-08-19,14.31
4,2013-08-20,14.78
4,2013-08-21,15.59
4,2013-08-22,14.72
4,2013-08-23,13.91
4,2013-08-26,14.34
4,2013-08-27,16.35
4,2013-08-28,16.15
4,2013-08-29,16.71
4,2013-08-30,17.62
4,2013-09-03,16.53
4,2013-09-04,15.57
4,2013-09-05,15.71
4,2013-09-06,15.38
4,2013-09-09,15.1
4,2013-09-10,13.83
4,2013-09-11,13.17
4,2013-09-12,13.91
4,2013-09-13,13.91
4,2013-09-16,14.24
4,2013-09-17,14.19
4,2013-09-18,13.4
4,2013-09-19,13.21
4,2013-09-20,12.95
4,2013-09-23,13.63
4,2013-09-24,13.39
4,2013-09-25,13.56
4,2013-09-26,13.5
4,2013-09-27,14.68
4,2013-09-30,15.97
4,2013-10-01,14.55
4,2013-10-02,16.29
4,2013-10-03,16.86
4,2013-10-04,15.97
4,2013-10-07,18.33
4,2013-10-08,19.82
4,2013-10-09,19.01
4,2013-10-10,16.01
4,2013-10-11,14.77
4,2013-10-14,14.91
4,2013-10-15,16.91
4,2013-10-16,14.09
4,2013-10-17,12.87
4,2013-10-18,11.77
4,2013-10-21,11.54
4,2013-10-22,12.03
4,2013-10-23,12.16
4,2013-10-24,11.34
4,2013-10-25,11.62
4,2013-10-28,11.13
4,2013-10-29,12.2
4,2013-10-30,12.71
4,2013-10-31,12.54
4,2013-11-01,12.03
4,2013-11-04,11.48
4,2013-11-05,12.01
4,2013-11-06,12.01
4,2013-11-07,12.84
4,2013-11-08,12.75
4,2013-11-11,12.24
4,2013-11-12,12.23
4,2013-11-13,11.9
4,2013-11-14,11.93
4,2013-11-15,11.41
4,2013-11-18,11.76
4,2013-11-19,12.11
4,2013-11-20,12.08
4,2013-11-21,11.81
4,2013-11-22,11.45
4,2013-11-25,11.2
4,2013-11-26,11.49
4,2013-11-27,11.69
4,2013-11-29,12.71
4,2013-12-02,12.69
4,2013-12-03,12.8
4,2013-12-04,13.37
4,2013-12-05,14.24
4,2013-12-06,12.74
4,2013-12-09,12.35
4,2013-12-10,13.02
4,2013-12-11,14.61
4,2013-12-12,15.3
4,2013-12-13,15.77
4,2013-12-16,15.01
4,2013-12-17,15.15
4,2013-12-18,12.8
4,2013-12-19,12.76
4,2013-12-20,11.8
4,2013-12-23,11.42
4,2013-12-24,11
4,2013-12-26,11.22
4,2013-12-27,10.93
4,2013-12-30,11.67
4,2013-12-31,12.25
4,2014-01-02,12.59
4,2014-01-03,12.4
4,2014-01-06,11.95
4,2014-01-07,11.47
4,2014-01-08,11.71
4,2014-01-09,11.93
4,2014-01-10,11.06
4,2014-01-13,12.72
4,2014-01-14,11.59
4,2014-01-15,11.46
4,2014-01-16,11.9
4,2014-01-17,11.24
4,2014-01-21,11.3
4,2014-01-22,11.55
4,2014-01-23,12.67
4,2014-01-24,16.33
4,2014-01-27,15.61
4,2014-01-28,14.92
4,2014-01-29,16.58
4,2014-01-30,15.78
4,2014-01-31,17.44
4,2014-02-03,19.77
4,2014-02-04,17.59
4,2014-02-05,18.52
4,2014-02-06,16.55
4,2014-02-07,14.05
4,2014-02-10,13.84
4,2014-02-11,12.75
4,2014-02-12,13.48
4,2014-02-13,12.7
4,2014-02-14,12.13
4,2014-02-18,13.16
4,2014-02-19,14.24
4,2014-02-20,13.82
4,2014-02-21,12.85
4,2014-02-24,12.51
4,2014-02-25,12.79
4,2014-02-26,13.18
4,2014-02-27,12.55
4,2014-02-28,12.93
4,2014-03-03,14.5
4,2014-03-04,12.8
4,2014-03-05,12.77
4,2014-03-06,12.98
4,2014-03-07,12.97
4,2014-03-10,12.62
4,2014-03-11,13.29
4,2014-03-12,13.1
4,2014-03-13,15.54
4,2014-03-14,17.22
4,2014-03-17,14.15
4,2014-03-18,13.66
4,2014-03-19,13.44
4,2014-03-20,13.09
4,2014-03-21,13.26
4,2014-03-24,13.38
4,2014-03-25,12.73
4,2014-03-26,13.92
4,2014-03-27,14.02
4,2014-03-28,13.45
4,2014-03-31,12.55
4,2014-04-01,11.6
4,2014-04-02,11.97
4,2014-04-03,12.73
4,2014-04-04,13.42
4,2014-04-07,14.26
4,2014-04-08,14.01
4,2014-04-09,12.64
4,2014-04-10,15.55
4,2014-04-11,17.19
4,2014-04-14,15.64
4,2014-04-15,15.03
4,2014-04-16,13.53
4,2014-04-17,12.8
4,2014-04-21,12.79
4,2014-04-22,12.35
4,2014-04-23,13.13
4,2014-04-24,12.82
4,2014-04-25,13.89
4,2014-04-28,12.86
4,2014-04-29,12.65
4,2014-04-30,12.33
4,2014-05-01,12.39
4,2014-05-02,11.82
4,2014-05-05,11.84
4,2014-05-06,13.14
4,2014-05-07,12.55
4,2014-05-08,12.6
4,2014-05-09,11.6
4,2014-05-12,11.83
4,2014-05-13,12
4,2014-05-14,11.76
4,2014-05-15,12.85
4,2014-05-16,11.93
4,2014-05-19,11.64
4,2014-05-20,12.28
4,2014-05-21,11.19
4,2014-05-22,11.32
4,2014-05-23,11
4,2014-05-27,10.78
4,2014-05-28,11.06
4,2014-05-29,10.85
4,2014-05-30,10.56
4,2014-06-02,10.72
4,2014-06-03,11.09
4,2014-06-04,11.48
4,2014-06-05,11.15
4,2014-06-06,10.27
4,2014-06-09,10.07
4,2014-06-10,9.81
4,2014-06-11,10.54
4,2014-06-12,11.59
4,2014-06-13,11.22
4,2014-06-16,11.5
4,2014-06-17,10.97
4,2014-06-18,9.63
4,2014-06-19,9.22
4,2014-06-20,9.07
4,2014-06-23,8.86
4,2014-06-24,10.38
4,2014-06-25,9.76
4,2014-06-26,9.75
4,2014-06-27,9.65
4,2014-06-30,9.54
4,2014-07-01,9.17
4,2014-07-02,8.92
4,2014-07-03,8.51
4,2014-07-07,9.45
4,2014-07-08,10.53
4,2014-07-09,9.9
4,2014-07-10,10.98
4,2014-07-11,10.44
4,2014-07-14,9.98
4,2014-07-15,10.44
4,2014-07-16,9.78
4,2014-07-17,13.13
4,2014-07-18,10.24
4,2014-07-21,10.59
4,2014-07-22,9.93
4,2014-07-23,10.27
4,2014-07-24,10.36
4,2014-07-25,11.07
4,2014-07-28,10.71
4,2014-07-29,11.69
4,2014-07-30,11.87
4,2014-07-31,16.09
4,2014-08-01,16.06
4,2014-08-04,13.49
4,2014-08-05,15.25
4,2014-08-06,15.27
4,2014-08-07,15.84
4,2014-08-08,15.22
4,2014-08-11,13.98
4,2014-08-12,13.52
4,2014-08-13,12.37
4,2014-08-14,11.38
4,2014-08-15,11.73
4,2014-08-18,10.7
4,2014-08-19,10.83
4,2014-08-20,10.51
4,2014-08-21,10.83
4,2014-08-22,10.56
4,2014-08-25,10.26
4,2014-08-26,10.38
4,2014-08-27,10.89
4,2014-08-28,10.77
4,2014-08-29,10.87
4,2014-09-02,11.05
4,2014-09-03,11.15
4,2014-09-04,11.67
4,2014-09-05,10.41
4,2014-09-08,10.66
4,2014-09-09,11.8
4,2014-09-10,11.3
4,2014-09-11,11.41
4,2014-09-12,11.96
4,2014-09-15,12.53
4,2014-09-16,11.19
4,2014-09-17,10.96
4,2014-09-18,10.5
4,2014-09-19,10.19
4,2014-09-22,11.55
4,2014-09-23,13.13
4,2014-09-24,11.69
4,2014-09-25,14.6
4,2014-09-26,13.62
4,2014-09-29,14.01
4,2014-09-30,14.77
4,2014-10-01,16.04
4,2014-10-02,15.43
4,2014-10-03,13.59
4,2014-10-06,14.11
4,2014-10-07,16.06
4,2014-10-08,14.13
4,2014-10-09,18.1
4,2014-10-10,20.2
4,2014-10-13,22.53
4,2014-10-14,20.68
4,2014-10-15,23.43
4,2014-10-16,22.94
4,2014-10-17,19.93
4,2014-10-20,17.26
4,2014-10-21,14.88
4,2014-10-22,17.02
4,2014-10-23,15.92
4,2014-10-24,15.75
4,2014-10-27,15.48
4,2014-10-28,13.62
4,2014-10-29,14.1
4,2014-10-30,14.03
4,2014-10-31,13.73
4,2014-11-03,14.17
4,2014-11-04,13.96
4,2014-11-05,13.36
4,2014-11-06,13.09
4,2014-11-07,12.43
4,2014-11-10,11.44
4,2014-11-11,11.62
4,2014-11-12,12.1
4,2014-11-13,12.17
4,2014-11-14,12.06
4,2014-11-17,12.53
4,2014-11-18,12.66
4,2014-11-19,12.46
4,2014-11-20,12
4,2014-11-21,11.24
4,2014-11-24,10.75
4,2014-11-25,11
4,2014-11-26,10.88
4,2014-11-28,12.71
4,2014-12-01,13.24
4,2014-12-02,12.36
4,2014-12-03,12.08
4,2014-12-04,11.94
4,2014-12-05,11.15
4,2014-12-08,13.23
4,2014-12-09,13.44
4,2014-12-10,17.69
4,2014-12-11,18.28
4,2014-12-12,20.89
4,2014-12-15,18.38
4,2014-12-16,21.66
4,2014-12-17,17.62
4,2014-12-18,14.88
4,2014-12-19,14.63
4,2014-12-22,13.25
4,2014-12-23,13.35
4,2014-12-24,13.55
4,2014-12-26,13.62
4,2014-12-29,13.09
4,2014-12-30,13.35
4,2014-12-31,16.27
4,2015-01-02,15.69
4,2015-01-05,17.78
4,2015-01-06,18.91
4,2015-01-07,17.95
4,2015-01-08,15.11
4,2015-01-09,16.27
4,2015-01-12,17.85
4,2015-01-13,18.97
4,2015-01-14,19.96
4,2015-01-15,21.56
4,2015-01-16,19.7
4,2015-01-20,18.91
4,2015-01-21,18.34
4,2015-01-22,15.07
4,2015-01-23,15.89
4,2015-01-26,14.37
4,2015-01-27,17.52
4,2015-01-28,20.19
4,2015-01-29,18.74
4,2015-01-30,20.97
4,2015-02-02,18.57
4,2015-02-03,16.18
4,2015-02-04,17.44
4,2015-02-05,16.3
4,2015-02-06,17.27
4,2015-02-09,17.41
4,2015-02-10,16.3
4,2015-02-11,16.24
4,2015-02-12,14.94
4,2015-02-13,14.48
4,2015-02-17,15.27
4,2015-02-18,15.51
4,2015-02-19,15.02
4,2015-02-20,14.05
4,2015-02-23,13.58
4,2015-02-24,12.98
4,2015-02-25,12.84
4,2015-02-26,13.44
4,2015-02-27,13.28
4,2015-03-02,12.36
4,2015-03-03,13.34
4,2015-03-04,13.83
4,2015-03-05,13.76
4,2015-03-06,15.58
4,2015-03-09,14.66
4,2015-03-10,17.25
4,2015-03-11,17.64
4,2015-03-12,15.96
4,2015-03-13,16.88
4,2015-03-16,15.93
4,2015-03-17,16.14
4,2015-03-18,14.01
4,2015-03-19,14.19
4,2015-03-20,12.94
4,2015-03-23,12.81
4,2015-03-24,13.73
4,2015-03-25,16.07
4,2015-03-26,16.6
4,2015-03-27,16.07
4,2015-03-30,14.57
4,2015-03-31,16.05
4,2015-04-01,16.27
4,2015-04-02,15.51
4,2015-04-06,15.02
4,2015-04-07,15.06
4,2015-04-08,14.39
4,2015-04-09,13.58
4,2015-04-10,12.5
4,2015-04-13,14.53
4,2015-04-14,13.99
4,2015-04-15,12.98
4,2015-04-16,12.75
4,2015-04-17,14.47
4,2015-04-20,12.74
4,2015-04-21,13.23
4,2015-04-22,12.68
4,2015-04-23,12.68
4,2015-04-24,12.5
4,2015-04-27,13.09
4,2015-04-28,12.33
4,2015-04-29,13.46
4,2015-04-30,15.17
4,2015-05-01,12.96
4,2015-05-04,12.57
4,2015-05-05,14.95
4,2015-05-06,16
4,2015-05-07,16.07
4,2015-05-08,12.57
4,2015-05-11,13.68
4,2015-05-12,14.57
4,2015-05-13,14.32
4,2015-05-14,13.23
4,2015-05-15,12.86
4,2015-05-18,12.85
4,2015-05-19,12.6
4,2015-05-20,13.13
4,2015-05-21,12.15
4,2015-05-22,12.6
4,2015-05-26,14.36
4,2015-05-27,13.12
4,2015-05-28,13.6
4,2015-05-29,14.46
4,2015-06-01,14.12
4,2015-06-02,14.4
4,2015-06-03,14.19
4,2015-06-04,15.49
4,2015-06-05,16.55
4,2015-06-08,15.82
4,2015-06-09,15.65
4,2015-06-10,13.87
4,2015-06-11,13.25
4,2015-06-12,14.64
4,2015-06-15,15.35
4,2015-06-16,15.11
4,2015-06-17,14.94
4,2015-06-18,13.36
4,2015-06-19,14.29
4,2015-06-22,12.41
4,2015-06-23,13.04
4,2015-06-24,13.37
4,2015-06-25,14.48
4,2015-06-26,14.67
4,2015-06-29,19.05
4,2015-06-30,18.23
4,2015-07-01,16.96
4,2015-07-02,17.72
4,2015-07-06,17.49
4,2015-07-07,16.84
4,2015-07-08,20.73
4,2015-07-09,21.47
4,2015-07-10,17.77
4,2015-07-13,13.79
4,2015-07-14,13.14
4,2015-07-15,13.46
4,2015-07-16,11.72
4,2015-07-17,11.5
4,2015-07-20,11.58
4,2015-07-21,11.76
4,2015-07-22,11.62
4,2015-07-23,12.69
4,2015-07-24,14.32
4,2015-07-27,15.61
4,2015-07-28,13.14
4,2015-07-29,12.07
4,2015-07-30,12.34
4,2015-07-31,12.4
4,2015-08-03,12.38
4,2015-08-04,12.88
4,2015-08-05,12.66
4,2015-08-06,14.46
4,2015-08-07,14.76
4,2015-08-10,12.52
4,2015-08-11,14.87
4,2015-08-12,15.38
4,2015-08-13,14.85
4,2015-08-14,13.93
4,2015-08-17,13.95
4,2015-08-18,13.83
4,2015-08-19,16.17
4,2015-08-20,19.98
4,2015-08-21,28.34
4,2015-08-24,37.66
4,2015-08-25,36.23
4,2015-08-26,28.35
4,2015-08-27,26.15
4,2015-08-28,25.52
4,2015-08-31,26.48
4,2015-09-01,30.78
4,2015-09-02,25.9
4,2015-09-03,25.73
4,2015-09-04,28.04
4,2015-09-08,24.69
4,2015-09-09,26.4
4,2015-09-10,25.82
4,2015-09-11,23.79
4,2015-09-14,24.12
4,2015-09-15,22.64
4,2015-09-16,21.53
4,2015-09-17,22.03
4,2015-09-18,23.2
4,2015-09-21,20.37
4,2015-09-22,22.66
4,2015-09-23,21.67
4,2015-09-24,23.57
4,2015-09-25,23.59
4,2015-09-28,27.94
4,2015-09-29,27.1
4,2015-09-30,25.12
4,2015-10-01,23.68
4,2015-10-02,22.17
4,2015-10-05,19.47
4,2015-10-06,19.51
4,2015-10-07,18.09
4,2015-10-08,17.6
4,2015-10-09,16.67
4,2015-10-12,16.14
4,2015-10-13,17.49
4,2015-10-14,18.13
4,2015-10-15,16.17
4,2015-10-16,15.08
4,2015-10-19,14.26
4,2015-10-20,15.26
4,2015-10-21,17.1
4,2015-10-22,15.08
4,2015-10-23,14.95
4,2015-10-26,15.39
4,2015-10-27,15.98
4,2015-10-28,14.55
4,2015-10-29,15.18
4,2015-10-30,15.55
4,2015-11-02,13.79
4,2015-11-03,14.15
4,2015-11-04,15.01
4,2015-11-05,14.92
4,2015-11-06,13.87
4,2015-11-09,15.87
4,2015-11-10,15.2
4,2015-11-11,15.85
4,2015-11-12,18.42
4,2015-11-13,20.57
4,2015-11-16,17.69
4,2015-11-17,18.61
4,2015-11-18,16.29
4,2015-11-19,16.69
4,2015-11-20,15.4
4,2015-11-23,15.03
4,2015-11-24,15.24
4,2015-11-25,15.11
4,2015-11-27,15.85
4,2015-11-30,16.6
4,2015-12-01,14.84
4,2015-12-02,16.58
4,2015-12-03,19.03
4,2015-12-04,15.31
4,2015-12-07,16.22
4,2015-12-08,17.87
4,2015-12-09,20
4,2015-12-10,19.52
4,2015-12-11,25.28
4,2015-12-14,21.73
4,2015-12-15,19.93
4,2015-12-16,17.65
4,2015-12-17,19.34
4,2015-12-18,21.21
4,2015-12-21,19.44
4,2015-12-22,17.74
4,2015-12-23,16.28
4,2015-12-24,16.72
4,2015-12-28,17.04
4,2015-12-29,15.87
4,2015-12-30,16.93
4,2015-12-31,18.17
4,2016-01-04,20.93
4,2016-01-05,20.08
4,2016-01-06,21.96
4,2016-01-07,26.74
4,2016-01-08,27.67
4,2016-01-11,22.96
4,2016-01-12,22.21
4,2016-01-13,25.29
4,2016-01-14,24.67
4,2016-01-15,27.75
4,2016-01-19,25.88
4,2016-01-20,28.47
4,2016-01-21,27.32
4,2016-01-22,23.18
4,2016-01-25,24.47
4,2016-01-26,23.72
4,2016-01-27,24.38
4,2016-01-28,23.51
4,2016-01-29,21.1
4,2016-02-01,20.63
4,2016-02-02,23.04
4,2016-02-03,23.27
4,2016-02-04,23.21
4,2016-02-05,25.99
4,2016-02-08,27.4
4,2016-02-09,29.87
4,2016-02-10,28.11
4,2016-02-11,30.78
4,2016-02-12,26.9
4,2016-02-16,25.07
4,2016-02-17,23.63
4,2016-02-18,23.02
4,2016-02-19,22.33
4,2016-02-22,19.99
4,2016-02-23,22.3
4,2016-02-24,22.35
4,2016-02-25,20.71
4,2016-02-26,21.42
4,2016-02-29,22.16
4,2016-03-01,18.59
4,2016-03-02,18.09
4,2016-03-03,18.1
4,2016-03-04,18.42
4,2016-03-07,18.37
4,2016-03-08,20.18
4,2016-03-09,19.71
4,2016-03-10,19.36
4,2016-03-11,17.26
4,2016-03-14,17.11
4,2016-03-15,16.74
4,2016-03-16,15.77
4,2016-03-17,15.16
4,2016-03-18,14.66
4,2016-03-21,13.52
4,2016-03-22,14.16
4,2016-03-23,15.02
4,2016-03-24,14.91
4,2016-03-28,15.22
4,2016-03-29,13.52
4,2016-03-30,13.1
4,2016-03-31,13.8
4,2016-04-01,13.16
4,2016-04-04,13.75
4,2016-04-05,15.44
4,2016-04-06,14.02
4,2016-04-07,16.5
4,2016-04-08,15.48
4,2016-04-11,15.93
4,2016-04-12,14.69
4,2016-04-13,13.66
4,2016-04-14,13.91
4,2016-04-15,13.87
4,2016-04-18,13.46
4,2016-04-19,13.05
4,2016-04-20,13.62
4,2016-04-21,13.53
4,2016-04-22,13.49
4,2016-04-25,13.68
4,2016-04-26,14.83
4,2016-04-27,13.79
4,2016-04-28,15.39
4,2016-04-29,16.04
4,2016-05-02,14.45
4,2016-05-03,15.41
4,2016-05-04,16.75
4,2016-05-05,16.58
4,2016-05-06,15.26
4,2016-05-09,14.75
4,2016-05-10,14.01
4,2016-05-11,14.95
4,2016-05-12,14.96
4,2016-05-13,15.82
4,2016-05-16,14.58
4,2016-05-17,15.71
4,2016-05-18,16.13
4,2016-05-19,16.35
4,2016-05-20,15.26
4,2016-05-23,15.02
4,2016-05-24,13.69
4,2016-05-25,12.77
4,2016-05-26,12.7
4,2016-05-27,12.2
4,2016-05-31,13.28
4,2016-06-01,13.38
4,2016-06-02,12.72
4,2016-06-03,12.59
4,2016-06-06,12.64
4,2016-06-07,13.04
4,2016-06-08,12.91
4,2016-06-09,13.68
4,2016-06-10,15.54
4,2016-06-13,18.84
4,2016-06-14,18.38
4,2016-06-15,18.87
4,2016-06-16,20.3
4,2016-06-17,18.63
4,2016-06-20,17.09
4,2016-06-21,17.41
4,2016-06-22,20.12
4,2016-06-23,15.92
4,2016-06-24,23.27
4,2016-06-27,22.01
4,2016-06-28,17.91
4,2016-06-29,15.95
4,2016-06-30,14.77
4,2016-07-01,13.9
4,2016-07-05,14.7
4,2016-07-06,14.22
4,2016-07-07,14.19
4,2016-07-08,12.35
4,2016-07-11,12.1
4,2016-07-12,12.3
4,2016-07-13,12.22
4,2016-07-14,12.25
4,2016-07-15,11.68
4,2016-07-18,11.4
4,2016-07-19,11.21
4,2016-07-20,11.23
4,2016-07-21,10.04
4,2016-07-22,10.55
4,2016-07-25,11.88
4,2016-07-26,12.54
4,2016-07-27,12.24
4,2016-07-28,13.63
4,2016-07-29,11.52
4,2016-08-01,11.14
4,2016-08-02,12.48
4,2016-08-03,12.02
4,2016-08-04,11.81
4,2016-08-05,10.56
4,2016-08-08,10.64
4,2016-08-09,10.52
4,2016-08-10,11.09
4,2016-08-11,10.82
4,2016-08-12,10.67
4,2016-08-15,10.5
4,2016-08-16,11.45
4,2016-08-17,11.15
4,2016-08-18,10.39
4,2016-08-19,10.32
4,2016-08-22,10.56
4,2016-08-23,10.76
4,2016-08-24,12
4,2016-08-25,12.54
4,2016-08-26,12.2
4,2016-08-29,11.11
4,2016-08-30,11.27
4,2016-08-31,12.15
4,2016-09-01,12.35
4,2016-09-02,10.8
4,2016-09-06,10.32
4,2016-09-07,10.62
4,2016-09-08,11.19
4,2016-09-09,17.36
4,2016-09-12,13.39
4,2016-09-13,17.06
4,2016-09-14,16.43
4,2016-09-15,15.51
4,2016-09-16,14.8
4,2016-09-19,15.01
4,2016-09-20,15.53
4,2016-09-21,13.41
4,2016-09-22,11.84
4,2016-09-23,12.24
4,2016-09-26,14.29
4,2016-09-27,12.94
4,2016-09-28,12.25
4,2016-09-29,14.82
4,2016-09-30,13.3
4,2016-10-03,13.47
4,2016-10-04,14.05
4,2016-10-05,13.49
4,2016-10-06,13.5
4,2016-10-07,14.08
4,2016-10-10,12.49
4,2016-10-11,15.25
4,2016-10-12,15.31
4,2016-10-13,16.55
4,2016-10-14,15.99
4,2016-10-17,15.8
4,2016-10-18,15.33
4,2016-10-19,14.78
4,2016-10-20,14.01
4,2016-10-21,13.57
4,2016-10-24,13.09
4,2016-10-25,13.98
4,2016-10-26,14.71
4,2016-10-27,16.28
4,2016-10-28,17.16
4,2016-10-31,18.25
4,2016-11-01,19.3
4,2016-11-02,20.78
4,2016-11-03,22.67
4,2016-11-04,24.19
4,2016-11-07,19.13
4,2016-11-08,18.75
4,2016-11-09,14.28
4,2016-11-10,15.18
4,2016-11-11,14.19
4,2016-11-14,14.34
4,2016-11-15,13.25
4,2016-11-16,13.69
4,2016-11-17,13.22
4,2016-11-18,12.91
4,2016-11-21,11.8
4,2016-11-22,11.98
4,2016-11-23,12.04
4,2016-11-25,12.08
4,2016-11-28,12.59
4,2016-11-29,12.44
4,2016-11-30,13.32
4,2016-12-01,14.03
4,2016-12-02,14.11
4,2016-12-05,11.83
4,2016-12-06,11.26
4,2016-12-07,11.93
4,2016-12-08,12.86
4,2016-12-09,10.85
4,2016-12-12,11.56
4,2016-12-13,12.3
4,2016-12-14,12.42
4,2016-12-15,12.05
4,2016-12-16,11.58
4,2016-12-19,10.63
4,2016-12-20,10.84
4,2016-12-21,10.93
4,2016-12-22,11.09
4,2016-12-23,11.09
4,2016-12-27,11.2
4,2016-12-28,12.18
4,2016-12-29,12.91
4,2016-12-30,13.43
4,2017-01-03,11.78
4,2017-01-04,11.41
4,2017-01-05,11
4,2017-01-06,11.05
4,2017-01-09,10.73
4,2017-01-10,10.8
4,2017-01-11,10.68
4,2017-01-12,11.04
4,2017-01-13,10.62
4,2017-01-17,10.98
4,2017-01-18,11.23
4,2017-01-19,11.61
4,2017-01-20,10.5
4,2017-01-23,10.77
4,2017-01-24,10.56
4,2017-01-25,10.09
4,2017-01-26,9.39
4,2017-01-27,9.87
4,2017-01-30,10.63
4,2017-01-31,11.07
4,2017-02-01,10.83
4,2017-02-02,10.92
4,2017-02-03,10.14
4,2017-02-06,10.11
4,2017-02-07,10.09
4,2017-02-08,10.37
4,2017-02-09,10.4
4,2017-02-10,10.41
4,2017-02-13,10.34
4,2017-02-14,9.07
4,2017-02-15,10.77
4,2017-02-16,10.54
4,2017-02-17,11.27
4,2017-02-21,10.53
4,2017-02-22,10.49
4,2017-02-23,10.72
4,2017-02-24,10.65
4,2017-02-27,10.77
4,2017-02-28,11.28
4,2017-03-01,11.68
4,2017-03-02,12
4,2017-03-03,10.08
4,2017-03-06,9.76
4,2017-03-07,10.18
4,2017-03-08,10.53
4,2017-03-09,11.17
4,2017-03-10,10.5
4,2017-03-13,9.77
4,2017-03-14,10.4
4,2017-03-15,9.85
4,2017-03-16,9.29
4,2017-03-17,9.15
4,2017-03-20,9.39
4,2017-03-21,11.21
4,2017-03-22,11.85
4,2017-03-23,12.22
4,2017-03-24,13.34
4,2017-03-27,11.41
4,2017-03-28,10.43
4,2017-03-29,10.07
4,2017-03-30,9.99
4,2017-03-31,10.47
4,2017-04-03,10.45
4,2017-04-04,9.93
4,2017-04-05,11.47
4,2017-04-06,11.31
4,2017-04-07,11.66
4,2017-04-10,11.81
4,2017-04-11,12.75
4,2017-04-12,13.03
4,2017-04-13,14.4
4,2017-04-17,13.29
4,2017-04-18,13.02
4,2017-04-19,13.87
4,2017-04-20,12.67
4,2017-04-21,13.36
4,2017-04-24,9.42
4,2017-04-25,8.62
4,2017-04-26,9.65
4,2017-04-27,9.93
4,2017-04-28,9.25
4,2017-05-01,9.13
4,2017-05-02,10.19
4,2017-05-03,9.63
4,2017-05-04,10.56
4,2017-05-05,9.93
4,2017-05-08,9.61
4,2017-05-09,9.44
4,2017-05-10,9.48
4,2017-05-11,9.91
4,2017-05-12,9.56
4,2017-05-15,9.51
4,2017-05-16,10.12
4,2017-05-17,13.88
4,2017-05-18,12.69
4,2017-05-19,11.07
4,2017-05-22,9.59
4,2017-05-23,9.54
4,2017-05-24,8.97
4,2017-05-25,9.26
4,2017-05-26,9.16
4,2017-05-30,9.4
4,2017-05-31,8.74
4,2017-06-01,9.15
4,2017-06-02,9.02
4,2017-06-05,8.99
4,2017-06-06,9.73
4,2017-06-07,9.49
4,2017-06-08,9.42
4,2017-06-09,10.39
4,2017-06-12,9.36
4,2017-06-13,9.06
4,2017-06-14,9.09
4,2017-06-15,9.73
4,2017-06-16,8.89
4,2017-06-19,8.53
4,2017-06-20,9.33
4,2017-06-21,10.6
4,2017-06-22,9.23
4,2017-06-23,9.78
4,2017-06-26,8.36
4,2017-06-27,9.99
4,2017-06-28,8.61
4,2017-06-29,10.43
4,2017-06-30,10.13
4,2017-07-03,10.04
4,2017-07-05,9.73
4,2017-07-06,12.16
4,2017-07-07,9.97
4,2017-07-10,8.93
4,2017-07-11,9.3
4,2017-07-12,10.36
4,2017-07-13,8.4
4,2017-07-14,8.64
4,2017-07-17,8.07
4,2017-07-18,9.22
4,2017-07-19,8.89
4,2017-07-20,9
4,2017-07-21,7.77
4,2017-07-24,7.87
4,2017-07-25,6.32
4,2017-07-26,7.56
4,2017-07-27,8.39
4,2017-07-28,8.26
4,2017-07-31,8.65
4,2017-08-01,7.7
4,2017-08-02,8.2
4,2017-08-03,8.46
4,2017-08-04,8.9
4,2017-08-07,8.55
4,2017-08-08,9.03
4,2017-08-09,9.09
4,2017-08-10,13.86
4,2017-08-11,12.87
4,2017-08-14,9.6
4,2017-08-15,9.46
4,2017-08-16,9.37
4,2017-08-17,12.82
4,2017-08-18,12.91
4,2017-08-21,11.8
4,2017-08-22,10.04
4,2017-08-23,10.9
4,2017-08-24,11.25
4,2017-08-25,10.28
4,2017-08-28,10.05
4,2017-08-29,9.93
4,2017-08-30,9.75
4,2017-08-31,9.26
4,2017-09-01,8.94
4,2017-09-05,10.84
4,2017-09-06,9.81
4,2017-09-07,9.84
4,2017-09-08,10.76
4,2017-09-11,8.74
4,2017-09-12,8.29
4,2017-09-13,8.16
4,2017-09-14,8.29
4,2017-09-15,7.8
4,2017-09-18,7.82
4,2017-09-19,8.01
4,2017-09-20,7.85
4,2017-09-21,7.91
4,2017-09-22,7.89
4,2017-09-25,8.18
4,2017-09-26,8.49
4,2017-09-27,8.42
4,2017-09-28,8.12
4,2017-09-29,7.87
4,2017-10-02,7.47
4,2017-10-03,7.7
4,2017-10-04,7.78
4,2017-10-05,7.63
4,2017-10-06,7.85
4,2017-10-09,8.07
4,2017-10-10,7.86
4,2017-10-11,7.54
4,2017-10-12,8.05
4,2017-10-13,7.57
4,2017-10-16,7.37
4,2017-10-17,7.4
4,2017-10-18,7.53
4,2017-10-19,7.84
4,2017-10-20,7.54
4,2017-10-23,8.72
4,2017-10-24,7.97
4,2017-10-25,9.65
4,2017-10-26,9.32
4,2017-10-27,8.27
4,2017-10-30,8.69
4,2017-10-31,8.62
4,2017-11-01,8.85
4,2017-11-02,8.78
4,2017-11-03,8.09
4,2017-11-06,8.08
4,2017-11-07,8.63
4,2017-11-08,8.35
4,2017-11-09,9.26
4,2017-11-10,9.8
4,2017-11-13,9.94
4,2017-11-14,9.82
4,2017-11-15,11.36
4,2017-11-16,9.48
4,2017-11-17,9.75
4,2017-11-20,8.91
4,2017-11-21,8.13
4,2017-11-22,8.12
4,2017-11-24,8.51
4,2017-11-27,8.64
4,2017-11-28,9.03
4,2017-11-29,9.78
4,2017-11-30,10.36
4,2017-12-01,10.86
4,2017-12-04,10.46
4,2017-12-05,9.92
4,2017-12-06,9.71
4,2017-12-07,9.56
4,2017-12-08,8.54
4,2017-12-11,7.76
4,2017-12-12,8.33
4,2017-12-13,8.56
4,2017-12-14,8.69
4,2017-12-15,7.88
4,2017-12-18,7.96
4,2017-12-19,8.52
4,2017-12-20,8.4
4,2017-12-21,8.33
4,2017-12-22,8.45
4,2017-12-26,7.83
4,2017-12-27,8.9
4,2017-12-28,8.43
4,2017-12-29,9.46
4,2018-01-02,8.16
4,2018-01-03,7.99
4,2018-01-04,8.32
4,2018-01-05,8.56
4,2018-01-08,8.61
4,2018-01-09,9.19
4,2018-01-10,8.74
4,2018-01-11,8.88
4,2018-01-12,9.3
4,2018-01-16,10.8
4,2018-01-17,10.83
4,2018-01-18,11.04
4,2018-01-19,10.34
4,2018-01-22,10.05
4,2018-01-23,10.45
4,2018-01-24,11.36
4,2018-01-25,11.51
4,2018-01-26,11.47
4,2018-01-29,13.81
4,2018-01-30,14.54
4,2018-01-31,13.77
4,2018-02-01,13.44
4,2018-02-02,16.82
4,2018-02-05,35.94
4,2018-02-06,24.93
4,2018-02-07,21
4,2018-02-08,32.36
4,2018-02-09,26.16
4,2018-02-12,21.09
4,2018-02-13,20.3
4,2018-02-14,17.55
4,2018-02-15,17.26
4,2018-02-16,17.38
4,2018-02-20,18.2
4,2018-02-21,18.21
4,2018-02-22,17.77
4,2018-02-23,14.92
4,2018-02-26,14.21
4,2018-02-27,16.85
4,2018-02-28,18.14
4,2018-03-01,20.44
4,2018-03-02,19.08
4,2018-03-05,16.98
4,2018-03-06,16.75
4,2018-03-07,16.69
4,2018-03-08,16.13
4,2018-03-09,13.91
4,2018-03-12,14.07
4,2018-03-13,14.84
4,2018-03-14,15.41
4,2018-03-15,14.73
4,2018-03-16,14.11
4,2018-03-19,17.04
4,2018-03-20,16.44
4,2018-03-21,16.7
4,2018-03-22,22.11
4,2018-03-23,24.7
4,2018-03-26,20.18
4,2018-03-27,22.88
4,2018-03-28,23.79
4,2018-03-29,22.05
4,2018-04-02,25.32
4,2018-04-03,22.81
4,2018-04-04,21.9
4,2018-04-05,19.98
4,2018-04-06,22.93
4,2018-04-09,22.82
4,2018-04-10,21.16
4,2018-04-11,20.81
4,2018-04-12,19.29
4,2018-04-13,17.89
4,2018-04-16,16.19
4,2018-04-17,14.41
4,2018-04-18,14.63
4,2018-04-19,15.26
4,2018-04-20,16.72
4,2018-04-23,16.21
4,2018-04-24,18.38
4,2018-04-25,18.57
4,2018-04-26,16.92
4,2018-04-27,15.82
4,2018-04-30,16.3
4,2018-05-01,15.53
4,2018-05-02,16.74
4,2018-05-03,16.5
4,2018-05-04,15.26
4,2018-05-07,14.91
4,2018-05-08,14.71
4,2018-05-09,13.88
4,2018-05-10,13.21
4,2018-05-11,12.57
4,2018-05-14,12.37
4,2018-05-15,13.69
4,2018-05-16,12.94
4,2018-05-17,12.98
4,2018-05-18,13.31
4,2018-05-21,12.18
4,2018-05-22,12.46
4,2018-05-23,11.82
4,2018-05-24,10.53
4,2018-05-25,12.74
4,2018-05-29,15.41
4,2018-05-30,13.56
4,2018-05-31,13.98
4,2018-06-01,12.52
4,2018-06-04,11.84
4,2018-06-05,11.88
4,2018-06-06,11.38
4,2018-06-07,11.73
4,2018-06-08,11.33
4,2018-06-11,11.01
4,2018-06-12,11.07
4,2018-06-13,11.83
4,2018-06-14,10.51
4,2018-06-15,11.01
4,2018-06-18,11.18
4,2018-06-19,11.47
4,2018-06-20,11.81
4,2018-06-21,13.44
4,2018-06-22,12.85
4,2018-06-25,15.8
4,2018-06-26,15.2
4,2018-06-27,17.29
4,2018-06-28,16.18
4,2018-06-29,15.26
4,2018-07-02,14.49
4,2018-07-03,15.34
4,2018-07-05,14.96
4,2018-07-06,12.71
4,2018-07-09,11.13
4,2018-07-10,11.51
4,2018-07-11,12.44
4,2018-07-12,11.44
4,2018-07-13,11.06
4,2018-07-16,11.08
4,2018-07-17,11.01
4,2018-07-18,10.62
4,2018-07-19,11.36
4,2018-07-20,11.41
4,2018-07-23,10.91
4,2018-07-24,11.02
4,2018-07-25,10.55
4,2018-07-26,11.23
4,2018-07-27,11.54
4,2018-07-30,12.87
4,2018-07-31,11.59
4,2018-08-01,11.63
4,2018-08-02,10.86
4,2018-08-03,10.14
4,2018-08-06,9.68
4,2018-08-07,9.77
4,2018-08-08,9.7
4,2018-08-09,10.13
4,2018-08-10,11.85
4,2018-08-13,12.14
4,2018-08-14,11.26
4,2018-08-15,13.03
4,2018-08-16,11.94
4,2018-08-17,11.19
4,2018-08-20,11.06
4,2018-08-21,10.94
4,2018-08-22,10.81
4,2018-08-23,11.04
4,2018-08-24,10.98
4,2018-08-27,10.17
4,2018-08-28,10.59
4,2018-08-29,10.62
4,2018-08-30,11.68
4,2018-08-31,11.16
4,2018-09-04,11.15
4,2018-09-05,12.38
4,2018-09-06,12.88
4,2018-09-07,13.66
4,2018-09-10,12.47
4,2018-09-11,11.58
4,2018-09-12,11.32
4,2018-09-13,10.66
4,2018-09-14,10.8
4,2018-09-17,11.86
4,2018-09-18,11.38
4,2018-09-19,10.65
4,2018-09-20,10.67
4,2018-09-21,10.89
4,2018-09-24,11.11
4,2018-09-25,11.36
4,2018-09-26,11.93
4,2018-09-27,11.68
4,2018-09-28,11.3
4,2018-10-01,11
4,2018-10-02,11.18
4,2018-10-03,11.55
4,2018-10-04,14.07
4,2018-10-05,15.26
4,2018-10-08,14.88
4,2018-10-09,15.36
4,2018-10-10,22.53
4,2018-10-11,26.89
4,2018-10-12,21.16
4,2018-10-15,21.05
4,2018-10-16,17.31
4,2018-10-17,17.21
4,2018-10-18,20.08
4,2018-10-19,20.06
4,2018-10-22,19.82
4,2018-10-23,21.57
4,2018-10-24,26.81
4,2018-10-25,25.38
4,2018-10-26,27.18
4,2018-10-29,27.28
4,2018-10-30,25.47
4,2018-10-31,23.57
4,2018-11-01,21.25
4,2018-11-02,22.56
4,2018-11-05,21.55
4,2018-11-06,20.8
4,2018-11-07,16.72
4,2018-11-08,16.91
4,2018-11-09,18.09
4,2018-11-12,21
4,2018-11-13,21.45
4,2018-11-14,22.15
4,2018-11-15,21.51
4,2018-11-16,19.94
4,2018-11-19,21.88
4,2018-11-20,24.02
4,2018-11-21,22.48
4,2018-11-23,23.76
4,2018-11-26,20.39
4,2018-11-27,21.12
4,2018-11-28,20.28
4,2018-11-29,21.35
4,2018-11-30,20.75
4,2018-12-03,17.87
4,2018-12-04,22.96
4,2018-12-06,23.53
4,2018-12-07,27.13
4,2018-12-10,24.5
4,2018-12-11,24.38
4,2018-12-12,23.56
4,2018-12-13,22.52
4,2018-12-14,23.95
4,2018-12-17,25.98
4,2018-12-18,26.26
4,2018-12-19,26.42
4,2018-12-20,30.05
4,2018-12-21,32.11
4,2018-12-24,37.34
4,2018-12-26,32.83
4,2018-12-27,33.99
4,2018-12-28,31.64
4,2018-12-31,28.18
4,2019-01-02,25.14
4,2019-01-03,28.26
4,2019-01-04,24.38
4,2019-01-07,23.08
4,2019-01-08,22.3
4,2019-01-09,21.4
4,2019-01-10,21.14
4,2019-01-11,19.45
4,2019-01-14,19.61
4,2019-01-15,18.16
4,2019-01-16,18.33
4,2019-01-17,17.65
4,2019-01-18,17.76
4,2019-01-22,21.19
4,2019-01-23,20.14
4,2019-01-24,19.38
4,2019-01-25,18.25
4,2019-01-28,19.74
4,2019-01-29,20.1
4,2019-01-30,18.47
4,2019-01-31,17.1
4,2019-02-01,16.67
4,2019-02-04,15.07
4,2019-02-05,15.3
4,2019-02-06,15.28
4,2019-02-07,16.79
4,2019-02-08,16.3
4,2019-02-11,16.52
4,2019-02-12,15.65
4,2019-02-13,15.91
4,2019-02-14,16.31
4,2019-02-15,15.18
4,2019-02-19,15.08
4,2019-02-20,14.32
4,2019-02-21,14.86
4,2019-02-22,13.87
4,2019-02-25,14.18
4,2019-02-26,14.34
4,2019-02-27,14.32
4,2019-02-28,14.51
4,2019-03-01,12.88
4,2019-03-04,13.69
4,2019-03-05,14.71
4,2019-03-06,15.19
4,2019-03-07,17.1
4,2019-03-08,16.12
4,2019-03-11,14.21
4,2019-03-12,13.42
4,2019-03-13,13.15
4,2019-03-14,13.4
4,2019-03-15,12.14
4,2019-03-18,13.02
4,2019-03-19,14
4,2019-03-20,14.31
4,2019-03-21,14.4
4,2019-03-22,17.26
4,2019-03-25,17.81
4,2019-03-26,15.81
4,2019-03-27,16.76
4,2019-03-28,15.67
4,2019-03-29,14.02
4,2019-04-01,13.4
4,2019-04-02,13.11
4,2019-04-03,13.66
4,2019-04-04,13.48
4,2019-04-05,12.23
4,2019-04-08,12.36
4,2019-04-09,13.53
4,2019-04-10,12.81
4,2019-04-11,12.78
4,2019-04-12,11.74
4,2019-04-15,11.89
4,2019-04-16,12
4,2019-04-17,12.58
4,2019-04-18,12.04
4,2019-04-22,12.09
4,2019-04-23,11.86
4,2019-04-24,12.66
4,2019-04-25,12.83
4,2019-04-26,12.21
4,2019-04-29,12.27
4,2019-04-30,12.44
4,2019-05-01,13.98
4,2019-05-02,14.16
4,2019-05-03,12.65
4,2019-05-06,14.79
4,2019-05-07,20.98
4,2019-05-08,21.08
4,2019-05-09,21.87
4,2019-05-10,18
4,2019-05-13,21.19
4,2019-05-14,19.52
4,2019-05-15,17.65
4,2019-05-16,16.19
4,2019-05-17,17.03
4,2019-05-20,17.7
4,2019-05-21,15.93
4,2019-05-22,16.03
4,2019-05-23,18.5
4,2019-05-24,18.01
4,2019-05-28,19.25
4,2019-05-29,19.71
4,2019-05-30,19.42
4,2019-05-31,20.98
4,2019-06-03,20.64
4,2019-06-04,18.61
4,2019-06-05,17.62
4,2019-06-06,16.99
4,2019-06-07,17.39
4,2019-06-10,16.57
4,2019-06-11,17.07
4,2019-06-12,16.79
4,2019-06-13,17.28
4,2019-06-14,16.61
4,2019-06-17,16.42
4,2019-06-18,16.03
4,2019-06-19,15.29
4,2019-06-20,15.3
4,2019-06-21,16.29
4,2019-06-24,15.76
4,2019-06-25,17.15
4,2019-06-26,17.01
4,2019-06-27,16.93
4,2019-06-28,16.03
4,2019-07-01,13.53
4,2019-07-02,12.13
4,2019-07-03,11.94
4,2019-07-05,12.59
4,2019-07-08,12.89
4,2019-07-09,13.53
4,2019-07-10,12.59
4,2019-07-11,12.71
4,2019-07-12,12.24
4,2019-07-15,12.24
4,2019-07-16,12.46
4,2019-07-17,13.98
4,2019-07-18,13.47
4,2019-07-19,14.52
4,2019-07-22,13.07
4,2019-07-23,12.61
4,2019-07-24,12.19
4,2019-07-25,12.91
4,2019-07-26,12.33
4,2019-07-29,12.45
4,2019-07-30,13.92
4,2019-07-31,16.19
4,2019-08-01,18.6
4,2019-08-02,18.64
4,2019-08-05,26.39
4,2019-08-06,21.99
4,2019-08-07,21.48
4,2019-08-08,18.13
4,2019-08-09,19.64
4,2019-08-12,22.53
4,2019-08-13,19.06
4,2019-08-14,24.52
4,2019-08-15,24.11
4,2019-08-16,20.53
4,2019-08-19,17.83
4,2019-08-20,18.81
4,2019-08-21,17.6
4,2019-08-22,18.32
4,2019-08-23,22.89
4,2019-08-26,21.09
4,2019-08-27,22.33
4,2019-08-28,21.05
4,2019-08-29,19.26
4,2019-08-30,19.85
4,2019-09-03,20.89
4,2019-09-04,18.5
4,2019-09-05,16.43
4,2019-09-06,15.48
4,2019-09-09,15.17
4,2019-09-10,15.34
4,2019-09-11,14.55
4,2019-09-12,14.61
4,2019-09-13,14.01
4,2019-09-16,14.86
4,2019-09-17,14.45
4,2019-09-18,14.26
4,2019-09-19,14.25
4,2019-09-20,16.04
4,2019-09-23,16.04
4,2019-09-24,18.18
4,2019-09-25,16.42
4,2019-09-26,17.08
4,2019-09-27,18.18
4,2019-09-30,17.1
4,2019-10-01,19.57
4,2019-10-02,23
4,2019-10-03,21.87
4,2019-10-04,18.86
4,2019-10-07,19.13
4,2019-10-08,22.49
4,2019-10-09,20.51
4,2019-10-10,19.78
4,2019-10-11,17.12
4,2019-10-14,15.91
4,2019-10-15,14.21
4,2019-10-16,14.62
4,2019-10-17,14.44
4,2019-10-18,15.25
4,2019-10-21,13.81
4,2019-10-22,14.56
4,2019-10-23,14.26
4,2019-10-24,13.75
4,2019-10-25,12.6
4,2019-10-28,12.47
4,2019-10-29,13.13
4,2019-10-30,12.8
4,2019-10-31,13.33
4,2019-11-01,12.42
4,2019-11-04,12.31
4,2019-11-05,12.71
4,2019-11-06,12.34
4,2019-11-07,12.92
4,2019-11-08,12.36
4,2019-11-11,13.4
4,2019-11-12,13.51
4,2019-11-13,13.42
4,2019-11-14,13.65
4,2019-11-15,12.36
4,2019-11-18,12.47
4,2019-11-19,12.7
4,2019-11-20,13.25
4,2019-11-21,13.64
4,2019-11-22,13.22
4,2019-11-25,11.82
4,2019-11-26,11.77
4,2019-11-27,11.8
4,2019-11-29,13.22
4,2019-12-02,15.49
4,2019-12-03,17.12
4,2019-12-04,16.22
4,2019-12-05,15.8
4,2019-12-06,14.46
4,2019-12-09,15.57
4,2019-12-10,15.94
4,2019-12-11,15.21
4,2019-12-12,14.17
4,2019-12-13,12.29
4,2019-12-16,11.22
4,2019-12-17,11.29
4,2019-12-18,11.91
4,2019-12-19,11.34
4,2019-12-20,11.91
4,2019-12-23,11.44
4,2019-12-24,11.7
4,2019-12-26,11.91
4,2019-12-27,12.79
4,2019-12-30,14.48
4,2019-12-31,13.31
4,2020-01-02,12.01
4,2020-01-03,14.44
4,2020-01-06,13.28
4,2020-01-07,13.61
4,2020-01-08,13.14
4,2020-01-09,12.21
4,2020-01-10,12.45
4,2020-01-13,11.72
4,2020-01-14,12.46
4,2020-01-15,12.04
4,2020-01-16,11.92
4,2020-01-17,11.59
4,2020-01-21,12.58
4,2020-01-22,13.12
4,2020-01-23,13.3
4,2020-01-24,15.44
4,2020-01-27,18.67
4,2020-01-28,17.24
4,2020-01-29,17.26
4,2020-01-30,16.64
4,2020-01-31,20.05
4,2020-02-03,18.6
4,2020-02-04,15.97
4,2020-02-05,14.8
4,2020-02-06,13.49
4,2020-02-07,15.31
4,2020-02-10,14.74
4,2020-02-11,13.97
4,2020-02-12,13.38
4,2020-02-13,13.95
4,2020-02-14,14.29
4,2020-02-18,14.64
4,2020-02-19,14.08
4,2020-02-20,15.43
4,2020-02-21,17.71
4,2020-02-24,25.87
4,2020-02-25,29.53
4,2020-02-26,28.8
4,2020-02-27,42.23
4,2020-02-28,46.6
4,2020-03-02,33.14
4,2020-03-03,40.13
4,2020-03-04,32.29
4,2020-03-05,42.33
4,2020-03-06,45.77
4,2020-03-09,61.98
4,2020-03-10,53.57
4,2020-03-11,62.24
4,2020-03-12,89.8
4,2020-03-13,62.25
4,2020-03-16,93.85
4,2020-03-17,80.45
4,2020-03-18,89.61
4,2020-03-19,80.59
4,2020-03-20,73.54
4,2020-03-23,67.8
4,2020-03-24,65.03
4,2020-03-25,70.34
4,2020-03-26,64.34
4,2020-03-27,70.16
4,2020-03-30,59.21
4,2020-03-31,54.57
4,2020-04-01,63.57
4,2020-04-02,54.81
4,2020-04-03,53.51
4,2020-04-06,44.84
4,2020-04-07,49.43
4,2020-04-08,45.08
4,2020-04-09,45.01
4,2020-04-13,44.51
4,2020-04-14,39.9
4,2020-04-15,43.75
4,2020-04-16,42.18
4,2020-04-17,40.66
4,2020-04-20,44.15
4,2020-04-21,48.99
4,2020-04-22,43.51
4,2020-04-23,43.25
4,2020-04-24,37.07
4,2020-04-27,33.48
4,2020-04-28,34.11
4,2020-04-29,31.09
4,2020-04-30,32.8
4,2020-05-01,38.12
4,2020-05-04,35.07
4,2020-05-05,33.76
4,2020-05-06,34.03
4,2020-05-07,32.87
4,2020-05-08,28.85
4,2020-05-11,27.25
4,2020-05-12,32.8
4,2020-05-13,35.27
4,2020-05-14,33.87
4,2020-05-15,32
4,2020-05-18,29.06
4,2020-05-19,30.37
4,2020-05-20,28.46
4,2020-05-21,29.75
4,2020-05-22,29.33
4,2020-05-26,27.79
4,2020-05-27,26.88
4,2020-05-28,28.79
4,2020-05-29,27.24
4,2020-06-01,27.74
4,2020-06-02,25.34
4,2020-06-03,25.1
4,2020-06-04,25.53
4,2020-06-05,23.76
4,2020-06-08,24.15
4,2020-06-09,26.73
4,2020-06-10,26.32
4,2020-06-11,41.34
4,2020-06-12,35.81
4,2020-06-15,33.94
4,2020-06-16,32.25
4,2020-06-17,32.32
4,2020-06-18,31.07
4,2020-06-19,33.39
4,2020-06-22,29.56
4,2020-06-23,29.49
4,2020-06-24,33.11
4,2020-06-25,30.54
4,2020-06-26,34.35
4,2020-06-29,30.13
4,2020-06-30,27.96
4,2020-07-01,26.41
4,2020-07-02,25.19
4,2020-07-06,24.36
4,2020-07-07,26.73
4,2020-07-08,25.53
4,2020-07-09,27.14
4,2020-07-10,25.29
4,2020-07-13,29.81
4,2020-07-14,27.31
4,2020-07-15,26.11
4,2020-07-16,25.88
4,2020-07-17,24.16
4,2020-07-20,22.05
4,2020-07-21,23.42
4,2020-07-22,22.76
4,2020-07-23,24.44
4,2020-07-24,24.41
4,2020-07-27,22.34
4,2020-07-28,23.72
4,2020-07-29,22.26
4,2020-07-30,24.2
4,2020-07-31,22.1
4,2020-08-03,22.07
4,2020-08-04,21.01
4,2020-08-05,20.57
4,2020-08-06,19.51
4,2020-08-07,20.37
4,2020-08-10,19.15
4,2020-08-11,22.51
4,2020-08-12,19.68
4,2020-08-13,20.27
4,2020-08-14,19.98
4,2020-08-17,19.35
4,2020-08-18,18.7
4,2020-08-19,20.77
4,2020-08-20,19.69
4,2020-08-21,19.7
4,2020-08-24,18.85
4,2020-08-25,19.29
4,2020-08-26,20.21
4,2020-08-27,22.18
4,2020-08-28,20.53
4,2020-08-31,22.7
4,2020-09-01,21.84
4,2020-09-02,24.17
4,2020-09-03,30.3
4,2020-09-04,29.71
4,2020-09-08,32.03
4,2020-09-09,28.47
4,2020-09-10,31.19
4,2020-09-11,27.82
4,2020-09-14,26.01
4,2020-09-15,25.13
4,2020-09-16,26.46
4,2020-09-17,26.73
4,2020-09-18,27.24
4,2020-09-21,27.71
4,2020-09-22,27.58
4,2020-09-23,30.58
4,2020-09-24,30.84
4,2020-09-25,28.22
4,2020-09-28,28.2
4,2020-09-29,28.97
4,2020-09-30,29.16
4,2020-10-01,29.27
4,2020-10-02,31
4,2020-10-05,28.2
4,2020-10-06,29.86
4,2020-10-07,27.64
4,2020-10-08,26.43
4,2020-10-09,24.55
4,2020-10-12,25.12
4,2020-10-13,26.68
4,2020-10-14,27.03
4,2020-10-15,28.8
4,2020-10-16,28.38
4,2020-10-19,31.04
4,2020-10-20,30.4
4,2020-10-21,30.89
4,2020-10-22,29.54
4,2020-10-23,29.78
4,2020-10-26,34.56
4,2020-10-27,34.96
4,2020-10-28,42.71
4,2020-10-29,39.62
4,2020-10-30,41.47
4,2020-11-02,39.74
4,2020-11-03,36.49
4,2020-11-04,31.11
4,2020-11-05,28.44
4,2020-11-06,26.4
4,2020-11-09,25.8
4,2020-11-10,25.33
4,2020-11-11,22.9
4,2020-11-12,25.85
4,2020-11-13,22.8
4,2020-11-16,22.25
4,2020-11-17,22.36
4,2020-11-18,23.69
4,2020-11-19,22.53
4,2020-11-20,23.72
4,2020-11-23,22.12
4,2020-11-24,21.39
4,2020-11-25,20.86
4,2020-11-27,21.57
4,2020-11-30,21.79
4,2020-12-01,21.78
4,2020-12-02,21.81
4,2020-12-03,21.94
4,2020-12-04,21.16
4,2020-12-07,20.76
4,2020-12-08,20.22
4,2020-12-09,21.57
4,2020-12-10,22.25
4,2020-12-11,22.38
4,2020-12-14,23.94
4,2020-12-15,22.2
4,2020-12-16,21.59
4,2020-12-17,20.89
4,2020-12-18,21.78
4,2020-12-21,23.27
4,2020-12-22,23.12
4,2020-12-23,21.65
4,2020-12-24,21
4,2020-12-28,20.13
4,2020-12-29,21.46
4,2020-12-30,21.54
4,2020-12-31,21.05
4,2021-01-04,24.9
4,2021-01-05,23.69
4,2021-01-06,23.28
4,2021-01-07,20.87
4,2021-01-08,19.66
4,2021-01-11,22.65
4,2021-01-12,22.34
4,2021-01-13,20.81
4,2021-01-14,22.05
4,2021-01-15,23.19
4,2021-01-19,21.48
4,2021-01-20,20.65
4,2021-01-21,19.99
4,2021-01-22,20.93
4,2021-01-25,20.92
4,2021-01-26,21.61
4,2021-01-27,34.22
4,2021-01-28,27.89
4,2021-01-29,31.36
4,2021-02-01,27.21
4,2021-02-02,23.37
4,2021-02-03,22.63
4,2021-02-04,20.08
4,2021-02-05,20.14
4,2021-02-08,18.98
4,2021-02-09,19.94
4,2021-02-10,20.49
4,2021-02-11,20.7
4,2021-02-12,18.94
4,2021-02-16,20.12
4,2021-02-17,20.46
4,2021-02-18,20.56
4,2021-02-19,21.05
4,2021-02-22,21.93
4,2021-02-23,21.96
4,2021-02-24,20.18
4,2021-02-25,28.43
4,2021-02-26,28.51
4,2021-03-01,21.89
4,2021-03-02,23.31
4,2021-03-03,26.18
4,2021-03-04,28.3
4,2021-03-05,25.22
4,2021-03-08,26.87
4,2021-03-09,24.07
4,2021-03-10,22.28
4,2021-03-11,21.23
4,2021-03-12,20.17
4,2021-03-15,18.9
4,2021-03-16,20.57
4,2021-03-17,18.11
4,2021-03-18,20.14
4,2021-03-19,19.92
4,2021-03-22,17.59
4,2021-03-23,19.3
4,2021-03-24,19.93
4,2021-03-25,19.53
4,2021-03-26,17.23
4,2021-03-29,18.43
4,2021-03-30,17.26
4,2021-03-31,19.32
4,2021-04-01,15.82
4,2021-04-05,15.93
4,2021-04-06,16.71
4,2021-04-07,15.62
4,2021-04-08,15.48
4,2021-04-09,15.36
4,2021-04-12,16.75
4,2021-04-13,16.01
4,2021-04-14,16.16
4,2021-04-15,15.77
4,2021-04-16,15.37
4,2021-04-19,16.51
4,2021-04-20,17.9
4,2021-04-21,16.56
4,2021-04-22,18.47
4,2021-04-23,16.88
4,2021-04-26,16.46
4,2021-04-27,16.69
4,2021-04-28,16.3
4,2021-04-29,16.58
4,2021-04-30,17.27
4,2021-05-03,16.84
4,2021-05-04,18.21
4,2021-05-05,18.51
4,2021-05-06,16.71
4,2021-05-07,16.14
4,2021-05-10,17.74
4,2021-05-11,20.56
4,2021-05-12,26.07
4,2021-05-13,22.71
4,2021-05-14,18.41
4,2021-05-17,19.19
4,2021-05-18,19.94
4,2021-05-19,20.73
4,2021-05-20,19.19
4,2021-05-21,18.73
4,2021-05-24,16.77
4,2021-05-25,17.53
4,2021-05-26,16.44
4,2021-05-27,15.99
4,2021-05-28,15.57
4,2021-06-01,16.29
4,2021-06-02,16.01
4,2021-06-03,16.81
4,2021-06-04,15.28
4,2021-06-07,14.56
4,2021-06-08,15.27
4,2021-06-09,16.61
4,2021-06-10,14.27
4,2021-06-11,13.69
4,2021-06-14,14.21
4,2021-06-15,14.82
4,2021-06-16,15.91
4,2021-06-17,15.34
4,2021-06-18,19.18
4,2021-06-21,15.67
4,2021-06-22,14.43
4,2021-06-23,14.18
4,2021-06-24,13.97
4,2021-06-25,13.04
4,2021-06-28,12.83
4,2021-06-29,13.15
4,2021-06-30,13.17
4,2021-07-01,12.61
4,2021-07-02,13.02
4,2021-07-06,13.69
4,2021-07-07,13.79
4,2021-07-08,17.04
4,2021-07-09,13.88
4,2021-07-12,13.92
4,2021-07-13,15.1
4,2021-07-14,14.36
4,2021-07-15,15.62
4,2021-07-16,16.97
4,2021-07-19,21.14
4,2021-07-20,17.67
4,2021-07-21,15.97
4,2021-07-22,15.96
4,2021-07-23,15.16
4,2021-07-26,15.08
4,2021-07-27,16.36
4,2021-07-28,15.93
4,2021-07-29,15.41
4,2021-07-30,16.21
4,2021-08-02,17.09
4,2021-08-03,14.91
4,2021-08-04,15.98
4,2021-08-05,14.84
4,2021-08-06,14.72
4,2021-08-09,13.56
4,2021-08-10,14.38
4,2021-08-11,13.77
4,2021-08-12,13.58
4,2021-08-13,13.3
4,2021-08-16,13.94
4,2021-08-17,15.4
4,2021-08-18,19.29
4,2021-08-19,18.81
4,2021-08-20,16.57
4,2021-08-23,14.23
4,2021-08-24,14.4
4,2021-08-25,14.19
4,2021-08-26,16.17
4,2021-08-27,13.82
4,2021-08-30,13.5
4,2021-08-31,13.73
4,2021-09-01,13.98
4,2021-09-02,13.89
4,2021-09-03,13.73
4,2021-09-07,15.2
4,2021-09-08,14.92
4,2021-09-09,16.96
4,2021-09-10,18.74
4,2021-09-13,17.18
4,2021-09-14,17.85
4,2021-09-15,17.6
4,2021-09-16,16.53
4,2021-09-17,19.19
4,2021-09-20,23.81
4,2021-09-21,23.53
4,2021-09-22,20.02
4,2021-09-23,17.87
