date,crude_petro,crude_brent,crude_dubai,ngas_us,ngas_eur,cocoa,coffee_arabic,coffee_robus,tea_avg,tea_colombo,tea_kolkata,tea_mombasa,coconut_oil,grnut_oil,palm_oil,soybeans,soybean_oil,soybean_meal,barley,maize,sorghum,rice_05,wheat_us_hrw,banana_us,orange,beef,chicken,shrimp_mex,sugar_eu,sugar_us,sugar_wld,tobac_us,logs_mys,sawnwd_mys,cotton_a_indx,rubber1_mysg,phosrock,tsp,urea_ee_bulk,potash,aluminium,iron_ore,copper,lead,tin,nickel,zinc,gold,platinum,silver,dap,coal_aus,logs_cmr,sawnwd_cmr,lamb,ngas_jp,i_natgas,fish_meal,wheat_us_srw,plywood,grnut,crude_wti,coal_safrica,rice_25,rice_a1,plmkrnl_oil,banana_eu,rubber_tsr20,rapeseed_oil,sunflower_oil,rice_05_vnm
1960-01-01,NA,NA,NA,NA,NA,NA,NA,NA,NA,NA,NA,NA,NA,NA,NA,NA,NA,NA,NA,NA,NA,NA,NA,NA,NA,NA,NA,NA,NA,NA,NA,NA,NA,NA,NA,NA,NA,NA,NA,NA,NA,NA,NA,NA,NA,NA,NA,NA,NA,NA,NA,NA,NA,NA,NA,NA,NA,NA,NA,NA,NA,NA,NA,NA,NA,NA,NA,NA,NA,NA,NA
1960-02-01,0,0,0,0,0,-4.187407247105895,0.6356626976734461,-1.1774192895928237,0,0,0,0,-2.86105340412659,2.0741484306816105,-1.7316450011460205,-3.243527575315408,-1.4815085785140347,-5.824714557514543,0.22397488075660554,-2.2472855852058604,0,-0.8750476528819107,1.8200370031993707,0,-5.262025241703183,0.9311579695210292,0.01874763771980703,4.512043528046944,0,1.8692133012152556,1.9331457018306963,0,0,0,-0.5100868931423475,0.7994228620630678,0,0,0,0,0,0,1.772017633105083,-1.1713164663652798,0,0,-6.290386609437615,0,0,0,NA,NA,NA,NA,NA,NA,NA,NA,NA,NA,NA,NA,NA,NA,NA,NA,NA,NA,NA,NA,NA
1960-03-01,0,0,0,0,0,-4.904513088120815,-2.0054005388107212,0,0,0,0,0,-4.8658246749545775,-0.8836581800498067,-1.7621601349819827,1.0929070532190721,0,-3.044731680759405,1.4963639278270602,2.2472855852058604,-10.821358464023279,0.2411615503442377,1.2060120097439508,0,18.886299641246396,7.73926393301157,0.137586343461793,0,0,1.8349138668196652,0.5873732012093846,0,0,0,0.17031822650915296,3.403826971905705,0,0,0,0,0,0,-6.123075997095562,3.188675947589381,-0.30315580610391635,0,1.5397386851237371,0,0,0,NA,NA,NA,NA,NA,NA,NA,NA,NA,NA,NA,NA,NA,NA,NA,NA,NA,NA,NA,NA,NA
1960-04-01,0,0,0,0,0,3.296254931102738,0.23676291731657972,-0.610054380814401,0,0,0,0,-6.583206284986165,-1.4903405502574962,0,1.0810916104215806,2.9413885206293067,3.044731680759405,-0.3875529484174134,0,0,-2.7546183960968307,-1.2060120097439508,0,3.281427897921807,8.516841819473978,0.3978987254305011,11.12256351102247,0,1.8018505502678028,-0.29325534212780724,0,0,0,-0.44964801707042534,0.7666433181295201,0,0,0,0,0,0,5.423011124614074,1.557002437738575,0.20220595124991192,0,2.344633531394713,0,0,0,NA,NA,NA,NA,NA,NA,NA,NA,NA,NA,NA,NA,NA,NA,NA,NA,NA,NA,NA,NA,NA
1960-05-01,0,0,0,0,0,0.300400759948094,-1.1133444731426925,0.8977306096888793,0,0,0,0,-5.160477235300309,0.5988041844622316,0,0,0.9615458699442136,-6.18508635396795,-0.1550793408027218,6.4538521137571525,0,1.1618878247401376,-5.5626068039567045,4.05423915546419,5.772888775623897,-10.2473517056102,0.0033424631815437422,5.129329438755037,0,-1.8018505502678028,0.29325534212780724,0,0,0,0.5115100666770511,7.13352621035144,0,0,0,0,0,0,-5.450754628796606,-0.09367682183869519,-0.7141406562943153,0,-0.3147130843019319,0,0,0,NA,NA,NA,NA,NA,NA,NA,NA,NA,NA,NA,NA,NA,NA,NA,NA,NA,NA,NA,NA,NA
1960-06-01,0,0,0,0,0,-0.9543814591917665,-0.8404786691657382,0.8897430607183454,0,0,0,0,-11.195890737039438,-0.2989538848365392,-2.7028672387919173,-2.1739986636406528,4.216081082427792,-1.4833399294101213,-2.3545870372598365,-2.1053409197832718,2.81708769666964,0.9548007064346997,-3.906125282216699,0,-4.17169008313325,-6.628561637509344,0.20433271895088367,0,0,3.5718082602079093,-2.520518903040081,0,0,0,1.397121059673806,-3.8664893078176403,0,0,0,0,0,0,0.9939486336427272,-5.292240145434235,1.0166850080852718,0,-1.5885957588809951,0,0,0,NA,NA,NA,NA,NA,NA,NA,NA,NA,NA,NA,NA,NA,NA,NA,NA,NA,NA,NA,NA,NA
1960-07-01,0,0,0,0,0,1.6849176651297926,0.4047481322701649,-0.8897430607183454,0,0,0,0,3.7611270745783187,0.5970166986503322,0.9090971701251505,1.0929070532190721,2.7150989065950704,-3.291436357911426,-0.44193559655982817,0,10.28573854397079,-1.0527439072124167,-1.3245226750020933,0,-6.9508734278891815,5.458024196964445,0.12704021223204354,-1.257878220686004,0,5.129329438755059,8.901137765629663,0,0,0,0.1980047863423151,-12.624634410576752,0,0,0,0,0,0,1.5495510837896909,-3.111139028204768,2.8827980283291588,0,-0.44132468821178605,0,0,0,NA,NA,NA,NA,NA,NA,NA,NA,NA,NA,NA,NA,NA,NA,NA,NA,NA,NA,NA,NA,NA
1960-08-01,0,0,0,0,0,-2.7334643934952885,1.4307636222123805,1.1740567789395084,0,0,0,0,-2.0339684237122846,0,1.7937700686667668,1.0810916104215806,5.641408928009195,0,0.4749368803046661,0,-2.281467776617152,7.237763157354582,0.6735258008792933,-15.9837962744517,0,4.602119272492855,0.2677425341860218,-9.278173345096624,0,-3.390155167568132,1.7699577099401065,0,0,0,-0.5798886996143282,-8.772781700687037,0,0,0,0,0,0,-3.8384490610167354,-0.4597709248630011,-1.9806184913572444,0,-3.145041731870446,0,0,0,NA,NA,NA,NA,NA,NA,NA,NA,NA,NA,NA,NA,NA,NA,NA,NA,NA,NA,NA,NA,NA
1960-09-01,0,0,0,0,0,-0.9394551970866027,-0.712822977253398,0.5662138387759585,0,0,0,0,-5.635293655113216,-3.945883674054773,-0.4454350349380576,-1.0810916104215806,-2.5642430613338263,6.357280401761223,0.6299816395054503,-2.150620522096336,-10.821358464023279,5.661136787444665,2.631966444902911,8.314534195626289,0,3.3300809037481978,0.5395035559948358,-4.255961441879574,0,3.390155167568132,-2.18289704414123,0,0,0,1.27738963205421,0.9113567635114728,0,0,0,0,0,0,-4.3665288802887225,-1.3402262462312464,0.9974582281197186,0,-0.37414302634468655,0,0,0,NA,NA,NA,NA,NA,NA,NA,NA,NA,NA,NA,NA,NA,NA,NA,NA,NA,NA,NA,NA,NA
1960-10-01,0,0,0,0,0,0.5305960244604613,0.11915724748442214,0.5630400483237985,0,0,0,0,1.4388737452099676,-4.1080025743464255,-0.8968669982760247,-4.445176257083361,2.5642430613338263,-9.760750262112428,-2.6888043241406034,-9.097177820572666,0,-0.769533865388361,0.6341398738759274,11.03480571688651,0,-13.079840376845384,-0.14951001696215105,6.995858860691034,0,-1.6807118316381153,-29.831309469289025,0,0,0,0.5725494019486965,-5.931963176207761,0,0,0,0,0,0,-5.462889310895491,-3.9698253208241496,0,0,0.9121124595272256,0,0,0,NA,NA,NA,NA,NA,NA,NA,NA,NA,NA,NA,NA,NA,NA,NA,NA,NA,NA,NA,NA,NA
1960-11-01,0,0,0,0,0,-2.821965150639627,-1.3186046227035189,0.31143405077661,0,0,0,0,-2.166149678117879,-2.283949196982338,0,2.247285585205816,8.876792056440586,-9.052802403824955,-2.70244269344726,-10.008345855698275,0,-0.679326772033928,1.2910158375606606,-19.34146558674785,14.124153105048975,-11.16566088689359,-0.11924666368166026,0,0,0,-3.402974858631147,0,0,0,-0.07514842166232993,-8.727660787466874,0,0,0,0,0,0,4.698064260751611,1.5537414094906055,-0.9974582281197186,0,-0.37213191590490524,0,0,0,NA,NA,NA,NA,NA,NA,NA,NA,NA,NA,NA,NA,NA,NA,NA,NA,NA,NA,NA,NA,NA
1960-12-01,0,0,0,0,0,-8.364885081362527,-1.214008950405794,-1.72500165609753,0,0,0,0,-8.36990188766471,-0.6622540760493401,0.44943895878395423,3.2789822822991255,0,14.115531773518164,2.224977152965435,5.129329438755059,2.81708769666964,-1.558884886305556,0.6220859875102569,15.975921948686755,-22.516171547044685,4.752181896452024,0.8711532868393324,-6.995858860691034,0,0,19.97961873172187,0,0,0,-0.030075188196621028,-1.4105058339704046,0,0,0,0,0,0,-0.8162417096987618,-4.84712357661552,-0.7009906259451526,0,-5.623287123545584,0,0,0,NA,NA,NA,NA,NA,NA,NA,NA,NA,NA,NA,NA,NA,NA,NA,NA,NA,NA,NA,NA,NA
1961-01-01,-3.750446566704074,-3.750446566704074,-3.750446566704074,6.8992871486951435,0,-7.696104113612845,1.531625996344914,-2.9536604478921147,-7.8667847975695135,-4.148056014725922,-13.621007470916362,-5.264413990696378,6.5282292090415694,9.500811062818748,0,9.23733201310144,7.079305199109953,7.789824832750281,3.247877975126645,7.232066157962613,5.4067221270275745,0.7164051336330246,1.2667064270263317,-15.975921948686755,-3.8614836127779384,-4.406269601848201,0.6007419683723647,0,1.6086137751624374,-1.7094433359300165,1.7174504889910125,-10.535603762529444,3.446494960601143,1.8611072787201088,-0.19570950921199426,-3.248317089473318,0,-1.9048194970694432,0,5.129329438755059,0,-3.565440050309565,-4.857744088276927,-1.8586848797317757,-1.2178739191120336,4.788467127117979,-4.572737463888643,-0.05672149896831513,0,0,NA,NA,NA,NA,NA,NA,NA,NA,NA,NA,NA,NA,NA,NA,NA,NA,NA,NA,NA,NA,NA
1961-02-01,0,0,0,0,0,0.6371411955618633,0.24027971368095202,0,0,0,0,0,4.364328973190634,5.295354682536413,2.2173857494322213,11.122563511022499,8.61116918187319,10.23113752633078,1.2487073689350314,2.2989518224698635,2.597548640326064,-3.5431303822704763,0.6273865428434888,0,-2.3905520853554574,0.34471986502386254,0.7031051788899401,1.4388737452099398,0,-1.7391742711869274,-3.144913268250349,0,0,0,2.205752616140394,-4.1364079057016445,0,0,0,0,0,0,1.6218250753756713,2.248548921297555,1.117330059812538,0,4.572737463888643,0,0,0,NA,NA,NA,NA,NA,NA,NA,NA,NA,NA,NA,NA,NA,NA,NA,NA,NA,NA,NA,NA,NA
1961-03-01,0,0,0,0,0,-6.343280200040525,-0.6786365800067264,-1.2129298595495386,0,0,0,0,-1.795380361659582,6.650649744138892,1.3072081567352178,5.9592097202245675,2.6060106669865135,4.039907212021099,-0.703302291716712,0,0,7.160693419317887,-1.8940929698698206,11.921682793222566,10.374631030328496,20.224788200363093,0.4384424678298693,-1.4388737452099398,0,-1.7699577099401065,0,0,0,0,-0.5320733805880162,6.671940509687496,0,0,0,0,0,0,0.748050568374925,0.9955834445637635,2.7821529766018926,0,2.1674017048361804,0,0,0,NA,NA,NA,NA,NA,NA,NA,NA,NA,NA,NA,NA,NA,NA,NA,NA,NA,NA,NA,NA,NA
1961-04-01,0,0,0,0,0,-5.0822352092249385,-0.9712028661801666,-0.595433044749305,0,0,0,0,-2.5689486115310523,-1.0781775603288857,0.862074304390692,6.402185876493061,3.4758633365174596,11.676729153654808,-1.2097989179639779,-2.2989518224698635,-2.597548640326064,-2.1304817492556083,-1.265510518392965,0,4.3467925527316265,-9.749759473097185,0.7649013307189367,0,0,0,6.493780243654745,0,0,0,-0.3265551365643937,3.858897155835855,0,0,0,0,0,0,1.688652367757193,1.7998849676199136,2.611572854351696,0,-0.818088523894378,0,0,0,NA,NA,NA,NA,NA,NA,NA,NA,NA,NA,NA,NA,NA,NA,NA,NA,NA,NA,NA,NA,NA
1961-05-01,0,0,0,0,0,10.74712859546576,-0.9807277982690182,-0.33234125943191195,0,0,0,0,-4.175179468022172,-4.71654684424303,0.4282661792001541,-5.579135962841519,-2.515855963615543,-1.455894687556647,0.5457031828307368,4.546237407675724,10.008345855698275,3.623739343803045,-2.5980077444761385,-10.35915100291449,0,-10.819748592289768,0.20350792630754455,-1.4598799421153053,0,5.21857531705705,5.1068718274019265,0,0,0,0.8143970383627297,0.6858951285889148,0,0,0,0,0,0,5.6310441796842525,-0.7596346891934225,2.9202894869621687,0,-1.8325120125880723,0,0,0,NA,NA,NA,NA,NA,NA,NA,NA,NA,NA,NA,NA,NA,NA,NA,NA,NA,NA,NA,NA,NA
1961-06-01,0,0,0,0,0,1.2096508340753043,-0.4264877396077463,0.6304859517167694,0,0,0,0,-5.98981415810691,-6.453852113757108,-0.4282661792001541,-6.782259633876109,-6.241762956843289,-10.220834466098161,-1.8351962332472826,-2.2472855852058604,6.899287148695121,1.6444187506551522,-2.667308631088483,-6.402185876493105,40.159063600060584,6.044917916957099,-0.1711757168616712,1.4598799421153053,0,0,-7.072165617541293,0,0,0,-0.2510152665371246,-5.9857865980885325,0,0,0,0,0,0,-2.4718045263727895,-2.8731258040481045,3.7331942673430873,0,-4.181323861265263,0,0,0,NA,NA,NA,NA,NA,NA,NA,NA,NA,NA,NA,NA,NA,NA,NA,NA,NA,NA,NA,NA,NA
1961-07-01,0,0,0,0,0,-3.1886759475894033,0.4264877396077463,0.2972883524644476,0,0,0,0,0.8196767204179167,-0.6079046076381545,-1.7316450011460205,-1.769957709940151,-4.506828540170638,1.411313747646492,2.7709478213526317,2.2472855852058604,0,1.6421266839694582,3.9835851950107415,8.701137698962969,-37.33767935566637,-1.3087634755367672,0.32607535306079516,2.857337244405589,0,-1.7094433359300165,-7.281696792535497,0,0,0,-0.10354264662963963,0.3621999349896987,0,0,0,0,0,0,-2.914224790335229,0.22396425935049535,2.1216380649057065,0,-1.4335505614124777,0,0,0,NA,NA,NA,NA,NA,NA,NA,NA,NA,NA,NA,NA,NA,NA,NA,NA,NA,NA,NA,NA,NA
1961-08-01,0,0,0,0,0,0.8797710703529193,0.0671742076311918,0,0,0,0,0,1.2170535620255052,-2.157248525412836,-1.318700428195374,-10.337835445383448,-2.1506205220964247,2.569311292395504,1.1389487924193809,-2.2472855852058604,-2.2472855852058604,-3.110849928227921,3.8139481259731767,0,0,3.8903988657752686,0.3755774317040883,14.403937022293773,0,-5.310982531394837,-12.768410663909524,0,0,0,-0.5937378285310102,1.078794378674064,0,0,0,0,0,0,0.4850937961310642,-0.22396425935049535,3.355888678469654,0,-1.8331888217527847,0,0,0,NA,NA,NA,NA,NA,NA,NA,NA,NA,NA,NA,NA,NA,NA,NA,NA,NA,NA,NA,NA,NA
1961-09-01,0,0,0,0,0,-3.0706488736136572,-0.4936619472389381,0.591908614910136,0,0,0,0,-2.036730282443422,-6.433085838114039,0,-3.0153038170687374,-3.315220731689994,-10.807422152942259,0.22159239282273369,-2.2989518224698635,2.2472855852058604,-0.5364190215750853,1.8537773862207452,10.01195329423692,0,1.5714609098470222,-0.19625116780828122,4.762804898925466,0,0,1.113184036884407,0,0,0,0.29730956937953357,0.35702731855275505,0,0,0,0,0,0,-0.5909297918250012,-1.1274076573218217,0.9243763299539687,0,-3.4261493434446955,0,0,0,NA,NA,NA,NA,NA,NA,NA,NA,NA,NA,NA,NA,NA,NA,NA,NA,NA,NA,NA,NA,NA
1961-10-01,0,0,0,0,0,-1.0158954764160621,-0.4396106950198722,0,0,0,0,0,-2.9229638314937745,-2.693765573180773,0,0,1.117330059812538,-5.933469326254404,3.9918425400153446,10.247262879353691,-11.778303565638337,1.111540423446744,0.6158987425783913,-10.01195329423692,0,-4.47868486653189,0.012100567130790552,2.2989518224698746,0,1.8018505502678028,-2.806545289828355,0,0,0,0.39997090578111627,-4.016073040212476,0,0,0,0,0,0,-0.38320896920973624,-2.2356907101276136,-0.9243763299539687,0,-2.737170133687261,0,0,0,NA,NA,NA,NA,NA,NA,NA,NA,NA,NA,NA,NA,NA,NA,NA,NA,NA,NA,NA,NA,NA
1961-11-01,0,0,0,0,0,4.357293239780214,-0.2488407572934559,-0.2955163633338753,0,0,0,0,0,1.355952978563213,0,2.0202707317519497,-1.8692133012153,5.933469326254404,1.8334080618664483,1.6240207022813369,2.46926125903717,6.437228391667471,2.4101502703649302,12.114438335908817,16.270688175845404,-5.7193293505107325,0.5193884572135099,1.1299555253933335,0,1.7699577099401065,-3.4752531990839497,0,0,0,-1.8050762353229777,-8.937504515071037,0,0,0,0,0,0,0.31364374901299286,-3.600270808430661,2.340108679504116,0,-3.282345944654974,0,0,1.0235280991531024,NA,NA,NA,NA,NA,NA,NA,NA,NA,NA,NA,NA,NA,NA,NA,NA,NA,NA,NA,NA,NA
1961-12-01,0,0,0,0,0,11.556204640359912,-0.6362211871846477,-0.5936806040407083,0,0,0,0,0.42283361095210026,7.145896398214457,0,0.9950330853167877,0,1.0810916104215806,0.7053451725412607,0,0,-6.620241503226687,1.1756315449128252,-7.669262078825412,-38.867396436027036,12.35738022880904,0.311959019208885,3.3152207316900384,0,1.7391742711869274,-4.418389346793328,0,0,0,-0.573673070881553,3.2117429882180026,0,0,0,0,0,0,0.4056416506605487,0.18012613696400948,-1.8348444466964153,0,2.624282319574167,0,0,11.267849022557947,NA,NA,NA,NA,NA,NA,NA,NA,NA,NA,NA,NA,NA,NA,NA,NA,NA,NA,NA,NA,NA
1962-01-01,-3.236528450203169,-3.236528450203169,-3.236528450203169,6.453852113757108,0,-16.239904436938136,0,0.2972883524644476,2.2029153498994973,-3.593197233329541,12.111546204928935,-3.1794598790779185,4.092325521600237,2.763956203687812,4.2830595399248494,0.4051188782645099,0,-14.807597828078745,-1.478336224284238,-0.8087135833179548,8.2591052629303,-1.942135111524479,-2.973653177129343,-5.205636195605345,-4.926152877867818,5.649544231573117,-0.36725067972251946,0,1.5831465216680662,0,-4.622671749523333,-10.676247927636684,9.596991923119047,5.182375638483805,-0.10603651678988135,2.712866738825259,-12.260232209233246,-1.9418085857101808,0,0,0,-0.09078529901800358,0.08187558518200078,-2.3059274148748976,-0.33655900510991543,2.880383460401248,-1.6901810802602668,-0.05675369051316714,0,0.9248620837661287,NA,NA,NA,NA,NA,NA,NA,NA,NA,NA,NA,NA,NA,NA,NA,NA,NA,NA,NA,NA,NA
1962-02-01,0,0,0,0,0,7.493276580755115,-0.04559963599305161,0,0,0,0,0,0.6861782725477106,-9.145107478183157,0.4694546463596794,-0.8118856477658198,-2.2901764286684667,-2.909756199576652,0.7150745011286652,0,0,1.173157734814012,1.1968336975360927,3.7457562534900735,2.0578874181654605,-0.5784922785452062,0.04670256280128182,2.150620522096347,0,0,6.856267143729644,0,0,0,0.4989049580340854,3.3832032401434398,0,0,0,0,-1.3015370457020836,0,1.9590593105103693,-0.6157654924409783,0.5044146886678647,0,-2.0877585021555234,0,0,-1.7509516253674442,NA,NA,NA,NA,NA,NA,NA,NA,NA,NA,NA,NA,NA,NA,NA,NA,NA,NA,NA,NA,NA
1962-03-01,0,0,0,0,0,-11.359565724013077,-1.8528638708274092,0.2963922515762607,0,0,0,0,0.8810629682154847,-2.898458862532216,-5.990230890756276,2.163522287858388,-1.1650617219975068,5.737234046393258,1.005864459881911,1.6314249288080784,2.462140566026383,3.762844612996652,0.601187934680425,9.129142020940684,3.899685761378757,-7.230417964794328,0.416344102166355,0,0,0,11.375888535665801,0,0,0,0.045231813813001454,-3.3832032401434398,0,0,0,0,-1.7621604573720084,0,-0.06793058990313128,3.1613574917758847,1.088018011673153,0,0.9448889197932075,0,0,-0.9511274329784563,NA,NA,NA,NA,NA,NA,NA,NA,NA,NA,NA,NA,NA,NA,NA,NA,NA,NA,NA,NA,NA
1962-04-01,0,0,0,0,0,5.144054226829664,-1.6750025577085603,0.5901619999658436,0,0,0,0,3.871451218069044,-3.17653417636361,-1.2441559692399018,1.5924671806097912,-0.7843177461025697,1.4440684154794603,0.4400935669359285,0,1.9097802656589113,5.571180122138397,0.5975952533628259,-2.1024850416718976,-4.580953603129423,-7.4576925795888815,0.23281985657666038,1.058210933053716,0,0,2.3030247274699267,0,0,0,-0.5441367718470869,-1.5411863721031427,0,0,0,0,0,0,-0.23966921673821417,-0.2396645844600087,-1.4240116078979348,0,0,0,0,0,NA,NA,NA,NA,NA,NA,NA,NA,NA,NA,NA,NA,NA,NA,NA,NA,NA,NA,NA,NA,NA
1962-05-01,0,0,0,0,0,0.15052147772586233,-2.5117933359525058,-0.2946456366319683,0,0,0,0,-2.879576393182681,-4.0949233595251044,-0.6279312619649424,-0.7882382444286407,-8.20131516608349,2.594485149478043,1.787552429822492,1.5850768766068057,1.4087746329065176,13.09102594454652,2.3395672008884816,-6.367072323433676,-0.6859409550893147,10.830364527459452,0.281997870213857,3.1090587070031317,0,0,-3.2031208133675104,0,0,0,0,-0.3890367417757168,0,0,0,0,0,0,-0.03406416482834018,-1.0856560191195186,-3.1705519063314647,0,-1.5267472130788384,0,0,0,NA,NA,NA,NA,NA,NA,NA,NA,NA,NA,NA,NA,NA,NA,NA,NA,NA,NA,NA,NA,NA
1962-06-01,0,0,0,0,0,1.598669878163883,-2.5640857575211147,0,0,0,0,0,-5.602114015665993,-2.149896798393147,-1.2631940318742707,-1.3407370757417603,-8.468308723003926,3.993685318925877,0.6898190547601324,0,0,-3.430856526537873,1.1417970295256374,-9.977594365930663,2.043866767727387,7.851298594278234,0.3418108792360375,4.9761509559063555,0,0,1.6143848371356295,0,0,0,-0.3948372631368102,-4.4008912379813525,0,0,0,0,0,0,-0.03407577245573279,-3.643502734532156,-4.8117302281007746,0,-2.036511968287158,0,0,0.7557576336079437,NA,NA,NA,NA,NA,NA,NA,NA,NA,NA,NA,NA,NA,NA,NA,NA,NA,NA,NA,NA,NA
1962-07-01,0,0,0,0,0,-2.548590665318151,1.0384566061704765,0.6210212446394026,0,0,0,0,0.33347258914533384,0.8167919692355419,-1.6687252143293918,-1.3589573980644865,-8.237099743312726,2.5401697082950925,0.39615868182028,-1.5850768766068057,-6.208286979136357,0.07630146383439396,1.6962627219578863,-7.384724995174929,3.966525639243157,-4.284058525752426,0.27967599659339815,0,0,0,9.982923203978755,0,0,0,-1.2555669459023033,1.2145898302107994,0,0,0,0,0,0,0,-6.899287148695166,-1.5655651964270767,0,-1.4176900471631448,0,0,1.2438213023671887,NA,NA,NA,NA,NA,NA,NA,NA,NA,NA,NA,NA,NA,NA,NA,NA,NA,NA,NA,NA,NA
1962-08-01,0,0,0,0,0,-0.47836577414329673,0.7229980639277461,1.16618677748489,0,0,0,0,1.8144827706202626,-0.6242264469126013,-1.7018258133553843,-5.617908460215126,0,2.477240300758421,-0.1994297087149377,-3.2899073635652254,-4.120734916878233,-0.9054878333405014,1.6830053833176706,0.017377704448939824,0,-1.4653252729399102,0.27698588779061506,4.740223889458395,0,1.7094433359300165,3.9468421849123025,0,0,0,-1.5997856136546473,-2.857337244405589,0,0,0,0,0,0,0,-5.328136661293659,-1.1213014431593393,0,-2.22107964379461,0,0,4.4850566165351635,NA,NA,NA,NA,NA,NA,NA,NA,NA,NA,NA,NA,NA,NA,NA,NA,NA,NA,NA,NA,NA
1962-09-01,0,0,0,0,0,-1.936680249085021,0.802631087422892,1.470612179762848,0,0,0,0,0.7734620281618199,1.3451185407650001,-1.8627185295041926,0,0,8.167803101426685,-0.0559985488373993,0.8431753157937649,0,-1.608159921834229,-1.1188504983070224,3.3322177383692697,0,7.1334018645567125,0.5202460662715236,6.280090123903026,0,-1.7094433359300165,-3.144913268250349,0,0,0,-1.8488319934622854,1.6427474141947895,0,0,0,0,0,0,0,1.6913722442061463,0,0,-0.8457902125757144,0,0,6.401899562584271,NA,NA,NA,NA,NA,NA,NA,NA,NA,NA,NA,NA,NA,NA,NA,NA,NA,NA,NA,NA,NA
1962-10-01,0,0,0,0,0,-3.045920748470854,-1.7965652776786718,0,0,0,0,0,2.7596232300994394,-6.57177738763437,-4.248761209774887,1.7156646456954583,6.831924397747713,-9.45261734921159,-0.8714028065020862,0,0.5157067219434097,1.6291484831453928,-2.2604176069685344,4.03512955235672,0,-16.761084908098702,-0.23299166472150468,-1.7544309650909473,0,1.7094433359300165,6.193929944029097,0,0,0,-0.06381621148292549,5.177457089018556,0,0,0,0,0,0,0.06813993728407297,2.1431860753273746,0.373752824124729,0,2.956979735421772,0,0,4.355513466029745,NA,NA,NA,NA,NA,NA,NA,NA,NA,NA,NA,NA,NA,NA,NA,NA,NA,NA,NA,NA,NA
1962-11-01,0,0,0,0,0,0.4115232145106673,0.18480877557180697,-0.28601610720992987,0,0,0,0,1.5267472130788384,-0.2188402345571383,5.58417877156101,3.634187064286376,3.7041271680349652,1.2848142477849045,3.7714410848249447,1.6240207022813369,1.531352430791344,-0.31529190596151224,6.63351177994107,19.049361647345542,29.184008260044457,-13.962897249264106,0.2260120572401325,-4.525659158812079,0,-1.7094433359300165,12.410269746756653,0,0,0,1.2528908636350866,1.5352709089585415,0,0,0,0,0,0,-0.06813993728407297,2.36577441099044,2.035191828005445,0,3.5640921363988554,0,0,-1.1928239190370253,NA,NA,NA,NA,NA,NA,NA,NA,NA,NA,NA,NA,NA,NA,NA,NA,NA,NA,NA,NA,NA
1962-12-01,0,0,0,0,0,3.3650550522040024,0.6747250034698726,3.441056368661455,0,0,0,0,5.6273104517687855,1.3098463918492342,1.317818918429392,1.6270141482977785,-2.2989518224699523,0,1.3421703064983248,5.543587922173021,3.972537687645783,-16.297310898905693,-1.6138847940398549,-13.477108190740061,-36.580561475677456,2.2344482754352746,0.171088820244214,-4.740223889458395,0,1.7094433359300165,15.679968799883559,0,0,0,2.8739842121988826,0.7588860152821342,0,0,0,0,0,0,0.03407577245573279,2.049658530683729,-1.7515637407366391,0,-2.036511968287158,0,0,0.585677711629376,NA,NA,NA,NA,NA,NA,NA,NA,NA,NA,NA,NA,NA,NA,NA,NA,NA,NA,NA,NA,NA
1963-01-01,-1.3245226750020656,-1.3245226750020656,-1.3245226750020656,0,-3.3723669642253817,9.625231852875993,1.0701792517701563,-9.475677505493024,-2.087411583186252,-5.515188353514954,-1.9194429711490837,0.7315324634326624,2.394889495372876,2.672721687981383,3.215921313111192,4.988874822383771,3.6533743332456403,-1.825064076119709,0.9588371831097842,3.0214941624532976,2.9006504227275354,0.5765128799267494,-0.5487592562171351,0,-22.488984089357622,-5.270210889771498,0.0930709816802322,0.966191091173696,0.348432408261079,3.333642026759165,27.139367118688497,-4.460610445588742,0.7664970459166032,0.41390840479937907,0.7779766185642356,-1.523575177742098,0,1.9418085857101808,0,0,0,0.09078529901800358,-0.03407577245573279,-2.25026040337033,-0.6573809113935347,-1.1422168728016935,0.8625390402348998,-0.39818027580222903,0,3.6933573456734674,NA,NA,NA,NA,NA,NA,NA,NA,NA,NA,NA,NA,NA,NA,NA,NA,NA,NA,NA,NA,NA
1963-02-01,0,0,0,0,0,8.595892995335163,-2.8962633064213343,-6.0624612232185795,0,0,0,0,-2.3214680530144527,1.361030741801894,0,2.2904924443983177,3.524593906167439,0,1.1717123791178619,0.7554332431781052,1.4087746329065176,1.2891823456449458,1.6226938146730596,0,0.6222795438269202,-2.734059877582151,0.2539943275993606,0,0,1.6260520871780315,12.037259256311739,0,0,0,-0.53325333949934,-1.5471475975357807,0,0,0,0,0,0,0,0.8000042667076102,0,0.057421764425935606,2.8051587929216915,0,0,1.0079278994702539,NA,NA,NA,NA,NA,NA,NA,NA,NA,NA,NA,NA,NA,NA,NA,NA,NA,NA,NA,NA,NA
1963-03-01,0,0,0,0,0,-2.2497927619995584,0.9665502756094985,0.32275243649728114,0,0,0,0,0,-0.20789635353546387,0,-0.7576831172046994,-0.8695706967553285,-2.4123976894514954,0.38739372329179567,-1.4975163746257625,0,-0.05676519635047228,1.6111822513207308,0,4.961695214542594,1.1809047592242883,0.1508691548335106,0,0,3.174869831458027,9.217045979965711,0,0.7335992687859338,0.396143605143795,-0.7821525956425879,-3.5895277605643927,0,0,0,0,0,0,0,2.0375335178757226,0.373752824124729,0,3.0328718804416788,0,0,1.1868166837816996,NA,NA,NA,NA,NA,NA,NA,NA,NA,NA,NA,NA,NA,NA,NA,NA,NA,NA,NA,NA,NA
1963-04-01,0,0,0,0,0,5.718975345165333,-0.3582683429416117,0,0,0,0,0,2.1061054428546555,-1.0498384745729616,0,-1.7843583488296844,0,-3.7313542947987166,0.8684984557008946,-0.7476312021348797,-1.8828112887340875,-0.7327232977465847,2.0945412005654696,0,13.456391723871208,14.572989976116924,0.09448639467515285,0,0,14.518200984449802,14.058195062118962,0,0,0,-1.1303054455240658,0.8230499136515634,0,0,0,0,0,0,0.03407577245573279,3.6414115811564507,2.858411981632436,-0.057421764425935606,3.4340273988372694,0,-6.174800706844685,0.11791063740803631,NA,NA,NA,NA,NA,NA,NA,NA,NA,NA,NA,NA,NA,NA,NA,NA,NA,NA,NA,NA,NA
1963-05-01,0,0,0,0,0,7.605953846104496,-1.3707379730880347,-0.646566284298028,0,0,0,0,0.5017931676069232,2.7047536286674223,0,1.7843583488296844,0.8695706967553285,0,-1.7689222645159042,0.7476312021348797,0.47403665582756993,0.6434556918998524,-4.779658010342125,0,16.514705190404435,5.91040393577042,0.253994330172036,-2.9270382300113362,0,32.090772008010134,28.54026094178259,0,2.248488730226983,1.21418391432222,-0.48388449991774163,-1.6344133910685232,0,0,0,0,0,0,-0.03407577245573279,4.717566924523364,2.774965275472674,0.057421764425935606,2.4167440106887206,0,0,0.4546174940733727,NA,NA,NA,NA,NA,NA,NA,NA,NA,NA,NA,NA,NA,NA,NA,NA,NA,NA,NA,NA,NA
1963-06-01,0,0,0,0,0,-7.765911224918631,0.2756548544128684,0,0,0,0,0,0.9960950378581579,2.1283666656923828,1.0054469784601672,-0.7634678118053628,0,3.7313542947987166,-4.51823423586486,5.842024366037091,3.7135068578866726,3.947985856809133,-14.609760414299089,0,5.199296207395543,0,0.4135022632912655,-0.9950330853167988,0,-23.052365861183244,-1.7031481879132393,0,-0.7438929096998503,-0.40170217124106955,-0.031298904793847226,-1.6427474141947895,0,0,0,0,0,0,0.03407577245573279,6.879337023940657,0.17615506196611008,0,-0.09555662456683933,0,0,-0.14869891215782693,NA,NA,NA,NA,NA,NA,NA,NA,NA,NA,NA,NA,NA,NA,NA,NA,NA,NA,NA,NA,NA
1963-07-01,0,0,0,0,0,-6.8649890214177445,0.8968669982760386,0.646566284298028,0,0,0,0,1.3361661517573786,0,0.8738029564765881,0.2582074470359963,-0.8695706967553285,0.9939341902557963,0.31619176024619833,2.103464363414176,0.20691089525506356,1.9323525976987277,-1.2574448690797269,0,-24.752475060471646,9.161429386552749,0.29648302760130196,-8.338160893905112,0,-9.038406146826894,-8.67581803811117,0,-3.777109768699871,-2.03963927509756,-0.06262721357037093,-2.0921265160639746,0,0,0,0,0,0,-0.03407577245573279,0.27894020875782743,-0.7064897722121266,-0.057421764425935606,-2.125683902541553,0,0,1.0207748275546213,NA,NA,NA,NA,NA,NA,NA,NA,NA,NA,NA,NA,NA,NA,NA,NA,NA,NA,NA,NA,NA
1963-08-01,0,0,0,0,0,-0.7457726504887185,-0.21103601650170334,-0.646566284298028,0,0,0,0,1.9028423984615905,-3.681169600941292,1.2364640996819887,-2.574769100131924,-10.100321028887116,0,0.015541573095356753,-2.103464363414176,-1.122439553950505,-0.591195241813125,1.2574448690797269,24.87666562021076,0,9.708782993132866,0.2539943292796609,-16.507975035944867,0,-20.97205309820691,-33.48532946506948,0,-3.9253945497216947,-2.1197130568478606,0.7489502944360737,-5.674019060437807,0,0,0,0,0,0,0,2.8557679276860704,0.5303347102460165,0.057421764425935606,2.6501189543301606,0,0.5716115913288355,-0.16293598670072962,NA,NA,NA,NA,NA,NA,NA,NA,NA,NA,NA,NA,NA,NA,NA,NA,NA,NA,NA,NA,NA
1963-09-01,0,0,0,0,0,5.580326272530378,-0.3360929285572578,1.9626077377462525,0,0,0,0,1.9681666870250858,0.41870263542165276,0,2.574769100131924,-1.459879942115272,0,2.1118636895390175,0.7001195458983034,2.273294837214923,0.330578813449911,3.713152312404411,-7.346715188187258,0,-17.903881935208794,0.2539943289713742,-2.5975486403260417,0,12.516314295400587,12.865398305298514,0,-2.4195904173189398,-1.3065788253560306,1.02073264833486,-2.2630054389511156,0,0,0,0,0,0,0,1.237572964939293,3.0465618748016787,0,0.4270469123452081,0,2.254322140111409,0.37203577247118536,NA,NA,NA,NA,NA,NA,NA,NA,NA,NA,NA,NA,NA,NA,NA,NA,NA,NA,NA,NA,NA
1963-10-01,0,0,0,0,0,5.268096789933352,0.27393865966591213,0.3175146131894069,0,0,0,0,2.0290069092766316,3.6660671861399763,1.2169637966676916,7.331824904223527,13.720112151348562,0,1.643456079673511,-5.044627537309632,0.08169935094963776,-1.2123232530711903,7.0212645155915965,11.941882422212613,0,-4.206672849942739,0.2539943279752599,-5.406722127027591,0,25.78291093020999,36.02776560782692,0,-3.3301412303276656,-1.7982762643705463,-0.7103179958509231,3.154060342255882,0,0,0,0,2.1978910731109913,0,0,2.6386755173194665,0.681750393872349,-0.057421764425935606,4.490455859396558,0,-0.31007776782479013,0.030940594306239078,NA,NA,NA,NA,NA,NA,NA,NA,NA,NA,NA,NA,NA,NA,NA,NA,NA,NA,NA,NA,NA
1963-11-01,0,0,0,0,0,-1.754583359860462,0.3351750391287156,0.946539354626369,0,0,0,0,-0.09883051372705509,-0.40360022062033707,1.206677519146293,-0.704288748162174,-4.814934389758285,0,-0.35195203294673405,-1.4975163746257625,0,-3.0606585281549137,0,-13.947773035107701,0,-5.4291797383807125,0.25399433119932535,4.08219945202552,0,-1.1428695823622714,9.830442993361732,0,-0.8578483979991613,-0.46323813492303856,-0.2793297905612724,0,0,0,0,0,0,0,0.03407577245573279,-0.7843177461025697,3.6761879517938745,0.057421764425935606,4.686976310021684,0,3.022191225167603,0,NA,NA,NA,NA,NA,NA,NA,NA,NA,NA,NA,NA,NA,NA,NA,NA,NA,NA,NA,NA,NA
1963-12-01,0,0,0,0,0,0.2974890635657035,-0.8838048441742907,3.1596133654572975,0,0,0,0,-4.931765989576142,-0.8047744353032904,0.714489799861262,-1.6774979429640346,-5.058549678810653,8.223809823697259,0.9364864735162293,2.228609705050699,0,-2.678949069536962,0,3.8466280827796018,-14.761182114863658,8.669522143846631,0.6055457490164562,2.6317308317373556,0,-5.918887139033058,-11.670179507333334,0,2.521780298395626,1.3617613611310198,0.10872098609171488,-5.46946582110407,0,0,0,0,0,0,0.6806264555104136,7.238169859859678,3.4667798184160326,0,11.994053379640501,0,0.6367535180616279,0,NA,NA,NA,NA,NA,NA,NA,NA,NA,NA,NA,NA,NA,NA,NA,NA,NA,NA,NA,NA,NA
1964-01-01,-3.390155167568137,-3.390155167568137,-3.390155167568137,-6.453852113757108,-1.857262117484304,-3.0875412083201215,14.640454104128342,7.205334388142376,-2.755640078828731,0.5141394465366989,-4.1548963761707425,-4.015411028759541,-0.6600684031352166,-0.9150342411986756,0.47350611477749993,2.3817866911262087,1.405175345565013,0,0.46051218325482424,2.908358861319682,1.257878220686015,2.011878080747209,-1.5494577111041075,-4.568179261850425,-5.708588437482165,5.5941893180269435,0.253994330380225,3.8221212820197525,0,5.918887139033058,2.0998146839773524,10.22745075733944,-1.6639319003964648,-0.8985232262079812,1.7999101402591422,-3.8420352096652732,8.338160893905133,1.9048194970694432,35.90390112336132,8.004270767353638,0,-7.341018411340672,0.8439385664302357,6.062462181643458,3.197556137225188,-0.057421764425935606,1.1807411980393034,0.028494087669628243,5.555366717533161,0,NA,NA,NA,NA,NA,NA,NA,NA,NA,NA,NA,NA,NA,NA,NA,NA,NA,NA,NA,NA,NA
1964-02-01,0,0,0,0,0,-8.88971953785067,1.660189151304057,2.85288750835429,0,0,0,0,-5.553997558654977,-4.278687011385873,-0.11601677098926899,-3.5987329265553036,-2.8303776162851513,-3.3971357267137847,0.1268080346517042,-4.394885434922724,0.6030169026590926,-4.073463978943703,3.226581942513196,5.257621040094174,4.966010767797169,8.129638854949238,0.09770326152831466,-3.8221212820197525,0,-16.184302545041398,-14.861049945164307,0,0,0,-0.04574914300153332,4.309425055634064,0,0,0,0,0,0,5.654221107872992,2.4961586456699436,6.3197372948703645,0.057421764425935606,2.3944278983449863,0,0.26022529817417706,0,NA,NA,NA,NA,NA,NA,NA,NA,NA,NA,NA,NA,NA,NA,NA,NA,NA,NA,NA,NA,NA
1964-03-01,0,0,0,0,0,0.13778173619501954,9.488519042266248,7.818324658888779,0,0,0,0,3.2979977561982565,2.5250104814304564,0.11601677098926899,-1.9712133653295716,0,-1.1585174335229098,1.6900791223302125,2.951278820725589,-1.8608951233451076,-3.3739374798273936,1.0976728512241074,2.954060956288407,7.879969943393972,3.0116760985467894,0.19339971810983236,-3.9740328649514156,0,-9.937247381320379,-21.11613809976227,0,-2.5959430528816885,-1.4018092485562406,-0.12210013726946523,5.002075975135279,0,0,0,0,3.419119633134571,0,7.1429639365344855,0.31326944393379463,-3.3698732488290695,0,2.410635358239599,0,0,0,NA,NA,NA,NA,NA,NA,NA,NA,NA,NA,NA,NA,NA,NA,NA,NA,NA,NA,NA,NA,NA
1964-04-01,0,0,0,0,0,-6.082133667887691,-3.0306835789099305,4.559431546379727,0,0,0,0,-0.07132667920091151,2.973091518467985,0,-3.5553569683331787,-2.4214258120594856,-4.773140282119037,1.4138650812321796,2.1486624138638444,-1.8961821215699004,1.5345128692708876,1.1005465036698858,19.796567849352265,-1.5037877364540542,1.6052880290945815,0.038881818859937134,-1.3605652055778683,0,1.481508578514057,5.960235082561982,0,-4.41671784885469,-2.385027638382109,-0.4131921097823288,0.4425676103152587,0,0,0,0,0.836859864253725,0,14.51457390876465,1.3315775975772937,-2.720370569331454,-0.057421764425935606,7.506127335313106,0,0,0,NA,NA,NA,NA,NA,NA,NA,NA,NA,NA,NA,NA,NA,NA,NA,NA,NA,NA,NA,NA,NA
1964-05-01,0,0,0,0,0,-0.3769637971780204,1.5905497080654345,1.501370222948792,0,0,0,0,0.7818092415753597,6.82504990847379,0,-1.8262323315714646,5.251803428344637,-6.305813596713694,1.640114646018631,0.7001195458983034,0,0.11115387404112553,2.6851168097766553,1.9705071079332281,-8.004270767353638,4.931280876291188,-0.026636898485654648,1.3605652055778683,0,-12.516314295400587,-10.205408456034771,0,-3.733767043764402,-2.016234203633527,0.5810413900533273,-0.4425676103152587,0,0,0,0,0,0,-3.939343803733042,7.2279645193574105,1.067496707144855,0.057421764425935606,13.829072194387582,0,0,0,NA,NA,NA,NA,NA,NA,NA,NA,NA,NA,NA,NA,NA,NA,NA,NA,NA,NA,NA,NA,NA
1964-06-01,0,0,0,0,0,3.8687952390617397,-1.4810697269884958,2.1585386082422997,0,0,0,0,4.29577652347346,8.141243584814717,0.47127459659552784,-0.2677377770716305,-1.405175345565013,1.2933748784567989,-2.598073577599669,0.7130154984591464,-1.3828001607291807,1.8290094958742564,-6.560460396079737,0.9708814126961007,9.508058503807693,-1.7843133567584102,0.29821320864171774,10.265415406008326,0,-3.390155167568132,-29.092356637595195,0,0,0,0.5321992337940784,-1.3395775716356195,0,0,0,0,0,0,-2.425716628951502,1.0202088079320326,11.507231787426164,0,4.028540743446296,0,0,0,NA,NA,NA,NA,NA,NA,NA,NA,NA,NA,NA,NA,NA,NA,NA,NA,NA,NA,NA,NA,NA
1964-07-01,0,0,0,0,0,2.4525204898089514,1.588823080216913,-3.390144984302654,0,0,0,0,2.9404056230472264,5.492803133072055,0.5881116460957792,-2.128975320170401,-1.4252022707201384,-1.2933748784567989,2.438235678590761,-0.7130154984591464,0,2.83736309254623,5.4892283803429365,-20.875481386211003,-3.624008501514364,9.579893317423362,0.1876348309331366,1.2121360532344694,0,-3.509131981127034,-11.066556788751925,0,-0.9213509981045753,-0.4975295389779255,-1.6205827836427433,-2.273294837214923,0,0,0,0,0,0,5.59488925122924,9.51994439645576,5.580987863497278,-0.057421764425935606,7.548718622046113,0,0,0,NA,NA,NA,NA,NA,NA,NA,NA,NA,NA,NA,NA,NA,NA,NA,NA,NA,NA,NA,NA,NA
1964-08-01,0,0,0,0,0,-1.8287132551455643,2.666309418275349,0,0,0,0,0,-0.19775879879455616,-3.5137149398753564,0.11890607821900545,2.128975320170401,6.483751949530792,-2.395324102249319,-0.571869325432095,-2.1335106846758656,0.4630612357686026,0.25251510179886694,0,-7.346715188187258,0,-4.552907557645417,0.14052870334715362,-3.681397312271628,0,0,-10.278485422103056,0,0,0,-0.7891723742632972,0,0,0,0,0,0,0,15.604206673723109,10.502823454494958,1.7116034409504266,0.057421764425935606,-10.937908161159093,0,0,0,NA,NA,NA,NA,NA,NA,NA,NA,NA,NA,NA,NA,NA,NA,NA,NA,NA,NA,NA,NA,NA
1964-09-01,0,0,0,0,0,2.3591142628687,-1.1216145958514647,-3.537032199860293,0,0,0,0,-0.16509827095019247,6.911031892163244,0.8157789814957184,5.150391946611688,8.58896718804294,11.11618372219132,0.6641579484662152,0.7283353391108527,1.8310956884720397,0.42214707926211403,0.5370504235493456,11.941882422212613,0,-9.50989736496594,0.7181186433808495,7.232066157962624,0,0,-17.52725048565411,0,-0.9645269401485912,-0.5208445476772461,0.6966511648876739,4.055440019165801,0,0,0,0,0,0,15.085591131418852,0,11.321681767680225,0,2.82754807397696,0,0,0,NA,NA,NA,NA,NA,NA,NA,NA,NA,NA,NA,NA,NA,NA,NA,NA,NA,NA,NA,NA,NA
1964-10-01,0,0,0,0,0,-0.2746715480057338,0.05782575334608922,-2.0584457327564087,0,0,0,0,2.8666458045642607,6.68560568365848,5.41580567462443,3.6870947311232527,10.536051565782678,-3.644798804268934,-1.5675023343836525,-4.300143599318718,-2.2941569242406423,-1.6005567877357407,-0.5370504235493456,-7.004922391931401,0,3.188623623323725,0.08711616111229947,1.156082240107581,0,1.7699577099401065,-1.8041726485158893,0,0,0,-0.3399786924845105,3.916667099266258,0,0,0,0,0,0,15.602614440694573,9.775439412034537,10.57723301640916,-0.057421764425935606,-6.006155873849561,0,0,0,NA,NA,NA,NA,NA,NA,NA,NA,NA,NA,NA,NA,NA,NA,NA,NA,NA,NA,NA,NA,NA
1964-11-01,0,0,0,0,0,2.1573084228504014,-0.3764664902868885,1.8069324587281081,0,0,0,0,0.9587801155153564,-3.018249595610012,1.6374357304385079,3.0896485867559775,0,-5.076060815673067,-0.3242767305141836,0,-0.4652154721501933,-0.4207059205790564,-1.0681204775014663,0.547280174135456,0,-1.0476286291754873,0.025932569824616003,8.796877294595728,0,-1.7699577099401065,-5.891931465096922,0,1.8858779382531665,1.0183740866551716,-0.7302137627784699,-1.7131039930183722,0,0,0,0,0,0,3.0524656247351345,9.563891090524645,-6.296908070937235,0.057421764425935606,3.004644288328251,0,0,0,NA,NA,NA,NA,NA,NA,NA,NA,NA,NA,NA,NA,NA,NA,NA,NA,NA,NA,NA,NA,NA
1964-12-01,0,0,0,0,0,-3.5819466846704784,-2.8148771656999982,-3.126134718987936,0,0,0,0,3.6231320811656254,3.612728892068695,2.4567261595461076,3.44962587999591,16.047981487890528,2.5702349423368354,1.1536143080673522,2.8565369851215827,3.211954942211248,-1.5747044824181877,0,-26.82639865946792,8.770558041910581,2.854977437977044,0.35279642456049753,1.0471299867295336,-1.7544309650909362,6.899287148695166,-20.435563744857667,0,3.733767043764402,2.016234203633527,0.20250805269408367,-1.762945529780291,0,0,0,0,2.0619004701577737,0,-9.834970669127774,4.942905434769251,-12.209194025847125,0,-0.4653876927889655,0,0,0,NA,NA,NA,NA,NA,NA,NA,NA,NA,NA,NA,NA,NA,NA,NA,NA,NA,NA,NA,NA,NA
1965-01-01,-2.090668481931368,-2.090668481931368,-2.090668481931368,6.453852113757108,6.699137862179095,-6.546893922821773,0.6543747324339784,-19.510506956664038,7.610166842527979,3.2789909474602084,9.439139763650997,9.268612121368944,3.496438135509461,-3.1549733106018607,1.8807667716460585,1.3536861689953383,-10.992753571607405,6.36730948611417,-0.108237466484562,2.8487819597621478,2.232688643239289,-3.8260475638967506,-2.7439836714323818,0.711184348771754,-18.910569486083517,-0.8526594904509271,0.515113766911357,-1.0471299867295336,0,4.879016416943216,-14.154017223532867,-16.223834865407305,0,0,-0.031128404920616193,2.62316588804663,11.33286853070028,1.8692133012152556,8.321630602107799,-9.684982598991754,0,0,-23.770701182214626,-9.768526085138696,-4.977049701033387,-0.4026465031488513,-6.224765834454704,0.05696382950959311,4.959694113937285,0,NA,NA,NA,NA,NA,NA,NA,NA,NA,NA,NA,NA,NA,NA,NA,NA,NA,NA,NA,NA,NA
1965-02-01,0,0,0,0,0,-11.462313977307847,2.5851315214111263,1.3937544742252617,0,0,0,0,5.559386777431197,3.2273603430794218,6.123209552874442,3.938892540015182,6.475856734816254,3.822121282019797,-2.7912213329239766,1.4033448175158725,0,1.1537755402978966,-7.501555049464592,21.904065775683492,1.4388737452099676,-0.07040601088771081,0.4744868107144695,-4.30173850836908,0,0,-7.485799093934942,0,8.676592802132843,4.685360113146331,4.757374533406223,0.852883634752033,0,0,0,0,0,0,16.475839547758042,11.320548961048349,-1.930691588377087,0,-0.6224732206280059,0,5.745705502478682,0,NA,NA,NA,NA,NA,NA,NA,NA,NA,NA,NA,NA,NA,NA,NA,NA,NA,NA,NA,NA,NA
1965-03-01,0,0,0,0,0,-17.1641497997729,-4.783241802406383,-9.427265712825072,0,0,0,0,0,-8.070400061465222,3.1612877134548967,-2.8273224963323074,-0.9950330853167877,-2.531780798428951,0.1253915364338276,0.685596427242352,-1.7821451819509004,-0.32829403135519186,-0.6048240750635259,-4.000533461369904,1.2903404835908017,-0.05870956547427697,0.20287020480769247,1.0929070532190166,0,-4.879016416943216,11.497798472877507,0,2.489017380755243,1.3440693856114017,-4.136640075972853,0.4237294475515241,0,0,0,0,0,0,4.743684545507332,1.4524398534259575,5.563839878986521,0,-1.3832348807072847,0,0,0,NA,NA,NA,NA,NA,NA,NA,NA,NA,NA,NA,NA,NA,NA,NA,NA,NA,NA,NA,NA,NA
1965-04-01,0,0,0,0,0,-2.08967100057178,-1.5782030970129073,-5.832217603017586,0,0,0,0,0,-5.515406643401288,1.8687061343129585,-1.1115700436828746,-1.680711831638071,1.2739025777429802,-0.427848240160289,0.6983268602188453,-2.273294837214923,-1.983897271263757,-1.8200370031993707,6.43739256306568,16.616611657166924,0.15257323539518974,0.3655555584426651,2.150620522096347,0,0,-4.207121392068736,0,3.987334451850355,2.153160604000526,0.4476352307555498,2.5053502445550158,0,0,0,0,0,0,8.599919636848341,-11.317691336934299,9.554600284685044,0,0,0,0,0,NA,NA,NA,NA,NA,NA,NA,NA,NA,NA,NA,NA,NA,NA,NA,NA,NA,NA,NA,NA,NA
1965-05-01,0,0,0,0,0,-5.377799494866453,-1.3639393093318721,-11.566914136270034,0,0,0,0,0,-10.330570991130017,1.83442513991654,-4.100425639056393,-14.179791186025792,-1.2739025777429802,0.3057653102279012,2.032100233848144,0,-1.3507714487877465,-1.2263908433772563,-7.762793012383207,46.27843647648176,-1.4529816777158533,0.256641983493644,-1.0695289116747775,0,3.278982282299081,-3.174869831458027,0,0,0,0.16926987191597243,-0.41322372849104116,0,0,0,0,0,40.15512087870281,2.2158015927425723,-15.604103955842685,6.647624852440792,0,2.3464239334966663,0,0,0,NA,NA,NA,NA,NA,NA,NA,NA,NA,NA,NA,NA,NA,NA,NA,NA,NA,NA,NA,NA,NA
1965-06-01,0,0,0,0,0,-11.984560084273177,2.04918873070312,22.98178915954418,0,0,0,0,16.39888489168886,0.9351562356393117,-2.762717515442148,2.9763606960960587,0,0,-0.9398991778276855,-0.684231201801655,0,-0.7994652955926718,-1.8940929698698206,10.20193832479912,-28.517894223366234,2.5145256210892253,0.31109877029364963,-4.396312342111608,0,0,-18.55525773754012,0,0,0,-3.345630153316026,-1.670184961793153,0,0,0,0,0,-40.15512087870281,-5.186041244063588,-8.02910828869674,-2.005650275383708,0,-2.8223886587954716,0,0,0,NA,NA,NA,NA,NA,NA,NA,NA,NA,NA,NA,NA,NA,NA,NA,NA,NA,NA,NA,NA,NA
1965-07-01,0,0,0,0,0,-11.511968943664485,0,15.55367894207782,0,0,0,0,-12.093902124551459,1.7517329656573821,-5.178069300088328,-1.8185325087684667,-3.1748698314579826,8.39797206328754,-1.3594686692410818,-2.7317923195076865,0,1.040741495031483,-1.265510518392965,6.416194421728583,-13.613217432458002,2.16938206296762,0.6700952811583338,-1.1299555253933335,0,-1.6260520871780315,-0.9756174945364293,0,0,0,0.9336249475963732,-5.649440692788687,0,0,0,0,0,0,-14.336769573390118,-2.5805538803361117,-4.085729305763941,0,-1.280427224598757,0,0,0,NA,NA,NA,NA,NA,NA,NA,NA,NA,NA,NA,NA,NA,NA,NA,NA,NA,NA,NA,NA,NA
1965-08-01,0,0,0,0,0,22.945563446840687,1.9980483055627947,10.425197274600364,0,0,0,0,-10.697211955216801,-0.8252409405201888,-8.31130018823858,-7.894498984350395,-5.810763080728076,-5.866191264858589,-0.510020255512611,-2.8085201630808854,-0.9239880941345202,4.263398985113742,0.643424530882708,-4.03512955235672,0,1.5212417988466411,0.06033082502410192,-3.468555798789019,0,1.6260520871780315,-7.902198695615104,0,0,0,-0.5844736644739779,-2.252808768770276,0,0,0,0,0,0,6.4733597606512205,0.1471670611456588,3.1201726938125063,0,-2.215074278758866,0,0,0,NA,NA,NA,NA,NA,NA,NA,NA,NA,NA,NA,NA,NA,NA,NA,NA,NA,NA,NA,NA,NA
1965-09-01,0,0,0,0,0,11.333964727445721,-0.22004409758840635,-2.2151476487424966,0,0,0,0,-7.05301508058378,3.170275366117181,-4.371110278548418,-4.31642069850211,5.810763080728076,9.246522767209342,-0.011812569635649695,-2.1825717356267482,0,7.914754674808755,1.2574448690797269,6.875754968330039,0,2.102545085576023,0.7063691269680206,1.1696039763191446,0,0,3.390155167568132,0,1.5348424643662373,0.828814930754529,-0.031690699045133774,-1.3764555170614035,0,0,0,0,0,0,9.301585030270587,6.131642398861192,2.8145079782797566,0,-1.3262793878411117,0,0,0,NA,NA,NA,NA,NA,NA,NA,NA,NA,NA,NA,NA,NA,NA,NA,NA,NA,NA,NA,NA,NA
1965-10-01,0,0,0,0,0,1.5499970408857422,1.0954102761186417,3.756168865554435,0,0,0,0,5.9115187567580385,4.790805519337216,1.4410747311359273,-1.5769301789008594,13.554549199622379,-8.107204384265021,-1.6729666266249055,-4.474680128626796,-1.873990105056711,0.07898894565512293,-0.63535888156947,3.666178777390172,0,1.7369086240613631,-0.03546800100286962,1.156082240107581,0,1.600034134644135,9.297645645810437,0,0,0,-1.03545329755807,-0.9282767079187737,0,0,0,0,0,0,5.428916377539572,5.940347134108048,-4.828893543592017,0,2.700196976171476,0,0,0,NA,NA,NA,NA,NA,NA,NA,NA,NA,NA,NA,NA,NA,NA,NA,NA,NA,NA,NA,NA,NA
1965-11-01,0,0,0,0,0,7.283509392743504,1.5136911779080342,-6.457488934496395,0,0,0,0,1.1414963238257414,3.6715822080080507,0,2.85989950221337,-2.8573372444056666,5.898761293235655,0.1658666666985109,0,-0.47403665582756993,1.993421490081726,0,-21.79953649057367,0,-2.153895950534394,0.5632590187213404,4.495138786226649,0,-1.600034134644135,-12.68780081337857,0,0,0,-0.27258896057891224,3.662498403499659,0,0,0,0,0,0,4.684808324829071,-2.5409715525367638,-4.84336370390519,0,-3.001049618271523,0,0,0,NA,NA,NA,NA,NA,NA,NA,NA,NA,NA,NA,NA,NA,NA,NA,NA,NA,NA,NA,NA,NA
1965-12-01,0,0,0,0,0,14.065597747652125,0.651468102119384,4.749932426988507,0,0,0,0,-1.2321718627573475,-4.268894538986423,-0.6616034878944355,5.008758036809269,-7.52234212375873,-5.898761293235655,2.7594005275279887,6.657251864253544,2.8110879966528834,2.1894773417924007,0.63535888156947,-17.041120069903858,-3.4979718896027023,3.522023318545284,0.058938523120821706,0,0,-1.6260520871780315,1.5789801732635222,0,0,0,-0.5312738890646096,3.1180238856298836,0,0,0,0,0,0,3.2478866075095425,0.5000843894160667,1.2614443508903506,0,1.3302490805608969,0,0,0,NA,NA,NA,NA,NA,NA,NA,NA,NA,NA,NA,NA,NA,NA,NA,NA,NA,NA,NA,NA,NA
1966-01-01,-4.31721718652086,-4.31721718652086,-4.31721718652086,0,3.3897342658392504,3.0692397381886782,-1.9475098074835309,0.9950269723999483,-4.122612162164378,-10.729236121893301,5.368010371365542,-10.18325304234488,7.231362925554841,-4.729043568499147,-0.6660098484614352,5.685352229537699,4.207121392068736,4.85449278830421,1.374079771866299,3.4941165903232374,0,-5.087092809407068,0,0.7001195458983478,-1.4122994111704923,2.68135041595092,0.5186186273248516,14.310084364067322,5.005358821620387,3.2260862218221664,32.67270320612927,22.280052064279854,0,0,0,0.039603960913681124,-7.410797215372167,-7.696104113612856,-10.409389104263322,-7.020425867324853,0,-7.290677080808772,10.105252654942642,0.16614059312551888,1.470105367813801,0.23028219733234323,0,0.028469751081994232,0,0,NA,NA,NA,NA,NA,NA,NA,NA,NA,NA,NA,NA,NA,NA,NA,NA,NA,NA,NA,NA,NA
1966-02-01,0,0,0,0,0,-0.27516156635277733,-4.00234861243592,-5.628527909962222,0,0,0,0,-1.9600116157374892,-2.4978232833756664,0.4444990548931216,1.8227513759264902,2.2223136784710107,-2.8156861844379044,0.45558195372343846,0,1.8310956884720397,-0.5753112152591555,0.6313475454568618,10.303222589823502,-22.752952325746413,-0.3623755065537554,0.12045382049004072,0,0,0,-8.239953176706694,0,2.2725139481727386,1.2271575320164096,0,0.29653080935680975,0,0,0,0,0,0,11.005040144551703,-3.2734490135191585,-1.2429205534353116,0,-0.9626630359175437,0,0,0,NA,NA,NA,NA,NA,NA,NA,NA,NA,NA,NA,NA,NA,NA,NA,NA,NA,NA,NA,NA,NA
1966-03-01,0,0,0,0,0,3.7033564224541626,-1.8269140039558878,-1.849990148170616,0,0,0,0,-2.9696505353852487,-2.3258824978746873,-1.1190515740747031,-1.5889112827334628,-2.9741969198737728,-6.892079681756247,-0.7985487188264528,-2.789060790656528,-2.2941569242406423,5.412204872197268,0,19.102483192225648,15.493530128767619,10.169235024958455,-0.05380385146942501,0,0,-1.600034134644135,-3.5383503889316437,0,0,0,3.099175330833759,-0.693278007030218,0,0,0,0,0,0,0.023471799274510374,0.44497762966093646,-2.766189444562883,0,0.2997504325986,0,1.160749848076037,0,NA,NA,NA,NA,NA,NA,NA,NA,NA,NA,NA,NA,NA,NA,NA,NA,NA,NA,NA,NA,NA
1966-04-01,0,0,0,0,0,8.549538640844023,0,2.2275214264006307,0,0,0,0,-2.150620522096336,-2.4302490610415894,-4.83234216061641,1.8185325087684667,0.7518832414027621,4.647087437834063,0.4079575038335559,0.7001195458983034,-0.9326053181189842,8.23699381834686,0,8.893519443561427,7.259422196978793,0.3834109526940674,0.4394724662659888,0,0,1.600034134644135,-4.329680575332429,0,-1.500096314702537,-0.8100520099431741,-3.2768957104322705,-3.705252274216808,0,0,0,0,0,0,1.7254707943543224,-4.327262692672118,-0.23356434961652184,0,-7.597715550658091,0,0.3506139329288338,0,NA,NA,NA,NA,NA,NA,NA,NA,NA,NA,NA,NA,NA,NA,NA,NA,NA,NA,NA,NA,NA
1966-05-01,0,0,0,0,0,-3.8808272435786995,-0.9261274362020816,0.6068512541027027,0,0,0,0,-0.15108025233576683,0.8848998656945106,-3.4788766904225277,2.235634986643209,-4.207121392068736,5.520719370868665,-0.32002189019255667,-1.405175345565013,0,-1.535782210793979,0,-2.732556837874567,-4.132357908196704,-2.686502844608749,0.47681848329439447,0,0,0,-0.4434597067865642,0,1.500096314702537,0.8100520099431741,0.7089942686631212,2.0619287202735648,0,0,0,0,0,0,-13.677208896911086,-6.8254403646768935,-2.0130584769891158,0,-3.1713975489527257,0,0,0,NA,NA,NA,NA,NA,NA,NA,NA,NA,NA,NA,NA,NA,NA,NA,NA,NA,NA,NA,NA,NA
1966-06-01,0,0,0,0,0,2.635528131857401,-2.3643786611211026,-3.22041085055077,-16.58520306152996,0,-45.42561454313929,0,0.42245083949543627,0,-0.12413550095580206,4.52594270719322,0,14.010155861207885,3.8875809294512287,3.4941165903232374,-0.4695846409129345,2.51669375949799,5.477421652526893,-1.698205697320665,-4.310510053482375,-4.9830974080576595,0.8397249144411978,0,0,0,-19.57445771260953,0,0,0,-0.7413410261827458,-4.462628504563804,0,0,0,0,0,0,1.915876901966751,-0.9977058969047548,-4.772790829353113,0,0.774768679082527,0,0,0,NA,NA,NA,NA,NA,NA,NA,NA,NA,NA,NA,NA,NA,NA,NA,NA,NA,NA,NA,NA,NA
1966-07-01,0,0,0,0,0,8.965013024899381,-0.7170826033665811,-1.6197151023985557,0,0,0,0,-0.5132086735878616,2.1548268987426233,4.3065948221850725,6.138990845361647,4.207121392068736,4.563213895281226,3.7150712731352176,3.3930750034735446,0.9369744868817254,5.946335896552402,5.177626952372005,-22.868373168982515,0,-2.5930403430693945,0.4358870389423286,0,0,1.5748356968138921,2.403319944415605,0,0,0,-0.5027173483693304,-1.640254049497425,0,0,0,0,0,0,-7.839243087402004,1.568809676456251,-0.06258356532313769,0,-2.7950394108344767,0,0,0,NA,NA,NA,NA,NA,NA,NA,NA,NA,NA,NA,NA,NA,NA,NA,NA,NA,NA,NA,NA,NA
1966-08-01,0,0,0,0,0,-0.5395540023597878,0,-1.4007373276355206,0,0,0,0,-3.4799508362624465,3.420248967680539,1.8565436727764784,0.9886883803452484,3.315220731689994,0.8881770134780531,3.70962361477023,5.838073546268152,6.780522289129509,-1.9164865934246933,3.323364263943329,8.643250577230766,0,3.3660201492635213,0.2787865637342346,0,0,1.5504186535965303,-5.421381659414726,0,0,0,0.7127844854874665,-1.6239395524531575,0,0,0,0,0,0,-27.13256143304319,-8.267207893164308,-2.477656125083527,0,0,0,0,0,NA,NA,NA,NA,NA,NA,NA,NA,NA,NA,NA,NA,NA,NA,NA,NA,NA,NA,NA,NA,NA
1966-09-01,0,0,0,0,0,-13.188726999125489,-1.9377464174310786,-2.735665407575288,0,0,0,0,-0.5972043523505555,-2.024689339984853,0,-9.474713879792773,-3.315220731689994,-10.232831856068092,-0.9699010775781503,-2.55635988175289,2.1552558385734333,3.2706165855120872,-0.5487592562171351,-12.17718722176162,0,5.154826188057656,-0.19661432367203968,0,0,0,-8.726463772290716,0,0,0,-2.0054474987777127,-6.353487739046059,0,0,0,0,0,0,-5.77008629568061,4.711964837781579,-1.4899551238602982,0,2.2052846605681076,0,0,0,NA,NA,NA,NA,NA,NA,NA,NA,NA,NA,NA,NA,NA,NA,NA,NA,NA,NA,NA,NA,NA
1966-10-01,0,0,0,0,0,1.227009259181433,-1.230440579588178,2.4900342800021793,0,0,0,0,-4.546970569693531,-2.3334448512102313,-3.748207946774418,-6.008103575117385,-6.1795719268466165,-7.103031011357519,-1.9549452481033125,-3.9443615739218174,-5.723823185491694,5.5512452513403865,-1.6494600986768582,-8.166272422800326,0,0,-0.06282159871631166,0,0,1.5267472130788606,2.4025179586989687,0,0,0,3.9398056300066986,4.902274935480422,0,0,0,0,0,0,12.250653180276938,-8.40831172105414,-0.4599755865791977,0,2.012876743061298,0,0,0,NA,NA,NA,NA,NA,NA,NA,NA,NA,NA,NA,NA,NA,NA,NA,NA,NA,NA,NA,NA,NA
1966-11-01,0,0,0,0,0,-2.630681794491263,-0.18024112122992791,0.3988291340213501,0,0,0,0,-8.716135374351364,0.28058187783139843,-2.1712387197529104,0.9113567635114173,-1.2024192966801017,-3.2057140376185345,0.13757102784226483,0.6626479094065552,1.3455860515391826,1.1199681190939614,-0.5609900240386878,7.444247625451617,0,-2.0922068338815807,0.10378090873184309,0,0,-1.5267472130788606,-8.029001817312764,0,0,0,-0.0316706257595889,0.044286980351837535,0,0,0,0,0,0,2.03656271549697,-4.8212667281489985,-1.2511012908586139,0,4.290677637333307,0,0,0,NA,NA,NA,NA,NA,NA,NA,NA,NA,NA,NA,NA,NA,NA,NA,NA,NA,NA,NA,NA,NA
1966-12-01,0,0,0,0,0,10.350095252342973,-1.6025801863545617,-0.6758925083939438,0,0,0,0,7.821348956973573,6.029895505106619,2.1712387197529104,-0.22292871388245317,-1.2170535620255052,6.311846100945129,2.7870909993231052,3.9188145697936605,3.950886056214298,-15.260671152279048,2.759209378932681,1.4388737452099454,-10.008345855698275,2.641554682543625,0.5106375699864829,0,0,0,-4.269942567382934,0,0,0,0,-3.9743320355010714,0,0,0,0,0,0,-6.924478906677933,0.6712936374737133,0.46275511528559576,0,-0.9065612994417549,0,0,0,NA,NA,NA,NA,NA,NA,NA,NA,NA,NA,NA,NA,NA,NA,NA,NA,NA,NA,NA,NA,NA
1967-01-01,-2.230575751429825,-2.230575751429825,-2.230575751429825,0,7.199017943206021,4.399249122050087,-2.635244489554794,-1.334380878032726,3.2662876981090023,-3.9441826551439183,4.263228708611696,8.08669984070714,3.1457377589212854,-2.42254545550189,1.4231596477142894,-3.0038335284771733,-5.884050002293417,-3.1061320633265943,-0.7568464267419639,-1.9402121285677865,2.9538012436864047,-0.23168473171200077,-0.5487592562171351,11.460338273900383,84.20208032863601,1.834398653869266,0.10803783725656935,-0.9569451016150587,-1.1854499534548424,0,-3.761127074578363,-19.627099420503846,0,0,2.1155689892440543,-1.7897049453913016,-8.004270767353638,-7.257069283483553,-18.4856412397143,-7.550755250814545,0,-7.18480841862843,2.3854237590374083,-1.80022863494802,-0.9972815816350789,10.715878279721647,-2.1239736500911377,-0.5136997597916526,2.887895955037667,0,NA,NA,NA,NA,NA,NA,NA,NA,NA,NA,NA,NA,NA,NA,NA,NA,NA,NA,NA,NA,NA
1967-02-01,0,0,0,0,0,5.739071536837587,-0.7083018633638888,3.197318534661714,0,0,0,0,2.2013969217682394,-2.1117224892518216,-1.5401465975154238,-0.47814298744564,-2.631730831737311,-3.2057140376185345,-0.016045023313848716,-1.978602441225874,0,6.252887681017061,1.0945235727555236,-9.340117508840095,-17.96041638174546,-1.3162383725757751,0.05897669886315571,0,0,1.5267472130788606,25.40207898786493,0,1.5045958205271326,0.8124817430811504,2.253832466911204,-4.288595855157729,0,0,0,0,0,0,-1.8967184278785076,0.7239850627687616,0.19964916789554366,0,0.9613746823560199,0,7.096637541933948,0,0,NA,NA,NA,NA,NA,NA,NA,NA,NA,NA,NA,NA,NA,NA,NA,NA,NA,NA,NA,NA
1967-03-01,0,0,0,0,0,-2.094839696381073,-2.5557813210872165,-0.3941273329356787,0,0,0,0,-0.8556540875353846,1.1978996217768767,-3.278693257022347,-0.9459181373847159,2.631730831737311,-3.3118932584065064,1.3848333542000102,0,3.6738825645757256,7.674092227105334,2.6563721714340183,12.475170497247689,7.701129365504644,-1.8397863640102388,0.054437747189806096,0,0,0,-6.7064230580546,0,2.1891946416098484,1.1821651064718885,0.6045967630845583,-0.04897159745274049,0,0,0,0,0,0,-10.544427491919084,2.9322402865588515,0.2685942674954589,0,-1.0329566467582652,0,0,0,0,NA,NA,NA,NA,NA,NA,NA,NA,NA,NA,NA,NA,NA,NA,NA,NA,NA,NA,NA,NA
1967-04-01,0,0,0,0,0,-3.3832032401434398,3.346392554728006,2.903958456153627,0,0,0,0,-2.939013409889668,-2.785826992118068,0,0.4740775159259414,-1.7467693040390309,-2.2704793693757885,-1.5087129370860985,-2.0185427057623606,-1.2096921708828479,3.011731574362919,-2.1282019295164822,1.227009259181444,-1.3915468061974634,1.1514615493135032,0.09895611040752206,0,0,0,26.724340477450692,0,0,0,-0.33207577685969714,0.7563778893326711,0,0,0,0,0,0,-9.909393753178097,-0.7912129187949368,0.9896616986919682,0,-2.6116827161930978,0,0,0,0,NA,NA,NA,NA,NA,NA,NA,NA,NA,NA,NA,NA,NA,NA,NA,NA,NA,NA,NA,NA
1967-05-01,0,0,0,0,0,-1.1536572628416564,4.403263180101116,3.051248338706447,0,0,0,0,-7.236982699668193,-1.2354120545726488,0.2460906407613095,0,-1.3303965626363379,-1.1548684784782104,-0.30942598389418485,-1.374532297711184,0.40485885260004295,4.2233209763147705,0,-8.98980227156465,-6.309582559307181,-2.0842054625597193,0.14664624241982338,0,0,1.503787736454032,21.425460389696394,0,1.4504268775192397,0.7832305138571805,0,-1.8398654649489643,0,0,0,0,0,0,4.0825211500765235,-0.17667849118856438,0.1967624282071867,0,1.096502214132844,0,0,0.22403346695114013,0,NA,NA,NA,NA,NA,NA,NA,NA,NA,NA,NA,NA,NA,NA,NA,NA,NA,NA,NA,NA
1967-06-01,0,0,0,0,0,1.8118962582475695,2.235537685129485,1.5618622409181382,0,0,0,0,11.911329133985404,1.7028700413455056,2.4325225444679965,0.9499836089044145,0.8888947417246662,4.339523843663429,-1.0796791638195025,0,-2.8690492462929207,4.851925689933356,-2.714293439081583,7.081464888978539,7.575422246499519,0.10621349909835237,0.3815205265601862,0,0,0,-2.3487981307213968,0,0,0,0.7981369076321854,1.7912391571588193,0,0,0,0,0,0,-2.0425885264052646,0.8802873745954898,0.26471959659541966,0,-0.2912269986970806,0,0,0.3927765071136402,0,NA,NA,NA,NA,NA,NA,NA,NA,NA,NA,NA,NA,NA,NA,NA,NA,NA,NA,NA,NA
1967-07-01,0,0,0,0,0,-1.847064185460734,-0.7285604585487382,-5.472495720446801,0,0,0,0,-0.43887217777491827,0.2821451688985732,-0.24016954405938762,-1.9003968455581166,-6.39487246002739,0,-2.3297407665705094,-3.4941165903232374,-1.6771881613828032,11.117429704046788,-2.8054896837828025,-1.1878851778105881,0,-0.08689356086204053,0.196014562148783,0,0,0,-39.09457967837109,0,0,0,0.19480039126315574,-3.0619676053272094,0,-6.669137449867213,0,0,0,0,-1.7738802301404455,1.3493131809418024,-0.13375940167748013,0,-2.622495628106769,0,0,20.242305478808735,0,NA,NA,NA,NA,NA,NA,NA,NA,NA,NA,NA,NA,NA,NA,NA,NA,NA,NA,NA,NA
1967-08-01,0,0,0,0,0,2.928898382087264,-2.979924772058265,-3.174873315355126,0,0,0,0,-2.64220368088548,-1.0338742607099327,0,-3.5882251740860127,-0.9478743954543845,0,-2.397054606791693,-5.884599768505261,-3.4610943186766274,0.4740491632728272,-1.1508680679866323,-5.893579711167951,0,-0.6589809679055696,0.1960145614414377,0,0,0,-2.185879381249922,0,0,0,1.4121379217210128,-6.206748772341609,0,0,0,0,0,0,4.621963518872274,0.43140705389701495,-2.1192647060630065,0,0.5598073958955396,0,0,9.394524137157163,0,NA,NA,NA,NA,NA,NA,NA,NA,NA,NA,NA,NA,NA,NA,NA,NA,NA,NA,NA,NA
1967-09-01,0,0,0,0,0,6.352391607896868,-1.7734228016889313,0.886998497106789,0,0,0,0,4.694514519586246,-5.738440436545034,-1.5775421891687458,-0.06300913840942002,-1.9231361927887214,0,-2.248076552537981,-5.456977414246378,-1.3218698384564131,6.727341317554281,-1.148443362582352,18.243273584793542,0,0.9579636856813706,0.1960145612050268,0,0,0,2.185879381249922,0,3.511791968270561,1.896367662867604,1.9585542740893191,-2.676920692186524,0,0,0,0,0,0,1.4871398908647748,-2.352024799056718,-0.7410038937585739,0,-1.5376263940590107,0,0,-4.1005365619816825,0,NA,NA,NA,NA,NA,NA,NA,NA,NA,NA,NA,NA,NA,NA,NA,NA,NA,NA,NA,NA
1967-10-01,0,0,0,0,0,-2.6144218634047975,-1.5809217368232154,0.7583943166015517,0,0,0,0,7.5843263799590055,-6.087892221923674,-1.6073413582676999,-0.995393251641552,-1.4670189747794105,0,-0.4055223611115544,-2.427103920115359,-0.4445349813848587,1.112717869793478,0.5837359795505925,-0.5015335115732489,0,0.46118452225628814,0.1960145599654628,0,0,1.481508578514057,14.562018994352632,0,3.3926377584000633,1.8320243895393773,1.6507946826157804,-0.8531770481207124,0,0,0,0,0,0,7.122768614177577,-0.530270796230603,0.40625008145873664,0,-0.2649008171577094,0,0,6.14263597751068,0,NA,NA,NA,NA,NA,NA,NA,NA,NA,NA,NA,NA,NA,NA,NA,NA,NA,NA,NA,NA
1967-11-01,0,0,0,0,0,5.816335641440573,2.2640715018612423,2.4773520951933636,0,0,0,0,7.076021039228486,-4.347310185469855,-1.6290117703738005,5.364592674087287,3.8652154434279495,0,-0.6533613302112773,-0.815307118963382,-0.8950425902507941,-4.821697491319199,-1.1708994533462302,-8.204657627520184,0,-2.9771631636579676,0.19601456158713226,0,0,0,12.502569535568675,0,0,0,0.44037289719617845,-2.151221384333679,0,0,0,0,0,0,23.7600197152652,7.0144180120522925,0.535069528183918,0,8.391197225034297,0,0,8.954656336005106,0,NA,NA,NA,NA,NA,NA,NA,NA,NA,NA,NA,NA,NA,NA,NA,NA,NA,NA,NA,NA
1967-12-01,0,0,0,0,0,0.4491605166121959,-1.7930390718429194,0.2943817396524273,-5.971007941421483,-22.314262767020075,0,0,2.7528281746321603,1.1345762855635044,-11.207064588512239,-2.301758114176078,-7.374347424554983,0,-0.9117450686103812,-1.5655069034865576,2.661447410092066,0,-1.1686677475422513,-20.749942961464175,4.729158753651674,0.7379381152664483,0.1960145619189113,0,0,-1.481508578514057,-3.141619623337899,0,0,0,1.5471475975357862,0.9276243607469592,0,0,0,0,0,0,-8.656002183061684,-8.487330156758599,-3.2604884950975688,0,-7.561003777597808,0,4.0351295523566755,5.323692959612158,0,NA,NA,NA,NA,NA,NA,NA,NA,NA,NA,NA,NA,NA,NA,NA,NA,NA,NA,NA,NA
1968-01-01,-0.7547205635382914,-0.7547205635382914,-0.7547205635382914,0,-1.0667728201872007,1.1065119812472657,1.7237789975055262,1.2850638947273951,-5.559151008442726,14.673412079529669,-8.534327071607203,-17.052693568739443,2.880280667118651,0.1911665722166056,-1.8332983679131942,0.6242601712120432,0,-1.9398260125283784,3.4481420027077103,9.492243261063393,10.09736691410903,-7.176596224403209,0,-16.16413515564159,-2.367333618830836,0.5767085042241639,0.11309087885701397,11.778303565638327,-14.257680327757383,1.481508578514057,-0.6403437035207293,-3.573879119702905,0,0,0,-2.9530822778468524,-4.255961441879608,-10.9199291964992,-32.737667113672764,-6.062462181643458,0,-1.0209958232898053,6.197735533646931,-1.9982499587338332,-2.092345065442558,6.925114262142262,-1.2478891373187473,1.561422780155075,-0.9168368086879042,-3.4621596584006875,-12.419038023138373,NA,NA,NA,NA,NA,NA,NA,NA,NA,NA,NA,NA,NA,NA,NA,NA,NA,NA,NA,NA
1968-02-01,0,0,0,0,0,-3.4518352397440055,0.3573284880979244,-0.4070828683597538,0,0,0,0,3.505666317192091,1.5829173739777325,0,0.4111092604057731,-1.5424470325631212,0,0.4396546141015367,-0.7591277331224777,4.398246260132943,4.066502476076028,1.1686677475422513,37.578933996204775,4.679918148913886,-0.33193430848160455,0.351922041933328,0,0,0,-1.2931214672248448,-0.42280657471813754,0,0,-0.5177371111627027,-5.967046621669403,0,0,0,0,0,0,19.951684781440626,4.265517560191601,-0.4970428229029267,0,-1.1866167941753325,1.3986241974739855,-2.2173857494322213,-7.036142830437875,0,NA,NA,NA,NA,NA,NA,NA,NA,NA,NA,NA,NA,NA,NA,NA,NA,NA,NA,NA,NA
1968-03-01,0,0,0,0,0,-1.3698844358161766,1.4847234821306872,-0.2333782328094114,0,0,0,0,2.586351058991898,0.4610643888456778,0,0.8258403088253097,-1.0416760858255714,-1.0362787035546717,-0.10339835881181259,-2.3325825303496917,-1.911439602331555,1.3195652232838029,1.1708994533462302,-2.4391453124159135,5.7516562540604,0.2441765143456922,0.30762319893424817,0,0,0,-10.03118211978471,-1.1098428232076962,0,0,-0.4076761111259375,8.611875888162523,0,0,0,0,0,0,-1.0956290720319117,2.7743435199128363,0.07069863396225173,0,-0.8507398564911561,2.7398974188114433,0,16.183125038757986,0,NA,NA,NA,NA,NA,NA,NA,NA,NA,NA,NA,NA,NA,NA,NA,NA,NA,NA,NA,NA
1968-04-01,0,0,0,0,0,0.8464475994905574,0.44115223403597,-0.20464872011591306,0,0,0,0,2.981124346424213,1.189682900609501,-1.2411413594963783,-2.0731116385579007,-0.5249355886143725,-1.0471299867295336,-2.5719087148069253,-4.019718975141284,0,-6.280487366246668,-2.9371624542513075,7.375517624249506,0.6068984145195522,2.0087589970866815,0.30715932798209833,0,0,0,-7.208088217552788,-1.9859968946983386,0,0,0.15483147579006817,0.6713311926446641,0,0,0,0,0,0,-30.405606030604382,0.4691840554025717,-0.2122460277096394,0,0.27147583087510085,2.2977233136952435,0,1.0175070105505335,0,NA,NA,NA,NA,NA,NA,NA,NA,NA,NA,NA,NA,NA,NA,NA,NA,NA,NA,NA,NA
1968-05-01,0,0,0,0,0,-0.7182219047298433,-0.4978512206430849,0.23384252493166557,0,0,0,0,0.9136655610141098,4.5374196958833934,-1.514291799170575,1.0375543706602208,-0.5277057100843585,1.0471299867295336,-0.6604717036096108,0.8087135833179548,-7.08743395866569,-5.166470437366399,-2.4101502703649302,4.8134641366541775,5.354598070595951,3.0693428068988533,0.3966847540300633,0,0,1.4598799421152941,6.486063420204058,-0.7945831283607596,0,0,-0.18300842723036337,3.209711823378736,0,0,0,0,0,0,-13.501103752917132,1.142386022198938,-0.7107580078084652,0,1.2699805092435845,7.233294666737278,0,7.6025766760071445,0,NA,NA,NA,NA,NA,NA,NA,NA,NA,NA,NA,NA,NA,NA,NA,NA,NA,NA,NA,NA
1968-06-01,0,0,0,0,0,-1.7776809435760432,0.7233304593519965,0.20418442799365888,0,0,0,0,-7.799841394625595,2.7450710642626497,-6.286010096324635,-2.0859868974358875,-5.996346476755754,0,0.7102840647867925,-1.6240207022813369,-3.448617607116944,-4.230633897342528,2.4101502703649302,-18.363389294030497,-18.943753491697436,2.5359531731366625,0.35192203919969245,0,0,1.4388737452099454,-7.52234212375873,0.37651366639384065,-6.9044297266706245,-3.7283920524069813,-1.3762010487532617,7.33749050066701,0,0,0,0,4.000523712309345,0,3.5933082079806944,0.33599359622478175,0,0,0.2291826824382781,1.0752791776261539,0,3.6071584097071896,0,NA,NA,NA,NA,NA,NA,NA,NA,NA,NA,NA,NA,NA,NA,NA,NA,NA,NA,NA,NA
1968-07-01,0,0,0,0,0,2.00168103723799,-0.7460190584283501,-0.9073722312478771,0,0,0,0,-7.3692053818962044,-6.645056760919665,-1.3593896334954891,-1.059541204229486,-9.41872150597014,0,1.2221261457503019,-0.8431753157937649,-2.967576814611661,1.3018492590447295,2.9371624542513075,3.9902333416219404,0,-0.6348076092492855,0.3519220424500813,0,0,0,-6.7320164099447855,-2.6488219131382884,0,0,-1.178343854033631,-1.8483878562327694,0,-8.004270767353638,0,0,0,0,-7.529971406599589,3.542380266616796,-0.2889753135191242,0,1.3641742436407256,-4.16933836303417,9.408643908460856,-6.293543465068119,0,NA,NA,NA,NA,NA,NA,NA,NA,NA,NA,NA,NA,NA,NA,NA,NA,NA,NA,NA,NA
1968-08-01,0,0,0,0,0,4.209336115490231,-1.7395723627360304,-0.29446840224321424,0,0,0,0,1.9911582647941017,2.0571634470838873,-13.782390393770783,-4.580671512897272,-3.135052988407594,0,-1.347102364829711,-5.124873011472086,-5.99973085783736,-2.226147915736565,0.5647073830317595,-13.995123473777715,0,-0.218579321998022,0.3519220409725521,0,0,0,-6.323945813591747,0.5674304239910555,0,0,-1.1777671583320048,1.672618821651617,0,0,0,0,0,0,0.20846172328594648,1.2467485038246906,-0.43013622105974036,0,1.2343526836071206,-0.6865888382929342,0,-5.289139703808987,0,NA,NA,NA,NA,NA,NA,NA,NA,NA,NA,NA,NA,NA,NA,NA,NA,NA,NA,NA,NA
1968-09-01,0,0,0,0,0,17.15114734786367,-1.4418854456664576,0.2356333740936245,0,0,0,0,-2.6016445669275967,2.2762799315114712,-5.8243613895518465,-0.4451397225787801,2.515855963615543,3.0771658666753687,-0.707357151770216,-1.775926184459431,0.8492620045653432,-1.069347370590723,-0.5647073830317595,17.83222786040366,0,5.4901837754912055,0.4834647270434589,0,0,0,-10.305522894613972,3.9991549336988896,0,0,-3.014109840679624,-0.9342322714263052,0,0,0,0,0,0,4.947281110865465,0.5182391506982853,0.2869629569827836,0,-2.2557347424074337,2.494774717524839,0,0.6313754479882472,0,NA,NA,NA,NA,NA,NA,NA,NA,NA,NA,NA,NA,NA,NA,NA,NA,NA,NA,NA,NA
1968-10-01,0,0,0,0,0,6.955207141549269,0.08195282317839392,-1.2433431428598873,0,0,0,0,-0.5071410842669266,-1.1316632926730463,0,-1.1263960253840466,3.058342337208053,-1.0152371464017484,0.7799553023392303,1.775926184459431,3.122001736121449,-7.118933362687407,0,-7.23813798771038,0,1.0046883702897942,0.3085226825739418,0,0,1.4184634991956324,24.911903771747035,-3.7326922563162945,0,0,-1.0760125033274948,4.003020472952057,0,0,0,0,0,0,-2.7592681407017317,-1.4821020344752078,1.2844539791519338,0,-0.3427921848404125,-2.4437543082548085,0,-11.285969862650125,0,NA,NA,NA,NA,NA,NA,NA,NA,NA,NA,NA,NA,NA,NA,NA,NA,NA,NA,NA,NA
1968-11-01,0,0,0,0,0,15.12394194701143,-0.6928569787421124,-2.289956582347885,0,0,0,0,0.6135806898456053,5.369448706545121,0.9899333131637711,4.431401836161264,4.130380614123563,-1.0256500167189486,3.0828382574370483,9.210459366344592,6.351340572232589,-4.102052387652666,-0.5837359795505925,-10.957594453256569,0,-5.894924886758429,0.3080775539475722,0,0,-1.4184634991956324,26.630127742683072,-1.40456168124512,0,0,-3.3780714325234773,1.76354371202887,0,0,0,0,0,0,1.840672236535923,0.28208763416417426,6.517724082763365,0,0.760170897372614,1.4432457121585696,0,2.2553955564198924,0,NA,NA,NA,NA,NA,NA,NA,NA,NA,NA,NA,NA,NA,NA,NA,NA,NA,NA,NA,NA
1968-12-01,0,0,0,0,0,5.888781728220831,-2.6146060509594586,-1.9388226674940667,0,0,0,0,2.8577118316572836,11.731838701414965,6.550302022929344,1.9372166904045862,4.520543676804678,-3.141619623337899,-0.3937484359554766,-1.618390336797404,3.58867593335237,1.7348951049653394,0,-2.5822165079797177,10.460408596971572,-1.2493892855490005,0.21762408510184184,0,0,0,16.780942875829787,-0.1363139718545625,0,0,-1.5725842305464033,-0.3358122608895009,0,0,0,0,0,0,7.452481386314691,0.6817752496127483,-1.8788744725771522,0,1.8383560298752322,3.2157111634531166,0,-2.9420542397557647,0,NA,NA,NA,NA,NA,NA,NA,NA,NA,NA,NA,NA,NA,NA,NA,NA,NA,NA,NA,NA
1969-01-01,-3.8614836127779633,-3.8614836127779633,-3.8614836127779633,6.062462181643502,0.003993013468706064,-8.861845915018629,-0.07260406901703764,-0.4047902034193418,-3.0512910256404178,-12.681884819428069,16.242796400517275,-14.969390589819154,3.004299268084143,-0.14695539266291746,3.4913057641301926,0.42245355174648225,0,1.0582109330536937,1.5448500260653475,3.9879791182594104,-1.3072081567352622,1.526841975152582,0,5.807146640389904,-19.488597108150472,-0.22048699791366172,0.39715844284842206,10.536051565782634,0,1.4184634991956324,5.336755358387091,-2.5915660595676293,0,0,0.06402048874232236,2.3742805704982772,-2.1978906718775004,6.713930283762881,-28.862148069371642,-8.701137698962969,1.941825288646104,11.511890468007024,5.783189738509442,1.5860760722542722,-0.9497450359852166,13.038109943199316,0.14858843744240957,2.9265700991874866,0,0.9953868178136815,-4.220035449037685,NA,NA,NA,NA,NA,NA,NA,NA,NA,NA,NA,NA,NA,NA,NA,NA,NA,NA,NA,NA
1969-02-01,0,0,0,0,0,-2.954280748782327,1.894541077515874,0.21817080031507063,0,0,0,0,-0.5785451931475727,7.954434899665674,0,-1.9289708363785962,2.1858793812498334,0,-0.10357325683685303,0,1.6775789504837046,-1.1585174335229098,-0.5871634737956377,-0.3532324407545362,2.9223962124570235,0.34888026573492853,0.3765223253931138,0,0,0,8.016383904065183,-3.3937680274674698,0,0,0.5266109672499797,9.931222874257973,0,0,0,0,1.9048355697050212,0,2.342657962629424,1.6387413153093,0.5438154546558494,0,-0.745159930842032,0.7067167223092863,0,-7.293861992312046,0,NA,NA,NA,NA,NA,NA,NA,NA,NA,NA,NA,NA,NA,NA,NA,NA,NA,NA,NA,NA
1969-03-01,0,0,0,0,0,-1.337849574342921,-1.495869453133733,-3.002278569426137,0,0,0,0,-2.1160764080972783,0.510183129182451,12.604737215328399,1.0822714887760654,-3.857227478623937,-1.0582109330536937,-0.3704162639895703,0,-1.8657257604542288,3.9584938555319304,-1.1686677475422513,7.3652909574765335,10.843682384196352,3.05966739774675,0.3312859251210498,0,0,1.3986241974740077,11.778303565638337,0.06737808464105655,0,0,0,7.822706814342617,0,0,0,0,0,0,-0.5328145223317371,1.0777625493829213,-0.06781542135918528,0,1.5584731016698328,1.3059887114609037,0,-0.7639039712272866,0,NA,NA,NA,NA,NA,NA,NA,NA,NA,NA,NA,NA,NA,NA,NA,NA,NA,NA,NA,NA
1969-04-01,0,0,0,0,0,-2.5363474255190104,-1.9356621153188454,-4.193214031763115,0,0,0,0,-3.0876340775468414,-2.2327807015429357,-5.407650533000918,-0.43513802681545144,-6.37897378753296,1.0582109330536937,0.9662678401110458,2.3147365370360884,-2.2858138076050416,-1.059740168206691,0,-0.5934735519814494,10.325493509347371,3.3391792140734426,0.42175872637573164,0,0,0,3.9270403828836287,1.0953309472742312,0,0,-0.17522903727031913,1.9841148839357503,0,0,0,0,0,0,8.222924708828394,2.6819360029302963,1.8846870300235352,0,0.4041894167001736,0.3469414836601459,0,-2.641809665756245,0,NA,NA,NA,NA,NA,NA,NA,NA,NA,NA,NA,NA,NA,NA,NA,NA,NA,NA,NA,NA
1969-05-01,0,0,0,0,0,-7.957662914513644,-0.517625015743628,-1.415119468595366,0,0,0,0,-6.3635394665051415,1.4679751727080692,-2.2476864904499294,2.130321900303045,1.7804624633506627,1.0471299867295336,1.9686669894720232,5.213645250056409,-3.9297787414370067,3.5032872749678923,0,13.987695761480467,-4.716546844243008,6.4742678425352365,0.42128503948759555,0,0,0,0,0.3487048442578633,0,0,0.8730907116640596,-4.349795228925335,0,0,0,0,0,0,0.3172128235823912,3.6234522057763563,1.5225290728746899,0,2.2481004781900182,0.34574196017480574,0,-0.96635489656961,0,NA,NA,NA,NA,NA,NA,NA,NA,NA,NA,NA,NA,NA,NA,NA,NA,NA,NA,NA,NA
1969-06-01,0,0,0,0,0,9.879929249926391,-1.7827561847324258,4.154123974674801,0,0,0,0,-4.075119555389062,-9.11470005281192,-0.566881267202124,-2.558237152441567,1.7493157447517227,3.0771658666753687,-0.10836023356830538,0,-1.8200704646846422,4.37984477375597,-0.5975952533628259,-7.769736736189992,0,5.56351842994271,0.508065011707659,0,0,0,-0.24875634718015682,0.9980265304272429,0,0,-1.2564777627362411,3.0704600829343787,0,0,0,0,0,0,6.3036431225671485,2.5901749606722646,0.7215959805144223,0,0.856842086236842,-4.759437687705592,0,-6.783754011281151,0,NA,NA,NA,NA,NA,NA,NA,NA,NA,NA,NA,NA,NA,NA,NA,NA,NA,NA,NA,NA
1969-07-01,0,0,0,0,0,4.199948445400264,-2.2129861508102673,1.4542095256836807,0,0,0,0,-3.6345793650284897,2.590712969841835,-2.170343480340975,-7.6089158562505865,3.9665256392431125,-4.124295853404902,-1.1956357845209986,-0.7389651214296133,4.9761509559064,0.9797996326253333,-2.4101502703649302,-4.448001315350392,0,-0.8112082443150759,0.20021692779541578,0,0,-5.71584138399488,-4.847888012022583,2.091997784191335,0,0,-1.7762456339840471,5.890181022190422,0,3.8221212820197525,0,0,0,0,-1.9810044520796488,8.587237480752652,1.7451938040627724,0,0.8495626318993921,0.7692345623155461,0,-1.66680738605548,0,NA,NA,NA,NA,NA,NA,NA,NA,NA,NA,NA,NA,NA,NA,NA,NA,NA,NA,NA,NA
1969-08-01,0,0,0,0,0,-1.8315331806792525,4.402673040739708,5.3104465942070025,0,0,0,0,1.1557306257581779,-4.2515245714858985,5.81639512436638,-2.350940028959858,0.5540180375615655,1.0471299867295336,-3.269569582848897,-0.7257871256929338,5.109910077591007,-5.073654775555081,-6.93959682237697,9.181894870708906,0,5.48676579147952,0.4212850399378021,0,0,5.71584138399488,-16.29034709368531,-2.5165928542820737,0,0,-2.290616752658836,6.238658442791822,0,0,0,0,0,0,9.991706708003534,1.5311303904447904,0.8944525787393687,0,3.532223161006609,-1.617416067906463,0,2.0973589744244236,0,NA,NA,NA,NA,NA,NA,NA,NA,NA,NA,NA,NA,NA,NA,NA,NA,NA,NA,NA,NA
1969-09-01,0,0,0,0,0,-1.48754877849549,10.50405038392744,5.158212634989601,0,0,0,0,0.5728946771080601,2.8532923717696335,5.364052872953984,1.6494600986768582,9.982033528221024,-4.255961441879563,-3.5401078316771084,-4.50802073605634,4.685541728150522,-2.376781596149957,-4.6791096401678,6.038051098890751,0,-4.0449282490523375,0.19458848673643558,0,0,0,-7.339816495486762,-2.173234070423291,0,0,2.176508010959477,-6.441180835496175,0,0,0,0,0,0,-1.7440988543632407,-4.334443033714308,0,0,1.8540898560656771,-0.5368485319132699,0,7.7348682767419135,0,NA,NA,NA,NA,NA,NA,NA,NA,NA,NA,NA,NA,NA,NA,NA,NA,NA,NA,NA,NA
1969-10-01,0,0,0,0,0,1.956751450626705,14.179265396618668,10.209025224527075,0,0,0,0,1.1954714997878035,3.757538527683213,11.572991191375959,2.089847948913093,18.23215567939549,0,-0.6459466606490327,1.339175763166578,1.0507977598415152,-0.11346333067612235,-2.7782189368125376,-5.035388614561476,0,-6.8895495762642645,0.37652232409793873,0,0,1.3793322132335861,7.339816495486762,3.774910657361996,0,0,2.2737414267555875,-7.637882952630171,0,0,0,0,2.9741970729455502,0,-1.5618984600358488,-2.952243926632203,1.824696191017594,0,-0.16714026956359262,-1.0576903423915152,0.20387366898475534,4.75759483568714,0,NA,NA,NA,NA,NA,NA,NA,NA,NA,NA,NA,NA,NA,NA,NA,NA,NA,NA,NA,NA
1969-11-01,0,0,0,0,0,1.4589333175418413,-1.4916975553415288,-2.911803788452266,0,0,0,0,5.996032096862258,4.589653569033736,0,3.379473948539591,8.004270767353638,-1.0929070532190721,1.015309838951195,2.456564548173601,0.17406444777838814,0.11346333067612235,0,-3.706341737688734,0,-1.7186772175665972,0.32980273504081836,0,0,-1.3793322132335861,3.0305349495328926,-3.825974798679077,0,0,3.2162157152673343,-10.255738402861148,0,0,0,0,0.7299202177241781,0,4.830971665766004,7.223355735937176,3.010260740791182,0,3.4849022834758436,-7.814868973178424,7.643287875164706,2.666403092542713,0,NA,NA,NA,NA,NA,NA,NA,NA,NA,NA,NA,NA,NA,NA,NA,NA,NA,NA,NA,NA
1969-12-01,0,0,0,0,0,-9.079298647973157,2.238827467522386,0.9357115664889781,0,0,0,0,11.110781825638671,-3.553032354779173,22.779942818170085,-0.22554280776159175,-3.522869188374411,5.348868495098635,-0.3584572535315189,-1.5163292803345385,-1.7544309650909362,-3.944276108073197,0,-4.802918703811998,-7.550755250814523,0.2555753895380264,0.6051757570109007,0,0,-2.81708769666964,-7.43376196458323,-3.193525334694325,0,0,1.258071211081846,3.5721949436051004,0,0,0,0,0,0,4.103626340695232,5.634859741275466,4.7298505404132385,0,0.22591586177878042,-6.147725793459502,0,-6.221511691268344,0,NA,NA,NA,NA,NA,NA,NA,NA,NA,NA,NA,NA,NA,NA,NA,NA,NA,NA,NA,NA
1970-01-01,-4.839654086185022,-4.839654086185022,-4.839654086185022,0,-1.023749532044682,-23.193442771485,8.151709865416489,3.9650413117357286,13.960626587062006,4.946070074364062,13.834974522435791,20.982565522687562,1.589700640999947,4.469086831648905,0.09011656991493311,0.665762691641536,0.3976148379639888,5.077232537342358,3.940903476474178,10.917294879248196,-8.685048888695812,-13.698749955233502,0,5.651923197095132,3.8466280827796018,6.471862019253807,0.5935638622651784,-4.725288485054535,0,6.8992871486951435,24.035787502847448,1.513091768184438,0,0,-1.706814710727128,6.981487864785018,-2.2472855852058604,9.531017980432477,-37.6746135759153,35.89450924732711,0,0,-4.417956867298134,-2.8239313867900684,0.6343757813514372,18.58835110446444,-2.5466606437060335,-0.6561141779980684,0,3.7684989170957306,-7.145896398214457,NA,NA,NA,NA,NA,NA,NA,NA,NA,NA,NA,NA,NA,NA,NA,NA,NA,NA,NA,NA
1970-02-01,0,0,0,0,0,0,0.7361351268609623,-1.7023817097296918,0,0,0,0,0.11821496795860753,-0.8151361112555655,0.37136254394321,2.7651531330510792,1.9646997383796716,0.9852296443010999,0.1658666666710662,0,0,-5.164935634609247,0,5.177626952371983,0,2.8980921563440787,0.38955808036633677,0,0,-1.34230203321406,-13.660637017634869,3.2989973879366197,4.376956183197933,2.3635563389309944,1.049068553547139,-4.981210624580113,0,0,0,0,0,0,1.882193526884457,4.898079817471679,-1.9710508813009397,0,-1.4657157799973675,0.1430001673686121,0,1.0232573443865634,0,0,0,0,NA,NA,NA,NA,NA,NA,NA,NA,NA,NA,NA,NA,NA,NA,NA,NA,NA
1970-03-01,0,0,0,0,0,0,2.227686664442108,2.390541307132135,0,0,0,0,0,-1.0254420427904698,1.0055018038489294,0.9049835519917337,4.191089561563643,-5.026183478088786,0.16586666666742467,0,0,-5.446299441827662,0,10.444266336759744,-6.453852113757108,0.9179511451841427,0.1325821924351711,0,0,-1.3605652055778572,7.669262078825412,-0.2462037365506653,2.5274735434726914,1.364835713475987,0.8253141756720539,-7.891416675701035,0,0,0,0,0,0,5.676946272888195,-1.6260520871780315,0.7588513564146027,0,-0.6734032181344496,0.2853883215526931,0,-0.3858049866429569,0,0,0,0,NA,NA,NA,NA,NA,NA,NA,NA,NA,NA,NA,NA,NA,NA,NA,NA,NA
1970-04-01,0,0,0,0,0,0,2.6708694066282455,5.051839468481354,0,0,0,0,0,4.308235833894347,3.3203430006715884,0.8968669982760247,10.610650599454807,0,0.16586666667390837,0,0,-3.808447347755628,0,-12.237776951240242,1.6219943866763398,1.1889517157170626,0.34744148247277673,0,0,0,5.484403003784388,0.7555525772336757,0.33540999341115096,0.1811213964397318,0.7279377002901322,-5.351595334010783,0,0,0,0,1.0849868273545837,0,-0.7094663011790736,-4.355797433913011,1.3838064312745146,0,-0.882258861517915,1.4991088266391728,0,-1.9030883864142756,0,0,0,0,NA,NA,NA,NA,NA,NA,NA,NA,NA,NA,NA,NA,NA,NA,NA,NA,NA
1970-05-01,0,0,0,0,0,0,1.1736641873153153,2.927027486706641,0,0,0,0,-1.7605083047950387,6.810190009255024,4.067550744448845,2.6433257068156024,-2.0339684237122846,1.0256500167189486,0.16586666667546268,0,0,0,0,9.938825128770379,-1.6219943866763398,-2.0244657145531364,0.39128597004158827,0,0,4.027389913793988,2.261402900116005,-4.118628518357692,3.96253927261645,2.13977120721216,0.4071482665788162,-1.269326107207791,0,0,0,0,0.7168788238840484,0,-8.611396377499503,-9.668098193810337,-2.966168338118358,0,-0.5810988835205144,0.9221806305540259,0,-10.392835287756807,0,0,0,0,NA,NA,NA,NA,NA,NA,NA,NA,NA,NA,NA,NA,NA,NA,NA,NA,NA
1970-06-01,0,0,0,0,0,0,-0.8996800398330035,-1.084647880568413,0,0,0,0,-2.3957643887361435,-0.12252188026629085,-0.5973389477947677,2.5752496102414923,-1.379332213233564,4.000533461369837,0.16586666665592276,0,0,1.9223529172871956,0,-3.934757109370146,-1.7126964792800736,-2.810880896797335,0.5184562863621123,0,0,0,4.493773682376334,-2.5853068682506475,2.1379026676791035,1.1544674405467248,0.22547923870891995,-0.7014177989295822,0,0,0,0,0,0,-9.1624633576739,5.536592275151175,-5.331225525246985,0,0.5129093138820373,-1.4852451812368272,0,-1.8493305191870535,0,0,0,0,NA,NA,NA,NA,NA,NA,NA,NA,NA,NA,NA,NA,NA,NA,NA,NA,NA
1970-07-01,0,0,0,0,0,0,0.4962378887269109,1.3423079120625145,0,0,0,0,0,0.6137062559244733,-5.971146107841374,3.333642026759165,0.6920442844573493,3.846628082779624,0.4813725696114268,0,0,0.7875321962538706,0.6875504548811584,-20.69207158073223,8.16654859303718,-0.3937164926882397,0.5118771399217237,0,0,0,0,1.7124857025030416,0,0,0.9117468435531018,-7.324949086627742,0,-7.061756721395307,0,0,0,0,-6.473973022192592,-2.4635832891531706,-1.2525904026029266,0,1.6574030671529627,-0.2827256618928242,0,2.838434692161096,0,0,0,0,NA,NA,NA,NA,NA,NA,NA,NA,NA,NA,NA,NA,NA,NA,NA,NA,NA
1970-08-01,0,0,0,0,0,0,-2.4469883498144105,0.23362703826502254,0,0,0,0,-3.0770856850479866,1.6404769823141763,-8.300355063862508,-1.652930195121094,-7.145896398214457,0.938974034983886,1.432130924200381,0,0,2.4901488244721826,2.759443034740583,7.738666361542013,0,-3.6149937764290514,0.38758074634032136,0,0,0,-0.11883542693786886,1.5987081838274797,0,0,1.55018974966864,-3.0763497300214437,0,0,0,0,0,0,-7.606871290494777,-5.222138495174722,3.4082554910417784,0,0,0.16973129958799404,0,6.379340191182914,0,0,0,0,NA,NA,NA,NA,NA,NA,NA,NA,NA,NA,NA,NA,NA,NA,NA,NA,NA
1970-09-01,0,0,0,0,0,0,-1.920591662482235,-0.6320947018935541,0,0,0,0,0.8090381841192595,-7.309816913634748,-5.973780759269509,-0.8368249670516192,2.197890671877456,-0.938974034983886,2.006145272928883,0,0,-1.8597856759092757,4.010335087358596,1.243797129221691,0,2.619960691112247,0.3073022206920295,0,0,0,1.4167887518731437,-1.0072728884790827,0,0,1.3387860030461662,-1.738701774063256,0,0,0,0,0,0,-1.55967194391895,-0.21045255049152445,0.7266353671601777,0,0.6353473972175117,2.2636148844012105,0,0.21670888930008791,0,0,0,0,NA,NA,NA,NA,NA,NA,NA,NA,NA,NA,NA,NA,NA,NA,NA,NA,NA
1970-10-01,0,0,0,0,0,0,-3.5617800087348646,0.3048489365712073,0,0,0,0,4.485793363832702,6.826643910699204,12.908584592855465,3.3060862260887447,9.662683568907227,-1.9048194970694432,2.2170417542156873,0,0,-1.0233539899930477,4.4699206935778335,4.531128451469835,0,0.31201273362436444,0.2660142585427461,0,0,0,1.5125361070755794,-4.385902523913909,0,0,0.8492314442122562,-4.7133548625008626,0,0,0,0,0,0,-8.752915841722064,0.14035090023201136,0.6042479662630384,0,-1.1735256218420531,3.6091286562372815,0,-3.146225564412186,0,0,0,0,NA,NA,NA,NA,NA,NA,NA,NA,NA,NA,NA,NA,NA,NA,NA,NA,NA
1970-11-01,0,0,0,0,0,0,-8.564019670802194,-2.753556074022195,0,0,0,0,0.7699653058297784,4.033189442954743,4.748171281324609,1.6129381929884445,8.206495305430384,0.9569451016150587,1.851721308911003,0,0,0.32092453731422665,3.673814389420116,-12.30389977135069,0,-1.0727112220491497,0.388348972514585,0,0,-2.666824708216131,3.9620349045902614,3.0019826928156412,0,0,1.6066315586936608,7.203334653670712,0,0,0,0,0,0,-5.127486613335019,-1.8758292018732803,-1.4525042229793783,0,-1.1192248425284212,-0.2134472528632969,0,0.8328152635686981,0,0,0,0,NA,NA,NA,NA,NA,NA,NA,NA,NA,NA,NA,NA,NA,NA,NA,NA,NA
1970-12-01,0,0,0,0,0,0,-5.01775826986084,0.3363773995461006,0,0,0,0,0.5859876727334346,7.446832016590754,0.6092738970140843,-3.2523191705560173,-5.929974228129176,0.9478743954543845,1.7992360361870574,0,0,-3.6047285366277215,3.559438484444666,-15.27043870903082,13.13178596613913,2.840482757357518,0.3879612176526992,0,0,1.34230203321406,0.5534048434641559,0.5820194619603036,0,0,1.0522720736099112,-0.9939638582076138,0,0,0,0,0,0,-3.7169928847426092,-1.1498509728528283,-3.3495348780334666,0,-1.3736479727886497,0,0,-7.40205832468141,0,0,0,0,NA,NA,NA,NA,NA,NA,NA,NA,NA,NA,NA,NA,NA,NA,NA,NA,NA
1971-01-01,30.40758822274573,30.40758822274573,30.40758822274573,5.715841383994857,11.603895488641314,-22.68541307107454,2.5852192029918704,1.1684894894709044,-6.852249453530124,1.859013489501743,-21.476767423360382,1.564977866485505,1.4501200358026267,2.399636591143395,0.6055842190979988,3.2523191705560173,-0.6451635281488066,-0.9478743954543845,0.4337337678871567,0,7.384594113602505,0.8105246589096282,0.5837359795505925,7.132478082193039,-38.27165232959251,2.187244268854549,0.3069217474149566,19.035372849121867,0,2.6317308317373334,13.793668609243914,-1.6386502928678937,0,0,1.5235751777421036,-4.698294288642824,2.2472855852058604,-2.46926125903717,-13.157635778871946,3.125254350410467,0,4.859657206738532,-3.473618676923884,-5.268280476120157,-0.8847835721230268,2.9734118587377623,-1.603380462885795,1.168361670848661,-2.6770241064604683,0.29318369400602173,6.280090123903026,10.689779497671248,3.2947386439627024,NA,NA,NA,NA,NA,NA,NA,NA,NA,NA,NA,NA,NA,NA,NA,NA,NA,NA
1971-02-01,0,0,0,0,0,0,-1.9936222103329078,-0.02371536284245801,-0.20541796926697165,4.771550953325809,-4.609114261306551,0,-4.089113295372826,6.723663117485135,0,0,-3.960913809504607,-3.8839833316263395,0.16586666666769112,0,0,-14.417860074249234,0,-2.197890671877545,10.293148759240921,2.6520483192825575,0.2749828393545761,0,0,2.564243061333782,2.1874386206529373,-2.6507272594461284,0,0,1.744151040340497,-5.855757457190203,0,0,0,0,0,0,1.0048355653521135,1.3621095951965145,-0.06349939600305277,0,-4.491503986655143,2.244938966097232,-5.170137437688993,-2.426119797823789,0,0,0,NA,-1.4179295217668808,NA,NA,NA,NA,NA,NA,NA,NA,NA,NA,NA,NA,NA,NA,NA,NA
1971-03-01,0,0,0,0,0,0,3.103973659583948,1.178698093994643,-2.815251739447394,4.896072066775209,-13.803384253518663,0,2.0530055868367647,0.493047380537881,1.715955111237566,-0.8032171697264445,1.0050335853501124,-0.9950330853167877,-0.37144035808056586,0,0,-6.0701932131156155,-1.1708994533462302,1.4706147389695667,4.1533095936867825,0.6901840031475981,0.39847968242519016,0,0,-1.2739025777429802,-2.766032327357326,0.20890245579101574,0,0,-1.744151040340497,0.5982668158488691,0,0,0,0,0,0,11.461961521807229,0.4873486684199513,1.8281417173604098,0,4.174769602560513,0.3350086885281822,0,4.203353300989054,0,0,0,NA,-0.8503128839695534,NA,NA,NA,NA,NA,NA,NA,NA,NA,NA,NA,NA,NA,NA,NA,NA
1971-04-01,0,0,0,0,0,0,-2.4855299588341815,-0.07033485058377184,30.79317053041033,-8.546115064620146,84.05709005950919,0,-3.229188923704207,-4.001211095832691,-3.1941323106450703,-4.115807249350745,-2.7028672387919173,-2.0202707317519497,-0.10516465839298661,0,0,-3.330557606167339,-0.5906314559922521,0.7272759329079781,11.573953764560185,1.5018426211248548,0.35465282492253003,0,0,-1.2903404835908017,-2.8447234575198266,-0.8026798949452463,0,0,-0.27529267214050357,5.990507737984774,0,0,0,0,0,0,8.972453016493098,0.22413158430136804,0.9957628715708822,0,-0.07052186469982402,0.35952786544330984,0,3.358194798153813,0,0,0,NA,4.3032142746104425,NA,NA,NA,NA,NA,NA,NA,NA,NA,NA,NA,NA,NA,NA,NA,NA
1971-05-01,0,0,0,0,0,0,2.8791150384011566,0,-11.869426387274075,1.4760426930724435,-26.205298094347505,0,-7.96312696920074,-2.0622887154496894,-10.343130232666642,2.489755162172713,0.34188067487859186,3.0153038170687374,0.7063379152473459,0,0,10.234562737454045,1.1777949297878898,0.7220247973487082,-10.39977197689186,0.12829652508196676,0.5699135659707921,0,0,2.564243061333782,-4.476841152288369,2.5623927916568867,-0.2929579560031037,-0.15819729624242385,3.7867945742307505,5.492433462426027,0,0,0,0,0,0,-11.60266884062331,-1.3145729212502566,-1.1830447855091464,0,1.4706147389695445,3.7977655861917814,0,-3.496096909524282,0,0,0,NA,-3.6426427669007584,NA,NA,NA,NA,NA,NA,NA,NA,NA,NA,NA,NA,NA,NA,NA,NA
1971-06-01,0,0,0,0,0,0,-1.5936986651995475,-0.6352176503608205,-6.882878911723397,-2.974199223651425,-14.809630555465073,0,-1.3261566752798437,-2.7450424914866822,-0.7813993247348883,4.0166041725334445,5.639968846212451,2.9270382300112807,-1.1899586119532124,0,0,3.0113799659391205,-2.95461440938114,-1.4493007302566863,0,-2.364074061529614,0.5661403891758399,0,0,1.2578782206859929,-4.905034369477113,-0.35778213478838694,-2.3981964686485835,-1.295026093067797,5.021108990464615,-9.387542120870386,0,0,0,0,0,0,-3.6739944994237383,3.272884163566836,-2.0893883713297257,0,7.012766937155757,-1.0419345067959274,0,-3.5792265688151415,0,0,0,NA,-4.083254577031436,NA,NA,NA,NA,NA,NA,NA,NA,NA,NA,NA,NA,NA,NA,NA,NA
1971-07-01,5.918887139033063,5.918887139033063,5.918887139033063,0,0,0,-0.9524358929948056,-0.6155344557513445,6.1802741990042405,-0.37807258178006453,15.0118552639369,0,-0.935752305295523,-0.37692195120540006,8.905345273774667,5.365271349231993,8.053886248401199,2.843793532053329,0.16586666666431604,0,0,2.0481005889739556,0,-0.7326040092072938,0,-1.7065511618385265,0.5625818433463103,0,0,0,0.5449604767564509,-2.2945258363589183,-3.0988395051138706,-1.673373332763184,0.5287021378906964,-3.2653539275124377,0,15.057285847937418,0,0,0,0,3.7547228529132504,-4.260734142035627,0.2548952834139584,0,2.874678944392084,2.0975475986555026,0,-1.7122309866375696,13.78697942231204,0,0,NA,-0.7679105655359175,NA,NA,NA,NA,NA,NA,NA,NA,NA,NA,NA,NA,NA,NA,NA,NA
1971-08-01,0,0,0,0,0,0,1.2413814435018065,0.16610422554375198,-5.096284331883871,11.788118257271623,-19.943553349314918,0,1.268240636391571,0.013648461157256264,7.033102980936778,-2.2642476749759943,-0.29806281381379307,0.9302392662314141,-0.11167742419373461,0,0,1.663517433979056,-0.6048240750635259,6.407885668452229,0,-1.7814842398512831,0.4807812243887377,0,1.3658748931040243,1.2422519998557258,1.8309612195336111,-1.029390169455091,0.5943200662473558,0.32093283577596665,3.987239124737732,-4.853370942851654,0,0,0,0,1.7699334247533116,0,-1.5724162759804372,-1.384105141187142,0.6372846229181661,0,1.5310406862846015,4.208127455429667,0,0.3662313874299217,0,0,0,NA,-0.2928259779088338,NA,NA,NA,NA,NA,NA,NA,NA,NA,NA,NA,NA,NA,NA,NA,NA
1971-09-01,0,0,0,0,0,0,-4.1232485684910465,-0.5944697094056595,-0.931756100381817,1.8379458692845463,-3.8956058629850396,0,0.34540408667824707,-2.2752565937741664,-3.7206887222944296,-5.491575759611411,-12.377107750100613,-8.701137698963013,0.16586666664606398,0,0,6.208182264161355,0,1.3698844358161821,0,-2.083329192424488,0.06905912573940132,0,1.5384918839479234,-2.5001302205417186,-6.389838455324481,4.061223469448549,2.1803700464494202,1.1773998250786732,-0.2657648338850599,2.347893108299437,0,0,0,0,1.7391890097829155,0,-3.853236281770922,-7.682167802531836,1.3221020378599846,0,-3.566734393159088,-1.604943583634988,0,-10.995106047510777,0,0,0,NA,5.181968208090054,NA,NA,NA,NA,NA,NA,NA,NA,NA,NA,NA,NA,NA,NA,NA,NA
1971-10-01,0,0,0,0,0,0,-2.243751079594461,-0.5740197800652449,-0.8106723595564747,-2.954599128721819,0.06397406908166675,0,0.34142142700410716,-6.171451163301178,-6.938913402787605,0.8032171697264445,2.995232228335176,2.000066670666989,-0.38669311490759917,0,0,0.8914627753557447,-1.2041382606209794,-2.758795651882906,0,1.2338739518598318,0.5265142066883666,0,0.7604599385219402,0,5.424683510102346,3.6561480916421196,1.061140291573226,0.5730157574496353,-0.9968475447440311,-2.347893108299437,0,0,0,0,0,0,-1.4493007302567307,-4.139699257587637,-1.0064089734674653,0,7.845948945246928,1.1120426913346027,0,-6.211193810125909,0,0,0,NA,0.9823756585547683,NA,NA,NA,NA,NA,NA,NA,NA,NA,NA,NA,NA,NA,NA,NA,NA
1971-11-01,0,0,0,0,0,0,2.378445188960233,0.6931967734989233,-3.236916497869391,-1.7023350238166812,-7.6584176627561495,0,0.08098636241404833,-2.004966916905282,-2.4592219976427465,0,-1.3201511858536463,0.9852296443010999,0.16586666665547867,0,0,-3.028385753616547,0,0,0,-2.0546296239301878,0.48313195469754655,0,0.18921481520379757,1.2578782206859929,0.751479650248621,1.9066686265918342,-4.721957625192763,-2.54985711760245,-0.3426756504654904,-0.12678290129306546,0,0,0,0,0.34422969501122225,0,-2.6569613161876227,-3.4126954584333014,1.255729138881101,0,2.2908490796869962,0.8434914115059478,0,-1.1974387156626742,0,0,0,NA,6.0779427995722255,NA,NA,NA,NA,NA,NA,NA,NA,NA,NA,NA,NA,NA,NA,NA,NA
1971-12-01,0,0,0,0,0,0,5.528717197001114,1.2781267847759819,-2.0558365456699534,1.3149359308503084,-7.073210524322398,0,-17.73927635572017,3.703208913361511,-5.870722546063156,0.796816964917646,-10.499144386917436,-0.9852296443010999,-0.11675941192108574,0,0,-0.91899897976635,-0.6158987425783913,0.6968669316093301,0.5819609053263841,2.3360521333013526,0.3988987613760875,0,1.3145729212502566,3.6813973122716392,31.015492830383984,-0.1615963892610317,-0.2890871683242313,-0.15610707089521725,3.588152803210032,-7.403478446385869,0,0,0,0,3.7103617892462637,0,2.339516001270958,4.064163560552636,3.795200567605761,0,4.12400255999863,1.4362072207577903,0,5.426259178709392,0,0,0,NA,3.3744288062225736,NA,NA,NA,NA,NA,NA,NA,NA,NA,NA,NA,NA,NA,NA,NA,NA
1972-01-01,1.7094433359300165,1.7094433359300165,1.7094433359300165,5.4067221270275745,7.6487053764448305,17.984016594256918,-3.003407927084699,-0.8265494316464589,-2.149809363802868,6.048679042226213,-0.5223811991100114,-10.63961749718302,0,3.758620165573756,-6.794196987559165,-0.796816964917646,-8.466592441499365,3.8839833316263395,-4.2961607211494,-12.904051326196964,-4.943588093745577,-2.720902623328314,0,-9.461597637484909,19.50279367055725,5.122493415950452,0.6070478765325515,22.047332275833085,26.694617397260267,4.706751085798588,31.151348217566223,0.562641634670058,-2.689648686534607,-1.4524102907288672,4.949392368163733,7.656883713441531,2.1978906718775004,25.489224962879,60.329085143808435,3.0305349495328926,0.6600959049027466,0,3.7908031497698502,8.661447283677148,-1.2086809335773552,4.917823907113306,5.660100022462355,5.089072946852147,0,5.5550455898889854,22.918586577017308,10.074156980153193,16.651722768801626,NA,4.786667767090287,NA,NA,NA,NA,NA,NA,NA,NA,NA,NA,NA,NA,NA,NA,NA,NA
1972-02-01,0,0,0,0,0,0,0.9145332822191694,0.11848838094307979,0.6838932430258488,4.774175382384927,-2.5418957173771792,0,-18.23215567939549,2.5270348515984864,-16.4779158802399,1.5873349156289684,-1.2121360532344916,1.8868484304382704,0.4275974650246983,0.7569177331445243,0.7133501246766372,-1.1307540975463048,0,6.644509940815291,1.4221993729235383,1.3190155389867564,0.6784174247759123,0,1.1363758650315248,-2.3256862164267256,3.886718449168236,0.749781864376331,4.316868127496765,2.3311087888497894,0.8964649906499561,-0.8259259148596598,0,0,0,0,0,0,3.141237089086779,15.556747188086284,0.12125221944092601,0,2.573241396647852,5.341126847535538,0,2.0493208869130255,0,0,0,NA,-3.483902244838007,NA,NA,NA,NA,NA,NA,NA,NA,NA,NA,NA,NA,NA,NA,NA,NA
1972-03-01,0,0,0,0,0,0,1.9418085857101641,1.9932829514564203,0.465907787318684,5.222526966901878,-4.014236233135432,0,-17.435338714477755,-0.7339314153640863,15.714728873997341,6.108769197983843,4.762804898925488,6.3369613932589886,0.6900446981682684,1.515907374611114,0.2055499182096021,0.4343785917845011,0,-5.129329438755037,-14.858738314192955,3.540068852968564,0.8686508540721061,0,0.7037326720576109,1.1696039763191335,2.185879381249922,-2.404112465027719,4.2974909135689465,2.320645093328455,-2.9089256092201947,-1.2195273093818404,0,0,0,0,0,0,-0.3782765926560572,8.528262112129692,4.277876785633872,0,1.9566117773052838,0.14494256601071953,0,2.1579784781726783,0,0,0,NA,3.2226918220454923,NA,NA,NA,NA,NA,NA,NA,NA,NA,NA,NA,NA,NA,NA,NA,NA
1972-04-01,0,0,0,0,0,0,-0.7583628210098781,1.3834548113143976,2.236118015815716,-1.7857539815823553,8.692570299691372,0,-4.879016416943216,1.25586397420836,4.802508346886647,3.6367644170874236,5.284248137438041,2.597548640326064,1.2104944821526686,2.2036865013658424,0.20512827705574388,-1.3088376306596317,0.6158987425783913,1.4925650216675468,-6.6482156346142185,2.9996493905435075,0.7087984370303002,0,-0.42164503789350327,-2.3530497410194195,-17.049981782878774,-2.1005919233010317,-0.9366144997263959,-0.5057718298571601,-0.6452378648241358,-1.071264911272074,0,0,0,0,0,0,2.2131904594757223,-1.4456568552684956,1.4460734528521257,0,-0.6057565216594618,1.4379869806149248,0,2.290667651740214,0,0,0,NA,1.417542537650386,NA,NA,NA,NA,NA,NA,NA,NA,NA,NA,NA,NA,NA,NA,NA,NA
1972-05-01,0,0,0,0,0,0,2.557234800343257,0.20588816930156503,5.229402199383559,-0.9049857970653885,15.566673640557982,0,9.531017980432566,0.3675890776571933,0.07474992103579936,0,-7.637297878457439,0,0.6773922670811228,1.4793169177830467,-4.087633032329352,2.2596327148126427,0,4.41940804203389,-14.714973572816326,0.42601409035194493,0.5977584281262049,0,0,-3.63676441708749,-6.488045993385905,-0.48615222858350293,-2.3924030357259873,-1.2918976392902515,-0.6145303124147433,6.292576573283859,0,0,0,0,-11.122563511022499,0,-2.3757480677457643,0.6311160108717573,-2.086694025778968,0,-2.253039490670794,10.796776038241696,0,0.697308689186027,0,0,0,NA,5.640003506209165,NA,NA,NA,NA,NA,NA,NA,NA,NA,NA,NA,NA,NA,NA,NA,NA
1972-06-01,0,0,0,0,0,0,3.037150970085245,-0.2287838948506718,1.0207721159285006,-8.783825772115165,9.347378221449345,0,12.165432043316926,-4.493368532835618,-5.131411497309557,-1.4388737452098788,-7.410797215372167,1.6949558313773316,-1.1344158349736233,-2.943032297700343,-3.374765250609846,3.6308186394483855,-0.6158987425783913,-2.948793303064323,0,1.9470456557367177,0.6702143999376298,0,-1.275708300077083,1.227009259181444,-4.691094605425761,1.0632612779987838,-4.298897008521951,-2.32140438459858,-3.3709063525138694,0.12251150077495776,0,0,0,0,-5.6726035262859575,0,-3.982827295151292,-1.9054244302999734,-0.6474238981009961,0,-4.015330738697909,12.818482933124287,0,-0.888330714797958,0,0,0,NA,22.16190833122785,NA,NA,NA,NA,NA,NA,NA,NA,NA,NA,NA,NA,NA,NA,NA,NA
1972-07-01,5.495888428075757,5.495888428075757,5.495888428075757,0,0,0,14.45830265816922,8.113398721645451,-9.52178586188554,-29.81305333689701,-4.529423959790413,0,-11.075934139117827,-4.585691704573058,-0.7104248299229177,2.150620522096336,-3.4786116085415486,6.506359334706158,1.2049377004421657,2.1876164529659903,4.128756256180033,0.824642842157175,0.6158987425783913,-4.402053505847081,0,-1.8740069087561428,0.8758922766395782,0,-5.4225737558156295,3.593200922606332,-12.995357127663866,-0.9116140876117562,-4.338150449190614,-2.342601242563447,-6.1775590675511225,-0.7990208459522696,0,22.31435513142097,0,0,-5.1908032667088655,0,-2.7268349829621563,-2.6642251562054575,-0.23549572005290287,0,-1.9872710614492028,5.5904966696644465,4.391923393483488,10.102992847711189,17.627924233799153,0,0,NA,-6.522223732432569,NA,NA,NA,NA,NA,NA,NA,NA,NA,NA,NA,NA,NA,NA,NA,NA
1972-08-01,0,0,0,0,0,0,-2.888998622713976,-0.3172108089689103,-2.0259700512029246,15.326495262531326,-14.72404406569866,0,-2.453301020229137,2.5321528215465072,2.7756583848393745,0,-1.3363227812167366,-0.7905179507113225,2.548235788674491,2.8982252703831257,5.653760827129339,12.744781156311014,3.007745523727756,7.986666683160637,0,-1.0006087086928517,0.5639653660731159,0,0.30075210639552985,3.468555798788997,11.76923285947764,1.8029766155444271,0.6386533394953098,0.3448728033230708,-5.253998828354439,-2.2150336270221116,0,0,0,0,0.408992967752031,0,1.1627479291424159,-1.9618251801793996,0.5903662180072544,0,-0.055005501936911116,2.0650368296419863,3.4552381506659735,6.160690356637932,0,0,0,NA,5.959209720224562,NA,NA,NA,NA,NA,NA,NA,NA,NA,NA,NA,NA,NA,NA,NA,NA
1972-09-01,0,0,0,0,0,0,-2.7179255727526304,-0.5737401897928124,-2.054642716279237,8.701137698962969,-12.858825903580115,0,4.0545484080224625,-0.29302453552961794,1.8990043403749546,-4.348511193973881,0.892863074430128,9.09717782057271,11.603059334581367,6.165978579221587,5.764367407026416,6.601290400694193,20.277651356068116,-6.547792937950669,0,-2.2989518224698804,0.9866445853145223,0,-0.30075210639552985,0,12.276977485708972,-1.7690993637947905,0.27972046210611445,0.1510490495379102,-1.1529459691335397,-2.8801990903706054,0,0,0,0,-0.408992967752031,0,1.3192427842191101,1.5328524055469472,1.283510838832136,0,1.3390007407577897,-2.3701011296831886,0,-3.831759473466345,0,0,0,NA,-1.8249133667863182,NA,NA,NA,NA,NA,NA,NA,NA,NA,NA,NA,NA,NA,NA,NA,NA
1972-10-01,0,0,0,0,0,0,0.7841172025627396,0.21289823254550463,-2.1652810658563117,-9.175025359725286,1.6155162233233433,0,2.6202372394023676,-2.666628067172816,-0.3787123865147457,0.7380107297622729,1.3245226750020933,-2.197890671877545,5.393056341119262,-3.401805426799598,-2.294156924240731,2.657737351449274,13.954469896449684,1.4925650216675468,0,0.7517804679849693,0.5038029966389246,0,-1.8237587549780887,0,4.701586653977152,-0.10166620474674204,0.2029427383489768,0.10958907871057022,6.202000444980094,15.65596497682813,0,0,0,0,0,0,-14.49374847743039,-1.7345331461774194,-1.1663867537842876,0,-1.2839952388208786,-0.9208168193862498,0,1.8900570999479616,0,0,0,NA,-7.859237103147774,NA,NA,NA,NA,NA,NA,NA,NA,NA,NA,NA,NA,NA,NA,NA,NA
1972-11-01,0,0,0,0,0,0,0.6768788006010718,0.7202907679235808,-4.166119715808053,-8.082504989593819,-5.496546730277929,0,1.2677915224054814,5.12447229180486,-2.476626944099447,8.455738802806234,5.129329438755015,13.815033848081715,2.1071144277626352,3.401805426799598,8.538382258016686,4.792515378342799,1.6669887631384661,4.348511193973881,0,1.0767719923629848,1.1883234962223876,0,-1.8576385572935505,-4.652001563489283,-1.7918304544005448,-1.2224048510876884,0,0,4.316314213663325,3.250320261072104,0,0,0,0,0.408992967752031,0,9.31776127253734,0.2688173661800519,-1.5361202797627982,0,4.094296603161229,-3.0525967297233336,0,1.202287271946656,0,0,0,NA,1.0848718944958216,NA,NA,NA,NA,NA,NA,NA,NA,NA,NA,NA,NA,NA,NA,NA,NA
1972-12-01,0,0,0,0,0,0,2.6215457089074605,0.8199526581407206,-0.35278382739599157,3.265459536226356,-3.7296464720270315,0,5.3489128288760845,7.569555287953644,-2.445698555256559,16.18430254504144,-2.531780798428951,24.48419137752884,11.168366517249817,12.466619914812238,20.216638463769243,5.9115187567580385,14.582617139331333,-5.092009042725687,54.436647929420445,5.561172159856165,1.644408639764261,0,-0.3129893008927631,2.3530497410194195,22.911074952775202,0.6954765234787885,9.701356165853925,5.238732329562978,5.692642219060745,7.529742073520362,0,0,0,0,0,0,1.7032161671271417,3.4304155183769502,0.7696692910556635,0,-1.0346292054144612,1.5770710080252215,0,7.539344454700658,0,0,0,NA,1.8640939078787722,NA,NA,NA,NA,NA,NA,NA,NA,NA,NA,NA,NA,NA,NA,NA,NA
1973-01-01,10.642946284673126,10.642946284673126,10.642946284673126,10.008345855698252,24.618873309864515,56.31587500117667,4.857891887765603,0.10470325465397473,1.2223545241513811,-0.12832247643620454,2.369571034511125,1.2017316424963564,-7.048670465733231,-2.225000562667745,-0.7011298514543185,20.692071580732208,2.114243657380932,8.237099743312726,8.282874006954666,16.55043285830189,7.026684095220226,-2.8312449352720925,5.217257333834979,0.7434978487518062,-43.2864082296279,8.040042543803782,0.9498779680320202,19.38414006268161,0.46911735758803363,8.681755975867112,2.6903065425161854,-1.3785432094218564,11.645331623578326,6.28847907672796,2.7235920825404754,9.730221233556547,17.86917887433761,11.332868530700324,79.4654126901782,23.79586370993505,0.4073270265449125,0,8.832835398655448,3.1596692598872878,1.582500876732773,9.093507391244948,3.149866705937132,1.9062956185896596,0,2.033832565130189,5.884050002293328,17.884329241762977,93.34445888502265,NA,2.2758737668129942,NA,NA,NA,NA,NA,NA,NA,NA,NA,NA,NA,NA,NA,NA,NA,NA
1973-02-01,0,0,0,0,0,0,12.91595652784763,3.534316807511886,1.8128220791613858,8.740485585131735,-2.1658261662339253,0,25.802586286889362,3.2551724912965874,20.001367791160796,19.08520466776862,19.68597152399818,13.8750308500315,-3.216262762783595,2.45908915002655,-3.5917018407938706,7.5691749638015615,-9.22334527072497,5.055227916283123,20.3050559285626,9.713108547353988,1.3177561315404263,0,2.9210378099801204,-2.591937755207452,-4.592265777680793,-0.21526050979812084,25.976266262170178,14.027183781576369,2.3430727144276133,4.488428852913406,0,0,0,0,2.8058016850197376,0,10.557496987267356,6.565712241402366,6.093346090208662,0,8.65806210062301,13.022535032524729,6.903312224920555,10.336507175415289,0,0,0,NA,1.3427583406375092,NA,NA,NA,NA,NA,NA,NA,NA,NA,NA,NA,NA,NA,NA,NA,NA
1973-03-01,0,0,0,0,0,0,-2.4292128910744335,1.622143546613139,0.6560985810007636,5.68302980678625,-3.4755196181173567,0,5.212906543494622,0.4679181883481043,8.056003364502562,-0.3868476777920016,6.646964500774111,-3.711766295650243,-0.5130464697916892,-1.4656826781068943,-2.8433034524889322,6.869700951784985,-0.3750447860698003,0,-2.3308491389001373,5.455567935259942,0.5659557290387363,0,2.0990275891835664,3.229559469135057,-2.3518466394234716,0.7074619458834697,15.689849119154786,8.4725185243407,5.492585933748652,16.48729134590081,0,0,0,0,2.34386862018372,0,19.37680709622951,9.051117865050617,6.260010257787663,0,11.620200765906485,12.844773800420128,7.1548828371984285,3.212314747351075,0,0,0,NA,3.825919960502164,NA,NA,NA,NA,NA,NA,NA,NA,NA,NA,NA,NA,NA,NA,NA,NA
1973-04-01,12.204743444284095,12.204743444284095,12.204743444284095,0,0,0,-9.474668045856966,-2.943194730611967,9.121461093958786,-0.46216743136598404,27.138245605980494,0,13.353139262452274,2.3199724630480922,3.4495848817963193,0.7722046093910251,6.834957780120998,7.290677080808727,0.4097328946896628,-2.7270381633446306,-2.34774361665826,0,2.586351058991898,3.4605529177475614,-17.97420678966246,-6.593041300369206,1.0362881761889264,0,0.14825799602227185,2.2001935193485256,2.5033235681602317,1.8633932585256474,-4.315827976514974,-2.3305471073168604,7.31456840718865,-0.31218462596132035,0,0,0,0,0,0,5.094875011020239,3.95204222310257,-0.4136341384676001,0,7.906852347569249,7.013796252834492,0,-4.51764002837024,0,0,0,NA,3.080120294624505,NA,NA,NA,NA,NA,NA,NA,NA,NA,NA,NA,NA,NA,NA,NA,NA
1973-05-01,0,0,0,0,0,0,9.178308811168328,-0.2867898438878011,0.3723936776223291,-8.509531578221136,7.021798221994634,0,14.458122881110747,4.193295754220561,10.964834628553799,31.985135538517273,11.343592966337201,35.19764231571783,5.315006524980204,13.454348154982387,5.191047069147192,0,1.082687741400079,6.58132185695719,3.434948001463778,-0.2864015359113292,2.2292551280395867,0,1.9076147060813842,4.160924932069854,0.9540619693800156,1.9323599905685107,-13.932523346287873,-7.523562606994272,10.93498311464435,1.2792572116560819,0,0,0,0,1.9121201785272213,0,-2.305394083705803,2.3740744872230657,1.7916884862476223,0,6.782259633876109,11.923072880203378,0,8.424386847461173,0,0,0,NA,-2.2628644613557904,NA,NA,NA,NA,NA,NA,NA,NA,NA,NA,NA,NA,NA,NA,NA,NA
1973-06-01,0,0,0,0,0,0,-0.02827054934370632,0.2867898438878011,4.434940484125435,-5.066068573637494,11.001801051422866,3.4591854813566054,9.399813063294182,6.082471424074498,13.708788696859298,27.2199708303404,19.871899930713433,31.143615845988837,7.33019331759035,12.850303596112322,10.650664758844908,0,5.929351256402793,1.8928009885518682,0,-2.648544121636265,2.0559536033484704,0,1.8719049101246554,1.8710540912824092,3.2451225098034886,2.6266904977174654,-10.259287016240837,-5.540014988772768,6.229104180243198,19.534096886279144,0,0,0,0,3.3522641333304293,0,11.919937529957547,7.037099980375494,4.123134143367757,0,17.806234743455818,16.391066360721496,0,8.754915784128592,0,0,0,NA,3.7486597016905403,NA,NA,NA,NA,NA,NA,NA,NA,NA,NA,NA,NA,NA,NA,NA,NA
1973-07-01,13.883644485421588,13.883644485421588,13.883644485421588,0,0,0,-4.186221397362577,-1.8167113716666392,3.2763058632711175,4.253573944008965,5.261047256937745,0,18.886465538288988,12.310201181153957,24.14716397573029,-35.36400402435787,18.962085927556593,15.788042163480931,5.455391360074602,7.857418365644087,13.231358381324654,58.168257696947556,5.606094969225772,-3.8221212820197747,0,8.410373089794088,1.3995335411806087,0,-1.4368063266920084,0,1.4886229274474028,1.7449660207254247,1.1243091574180575,0.6071269450080408,17.312684461397048,23.705676763699735,0,31.41153295199368,0,0,5.3488735656316955,0,14.481873969813996,9.951226996522422,9.109748826380049,0,24.961922529823788,0.041616380807862896,0,3.1805928925341953,23.262229526875355,0,0,NA,10.95819738740263,NA,NA,NA,NA,NA,NA,NA,NA,NA,NA,NA,NA,NA,NA,NA,NA
1973-08-01,0,0,0,0,0,0,-1.9350160941566108,-1.2578387457096447,-2.191773247922846,15.475369315347981,-15.424288922017187,0,3.733767043764491,0.7251760779688254,12.597142980304099,0.3025720916537189,-0.3642991278500318,-56.73777932709125,27.83775749748645,11.216298421158388,12.855162830351219,12.737014812867375,51.85071408299038,-5.334598070529273,0,22.808661435123444,-1.70080027697741,0,-2.490971285536303,4.762804898925466,-5.940396578562557,1.2344809681386515,12.024475714967764,6.493216886081576,13.901461403905396,-2.9296050998886574,0,0,0,0,-2.4605860063954488,0,4.913878828550278,-4.863053450990229,0.8407710733157714,0,8.205055721182308,-11.83240823868843,0,-2.5871419173791432,0,0,0,NA,2.561689368848419,NA,NA,NA,NA,NA,NA,NA,NA,NA,NA,NA,NA,NA,NA,NA,NA
1973-09-01,0,0,0,0,0,0,-0.26336596734620743,5.539843556855498,-5.160805965857926,0.0654273227391422,-14.24791426525701,0,-4.096743848822371,-11.349997180281957,-23.470963125235134,-21.862206659536376,-7.579383936953388,-41.45975916714369,-5.172480678306801,-13.396321943367173,-6.84761374863303,0,-1.53873345288984,-2.7779564107075716,0,-8.332856651393906,-1.0476954712693276,0,-2.2506576409799806,2.025851971346704,0,2.502212752574451,10.051796756864295,5.427970248705716,13.371080236695288,-11.564662265260232,0,0,0,0,-2.5226614724472185,0,-9.215454230813691,-0.6276640198259464,0.13179441981190365,0,6.563201495894244,-3.614564086766414,1.7807710453238812,1.4534482838419072,0,0,0,NA,5.904389674894728,NA,NA,NA,NA,NA,NA,NA,NA,NA,NA,NA,NA,NA,NA,NA,NA
1973-10-01,41.77352006999786,41.77352006999786,41.77352006999786,0,0,0,3.748914112362267,3.722287764063796,-2.436859101695785,-9.59437230635592,1.0429705223775732,0,11.495074567887187,4.926023968006277,2.512209411733757,-8.22380982369717,4.4280573663456835,-5.177626952372005,-1.871970297892478,-0.6464631123877851,3.180775912951894,-11.194230232688973,-3.953721893215434,4.138521616285429,0,-3.531392743152717,0.5032931165513732,0,0.1516300517964142,1.627522361898892,5.845022227031604,1.9724472221506417,10.436386148548582,5.635648520218517,0.7298541417354532,-3.38029135857984,0,0,0,0,2.877896741645003,0,6.459985389848466,5.873127114656551,6.719657664336509,0,17.52955661055724,-2.8467817510003712,3.3321636069365113,7.574608778038572,0,0,0,NA,2.1561962082981836,NA,NA,NA,NA,NA,NA,NA,NA,NA,NA,NA,NA,NA,NA,NA,NA
1973-11-01,0,0,0,0,0,0,1.097087871232183,1.9048458310779004,-4.277414118183226,-6.06554496543445,-7.298502781406629,0,15.160054514283594,9.609139312338488,-1.3029424904321907,-2.479465861321639,-8.03566301372669,7.445297819475005,0.5503196046712233,1.3815210859063676,-2.3526138297796706,34.30498207355433,-0.20322419319578344,-6.273834063342298,0,-1.8952217441689956,1.042897904372575,0,-1.5267472130788606,-0.44943895878393203,6.421046160673649,1.607543473645645,-1.2513870324717402,-0.67574899753442,-9.381534914769762,11.739155735102603,0,0,0,0,4.506805510839484,0,9.582505055893886,3.827422244145584,3.913530959089684,0,33.450494224517335,-5.293543459109262,0,-0.8946191421687066,0,0,0,NA,1.014478904310262,NA,NA,NA,NA,NA,NA,NA,NA,NA,NA,NA,NA,NA,NA,NA,NA
1973-12-01,0,0,0,0,0,0,2.158714800591305,1.8691546592702863,-2.013804134419317,2.3689415047376094,-7.900138858266445,0,39.707345047191644,24.6411400585294,14.58736735624031,6.087071508702557,20.75118056225138,8.58896718804294,5.89449680430798,4.282610342770088,2.6542456109594603,4.044032892361571,9.25673529749167,-7.466152876901977,35.66749439387324,-3.4949666011253266,1.0917874828998753,0,-2.9666500348469738,2.1391189981317504,15.587498334865234,2.0825989120774047,22.46224001574184,12.12960960849987,3.536670328449454,23.299339093887486,0,0,0,0,-2.749314973608019,0,-1.270687630607359,19.163182294505088,14.790510295996562,0,-0.12315272492466889,11.71741505997499,0,9.238463267976837,0,0,0,NA,0.29061699229845916,NA,NA,NA,NA,NA,NA,NA,NA,NA,NA,NA,NA,NA,NA,NA,NA
1974-01-01,115.39623837512747,115.39623837512747,115.39623837512747,32.27733922630509,91.41157515907233,32.22244443993116,7.241051140795085,2.99183826913024,12.51948404332667,4.702611421157549,-3.0222566364401517,29.158906144644657,10.900554983515942,19.399808645578975,15.289880725114813,2.7186140304157114,9.786984392866849,-9.489874182279578,3.1738999833199166,-0.2757150321357038,5.521459120687933,3.312566587029142,6.762866953401758,27.061871318866547,-45.55629450909411,-1.5683157994271224,0.31895317119258193,-7.309188400533606,26.807752379346784,10.773863806279383,24.645321875901736,2.5890005815315753,-1.0424362093130135,-0.5629155530299634,9.089994634970433,6.976676550210118,111.6630794170788,44.80247225269602,148.45836020952729,22.07878376217507,-4.635387278876468,25.870877156853524,-9.91763078268928,-4.79733117006127,0.6463428669979621,5.715347277450711,-19.90973462987915,19.107560680489666,1.3491138468953778,14.797412645090846,48.40553827013858,38.61153399282884,-10.280806221367111,NA,-1.1675700888482243,NA,NA,NA,NA,NA,NA,NA,NA,NA,NA,NA,NA,NA,NA,NA,NA
1974-02-01,0,0,0,0,0,0,7.31834167382826,8.456761161482076,3.893265586904132,2.2930032824731548,11.257790308292584,0,-2.6373285254889467,13.139617350157362,14.224463924707731,3.7598413557007326,15.950687902778338,-8.49567224759653,7.0006844947457125,15.496463927597226,4.6571047158646905,5.229527159566594,3.2173121069425825,-4.4070112925946425,18.291875000370084,-2.7118113224714913,0.123777265620173,0,2.2769108261276205,30.241856076509976,33.0297789426063,2.3224460201854313,2.514489143181464,1.3578241373163102,-7.570673683911055,-9.856456705555466,0,20.067069546215155,0,3.704127168034921,2.5226614724472185,0,12.007653949584718,13.767693329132591,13.162101066944842,0,13.089634498651748,15.021739645200416,5.861215543239062,38.762264205410666,7.825219689974894,0,0,NA,-8.871652353379927,NA,NA,NA,NA,NA,NA,NA,NA,NA,NA,NA,NA,NA,NA,NA,NA
1974-03-01,0,0,0,0,0,0,-4.4203347595101805,3.5210787318000425,7.571539438279565,22.02077193479881,4.41650020023708,0,8.744231860371077,2.745038700237412,-5.286897057271389,-2.238899489347901,-9.262148988039698,-1.4888612493750841,-7.759259851209244,-3.6746278999064685,-6.619405504024822,5.4865547459610475,-14.501475992879609,-11.988660631390523,3.2308243232657574,-12.891609935551006,0.4233044221014115,0,2.688648218458467,5.797077476782242,0.043001505715301036,2.3360862065446852,1.8728086979724168,1.01131669690524,-8.415068005233628,-4.331940677877886,0,9.531017980432477,0,0,10.464856773749798,0,17.9904126828883,8.712689711914123,10.244733260101135,0,7.250472759849114,11.495927417763241,0,-0.625770096034306,12.13608570042668,0,0,NA,-1.1879968046137113,NA,NA,NA,NA,NA,NA,NA,NA,NA,NA,NA,NA,NA,NA,NA,NA
1974-04-01,-20.409550029446912,-20.409550029446912,-20.409550029446912,0,0,0,-1.6383317939374031,2.0671446206947994,20.173964265105628,-0.04436358733690415,56.631423213204215,0,-9.610038134682508,-0.9360024351675378,-3.053023208629213,-12.014431184206309,-7.4432594782769534,-15.082288973458358,-10.81804097941399,-10.15255460823532,-9.67468286938793,5.691089366920199,-16.285829427188414,10.625894138398095,-3.2308243232657574,-7.4178594869547645,-0.15778742700248705,0,2.1677973824539176,6.0527173342238445,2.3370513408253024,4.336299835968482,-5.176318819491854,-2.795212162526184,-5.176230331197629,-10.792407185774502,0,14.941694317705867,0,0,8.887908650399456,0,9.99584754816114,-0.8934328733766428,11.348554331541472,0,6.70277517192126,2.2427993454261497,0,-5.5908171791827055,11.264818170809843,0,0,NA,0,NA,NA,NA,NA,NA,NA,NA,NA,NA,NA,NA,NA,NA,NA,NA,NA
1974-05-01,0,0,0,0,0,0,1.0207117987627412,0.7777911861672204,-5.60278314696627,-2.5315675763788903,-12.135770658601691,0,-14.37699637726979,-1.0037997266712395,-3.7088915208407514,-2.586351058991898,16.06231943328762,-9.124867146514504,-6.209623571454337,-0.41251649317457506,-7.210238715930828,-0.8168335482597655,-13.582622672664524,27.17039624671227,16.879768426062913,-4.641996825943467,0.096880442401736655,0,1.0106767669774586,18.02403905901301,8.991210770060453,1.8519113243782748,-8.321630602107799,-4.493680525138277,-9.182427803535148,1.7901785339137555,0,4.5225098004936015,0,0,1.7442385957108009,0,-5.286037966961921,-4.859787496587753,1.0717359311408714,0,2.2128562510733474,-5.348358091803451,1.181399707963049,7.567206512310842,2.5207182396479233,0,0,NA,-1.812401484914583,NA,NA,NA,NA,NA,NA,NA,NA,NA,NA,NA,NA,NA,NA,NA,NA
1974-06-01,0,0,0,0,0,0,1.5275213821535016,-4.322634062472558,8.64844401983956,7.67017313677842,16.25952635216212,0,4.226673351462917,-2.9508270059178443,1.9769477392311607,-0.43763745997988934,1.6635060504532007,-10.041874774704684,5.4735133595245955,2.5443129946467913,-2.320779264501649,-4.830418856385865,9.649195491649287,-9.604574438327873,0,-6.671592881001981,0.05768019993783735,0,-0.8978735965275986,13.043415320994223,-0.5195816557706068,5.125090724899284,-9.165525103968353,-4.949383556141651,-4.949535759027879,-14.778987802179655,40.546510810816415,13.353139262452274,0,3.5718082602079093,-1.1594495605810273,0,-16.429808356905173,-15.952374502239675,-2.8846267219114097,0,-23.414662465853997,-5.7803529812002985,11.078832501270153,-10.383528290318477,11.936750086249504,0,0,NA,-2.111327760708676,NA,NA,NA,NA,NA,NA,NA,NA,NA,NA,NA,NA,NA,NA,NA,NA
1974-07-01,-5.826876417302174,-5.826876417302174,-5.826876417302174,0,0,0,-4.279483710191134,-4.416494867262427,9.25487719507895,2.034809183465626,19.438158983455285,0,-3.1283098380664676,-5.704464172537094,1.043745820689601,19.105523676270852,10.129133405110036,13.792314320550147,8.26007278114762,12.59143574106334,21.3664400793542,-14.270445321518821,8.150810459199942,15.329434174675892,0,12.706634847681986,1.0765441152128519,0,-0.11280317044985999,7.696104113612834,6.26314365875248,1.8288749019400363,4.549592071077502,2.456779718380808,-5.4791100978764495,-9.90655308416052,0,1.4771317320312782,0,1.739174271186883,0.5814212243236305,0,-24.014171316304544,-3.862450432225195,-5.616540481444154,13.286618472253053,-25.101052309698435,-7.489698198736505,0,-10.332921572133147,5.333833000563626,0,0,NA,-6.0566250073729675,NA,NA,NA,NA,NA,NA,NA,NA,NA,NA,NA,NA,NA,NA,NA,NA
1974-08-01,0,0,0,0,0,0,-9.945478624379916,-5.4208510811843444,-9.785650588255898,4.229717953359095,-24.655415380868035,0,4.466761941541275,7.0963525790719295,17.721262480404487,14.792013007662241,5.575579964761435,18.945352793122616,3.1347679308753484,9.745209626469276,9.725153278515908,0.3955286263940927,-0.8735236933016921,-14.49720828321086,0,-2.162279703052117,1.296826202252288,0,-1.8223738956451463,13.999195962746668,20.19713747976106,1.5820447446007968,-3.8225896211254273,-2.0641983954075016,0.9105680554048978,1.0847866240011494,0,-1.179954693115537,0,6.669137449867257,10.969892142507742,0,-6.2459846576047084,0.2003461192854772,2.7726193269897337,0,-2.8665855549440344,7.839507456136996,0,0.3596780568832614,1.908507657810432,0,0,NA,-0.8739706043580431,NA,NA,NA,NA,NA,NA,NA,NA,NA,NA,NA,NA,NA,NA,NA,NA
1974-09-01,0,0,0,0,0,0,-13.579231185232107,-3.802836867913817,-5.504383887067112,-0.5971286054229801,-13.631399971431426,0,-24.280373861299775,-2.566780203843688,-2.954575000753401,-5.45881902844032,1.1859977290749946,-6.8267971129002625,-0.09291110326250518,-3.056808934587618,0.646999177900387,-0.9429641493809982,1.7394829793820676,15.292128598702837,0,-13.922341509414233,0.19511834052556853,0,50.87545149828545,3.317553944474161,10.877538027528033,1.418608462946569,-11.432330991823925,-6.173458735585413,-1.3272195425905242,-12.734307171196624,0,6.879502798051895,0,6.252035698133351,-1.307219132377213,0,-21.061763672035916,-1.8918738564957849,4.224662448029015,0,-15.712570746583143,-1.8865404960467735,0,-9.029834318214114,10.398971352404729,0,0,NA,3.9925311724090085,NA,NA,NA,NA,NA,NA,NA,NA,NA,NA,NA,NA,NA,NA,NA,NA
1974-10-01,2.9558728169696735,2.9558728169696735,2.9558728169696735,0,0,0,3.901622854962039,1.8739709372804558,-1.1038927443673672,-0.008786373797355085,-2.9466041842462873,0,5.762911283663641,7.421264222867663,17.306875849931824,10.039772631569743,11.33669635515675,13.21717731084826,8.053188008556855,6.924266941115764,14.81386376706304,-2.7830536053330412,11.97037529671956,-14.860432091796971,0,-0.85541261281743,1.0519581574605863,0,0.7573185937119531,14.114104849489484,14.54799125043158,0.8789544561158991,-9.24997949175319,-4.994988925545396,-4.280718697119654,-2.929863800091048,0,-1.6760168857464564,0,5.884050002293417,0.7863629174211795,0,-4.3164116638574335,-0.37154046084060255,-21.27983086947154,0,-9.915951092527742,4.5285166357359685,0,17.639065597963732,0,0,0,NA,5.45655316968322,NA,NA,NA,NA,NA,NA,NA,NA,NA,NA,NA,NA,NA,NA,NA,NA
1974-11-01,0,0,0,0,0,0,4.3075405112389085,1.3020161761759241,2.2575127793239003,3.8319524177780404,3.0653876406549734,0,-15.682090838313645,-4.864621006596437,-9.04266856681577,-7.112734401558374,-10.270588176545381,-15.972172487671354,-2.7399874814141967,-5.060946009872325,-2.0852424371510025,-9.130033551355599,-2.5188390356761126,-12.6645106896347,0,-4.579148825884011,-0.19582816740386644,0,-0.2059732963010541,38.93650459798296,35.15977681855843,2.1161717229385424,-8.20669739279083,-4.431616592106025,-7.2104774893549495,-14.044497593520166,3.1252543504104224,0,0,0,-0.261434499930413,0,1.2715497196084335,-0.5786297058914869,-0.08911212514508549,0,-3.829992508754465,13.461721177710029,0,-2.853718450007481,0,0,0,NA,0.9829630541489887,NA,NA,NA,NA,NA,NA,NA,NA,NA,NA,NA,NA,NA,NA,NA,NA
1974-12-01,0,0,0,0,0,0,-0.8452486161621364,-0.8661244612372915,3.9105328668294193,2.6588995280302763,8.259846088310058,0,-12.516314295400655,-0.2029558437581791,-10.755900832290433,-8.004270767353638,-5.560015005344798,2.754995176823094,0.08649246185274961,0.8155975539949623,-4.319933641446738,-5.48895300693637,-0.7875532924028761,2.8169240668363127,-14.170533230825665,-4.585086661634624,0.6047207972213142,0,0,-20.584208167845702,-22.39113987523685,1.1882176019116564,9.4127268187598645,5.082872482129641,-7.330257925199129,11.257532535722682,-1.1605546120307508,-4.023531219189902,0,0,2.0726134977056887,0,-9.446349944611843,0,-2.747064343046546,0,-2.939508768380694,1.1602581998671369,0,-6.664773838506477,0.921665510492442,0,0,NA,2.595236207531043,NA,NA,NA,NA,NA,NA,NA,NA,NA,NA,NA,NA,NA,NA,NA,NA
1975-01-01,1.1583222482975497,1.1583222482975497,1.1583222482975497,39.39042857070885,-2.808220595638544,-22.53882211680336,-5.129735578779945,-1.5707842799888572,-3.0845902047195004,-0.6322686448252328,-6.651493386432788,-1.1145626214916229,-18.59645480724552,-0.4516686068806841,-15.651348801882214,-11.778303565638382,-14.060310322666236,-16.507975035944877,-8.906880845897991,-9.783970664305652,-16.387709118479954,-9.267151558238762,-12.398770095286782,23.56077859837169,-11.047396089142381,-9.836095575953038,-0.21873265418962395,23.5390524924183,63.404631133201036,-14.983610164946617,-15.835396254575338,2.027228661580871,3.752673804099782,2.0264438542160867,-3.4966967343858615,-2.738909944917778,5.672598140077767,-1.7751945458450713,-53.115332327166165,0,4.020642887064874,25.694544680365095,-6.225512025600288,0.7831477654657526,6.373552614027034,8.277343188193242,3.5672572202945396,-4.172247964087639,0,-4.631670988267311,-3.168951095698258,46.31715812837722,4.972684353196843,NA,4.060025843396209,NA,NA,NA,NA,NA,NA,NA,NA,NA,NA,NA,NA,NA,NA,NA,NA
1975-02-01,0,0,0,0,0,0,-4.341110679002965,-3.6176588843819357,-1.3567294709143431,4.382980536103948,-7.403731854771284,0,-15.994602927911838,0,-16.916786353130053,-10.275973395776905,-15.910918950166142,-10.109611687136866,-6.110979088688495,-8.93536139629747,-8.515406817693627,1.2294047471181457,-6.945397562200295,6.989743961737815,8.99273032416852,0.11342321156646296,-0.18251764171922646,0,-60.55891065179752,-10.716094547732304,-11.987225029401758,3.22267084162684,-10.484098452297985,-5.661413164240869,0.41666726948459065,5.491296855759398,0,-4.580953603129423,0,0,1.4670259923850182,0,4.46455867585458,0.5187117966114485,-1.5636498421734757,0,-0.6277484519138454,1.8715245436236927,-7.7102589615179795,4.146579439227205,-3.3379222073834924,0,0,NA,-5.633788609919477,NA,NA,NA,NA,NA,NA,NA,NA,NA,NA,NA,NA,NA,NA,NA,NA
1975-03-01,0,0,0,0,0,0,-6.610065002520937,-5.391908076046292,-2.824690813951368,-2.969635206292494,-5.427685682370703,0,-3.708167490453196,-11.073465012995598,-3.9782689104407076,-2.1882711249507025,-6.081374711250653,2.1053409197832273,-1.7160525598483467,-0.24933523555530357,1.7530763688462514,-1.948698148590644,-3.913195583400775,6.9274125883405535,9.714178081198298,-0.3231584977482077,0.3396471527634004,0,1.1952333523841396,-23.485589936935245,-25.24020382223994,4.341315304420146,9.941853407099543,5.368600839831572,2.951659742523466,-1.008002973577793,0,-7.4588856991072205,0,22.88415724288475,0.9661779102470014,0,5.954185009413582,0.29520316640816446,-2.3306522554923603,0,1.1271252699625478,-0.8050132918987707,-3.1110995025052546,-0.8849106759440728,-5.3632154915795205,0,0,NA,7.275333082830287,NA,NA,NA,NA,NA,NA,NA,NA,NA,NA,NA,NA,NA,NA,NA,NA
1975-04-01,0,0,0,0,0,0,-4.932048420960065,-1.2364724697390541,22.40920064978474,-7.563231735397938,58.59577643894409,0,-5.012438718256895,-8.993604533219468,-5.8465473253535905,1.318700428195374,0.321027563024856,6.062462181643458,-2.208265510687113,-0.42530189613225744,0.4940055854162573,0.979095779783723,-4.853229053965347,-0.7905179507113225,37.26394037659462,11.381908580535761,0.5088061723691251,0,-1.5297937179763466,-8.98203676006849,-9.73741640251763,1.8776964554310105,-1.4058685119838543,-0.7591689964699277,6.371241617526557,-7.224206204856298,0,-17.62792423379924,0,0,-2.1872046694028313,0,-1.1221783055426648,-12.399703363722114,-3.495153533548745,0,-2.5222017955958798,-4.782520555411107,-7.066774268874987,-2.8646047971547794,-16.755508667765362,0,0,NA,0.9405254892634662,NA,NA,NA,NA,NA,NA,NA,NA,NA,NA,NA,NA,NA,NA,NA,NA
1975-05-01,0,0,0,0,0,0,6.514530644343022,-3.1281693652814373,-15.483153091738917,-6.176774716245068,-30.406227721820912,0,-18.70054061063806,-19.32655784732722,-14.109068998775331,-9.618392385292207,-19.004360288786515,-3.3225647628320587,-4.330436284857964,-4.390490773197087,-1.343997139321651,-3.302548733843391,-6.48995628418092,-2.81708769666964,1.5087682708664119,6.688275386604251,0.10761504066746364,0,1.0666767804195176,-30.223574551913522,-30.064451090735233,0.8430072902730679,0.22329745043121463,0.12058062322992669,5.109957727849543,-1.2089304773639453,0,-18.957672767512612,0,1.129955525393278,0.7344144809469988,0,-5.839831764057113,-29.528826382737883,-3.299415336880429,0,-4.706751085798544,-1.4530398280472312,-1.8944416000937991,7.524056787761602,-23.79100214305101,0,0,NA,-3.7047238783708245,NA,NA,NA,NA,NA,NA,NA,NA,NA,NA,NA,NA,NA,NA,NA,NA
1975-06-01,0,0,0,0,0,0,9.522908009218446,3.7584299461025803,4.086966918832924,-6.241566767486013,12.620559469766468,0,-6.397529949497205,-9.668664251304815,-9.566762357456682,-0.48192864359490883,1.7291497110060838,1.3423020332140823,-0.043003452403311826,3.9213996131339357,-3.983114279842148,-11.749574419722464,-3.4100802911173567,-3.742640551911691,0,-2.723875011745153,0.30702876643363686,0,0,-18.846389040461233,-26.16737891629096,-0.3523235967778149,-0.7312919688313713,-0.39489766316753716,0.7659750618901368,2.4034202302804952,0,-18.038169197612852,0,-1.129955525393278,0,0,-4.970779674195214,-0.9855070610518268,0.41373782365035083,0,0.5340466631317042,-1.8997646403850155,0,-1.08472755937985,-22.107956709335852,0,0,NA,0.7454912893598398,NA,NA,NA,NA,NA,NA,NA,NA,NA,NA,NA,NA,NA,NA,NA,NA
1975-07-01,0.09592546257901624,0.09592546257901624,0.09592546257901624,0,0,0,16.059493869469666,17.336409002624876,0.3100777678248262,-2.4734438992107948,1.863121401028367,0,11.075136429270227,20.849127452733907,12.14716052855751,7.892725858967076,9.617560608075415,4.561051125205218,6.45396641742586,0.6027140294524891,-2.3231291877383597,-5.4356223044774055,13.24886088879591,-35.788633112502936,0,1.0375937525499201,0.4446238530567137,0,-4.892279895973184,22.013150084421806,20.13049545329314,0.6219219942571463,-0.8876910769666679,-0.47935318155953865,1.809967762821496,5.697286787040234,0,-8.489944378648584,0,-3.468555798789019,-4.489553488439402,0,2.4344996314340506,1.6557134233877058,-1.7005578330948623,0,-6.037498586756129,0.564647382232053,1.6918570438696712,4.686897886988839,-6.936112779750214,0,0,NA,-6.444731414323435,NA,NA,NA,NA,NA,NA,NA,NA,NA,NA,NA,NA,NA,NA,NA,NA
1975-08-01,0,0,0,0,0,0,23.993777642227247,27.235543342242284,-4.567460542488188,3.9642241634859077,-12.126264523097596,0,4.211148535012743,11.051326905348358,16.18681879342958,8.14153914855087,3.5687729443071525,7.955263170195437,8.658619365412967,9.347240466507767,16.845927368410063,5.056349251505043,11.463936755341653,17.216918532993652,0,-3.583420670376708,0.5897196294439078,0,-3.6883613430554574,5.952976899434848,10.856190746934935,1.122639539460657,4.881175334893673,2.635834680838922,4.5733383268815935,2.7313711793042206,0,0,0,0,-3.109045027998114,0,4.377574308996035,6.544264888981033,-0.5196958306591171,0,4.155722629276326,-1.3225045726236395,7.269358825099115,4.581445345622881,2.1858793812498334,0,0,NA,-6.688068697145466,NA,NA,NA,NA,NA,NA,NA,NA,NA,NA,NA,NA,NA,NA,NA,NA
1975-09-01,0,0,0,0,0,0,-3.1629516741312647,-1.2406058241457352,-5.80216250390104,-7.633182366107841,-9.213479940720665,0,-5.292240145434235,-4.160240174879082,-13.639802079253727,-6.811142585914531,-8.35267889625344,-0.5899722127188589,-1.5335984071666253,-7.290421582158491,-3.4843253631778204,3.7949697079016964,1.7901111238295186,11.551288712184427,0,8.644034986315791,0.2244279076289768,0,-1.7493157447517227,-19.557815262802524,-18.271168651703405,-0.3160500130276134,-1.8008038189480935,-0.9724340622282668,1.0530001467248196,-5.485387287632615,0,0,0,-1.1834457647003305,-1.3245339433302306,0,-5.388888169821016,-3.6097337371013616,-3.241743344895376,9.076569886445007,-1.7796499803620414,-12.275704198295045,0,-8.672900450522869,3.713954694945709,0,0,NA,3.0438404890921147,NA,NA,NA,NA,NA,NA,NA,NA,NA,NA,NA,NA,NA,NA,NA,NA
1975-10-01,0.28721640114959257,0.28721640114959257,0.28721640114959257,0,0,0,-0.6075284478906928,-4.063010570958403,-2.498185459755832,-5.571828630512668,-0.01636025718544376,-3.5049386108448184,-5.875815822207198,-3.624008501514364,-0.03880951852135439,-7.309188400533628,-10.717704658422456,-3.614851411631115,-2.539957377308699,-4.549659955420626,-2.858441039806081,-1.1005883142308548,-2.4682052028187407,-13.613217432458002,0,7.910278904583712,0.09512037073748925,0,0.6595846558351326,-11.655970588844944,-9.703833301484298,1.0020702080382193,-1.6399865232763489,-0.8855927225710047,-0.8171958310188743,-3.8752438735920713,0,-18.73977098258157,0,-7.410797215372167,-1.3422836762374324,0,-2.6206028940467085,-7.111868154444068,-3.2794396910631463,0,-2.5176154892474045,-0.961813938160816,-1.630361313513351,-4.231134657666291,-16.989903679539786,0,0,NA,1.6864770156932385,NA,NA,NA,NA,NA,NA,NA,NA,NA,NA,NA,NA,NA,NA,NA,NA
1975-11-01,0,0,0,0,0,0,-3.6369733945503024,-2.2980062215823995,-7.482100499770161,0.581726679994371,-9.975022789430948,-10.163567667984823,-5.936460904960583,-10.668414258833447,-8.447604678222742,-9.436276144828515,-15.718558352241274,-6.9869679960485875,-6.221811114897502,-5.822099278352777,-5.356906757230728,-7.1933553404367245,-9.532873629492133,5.5710607014005875,-70.34262725345928,-4.454960833337496,-0.0490308682590368,0,-0.14619885644995279,-2.7560799578871586,-4.3499444336689175,-0.2615911074070887,3.109210711678756,1.678973784305704,-1.2538390561770196,6.278136025670444,0,-6.301296782873411,0,-2.597548640326064,-0.2706324286819495,0,0.07631969842574193,-2.1411582026224174,-1.046881220300122,0,-0.14174346809729954,-0.259458088822484,-7.330854555455435,0.08266657900948271,-7.696104113612812,0,0,NA,2.9534034746403814,NA,NA,NA,NA,NA,NA,NA,NA,NA,NA,NA,NA,NA,NA,NA,NA
1975-12-01,0,0,0,0,0,0,7.1299551748835395,3.60326737039896,-1.8545179748677925,1.5800449398770455,-4.88422676089813,-0.6915714209002486,3.6039936483196477,-5.7236328834728845,-2.9115658627919316,-3.713954694945709,-7.866461906091171,3.2365284502031244,-1.5787983222004698,-1.0118130165584382,-0.5065633673611458,-7.406074307153521,-3.039537715272367,-6.093255099515749,28.17605155483436,-1.4702105983467884,0.38800315706730704,0,-1.2513965291474305,-1.5421022994813738,-2.07596361103497,0.6201651884892634,2.0156496863551254,1.0884508306301832,3.500111618979884,8.686480744944912,-15.906469462968786,0,0,-1.3245226750020933,2.9374500482496124,0,-2.4629039125914076,-1.2529996867971072,-1.7004126757345972,0,-2.732017508638407,-2.215055776821906,0,-5.884343769579714,3.2789822822991255,0,0,NA,2.5539661597931307,NA,NA,NA,NA,NA,NA,NA,NA,NA,NA,NA,NA,NA,NA,NA,NA
1976-01-01,9.565778033510375,9.565778033510375,9.565778033510375,22.7783930870712,3.10335111399227,11.98141443775217,10.916735079686324,6.66216197923829,11.427286956569334,11.007290676065896,0.6315602580748064,23.648609492149543,-2.0865138463961763,0.9769791595805266,-3.893483006881837,2.139118998131817,-1.5464225697581213,1.8928009885518904,0.8684298940259794,1.0118130165584382,0.2582074470359963,-10.059276065924472,0.7685895856758052,24.078801529391857,18.454625181606566,2.811512376495812,0.3305614950018243,34.49965290477615,-0.07410152247191437,4.1038187365114,6.102910347870627,3.725289767674944,3.531577903626726,1.9070520679593805,9.10396047055661,2.9079668806245405,-37.15635564324828,-15.8224005214894,-71.72447321390054,-6.899287148695077,1.8253478713826432,27.253909234921725,3.584001337603304,1.164018515272769,1.066341730139797,-0.0412286132410955,0.8708327891784329,-6.105095101634461,0,-0.5451985947712235,-17.589066646366458,1.185199058701425,14.102869743777902,NA,-2.1077666894479705,NA,NA,NA,NA,NA,NA,NA,NA,NA,NA,NA,NA,NA,NA,NA,NA
1976-02-01,0,0,0,0,0,2.0784910010246405,6.633831723983574,4.364356921091128,-2.0906684819313806,-4.795971296809451,-2.1433111589941407,-0.19392588211994688,1.197619104671599,1.9257816604413946,3.3238206734614195,1.052641298698731,1.2903404835907573,2.4692612590372143,3.9302524470029354,2.6668247082160867,1.3629298557995995,-10.760355205876593,6.193804531421598,7.145896398214502,0,6.57532127489891,0.5232861310414894,0,-0.5947972926077627,-2.4952049613489624,-3.7914546179133923,3.700201522338098,5.721153932615408,3.0894231236153757,2.8483572992918704,10.28985996091451,0,-6.899287148695077,0,-22.31435513142097,-0.25872879814032856,0,2.155970738335533,3.2119549422112925,4.184369534049637,0,-0.28943580263645075,0.00763038419355766,0,0.5833811076444206,-3.9220713153280684,0,-0.21293410525178302,NA,-7.095173597228433,NA,NA,NA,NA,NA,NA,NA,NA,NA,NA,NA,NA,NA,NA,NA,NA
1976-03-01,0,0,0,0,0,-1.3337274776840824,0.38328208995068724,-0.3514377891664089,-0.7440510516583385,3.345182706955305,-3.397236186030497,-0.9966371786381212,3.7960762239222845,-9.27249684862863,2.6834397376632957,-0.5249355886143725,2.281467776617152,-1.2270092591815107,0.0026527360632577768,-0.15908089965535055,0.3989487565390526,-2.126587859916196,-0.23580282099224803,3.759841355700755,0,7.282899228092782,0.36527795629452964,0,-2.415211737177847,7.860960270925288,9.145377983633685,2.7751061878175776,2.7109518902575402,1.4639140207354018,1.7123482242987043,4.300697324334591,-13.353139262452274,0,0,0,-4.233436692809978,0,8.639592923197448,9.84400728132524,5.888045005466758,0,5.360945060538125,1.2887753240423017,0,2.4823794015365275,0.796816964917646,0,-3.3847018097802106,NA,11.096244258337261,NA,NA,NA,NA,NA,NA,NA,NA,NA,NA,NA,NA,NA,NA,NA,NA
1976-04-01,0,0,0,1.834913866819654,0,14.682508511145592,20.677939952251368,26.896334491976916,16.98436067677705,4.742983801612064,39.739715027162624,-0.5351345092634352,-0.5747142255567717,4.672382690636123,-7.567923174808477,0,-3.8318864302136824,0.6153865574378692,-2.5920589138359595,-1.7487954601560496,-2.4828356125794038,-0.8661107977019356,-4.69229335153738,0,0,5.698590660967762,0.44403669419225134,0,3.084110552257524,-4.333488078834424,-5.159999581611663,-0.12092559334098141,4.180594022158246,2.2575207719686574,0.8581528290143636,1.1171796656670618,0,-8.515780834030728,0,-1.8018505502678472,0.539077461481341,0,12.768287109572451,16.745464545362143,3.143038451471014,0,8.04652726491879,-3.698158282978259,0,3.8950931018623347,-10.889408823913715,0,2.027810101848182,NA,-1.9738138720177045,NA,NA,NA,NA,NA,NA,NA,NA,NA,NA,NA,NA,NA,NA,NA,NA
1976-05-01,0,0,0,0,0,7.6106444575753605,10.074280427722837,12.0881041584189,-10.996608995433435,-2.5711190999679614,-24.46798373139922,-0.2736067940644127,2.2793009528556674,-8.636316279697098,-1.0386706188810102,10.00834585569823,-3.713954694945709,14.799681425288025,1.135607414752382,6.1947408326413544,0,0,-2.554692930503144,3.267078228954867,0,-1.7472324805891781,1.0503869308074898,0,-0.6688988150796771,2.4723921784318703,3.4590153196295548,3.128313034923025,0.024081878502890675,0.013004214389145119,3.6151935532743265,8.330129517992246,0,-11.778303565638382,0,-3.704127168034921,0.5361869912975159,0,0.1323626930507693,6.191945561122392,4.479046830927658,0,-1.9194447256146496,-0.8004437306996515,0,3.0063424412065,-8.299691957096833,0,-0.6433138751616774,NA,4.539972808921233,NA,NA,NA,NA,NA,NA,NA,NA,NA,NA,NA,NA,NA,NA,NA,NA
1976-06-01,0,0,0,5.310982531394826,0,8.437856728162895,9.915660716093445,6.693011436371322,6.575777227307605,-0.7703256057522201,16.734550480789007,-0.433287157473769,6.80534632450156,4.262441273406292,13.541476876978908,16.6321215447514,9.776416876589167,25.542121023355957,2.608400010708145,3.000225030379866,1.5646890781658485,-1.6158460667027974,3.0619950399324303,-5.505977718302746,0,-10.387246666528066,1.5096047400326662,0,-0.8236662065878919,-10.348375564496592,-11.280480508896208,1.1063329590092152,4.13900970250749,2.235065239355727,10.986146301301043,4.7381713232374,0,0,0,0,-2.435841138299377,0,2.4821653173814795,-1.4598799421151831,4.173762213527432,0,-3.149866705937132,-0.9579299788255113,2.1883793500004245,6.95492562389004,-3.9220713153280684,0,-0.7887920326273168,NA,-1.577380950145646,NA,NA,NA,NA,NA,NA,NA,NA,NA,NA,NA,NA,NA,NA,NA,NA
1976-07-01,0.7788888378555292,0.7788888378555292,0.7788888378555292,0,0,1.6902391468912037,-8.611583685711555,-2.941529588224867,3.7252317773748764,9.885300971220397,2.9574876679585085,0.1582662913251126,18.01261662305187,-46.851442569426816,13.19787694890655,6.252035698133351,11.341621649004363,-5.475051477140891,-1.261918080117752,-0.41135393257922814,3.146326945578526,-0.044885318766141324,-2.8014590336700174,-2.6770241064604905,0,-4.498011313519434,0.18368264848137028,0,-0.07521625025541656,1.3108155952739287,1.6620881236040441,0.6496576230398787,8.2766888444187,4.469411975983828,10.559366635750179,-7.219440692381799,0,6.0624621816435464,0,3.704127168034921,11.6259928215257,0,6.07005202643478,6.703016231910208,8.979496910421148,0,3.4079313652862986,-6.558379983663443,4.530745604031949,-1.0682976092726948,18.2321556793954,0,-2.237965636169559,NA,0.7141959977223722,NA,NA,NA,NA,NA,NA,NA,NA,NA,NA,NA,NA,NA,NA,NA,NA
1976-08-01,0,0,0,3.390155167568143,0,8.089922531397775,11.218540150166456,4.618891479211662,-1.9301444112755362,8.508334091634714,-10.309164319537006,0.2509525915333849,-0.8830079448271633,57.714826669706376,-4.424998694464488,-6.252035698133351,-0.21905813798186458,-8.583143584978092,-6.754062848537146,-4.381492724615832,-10.930140745770345,0.354046126879215,-11.778303565638293,2.6770241064604905,0,3.107658320029488,0.05081792622421144,0,0.3005261465463427,-25.376528975965762,-27.63002058964592,0.8271353195248743,7.050880680456828,3.8074755674466942,-4.391148583612702,-1.1427244713342026,0,8.99482366629396,0,-3.704127168034921,3.828218910715453,0,-6.782259633876109,-5.243136289795025,-4.974217428071448,0,-4.615189488713245,-6.855006749933246,-9.154798104506234,-10.721540934641238,4.08219945202557,0,-2.4002323056988573,NA,3.7646874405843302,NA,NA,NA,NA,NA,NA,NA,NA,NA,NA,NA,NA,NA,NA,NA,NA
1976-09-01,0,0,0,0,0,11.919063535610396,3.726094631034371,3.579527045623898,-2.1332180746355176,-2.559074114220709,-4.001269414792796,0.44963963513706684,7.061756721395351,7.715908054661735,5.748060993127613,5.109166115771124,10.206561976097372,2.7908788117076533,-2.6318675959334126,-0.9519760340595873,4.440884135272327,9.142682220116427,-5.379475487644125,-2.6770241064604905,0,-1.0828131274913,0.5370346367372381,0,0.5983563102969658,-14.41886870985105,-20.920760988524158,2.177935675783793,4.087352425986346,2.2071703100325024,-2.0940135899226053,-1.8169432251248008,0,7.257069283483553,0,0,5.924277605088513,0,-5.338158531609416,-0.41493835468111584,-1.5381850402695463,1.7981685973595063,-3.9922713884110728,3.7669573385032074,1.3295784145314293,0.6270343733994377,11.332868530700235,0,0.950878796902721,NA,1.2260974702058725,NA,NA,NA,NA,NA,NA,NA,NA,NA,NA,NA,NA,NA,NA,NA,NA
1976-10-01,2.553323706351751,2.553323706351751,2.553323706351751,3.278982282299092,0,8.1505765725297,8.408724896673746,10.265735010391053,0.748943873598662,1.7989473236759774,0.5107812846670889,0.1405510522954817,-0.6217636610871047,2.5658096614200154,-2.866544455881126,-2.7186140304157114,-2.000066670666989,-3.26369293130222,-5.94396111125608,-7.960801955541186,-7.650788603604308,2.064844962870094,-7.315796309570022,2.6770241064604905,0,-8.909196100284007,0.278213804248284,0,0.07454342499486621,8.317750647890797,-1.2352767967001022,-0.19444798060872515,1.8100041643617892,0.9774022487563983,2.3234193213958143,7.476723834935278,0,-7.257069283483553,0,3.704127168034921,-4.989704179607113,0,-12.699255119346464,-3.3829864518405195,0.1380799576688574,7.319625654581863,-10.817345703444126,1.7369086240613285,-0.2150946612806237,-1.9712007491508032,-8.961215868968697,0,-1.3144481085300086,NA,1.2902615783847216,NA,NA,NA,NA,NA,NA,NA,NA,NA,NA,NA,NA,NA,NA,NA,NA
1976-11-01,0,0,0,1.6000341346441127,0,12.03887247177281,5.416500118429357,14.873777874325022,-0.8233209688831178,-3.921602244857726,0.7221135029399695,-0.06375014765332976,3.67388256457577,0.6013247223451756,2.866544455881126,2.3347363996991,2.197890671877545,1.8779894651595797,-4.37611230275845,-7.323916236840233,-4.802593027667612,-4.415367288725491,-4.379055694853662,-13.731211546442857,0,-1.1193752699697246,0.4980104437808497,0,0.22329745043123683,-1.800143351865735,-1.8820059326769778,0.7297465149931348,0,0,-0.6898020663104298,0.24105109900290633,0,-7.825219689974894,0,-1.8349138668196652,0,0,-0.46801957504776226,-1.2987195526810602,1.8628946115978096,0,-5.6330256442719495,11.6184207151532,-0.6799505115262505,3.121754056713577,-10.709813555636671,0,9.751745525641997,NA,2.921838694930401,NA,NA,NA,NA,NA,NA,NA,NA,NA,NA,NA,NA,NA,NA,NA,NA
1976-12-01,0,0,0,1.5748356968139199,0,1.6981444213960195,12.38295312225084,14.596381574684392,2.0457304534526903,2.4839719847876474,3.3921953744498468,0.07805749918963767,10.275190577081617,-7.079305199109953,0.06569583067772555,3.402974858631147,-0.19782400121055588,7.1779682394130795,1.648272369135162,4.748666626598741,3.1581572050298767,-0.41047178051414335,-0.34782643763247023,1.7167803622365252,0,5.823551300967789,0.7245739356194936,0,1.0355122115204285,-2.321187386121837,-4.293514485995109,1.4686408251950667,0,0,-3.408239004284208,-5.569367866325001,0,-3.5506688456909075,0,-1.8692133012152556,2.7524803906039175,0,0.6235406017284006,4.056052243091113,3.3632281183637147,0,6.10141057551461,2.6250609031080785,-3.1347686937963637,0.1560814694718582,-1.7544309650909362,0,5.304820969425261,NA,3.4165083754370107,NA,NA,NA,NA,NA,NA,NA,NA,NA,NA,NA,NA,NA,NA,NA,NA
1977-01-01,4.919027624707484,4.919027624707484,4.919027624707484,4.580953603129423,3.2048979807689504,14.799574730226217,5.562904131505597,5.855749320209402,25.70040632147834,13.55099691385738,4.773719041218799,53.79852283052136,-1.2739025777429802,18.296485047969657,1.1319232739937846,6.477083615778234,-0.5958309583631305,8.303522860999024,3.8686975739732343,7.534943724178689,3.2622668622852125,0.5316155595590288,2.391367734851535,2.5211419346496067,16.20558593343717,5.218122493361655,0.7726891441451333,-4.892279895973228,-0.07361060325024038,6.8992871486951435,9.999760322316732,-0.13763324638684793,-15.141401933087817,-8.176357043866922,-5.103346846945289,4.48003247553663,138.62943611198904,13.50362838039425,33.82128810989968,2.7908788117076533,8.247605375096168,1.4853920987962344,8.129707572619083,15.832605123773824,12.16856496542249,0,7.499765192770802,-1.2547593152514303,1.6702939369755754,1.3463691355097396,14.014663174324138,5.445471304092431,0.3638108368929416,NA,2.2888422371486916,NA,NA,NA,NA,NA,NA,NA,NA,NA,NA,NA,NA,NA,NA,NA,NA
1977-02-01,0,0,0,5.7987257650349235,0,10.127391600285085,11.43336432576698,13.035313188239916,17.0411778034744,38.38468892346435,20.551110823187535,-0.2143076472619021,5.348868495098635,-8.613482470560196,9.294611250944484,2.069039325744626,9.675788183060607,-1.2024192966801017,0.6244722765192279,-0.9000960858975837,-0.2008032803245463,-1.8625180233922123,1.6776469323964704,21.898554116554592,0,3.788119686232727,0.5516203519195073,0,-0.36886799478532684,0.999553983167889,2.9469049141702452,-2.330886596516457,3.419136474827944,1.8463336964077648,6.171894520753874,-0.6225986051666771,1.769957709940151,0,-13.477440086411985,0,1.8576361511224881,0,2.1262317651923546,14.595391262307977,7.518110238765807,0,1.5770936192995855,2.964835410791622,4.256231041429892,2.5314979414033267,2.281467776617152,0,-0.19131438779611543,NA,-8.366274745494051,0,2.587460460007529,NA,NA,NA,NA,NA,NA,NA,NA,NA,NA,NA,NA,NA,NA
1977-03-01,0,0,0,5.480823649499511,0,5.515986983897614,21.437259088078697,21.704475088315988,14.459646702244665,35.703888787792934,7.693411542140316,0.17238582148788595,24.376283851694502,1.7371600710760937,16.50797503594479,11.284099936707648,13.036181786324352,9.237332013101529,-2.209543141891812,-2.378886196401453,-1.5190165493974561,3.086574301666456,-3.383919781751654,8.923113372794278,0,-0.9875866189973381,0.9978988401211641,0,0.29520316640812005,5.368645020427576,4.440584994255725,-1.2818101977669194,1.459879942115272,0.788335168741483,2.8574884548451807,0.2446185172827242,-14.310084364067333,4.124295853404902,0,0,0.4081808512900409,0,6.0542116969227955,8.146619545839062,1.412651708392687,0,2.250446591038191,8.434708517133593,1.060887023911672,7.08547150436456,2.9631797606371357,0,-0.051079045932400646,NA,-3.6156693117469327,0,2.5221960843257563,NA,NA,NA,NA,NA,NA,NA,NA,NA,NA,NA,NA,NA,NA
1977-04-01,-0.40080367172179443,-0.40080367172179443,-0.40080367172179443,2.6317308317373387,0,-11.72688156022421,4.3451479008908,1.9892945278299212,27.336289779752498,38.439570032523164,37.005262115453085,0.28187751747966727,7.595272242201112,1.1415649083676982,7.8755540550269565,15.762894420358275,21.613492115973276,14.994014729091454,-2.640064290434241,-2.0580707700021073,-4.593709518702571,-4.177097649892669,-4.563857000708715,-8.923113372794278,0,-4.5205793095740745,1.2439855144777467,0,0.4411771861663416,7.429157630369132,11.125221636246874,0.8862962872519198,-1.9864741026440313,-1.0726960154261889,-1.3867953513127085,-3.1268055978072864,-103.2051522149771,-1.0152371464017484,8.576682175742523,0,0,0,-5.844054001360188,-8.146619545839062,-7.775806541541996,-2.400115209954201,-9.322612208579528,0.6321473640070074,-1.3900696446969008,-1.5597967267690915,-2.214112587721395,0,0.33791354797383377,NA,-1.1310264945954607,0,1.237636809894349,NA,NA,NA,NA,NA,NA,NA,NA,NA,NA,NA,NA,NA,NA
1977-05-01,0,0,0,0,0,5.300457806571823,-10.763812791421511,-14.698126543831647,-26.789217524052013,-45.38598608707601,-28.141464988394027,0.09737159711461496,-9.935365258662365,1.7998236122616085,1.8377240001606232,-3.444048998029192,-5.385411524922468,-5.86487270815077,-4.900486731197251,-4.742059206463534,-2.0508004221126974,2.1734900642654154,-7.467291200265436,6.140862812864367,0,-3.444657446333882,0.352309792926625,0,2.3922851625785,-10.29767243025499,-10.822649544593176,0.17852807499210144,-3.8756195926120007,-2.0928345800125037,-6.011562680615645,-1.2811743707036887,0,-6.3178901621531836,5.852733944729049,-0.3676474729308765,0,0,-4.14344983675532,1.9863143499411429,2.5402208436352325,1.8149318505676248,-6.953827646365607,-1.7310595215665359,-2.6412705012157645,-1.901045680371305,-3.8027395589239177,-0.007748634299309387,0.23522691160300369,NA,1.932032028907904,0,0,NA,NA,NA,NA,NA,NA,NA,NA,NA,NA,NA,NA,NA,NA
1977-06-01,0,0,0,6.29138254105692,0,11.722190385942,-8.471126573487787,-18.505552689833603,-5.0539818496020406,-32.58428859473987,12.628705324731238,0.03726717329048945,-14.675009100908643,-5.617522626689286,-6.261826181791097,-12.930468124072725,-10.671095475569725,-16.370399777788425,-2.9994836195568197,-6.553009285986633,-8.53274580141381,2.890458528747697,-1.960011615737578,-11.270192251619427,0,-2.4872869156037316,-0.09678047882391572,0,0,-9.813603827258689,-13.511515222415827,-0.8067884550475135,-0.32985186586644843,-0.17812000756620705,-10.360196096071489,-2.128975320170337,-7.6733794231389485,4.255961441879563,3.303985407819976,1.280895829258144,1.816394446495373,0,-4.398771005828017,-15.339453612393417,-2.2187524249094537,0.5851833593865763,-11.983095773194918,-4.057761177018815,-4.034302907643728,-4.756214280383153,3.053672386008177,0,0.2600121958260537,NA,0.8440963722539274,0,3.0286925049663793,NA,NA,NA,NA,NA,NA,NA,NA,NA,NA,NA,NA,NA,NA
1977-07-01,1.4354337832327868,1.4354337832327868,1.4354337832327868,1.2121360532344831,0,2.5371290661645673,-17.534365726599344,-13.112381484697778,-1.7755085994288544,-0.8446024739592384,-4.671564054180466,0.9293738784557415,-18.94436328683682,-5.328136661293659,-17.42764611091232,-25.746829385528436,-19.501438359237344,-27.069929982263474,-1.7161306442340596,-10.594857800938051,-4.74253002955658,2.654130707835467,3.8823441082904253,-19.716806491094886,0,-3.0151641500210378,-0.5541639949857791,0,1.7045867272988735,-1.2726554539222779,-6.30410837789146,-1.0905936245750425,0.7679686674228137,0.4147030804084295,-2.071145136664798,0.4554038187430609,-8.311490671050636,-1.0471299867295336,2.570835671020699,0,6.01539553536643,0,-5.001042057466076,-0.8857453834060891,7.8785913866907364,0,0,1.8369802546962077,-0.5267908024742418,1.127172509960861,0,0,1.8262768711069022,NA,-1.8652485501836125,0,0.5948844811975107,NA,NA,NA,NA,NA,NA,NA,NA,NA,NA,NA,NA,NA,NA
1977-08-01,0,0,0,-1.2121360532344831,0,-9.434569057089703,-9.803621511356319,3.421883977614004,-6.412646241175091,-4.261453565439566,-13.343985121499802,-0.5304006156979457,-12.880850566809077,0.3724399090982544,-5.331963753278313,-9.13497785882278,-9.56752099233631,-10.36348896903565,-3.827131502709369,-10.01453799787182,-5.8991460509312255,1.473839824205836,-1.1552399904587674,3.774032798284699,0,-2.045031901757355,0.16000294586260289,0,-0.4941767910779049,9.93325315962721,2.963627842510652,-0.7035127746370051,-0.6578971098043063,-0.3552644392936344,-4.295517583762937,3.3195949904479076,-18.392283816092856,9.051400754083172,5.1252684425921125,0.18165309263977747,1.1235919475301337,0,-7.312226482896289,-1.9767040740775954,8.224087714491013,0,-4.143718986417344,1.075167295418833,-0.47582437394702026,-1.312550074299157,7.249550203815325,0,-0.9058315881520507,NA,0.35200237489868,0,-0.5948844811975107,NA,NA,NA,NA,NA,NA,NA,NA,NA,NA,NA,NA,NA,NA
1977-09-01,0,0,0,1.2121360532344831,0,-3.0328600487856683,-5.091024434695579,-0.9040978995095816,-6.2923936283026505,-13.903290723524186,-6.851380735273804,-0.4747181730366701,2.625971458355547,-4.304461968252671,-7.037023224694838,-11.506932978478712,2.772454801485491,0,2.8606509297477434,1.8041726485159337,1.4426479710222928,0,4.512967163414139,4.032804538697166,0,1.8402801798563073,0.6030213715570443,0,-0.4255325570138302,-7.40393544571909,-4.012696396057791,0.7795277923870358,0,0,-5.276218563896673,7.672380479878199,10.05412292218777,3.7740327982847433,2.21298615081027,2.730086764432915,0,0,2.972618026520024,5.473563857852337,-1.3539884514942813,0,-0.3853569315990235,3.1177177914616827,0.9826610707977856,1.4382350185753845,3.4367643504207734,0,-0.5537739908628936,NA,5.410354785952692,0,0.5948844811975107,NA,NA,NA,NA,NA,NA,NA,NA,NA,NA,NA,NA,NA,NA
1977-10-01,0.3951027653537498,0.3951027653537498,0.3951027653537498,1.1976191046715683,0,-4.1915239781248115,-10.263021830365249,-14.713653057621912,-2.1114564228205346,0.6646819935257009,-7.3032401498387856,0.8401185675186329,3.3973543324680833,2.6804412659713783,-2.0891359031375956,1.9324272826402478,-4.391923393483577,2.8330506626225826,4.083264329011405,6.069974483040497,5.3244514518812736,0.7658381509093815,3.96285670395109,1.957009619409722,0,3.356696087474936,0.724128621881126,0,1.4114560362447293,-1.6465263015515763,-3.0868592645097115,1.40327018450348,1.528414032537384,0.8253435775686491,-2.4230728515060918,0.8915707758833158,0,-0.9302392662314141,-1.138532222512545,1.5334364000106682,1.662085970751992,0,1.2474174225175716,5.515182007507935,8.552099802751734,-14.714846303309237,-1.360565205577835,6.109264576105922,4.735419528576124,4.746712097754191,-6.995858860690962,0,1.2853244443999046,NA,9.772279131642081,0,0.5913665231620513,NA,NA,NA,NA,NA,NA,NA,NA,NA,NA,NA,NA,NA,NA
1977-11-01,0,0,0,-1.1976191046715683,0,-5.899804158715494,14.223935639869811,-4.239717405924659,-13.726421750076728,-33.783432433738895,-18.524223843833976,0.9598061685895054,5.285783186444526,7.0503065582179225,-1.1622839827992948,12.149755306079957,2.0202707317519497,11.093156070728138,7.4511041708700265,11.56439974076342,10.53605156578259,6.476717429848122,7.161813311958554,1.5384918839479456,0,-0.21208915691377506,1.0772316072217125,0,1.0456700368058236,1.7425416713858999,-0.2562461363699864,0.2802517457299203,0.863004277421453,0.4660223098081673,1.381689953104237,-1.4046316028206025,0,-14.02293413086495,4.4783602626973895,-2.6433257068155136,2.7101961231371874,0,-2.341244062474246,2.8848154337658194,4.21158961623167,0,2.7028672387919173,1.9623741384818594,7.366830112934419,1.4023016820749357,-11.506932978478801,0,0.11207273447508825,NA,3.256372996743162,0,-0.5913665231620513,NA,NA,NA,NA,NA,NA,NA,NA,NA,NA,NA,NA,NA,NA
1977-12-01,0,0,0,1.1976191046715683,0,-8.605621473516955,2.8307628404556917,1.1095322238809713,-2.584597788789483,-21.76480222232871,2.6361286682070606,1.4220053202345317,6.515714163363739,7.3520945427149265,11.898135814849198,2.096512846504428,7.8811180424289695,0,2.3074674099521353,2.7456846233039123,-0.11117288526900637,9.88527020079486,2.5980077444761385,0,0,8.201638733086158,0.6030213716802457,0,2.803602429303753,12.012620426494713,13.4813444082178,0.33632615585830195,-1.515180502060165,-0.8181974711135354,0.4868593141177824,-3.4369278531729415,0,0,-1.9656652549576492,0,1.9418211129109686,0,6.469713799887611,8.04072055817091,0.8483547337471364,0,2.4460297570160883,-1.0231061185764112,4.42698071647829,-2.284592058311552,3.9845908547199826,0,1.249165955678322,NA,1.2187999328093002,0,0.5913665231620513,NA,NA,NA,NA,NA,NA,NA,NA,NA,NA,NA,NA,NA,NA
1978-01-01,-0.15785684137954448,-0.15785684137954448,-0.15785684137954448,3.5091319811270143,25.07513556949196,-6.9871945228054955,1.6326168935420382,4.953280474759469,-10.15430139142952,0.21057183074070784,9.626078621938527,-32.40068929584022,0.3703707937483536,4.165044079493629,2.5617164370300927,-0.833338155914376,-3.575169096384201,0,-0.05459110923458077,-0.20855064910216825,-1.6825971833976716,4.753350869138284,-0.3232714361294242,-1.9268418865876935,5.886299695772701,7.912497571794125,0.6030213711250509,1.9310944913087713,2.13483758055375,12.240590345811997,8.021516606837631,-2.5436785570374987,2.3708006951797422,1.280232375397361,2.769760230797785,2.2136710096094916,-20.87548138621105,5.236798551731603,-0.9975145056794865,0,4.277810287958594,-7.237486946688687,0,-3.2595478249451304,-5.3301836101278255,0,-3.7883317902301705,7.634914846378926,12.880498842662824,4.294998654023252,7.522342123758818,-2.8611556328701937,1.6093983073263374,NA,2.92599733033696,9.130044520565384,13.476129128508019,NA,NA,NA,NA,NA,NA,NA,NA,NA,NA,NA,NA,NA,NA
1978-02-01,0,0,0,1.142869582362277,0,-5.279434354718449,-4.245056598109365,-1.461529444579046,3.1139373324326094,16.002133784639227,-0.6585146617712367,0.31218462596132035,3.6301626676214838,-4.931331354050528,8.21356969261453,0,2.272825107755594,-6.453852113757108,2.580167150673729,5.285783186444526,1.6825971833976716,7.220852080105367,1.2782226987070544,16.465672061414914,-7.43364260926902,10.93399951999915,0.22238638187129234,0,0.7234493900932781,10.498393873754086,-3.3134769359698613,0.8331412334357857,2.8348355004255588,1.5308111702294624,4.870539436829696,2.1425627884303133,0,-5.236798551731603,1.3072081567353067,0,0.3344438891053514,0,-3.5516242977393198,-13.181170174499535,0.23649926353215278,0,-8.036450976802634,2.8238241984068324,10.65445662892257,0.74662696982708,0,-2.9454350317082767,-2.5541121964673508,NA,-1.9411214546443123,0,0.5139615333110914,NA,NA,NA,NA,NA,NA,NA,NA,NA,NA,NA,NA,NA,NA
1978-03-01,0,0,0,1.1299555253933378,0,17.96107838043868,-12.153193320357891,-10.195453837224155,-3.1801600639649874,-7.672175223818005,-4.695380670994681,0.9661867911813671,14.725145736698675,11.411330676742093,6.923179156932058,13.300824325344873,16.37354177402459,13.685918271719721,5.102844715796762,4.926152877867729,6.147487857978096,9.155290016975659,7.046635481424879,15.273525142392774,11.149917247608187,4.39608757831027,1.0833212866066533,0,2.0753014586291307,-5.218575317057006,-9.178698179700785,-1.080682354574325,-0.6230549750636527,-0.33644968653296914,3.2400588820064966,0.9453609718598738,0,4.211148535012654,-0.1857010747213117,0,-1.683537020672432,0,2.994962820533953,0,-6.175440288520662,0,5.890027109972706,3.0244184930372064,1.0505648608209128,6.107156509349609,-0.7272759329080003,0,2.626654818437135,NA,-2.172372004834211,0,0.5113334702116834,NA,NA,NA,NA,NA,NA,NA,NA,NA,NA,NA,NA,NA,NA
1978-04-01,0.15785684137954448,0.15785684137954448,0.15785684137954448,-1.1299555253933378,0,1.7760269884214752,2.0322982124861833,-8.49605680786738,27.710074615478636,-17.81075474133269,62.678386972513046,0.3160464451049838,-8.004270767353638,9.975660776146,0.8326442776554366,6.040912779555985,-0.798088833101307,4.100802372737711,4.2655646053654905,4.964254528023648,5.593730596906976,3.865253482882025,5.193323774019376,3.0685810703443783,5.666154904650855,11.250139208981192,0.6735767508697754,0,0,-0.501254182354427,-1.9533027064800423,1.1120537790494822,4.481401578979316,2.419956852648486,0.7359218042010285,-0.7833238993691094,11.380688727674437,0,-0.3724399090982544,0,-3.103692921457668,0,2.4420276136454255,-1.5584731016698328,-3.7154927398468374,2.3702898090082414,8.684699793115147,-4.642924764688505,-5.758389718506329,-2.028746916869939,-4.4783602626973895,0,2.7712509100835447,NA,-1.0751381916690783,0,-0.5113334702116834,NA,NA,NA,NA,NA,NA,NA,NA,NA,NA,NA,NA,NA,NA
1978-05-01,0.1576005369532396,0.1576005369532396,0.1576005369532396,3.3522692038643593,0,-9.33774082882428,-5.136281626424122,-6.2037059980833975,-27.651207799945016,-5.7303432280204625,-51.383521429241966,-1.3491438383610943,-0.6688988150796327,0.08869180182280445,3.4233171642242155,0,5.153365011518218,-1.3483350337287092,-1.7136655510856968,1.061609506408434,0.6899978089996317,-0.5057814250379877,-4.895836117439245,-1.662088123604022,0,0.5881583590565564,0.44063702644753233,0,-3.1955767662844803,-2.250548707034805,-3.466446190578343,-0.8916353475631134,-6.799735124545059,-3.6718569672565593,2.1328851195862644,5.402461355644698,3.522869188374367,-4.211148535012654,-2.4170360927812773,0,-1.7668453478448143,0,1.391057979552457,-5.009992205149594,6.1561147811774575,0,1.6143848371355851,0.5859114005457577,8.348249599794322,-0.6504308964122352,-2.3167059281534286,5.552490497785012,12.871466177579016,NA,5.42364938564297,0,1.5262227741370094,NA,NA,NA,NA,NA,NA,NA,NA,NA,NA,NA,NA,NA,NA
1978-06-01,0.2359398163727544,0.2359398163727544,0.2359398163727544,0,0,-4.684506131882404,-0.6680553385673971,10.488993600353712,-0.6050339418947503,-8.323454101685874,0.7288414178692859,0.9736679709058504,8.055883671725184,-1.9696249975724278,4.6956983087770965,-4.225980928988271,-4.037815594339733,-6.062462181643458,-1.098534300691334,-5.602632741963198,-4.7783794501402355,-1.406859385709236,1.4663954187014383,-33.92694412422741,4.816234196736957,-12.389926267381956,0.2391175183920402,0,1.1202753076553496,-0.3677826874588508,-1.3707379730880431,1.031342701339355,-1.5037877364540542,-0.8120453776850667,-1.8262803679298334,7.114533214178602,0,-1.0810916104215806,1.291320640317828,0,0.887324801270406,0,2.2762743053863943,4.485056616535221,5.42583158584069,-1.0919710259994275,2.8072018778686925,4.133232880027737,5.121594855279987,3.7299425344829107,1.5504186535965303,5.260339545270254,1.5435808129839579,NA,5.353082520781349,0,0,NA,NA,NA,NA,NA,NA,NA,NA,NA,NA,NA,NA,NA,NA
1978-07-01,0.31373292807996833,0.31373292807996833,0.31373292807996833,-2.222313678471022,0,5.573513764951921,-23.058746947645115,-17.76248393684834,5.521174694265923,6.783852798106905,8.314386502552951,1.6280851000498253,-0.31007776782479013,-5.960795976896804,-5.0167258718019525,-4.412480490893778,-7.398607296420057,-0.48192864359490883,-2.7243530377325964,-9.122655356898601,-6.866172738105014,-5.088739251358643,0.5758703249274078,-6.479999322691565,1.375361516971485,-1.9140069002757332,0.477674165904729,0,3.919550868200661,-7.178653748437802,-11.699915225808732,2.300609471812276,2.035421099177359,1.0991273935556656,-3.4642927824396876,-0.16339872916549397,0,3.2088314551500297,6.924441217498423,1.769957709940062,3.301770280714411,0,0.2996256923234242,2.0834086902842053,0.4626367194076053,-1.2783187830088139,1.0327114155849415,2.6741284157101752,0.27721175518244934,0.6080410871891484,5.244647537254288,0,3.1161723880426706,NA,7.7800566529375175,0,-1.014889303925326,NA,NA,NA,NA,NA,NA,NA,NA,NA,NA,NA,NA,NA,NA
1978-08-01,0.15649067169896114,0.15649067169896114,0.15649067169896114,2.222313678471022,0,6.0587433408800795,3.248576473899223,1.4981528297011826,-2.266546491753707,10.577035414815338,-10.302926750253416,1.720663787071386,1.9985292380256148,0.1917546129271308,-6.132824550732252,-1.5151805020602538,0.17050302510845938,-2.445109586416372,-1.615795054301028,-5.538186024831759,-2.9000520851024447,-5.073695482595664,0.29061796364500125,4.499736593073589,-2.835241459086757,3.737765655253822,0.39375210777220504,0,2.1814514148949415,5.093693636275409,9.607921342335924,1.0570095280726832,6.268101761821754,3.3847749513859604,2.7683870242308393,5.565824308468506,0,7.109592168372991,0.35149421074445186,2.597548640326064,2.3649802079900972,0,6.4445023872298,9.343400664609636,4.568521231188782,0,5.658747462946323,8.901399782715913,8.469161193354235,3.208379874731482,4.286370443178189,0,1.7940989127304796,NA,1.534245710894322,0,1.014889303925326,NA,NA,NA,NA,NA,NA,NA,NA,NA,NA,NA,NA,NA,NA
1978-09-01,0.07815732184002222,0.07815732184002222,0.07815732184002222,1.0929070532190277,0,10.959111135562782,11.670313770393626,13.421221214674773,-2.363113732662847,-0.8011277964121877,-5.39856974331383,0.21735363184492984,16.839962556877897,14.756087014820274,5.001042057466076,0.7604599385219402,7.069499955748171,2.9270382300112807,0.9527373628189117,-1.125633435872242,-0.8786500300408839,0.781118361473343,2.5629524101653978,0.7968169649176904,0,10.16552595086,0.6234006808782833,0,1.0426344068471316,8.091053728627685,14.301542466052396,-0.0809462530806826,-1.1016636206502284,-0.5948983551529174,2.264200725065196,5.638471941063834,0,3.373813963185057,-5.684886423215296,7.609013335771309,4.568486143170247,0,1.1157716870653367,8.112554481236867,6.657816883439516,0,2.556049697953533,2.7632141903563223,0.7415860627155269,0.9402739058155918,5.774099468951643,0,-0.029073993517769736,NA,3.783457349567254,0,0.5036081032617545,NA,NA,NA,NA,NA,NA,NA,NA,NA,NA,NA,NA,NA,NA
1978-10-01,0.3898655201257206,0.3898655201257206,0.3898655201257206,0,0,2.0296557066273646,-0.8210226743122107,2.1682960938135487,3.2475072011920734,11.542426733667485,0.33681292948766206,2.4211203563455017,3.4758633365174596,-1.3311344638238687,1.2924250980935525,2.6169717733385056,1.1049836186584727,6.963369175880096,4.259723327648901,5.297338570531807,7.249389905532322,-2.506587033493979,4.9296040902794935,1.5748356968139143,0,4.547327746726593,0.7959457584886254,0,4.998065778409999,8.637504225609893,9.222633215926624,-0.16599312534744115,2.289796409325451,1.2364900610348784,2.6762117809291497,6.0022445360541905,0,0,-1.969121289018183,0.5923018303121808,3.0162622796210847,0,4.342609051494417,18.039570160074003,9.386850844755656,0,11.743246597707024,6.992290536197476,20.86482675603767,6.180704550168059,0,0,3.2142388376568576,NA,5.455016368823351,0,0,NA,NA,NA,NA,NA,NA,NA,NA,NA,NA,NA,NA,NA,NA
1978-11-01,2.687297411547318,2.687297411547318,2.687297411547318,1.081091610421564,0,5.165509338146412,-5.262065685309736,-3.9817825860960943,-2.822971356429443,-7.5508869160699295,-2.1904611891115366,-1.2450956327150209,3.658944743229142,-0.2515724597247804,-3.0972320852638013,-0.3696861881326008,-2.7050177533025632,1.7778246021284083,1.908657240264855,4.683266219051152,2.7960619044602453,-13.99259532238828,0.2688857402881162,4.207121392068713,5.931657715641947,3.0805239161139197,0.5742740977724758,0,-3.1842312866094624,-9.82425462837,-11.185129617131695,1.0176162387282695,-3.8118958103609657,-2.0584237375946834,3.627995854730437,-1.4911416299061258,0,-4.359043607486157,6.418334443342921,2.3347363996991,-2.1428886002033742,0,-1.6739594092039844,-0.7255170881171225,-1.4558796673972196,0,-2.556957484950395,-9.803989575988492,-1.0055510720633265,-1.2236657412707297,0,0,-3.2239320475708766,NA,-2.472407322918224,0,0.5010845952876153,NA,NA,NA,NA,NA,NA,NA,NA,NA,NA,NA,NA,NA,NA
1978-12-01,9.393183428344587,9.393183428344587,9.393183428344587,3.174869831458021,0,-2.068235314854161,-10.89080947126002,-8.820951954459066,-3.2212967834906236,-7.464371150463423,-4.126847264073518,-0.43657027904676626,5.928522575422601,-15.303179859165006,0,2.9199154692261864,1.1227062593783366,4.311012365372857,-1.0281278186819343,-2.029608501209257,-0.4363189967896197,-7.357216660956123,-1.0725723924806196,9.292395061681757,5.453718036007449,6.01869233253427,0.6825628076591372,0,0.8947271140436919,0.07020007308298215,-0.11331445971687337,0.7213112363489316,4.008552707565016,2.1646184620848885,-1.126608896317971,-6.197390272342005,0,-3.5268138837458274,0.17746233583686433,0,1.0224268162413175,0,3.450906460401537,4.159839207478289,-6.043799761696889,0,-1.1577553342442926,0.797009411578653,3.5671619747120964,1.0603619178463086,-6.828590786613109,0,0.9694999367201085,NA,-2.8207732116747097,0,1.488362511440311,NA,NA,NA,NA,NA,NA,NA,NA,NA,NA,NA,NA,NA,NA
1979-01-01,18.519101561732263,26.76553223625917,9.531016784633106,6.06246218164349,34.76972549956356,-7.692557897551655,-1.9180632388384966,0.8834223157371923,-1.0921610267425608,0.5953883909775248,-1.8990990398082441,-1.0174381905067864,8.644688360743658,-4.605418435055775,5.162436540530724,2.1353124470569362,-1.769957709940151,-0.8474626990972567,2.995488172335481,6.759793501476086,1.0460454762504234,1.870026226731003,1.0725723924806196,-6.704450262899697,-4.656167796173993,8.507997521448917,0.4620483159263,39.44759865325689,1.7074303521848022,2.6317308317373334,-5.535931290490148,1.4750952954553753,13.230274030138922,7.144347976275878,-2.1725867817560363,-0.8679880898487466,0,11.607217125275415,1.4084739881738528,0,-10.782485301851708,9.127577577608736,7.898841131862966,14.395418530061743,-2.141651077486273,0,4.691691978775214,8.93660718472864,5.1606075921012184,4.411765306480175,7.813820430914298,0,1.8405865239591535,NA,-2.9069246332753207,19.571537226787438,20.874295894899177,NA,NA,NA,NA,NA,NA,NA,NA,NA,NA,NA,NA,NA,NA
1979-02-01,17.320658163285607,14.923848156919561,20.095564829684108,2.898753687325232,0,-4.264168590310469,-4.435716694701341,-0.5666704588291438,-2.2051780231573446,-1.7738075247225094,-4.201885895924224,-0.47824327870537586,1.5408625352845817,-0.7197974522325623,8.727339716668236,4.811924834419834,5.833016574291161,1.268515952731608,1.5347909429926254,1.5064779771812198,0.7901934492267948,0.3512422520807412,1.847976370920268,12.34441910911217,-14.190294334592867,4.565535734856563,0.5164684866231339,0,-0.46811086065028373,4.543199463755965,8.330970701324691,-0.6840637904605096,9.515369752562286,5.138299666385038,-0.10748836577727516,5.5871288303015545,0,6.196672374920009,0,-0.7722046093910251,13.108923888406121,0,15.853269482994037,6.157293862529478,4.739435227213384,-0.8760459005362264,9.657200962474644,7.780643440427415,13.531168550166495,16.96339961131248,2.8987536873252395,0,-10.107606373054434,NA,-7.782195714238216,0,1.1918844751239277,0.26212334798740855,3.0935725450937923,-12.615128532690001,NA,NA,NA,NA,NA,NA,NA,NA,NA,NA,NA
1979-03-01,5.963190782567196,5.5262678675049415,6.4538484457763,4.652001563489288,0,-3.09340373180651,5.788130272368363,2.0265010672575245,-1.5714945861170393,-4.244709050629059,-2.0341414255237558,-0.02758034794578257,0.5083895037271802,0.3091192569672607,-0.8683122573461155,3.947881097378758,2.4206930851797814,1.2526259819179764,0.84644033755783,2.318489294128323,1.4007537192473052,4.717031642191394,-0.2639559228279964,1.916991610772012,8.695268982156223,2.814621565659148,0.5157892225110872,0,0,1.4267427491003293,2.7726701402833953,1.4385474875000526,3.0060066805801533,1.6232436075124923,0.7796498352812486,2.702276272887702,0,12.491064958061493,-8.0990126029576,1.5384918839480122,6.691108078354713,0,5.309208711206903,10.94280613501093,3.358184826958599,5.831871222784457,0.25188930194843806,-1.4844855564503767,-3.1307851709090784,0.9007666574937012,3.1252543504104224,0,3.8859695078399703,NA,0.5292113315162661,0,1.955438844573143,-0.26212334798740855,-0.5055237385277245,-14.148611698593694,NA,NA,NA,NA,NA,NA,NA,NA,NA,NA,NA
1979-04-01,1.7998261947719918,1.7057966774766786,1.904826763823797,0.904983551991792,0,-4.467931548121351,6.167423505976433,4.759294113597523,49.26040695071524,-6.466655067109228,97.17374465532538,-0.39323058270375744,7.425284719924896,-0.2059732963010319,-3.249916739295422,-3.2789822822991255,-3.189336377595442,-1.2526259819179764,0.7823224757393277,1.7827719799287323,-0.9520023287475254,0.8360854876394264,0,14.961963446765814,16.970736252002027,4.555680041469379,0.4086947099284477,0,-1.0613307171648878,-8.321364521881968,-7.861388085427756,-2.0175142205149044,1.05741166518305,0.5710022992003516,-2.6674656167680943,7.133697266718009,0,1.652930195121094,2.342027420809867,6.644509940815269,1.7677378811386646,0,2.4097551579060905,-1.3687125562385383,0.7599707655709054,10.993604563291015,-0.7575793808458187,-1.222061929119267,-1.6732124878272359,0.2854644098370773,0.918842605440684,0,2.5743995989788715,NA,3.5173614178267143,0,0.38654079767761473,-4.15330959368676,-1.2856521411534594,8.7092044920138,NA,NA,NA,NA,NA,NA,NA,NA,NA,NA,NA
1979-05-01,40.13690223809214,32.553986327312856,47.968534704253244,3.5401927050915774,0,3.35761502973988,7.7414161373397405,4.0619811713038745,-36.28812984824377,-17.925652273097608,-59.309031752584495,-0.8644286297845638,-0.5665737535677451,-4.750233398500381,-0.15026298845350894,0,-1.8692133012152112,0.8368249670516192,1.57159727012548,0.9640349587232144,2.233942768653119,0.4457659684518056,2.3369343347392046,0.02724424482183352,11.70866462557476,-3.768664967692148,0.4980145612761999,0,-1.1326499627276165,0.2795249898304375,0.405210395257094,0.4769895949817027,10.881060533221376,5.875772687938241,2.257568111144459,2.7652992068431166,0,-2.795799777483321,4.879016416943216,0,0.43850037118779994,0,-8.649203135344319,6.502289993125121,1.4748436923863295,10.390937961035362,-1.4039796667482562,7.444547650640043,9.557509093283834,11.888948565536994,-1.2270092591815107,0,-1.3284328198734485,NA,4.2253086290593656,0,1.5313928551264233,0.6816658979097667,-0.5429622336731832,12.730084287388621,NA,NA,NA,NA,NA,NA,NA,NA,NA,NA,NA
1979-06-01,3.447350536727889,10.840929850718517,-4.173486622753986,1.7241806434506068,0,3.567942863758833,25.439171557653516,24.55817334006678,-7.471814928458881,-18.454372437686295,-11.046045372819169,0.3930977509383704,0.5665737535677451,-3.520715663592622,1.4925650216675912,7.076907088820761,5.654676630460553,8.38814839807025,9.752194052639584,6.682891386236811,8.550096565490506,2.1764261229151316,15.854734067825138,2.952442039409864,16.98460307867753,-8.989011233498555,0.820818533052875,0,1.1919092237210327,1.9350983922527654,3.6305745746169737,-0.8409269938145947,19.581944703965615,10.57425014014024,1.0481221043550204,7.241516339158685,0,0.763362485507102,4.652001563489261,1.769957709940062,1.2908850274088834,0,-2.5291182143910795,10.922712269847334,4.914410270001746,8.830912704094196,-3.1334156170435,8.009347280865065,-0.02323744026808683,2.168298652162015,8.004270767353727,0,0.9857152261617763,NA,1.7224016648420437,0,0.7569909115776596,6.572667370032992,14.732955764626254,10.731173578908848,NA,NA,NA,NA,NA,NA,NA,NA,NA,NA,NA
1979-07-01,-3.447350536727889,-4.196419909903248,-2.621579568096788,2.53178079842899,0,-6.79632312982732,5.281951881586644,3.8184271651107826,6.394806126465702,40.97107477463606,0.56412402627809,2.0444917787429517,3.0600440448717237,2.214929971846935,0.4434597067865198,0,2.494626794657684,-5.918887139033124,4.740008898000081,8.104568795035583,8.272361798096473,0.24367767589872358,3.8608971124367564,-12.072971615362238,5.8951484896977435,-11.428914640212785,0.20922137959033527,0,24.09927804728529,6.492345730707694,4.520235884582902,-0.29244912607415685,14.180730192838187,7.657594304133752,0.3234630985071596,-3.1905815426950204,9.531017980432477,7.329286546547298,4.541747969079246,7.761060270492415,-3.966729292677229,0,-3.46197795390788,-8.29412604275479,-2.224033667046754,1.4467624617198638,-4.336722911513036,5.4630965375555895,-4.394588930822607,5.62084116094046,6.613980250454432,0,2.8048260327464547,NA,5.495240936463864,0,1.1248492106324726,5.44689083614367,2.6554229046310773,15.565330971179314,NA,NA,NA,NA,NA,NA,NA,NA,NA,NA,NA
1979-08-01,1.4815085785140791,2.12022076506031,0.7782140442055052,3.2789822822990895,0,-3.6513434033270453,-3.0965167221062018,-7.5138508328371545,9.389011572677946,34.97210979347383,7.287326462191135,-0.1673544748050093,-8.87563606057915,-5.16969038144266,-3.9102726013742206,-6.412452816953884,-1.1368727606758888,-4.149973090675196,-4.542335489466964,-9.358765837323357,-6.533502553521409,7.713156384955777,-3.207959552040851,-11.699999405923922,-7.233029925135758,3.3919057817981324,0.2848389168720433,0,-0.32641670390725075,1.4645279269822842,4.069419082655457,0.20617152897752788,6.7389021904976865,3.6390071828688697,0.515374493594245,-1.9398956437009451,8.701137698962969,6.828590786613109,2.9171377300279744,2.5642430613337375,1.77156186028542,0,8.574265629651379,-4.7493834956017444,-6.463357847305851,0,-8.22380982369717,2.0418467441950305,-4.330002932788446,2.747269918227868,10.135249426028814,3.6154401820136073,-0.3343685943063335,NA,-4.659529359881032,0,1.4803833021954649,-3.681397312271617,-3.3350520321574706,-16.97878206466985,NA,NA,NA,NA,NA,NA,NA,NA,NA,NA,NA
1979-09-01,4.31721718652085,2.0761991448429384,6.744128079553269,0,0,2.7400698178911664,4.901986441162731,5.297097681484764,-0.12810660219841896,3.580709422421221,-2.1080683740624218,0.26740189163343975,-10.181833794488426,0.5750447128438196,-1.8576385572935727,-3.367321510658794,1.2816953783124418,0.8438868645864517,1.2806491578866819,-0.7516609859127499,1.0893937544067533,2.9225002205952144,2.9957365809955228,1.2998016690844105,-9.446097562325962,11.914024980369664,0.4983164415607977,0,1.0685351376689356,-0.6341175338447469,10.934031579825355,-0.014529293645537678,-1.8141087070650208,-0.9796187018159763,0.3731565171966711,-0.860683096822501,0,0.9852296443011888,2.3167059281534286,1.414006277381219,3.381253404035256,0,5.870604740751872,1.4730217240403576,4.016795793094197,0,8.500435172986176,16.546485525832733,16.036237341310144,39.09803882366067,3.5506688456909075,0,1.6607736399660844,NA,-1.5774645846104995,0,0,-1.511363781004782,1.348609302917847,0.7092228309492299,NA,NA,NA,NA,NA,NA,NA,NA,NA,NA,NA
1979-10-01,4.811924834419834,5.334598070529273,4.255961441879563,3.1748698314580324,0,-5.2036700775052624,1.066108178611369,-3.9868784454343498,0.6388981609942446,0.25206954461776815,1.4960404339386946,-0.22754758479935355,0.22075064152105028,-7.12890837473017,-6.1210731044896605,-3.130690462504404,-2.93706867959882,0,1.5533312848189595,0.9617892414178542,3.147112871222113,0.6513912944902778,2.298821325871625,1.6420730212327372,1.4470069343192282,-0.8809095805021316,0.4622419663881716,0,-0.4167637428523996,1.20140553486352,18.293243036212626,-0.49740369247359695,-13.242053551679067,-7.15070891790468,-0.1922349352659114,0.5925145263514731,0,14.853268752303528,2.2642476749759943,4.125871661597635,10.038987017715417,0,-0.9588260810365234,6.904702653286066,3.9028877843305665,0,-2.3760726489142847,9.841718200329552,11.60029255690409,18.96797268167112,14.077255388108245,3.4892742944822697,6.336135796455622,NA,1.295517304376892,0,1.4587872703544225,0,-1.146074480561765,-9.248731272162036,NA,NA,NA,NA,NA,NA,NA,NA,NA,NA,NA
1979-11-01,8.980389486130314,8.701137698962969,9.278173345096619,0.7782140442054941,0,-1.4056687709797844,-1.3793923292032995,-3.888612346536302,0.8813422930649795,-4.432651335831386,4.328461143583229,-0.5820829968020858,0,-4.663731080833067,2.946203273031678,-0.7092228309492299,-0.1491424586670398,5.318226546030846,-0.09642409792212092,-0.7585371389255968,1.2826169848420221,0.5770965000540862,0,1.6155440222285211,-22.56719976675685,5.738959335186844,0.6895855153861485,0,0.3705423415210518,2.360358026425824,14.538830174827222,-1.4353133636910265,-6.307668522934051,-3.4061410023861427,2.873760976735673,0.5050902296917348,0,5.213800793911627,1.4815085785141235,0,2.5605225272187226,0,0.6769271390107967,-7.393302973848748,2.151896137042364,0,-0.7097261870762317,0.08422127722997885,-2.7753826692906713,0.10275424314643011,-2.247285585205816,0,1.3599683171571897,NA,0.5218051347765651,0,0.3613958080974644,5.192761093276399,2.2431980297678678,-2.3530497410193973,NA,NA,NA,NA,NA,NA,NA,NA,NA,NA,NA
1979-12-01,-2.4845998586530804,-3.6367644170875124,-1.2739025777429802,1.5384918839479456,0,5.495321117771912,-6.207523899472123,-0.17923446098981888,5.334598070529273,35.31766961183611,-7.238204415022431,1.417429453714264,-2.4554805107206867,-7.361181734324607,1.6000341346440905,-0.7142887512380014,-3.4931417884110694,1.306173329629079,-0.2242716203250339,-2.4840677696984947,0.4239090705766557,4.156598525293731,1.0216418239723524,8.887928947403466,-1.559209475983625,2.259392855636544,0.5180782635859138,0,2.285291409799095,11.634963723342128,8.232494525600288,-0.007407229895495249,1.6556669594447904,0.8940601581007179,3.0136209150725124,2.4729848910682586,0,1.5915455305899329,3.610500464211608,25.959673502578884,4.322409063344423,0,5.763676830972564,0.6509380185517166,3.755490488654445,4.883336164670737,6.747224773832361,14.923689841052568,17.198764501283037,29.888620303515225,1.6393809775675727,0,3.38434526749678,NA,7.298324712781346,0,0.7188968519894257,8.096906253366765,3.707397225751752,3.8915416249673207,NA,NA,NA,NA,NA,NA,NA,NA,NA,NA,NA
1980-01-01,-1.9048194970694432,-1.2422519998557036,-2.597548640326064,4.47836026269734,25.82648238564509,-0.6074645310916837,-11.76254519397082,-8.855956703604772,0.9115073088477477,-10.181334853099758,-0.7195649279201688,10.73124820329121,0,3.2789822822990367,4.95457365514298,-4.022480131050887,-6.0528026791003775,-4.134644713487212,-4.217694789969162,-8.977479116775111,-5.835351407182454,4.361566759732138,-2.479953899108711,16.40719750973171,-0.8608374536600127,-2.991851180417182,-1.8094469693083093,-16.588283045079464,0.9892166996619545,7.168505487164534,14.67416243613291,-0.3798102897270894,9.097177820572622,4.912476023108248,5.902582801474409,12.21095447088641,0,3.871451218069044,6.1875403718087085,-1.6298381733118816,7.127668004032817,17.841321996603867,16.109515218006898,-9.790884944929967,0.1552959758686967,-5.325801353001047,3.016622182559292,39.46986170330176,29.52508127175424,54.90583730624219,4.374454896285762,0,3.2327721886488803,81.66282373309662,-0.20371694243815908,43.352122422216866,17.91564036383506,8.719654503015484,-1.9778364158989703,8.694776173467034,NA,NA,NA,NA,NA,NA,NA,NA,NA,NA,NA
1980-02-01,-4.59097013040779,-3.8221212820197525,-5.4067221270275745,3.5846131773135728,0,2.164255421818684,-2.5965811019303286,-0.5390697278087719,-0.3743208672406739,-0.9465822879214214,0.0792780909996238,-0.5104285238381912,-5.218575317057006,4.46854893452997,1.4992784586141283,1.1131840368844514,0.16406894574600983,-2.489755162172713,-0.006815703442075716,7.755823434587494,5.919918008416758,0.9955908261688684,-1.682352428101197,-7.65231081726837,0.8608374536600127,-1.3361437791176156,-4.063764573182638,0,-0.9440393779087008,22.78121886380675,27.18087232954908,0.6035279244055225,6.528786549635246,3.5255447368031767,8.405302527969049,9.01317780989968,0,-1.2739025777429802,0,0,3.638759154252913,0,11.500246363407918,4.375150967312802,0.5124097347893652,5.812734855567392,11.692133805890226,-1.490371678219926,8.948005681947446,-9.808568937198547,0.1943635208570882,0,1.5378692402650884,0,3.6271448701607145,0,1.4859667511238683,5.4110097401140145,0.4585545953966097,7.122969612992325,2.0501857044187055,NA,NA,NA,NA,NA,NA,NA,NA,NA,NA
1980-03-01,-0.6734032181344052,-0.6514681021193791,-0.6968669316093301,2.7779564107075716,0,-4.609052428136473,10.411182520448126,4.68565076892431,-2.5563579306761506,-2.8806191775789496,-2.293893578981343,-2.6332378774049814,-10.00834585569823,-7.747531216829007,-5.348868495098635,-2.6169717733385056,-5.043085362689226,1.666705248521172,4.866141709288563,-3.121073661014151,-3.177596670370164,4.212572307077789,-5.468183460613751,12.723136336459396,-3.488725900044032,-13.12271831775914,-2.2368127360576806,0,-5.191156183168577,-15.33409631838275,-14.387037041970196,-0.33314710828227234,-2.0336477634085526,-1.0981697922392897,-3.180403100237972,-12.664590163851452,7.410797215372211,2.531780798428951,0,0,-7.431758778294917,0,-23.53840282537263,-4.107174031601257,2.1400441245992496,-3.575169096384201,-15.779716693087043,-18.386185143910616,-16.709426924434823,-35.4264033558585,1.1583141089630544,0,-2.274671591128019,0,-2.479465861321617,0,1.1730770660993706,-8.094349270420409,-4.861421624956286,1.0372864480713062,0.8978735965276208,NA,NA,NA,NA,NA,NA,NA,NA,NA,NA
1980-04-01,-1.1552944878432836,-0.2617762545225055,-2.12022076506031,3.367321510658794,0,-6.010106106587054,-1.578960846134314,-2.0655106066744366,-0.23845200990059157,-1.0345812649730197,0.7759066584709817,-0.8700106710420541,-14.107859825990587,-1.6807118316381597,-4.167269640056759,-4.652001563489261,-4.948005726337001,0,0,-2.012876743061387,-0.08729812863448316,0.824156105917595,-4.362646564636297,-6.62591078241872,10.91992919649919,-3.0045178431387765,-2.674466949434451,0,-0.812041720399459,6.79851243461772,7.773056791515698,1.3530962591046247,-1.2016486817680416,-0.6488902881548242,-1.5614861097530408,-9.149602461353956,25.131442828090613,-9.156719352549025,4.561051125205218,0,-2.3486266732270167,0,-10.796581456958965,-14.571181118139354,-2.62776990207243,-7.723373268357925,-4.825195102403956,-6.7570679511809395,-23.692115289726168,-50.33927419993063,-25.186297464682728,20.008074980431758,-0.6595242372735122,0,10.634899613978789,0,1.4472557273320419,-1.6878037787352085,-4.1489294290929735,-8.335356788694881,0.5571045049455492,NA,NA,NA,NA,NA,NA,NA,NA,NA,NA
1980-05-01,1.2903363384131339,0.9132443566418846,1.6997533506772466,3.2576170434612752,0,-11.835866424579288,4.31485398627498,6.333112293370458,2.2157211308727884,1.3527139899265128,2.1582737574309063,2.822333736117011,-6.575137756278071,3.4701608192931666,-4.519597634336847,3.1252543504104224,1.795380361659582,-7.729167430164718,-2.4034746056340595,1.6498999380035073,1.7316450011461093,3.579384304758637,3.0018300231031247,11.58713117117699,15.951708097533512,-3.5644623408628173,-1.0705698355988724,0,4.041903564539007,34.125001650252855,37.59746795974592,-0.7728751569937131,4.690019656603717,2.532610614565911,-2.2023316622190925,-0.2625362495083494,0,-6.508661651988579,4.362062247589105,0,-8.453839307001942,0,-1.6070470032609308,-22.728006186599004,0.14386844100009455,-3.80130939112604,-2.3580942588906417,-0.7001512295635948,-5.12164577003178,-16.490600881251094,4.111824692947241,1.5060525625721244,3.7740327982847433,0,6.967663219735187,0,1.4266086960553537,7.182573457125585,0.2564103968937914,2.0125592532123093,1.9802627296179764,NA,NA,NA,NA,NA,NA,NA,NA,NA,NA
1980-06-01,-0.1350418505698503,-1.3072081567353067,1.1173343459923935,0.6389798098770993,0,-3.4504494910569505,-4.376558767885053,-3.2306860116252167,0.6266993563391998,-0.18724076303692216,0.5970362033792309,1.1833107193978787,1.9231361927888102,-2.7664281472355334,-5.093286908179273,0.7662872745568983,1.4134510934905364,-2.7150989065950704,-4.972113666302835,3.2203140494634575,2.4587927952746114,2.059541772106055,-2.3015470492712353,-26.05873659241873,8.202383547859071,3.020302755303439,2.0020042233442115,0,1.4632176924051277,0.6563549114003975,-0.3821847956409774,-0.3510360896548548,0.7767475569271376,0.41944368074053884,-3.48706379032816,2.4190539236804307,-20.47944126460135,-0.5865119452398204,0,0,-6.205216823469861,0,-1.5335447704924121,-4.3686629076574945,1.0634672509745258,4.784698807333321,-1.956838141501649,15.629485111584618,13.702746311012426,21.924042409838584,0.7083854888405128,1.4837067430467865,1.658805808389907,0,-5.003495774233713,0,0.28289564324657235,-4.247352255872805,-6.616169008990713,-9.544759907072198,0.7596346891934225,NA,NA,NA,NA,NA,NA,NA,NA,NA,NA
1980-07-01,-4.4912556680822835,-1.591541450696976,-7.646121184800148,4.3620622475890265,0,-1.3419774627425274,-14.135321345428654,-13.664686732489862,0.5932271060399841,-0.2864338514833642,1.0750854923397668,0.5811844422283552,2.8170876966695957,18.74509688332573,-1.8182319083190457,14.538830174827222,10.798863806409553,12.893368337589362,28.718140809825243,12.635340365809089,10.786992726325195,0,6.757504686920868,2.623763021685721,-14.550758367123839,9.27797168442096,9.333193979221916,0,6.246533407803668,-11.021826289261083,-10.880285984879917,-0.00870465960973732,-11.27538116626754,-6.088705829784669,4.710398251677561,-1.3210036753360077,0,1.7493157447517227,0,0,5.2018485589023555,0,8.134563945395179,9.29701331672117,-0.7757647160424597,5.068785927813302,5.158819264978742,6.84356069972516,4.346091260216944,3.355513622715778,1.1696039763190669,0,1.785761740000602,0,7.055659346313403,0,1.958173127544116,-1.038430930571721,9.33183952543919,4.399156928153403,-4.987183004017304,NA,NA,NA,NA,NA,NA,NA,NA,NA,NA
1980-08-01,-7.1014129746600485,-10.71447236633536,-3.199051999993152,0,0,-6.3911216041236845,-12.600336995954997,-10.644820706403891,-1.130157163433576,-2.7412380047308673,-0.24053052524528606,-1.1405467586627638,-4.417121831313686,6.089818220659637,-5.08105524037612,1.960847138837707,0.15735644474306199,4.725288485054513,-5.915222891239313,10.69496324822321,7.263535239849617,0,1.5182120493220097,-2.6529814294903753,-2.612134358397311,5.86475783796383,5.853260671801267,0,-1.937627896313876,14.210324475505736,14.325408860304512,-1.5130075885828376,-3.45149472280859,-1.8638071503171538,6.815502500610426,3.9974744686959607,0,-3.2308243232658462,0,0,1.4429609482534467,0,-4.411132921468486,5.049149337626613,-0.42451953567255174,-0.570923885661756,7.420800716606024,-2.537879631819706,-3.972863656028025,-2.356930059737028,0,8.241894641541947,-2.6907452919924246,0,-4.082199452025526,0,0,2.2704793693756997,2.9347062801257984,-7.119110085859859,6.595796779179786,NA,NA,NA,NA,NA,NA,NA,NA,NA,NA
1980-09-01,-0.3800782785290835,-0.5970075888378723,-0.1549163366395323,3.0032287098875123,0,3.1418871416640237,-8.204733917660544,-6.7635255744985745,-0.1856121240610853,-2.5678938828712083,0.534448088428574,0.42015449657899495,-4.959694113937285,1.5201161332051072,-1.752722570896026,8.078925492732036,-3.357629553360475,11.607217125275415,-4.155791997969249,-1.864609870343159,-0.8566866522222938,0,4.816980898925305,3.0222475783913128,22.339086181380086,-2.565754586266822,4.195291205636881,0,0.13034979034441951,5.546382521097865,8.467275001487828,-1.6098701763893608,12.270433147320325,6.62603389955434,3.6099991057809477,3.919325985819788,0,-1.5037877364540542,0.9708814126960341,0,-7.480835206483949,0,-1.0671016977521042,3.4565653112280437,1.6891043561853891,1.069512755096902,3.4508216338738684,7.14952522828014,7.710590418906005,22.111160460607415,-4.762804898925399,0.8328691926093867,-0.19782400121055588,0,-2.538458371801311,0,1.3755849055244962,2.2200709980192634,6.056767582968803,-6.001800972625304,24.4196960512042,NA,NA,NA,NA,NA,NA,NA,NA,NA,NA
1980-10-01,12.914247836070292,12.639520668138227,13.197978120103837,1.176484157958635,0,-3.45376472271125,-0.6534134116862766,-1.185950516170764,-0.7398752509865436,-2.641561843828348,0.20068298331448187,-0.7066785601142822,-1.709443335929972,0.6444705442642196,-0.39370129593390146,1.4815085785141235,-3.8115632922512077,5.981849521091043,11.959915420322975,-0.28449521322313487,0.772747083779457,0,4.595572223290656,0,-0.09896091851661071,0.5254320621353559,1.2562321707942026,0,-2.106264788390655,17.429629159536038,15.596066884569376,-0.11457559984640042,-29.263676915687142,-15.802385534471952,-1.3592575581756305,-2.389334389579001,0,-0.3034903695153801,0,0,-1.7624141167080332,0,-0.9756174945365181,-0.45403029187829347,-3.625060163241045,0.5484310078038845,1.1243091574180575,-1.8700255750652595,-2.957604674270442,1.5646211135545318,-1.227009259181422,0,2.503063804207706,0,-2.6731417421000936,0,0.5449790755965189,2.1327822640824223,6.311381652274228,-0.6204776886883145,34.83066942682154,NA,NA,NA,NA,NA,NA,NA,NA,NA,NA
1980-11-01,7.601852822891031,7.495563160370189,7.7112016657520766,2.882043853549199,0,-5.851188774959426,-8.788005727536952,-7.8590736329483875,-1.7111088818231313,-3.0592198389269956,-0.7584685085208709,-2.035861015768825,11.39442593492177,15.720504994769602,14.310084364067333,7.641623044436319,7.639781949352908,8.053886248401199,15.748245279078965,4.321229786083958,3.7766245797458353,4.761417112170552,3.64302888587682,7.350022949376656,-46.72351876911291,2.6001464815201825,-3.7630301026131576,0,-3.6581184255623955,-5.978564531849069,-7.067213300667152,1.5227418409751614,1.8192514703152085,0.9823957939692818,-0.6518295043600575,-0.4791440959326043,0,6.472847270049442,0,0,-7.814806173856503,0,-1.4815085785140347,-7.805378813736663,-6.667154288969002,-3.6399191928785157,-0.37336695520489016,-5.659716099504752,-6.57628740620968,-8.349289144638439,5.523612847525694,0.8259897390996418,-0.19331148490451255,0,-7.881460978545118,0,1.3495937719300688,10.418749499546287,3.2920888490526323,7.434505133928049,34.484048629173,NA,NA,NA,NA,NA,NA,NA,NA,NA,NA
1980-12-01,-1.3741608920782689,-1.7284305555514745,-1.0113905014057512,-1.1428695823622825,0,-2.988084121104262,4.462909986851105,1.2705347679223822,-1.2546130389511467,-0.6660856390372891,-1.6053979729944268,-1.1900744532029939,-7.174390485884086,7.658822928317122,5.697796071215855,-12.539023504082358,-11.19899886471174,-13.013580362338395,-8.424969747116595,-3.540807236925847,-4.120110950194356,1.5963130088188393,-6.615601089361345,-2.6155747782748318,1.5985295720580384,-6.577153751714682,-0.8951639864996835,0,-2.7513976200776447,-25.98978584471192,-27.456322002266642,-1.0862607144855652,0.8973631206661281,0.4845760851610592,2.011087062535688,-2.459726468521634,0,13.815033848081715,0,0,-4.993489082276081,0,-6.739500163965673,-9.003506483005097,-5.994043979733554,-0.9607897200215376,-2.2699587516107123,-14.90418672085374,-4.570135740604986,-12.116696946034455,0,0,-2.587365029819999,0,0.5919366155568095,0,-0.5376538058354363,-1.9556178793867396,-8.75288414254971,1.8699266468418685,-3.1748698314580714,NA,NA,NA,NA,NA,NA,NA,NA,NA,NA
1981-01-01,0.0628723532812181,0.3728971623870425,-0.25444918578658715,1.7094433359300165,8.622117544712872,-0.8089504024112348,6.144692977813415,3.0047830977446455,3.074338875696092,7.042832196716109,-3.434836425446952,7.914818452845185,1.313647790536976,-6.115442315333031,0.9161841792385772,-0.23192897910906396,-4.712867106717322,-2.7493140580198805,-2.5188097886177374,5.03706073586665,2.9406761434317197,0,3.7509098632727778,4.804302067024901,8.119015473001333,-2.4658985351941776,-2.20394595662913,0.21715535135080621,-0.9978700049896094,-2.405729117476013,-2.722345861065645,1.645254394516904,1.764912233557503,0.9530526061213962,-1.0004880274957717,-0.7702966654418719,0,0.4950505159856178,0,7.6787143213770115,0.012081243304340461,0,-0.528268884133265,-5.207280050362595,-2.5779930915467375,0.20008134976912118,-0.845400193228496,3.4923459649922606,-11.998413585231305,-10.719269358350259,6.117422336915368,0,-1.528702385855052,NA,7.358087958406534,5.699954843038024,5.184347868026107,-2.914596108080314,0.22560641266826664,-2.139936454086211,-15.057285847937418,NA,NA,NA,NA,NA,NA,NA,NA,NA,NA
1981-02-01,-4.828746260994388,-4.0511830271175775,-5.633451574386994,2.2347298691996587,0,-2.5158559636154987,-1.3133560434694713,-5.461694599889688,-1.262382486188024,11.939064272210874,-2.9827005940116558,-7.738480253607238,-1.644773920902587,-0.9049835519918226,2.371652661731627,-5.4067221270275745,-5.467902918168122,-6.106025676124638,1.7676822158733785,-3.7729989607832692,-2.758271153893066,2.175780967721419,-4.3605841215035746,11.480035591845928,-7.005831436116905,-4.1774181009483495,2.20394595662913,0,-6.409290251607103,-12.597510591897548,-14.660347419187536,0.7706499594050342,-1.960906661460271,-1.0588895971904044,-2.482347514699268,-3.8823943321254495,0,0.9828088936262525,15.828291711216913,0,1.4949941132151423,0,-3.7114965396176203,-2.294665432252696,-5.002097565846952,-0.5182210509349972,-6.154155866834454,-10.91371912638559,-11.101275568476598,-12.39435693471962,-0.6615239118718641,0,-6.885462104605811,NA,1.76635027140144,0,1.0185253203420785,-4.344403658699836,-0.6216465342779642,0.19293851248516347,-28.76820724517808,NA,NA,NA,NA,NA,NA,NA,NA,NA,NA
1981-03-01,-0.7947092209275919,-0.9085131724949402,-0.6761351257072334,2.72496424473756,0,3.6087630168345264,0.1996812770471479,-0.657141190408328,-1.9987094318336118,-0.1166239898512833,-0.344147392785521,-5.169425467154887,-4.928780040761893,1.3544225107757768,-3.1748698314579826,-0.3273325344968825,3.6159981414443543,-1.8692133012153,-5.422061993600824,-0.8198203083205513,-1.149073303710768,5.188926807717742,-3.49831065208015,5.34623557134436,17.269149035382114,-3.0011913933554957,-1.8980077399740587,0,-0.050929463795013064,-9.067956744663896,-6.8858616267578165,-0.10491850107143819,-1.445004765106983,-0.7803025731556446,-4.141836296806877,-4.3239089995362745,0,-8.678913007239153,0,0,-0.651340106920717,0,0.9394929561468146,5.695690087996841,-0.0029340140248024227,-1.2366797690274822,2.699219201435632,-0.13014708455525437,2.3059636810416784,-5.700353939149183,-8.540365960153284,0,-0.038887809162080345,NA,-8.60935246994008,0,1.2587394265761276,-2.1464238668299274,-4.926646806031343,-5.997429361864892,-6.899287148695166,NA,NA,NA,NA,NA,NA,NA,NA,NA,NA
1981-04-01,-3.325978018319642,-3.0714617014344636,-3.5915442439266254,3.694351519168415,0,-0.28395665080779287,1.0894453483290212,-0.8775193421514338,-1.8996671400746734,-12.023553186774743,-0.4857542248565272,3.366843341519077,-3.908135004247182,-0.9009069942366388,-5.299253014051075,3.5430436979500435,-0.7128148733782425,2.9741969198737728,-7.711351912801945,2.3433954860626827,-0.3124558713050618,2.0738189025641063,2.890439637962672,-7.694361589043197,4.180469391920639,1.3164626260526613,-2.44565949018328,0,-2.632410066511448,-17.888354242266637,-23.372084064625163,0.2690698190532359,-2.8325501987999324,-1.5295771073535747,-3.0736398789960484,-9.443947883508082,7.654007712233435,-5.480823649499467,-58.57269319391083,-49.64368863138908,-5.243903731620225,0,0.16488049901841606,3.897295157245484,-1.985397461310967,0.23175717153023356,9.276487814533763,-0.6653892738671452,-1.9979060721440511,-7.28539988162078,-7.244115076586777,22.802269162122577,-2.6893702125570407,NA,8.743941992275595,0,1.7360339612912945,-1.1904902506318926,2.4413695252688328,5.997429361864892,0.7117467768864572,NA,NA,NA,NA,NA,NA,NA,NA,NA,NA
1981-05-01,-5.903629334504323,-5.527795870216767,-6.298318455571872,1.0309369658861312,0,-8.76147472617812,-1.9505651977214766,-4.293757254447073,-3.8517334494549917,-9.605172956447014,-1.6890072981748827,-2.7540748717336694,1.9731581862595604,6.989743961737815,1.8534650216822435,-3.215711163453161,-3.8769007958519452,-2.2223136784710107,0,-2.929079692106562,-0.5706149576854891,0.757371715398758,-5.012412816718115,5.692314739962101,-7.735814230286753,-1.6252100394604785,-4.035966544041236,0,-5.925265544306335,-13.302925854417547,-17.34573731360737,0.16518879513869322,1.4420730797486847,0.7787194630654248,-1.4522918251028583,1.3743247556975646,7.109592168373036,-9.756624393100743,46.53632496892328,49.64368863138908,-5.420120622805147,0,-4.435192231516005,-8.496451389955606,-5.391550978781545,0.7141081913738745,3.2241598663902415,-3.301171109307166,-4.082892210277134,-5.586523114987019,1.287019052053484,0,-7.272584909540303,NA,7.947351151835358,0,0.4905240230776542,0.5970166986504211,-18.554637084404213,-1.124260727151949,-0.14194466542267747,NA,NA,NA,NA,NA,NA,NA,NA,NA,NA
1981-06-01,-4.702712272470144,-5.670714520662257,-3.6922665899492557,0,0,-15.04500000154032,-12.085881895836504,-23.37740341918575,-3.6152563074696387,-9.258879982767562,-2.300393636180331,-1.9035496376118677,1.235673268890558,0,6.620657823826814,-5.026183478088786,0.1955034835803282,-7.78603217722722,-15.22150392519368,-3.7495380033061743,-9.571083230088373,3.167600067257581,-1.728234878987056,-14.875783995581404,1.5429941668107738,-2.2088680758395984,1.820367354320368,0,-3.7889745787323625,8.361107199650586,8.827129904114006,0.08401514507960783,-1.3525303810891565,-0.7303664057888959,-1.0630163570677587,-2.2923639901936994,0,-2.197890671877545,0,0,-5.108175000205684,0,-2.4405627368141225,2.157642254360592,-0.4749286640960193,-2.9199621139108345,-1.3010236736015202,-3.95676568001031,-4.087431375056028,-8.178843805454372,-2.853630726493428,0,-3.058965088168897,NA,-7.31051306857553,0,0,-3.8427377133885443,-7.328488477661121,-10.082242034933842,-13.841342022183056,NA,NA,NA,NA,NA,NA,NA,NA,NA,NA
1981-07-01,2.416309501842706,5.300615156093347,-0.6549192081044097,3.0305349495328815,0,20.83869806136821,6.129923394006298,4.080692687189503,-3.276017133066339,-6.132735390972728,-3.2463481329143784,-1.7889995051899532,2.597548640326064,-2.1322769468820724,-6.453852113757108,1.0256500167188598,3.4552381506659735,0,8.924145103677539,1.0670275906645266,-2.7370549599094574,-2.3356468373966877,-0.4337885995282065,-16.260994477323464,0.783616516083252,-0.8907642716313724,6.559266419878207,0,5.057257363563217,0.7884403524148875,-0.22185255910252,-0.6482629889084102,-7.161288245065123,-3.867095652336161,-2.075763806073172,-9.695404228348501,0,-7.240002980856541,-17.768117723745203,1.2959144642505471,-4.743592427242671,0,-1.070414431092015,9.657324923054134,5.814090314133757,-0.3116986841289915,2.944321534896943,-11.97069611652033,-8.64170014046568,-15.282131108154573,-6.80534632450156,0,-2.4114360985604932,NA,-18.435502951434934,0,1.4572983930738914,-3.141619623337899,4.230549796621119,-3.385694366853631,-4.248868991789756,NA,NA,NA,NA,NA,NA,NA,NA,NA,NA
1981-08-01,1.4075304055285898,2.088695343268432,0.6549192081044097,0.4962789342129126,0,9.25413076055751,4.142875656455692,2.1920505737622165,-1.603683561570446,-2.672698827691139,-1.3664094780039937,-1.3201200341816821,-3.4786116085415486,0,-12.216763397420749,-3.8132869695443716,-4.634033725870168,-1.63268932874292,-2.1509008826961384,-7.900733225748802,-6.319648864652816,-5.050279761576082,1.3016394873055503,-7.658489829448456,15.15429405620049,0,-2.706599905222623,0,-2.5528578350756614,-9.206936362822749,-8.756677828132986,1.3230416719064664,-1.9276702848276095,-1.0409419538046194,-6.340921554041968,3.2936538957190233,0,-6.340151135049599,-11.778303565638382,0,4.615477919808519,0,6.061412942604072,4.937892969085134,8.099817491786965,-2.485847460981283,9.88662332944017,0.26610369327331185,2.642363580902174,3.826243580867672,1.1204599012862637,0,-3.093241288808013,NA,-13.20460152864429,0,0.2408316333834204,-6.868896630302945,1.240737399779146,-4.069561597172999,-7.142744359633291,NA,NA,NA,NA,NA,NA,NA,NA,NA,NA
1981-09-01,5.612329001536409e-6,0.30679318932760324,-0.3425094316594546,2.927038230011325,0,4.762597895160059,0.7805546451047363,-0.4203708487200086,2.7565961561538788,22.497587157630434,-1.0939595517312606,-4.57617106809648,-5.455898425043504,-14.343246360723416,-4.231400469141633,-6.949779449692173,-4.238777834998242,-3.347592919638931,-6.7732442209814,-9.578232334472947,-6.167006641417849,-2.3072939190987185,0.6503611615446658,35.405113134785196,15.988067464672396,3.019282015720437,-2.0648449628701657,0,4.82814558758875,-11.742431699557955,-25.079508264471983,-0.18472099196307212,-0.44909204662548774,-0.24250970517742942,-4.289336330530757,-0.6859317474469967,0,1.0850016024065212,0,0,-5.161515049507237,0,-4.3810974888646825,-7.612643805787922,3.0600516105629083,-7.261657814165012,-1.6682891406897937,7.87140133141806,4.222331106801036,11.975633513569495,-32.2640757472751,0,5.8045129483302205,NA,12.52332584018161,0,1.4329354660131077,-1.0999194300669757,4.712567680380708,9.60532599053936,-4.486733835705792,NA,NA,NA,NA,NA,NA,NA,NA,NA,NA
1981-10-01,1.8223406524334074,1.7391772016658535,1.9154089313832223,1.4320053774748431,0,-8.120683362259006,7.510866355451218,9.451164389816935,-10.748294068285347,-33.455462323673714,-0.7207497695944864,-8.948075051069898,5.278750460205295,-15.23281294097485,0.782782862024689,-1.5267472130788384,0.2059732963010319,-1.7167803622365696,3.6956665732500227,-2.4807337785773598,-2.9769640231664063,-7.0253725685827995,-1.5182120493220097,-11.202378992698247,-3.0462965166076716,-2.2188816703892167,-1.671508657020765,0,2.6950111901660856,1.0915036133879674,3.3317268866187577,2.941426172939998,2.8084916297557605,1.5165854800670786,-1.7050762110361384,-4.001303148030488,0,-4.037245529038724,0,0,-2.4885076169259612,0,-2.612166172620345,-6.366584458336622,1.181468563095045,-6.712536176653572,-5.189869593299878,-1.3590525795494912,-3.589757534771465,-8.532852155932025,-5.942342047080018,0,0.34786052078956686,NA,6.650346099053106,0,0.7088406819604653,-6.915746699386638,1.7457390739989975,-2.378878380702165,-6.721897459005088,NA,NA,NA,NA,NA,NA,NA,NA,NA,NA
1981-11-01,3.044764098273056,1.574830313779918,4.663132096404077,1.8779894651596352,0,-5.14701455411174,5.0922671538380815,6.60640700469628,3.0203123643483707,12.272551205521786,0.5022946808737494,0.9213687471193055,1.0582109330536937,-6.957241366486411,-2.566774674857797,-1.1605546120307508,-3.347592919638931,-0.4338401598597663,5.228478530427516,-0.8109477227367989,5.725283808816606,-6.337329415303916,5.715511970137399,1.682854604600692,-9.697285511462017,-2.6187462628109004,-1.6112843104399754,0,1.1404996613990304,3.882767001173737,-1.2507269352394212,1.1234170666871712,6.7295589467624595,3.6339618312511313,-1.2602295279940334,-3.1501807397962147,0,9.292395061681802,-15.884920060881225,0,-5.2518339725541985,0,-0.8982186561248717,-7.308857672783731,4.676962565812204,-2.2604432449215395,-1.6736792355524166,-5.73277393202094,-5.673718472636935,-7.763181936155172,16.86227124357922,0,0.17591873184237272,NA,0.47574188275162355,0,0.9373720181939493,0.4926118336055829,4.660505326409492,8.095657644245158,-3.1155167779796322,NA,NA,NA,NA,NA,NA,NA,NA,NA,NA
1981-12-01,-0.7596054450481837,-1.137910329413483,-0.35109089756049094,0.46403795565023165,0,2.2424398022475422,-1.4601111378666376,-1.7660984494511034,1.5361285161487215,7.2176155260880686,-0.07286632088510103,0.023383558788364622,-4.485056616535221,-11.159106540846242,-3.4591444769619173,-0.3898640415657795,-3.243527575315408,2.5752496102414923,-11.29263932685065,-3.765429567249967,-0.2500001302085053,-12.698118155451876,-1.4496686170882178,5.005358821620398,-29.519185948637283,-0.4566217979581233,-0.4143243571334554,0,-1.3492680044474348,4.738517623195493,8.373242458902697,1.314664449084102,2.262911806036172,1.2219723752605383,-3.9167316520654416,-9.13480172666732,0,-2.7683428748416894,0,-20.929143850605847,4.433062914627683,0,0.23588482827907598,1.238544520014706,0.7254410080136608,7.475899515782558,-3.646479244667411,-0.7966427869722459,0.5976013365694754,-1.0690629868653545,-5.310982531394792,0,-1.7832106421707294,NA,-1.1517023801047355,0,0.23297649433713374,-1.9851768552730853,-2.459854813701945,6.347170548082648,-4.752514186284529,NA,NA,NA,NA,NA,NA,NA,NA,NA,NA
1982-01-01,-1.0218662845533633,-2.3433251366352437,-0.3523166702509517,3.1893363775953643,-3.3152207316900384,3.7980719559069565,1.4034984614057056,1.510747853019112,12.86955814965523,5.785295630677688,10.750018090333647,19.504896697279783,-1.6651633592442039,-4.983237374787564,3.8583466039156633,2.3167059281534286,0,2.5105921131076236,4.668407431576949,6.927156534355561,3.668686985976155,-10.521108349974817,-1.6845639859558226,2.0943173845243135,-8.043310393069092,0.8943697821043872,1.5887359762319253,-1.3202413481129494,-1.5267472130788384,6.189883636679805,0.3850871203724182,1.3854587773712623,2.023145690424677,1.092498672827702,-2.511233844927896,0.806767927813648,0,8.40831172105414,-19.337139298053962,0,-1.5671295263898877,14.582644821953972,-2.7375480904675342,-3.947582503308933,1.1320193443818738,2.3857525755635933,-3.2454771527445914,-6.536957832749302,-7.769431780360581,-5.598862976168295,-1.8349138668196652,-1.5877596952923234,-1.896599923584219,NA,12.080983100389586,0.35227692864956417,0.2896297749598986,-2.281467776617152,-3.0326467237300037,-4.534145672275169,-0.6659292089976176,NA,NA,NA,NA,NA,NA,NA,NA,NA,NA
1982-02-01,-8.25342983976567,-12.555366616028873,-11.191792875234086,3.0907537463076507,0,-4.913006318391766,6.868661011775079,8.678022992127898,-0.15703726318224143,3.6762347097955748,-0.6774721507861181,-1.7414188876604397,-1.8832948333091792,0,5.04961640145325,-3.1010236742559982,-0.22002209096019243,-2.93522120125278,4.473331012577564,-2.4218082804723373,-2.893938019676323,-5.904993774003486,-1.2793847455120577,-10.259050317245022,-4.278034060885427,0,1.5926208927373675,13.328210931274942,-3.2895929247834355,-2.170973100658735,0.76575382884434,2.5822112026587796,-5.320671358569928,-2.8731625336256172,-0.21376526358728443,-3.2555031089516158,0,1.6000341346440905,14.458122881110747,0,-2.326320263485737,0,-0.7853933035224081,-4.771083324975667,-0.8746946886303064,1.551293272590648,0.5361289800477564,-2.6403738875940164,-2.7318557977816127,3.646957632170489,34.17492937220565,0,-3.2484260488852,NA,-6.977948842336756,0,1.6111767009264533,-5.535009508316513,3.5216771378998146,-8.228619002743276,-3.3978353641849424,-1.4265577158822484,NA,NA,NA,NA,NA,NA,NA,NA,NA
1982-03-01,-6.750374274875481,-7.62023683383255,-6.103586469990185,2.1506205220963692,0,-6.999955885175502,-5.587033016089138,-1.9377574605095704,0.058917876733005636,3.5911904234262613,-0.969250023091961,-0.8928932167030945,-9.151510883577352,-6.172011215787165,-4.058528011507789,0.09837679101325492,-0.44150182091167167,-3.750304026219098,-6.7732442209814,1.3935663873197335,-0.649670776134581,0.8090818679694856,-1.301894621581301,9.52627313452047,7.155030486638814,0,-0.6340078874270239,10.980090430415768,-1.9375087125557577,-3.6680329830531266,-14.93080553514703,1.1964078420133362,-2.372737868834296,-1.2812784491718965,0.6979026711532665,-0.2732864374526661,0,-11.778303565638382,0,0,-5.528357369221482,0,-5.63783309349839,-0.8939515038808743,-22.53172287742533,-1.1169762835159247,-4.118156010813134,-12.475338719833129,-12.422002546412791,-13.581010013385475,0,0,-2.051137088682875,NA,-3.8873174160253043,0,1.1351517590435733,-3.3060862260888335,-8.063370661446978,2.372914394602166,-1.5090245723590634,-6.5305098407767215,NA,NA,NA,NA,NA,NA,NA,NA,NA
1982-04-01,4.536413356021285,12.254980728294518,7.670196681551911,2.1053409197832273,0,-11.13737628812781,-3.0655191353173405,-5.111207993040489,0.0523423199597417,3.165008908391788,-0.8850586245509162,-0.8234093206401449,4.481401578979227,5.292240145434235,0.39370129593390146,4.141179105755288,6.426193421836857,1.599683504122762,-0.9919310465721587,3.0960089292330295,2.2948932985545234,-4.694438439274329,0.6560113358013098,12.243806003923485,6.5905496388700024,0.9197389249606225,-0.40556254894097976,5.0315490457097045,-1.4639901110849007,4.341058518459917,-16.650526735066972,1.7230082896579013,-1.5263401596572024,-0.8242236862161079,1.520990466829264,1.0999714013778348,0,-3.267078228954823,-5.942342047080018,0,-3.2589039768406103,0,0.7453614534832731,-6.370077690518539,-1.1676595375959664,-4.695222073431182,-6.16302558266808,5.893998680100676,6.198307376051293,1.0453008928014151,-12.008832236806999,0,-1.6369974083049854,NA,-4.091610773852594,0,1.122410560560727,0,4.64943764171446,-2.1351930108435724,-2.0083368454677064,-6.004963377951045,NA,NA,NA,NA,NA,NA,NA,NA,NA
1982-05-01,4.571812767961703,6.034045071716898,7.694902862867048,2.061928720273587,0,-1.2659494481822908,-2.895080110094206,-2.735870876793345,1.1963731772966613,0.8698884089869497,0.8850586245509162,1.745720501083614,-1.8090945649039014,-5.137081076292382,0.3921573653181909,1.4981553615617038,5.450390249992232,1.7241806434506124,8.18595169377403,0.29677386431892216,1.84157713839328,-4.479513379283162,-1.310386068235303,-8.381064266129224,7.235421918965635,0.4608590083727937,1.355073351173386,3.2190050718404084,3.4563083618721624,8.9755883887357,-16.003258216782392,1.5830462557649305,2.5332919697631517,1.3679776636748464,6.862494689465459,1.1660632179276487,-5.232581900173994,2.18986853076375,0,-4.879016416943216,-2.325568120673527,0,0.3935205445608325,0,0.9292486208952511,-3.434275213171034,1.0316966970932206,-4.851757785885535,-8.500920214775753,-8.943857927217902,-1.4947961435872514,0,3.682901771521596,NA,-0.40080213975389745,0,1.1099522103759973,1.3908430046132736,-14.706408000294413,-0.8729960692302363,-4.390949261556809,-0.32626456348161526,NA,NA,NA,NA,NA,NA,NA,NA,NA
1982-06-01,-0.8408080577349875,-1.6624110021127958,-2.1212824151213283,0,0,-10.426228886053678,2.1879999641893244,-1.8306945054680446,-3.3317797406276273,-7.211070411423334,-1.627116939350548,-2.859004808470095,0.8080852053939047,-7.3988718680323196,-3.3834073015781563,-5.737711258330247,-6.913321251588123,-5.2643733485422395,-5.863375619767552,-2.7119142414565367,-5.530064579844574,-2.8626449425986245,-7.27728676589825,-9.17329291025749,9.347811822318752,-1.3805979333334162,1.1389644764357887,0,-5.519418786991325,7.195220830662352,-17.122266372590577,-0.6281658117101685,-8.411643398123125,-4.542287434988257,-1.2633503348311925,-6.220038056338244,-8.40106245503911,-4.052119740563942,0,-18.23215567939549,-5.762388861750534,0,-16.139907192204905,-9.8674105344843,-13.865152652219237,-0.48660960567339373,-8.089840114302138,-5.776320759815157,-11.648712002344208,-18.37410034481808,0.6006024060211779,0,-8.915438802479247,NA,-4.538820874571925,0,0,-3.9441732051296974,-2.0161338124514927,-11.933470936721502,-4.0718093018785595,1.459879942115272,NA,NA,NA,NA,NA,NA,NA,NA,NA
1982-07-01,0.45673920798567913,-2.6355777965614724,-2.9528197506152765,0.8130126083250144,0,0.49592733593503135,-5.196575967734396,-3.312011656424918,1.4396374289914249,9.910000853511775,-1.1472309731667019,-1.0179765496508952,-6.655262050927302,-4.9625237286853086,-15.990268350554171,-1.9881370553829214,-2.3430251808385982,-4.609110720026699,-20.480706182729413,0,-7.284818865592246,-3.320617589640751,-2.627451658472957,-20.014266098868582,5.517328802998378,-6.699989867645084,1.0140931976049288,-9.114320775717255,7.042014813868125,5.188750677653631,13.36969418344034,-1.482533464182012,0.1423589107957035,0.07687381183103525,3.6795909702045937,-1.5179876733870445,-17.448715746134404,0.37523496185505323,0,3.2789822822991255,4.1570517093566295,0,10.290365388926048,5.90983613662841,2.049742351282724,-2.301373118033645,4.934747998582356,7.34024631428305,4.151385677174169,15.014587695376136,0.5970166986503322,0,-3.967848381817607,NA,-2.0857940649019913,0,0.44055412110672876,-3.807194794940827,1.4375099445703476,8.274526193492271,3.571808260207998,7.145896398214457,NA,NA,NA,NA,NA,NA,NA,NA,NA
1982-08-01,-1.530644457976793,-2.5546161516790455,-1.5898585682101007,2.40011520995429,0,-0.6574730400278062,-0.4289952444203493,3.6239131702516914,3.6158257778107994,15.216728310291023,-0.18144035320855068,-0.5327965556606251,-12.101405623782924,0.3502630551201591,-6.121862242790055,-6.213178110700568,-7.145896398214457,-4.338029563022516,1.1882672492363078,-11.678310078620413,-2.3449350314810324,1.8579666049205024,0.48645901873136665,-7.782938870091893,19.812233314245464,0.6892257860014017,-3.740621685006615,3.411183450686339,-0.649704505228188,1.3453117697118766,-14.703047270386872,-1.6401797040222377,-0.3420024708676195,-0.18468133426825517,-4.3233377410450196,1.5535685312610958,-6.565397022143715,1.4870162479451388,2.0202707317519497,0,0.11478062511267595,0,0.7329586125796261,-5.488218034105241,7.481275629149664,-2.3051002162498335,-1.5807317494084039,7.1873928334729165,3.0235895404454816,9.516105898382765,-1.4992784586141283,0,-1.0170593204376743,NA,-4.702898982245419,0,1.3101354377280217,-4.580953603129423,-2.9605854791409314,2.150620522096336,-3.571808260207998,-0.4507896439189363,NA,NA,NA,NA,NA,NA,NA,NA,NA
1982-09-01,3.187722500521417,4.173486622753986,5.760342394463613,1.178795575204239,0,8.595992872511188,2.4735886278145047,6.934278208539935,3.661265213485926,14.328077939073852,-0.6805509107818186,-0.4649473872562371,-0.2430134853292465,-7.626198483363034,-4.124295853404902,-7.542376181724197,-1.3986241974739855,-3.509131981127034,-7.605696124564965,-1.3782458766321781,-3.2730010036993384,-5.680782328973422,0.23580282099224803,13.917286613022316,-10.833831112335169,7.841859770115766,0.5512853074112478,10.345321010155839,-1.1472401162236912,-7.249885117382549,-13.641185548987655,1.2029728820738939,0.3420024708676195,0.18468133426825517,-3.244986773804209,1.1671220016599508,0,-0.3696861881326008,0,-0.6472514505617255,0.06255212881187688,0,-1.7373612811129924,-1.4640985859906586,3.8603344182220667,-13.900613592451094,4.642471854614705,18.285678953003703,11.843793535851521,21.148862543811365,0.9022617599637961,0,-2.1332359578463134,NA,-3.7881104612123684,0,0.6486867312245792,-0.3129893008927631,-2.7432631189615364,3.7499067637639882,-2.631730831737311,-0.3016593539425738,NA,NA,NA,NA,NA,NA,NA,NA,NA
1982-10-01,0.9417688295033866,2.1661496781179235,1.0534402454406067,1.5504186535965192,0,-3.109995716537189,2.9938134395332883,7.066284715721027,-3.95392352136269,-12.127893051490556,-0.48216964346891045,-0.8454503801578139,-1.224005489450164,-12.014431184206309,-6.80534632450156,-1.392133851860855,-2.3754086008107578,-2.0619287202735315,-8.8469103195286,-9.508221213510026,0.8819665415771283,-6.958828680671569,-4.1681048386670305,-16.697569530317512,-9.395745724431382,2.25076776970885,-1.1934357919055838,-2.2941569242406867,-1.1605546120307952,-2.1297997678934144,0.15372793188865863,-2.730111505266297,-2.8351763739184577,-1.5309952419174877,-3.553898976350051,-0.2581858023821326,0,-0.7434978487518507,1.9802627296179764,2.5642430613337375,-0.8372628711549979,0,2.389724109714475,-3.5354723964873713,-2.087801775767595,-9.580910943659049,0.23987218324625914,-3.528162463852169,0.1226315077336615,6.66976190656694,-2.118082207944738,0,-1.1243014402280593,NA,-3.951569597404536,0,0.8584213993525047,2.170627858186336,-6.5086616519886675,-9.518889899519145,12.633892204301844,-0.4542021434501109,NA,NA,NA,NA,NA,NA,NA,NA,NA
1982-11-01,-2.8015862096382627,-3.488728157262999,-5.066322032898274,0.7662872745569205,0,-5.861791300440222,-1.6448542815289402,4.11808410182376,-0.5302340975548325,0.038351559760690934,-0.9224989297170749,-0.5444921930771618,2.433210065953073,0.8474626990972567,1.952642235035551,7.644169549994206,-3.1748698314580714,10.379679368164396,0,11.46165756213744,11.821404570105276,1.3521713666507118,5.603613884063918,12.230179616970993,-9.447409819121933,0,-1.7129775024855465,1.5352709089585304,-1.5686596167699518,1.6978336534417715,9.586860505965733,-1.2457295954464875,2.9702298827353424,1.6039241366788026,-1.8320426344147323,-2.8970256314744205,0,-1.8832948333091792,0,-8.58612906063927,1.4295647014671786,0,-1.1842606045639137,-7.296421401113662,-3.541157924428795,-13.156000084347141,-5.654006933975353,-1.7347276260449185,3.342217173099371,4.204372460177197,-1.8519047767237673,0,-0.9801245862023578,NA,-11.109952658105716,0,0.42646309354266165,7.957067556658881,15.354291562105526,1.9180979404040954,1.9779586086976053,0.151630051796392,NA,NA,NA,NA,NA,NA,NA,NA,NA
1982-12-01,-4.3022948664831695,-6.256805457808268,-5.336754091044904,0,0,5.73927979966527,-2.396299376945854,4.4782518965313045,-3.5532927499217157,-5.038494815182126,0.729000417330472,-7.334153238077812,3.0771658666753687,-1.7021687569431343,3.794493156412315,0.4319661144516651,-0.9975145056818846,1.8605187831034264,6.395400580227495,2.533968001106235,1.190382890331687,3.241607608892494,3.029861158974967,2.9906003699193606,-29.588724669096646,0,-2.0768240803964444,3.00158959402661,4.14767772799639,0.19221534029592036,-2.9747235904729052,2.8233472816611815,4.64263770828639,2.5070243624736754,1.0277313645192576,-3.7968322446826184,16.430305129127643,0.37950709685512507,-6.0624621816435464,0,2.273989207388638,0,2.0158378865850146,-3.163708494318307,0.09176302427444938,4.069034942824246,-6.022857349336341,6.8936630098899165,6.385892279739647,7.651190792350215,-1.2539349252735477,-20.065071524256737,5.075990247304851,NA,-3.092807064290537,0,0,12.249335995656718,-2.8676905338971714,10.738013550183556,-0.6936443996657715,-1.3730192811901798,NA,NA,NA,NA,NA,NA,NA,NA,NA
1983-01-01,-2.6187387252996963,-2.8755962621988207,-0.16625488360539897,1.5151805020602205,-9.418721505970096,8.621424661661148,-3.6934653820868357,-2.6139874366695848,15.635742312585188,10.665672352327976,6.094896769497016,29.72322285356293,1.3889112160667239,-1.0787591128996965,-1.069528911674844,1.2848142477849045,-0.5025136202672975,-0.46189458562944097,0,2.1842912009995885,2.7323862641375207,-2.5264674931299247,3.171350405202311,-1.4101291240605773,-0.6371093440375342,-8.241091029277126,0.7876441810437618,-1.6260520871780315,0.7555351644449537,1.9021020442284042,-4.710215759123537,0.6270982254020119,-1.3242514337614253,-0.7150957742314112,3.147594865026443,2.9952734230561857,14.107859825990543,4.08219945202557,3.681397312271617,3.390155167568132,8.639509097965536,-11.39442593492177,6.484817316328151,5.915295120497888,0.7451593118169342,5.988253483973693,4.475739697594161,7.951994407713503,20.55233964087053,15.483032830086962,-5.179150912840491,-5.651221026334241,1.2915636615907111,NA,-2.4740664266526213,-8.728267710838388,-3.129795544810765,9.553799618530778,2.5327583489805683,-0.8221119926338893,-2.585337882633354,-4.685656812849981,NA,NA,NA,NA,NA,NA,NA,NA,NA
1983-02-01,-5.154514013473799,-5.839857543033133,-3.5566805605723673,0,0,8.898218071808039,-2.3591163633378764,-2.22493338900952,3.3490879103688753,8.625033106948448,3.891839773243344,-1.0088190084160953,3.6121308413994413,-1.971586316441698,-1.3532006218575532,1.6878037787352085,-0.5050515786068743,-2.342027420809867,7.770026457070234,8.425659694525311,5.424166523059615,3.9145380386777617,-0.44954817219071685,11.791451945119514,-0.1901963052824085,4.159227571096191,1.9423888727781724,-1.8614808442232178,-1.8996500690655171,2.465814627257723,6.562120535847282,1.0211116632675932,-13.218745802978393,-7.138122733608654,3.357123502103687,14.048799524992154,0,-2.2059718064732614,0,0.6644542718668767,13.362428194696108,0,4.691320877295624,-4.474827000243042,7.5810271140412056,10.756508932922948,-2.564428829107346,2.015741135514748,2.542214172649615,12.45479740135118,8.590334363526875,0,-1.6499869843721982,NA,-6.3319637671303,0,0,-3.712723402889395,1.686049089127728,-4.0873078783758565,-2.4097551579060905,-6.038317347213429,NA,NA,NA,NA,NA,NA,NA,NA,NA
1983-03-01,-2.762798063689953,-3.141618228770371,-3.1526240071329426,-3.053672386008166,0,-3.9827924579279195,-1.4977777745342813,-0.4442543658828013,3.1608023107667194,12.649401696295737,-1.0114617983270846,-0.3535824749377081,6.689162624439238,-1.5607897665991466,2.847358621677465,1.2474174225175716,-0.2534855603188113,0.18939399600705897,-1.7767406945176312,6.49273391623213,2.6981300090678673,4.799794883633446,1.11408272668454,6.736124924019082,12.662807637841311,4.612667342401188,0.11830820664185948,-4.192443450542127,-0.49437068553531693,0.4585060760650572,-3.592340296673102,0.12114384330690342,-1.5968718773234691,-0.8623108137538971,5.952199281476661,11.54493123101632,0,7.516954337868054,-3.681397312271617,0,5.64086023869077,0,-3.063319247362273,-2.495117186652518,2.9616453240437934,13.346339447522837,-0.44124207491726963,-15.708724004669694,-14.687204449856672,-27.26642729251738,9.030878010413446,0,-1.8543097676953835,NA,8.525571377597252,0,-1.771945248589324,-4.7939462289118495,-0.277788383895583,3.5135358124610327,-0.6116227017435527,-2.003520997806385,NA,NA,NA,NA,NA,NA,NA,NA,NA
1983-04-01,4.735427236492296,5.350712699296123,2.112755943370548,-1.957009619409733,0,0.4912965131474656,-0.22515988594360437,0,8.60713189205966,4.596404731954862,19.86620380988029,-0.31922016631349415,17.82693926955492,10.648348040245015,10.28414556581847,4.247352255872805,9.669362480247123,3.5319656380363718,16.1903626001898,6.374441248275797,6.0236615925234105,0,0.6601476293486286,16.40050419911807,21.290528636179896,2.012971195269264,-3.2750410849628264,-2.7963558628646634,-1.553860342777913,2.5740865783724476,7.874762598685048,0.6883040838784993,1.2826779184361037,0.6926460759538067,1.681957607380291,6.8407407962546625,0,-6.4078856684521845,-9.614386055290236,0,4.638033912546113,0,4.718836695089923,3.1748698314579826,2.695359136294506,-0.2922372723464406,2.77654292178271,3.092038299493538,3.098168603907858,8.746787018245827,0.5555569844602815,0,-4.265769248636531,NA,15.332430179493983,0,-1.1236249227029038,8.734201015514742,2.9921509383590283,-2.3370018635125334,2.5440499843838893,6.647747636984791,NA,NA,NA,NA,NA,NA,NA,NA,NA
1983-05-01,-1.1289349984353159,-0.505475777412423,-0.6993062074245326,0,0,9.79122193744032,2.930638909106764,1.5776418085253985,3.792105065716711,9.171519070939816,2.6759177386356803,0.06314042732141756,7.631173429655913,10.171752437932557,3.1748698314580714,-0.19821612039914172,0,-0.917437627604123,-5.074274185486605,0.3142774212032684,1.0320630987903812,-0.7514220297362151,-4.264804163675073,14.519892626329256,10.496605778574253,-0.25976085135244187,1.6359044010018975,0.3724399090982544,-0.5046268067624315,0.7550557746123232,31.962091495961342,-0.25837239852783966,3.668790037857672,1.9811466204450845,2.1423198151480527,-7.484743400846047,-9.952959534703298,-2.607224030977573,-7.12890837473017,0,6.377737791878779,0,5.279375032432743,-5.502679184500714,-1.9762172224467633,4.342063265192131,5.3183979034646,1.1781187831569895,8.086054550471378,10.63657882591258,-5.114751116694105,0,-1.5386891595715824,NA,-0.7158973327324514,0,0,-0.684153181671654,-0.9899255907971138,1.2335252892590631,-1.3245226750020933,-2.144941604012285,NA,NA,NA,NA,NA,NA,NA,NA,NA
1983-06-01,2.04524669022641,2.006757542622317,0.8733679968754515,2.343857297201757,0,10.421509828899167,-0.8937180456603633,-2.3890967287893305,3.1494660693619947,3.0424389041588062,6.797281235305697,-1.5259141859927716,10.953186776762536,7.891911204970992,-9.207467894617682,-3.6367644170875124,-2.095536517598795,-3.2789822822991255,4.594800686756173,0.8777206006588933,-4.624525261626644,-4.244919316158757,-5.418860469465159,-9.375959622192065,-15.034818332126065,-2.8176506820686065,2.3754086008107187,2.278672645734936,-3.082435820037499,-0.2658397666610024,15.1058618333483,0.9340095173347329,-1.5977100936014565,-0.8627634505450565,4.923805710416341,2.6070493766402802,-4.458390660802625,-3.846628082779535,16.743294430020406,-3.367321510658794,0.8359075737329746,0,-3.7213327929273454,-5.945640580882117,-1.2568579219360387,-2.9937282314634217,-2.3659975742176265,-5.918163246831742,-6.007156645013367,-9.556570554993371,-7.882867328866006,0,-3.090290193441536,NA,-3.0385141567480067,0,1.3468427732043597,-1.6147986407982096,-2.552567872723177,-3.811921305810806,0.7246408520767744,3.1842546375726144,NA,NA,NA,NA,NA,NA,NA,NA,NA
1983-07-01,1.654751583592784,1.96727155650116,0.8658062743114758,-2.7398974188114433,0,0.21737248799162945,0.791275307485706,-0.15855042958997645,-8.604749756953211,-19.711401219050863,-5.417444231109414,-2.281704325193723,19.804739909941826,6.8430599894965916,7.573825962648328,7.909258883721648,11.542732196392436,7.342746855481774,-2.509446562648332,4.035087711886565,-1.8138392808753956,-3.1031418973451963,-2.949158868494006,-0.2977078709684666,-13.866633436429886,-0.35734627484762527,3.375482729716267,-4.7628048989254435,2.292363990193691,-2.016649117960445,-2.004758972945919,1.1512534844308142,-0.41698902120392844,-0.22517407144952983,2.6769445872021014,4.780670863342221,-9.896426425996774,0.39138993211356166,-9.614386055290236,0,3.657719021207484,0,0.18205848517123258,-1.1831540532437401,-1.2129579534036594,-1.6331022680180496,2.935336241036346,-2.434689675383961,2.5479383111304266,2.4428708533548615,-0.6329135051647228,-21.302054368276124,-1.5106534551157402,NA,-3.2552783362984616,0,-1.5730907806335903,0.6952519314881833,2.2795351974822964,-7.26909325995706,0.12026459657601407,2.0784108883370234,NA,NA,NA,NA,NA,NA,NA,NA,NA
1983-08-01,0.6108215652875781,0.9693166242355389,-0.34542480677415277,2.3530497410194195,0,0.04775860288321887,0.9322354816034162,0.2151147164083822,4.804798245212405,10.86743388604946,5.3408782149196865,-1.58619936013219,15.212228156586605,42.26396129980748,27.406030423068195,25.38460752026852,31.09931513202273,21.067678254907918,16.515675340110647,8.295474495988842,8.566498837317837,5.44050351816141,3.435617887225373,-8.068891125014266,3.5938980879321125,0.890982728779155,1.7156938918709148,-2.9391133371925893,-2.873760976735684,2.0610048516661594,0.30114025768912533,0.9244782214566705,3.9970436504793483,2.1584035712565175,2.637126121650546,-0.14129285289494198,-9.129142020940684,-4.391923393483488,1.36676387286645,0,5.340919663641142,0,-3.858018606911351,-1.3228696594884681,-2.821202517496957,1.0086137964414377,8.929542062555296,3.245270201564132,0.5271469224010339,0.276441635624769,-1.9231361927887214,0,-3.2940918889932114,NA,-2.22368010747398,0,1.3498729301321344,4.294445182974194,6.998255376157569,-0.42804699423939496,13.262954377337799,1.132795958725108,NA,NA,NA,NA,NA,NA,NA,NA,NA
1983-09-01,-1.9213393276121593,-2.441130137656966,-1.0434850754813763,3.428907347863208,0,-7.142038113028859,2.1134378642852836,1.3145518211389873,1.9342600465535265,3.4470911299546714,2.316409099219574,-0.14954620610941882,-3.197796972380207,8.218378140688909,14.310084364067333,3.136145520405176,11.809020813614524,-0.86393625907073,13.157099207509315,-3.328094176549712,-0.5591538994520029,8.752441787913057,2.614866477321076,-10.246781829414097,22.242870390368452,-0.5985135951253051,3.5879516132173968,-1.0256500167189042,-0.11668612759202501,-1.5642777070453584,-11.312252099331555,-0.5343195871680528,2.9594893552565615,1.5981242518414263,-1.0495488916282936,-4.011896021745742,0,1.6194685919979968,0,0,0.6278577178954414,0,-4.943984461356976,1.6694046597382162,-0.5527489221329063,1.1840275981155557,3.5104108489028008,-1.0628119365844846,-1.0269281519669882,-0.8859784501725088,3.4979718896026135,0,9.089578031539158,NA,0.87692710934133,0,1.9912469334548266,10.651029688386071,-2.306963654347438,1.779200795321323,31.365755885504143,-2.2145759936805565,NA,NA,NA,NA,NA,NA,NA,NA,NA
1983-10-01,-1.5190737769262608,-1.6611677456359608,0,-3.428907347863208,0,-2.229804595737339,6.171906114650971,6.65317337260799,3.163852943717682,0.905276618934725,5.950301408638747,1.3397935088208524,-10.373128220073369,0.18993358036523134,3.9518820175909575,-6.2063979092527255,-6.426555812236501,-3.5323760830408446,0.9342667933196935,0.2703617733367025,-2.601043494154176,-3.1355794454490216,-2.379063656328828,-1.7823207835864774,4.8463206507536105,-0.5450048061316992,-5.1052608573401494,-2.326619187145429,1.6787659088328133,-1.17808340311496,3.2184510020768275,2.3095152220310666,9.823252998423992,5.304556619148748,-1.942105539704564,0.44056978100660005,0,15.242802651581222,3.1182927436687713,0,-2.981352886268951,0,-8.38302262439763,3.567906658599984,-0.03528567712578479,-4.93381088305469,2.498951347132028,-4.520262941559139,-8.52774034285968,-19.005955270429673,8.38814839807025,0,7.161965340615506,NA,1.4935921850019351,0,-1.9912469334548266,1.421824900227886,-0.2612165698671731,4.101252235621544,-1.9418085857101808,-2.789673645132673,NA,NA,NA,NA,NA,NA,NA,NA,NA
1983-11-01,-1.5310765530280879,-2.2016117215857722,-1.0544953473738072,0.7722046093910251,0,5.450118645200808,2.683956578710567,-0.7372371401128675,7.357818442566244,14.487690347387439,7.738298125099163,-1.1530166995868063,2.7524673390090015,-10.283366655591752,-1.5015297119996163,-1.45540676996454,-5.228973029569595,-0.7518832414027621,1.9428990066889362,-0.7656642073633257,0.166452334716638,-2.0605381930088207,-0.7222618397236147,-18.35373624148444,-12.20432420013936,-1.8605953709905254,4.13201716551704,-0.6514681021194235,-2.6761341060599797,-0.6401485052040856,-15.64822266983452,0.1764176743965784,0.05232862495123669,0.028257457471614345,1.1362013831771933,1.490801176158678,-3.7457562534900735,-3.1526253646773306,1.3072081567352178,3.367321510658794,-3.2113297583859612,0,-3.2648156901188052,-3.567906658599984,0.17004074887321252,-1.9224299844070813,0.011640765975595713,-3.0700205426914096,-2.093141226372719,-11.505329457442492,8.004270767353638,-8.24436692110746,5.3006332747132845,NA,-1.6632187902224538,0,0.44593854846075587,-6.271012830745626,-1.2949309371008688,-0.9807898369881052,-11.191791620398472,-1.3245214201665245,NA,NA,NA,NA,NA,NA,NA,NA,NA
1983-12-01,-1.218825554672387,-0.8598505029600467,-0.17683200977307578,0.383877630716567,0,13.623066253069693,1.4423252074536652,2.6167000185420397,1.0838301390731497,7.1741566054629775,-2.2736694979511807,-0.9440168554809114,9.180754925312318,-8.214797160899856,5.0158005713106135,-4.0950603613095105,-1.23458358222992,-3.4552381506659735,-13.902814427011911,-2.5767874193484808,-1.07164240462021,-5.1098071763417074,1.2052284487928944,-0.02920134346930947,-18.005811047013964,-4.144022613781528,5.573870992687463,-1.4815085785140347,-2.5075940768211735,-1.525335790435367,-7.578526204711644,-1.345176127886738,2.741311326002638,1.4803081160419396,0.259205756167491,1.735285045663451,-3.891541624967365,1.4134510934904476,0,0,2.1200363501488795,0,1.8614808442231734,-0.6445237978591756,-3.4002798018242686,1.55377387415232,-0.24474110462309184,1.724628481512358,1.4214789413478535,3.7113895629035554,0.7926065272420679,-8.985632912186103,-2.5342375576602016,NA,-3.1088420940925343,0,0.22222575500250308,0.6243516639685254,1.4503311237742622,-0.5609738231870054,-1.769957709940151,-2.5659754608211127,NA,NA,NA,NA,NA,NA,NA,NA,NA
1984-01-01,0.7950708794306927,2.0851847640301013,-1.857861447251663,2.272825107755616,-7.429792371664479,3.2364029936196137,-2.0308121071334506,0.11950084219107815,23.777251857630265,17.206555508348444,13.54106296669575,45.497700809533946,9.82142991342787,11.524302921077467,23.031204079282208,-1.9481135571822072,7.188722951331528,-7.711730334443079,8.133964825502371,-0.9537239191187652,-1.0755269996833405,-5.422879736798869,-0.4829666090692797,-0.20464851463406486,-23.54946531907336,-2.065267017444594,4.127410196512339,-1.083795518921482,-2.2005777965199647,0.18613313889489502,-10.262239542570196,-1.2419843955157717,2.1588779424423166,1.1657940889199025,-2.0149878078698724,0.6804851498383877,0,0,0.8620743043907808,8.8665637085656,-0.025821444853235676,-10.344663947554222,-2.830817137862507,-1.1505879808841435,-1.8616178191633637,0.28946683305264287,11.120106931072904,-4.597572187936194,-4.411543561626008,-10.257732027398392,0.7863736460214099,0,-2.5171078386666323,NA,-1.853293536794165,-5.716492260147565,-1.5823435371920436,-0.4158010148663571,-1.2285777513115548,-0.7438976720298918,-3.6367644170874236,2.031215339522152,NA,NA,NA,NA,NA,NA,NA,NA,NA
1984-02-01,0.5493885262760401,1.0767254164917972,-0.28891289479728854,1.4870162479451388,0,-4.744667346468667,1.5191910162525746,2.5037109341446318,-12.626867823576438,-7.15953290096738,-30.995590086506486,0.962772630092501,7.997074710789498,4.086268545228666,0,-4.013916759034419,-3.380189548944035,-6.989743961737904,0,-3.5282592733143936,-2.9869347095755394,-4.261630215441947,-1.4497782760533262,19.800132054044894,-8.697405729042252,3.3518319550243536,3.083142617117933,1.249495639684417,3.0434485300255165,1.70550342741419,-4.937627339789374,-1.7082190790715934,-1.2342355092297197,-0.6664871749839207,-0.1606842382792184,0.29022490799335554,0,0,1.2793351459909452,0,-3.7963836622386893,0,3.857188186580096,1.7456802404160143,1.4736807010354624,-0.6594870469859515,4.151500970665456,3.9828214465237544,3.9041806273835356,9.959871582469093,6.323218522351581,0,3.219875707984876,NA,1.1235771239947456,0,0.8980332787862366,-2.960046977629105,-4.890807036982725,1.5266109093231783,-11.778303565638382,0.8010716096236603,0,NA,NA,NA,NA,NA,NA,NA,NA
1984-03-01,1.1236730042539556,0.6671164367466176,0.505056252703584,-1.4870162479451388,0,1.3584574967950291,1.6372326800869752,1.269816341303076,3.020278330006454,0.7632128437779828,3.158890027852057,4.896467613164135,-3.06907033944972,5.87846948944275,-3.4887259000440096,6.922037689118543,7.346715188187236,3.5559302036487495,3.1089384750274895,7.099573060494624,4.024248555826571,2.6975419561922287,2.1733562839235,-0.6938449344920827,4.851289885674559,1.7797079902683643,-1.3962672673417054,3.2576170434612806,3.649610457313257,0.6832183260471303,-3.267583023238574,0.09309625494502427,6.769340812116731,3.6554440385415887,1.1245347019106289,-1.3616479169035829,0,-7.2759354282428745,17.807526591250333,0,-2.402558724716908,0,4.873021392811427,12.74872052971947,0.8776034110976383,2.991571743529775,4.13987512410392,2.127685298564863,1.8236201743348168,5.647822379935219,-1.4815085785140347,0,8.981058586797364,NA,4.469346003186281,0,-0.8980332787862366,-8.506243854384898,6.808703125825666,11.795037249105622,1.5504186535965303,2.1378864700797973,0,NA,NA,NA,NA,NA,NA,NA,NA
1984-04-01,0.13534518876054946,0.16608287431729707,0.6098607922334853,-1.1299555253933335,0,0.043388226693885645,1.267205288071671,-0.3555091140196698,7.4340936627693255,2.285373549857961,24.36480258039283,-4.66773497832389,2.3758266618853163,6.505634284587103,-0.47449673842256956,0.31796529173799826,6.973333801467518,-4.009445720187799,5.521477863137747,0.6370743336248985,-0.9987023163686715,0.5240856495975166,2.120765814782466,0.20769442585752973,-6.4269656674663,3.6373644032878127,-0.6322978264443877,0.4796172263493048,-1.808156581989262,0.0453823470461856,-6.571707165701546,-0.20378453043745637,6.880433008977249,3.715433824847647,0.6340462004131076,-4.562594209605453,0,-5.826890812397512,-10.064352577968716,-1.8349138668195764,-6.052588373200241,0,2.0700851275438303,4.718257184043395,0.3130648685285564,2.6992414836582768,-3.570585197081222,-3.3240557642529645,-1.7239842205087896,-4.242983698690939,-1.251580793183038,0,0.09440395099815646,NA,5.881566896541434,0,-0.6788573023374767,-6.267110696277545,3.742354442386109,0.6318578350207105,-2.597548640326064,-0.3259467800472038,0,NA,NA,NA,NA,NA,NA,NA,NA
1984-05-01,-0.38396020160380573,-0.7662857650128974,0.2500505052332791,1.1299555253933335,0,5.6277304374142245,0.024154589489411293,6.28780336454462,-6.591712896223245,-7.59917067336734,-9.225085589829686,-2.772099046107024,13.331397768725939,1.0300520257965573,12.292240257244202,7.04732566573858,16.88460214293732,-0.45558165358610125,0.7537453581356601,-1.3329903577356639,1.8360368881963574,-0.4173415477473519,-2.120765814782466,2.7882670313830182,-0.5016906266593013,-3.0469227892940154,-3.525687911891319,-4.2351606097712935,-3.656385725891731,-0.13620887463433595,-6.549495321571541,2.254465653845905,1.408935495572372,0.7608251676089139,0.5134864735797606,-9.3606451206679,0,-7.472354619593702,14.571181118139354,0,-6.108539350309616,0,-7.567516589227452,-6.120866196308317,1.1011866203176623,-2.0591292073886436,-0.27924621716337583,-1.0464399560852655,-0.9647532107085688,-3.0702721255812637,-14.620583352125038,0,-3.9182970103763815,NA,0.043372449536538404,0,0.6788573023374767,-5.103148001244584,-2.5785376894281065,-4.259873728415986,-4.301738508369102,-0.589387423432175,0,NA,NA,NA,NA,NA,NA,NA,NA
1984-06-01,-1.4014922313325684,-2.368973223612869,-0.4290347592649457,1.1173300598125269,0,-7.6513813937260755,-1.9818326006530773,-2.0112339885374864,-3.92918040430138,-14.028662406950698,1.0707687002416533,-0.9541561478245475,8.529758051189518,-1.3757740641823446,-19.43813665545875,-9.294611250944484,-7.967807685819217,-8.080403241529588,-3.6153120947913564,0.621098812662968,-2.7668534133138856,0.4173415477473519,-2.665771439132225,7.385488503425397,27.805486670954394,-2.6227128257793386,0.27760270193391556,-1.9320214557782212,0.12202564052292697,0.22691182869860604,-1.9528692217079868,2.6590690900894387,-5.163298430245433,-2.7881811523311484,-6.629801269252744,-10.555381059808031,0,3.390155167568132,4.959694113937196,0,-1.0998121856532705,0,-3.9037747275906476,6.659169773609097,0.6290375267461457,-0.7971162545537425,-6.158008661654968,0.07945967839617651,-1.6402546032452392,-2.2041851342643692,-9.472725935645787,8.201315166083534,0.35916451322108855,NA,-1.3338381333694804,0,0.6742798866284261,-2.6526754333429103,-5.709728129846603,-5.164788717369095,1.4184634991956102,-1.3556161838442549,15.648508415552254,NA,NA,NA,NA,NA,NA,NA,NA
1984-07-01,-3.729028270948831,-4.518369332130323,-2.3564607416443284,-0.7434978487518062,0,-11.524601516747612,-2.1885845143422067,-4.0229752868357505,-0.24799672177677756,-2.751783837249344,3.3873651864710475,-2.38728433963753,-11.699718099904377,-9.1507893854585909,-30.010459245033783,-13.1677823975199,-19.136708383543333,-8.25210236880034,-20.985771460255975,-3.025510502456541,-14.148958726110639,5.578575921556617,-1.9806629705629852,-22.445736480541502,25.211849761402426,-4.353845202949625,1.9219361087828581,-2.8389003262685897,-1.2887567140609013,-0.7736102290584856,-19.53893136723068,2.864149923370274,-10.356663402297706,-5.5925982372403205,-5.806085607553801,1.1532066749608174,7.047325665738624,9.909090264423082,4.725288485054513,6.569525926539477,-9.211528890780585,0,-2.6472461223801425,1.9020923181995109,-1.7808597047551444,-2.823792019284177,-9.801164810966334,-8.273143069251443,-10.557894688562364,-16.265104154373546,4.6956983087770965,0,-3.729958723883975,NA,-4.5195558294440215,0,-0.4490143761724852,-8.701137698962924,-1.9705800998082168,-6.376502619118174,-9.422734266549249,-4.250172094860227,4.251103653629684,NA,NA,NA,NA,NA,NA,NA,NA
1984-08-01,0.6529366499271827,0.7140364550339395,-0.11011447897733007,0.3724399090982322,0,-0.040649489053679044,1.0956097822742095,1.9156176077829379,0.08149959701315712,5.597838682075695,-3.124764978105099,-0.6631417702186893,-16.53416332992723,-6.872183204905458,-3.1526253646774194,-3.390155167568132,-2.6164283201827843,-3.2789822822991255,-9.054722324724285,-2.729962666748431,-3.80614966250441,1.2739534528067864,3.6870535808327887,-7.652581959986371,21.705853891770467,0.9224458804904745,-4.241989182166293,-4.096743848822282,-0.4953570500660698,-0.7796416469036838,-11.753331658903488,2.359903251413442,-6.786259580543952,-3.6645801734941585,-4.492432584370865,1.7383990263064448,-0.8915363657952646,3.7041271680349652,1.5267472130788384,0,-2.3493641241388197,0,0.5021934625839997,-5.454005048642063,-1.1034472069514578,2.041387826118246,-2.3109400739977914,-0.002876001208118595,-1.0364607496250677,1.8880894642043788,4.192230638626349,0,-1.3910799195074652,NA,-0.5481149905658844,0,0.22475920527127435,-2.373998730307303,2.8106449400405076,2.090257689919639,-18.23215567939549,1.311265007062623,0,NA,NA,NA,NA,NA,NA,NA,NA
1984-09-01,0.6487010282151928,0.8854316554081532,0.6223709596963722,-2.6366875840742154,0,4.297363543439426,-2.4104385517766946,0.6400896747880358,-1.7067618761175907,11.445808917973565,-13.220196801011653,-1.0170713692855715,8.096906253366765,-5.536661977518609,8.359510927790481,-6.3262196777966295,2.185083294810841,-6.899287148695166,3.3961627972596276,-6.199041895773316,-2.3113146251980687,-6.3311760688452345,1.6713118663891358,10.952414593583848,10.03271963712985,-3.1451116734972917,0.7708157384141406,-4.938124791592502,-4.247865259225292,-0.09212345193208016,1.5607897665991022,1.5651202769302763,-3.2794341381841896,-1.7708944346205513,-3.1731260627669733,1.9039857364337818,0,0,0,0,-11.530986824847655,0,-3.3373170507264405,-15.172885372723854,-1.7308463400713237,-0.6460860264999368,4.592584017212165,-2.1806359052054525,-3.9256030746743775,-4.634954577693495,-1.4771317320312782,0,-4.5981077330282005,NA,-4.469695018144815,0,-1.5840274093974038,-4.609110720026699,2.37926766966563,-3.0709962643042488,-10.53605156578259,0.44467034891253476,0,NA,NA,NA,NA,NA,NA,NA,NA
1984-10-01,-1.7791953249833181,-1.9584074143445651,-1.0640313447355165,0.3809528416667596,0,-2.3424376117578416,-3.8391869342880636,-4.5993411827970565,0.4209899466884104,-1.0229349165819412,3.080804675801452,-0.9435961379952063,0.4264398786457235,-10.763066419236544,0.6525308634921956,0,-2.185083294810841,1.1834457647003305,2.4664284379721124,-7.332377168841475,-3.338171393231004,-2.097605583413653,-1.4355090453968877,-20.443101505447036,-11.616368855767167,-3.7117278292961076,-2.9348944560111057,6.113014040500797,25.67687262866879,-0.6936443996657049,12.561853118033195,-0.7373687377895344,-4.960643783808205,-2.678747643256596,0.6427313393662426,-7.843622363204103,4.380262265839274,0,4.154900291287245,0,1.5490505824020673,0,-1.605270970549011,2.5566780972007486,-2.9050540959172366,0.9475736630205844,-3.4482158248106742,0.23487973217557467,-0.7249970315796439,0.5088159716372775,-1.1976191046715101,0,-1.53227344888478,NA,-3.3314570602391402,0,0.22783164211128693,0.31397200046674456,0.35453486756642505,-1.9624964012050938,3.8915416249673207,-2.278316920277179,0,NA,NA,NA,NA,NA,NA,NA,NA
1984-11-01,-0.7326904462988004,-0.39632083057372647,-0.07380242946970483,-0.763362485507113,0,-0.09750909379990791,2.409834062676275,0.7058656053601009,-5.263663714191424,0.11252270368296013,-15.100209441250234,-0.7663795847153154,-16.829276253308656,7.930633061522396,0.1624695727001857,2.020270731751861,2.759797520367613,-0.5899722127188589,0.9024313922265215,-3.202822386836335,5.1539958259944285,-8.978216407360051,-0.23580282099224803,-13.820909679768413,-32.33288734617192,-0.17116778618069262,0.6567736730556745,5.760754926182576,-27.04631039762476,-0.7452293455442627,-6.447348260221597,0.04091848413194654,0.1764836107749801,0.095301149820326,-1.358286767826583,-5.779305418574399,2.81708769666964,-7.5507552508145,-3.5506688456909075,0,11.380805005369599,0,5.509204015712932,6.688709602670784,2.0753943621006243,-0.04211146968096102,1.3421439990328743,0.29282597790878384,1.2714047769783576,2.6970694126458916,-3.3693845786473275,3.1010236742559982,2.6692242954872825,NA,2.3110675886302112,0,-0.45618354233218916,1.246122043781206,1.5730661454836259,-0.12276312982359983,9.461597637484953,-1.6901794910178847,-1.3923296438344668,NA,NA,NA,NA,NA,NA,NA,NA
1984-12-01,-3.0726454290360916,-2.6336606923284656,-1.225641791661758,-1.5444322427473622,0,-5.238848883563573,0.41968036805652975,-6.921195770778099,1.1478564648406797,-2.437059802466679,8.96766182658717,-2.9606047003966074,-7.635699400208651,0.7705046374405278,-3.9740328649513934,-3.666398437159124,-10.249928337679393,-2.395324102249319,-14.62046057909987,-2.9571582420339304,4.049954328820959,-3.4204506464440065,-1.9468235050964289,10.646770918424696,-13.127151356995693,5.463309981178844,-2.3044325258281817,2.843000840667953,-4.498912413853051,-1.3650482612293402,-20.484171297948972,-2.711614726726097,-4.147731658549514,-2.239775095619212,-0.9095819069736832,-2.020017246006084,0,-2.783479899344421,0,0,-5.038894109833336,0,-1.8003636830227876,-5.818718615116225,-2.2688567590741116,2.3045996173664207,0.5365070018489071,-6.792827546317959,-7.705115448416766,-12.108136866850195,-2.5237932589862844,3.0077455237278006,-3.4565097997695027,NA,-4.08152113871939,0,-0.9186580582634996,-2.825933731440333,-1.495236870673633,-1.8838337577561148,-3.390155167568132,-5.323893189042739,-1.0535404963896156,NA,NA,NA,NA,NA,NA,NA,NA
1985-01-01,-0.6735718771456956,-0.11125364579616104,1.9978458377822417,2.6873018251096448,-2.9691789807402946,3.6611272701982056,3.2081871439348486,-1.1389276470686216,-19.596115482947496,-5.7576153972771715,-10.837723688440082,-46.13164847428281,-7.21032939013444,-2.4418527348145425,-1.5319448533513302,0.8264509849893464,0,0.6042314455963371,7.855437951641608,4.3447767502655665,3.179932253940798,1.0742599360438199,-0.24771545489397084,22.912788201044098,-29.1112679749983,2.2190457385948936,1.8319907022014303,-9.14429762354132,-5.07150925790163,-1.8173623090738555,1.6466489853580235,-2.050807679998279,-8.083436214495432,-4.365055555825403,-1.2045283202391788,-3.2329430298560253,0,-5.384323202082353,1.4947961435872514,0,-1.8244309598661523,1.5557134097301084,2.8357993076992827,1.1721220187930648,-5.693864387499481,1.7989104547146084,0.8570819202716073,-5.384296568054747,-10.290478953786941,-8.427640785747581,1.2698583337127367,0,-2.098953321628727,-25.456646366728375,-2.4664350031194715,-0.1467523412009175,0.6097349486081871,-2.254523832105626,4.278060987160881,-2.4859927149956995,-2.0320002490957556,-4.012002236395684,0.35716874886744243,NA,NA,NA,NA,NA,NA,NA,NA
1985-02-01,3.5652208619110226,4.533868058906165,-0.1833181081661195,2.6169717733384723,0,2.4167267999504305,-0.9057209697307167,-2.428528815082831,-8.283600557914927,-8.478246807575108,-12.390907722001888,-2.370357379129545,-12.42289999622086,-1.9285906886583604,2.0374219195137933,-1.6597891409037224,5.256233009085509,-9.470795154161937,2.4626671036545034,0.6449203641967216,-1.8922456782584085,-2.8890843777063857,-1.2410789272349732,16.181705941063218,16.641166342689594,1.99391435906483,1.0468559356656137,0.8097210232619112,-3.1562252895936505,-1.165061721997529,2.4815169119723812,-2.4012790518868954,-3.334627120184752,-1.800698644901999,-3.491594135207843,-3.761446360909526,0,-3.4635496662756005,0,0.5763704716749807,2.0979790469194626,0,2.1401311785552934,-13.281821061402521,-1.157174324678678,2.072488661147709,2.2239611927838965,-1.2261530282975386,-1.8353188062711467,-0.5985875462326318,-1.5898586067797815,0,-3.768016595445456,0,-2.054566109898981,0,1.5924933071362446,-5.009394531891509,-4.909515070155734,-2.858696329298027,-2.524261718760812,6.417295725121175,0,NA,NA,NA,NA,NA,NA,NA,NA
1985-03-01,0.9017193650188382,-0.3552401604367983,-0.3676474729308765,-3.3774317118604014,0,-1.8686325216181965,2.6040063151133497,0.2514329296499418,-11.719565654438213,-20.658051423612623,-11.778507295000185,-0.873681722278602,10.892558182232204,7.819061030589847,8.994823666293872,0.833338155914376,0.4507896439189807,1.9672765598705233,-4.972113666302835,0.3417097128381563,4.167813614497273,-0.4889009488798557,-1.504404740467713,2.5312156462758972,26.310548311974035,-2.8436273844594684,-0.3651542920202533,-4.302723191621105,2.4310589500616153,2.1256839025415197,3.373813963185013,-1.5047754686536408,0.2914454317371806,0.15738053313985034,-2.1428676158294193,0.7987587313426692,0,0.439561147303813,-47.297539963489314,-14.177546239960481,-0.26441775150711777,0,0.10077743438587916,-4.499509320088091,2.3885666569611885,3.1359451545471373,3.795753041636729,4.7021394437073205,-3.259681991992469,-1.1412770680893525,14.03192006787961,0,-0.4036463813846147,0,0.9535092842323567,0,-2.0521885918439065,-4.196419909903248,0.2700975414150264,0.14717452985149038,2.2305757514297753,3.4145275781201523,0,NA,NA,NA,NA,NA,NA,NA,NA
1985-04-01,-0.17969456767015224,-0.7142887512380014,-1.8587895768090945,0.7604599385219291,0,0.335458214615314,-4.430816763656065,-0.21811872083189465,5.612219951235787,-7.357919633035675,18.62277723396626,2.5626986227756,-9.187598849621104,7.743174013281617,0.30674870678621957,0.8264509849893464,3.823995327427987,-1.9672765598705233,4.972113666302835,-0.11655012974349788,0.8908555925830619,1.4595900286399122,-1.0179790827362645,6.54954688917212,17.410088545551716,-5.391661532796954,-0.3927220651609581,-4.5941092860379396,10.295588011286716,0.23872057171064887,-11.276012658800116,-0.539430527069662,3.5979336803902306,1.9428841874092662,-1.625830853379262,5.941823416575781,0,1.739174271186883,2.3530497410193973,0,0.9992815711163949,0,7.743258657507024,10.148939617028319,5.178199803062711,5.193107856478996,1.1230006800291292,4.154900291287245,8.085656451504786,7.248360195544801,0,0,7.179408500557827,0,8.443547320520706,0,0.45969528470766186,-3.267078228954823,-1.2427843692456086,2.7312622130723163,8.320512277804948,1.9248188304916702,0,NA,NA,NA,NA,NA,NA,NA,NA
1985-05-01,-4.224687008473804,-4.5837538215466545,-3.824557899507486,-4.255961441879608,0,-5.060024075387526,0.8587854270913242,-1.2475722746144613,-2.7723886498971284,-13.834135807668074,3.035320696381094,-0.6605937213952806,-14.98254135686361,0.5865119452398204,-6.811817210907378,-5.0643732818755005,-6.098543726325012,-4.746653723892358,0,-2.804474700269033,-2.6967349207216884,0,-5.251393994162257,-5.7132913161447085,0.3912097959126615,-1.903646841062212,-2.7122109172611877,0,0.5239042762522184,0.5706149576854669,-19.24522752687765,-1.5338151513524245,-0.5132461597774807,-0.2771529262796335,-1.6317861900820019,-1.5752390779546377,0,0,17.062551703076423,14.177546239960481,-0.09947999916031236,0,1.89954267100374,-3.553142837848533,0.871983329299475,2.06612960197603,-5.518336942199742,-3.360614939893569,-3.725885843057508,-2.7657622081834976,-15.322260551470368,0,-0.6334532084358635,0,-1.104325627702274,0,-2.5548826125252333,1.8282044837448552,-12.614584979099686,-1.1164983863608313,3.8491812199470843,-4.248426498576485,0,NA,NA,NA,NA,NA,NA,NA,NA
1985-06-01,-1.068856450622846,-0.7532992307544895,-0.782782862024689,1.957009619409733,0,-1.743624198381899,-0.5642438342884804,-0.7070090749359381,-3.46317665373308,-19.04581439758186,2.4897163628194274,0.219714026784823,-14.089551513965759,-5.201172208817972,-9.269066291677497,-1.7467693040390309,-3.432474254107465,-2.1053409197832273,-4.972113666302835,-0.5928616411368992,-9.020349107639802,0,-1.6344704358155937,-18.431256509845173,0.20649313291168925,0.10512233383966896,2.133414247499124,0,2.579124259793719,0.8498634721462506,-1.4575156802967726,-0.8868172558037735,-2.1221177988109297,-1.1459436113561594,-3.468309761324889,4.480527313073335,0,-3.509131981127034,-12.516314295400655,0,-6.83338673346352,0,-6.630845625154258,3.5017949548204363,3.9189064507501925,-0.908811991195968,-8.68360315845198,0.15810279973189623,-1.6957716883738705,-1.4736043096809759,-1.6366977464206123,0,1.395569036543165,0,1.4482825422866386,0,1.1694081775416532,-7.52234212375873,0.4068353862049179,-1.8127384592556695,-1.0471299867295336,-1.6408754666392245,0,NA,NA,NA,NA,NA,NA,NA,NA
1985-07-01,0.06319115531603359,0.5655057483345161,0.9775248904642542,-2.750664578983364,0,5.527398532844985,-4.92410186422072,-12.288623374027875,5.447313282403254,7.601134985862457,8.629235802506429,-1.0343417879674077,-10.05412292218777,-10.148939617028319,-13.250417116799262,-1.7778246021284083,-10.359840066442683,2.1053409197832273,-8.080022024402389,-0.9785745983660554,-6.159256400550639,-5.98117438142145,-4.195354691933062,-17.160390094101587,2.9138142734724037,-2.05058689249602,-0.8745252502503215,-0.8853968317255045,7.478974387751425,-0.18823534969810707,14.407915775750801,-1.1067239667634787,2.3707916670111295,1.280227500184239,-3.0111062099251296,-3.747452201963411,0,2.2075951699200402,-2.7028672387919173,0,-2.015921091881623,0,2.9035407431272198,3.457757718502119,2.9435415006227927,-8.703429523533757,-5.233604734960551,0.2209248176461287,0.41363178721978144,-2.913943769326144,-0.330578813449911,0,5.075084794083384,0,6.17380478610392,0,-1.6410275498827787,-0.7843177461025697,-4.466955471309042,5.5830748781436235,-13.353139262452274,-1.2951152347077777,0,NA,NA,NA,NA,NA,NA,NA,NA
1985-08-01,2.372146185491353,2.046583059229068,2.307794728254464,-1.606460250380659,0,2.7214384718847295,-1.185724558307033,0.1407279705162079,-4.181400087662235,1.843504513016292,-7.3101485954366385,-4.0537107174790314,-13.133600206108653,1.8018505502678472,-18.68492451214392,-5.53136379840522,-9.21461764616689,4.082199452025481,-21.507798561784462,-8.51539405865438,-10.51248769917974,0,-4.37910166813138,27.488604276956828,12.439022896443142,0.7188684542034252,0.5044481691422492,0.8853968317255045,0.23598831010910315,-3.060975467546667,31.278799358285745,-0.5412470406523262,-2.0998805632910233,-1.1339355041760868,-6.809012868077538,-3.0047132629179156,0,6.753620699048746,-11.607217125275415,0,0.7582881378557005,0,-3.758905980755678,2.5714653071099214,-0.8550223328848361,-3.6611410396634625,-4.22194667914475,4.077155188613002,13.507347027550853,2.4921459635168564,2.9365894804364245,0,4.062953613878673,0,-1.049572317201386,0,-0.94996440152606,1.9493794681000765,-5.193256769418042,2.2756866988057567,-7.816477284933665,2.754995176823094,0,NA,NA,NA,NA,NA,NA,NA,NA
1985-09-01,-0.12345680582881435,0,-0.5719748672786906,-2.045061047129082,0,3.2348184094747157,0,-2.262686227123445,-5.656119225978457,-2.1539928276880396,-10.284041321942771,-1.6441319038821622,-6.570879628576165,-10.09061653084462,-11.531084651099466,-1.9139340210697853,-9.937247381320358,6.453852113757108,-3.6260296202331954,-3.4905201842396316,-8.80216481649665,0,1.779506677981768,-15.450627753147362,-0.011795466622688267,0.6175837442668142,0.6598941723857332,0.39100734078427735,-1.4243564247402363,-5.387836640467825,15.38554768730851,-1.4083138417935182,-2.214049494347936,-1.1955867269495712,-6.428377651767364,-3.288666275985647,0,2.8170876966695957,-10.821358464023234,-6.530509840776677,-3.4128237312733845,0,-3.8618162713687454,-3.243527575315408,-2.578989982221991,-7.12076795438179,-6.4039847146685425,-2.1568713754220425,1.0824889610447919,-1.5763066021135863,-0.9693129205659012,0,-1.5685509342188375,0,-8.152621403584915,0,-1.2002883325539226,2.2901764286684667,-0.5560552444118905,-1.2858873348325695,-5.001042057466076,0.1809955245239081,0,NA,NA,NA,NA,NA,NA,NA,NA
1985-10-01,3.0415969984443514,2.72496424473756,2.0814374895271825,-2.0877585021555234,0,0.7133182419814754,5.139693532785361,6.754172245464806,-4.611011701365158,-7.6005312951341635,-8.983824007677798,3.5681551356341714,0.7001195458983034,-0.24721891453891587,-1.117330059812538,-0.9708814126960341,-4.580953603129423,6.0624621816435464,3.6260296202331954,-3.3221669563371137,7.036414355647391,0,1.7405502696458797,-26.156237306697427,-11.89436648869856,2.718835179817569,-1.8319907022014303,1.0674531246919639,4.213613364970358,-4.34737218343233,-2.148695019780922,-1.188005369190659,5.466301028763354,2.9518025555329785,-8.974748368879908,2.293369094189118,0,5.030073847479866,-8.338160893905133,0,-1.4931756252568817,0,1.330396562636249,-1.7637141486106955,0.5332525997827631,-7.511162986273945,-8.723554345394735,0.770182488578719,3.8800347676405167,1.9900096670715683,-1.9672765598705233,0,7.073055604150991,0,3.5047459785767066,0,-1.2148704581336656,7.975238977339938,8.47979990353549,7.204288549081994,6.132824550732252,4.248426498576485,-1.6391452544338936,NA,NA,NA,NA,NA,NA,NA,NA
1985-11-01,2.777135638595274,4.039179447060048,0.7462721201589417,-0.42283361095211136,0,-2.819021811062894,10.227302078245625,12.514396952071461,0.210788618816099,-4.684370861883172,2.0981177780505122,1.329540394597245,-8.997559681834666,11.998083873886323,1.6713480973741035,2.4097551579060017,1.5504186535965303,4.0351295523566755,0,7.445570753060693,8.857081666818889,0,3.9522326788503648,-1.1928570865273658,-23.310218601053478,0.10292880107746205,2.878846637867044,1.7225306281879238,1.1962546527377826,1.117924871272169,8.912076454290752,-1.4857666889477983,6.885646258742373,3.718248979722194,-1.7047996246751427,-1.8168859927140568,0,1.8692133012153,8.338160893905133,0,-2.092845400068377,0,-1.1037799957535732,0.20314887636612156,-22.41205357399849,-4.956295945549627,-5.597686997374307,-1.3439609100715622,3.3262422518914647,-1.218414864440387,-1.3333530869465093,0,2.167562402076584,0,1.7939361893698047,0,-0.24475527834910693,7.061756721395263,8.410843719180594,5.159652020346517,3.4758633365174596,3.4074846884502463,0,NA,NA,NA,NA,NA,NA,NA,NA
1985-12-01,-7.626198483363034,-11.670788234348217,-2.2557347424074337,-3.4486176071169328,0,3.312808292015712,23.538364875144758,19.096613799666805,3.3012097184558495,3.391376627627257,5.483417183501738,0.3894838138758072,0.507615303186082,-9.673820223626706,7.450252729792073,1.418463499195699,3.243527575315408,0.5633817718256218,9.794176027038093,1.5602689579499618,3.9952051011714396,0,3.2707131361809694,3.5367143837291115,-11.764326348479525,4.041602014344847,2.163360187060395,3.0829158019901826,0.4519781705619397,5.158441135246261,-2.940152984128508,3.4149037435869722,6.463400932098118,3.490236503333044,0.4900584682699424,-0.2039291033700541,0,1.4706147389695445,0,0,8.932351674800909,0,1.5505309909952025,-1.0968098730067766,-8.304624439377228,1.3564787454598104,13.710241478611174,0.12433946270888896,0.7210781817361678,-4.176615069451217,-1.6920877488336927,0,2.514717103690156,0,0.773213193449962,0,-1.9799119269200638,-0.6514681021193347,3.67636375906244,0.5451204374335106,6.025919151819625,-8.746831097062069,0,NA,NA,NA,NA,NA,NA,NA,NA
1986-01-01,-7.101648094661339,-0.38759738446931813,-3.4819765159228133,0,0,-2.1963002421480526,18.872250301429673,10.818997594446355,-5.514131864282779,-3.719802094084007,-16.414300930483073,6.273046186312054,-3.871451218069044,-16.529680798910107,-13.133600206108742,3.6870535808327,-2.804930380989923,4.396312342111663,0,-0.07419085938007441,-1.2632172421971788,14.335893786044629,-3.542493463520291,14.391950926150932,0.2355713692458794,-2.000384213142248,-2.7377742990992577,3.1691198961432576,1.0653310735608157,3.215711163453139,-9.471359735172191,3.6379121992155206,3.7597092288266687,2.0302429835668434,7.137791632770075,1.1366834158658135,0,-2.9631797606371357,-5.884050002293417,0,7.419869717038274,-1.135945573358299,1.950795168747721,-5.672099160740007,-14.16839110621293,-1.3564787454598104,-6.215797248742394,7.646617108695697,7.694564648884672,2.767141487507563,-0.6849341845574841,0,2.6370199292959917,NA,-2.364450214894931,-24.342430436656958,-1.5883691987411463,-4.683129968409894,-0.86771630547684,1.366442193442463,2.597548640326064,-17.75796183077962,-1.9321444156132461,NA,NA,NA,NA,NA,NA,NA,NA
1986-02-01,-43.8761473786724,-38.338067719787006,-54.01219932544215,-0.8810629682154958,0,-4.15628263126806,-4.154449569326024,-4.902875750954427,-0.7924853997842318,3.5914793963870095,-5.466035351675225,1.1494682559026859,-17.811986994025464,-18.94797834941251,-18.936383941936707,-2.2884293833587144,-14.833248159627122,-0.5390848634877266,0,-4.361294066591448,-3.2559333099100307,-3.9721337129839718,-1.9619698761009552,16.081535157299108,1.0827445590204876,-1.0177150307001503,0.5744141120388624,5.884050002293328,0.2784741426432591,0.8725212890870027,14.621999776032402,1.3032521248389273,2.5266078941006853,1.3643682628119436,5.068912031450756,6.321734467775933,0,1.121507082013995,-6.899287148695077,-1.8576385572935727,-0.39300168303935124,0,-0.9065859953975242,-0.29903515555300686,0.16295186421295682,-1.1542377012970562,-5.63731906044751,-2.5031538443331947,3.3201211193595093,-2.6544269336906234,-1.7331456351640462,0,4.585574354926525,NA,0.15441551482830995,0,-0.5092086368347015,0,0.48626044387400924,6.4649376307983175,-1.2903404835907573,-39.67694011406104,0,32.37934040765191,-1.0256500167189486,NA,NA,NA,NA,NA,NA
1986-03-01,-22.970956308530965,-23.676871727852735,-25.66374507698206,-4.525659158812068,0,-5.657011412781532,4.880246949096323,4.1349276327647955,-2.5236882193195975,0.44319762667656415,-6.909847210434538,-0.26979923803371886,-8.187877376310926,-6.960882469398388,-15.238545430268946,0.46189458562944097,-6.555426525740682,4.750233398500381,2.0071292638310645,-2.2640257470958325,-0.7487511911921096,-7.201644822231312,3.6114299747778134,25.75349760811617,4.80775901653796,1.4200932599304994,0.3897627384531366,4.196419909903204,2.5804341443062095,0.04825090564060108,21.615562980973646,0.544634072594885,-4.525908231328302,-2.4439904449173433,-4.049961347346853,-1.977231324258208,0,3.2909734088797826,0,0,4.658157929897833,0,2.7785411957697903,-0.027229407928608396,-8.002167182634956,3.31440309894937,2.7545487504439414,1.9895775979191122,9.530050960642455,-4.115061408631893,3.4367643504207734,-9.309042306601212,-11.904873789989256,NA,11.629808748980485,0,-2.5856789485690257,9.468732086173404,2.4825256890535385,-0.3757873671658807,1.0050335853501124,-19.671029424605415,-6.692583989316381,-12.65493878922701,3.0459207484708983,NA,NA,NA,NA,NA,NA
1986-04-01,-6.111881505604577,-10.255658832509207,-10.58458347646587,-2.81708769666964,0,-5.7043928833869,-5.826928674699605,-7.0261888917616755,2.068947263680976,-8.308679284368985,11.69871913894972,-0.8208616045547124,-9.667630023536855,6.6154589825896615,-0.41237171838615083,-1.8605187831034264,-5.572472183810007,-3.674954220874138,-9.06476532308118,0.445082580356182,4.390393464875331,-5.764758643217682,-1.3776797713375366,14.447350915909174,7.4638121505617105,-5.989476136983951,-2.0170952380947185,3.484121212471303,2.1978906718775226,-0.9207721947276037,18.09072063433117,-1.4800854738561853,-4.056696090280365,-2.1906158887504468,-7.641011416159517,-4.075758020737258,0,0.7168489478612372,-6.021885999305532,-6.453852113757108,-0.30611612577207126,0,-0.7292458611950714,0.6244081641920474,-25.171102846525706,-3.0389691165725097,5.321728538505788,-1.5332448318818415,1.1417981574701308,-8.044592392149873,0.6734032181344496,0,11.42781121456542,NA,9.538337631761994,0,-1.5841197554023356,3.670136685042813,0.1361275510229909,-0.26817482404517534,3.6469679781391484,1.9570096194096998,0,-10.69119522207167,-3.0459207484708983,NA,NA,NA,NA,NA,NA
1986-05-01,14.207323833772856,12.751332029895934,11.020314013361432,-6.899287148695155,0,-4.30295356446051,-6.724856260282852,-9.950882127147032,9.855359764589949,-7.120297843040182,26.29171331301725,0.18650523592216306,-13.245785521599895,0,-1.666705248521172,0.9345862418236983,-1.152750517106682,-1.6172859245600968,0.6225544758156065,4.0802256834103545,7.078102628451166,-2.6721951332865146,-10.49920002681386,-39.916573878521476,2.5101610687972897,0.06296466921509314,2.094865818812969,7.782534542502351,1.734603281429714,1.6896371068062188,-8.281373631654532,-0.6417942343772687,6.207616029262386,3.3521126558027525,-6.561154955100667,2.93555390854186,0,-9.745533615071267,0,0,-0.012023669466643128,0,-1.1116910945611735,1.8767306851692034,-3.7978453825362024,1.0966849113561494,6.936659565256775,0.574074565882654,-1.1466333966946074,-2.2455333050512394,-0.6734032181344496,0,1.140231626503585,NA,9.692930934813148,0,-3.7968895384045798,-4.924071610316361,-15.84797426864304,4.857701865047304,21.26200534774041,18.03816919761281,-7.13887318649693,3.9628916503557043,1.0256500167189486,NA,NA,NA,NA,NA,NA
1986-06-01,-14.628377087407207,-18.091409702607475,-11.995931507897906,-5.77588341521923,0,0,-17.686770611149093,-12.942908340986016,-2.7488760944628208,-8.869319955255849,-1.605395445375557,-0.9362615898310889,8.629581345283643,-3.163708494318307,2.079076966907323,-0.9345862418236983,1.7241806434505236,-2.197890671877545,-14.37940845696497,-1.922676282057445,-21.14145873918165,0,-12.090715364286098,-11.617143176204191,6.683644106980335,-2.356508309103411,3.43851524381418,2.207280784096266,-1.0476785195414173,0.3345283884366945,-18.81338025615733,-1.3022219257126544,-6.046538237808452,-3.265130648415848,-10.145103768206129,2.050758656034088,0,-6.927412588340509,0,0,1.596734870529648,0,-0.39549749985994254,10.551986551076542,-1.767380719496181,1.084788086151356,12.83930904212296,0.08757846129761049,4.46115267928171,1.1621998740533934,-5.20047849903138,0,-0.20216878784458103,NA,0.5572564739152241,0,-3.087815859748222,0,-17.95401934741756,-0.6695457239871416,0,-13.491931789937084,0,-9.340231306683577,3.0153038170687374,NA,NA,NA,NA,NA,NA
1986-07-01,-20.88301632947949,-22.631312607548892,-26.187418849590838,-2.7398974188114433,0,5.928113958690573,-2.7290826082023933,0.5743924178695625,4.8221644327722855,2.0984392211819665,7.9172741948428715,1.9191075737430507,-10.361226346429664,-2.166149678117879,-9.489874182279578,-1.895791374461453,-4.367506350266126,2.197890671877545,-7.959974831262917,-22.075602319981602,-15.549253119980122,-0.027582402602188694,-3.892591631529907,-4.23327970436127,6.4738816574008595,-4.538282879902445,10.45088762004963,-3.5116471032991647,1.5155764358205093,0.04769854609872892,-13.506208326473557,-0.2067680745886591,-0.5354863336646254,-0.2891626201789066,-9.173527971321441,2.993181195713385,0,-6.989743961737815,-7.145896398214457,-3.390155167568132,-5.203029412005744,0,-4.994074728791542,-9.679311437252824,0.15420490008679621,-4.411597531892042,0.35995818671530344,1.6323585423076103,1.448452368372788,-2.0910389758759473,-3.623584845404526,0,2.8787771859327904,NA,-8.08655956679024,0,-1.4357040807702948,0.6289328907564062,0.4807220073853813,4.609581444178623,0,-15.60042484765809,0,2.24078136638326,5.77083176206461,NA,NA,NA,NA,NA,NA
1986-08-01,35.38981285477338,36.772478012531764,43.68156379922405,-1.6807118316381264,0,2.4423624015938894,0.9353820836116578,6.923058682755356,0.543749695321305,14.426446745531369,-5.048902918816811,0.49917967135141295,-8.18638700781733,2.3445618574680083,-11.495897277976397,-3.4066554563605855,-21.499233908350313,1.6172859245600968,-8.6488132406354,-13.823955608707905,-16.0413724543484,2.4524389863084473,0.3628700102944471,-3.0393743995387634,15.434512473794015,3.596923668369767,8.181068691831275,-1.9146387526375097,-1.5155764358205093,-0.04769854609872892,0.32626456348161526,-1.1780139632787012,-2.5400792092880486,-1.3716427730182446,-0.7417800170712419,4.411232565569631,0,-2.288429383358803,5.055227916283123,0,0.5478881879618314,0,-3.112739030934719,3.2127115384060545,0.32805448802069037,-2.6846554283826762,1.0966778633780372,7.816390946296181,20.81363356160013,3.0644430784259935,0,0,2.9371786229000385,NA,-11.479601225284874,0,-0.8714217614823383,2.170627858186336,0.16970306044292727,-0.19621490036199063,38.975210244360795,28.1167391430587,0,11.821857434152516,13.119221027135097,NA,NA,NA,NA,NA,NA
1986-09-01,2.759623230075725,3.9502442976246055,7.528306042054833,0.5633817718255996,0,6.270312649559551,13.781546145664581,19.237693448207892,-0.8020415911948242,-2.5881859890366887,-0.3004452992062423,-0.4203766352772753,12.878078986592456,-4.932506656250091,4.95150645273803,-3.5268138837458274,1.8282044837448552,1.0638398205055744,8.6488132406354,-9.586350669629518,3.039843480808546,-6.822408421095449,1.4288040123011214,27.844376984183928,0,4.591932482241711,-5.269428406550076,-3.479927536533989,-0.9523881511255383,-0.4303138363731862,-17.38881626655795,1.4761157075789733,-4.925047379237135,-2.6595255847857047,15.744075773566912,1.8907262782332401,0,2.739897418811399,-8.829260714567866,-8.638461419882049,6.5623848908512805,0,3.3133856259503602,3.7532551474066977,-0.13146324163404444,-2.2255599229353606,6.5342425860739795,10.349236703919384,11.218852029606818,8.2842706834791,-4.529075918016279,0,0.6919245733681301,NA,-2.4348862605443666,0,0.2913184866369267,3.9102726013742206,2.004510463355924,-1.9253551197504493,0,-2.314152856169427,0,6.570000660830999,-7.663322602091593,NA,NA,NA,NA,NA,NA
1986-10-01,-0.9512556867461885,-2.857337244405578,0.3809528416667707,-2.849195579430619,0,-6.2365394603257744,-11.69880959731524,-9.456729126441843,3.4829822280323497,5.8939319013902685,5.043620454558484,-0.19963073790851826,35.12435539415257,6.8743152419602715,27.308327303062896,1.020417017424169,14.479023706769478,-2.139118998131817,18.980288844624305,-0.5953761575999472,6.806162820996775,0.7464863834520941,1.0559760215002711,-12.286909546993153,-11.528961631025092,0.7333715425470344,-0.4830927269665366,-5.620790796351205,-3.0771658666753687,1.0012002584052104,14.0772553881082,1.7894039837488052,-1.7911881408702257,-0.9672415960717551,16.35507223552981,2.5044387639531154,0,4.4059989794030585,-3.9220713153280684,0,-3.7068811449498362,0,-2.26753464875582,6.512160258601618,2.6619487667927544,-2.155407962655609,1.7185877940542937,1.3741835758422916,-3.9187627411577886,0.17569238837935597,3.7883317902300817,0,1.9756995177244718,NA,-3.9610116354214187,0,-1.4651539827316817,4.0467949552846605,11.529245560848889,1.2445441197498575,20.334092401802994,-0.33500868852822663,0,-9.565779967054855,0,NA,NA,NA,NA,NA,NA
1986-11-01,3.5214906291066495,5.292240145434235,2.996478870193675,2.2858138076050194,0,-2.3674076963563717,-12.518868475955781,-4.58728800577235,4.517219170140773,25.3213497502493,-1.9917540986486792,-1.2456469254391256,12.912286233975667,-3.740418222688291,10.793073921337104,3.4916265106227584,0.9360442759564158,-1.6349138001529262,14.00319572276163,10.347541429266904,4.837599974023554,-0.45871640069057307,0.35270042758606124,-24.349328662449032,-15.10669992806103,0.416667269484583,-1.5304723709328507,4.225419318964674,-0.2744992116154421,0.47326165000989295,9.775591627260694,3.6691081804452352,7.886278118888779,4.25859018420196,3.0433529804233945,-4.608789619035616,0,-7.145896398214457,3.1498667059370433,-1.515180502060165,-2.62729008141509,0,-1.0381772634969977,8.551462925755438,9.452589048935955,-0.060388132822453144,-7.763831850709124,-6.323126046441274,-11.700269504004357,-1.5816469324281712,-5.737711258330247,0,-1.1473863764591918,NA,-0.6165372268708946,0,1.173835496094755,-7.34544485491524,2.8681340883023765,2.489165743881472,-28.256697178501078,2.3218290102007266,0,41.43688412878505,-7.342746855481774,NA,NA,NA,NA,NA,NA
1986-12-01,8.190416280462554,8.872811560868454,9.497466562570311,-0.566573753567734,0,-2.419755115745892,-13.993274868266914,-13.188704123745087,-0.07599197022051252,7.0591670113413665,-5.071093277046124,0.7662012163688336,4.288172748326513,-4.07463772946155,-3.356019649230113,-2.4815169119723812,-0.6230549750636527,-4.495138786226605,-17.629225342994825,-3.928146330724669,-5.215123291580781,-4.106148679777366,2.071832277114982,5.817899566012108,-4.529694199494838,3.0800294649012683,-1.6451075238983537,0.8550382445812854,0.8757581970548212,-0.33104783130312176,-3.970938215084985,1.9095341741341088,15.119564852668788,8.164565020439873,11.362311687219384,-0.4166920726559331,0,0.46189458562944097,0,0,0.1474425175177707,0,2.4557850781663504,9.080644795818138,5.365332596086958,-1.9547305692526606,-2.6945147643664846,-1.684293062916975,-7.312213145144586,-3.686081009583142,-4.0166041725334445,-5.001042057466121,1.2445209154223313,NA,1.6240897990846492,0,-0.2921696314132749,-5.644131090495197,-2.087151291963174,15.438111650578179,-30.165681693584734,6.351340572232589,-7.687957805922263,-3.4846731330167913,-4.879016416943127,NA,NA,NA,NA,NA,NA
1987-01-01,14.14700424146087,14.60315553887539,14.354817086799398,-1.1428695823622825,-34.30692918829538,-0.5582070721035448,-9.78638805557055,-9.419665472774852,-9.643483458054114,-0.4800850065627249,-6.156047793818331,-23.88963338576444,4.820210181787843,-1.715962028282636,17.77605454663913,0.5012541823544048,-1.5748356968138921,4.495138786226605,-0.2794799196347064,-2.5155815774287937,-0.7886706572270974,2.9500664396697296,1.7004383476343143,30.29787378272546,0.2606061249714742,0,-1.2345835822299311,-0.15491869868293762,4.75562427882047,1.8306073273387846,12.805574551210363,-1.0275823179218158,8.588360454114152,4.637714645222246,10.43710658722119,5.1502053316480705,0,4.5052663940943205,-0.7782140442055052,-3.8915416249674095,3.2907068327813427,-3.724247314117557,0.7756602135174262,-11.06470987909347,4.332224985675026,-1.304850336952157,-4.943557410545729,4.340129087480271,7.099249384643347,2.884868581215372,13.762137787604711,0,5.474238375689033,NA,4.924131520582719,-20.20266278732872,-15.02601777652175,2.2329476398088133,1.5013364825408715,11.643974439128879,-8.041069295827796,13.506867194340932,0,4.845238338594626,6.765864847381398,NA,NA,NA,NA,NA,NA
1987-02-01,-4.625647630030638,-6.164416311120657,-2.950066439669774,-0.5763704716750029,0,-0.3313202307027474,-2.186467695363803,-2.951599630863555,-5.317397419155517,-10.725221533661522,-4.177511490936192,-1.386557624145296,-5.315260697773461,-3.9220713153281572,-5.884050002293328,-1.0050335853501124,-2.5724891238436243,0.5479465764626212,-0.2802631995107774,-2.6409591572053692,-0.7653849551449099,7.825219689974894,2.658384393893787,9.129142020940717,-1.0105407121686394,4.2473704011842806,-0.6693619914039342,-4.357124829364034,1.3275108258125723,1.2020409726650971,12.77495105513049,-0.3086477846771629,-1.5233986558768287,-0.8226352741750098,0.26210526800065637,2.0302419060019434,0,10.843947124611741,6.0624621816435464,-2.4097551579060017,9.134435838713806,0,2.4823071952464915,-0.80043693994023,-0.362657194302507,5.29797190717467,-2.573303780983416,-1.764359193545495,0.3656311203110718,-0.41487795151569085,13.976194237515926,0,1.7902177181204237,NA,-0.6669232036836448,0,-0.3406169547481852,1.564977166712822,-1.5186255558895745,0.6505822173640929,-7.576558373135445,-4.677606479773111,0,10.265415406008405,11.466290832014003,NA,NA,NA,NA,NA,NA
1987-03-01,2.857337244405578,3.4094211342975633,1.1904902506318038,0,0,2.5755524895637594,-15.246947671509915,-11.789635535713462,2.3373559316083092,5.527798451246651,1.4109102092807357,0.4797882700785294,-15.829490457328443,-3.2523191705559285,-5.288946392037275,0.5037794029957077,-0.6535970979784977,-4.47001789179069,0.2802631995107774,7.932136641295351,8.656801630845923,6.378218680175607,2.910735276480736,-2.7880194572271644,-3.2886689195905205,2.167529749015973,-3.0091598158569286,-3.711766295650243,4.220301956593797,0,2.3702112306788425,0.23085451635402876,2.2852401277983603,1.2340296690111607,-4.285616233367618,-0.4897605515428574,0,3.495501503357623,3.610500464211608,0,6.3264764108676985,0,6.038628614018737,5.616844623486195,-0.8543659654106861,1.471498423935813,-1.1956664182631194,1.923444851875189,2.812206378412352,3.2329744601579113,2.454110891611716,0,-0.330279858291771,NA,5.924600589706131,0,0,3.0583423372079643,0.740744127786197,-10.183205218300717,-8.619059955010666,3.8678854565111553,0,8.19171224678863,8.770558041910537,NA,NA,NA,NA,NA,NA
1987-04-01,0.8415196925284363,1.1111225425071147,0.29542118974315024,-2.3392879574705483,0,2.941821203784112,3.584921008003006,3.2834686996712437,6.383749923466891,-3.7175176819003952,15.943111647383212,0.602167806213133,12.293768624504775,4.642609687455135,7.979691684029699,3.941396854087653,8.783071337303205,5.556985115480995,23.81435120497004,4.479175820273706,-2.372086267007667,0.5783997012779984,-1.933991585089334,-24.810751638964334,12.87150076365412,2.930178302877795,-1.8304942703280953,-1.2685159527315637,2.3695601860795446,0.45851658174953513,-12.320310312572257,0.7762952500058873,1.719041029324675,0.9282821558371346,4.835181400282601,3.260263510195871,-4.255961441879563,1.138532222512545,9.466522654107834,0,2.4356116680010587,0,1.2556267421296674,13.178448779759933,1.0246652252838828,3.2780415851313194,4.0581396962252825,6.952259510585979,9.48953422721388,26.043130833313867,-4.652001563489261,-16.705408466316605,1.2018387335418268,NA,-2.2274258928429824,0,-1.3741897390632474,2.674750836702877,-2.9876367463097075,-4.93685446760308,-2.9980832211935926,1.0781775603288413,-4.115807249350745,-1.1299555253933669,1.5151805020602538,NA,NA,NA,NA,NA,NA
1987-05-01,2.754995176823094,3.52818141446396,0.5882369903066564,-2.3953241022492966,0,-0.06283076981062896,8.671612423003495,4.34994298693665,-3.5593039191362474,-18.132865504239607,1.96001141130695,-0.20193970480527068,4.030772348809286,3.4887259000440096,0.5882369903067008,6.5443908252383665,5.264373348542151,8.294908298075132,8.09558663526424,8.887928947403445,7.508868002597957,-0.9574273186561122,5.065245995502199,26.027715435632015,22.988001369515842,0.27503455266990606,-0.1702956256343896,2.7697951916500596,2.244553895874246,0.6838308609183441,0.8119124438504155,-2.1735036537527286,-8.812840976593517,-4.758934127360881,14.572806700155827,2.2216015680844166,0,0,12.136085700426769,0,0.7558958969607232,0,2.4096909916487164,22.1414195068256,0.7079570291274706,12.927314730128536,9.603776051140223,4.870868649019755,3.5361540042401884,14.074053030072896,-3.8839833316264283,0,1.0336309434992863,NA,2.4119485492181347,0,-1.3933371405910666,4.023531219189902,2.3851215822179306,1.7224895649202487,0,3.9426919979457686,0,-0.5698021114636909,2.230575751429864,NA,NA,NA,NA,NA,NA
1987-06-01,1.7063727901580616,0.5319161477600254,1.1661939747843242,0,0,-3.603106559629443,-10.958011287666203,-7.425005914754879,-1.0294164287827368,3.9642872872659747,-3.167909652732137,-1.421245577432284,10.758027239613988,-2.312241742085419,0.29282597790878384,3.11829274366886,0,6.267110696277545,-12.182027778876936,-1.4027546367468169,-1.6482106943575658,-2.434457189773731,-9.039995316860239,-17.290920756437433,13.173893471547027,-3.6401552977765927,-1.175619711766085,-2.7697951916500596,-2.254370743351475,0.22692567994831991,-4.408427313201946,1.0850673152512869,0.5437683325778764,0.2936348995906002,3.4684885065512594,3.5182376082287385,0,5.148195583514337,0,0,4.212236714466133,0,3.32662267334225,-9.685471541555746,-2.051307909154687,0,4.624899676490024,-2.339030818554999,-6.420344743195461,-13.167904975907296,-1.6639319003964204,0,-1.7522156180183934,NA,-2.9615908188604823,0,0,10.169182239384522,-12.568127768062354,6.815181576050122,-2.9413885206293067,3.295608768329572,0,-0.5730674708985362,4.31721718652085,NA,NA,NA,NA,NA,NA
1987-07-01,4.696515252182554,4.91690238064697,2.857337244405578,0.6042314455962705,0,5.963351807058204,-5.102989867029528,-5.8441025641799875,3.8345252083321513,9.971327250220053,3.460378612950865,-1.3271018499219356,-1.789756945754295,-2.76697494192506,-13.102826240640386,-2.6668247082161756,-9.87348406856885,-4.78560211776351,-2.977798497365125,-5.514862637561002,-5.68043961199729,-1.0168253429252871,-3.7853498162625066,12.95364955338566,-10.346870964431243,0.6238323412691704,-1.5392558127574216,-6.777780450878357,3.2894548904356613,0.045313035040572824,-5.4262858559366745,-0.8139700085088464,3.8997729802979997,2.1058774093606125,4.845508871302561,4.007931619231975,0,4.896082719570227,0,12.94580672368868,11.580008385407314,0,7.5192533521394544,5.307146778340233,-3.158084398051919,6.9132636726662255,-5.691736285649895,0.20664148402538274,0.5870258238154236,2.5598565181211175,6.809761627943978,8.701137698962969,-0.9253309581864322,NA,-2.865929491921315,0,0.3501585596119572,2.5126950077421384,-1.529006359799201,8.735666697752187,-4.268940869505045,6.0477918962801525,0,-2.3256862164267034,4.138521616285384,NA,NA,NA,NA,NA,NA
1987-08-01,-4.1636543110607604,-4.3878006172054285,-2.567901441769127,-1.8237587549780943,0,-4.658747335579195,2.280477692649463,2.2167618854964766,-1.3012316535854884,9.264863710844834,-7.848446528736053,-0.2508909633188394,7.813082736577925,-6.62768380826213,2.631730831737311,-3.203935374461686,1.2500162764231604,-5.026183478088786,-8.212365259592502,-6.379679462611243,-7.191561896672205,6.689423483002965,2.079076966907323,-25.203652106837904,1.1913752747875428,-1.138728660888333,3.5876083366078353,-2.0239881347746014,-0.9153896372533388,-0.8646180061699038,-8.289683879139842,0.7561259977276968,17.966030443544412,9.701656439516082,3.958533021511268,0.8390293123061169,0,4.013916759034419,-2.8987536873252395,0,9.088498045862536,0,3.575649030963124,-0.6500892197036201,2.3332591544109604,11.011440878600531,-3.1461068344663445,2.3320898502231735,6.357710866129729,3.025258054260682,4.594989019185647,0,-0.4996837808056931,NA,-1.7113334053819096,0,-1.0541756159886173,2.4511031014350593,1.1268281728979979,16.636757181112305,-1.8868484304382704,-5.3024468308220385,0,8.99482366629396,12.675170563914406,NA,NA,NA,NA,NA,NA
1987-09-01,-2.8753103874791464,-3.2174357027856093,-1.7493157447517227,-4.389419355722518,0,-1.7164377088745186,7.825553757222092,4.928119711847301,-3.2255059246519666,-6.152788027258483,-3.1478533913624096,-0.20095084393511597,0.20855064910216825,0.4273510777381695,8.40307488514922,-0.4662013105811269,2.454110891611716,6.486063420204058,12.976863939800065,2.644417966999235,2.22247722962452,23.483959107740127,4.704278479321822,4.619759099885767,-2.1438191904514126,8.379970649718892,0.6016141355800947,-0.6526829696684722,3.036291069818886,0,3.57039113710953,-0.7750752611317857,24.2588608433433,13.099784855405172,-3.512686262961362,2.5609225733693006,-3.6904556935450916,-1.9868203216725,0,0,-3.6043433164149263,0,3.066968347976484,-1.9141538416302062,-2.311403278215529,0.49814473987250807,-6.07567658536281,-0.1671134264098484,-3.3205264126017653,-3.0554911781641714,0.2989538848365392,0,2.442785617684695,NA,1.9683784821739492,0,-2.5038398697450948,-3.198304585305145,7.896850433401514,5.353502605686344,2.3530497410193973,-3.5268138837458274,0,21.667103680859157,14.903557916048804,NA,NA,NA,NA,NA,NA
1987-10-01,1.5377960212361153,2.4227295335324417,0.29368596733094776,0.6389798098770993,0,-3.915629650638708,7.714343551888692,4.13296745612548,0.09744215143725476,2.0503078497779716,0.08016487965656349,-1.9703753885671609,0.4158010148663571,6.79973512454497,5.233752510823031,1.392133851860855,5.310982531394881,3.325722175648238,5.077232537342358,6.930997946487416,7.566633307373749,3.335230526024535,1.628498684788493,-27.16339579323559,-7.5304930844581675,0.26294835867732846,-1.4013275942922538,-1.2235446758838364,1.0013872346455344,-0.8721764859515257,13.333651783096045,-0.6299158581785314,2.0615276944495164,1.1132249550030338,-9.294223747917062,-0.8177282420819415,-3.8318864302136824,-2.7120306219194035,8.455738802806323,4.19641990990316,11.681288490137742,0,8.272651122266073,-7.2776857148523,5.430298111013165,6.520045277190434,1.7293762583528327,1.0737575214090356,-3.7913093883851445,0.013145959608262814,-2.72331504583585,0,0.5378333303595717,NA,-0.7970831882337714,0,0.36155263925716774,1.4888612493750841,3.006130816978736,-1.2921840914229321,27.008631056140153,1.7789541563498545,0,0.4319661144516651,7.410797215372167,NA,NA,NA,NA,NA,NA
1987-11-01,-4.498234234388354,-5.465841253786419,-2.6747508367027883,4.3620622475890265,0,0.989488335688038,5.776193580979583,1.2583711648746054,-1.6386263727805717,-3.414446373286367,-1.4297103928664456,-0.09191354473638835,-1.0427623162258648,-4.273284958596779,4.161488123563473,4.9448275413981335,-2.9156584291455623,11.048753690965984,-1.9664023040807166,3.538428194473031,5.283057370643629,-4.799385525319355,0.9610418192669279,41.76087715994438,-1.7985444004059103,1.7746344739971498,-3.4153282325217122,0.18921481520379757,6.649328794004794,0.27624960190715253,9.74163566344437,-0.5450005583353068,5.948486820156695,3.212182882882697,-0.4774133314372264,-0.4209726844615035,0,-1.0362787035546717,0,0,-15.491184158708737,0,24.919411232289423,6.563951110098465,2.3885264597950595,4.208957089817034,9.661999950789912,0.47592595085328426,-12.700152452175395,-11.780275349412594,1.219527309381796,7.145896398214502,5.345773273417187,NA,6.668364539449845,0,2.494915307430867,9.17211225645076,0.228893488437798,-0.5577306607864152,9.045711015525093,-5.169109323917942,0.6092935833381219,-0.4319661144516651,-10.53605156578259,NA,NA,NA,NA,NA,NA
1987-12-01,-6.497680183226162,-4.011999378942521,-6.8562671437296885,3.5932009226063375,0,-1.6932727532222303,0.3150962217468134,-1.7239172646047907,-2.9768588492403216,0.9372906844233808,-8.08951291756772,1.4915534998533349,10.347194096995782,9.700973644040634,16.034265007517945,5.129329438755015,15.07637163862423,0.833338155914376,-2.0058466146031684,1.7834867636034701,-1.4570562718519753,0.5295687574710328,7.976844642125247,-5.53956927747401,-4.612746185229044,-1.8024901816127592,-1.3943691499231776,3.7110009651231124,2.9172585412717833,0.045958732557505044,12.381540930982515,-3.022513527452997,-5.085999441980693,-2.7464396986677464,-0.997964276209018,4.122843156836884,0,-1.0471299867295336,0,10.398971352404818,8.160465929625538,0,12.812335679872966,2.597548640326064,-1.4233304901093646,25.495162128717652,2.1350633104191274,3.9153259028230636,-0.015991684358240832,0.7440455703668247,5.310982531394881,6.669137449867213,3.019396398504881,NA,7.127653978044046,0,2.0900479785794346,6.313303952883675,9.361398942437749,-7.230364913502285,12.006271748834774,-8.580641239028663,0.6056036677041465,-1.7467693040390309,-11.778303565638382,NA,NA,NA,NA,NA,NA
1988-01-01,-1.00705785631936,-1.4727806710243652,-0.6472514505617255,14.231622218025542,-9.299625667392764,3.932612055297835,0.8933238516070974,-0.9065443383159622,1.1157009552214936,9.478986739409173,-11.216548742840915,10.132890563454588,6.760564634488375,1.8692133012153,11.778303565638293,5.6695343676545384,9.69281161332285,-6.869653128623465,-2.3277062756145384,3.2650167770742478,4.420890086808349,13.142628328716732,3.1919284277775795,14.401108216882385,-12.180966311119946,-0.8553551490583566,0.20402965506774173,3.929076814647958,-1.3533952308435349,0.3211909584062589,15.282198370775134,-0.8523098746637814,-9.309507770354308,-5.0271341959923,-3.918446222434735,1.3070886699310988,0,8.08520966290951,0,1.227009259181422,9.338291100692864,-4.032804538697166,-7.440027376279179,1.1614882817965189,-0.31237422284196015,5.240674405343881,1.3984638731057153,-2.0066729295387553,-1.2370794096350224,-1.0016975275693119,8.269171584511348,0,-0.690935151300387,NA,3.1030949665433183,-0.2989538848365836,5.675518287391279,-0.21119332031442895,1.027692773247324,-5.384245379889663,-3.6119104341088004,-0.8708327891784773,0,15.47798085048191,20.875481386211003,NA,NA,NA,NA,NA,NA
1988-02-01,-3.816863520267999,-6.751029152672849,-2.2989518224698635,-6.31789016215315,0,-9.241582177796037,7.903101862570039,0.8448947701121146,0.6659989432411806,5.68786496133561,-1.593102690628756,-1.8425799308901591,-6.571707165701568,-7.097896945858118,-18.727206195381108,0,-6.4384568400757125,-4.082199452025481,0,2.3806540896914363,4.388428241065423,4.936175606839033,2.2604176069686233,8.036881795319106,-1.9101574389904785,4.8117093104433355,1.46689529651354,3.7805189341715284,-2.6285484865073983,1.2292285034733896,-13.709071272483332,-2.8223557401441113,-19.311225573855495,-10.428061809883005,-6.737844896490647,-1.1232481916436956,0,-0.6493529310549029,5.264373348542151,1.2121360532344916,6.550374236638756,0,-13.35743064749746,-1.6786783607065203,-1.7484258053311663,7.094885143872176,-0.23932999058402515,-7.516735929404295,-7.46951058447296,-6.164262045244984,2.8685147998858795,0,-2.8602896019021884,NA,-0.8371650470044512,0,-3.9869051434608505,0,-0.731846397467617,-15.830879049622038,3.707741778289897,-2.3599915340873245,-1.9048194970694432,4.789128770441486,3.325722175648238,NA,NA,NA,NA,NA,NA
1988-03-01,-6.966908023603624,-6.559728248581331,-11.612328423801932,-7.913732055872391,0,-6.545787054024443,-1.4510213692255691,-3.9763543923260314,-2.665301498305084,-4.552522660904263,-3.7856965029714917,0.82743369233928,-2.6770241064604683,-0.39840690148746916,-5.613718681998137,1.1741817876683491,-2.4938948347251966,4.9671609797237615,8.986319421253164,2.5138794348940507,0.7937019691864222,-4.08219945202557,-5.155740742946691,7.9535672550492436,7.19940477739992,-0.9069311260796686,0.7254565900181988,7.861478505796571,4.133382247981599,0.27113155224364194,1.070674039442432,-3.3298194701059103,1.3576810358923552,0.7331477593839786,-1.7151218651229538,2.5120341524244862,0,0.32520353863780826,7.410797215372167,0,16.691915561674975,0,1.241086406682701,-1.0733007050563792,1.2300533906113742,58.112237893035434,11.366686245393343,0.3477557474453441,7.935966072064904,1.0837706749398768,-2.8685147998858795,6.252035698133396,0.7474204941844143,NA,3.461274718718721,0,-4.861643004874949,2.9168734590657053,-5.793363499297577,5.329936408969171,1.3320843975661134,-3.3387016032737193,1.9048194970694432,-2.9199154692261864,-0.4683849312425714,NA,NA,NA,NA,NA,NA
1988-04-01,10.783771543871623,11.815961257666885,10.94565928798299,-6.689423483003015,0,-2.165456657013709,-0.09637914303937123,-2.849963928432764,0.1221197567970067,-1.6454577307195961,1.7380358334130208,-0.03983414306490962,-1.3658748931040243,2.756079957887181,5.613718681998137,4.934587410315494,3.2300944788321573,4.311012365372857,8.717200665827551,-0.7899902002740156,-3.6162268124428465,-2.0619287202735315,1.4620840506897714,-8.635458522085472,12.308526224128835,-3.9047781843636664,1.1646767757071546,5.533810388470428,2.44511779547677,0,0.2658868888944177,-3.887688507175824,6.379255418253749,3.4447979258566797,-0.892863074430128,6.240365392398842,0,0,-7.410797215372167,0,-0.7174156249773134,0,-3.143017451248653,0.10784994497354816,-0.30017397127899414,15.039354767080937,8.51765140895191,1.774031064330206,5.982083472693489,1.0829534578220779,2.8685147998858795,0,0.24790388197324376,NA,1.8397159820448317,0,-3.9929055898105137,6.556468849288333,3.9074275254891155,0.8059824789015124,1.1278315037706932,9.699226598731014,1.8692133012152556,-1.117330059812538,3.2335380642936506,NA,NA,NA,NA,NA,NA
1988-05-01,-1.5298615561859297,-1.2121360532344916,-0.6711434587987064,-4.502368137395518,0,3.4683490742463574,1.622673379951567,-2.2270298809856204,7.413550077201641,-9.65101114928345,24.97275618017558,-0.6470056257771639,4.607340761532175,4.925237818274475,4.606875208932948,5.4067221270275745,6.621803905278778,7.320340402329428,-4.010449580028919,-0.22366370317126183,-0.4045362550245457,-11.388439524072602,1.720539822566458,14.633012524138866,-4.222355142146029,-2.6891761444974627,5.067718938377256,-1.6357242024771512,-0.2642374659708513,-0.13546526687154836,4.109811146815612,0.8604209155369524,-0.9308546435433662,-0.5026615075148122,-0.2625036047313456,9.021057326944657,0,0,12.062798778861517,1.7910926566529817,17.50326468973542,0,6.833248931637126,2.868831484827883,0.3695441080042272,-5.634424663346316,9.580320520511965,-0.10635705950399199,4.064436289589324,0.923152008945527,-10.279312015258046,0,-0.9401763021850584,NA,-1.3638523370416822,0,-2.626544211423587,3.9590467271008123,1.2210558859984566,-0.940052322547924,2.2182055525974853,-2.5533302005165126,1.8349138668196652,-10.245172490959487,-4.176941287629532,NA,NA,NA,NA,NA,NA
1988-06-01,-5.601041214334224,-5.322069620490977,-7.333127308554932,0.6557400546159053,0,-4.995935909663074,3.696334741615104,-0.6240194393760334,-0.6762645839531678,-0.6063008876831366,0.1918228629958274,-2.195353689009638,14.147350398129799,16.33503767256821,16.15706126889158,21.397887666464577,21.901605176035233,21.763822871885452,20.25498065694258,29.75137883505683,34.19496886947533,5.488605447876971,15.045529484792297,6.400103120256717,-2.1048669490698835,-0.09075908213761474,6.9866806434425115,0.22463506263736832,-4.872862713960291,1.8357346888892234,17.190390643443788,-1.6872781186281216,-5.971120099217764,-3.224404853577223,4.767952349249683,11.697117735369716,0,2.247285585205816,0,0,18.010704295615376,0,3.7003094919267454,1.3672378236831761,3.73883442447962,-8.806599778455038,14.86602742208225,0.057624115069732085,5.458300888842782,7.012366117361912,-5.2643733485422395,8.701137698962969,-3.2271708087572293,NA,-4.999734261037703,0,0.37947079437441467,11.346070722283308,11.533312786722938,-6.2785249389819775,4.992123837536955,-4.4059989794030585,0,4.8592555236865564,6.867686579621957,NA,NA,NA,NA,NA,NA
1988-07-01,-5.703054477770664,-4.269942567382978,-5.588045839445677,1.9418085857101641,0,-0.896811527513719,-1.3298194922467088,-9.129070660900407,-1.2082548971620921,-7.799987060515967,3.5714863821321163,-3.1868416818121528,8.129474239324708,18.832131393348117,4.146694778350124,-0.5681833467431119,9.798040836020405,-7.872916486021264,-2.0994827045666575,4.248685879969116,1.9871064197383603,0.09203866273290728,-0.24043289482662544,-35.65309450904742,-10.527204524796108,0.8138815067573191,8.755719873780235,-6.648506663503184,-4.393337501496197,3.8725716326964865,28.29498631475662,1.4356993087027092,-5.255657089990695,-2.838054828595027,-8.101594376008853,-9.982071315396546,0,0,0,0,-32.61811992461175,0,-13.769088368173055,-8.981974480984078,1.5933109222997288,-6.619139356094728,-9.836178059381773,-3.082497473584933,-5.494748022679197,0.3656623337766618,6.115442315333031,0,0.5451461541587044,NA,-5.067480142896219,0,1.1298482494153106,0.49382816405829644,-0.4953881689368167,-11.236574803426347,-36.41562755910215,-7.157019250125174,0,2.729214228800725,2.6202372394023676,NA,NA,NA,NA,NA,NA
1988-08-01,0.4592430574440254,0.33500868852822663,0.763362485507102,3.774032798284704,0,-10.594053804637898,-6.84589942249707,-4.396133140437152,-5.150764397334889,-0.4433737198336507,-9.946343553326153,-1.340535571140844,-14.51820098444978,-9.974130917122448,-13.879529174406358,-2.597548640326064,-11.653381625595127,-3.472571137382996,-16.13767935796835,-4.540122032787419,-6.274941823138214,-0.05521303167776992,0.24043289482662544,-15.09959141174997,1.9300447662469078,2.761691925465104,1.9418085857101433,-5.673531250086761,-0.45078857311189324,-6.7530559051005135,-22.98770371861334,1.494671149446436,-7.154552124573055,-3.863458147269938,-9.395945117041624,-2.479086409162007,-2.5317807984289953,2.507968439702335,16.705408466316563,9.58479587901282,4.509024905136805,0,-0.5813087397345207,-2.8997035308385044,2.403460197020202,-2.809940836023017,5.640385953013727,-1.4616273373202482,-2.914623060968591,-4.7717768874480315,-0.28288562004776807,0,-1.058933891689584,NA,-1.7066754173036491,0,2.2221061993298097,-5.397600120179735,4.867362883338711,-0.7218858048911869,0.37476621002401345,0.32206147000422014,3.5718082602079093,NA,-6.6840018125850165,NA,NA,NA,NA,NA,NA
1988-09-01,-10.49787634103958,-11.69472646089873,-12.97363216559706,-5.715841383994869,0,-15.557915275638209,3.9019358019394046,9.469891585819912,-4.048342851731168,-1.904655313947448,-7.691183899117304,-0.28498572006331324,-1.574835696813981,-6.991694363032952,-5.012438718256895,-1.4727806710243208,-11.078510646873863,4.828524115946209,28.324146755571533,1.2018877323928479,0,0.6056731372106938,6.1820702735658095,40.014817939391044,27.868525869184257,0,1.344918430173976,-1.5345569674660275,-0.8369922676999098,-0.5953810227973366,-9.246522767209363,1.1523759635277742,1.5960495008405573,0.861866730456029,-1.7274597553034399,-8.349613834123168,-0.6430890330290318,0.3091192569672607,0,-3.2789822822991255,-12.358628772036617,0,10.139798847320947,1.3538261918523808,1.164887724376129,-17.760442760021355,1.5988217062834487,-4.219675654624222,-3.885897105343883,-5.119059395404091,-1.714327698643725,2.7398974188114433,0.6427710634555162,NA,-0.4068821676352474,0,-3.3519544487451203,0.8628181223338416,4.942001144413588,2.947501647544648,0.12461060802468893,-7.336622406680204,2.597548640326064,-3.522869188374411,1.8265347977292734,NA,NA,NA,NA,NA,NA
1988-10-01,-7.254333267970159,-6.604341231699173,-11.454154173221287,9.352605801082342,0,5.120048827357851,-2.9688454290508037,4.713082046959649,2.4161012013087846,6.7543029639911625,0.899243647328396,0.5926733469387491,-0.5305052229692464,-6.855273063477618,0.6984894521950835,-7.387973981220863,-6.258784474920187,-2.3851215822180194,-14.317917978109218,-0.01647989456605714,-1.0069656671545246,-0.09153318716883518,1.5987401574608207,-24.007432429181584,9.391564489119553,2.256223278428593,-4.3123770326030275,2.040887163120697,3.0507153952875954,-0.1378937378178402,1.154029673886603,2.933956611922106,11.221512737470807,6.059616878234131,1.554476538713423,-11.311984742170457,0,1.2270092591815107,0,1.652930195121094,-3.3060897463816907,0,18.80785088056749,7.180949798470593,-2.125417633576987,-2.7387047849392943,13.324006251255582,-1.6288275839822397,2.5350485913789633,-1.5309202332497218,0.5747142255567717,0,2.1119752677003056,NA,2.3259409081669236,0,5.5257545566754995,-1.2100406934087538,6.0816511043211285,5.038933740314011,0,-4.602582239528186,2.5317807984289953,2.3623145763436604,2.2372297754533754,NA,NA,NA,NA,NA,NA
1988-11-01,2.832286420006902,4.322873455082021,2.8710105882431503,4.652001563489295,0,12.156674811925999,1.1659778260999287,-1.535053945096554,-0.2605185790237552,3.6277260102013873,-3.4987320962922674,0.6978084285581054,1.0582109330536937,-7.182573457125496,-3.062665757899108,0,-4.091479763850714,-2.4434025337281895,-2.27132436789077,-5.871564984298683,-7.298331553286008,-0.44052934679159605,1.1291234344180445,-2.3824974828169476,-9.297794556139428,0,-3.2250920822747755,3.879974913948736,4.079520738753684,-0.18416631863963362,5.327720333760477,2.0792113945494073,4.628957959641511,2.4996372982050374,1.6778262413576468,-3.0836494793466196,0,0,0,0,3.0812989251806755,0,11.709069278554285,5.377799494866409,0.8197723919909805,14.35823774070819,2.540004685536079,3.238689253082505,9.093787032681444,0.21469644614917627,-0.8633147144702313,1.3423020332140823,4.059034185565924,NA,3.266969985044532,0,2.826791566494391,-3.3601746546768396,-0.3567478257678225,15.734772465040514,-0.3742986278834515,1.4388737452099232,0,-0.78125397367943,0.44150182091167167,NA,NA,NA,NA,NA,NA
1988-12-01,15.604857373560321,15.305117449384165,16.487464319023417,7.126302002149054,0,2.029639564368307,8.653663731956595,8.09761334135266,-0.884294892237858,-1.7665015166264064,-0.2542206101370237,-0.9064877323253173,-0.5277057100844473,-0.17746233583686433,-1.688821802852214,0,2.9716472328477295,1.40353181163837,-6.412010550230818,2.1184485112820894,6.892688884036335,-4.43848707015162,1.7780934134795423,20.018348473387782,-18.965526039280256,0,-0.5232874316658462,2.7945930390559592,1.0848613493670278,1.3275585182348948,3.413862259585998,3.044102550123551,-2.253384421201421,-1.216827587448055,4.693852353726058,4.115650382545559,0,0,-8.004270767353638,0,4.95104602814358,0,5.7117897840957,5.569493226225397,0.34130191904502283,23.75793998907536,2.2390178355543355,-0.2669146743258466,-2.0476375349980813,-2.7410889044550357,3.1297006721914045,1.324522675002049,-0.4393727263374281,NA,0.2134919286308934,0,4.4296453144245795,-4.037245529038724,3.9685110913563193,-0.3562344734184819,0,15.210777819745847,3.278982282299081,-5.232581900173905,-1.7778246021284083,NA,NA,NA,NA,NA,NA
1989-01-01,11.790943393733277,11.521281210083778,14.496577025018542,-5.99634647675572,-12.149755306079912,-4.650417548105295,3.076979649883649,0.8585672949732448,6.069041345434134,-3.957755064128954,-0.6575042198351477,23.596355018514924,-5.436120921888676,5.022700674431491,-7.055822531558853,1.5848192240023984,-4.845238338594715,0.34782643763247023,4.169885291826514,1.1230337529553935,1.6673160152701705,1.8293193047325573,4.09898260178263,-16.07848114712902,-4.145383624651167,-5.288473702955098,2.035799431548336,-0.4735604745834454,-0.0208054166021876,-0.5014854512301548,-15.071945232117901,3.0661781752872486,-2.3203817455637044,-1.2530061426052619,2.7241305764481973,4.159078609992103,0,0,0,0,-4.29027878555015,13.563822519129642,-3.0424646508469877,-7.866426919164926,0.9791900303108392,4.647971824011243,8.399610992716688,-3.6550614414855076,-6.818155554755467,-2.1371331966125506,1.3908430046132736,0,-3.2528517332120366,NA,-4.079760185408309,-1.8127384592556695,-7.581270066380252,-10.452856885443396,2.1675032839547193,-7.622004630396617,3.1983045853050562,9.920665008344765,0,2.4491020008295727,3.524593906167439,NA,NA,NA,NA,NA,NA
1989-02-01,-0.812187205714654,-2.080312762976355,1.032711415584986,-4.011999378942532,0,3.216461055656128,-8.415786814751126,-5.2891751910227764,2.1500935462002326,6.203062101106088,1.8374050522628638,-0.676025044208417,0.18604656529195296,6.221318450157298,4.592643812592367,-3.5203635192980087,-2.6348829696750897,-6.453852113757108,3.172735537407778,-0.66208543359582706,0.04541532391062475,1.6665491973644642,-1.0643321203210654,14.288229170249666,-12.776144385404587,2.148262347724972,-0.37082860789190986,0.3159560290368457,-1.2532933147716085,0.8646180061699038,8.857730277156461,5.2215427075815946,-1.7150649308125487,0.8776881038737194,-0.2590115844744112,0.6870426311320468,0,0,0,10.37198262003658,-9.37244010496432,0,-9.161877570388377,-8.34523915046912,6.0751634975167335,4.408031933788337,10.833187533976485,-4.169797521802643,0.9462988631840474,-1.8570026126935035,-1.3908430046132736,0,2.581141741615145,NA,0.017421602831524385,0,-2.5491118969743543,-3.59827178795058,-4.941622937022316,-3.1607610849435197,0,-1.1173300598124936,0,3.1748698314579826,1.7167803622365696,NA,NA,NA,NA,NA,NA
1989-03-01,9.799399984087875,11.611330743408832,8.843730051656262,-13.771725055720069,0,-5.045179903269243,0.3623426804897356,-1.8142922832885766,1.9088214614627952,7.214069799928718,1.2018140898729435,-1.7673606803993935,1.2927234501459495,16.900578081818196,-0.5000010416705614,1.9355442952956103,5.890984574606328,2.5595547188963508,9.257568310862041,0.8142538626539242,-0.06358723019364021,3.377774333084105,3.5700738556927014,35.117986549348714,11.25059627779309,-2.0046931945290725,1.7797339959368137,0.6289328907564062,-2.2376182178975634,0.22629219256469213,9.044780648821105,5.506214110406749,-4.418274088049756,-0.5226385962471269,4.741357860461437,-3.207574977646066,0,-3.727139479723185,0,-0.9901070982711424,-5.138370795736247,0,5.2588259131242765,-5.353111446496239,10.672488922548595,-7.664430964697111,1.4997713061640106,0.6789625650736042,1.138361966252699,1.2580481527386889,-1.1267724846342198,0,-0.2779032736841991,NA,-1.6997576368571132,0,-8.46267175921298,-5.995135713066535,2.6081641858658244,-2.0075236852832745,-0.7290433262679308,8.864861276641589,0,1.1650617219975068,-0.8547060578458776,NA,NA,NA,NA,NA,NA
1989-04-01,6.268838184959469,5.462996748658977,5.785479269817406,2.6491615446976313,0,-8.747609700418968,2.4057568372002125,-3.4216436620982393,5.4270604631401875,1.9852563919941835,12.706227665936055,-0.9871901515774995,0.7312646846286519,0.9339627596133049,-2.025385690449788,-5.2471051737453145,0.684153181671654,-4.806840304102256,1.5916090186022913,-2.255349311688626,-1.704586727298807,5.075454964972881,-2.0865983548262967,2.942009636712828,7.224592428953203,0.2538176332968267,1.7685348401540124,-0.39261927152809406,-0.8672624459013956,0.8104515890886899,5.245221377594644,4.155736050078218,-1.4396466950571174,-2.2092439836573163,11.07120244158314,0.9685748235247968,0,-0.9539023046759354,-5.568890586058828,-2.0101179321087237,2.478540767542725,0,-4.5833422776718535,3.1573657537588673,15.173269775301534,-11.70918698419392,-16.911389407047928,-1.484760346663272,-0.06693316230172996,-2.8355003001486967,-5.233752510823031,0,0,NA,5.770459171560871,0,1.592895670296901,-8.846864798760823,-4.383449607136569,-0.7560373319252633,0.3651860418771413,7.42915763036911,0,5.630004468853311,2.542509836581086,NA,NA,NA,NA,NA,NA
1989-05-01,-6.3613023616443165,-7.352391684655135,-7.684270494286549,8.154986696410777,0,-6.695855272416754,-2.3186024231229174,0.11430560596512596,4.7563873089640385,3.638873774123935,11.437535903275563,-4.297589410101111,7.032774214205606,5.04961640145325,3.764559961636671,0,4.44517625708345,-3.0771658666753687,-1.2183619414933844,1.6282817540101746,3.0583980179058834,5.720581506764866,1.0487414445528032,-9.038406146826905,1.3407551618209168,-0.6522163530827574,3.4844002515660666,-8.451110780128168,-4.152579850568983,0.6704003919003165,-1.5032225938827137,0.6268031594636625,-2.5426027236600035,5.242448318565174,4.7503602116107935,-7.53328320604162,0,-4.910970403474835,0,0,6.093477564941008,0,-12.957731724289268,5.642727267886194,-0.5132855572965056,-12.602888730672035,-1.7048635042589133,-3.534685267999471,-3.968579050402621,-6.0396986573416855,-9.381875521765437,0,-4.509430251545776,NA,-2.223911042257032,0,5.008359008441143,-0.2503130218117988,0.7963250822120571,1.0510825258563727,2.2823813565256756,-4.3909492615568535,0,4.983237374787564,2.8867984000851443,NA,NA,NA,NA,NA,NA
1989-06-01,-2.1506205221337726,-4.742869357111079,-1.6103407566578465,2.3810648693718517,0,3.6598375857570864,-11.493162130869173,-8.653736951852286,-8.083061688985815,-8.203315915202063,-10.613894845193329,-3.9611575942959334,-5.227671049648741,1.254721605208875,-8.477473995791662,-2.040887163120697,0.8658062743114314,0,-20.30369909092462,-4.032979446463969,-6.404260348558566,5.319318064387524,-4.475849957461353,-22.310559272702367,-0.03742968217460563,0.2548295665900313,1.2427270152343406,-4.823381211262756,-4.915528153677673,2.3768763603748355,5.3808115184815986,1.746972038823813,9.491655649674335,23.817484190887317,1.89972890105915,-7.542873204669711,0,-5.87388171716583,0,0,-16.57805728298909,0,-7.305816046199531,3.4673194614208036,-2.07386212613212,-10.257139422025219,-5.6465082789944,-0.9341433934610954,-3.826519496345515,-3.4021073248044598,-6.782259633876109,0,-1.5661340931028,NA,-4.624317535774991,0,1.491895247281727,-7.2759354282428745,-6.831675971836404,-1.077355679223846,3.2713197406303074,-0.24968801985871814,0,NA,-0.8163310639160315,NA,NA,NA,NA,NA,NA
1989-07-01,0.18885746882455479,1.4184634991956102,0.6472514505617255,-3.5932009226063375,0,7.216092992845999,-35.25262883635476,-24.9775936703937,3.2816115729729534,-4.726220348792215,9.463614850013535,0.8209822756537533,-3.45803335967787,0.49751346401132324,-11.946004426675305,-6.752120087549507,-3.732595761268609,0,9.742273423950198,-3.8707525093991,-1.6089754105084175,6.878910174605313,-1.0910174694194197,-16.199435542314276,-5.383479825935145,2.30081767860868,-2.092809414146868,-2.179922834258452,6.1668975557862,2.4491005304348445,10.32053424098429,0.596487215950603,3.213506874769756,1.0609195138977512,5.180821042302797,-0.07403882087649027,0,0,0,0,-8.628025301066344,0,-1.6238693320445918,3.7567944390001884,-3.3809583371711582,1.0844742940392393,4.937788090688944,2.0037296467060983,0.9126817151686062,-1.0298162982985026,-3.5718082602079093,0,4.5239597900595285,NA,5.072222731644127,0,-2.2462733142724733,2.3969190112996586,0.32206147000417573,8.167860348915923,-7.145896398214546,-1.257878220686015,0,3.0771658666753687,0.8163310639160315,NA,NA,NA,NA,NA,NA
1989-08-01,-4.535268285781546,-3.7307052412810293,-3.278982282299081,-3.7271394797231516,0,-4.591518653372578,-11.513464050054056,-9.038594056528758,0.09010531667809074,4.121159974367922,-1.1327244220606825,-1.6074130948110055,-11.570186945255934,1.7220597751670397,-6.877709847931701,-14.197026127038725,-10.114371665241872,-17.92014294577111,-2.242125258404304,-7.426367035430648,-2.8270782056943666,-5.362350929545023,-1.5586614102787166,13.01783102384827,13.216513320064493,2.1941406713320233,-0.6423379749760122,-4.507805431799161,-1.5049107156565045,0.04242869160202556,-0.12953369686850014,-0.8609153165060945,-3.400436981997146,0.9644303522803099,-0.0491897367336569,-4.457200719664519,0,-2.888287414878654,-31.900454358082264,0,2.385426464940732,0,9.773872912486326,1.5352909355838662,-9.719009507403698,5.041429310781176,6.784185989307989,-2.675184526322827,-3.5014473471181695,-0.6616044904276697,4.618938246937443,0,-1.2112855362880204,NA,-1.7388009188374909,0,-2.2978924801402734,-5.684886423215296,0.6410278360919897,-0.37199816464941193,-5.977621638202724,-6.268370229368658,0,0.3361347702704798,-10.716883441461,NA,NA,NA,NA,NA,NA
1989-09-01,4.535268285781546,4.011999378942521,3.922071315328113,-3.215711163453139,0,-11.933032310362057,-0.10983612399991793,0.7128262533403151,19.305277534529687,24.69999604146257,27.404490849310704,-2.3481984058955465,4.472289999397816,-2.7195742808489243,4.431104632491056,0.42283361095210026,1.4742281737203378,0.9302392662314141,-2.293551765609081,2.398666080753653,2.720183486803851,-3.819775672024228,-0.4454622164183242,1.2848142477849045,2.2569685933892414,3.834335519764742,-1.1983249181038949,-5.936460904960583,-1.726991756980123,-0.29742828463765747,0.9353398298447502,2.3117887206874244,-4.695114823170243,0.3194688965558967,-1.8483794736047998,-3.7306405443972874,0,0,0,0,-4.573281806245344,0,4.328944239877597,3.6077738235690937,-5.251629073564779,-14.009391843177177,-6.044765527528906,-0.9327476173771387,-1.448622977615166,-0.940284745931752,8.004270767353638,0,-1.3880018564831786,NA,-0.4557794108212443,0,-1.9560884613101237,0.27816429618772176,2.504718390068117,-4.68853143220791,-1.1865663276500626,5.505977718302768,0,-10.610650599454807,-7.515272237934401,NA,NA,NA,NA,NA,NA
1989-10-01,4.157642684573304,6.524052186840068,3.464913541317438,4.473589384139154,0,-7.0252068962031915,-13.306051864895707,-11.418139877136996,-3.85081399173669,2.1917571628459753,-8.815816320825709,-0.7285304533584669,-4.680406619780264,1.8622512098001032,-0.6211200092640645,0.4210532536343514,2.1713760223783574,2.739897418811399,0.44624254778904415,3.712745439302889,-0.16542600960267606,-5.051173905273032,0.670488919249923,6.405484519101979,-5.801013728401482,3.6016873956843165,-3.0703726191607994,-0.30627895305457287,1.0973449015037606,-1.5437725769028021,2.190911574272003,1.0499542585215238,-0.8035163625256025,2.966126775610789,0.7931927212019296,-2.170843852648216,0,-4.495138786226605,-12.921173148000609,0,5.7727412359739105,0,-0.800589051037015,3.203192972941249,-4.290404245738166,-7.368787304390345,-2.7572930832418407,1.4081453598000948,1.691806742330293,0.21598070407560233,-5.2643733485422395,0,4.02069772261191,NA,2.385927257393905,0,2.7279345253123033,8.770558041910537,2.0268837650255556,-0.09344339567949334,4.664057745311112,2.519024882855847,0,-9.381875521765437,-11.35238262969871,NA,NA,NA,NA,NA,NA
1989-11-01,-0.27186242389931614,0.7863736460214543,0,17.185025692665906,0,-5.08232591262527,3.179825110069584,-0.5265404946337843,-8.05170814487588,-5.712631420267167,-13.752164507526343,0.10743307032621274,-5.129329438755015,6.546060511254037,-6.433085838114039,3.3060862260887447,3.286680808035225,1.7857617400006909,-2.7793282240586414,1.1123585218662413,1.1233896952840716,-12.417678745730232,-0.670488919249923,-7.2601905769478225,-8.278556573119822,3.4729441659735016,-3.399291021232167,0.7131971137271709,-0.9503779319932626,0.4312308818361199,3.9413968540876754,-0.16932927192900848,-1.5669491110019251,-1.696999941584476,0.03866655667253971,-1.9553861151499512,0,-3.509131981127034,17.076073439287853,0,-4.721203182700151,0,-9.915133526169928,-8.172897388185252,-14.73012733616983,-6.250890803165987,-9.73569530617917,7.197577102823782,4.894502043274596,6.370117674628029,-4.138521616285384,0,1.80036422110339,NA,-0.6392521236043058,0,10.91514434719536,6.406130805287624,2.1209179717018856,-4.876325158786976,4.456182805991027,-1.5037877364540542,0,-12.188981760903683,-9.74983644848777,NA,NA,NA,NA,NA,NA
1989-12-01,5.215499198485052,3.590129150654464,5.71584138399488,16.46219796945538,0,-4.089207348278525,2.234199447105661,-3.7036451888355386,-0.5241102144103338,2.9882701600012607,-3.5512835657977693,0.5465538018030791,-7.0403640589969285,1.0315277711832493,-11.986160634862575,0.809721023262,-0.9280809074472707,0,4.626637441878678,0.6340476100093362,0.365279652528816,1.295115234707822,0.670488919249923,-3.291988720504324,1.1733613766994888,1.2310430347572954,0,-3.407660638072363,1.418436547894375,-1.7361612738816645,-11.371523343705814,0.11331751698229198,-3.0863245407092954,4.611964654033418,-5.657707228867204,-0.035908792055008854,0,0,13.062018241706497,0,-6.105744073096808,0,-6.897081991936016,2.5931072555015255,-1.3724868278382374,-10.589163735846086,1.203084413624378,3.7657656801785677,-0.6647025456940625,1.5472481374881664,-3.2203140494634575,0,4.51361158566792,NA,2.110952134733002,0,11.081907429315496,4.434799045430893,1.5316460090389228,-2.7227128465493244,4.033761572657557,6.359110278153102,0,4.9671609797237615,4.706751085798544,NA,NA,NA,NA,NA,NA
1990-01-01,5.038849241281307,5.393463923494712,2.026118513982178,6.48175000764708,29.95728189733027,2.463479626277311,4.790457109968694,-3.690123503719861,9.373247766270708,5.866824750031007,5.744314477965185,19.360250626661042,1.8648559078072502,2.9215561044802385,4.396312342111575,-2.4491020008295727,-2.837069712921547,-2.2372297754533754,3.172735537407778,-3.324792902001761,-2.2413978640465793,1.5323174679194196,1.990863577338331,17.3038006281531,3.3520949685613255,-3.26079369205583,0.8398117802715356,2.489755162172713,3.4553470318356427,0.9152344882535912,5.719600146610659,0.14969390397663318,-1.409188529932326,-0.014791258392587991,-3.3275008591429955,-0.4198914453049374,0,-14.035735769492241,6.421959273429323,0,-6.645472755464699,15.512551379789263,-2.1717632658991626,-0.451086189187766,-2.2811255977703837,-22.193248365413787,-11.495199528914934,0.17571694576172803,-1.82190669678155,-5.96755858691802,0.7246408520766856,0,3.1732772727417036,55.167367657864745,2.8759073301731664,10.414025925259708,13.159695786366132,-1.843370168883851,-2.094476321427141,-3.142139898459373,7.069684525529851,7.088681144702225,0,8.847872868357953,-2.3256862164267034,NA,NA,NA,NA,NA,NA
1990-02-01,-3.755134565213236,-5.141891463769976,-3.7960762239222845,-22.943947977102464,0,3.167013816496129,9.91483118996318,1.175787140843372,2.03653735124939,6.252035698133396,4.61546438627315,-7.028378475230779,-9.69281161332285,3.2682647430358536,-2.909296094166436,-0.8298802814695527,2.6036973782995076,-5.582844955294153,-2.288796960821138,0.4440882245217992,-1.0852513774752381,8.265723368100897,-4.245605079439052,8.948133300987331,-10.822672705804347,-12.507696144132352,1.5970473214242498,2.2290689898371685,2.656517263781455,-0.7402523144012685,3.1139487224076445,1.2566366830551345,-0.7578599764811678,2.28900875434519,1.5051403984251865,2.4815758439192646,0,2.2574322038538597,1.6607736399660844,0,-4.961235714043788,0,-0.27418143604442946,9.687590863713424,-6.84133324479852,-1.1259454221875131,7.4130000768893645,1.6205066076567576,3.638343222061291,0.8181906969547459,0.8984786407815193,0,6.726453591342896,0,3.9086168500680696,0,-14.21827230100452,-0.9345862418236983,-4.69758600946335,-0.8457312727220057,-2.523447117854083,-2.458224340533599,0,3.1748698314579826,3.4685557987889304,NA,NA,NA,NA,NA,NA
1990-03-01,-7.31926402818508,-7.565536124391059,-6.136894637629231,-20.35989552412394,0,9.730084645006706,12.082812690438537,10.778598791319869,12.784837374146719,40.45539463139186,-5.972099702965494,1.8049009135026162,-5.4915757596115,3.992126744398128,5.387298994015133,0.8298802814695527,3.2186686495901284,-5.913052322682244,-5.310490200676643,3.365011376380611,2.5754177397751654,-3.649110858241489,-2.7783939817854986,-18.03077694198885,7.9699066026420855,1.0766719404389224,3.5176458800721595,6.6852974990289304,-4.268609664640389,3.0135759567175513,4.747679193480536,-0.7076847249809504,-8.701657685963315,-0.5092261926500363,3.4512403436198325,-2.879094888138631,0,0,4.373539350780753,-1.1487043987131074,7.490088283767182,0,10.658383665009463,30.91541712374708,1.8412636122780768,28.383342836758985,14.043406069328057,-5.866821050196247,-3.758980199857298,-4.104416579631387,4.375150967312802,0,-1.0828643650230951,0,-1.975099755649945,0,-11.556099109163398,-10.119601198158623,-1.4638515169870914,0.0031809145132122296,-2.247285585205905,-8.004270767353638,0,1.1650617219975068,-4.058528011507789,NA,NA,NA,NA,NA,NA
1990-04-01,-9.595082413154898,-9.666611221546084,-9.975040276705949,-3.947881097378753,0,16.457620728915067,-0.023943493470057753,0.34921057130817834,-13.637028317411348,-46.813250445220056,9.466824830318144,-3.597241096437953,-8.11634071072067,-3.4576519285100638,-6.8743152419602715,2.045061047129071,-0.453515516539138,0.5063301956546695,-1.8298904085906287,7.986037564641002,6.057912694597434,-4.779670794017399,1.86081318597493,8.14558933571975,10.951010918365988,-0.480236601647388,-2.5552139605357778,1.2110068816511887,0.7094405526973713,0.8866390024808268,-0.7708309735830587,-0.19656025984584602,0.5848333722602739,-2.8604543177980446,4.886682483105109,1.1401263615465396,0,12.961749330338712,0,-4.382178249936608,-2.705681484749878,0,2.279569166492834,-23.94434246299557,1.9019007260164145,-3.595846120443902,4.750361671136094,-4.906496913597103,-3.878625236055644,-0.21888966647780617,6.110798604078216,0,1.4943623047286358,0,4.931055930161731,0,-2.1224157416386724,-1.0443959161083427,-1.6911079112194471,-0.6446076505617349,-0.5698021114637797,-9.237332013101485,0,5.630004468853311,-3.0032287098874733,NA,NA,NA,NA,NA,NA
1990-05-01,0.20120731132191594,-0.2989538848365836,2.0761991448429384,-1.3513719166722893,0,7.695826432637714,-1.856201786005962,-4.256313921308022,1.7157743239950118,-5.383196866670881,14.221458358009166,-15.551208444292863,2.8737609767357064,-2.0463826650537698,5.110601093349576,4.743972507155991,2.024816082994807,0,3.2334719677973744,1.8511326552505203,1.022957365659849,-5.881302711808445,-6.670218623286406,-16.68984838101597,16.654273907489138,0.323102058144642,-0.08154944386700586,2.0165669594594426,2.5183599858660477,-0.8442462910882687,-4.100802372737711,1.5441581168875729,6.983618825196469,-10.802039111541006,3.248420501775673,1.926431967548989,0,0,-3.670136685042813,0.32137146030954966,0.09041828899896132,0,2.056040444417828,-1.263782842871386,-1.0428312035068998,-2.738654503428961,5.14534619112581,-1.3965166619807512,2.151732959480057,0.2681231028829556,-3.9929727331037945,6.371581438610763,3.3954669486913502,0,2.7861753550668333,0,-0.7176016727359791,-1.8543577712168968,-12.119817776242225,11.411958406976286,0.9101314246345638,-0.8097210232619556,4.725288485054557,4.983237374787564,-8.258659100927446,NA,NA,NA,NA,NA,NA
1990-06-01,-8.272637248404324,-6.17480070684473,-9.702397628205972,0,0,-8.728278423786918,-4.19488652141432,-5.655647617952854,-10.43539730464249,-11.189953942488295,-6.616131452078222,-19.27613269866469,-10.756628305601623,1.2973154921380292,-3.255260303774765,-3.937516523482998,-3.167685665357034,-7.333127308554932,12.1795186755846,-0.14882185466875697,-0.07207856875712793,-1.9418085857101808,-9.559175852419788,6.7832543766605085,2.549478801294036,0.9630893060961321,2.4976122041342004,2.950594020264319,1.7517345633452197,-1.1940387910267969,-12.011132541597469,0.39754727633951603,4.97098361261612,0.6789160310844977,5.139664958899304,-0.21092109999009956,1.6000341346440905,1.941808585710092,0,0,2.5131305293173867,0,-5.911406540220465,1.4907705754784395,-3.681397312271706,-3.223391084199001,-3.427858967741493,-4.636389979662425,-1.5345886201525438,-3.2191470635521746,2.401771763362426,0,-0.6478669871673226,0,0.54510097774082,0,0,-5.495888428075801,-2.2729973193485797,6.581940387289098,2.4609743095965975,-9.07137136881655,4.512043528046972,NA,-7.563741420562042,NA,NA,NA,NA,NA,NA
1990-07-01,11.729771654952703,11.139323755761277,14.385527596615866,-4.167269640056803,0,1.9206832460781698,-2.8435489158720406,-1.1886677552496574,2.79300871750201,-0.3755872959805451,-0.770995770514582,15.963664564780277,-6.516963507458051,-0.6465539764642259,2.5409715525367638,1.197619104671599,0.45871640069057307,1.0810916104215806,-2.8316896423158155,-5.0483637663869985,-1.5532352773099056,0.5475179888088988,-8.180829155908143,16.75337393210153,-5.586091379511715,2.1688025411492062,-0.4385971943254324,-3.5878287664901976,16.00414393662501,0.4707768011940172,-7.890698920960926,0.7625331488961606,3.403731978396163,-1.8784115910234433,1.3204813487972644,0.8759180089881496,0,0.7662872745568983,0,0,0.3296408500241377,0,6.910790701783931,4.366282427471191,-2.8553402313663767,10.111027366424352,-4.6431157352687435,2.853899307167662,-0.48338462703165774,-0.8843018485996001,5.0736674691761685,0,2.943721852666492,0,1.877579444458699,0,-2.184229366787438,7.873807604687144,-8.756190156982147,1.2067874585764748,-5.100255445237245,10.149548929145391,0,3.0771658666753687,1.418463499195699,NA,NA,NA,NA,NA,NA
1990-08-01,43.03944911504956,43.26330553806157,49.10229964698107,-3.610500464211613,0,-4.561100665729246,8.597260631176184,7.139961151751634,-1.659285337185712,8.621854684264058,-6.329525404173619,-4.170581029844087,-1.0152371464018373,4.0259674285700875,4.211148535012743,-0.7968169649177348,5.129329438755104,1.6000341346440905,7.161370217648244,-4.321440529707221,-4.187527696599336,1.201797755942824,-6.694810292419806,-13.535988097452107,4.169104404416424,3.6528135525968786,-0.6615239118719085,-8.97548629353806,4.934397342567398,-0.6855205045054769,-9.228788811958832,1.0718810146356006,-0.9783819924373383,0.34057708854211555,-11.610122088634856,2.707208229840878,0,3.451205230514365,7.101574621394491,0,12.6060654870356,0,6.552219851209085,0.07993149155236523,-0.3246097392885616,16.204555010219224,-1.34684241266676,8.509475738329009,2.8699268756843033,2.6937042378890608,-0.12453301733961197,0,4.223145759549762,0,-4.3354547585144125,0,-1.857357832089468,6.077819626194891,-3.7759631325221754,-3.736236907833046,48.72951263557965,37.55309002901197,0,0.3361347702704798,4.811924834419834,NA,NA,NA,NA,NA,NA
1990-09-01,21.401106775093748,23.161037899698034,19.227188764712277,5.715841383994852,0,6.46017142874547,1.013199262133191,3.5137854165265328,3.2569303680542117,3.178605933155665,-2.7320675631240965,15.804017040578175,-3.460552917747517,2.866112253186248,-2.434902901028657,0,0.2171553513507618,4.145671367834591,5.356452555396807,-8.067898456633849,-6.395322726517527,0.48053912749388417,-2.2241408360917703,-4.2623274220835565,5.719129085595853,1.5997351059789167,-0.2819740035465923,2.6615666699890017,-0.9730222379970344,-0.1290547856458546,0.8264509849893464,-1.5375060788185735,-0.4307334501022275,0.048218691240098366,-0.005580824289186381,1.3377749954804257,0,6.183852988191418,-23.711446750101217,0,14.812331983386429,0,2.4829276312424042,-4.386565840905465,-3.413982712322472,-1.0403095463473733,-4.92391535637946,-1.38003593161109,-6.513266725950118,-4.162936242005055,3.2940550082301456,0,0.2965182092475871,0,1.7094433359300276,0,2.9554359693480414,2.4273036356206923,-5.959362116619804,5.423465824363749,38.13675565291037,21.612079097837178,0,-10.610650599454807,0.6688988150796327,NA,NA,NA,NA,NA,NA
1990-10-01,5.358424613410628,5.5609479441486975,4.042587647189899,16.008541534707287,0,-4.82471107746677,-4.076255738986234,0.9079180395571179,2.6505814807940675,1.4922025381516324,0.39438736249814976,8.137126899920332,0,2.096931551742287,2.090668481931335,-1.2072581234268576,1.5070252920998506,6.865440473807816,-0.2605495668252189,-1.1691404350025358,-0.44875139049977975,7.6215050799406825,0.3232714361294242,-6.4895090939886995,2.8089700088222203,-4.23387733034083,-1.8524702761681666,8.48202622968146,3.412769163974283,0.2579596118132521,-11.593289636822202,-4.26165242588592,2.3622096000141646,3.42231897692864,0.10598243914903271,0.07813808512762144,0,3.574848744253245,40.959450145017584,0,-6.024906266886454,0,-9.975831539695346,-9.711263808078652,6.024730494723407,-17.036091100164974,-12.812905453983348,-2.2284900080649983,-8.285717447121677,-9.028307669789616,-0.10555682198543082,0,2.2842348320552652,0,2.5863510589919425,0,8.71001503206621,4.225980928988271,-3.4613970048040343,6.1437294668701625,3.357629553360475,6.323945813591703,0,-9.381875521765437,8.31149067105068,NA,NA,NA,NA,NA,NA
1990-11-01,-10.428755418160618,-8.839930226447779,-12.115638938611406,21.72088157943952,0,3.022197680737376,-7.784107163722009,-1.307739060934146,-12.148029823660856,-7.165071762429232,-22.14999122936172,-1.8145190584147097,18.875620900473322,2.729214228800725,13.223745239654328,-3.2924784696466425,-2.8170876966696845,-3.373813963185057,3.685770426366819,0.04981816473286216,0.33675219333177964,-3.3056382867219014,-1.6180444455957677,-13.881476524843695,-21.395937368978835,-1.9886186549023077,-0.680344857002585,4.88327182663344,0.9664973771534469,-0.6029276753278912,2.4196569649939326,3.3791525251482213,-5.826258436656762,1.633549102491294,1.4501028951392714,0.22291583015950217,0,1.9868203216725,5.695489292747258,0,-18.47400621022741,0,-5.9186604443318025,-8.170879013539789,-1.330286086098198,-6.295500798670872,-5.696707954356128,0.2596824940885867,-0.6397642189621244,-5.051295693293167,-1.4130752488131115,0,0.059483576175978214,0,-1.3176951643627088,0,12.82174004138632,8.37493574032484,1.515611089870017,-8.557540031774824,-0.47281411959456676,-10.567006526562173,0,-12.188981760903683,-6.331227941432704,NA,NA,NA,NA,NA,NA
1990-12-01,-17.346013116758296,-16.430305129127643,-18.411206756774277,0.4750602758597733,0,-3.828870514297167,5.129061743782771,1.7505917513614355,5.096475741943529,-0.6722402046989928,14.585218114480025,-3.477702794545495,-5.390526483620217,-0.1924928409584581,4.4320399680661815,2.070467336169113,4.512043528047016,1.9418085857101808,-1.8314721985414728,1.6008246990992347,2.8224642613573714,-3.1719077022793307,0.32747739138914156,14.95577488775066,-18.05500839527936,0.5312985991964725,-1.7529664234741469,0,-1.8874150456996641,-2.936884177899557,-3.2083411737530376,-0.3479319843442852,-4.507402985343312,-2.273012748779557,1.4456242807419306,-1.4918116380333148,0,-1.3201511858536463,2.054866822738788,0,-6.056743643454876,0,-3.9644177345748766,-11.53615545216029,-6.31607292067482,-5.1346004580182125,-0.9673308884494247,-1.2600999760818077,-0.5152508698279767,-2.3715951477890407,-2.9505245909835054,0,-1.3086663619940708,0,-3.1551871237139317,0,0.29307713484536535,1.6771881613828477,1.8443145718793907,-3.4053906335596906,-5.354076692803034,-17.369018384866706,0,4.9671609797237615,-4.000533461369926,NA,NA,NA,NA,NA,NA
1991-01-01,-14.599946759657234,-16.884139523726205,-18.103206596408317,-23.38643210593113,19.873458643528473,-4.310978384459585,-3.709693365478961,-6.64309938983256,-1.0060238342648464,-0.3014214518834879,-3.3489804326259587,2.1292824623416973,4.512043528047016,-2.4379559477150536,0.8633147144702313,-2.070467336169113,-4.512043528047016,-4.92710490067827,4.432104329996456,3.5250182758511883,3.9803351684454036,14.005038212415588,-1.6392349237234427,18.482178882238966,16.34825064803306,1.7663079806566562,0.3992021269537509,2.2302628598264373,0.33670788098363325,-3.0716069868626295,-10.086821470977082,1.2056502909738143,-1.140115781865525,-0.4725173987883302,0.010831302474711979,-1.905254140781136,0,1.3201511858536463,2.3451661035049476,0,-0.47800671734217204,6.7227211061499315,-1.4941804969772043,-3.9835498766169763,0.14236904454847377,4.9177691400403845,-4.791335569589705,1.7592060202039406,-2.9546423428929103,-0.575874013584321,-0.7911433670040324,0,-1.2622115433311265,NA,-0.6659376080306867,9.180754925312273,-5.342032134862773,-0.20811662038244805,-1.1883901812189457,-0.2481322438786293,-7.79615414697119,-9.45738027460128,0,5.151353445010809,11.551288712184427,NA,NA,NA,NA,NA,NA
1991-02-01,-21.94603058979494,-19.809004886865942,-29.45786515108413,-20.5338926680703,-0.8759180089881635,-2.198427571657138,3.740205977595268,-1.8369808645770425,-8.157269041196535,-2.1975624022531504,-14.534796171848852,-4.811505765454493,-2.9852963149681777,1.3725705679874523,-3.202602671940813,0.833338155914376,-2.2223136784710107,-3.0771658666753687,-1.9794105815657659,0.4061015166997528,1.2296787562890543,7.567233787557726,2.290989917120534,15.074277792661334,-1.9216738439507441,5.031136167617623,2.2598660477641115,5.1422291476972415,1.641801136458676,-1.7584955266121138,-3.4061453602840297,-1.5930081405793217,4.473183035420636,-0.34733094845398327,1.3233825931441623,-2.283417009726865,0,0,0,2.247285585205816,-0.7007161640964377,0,0.03511709135910479,-1.1053537429646987,-0.7049257791090113,1.2006338726585852,-1.5119529552644728,-5.301788728390733,-5.29930305369497,-8.069285192146936,2.0440963284973357,0,1.7975418032879276,NA,0.9596567527667355,0,-10.461042603872972,-0.8368249670516192,-0.6559243906604451,2.5724891238436243,-3.4087962338911204,-18.394230269168776,0,10.3266274054711,12.516314295400655,NA,NA,NA,NA,NA,NA
1991-03-01,-0.3683245415928127,0.25740039951731575,2.7305450690267463,-1.481508578514068,-2.3739987303072807,-0.3628869961666975,4.770727194219571,-0.9754460225091202,-0.390946417079574,5.792386286850936,-5.510527227384687,-0.10941622140037133,3.8637792705413787,-0.48804391649079903,2.9156584291455623,1.2371291802547368,1.7817843316794146,-2.6386755173194665,-4.3864246045460575,3.1907733735637933,3.2647279146002184,-4.93250665625018,4.723802820702527,18.79583301873874,4.029541416868232,-5.081281783820113,-0.5344308711924803,3.8082852391059685,-7.10232000041004,0.046684419885356654,7.147734481461332,0.7394070935024644,-8.464549587877901,1.8745549273377016,-0.7617653917263434,-1.9154710913625583,0,-3.333642026759165,-4.0546094394350085,0,-0.5732202591699043,0,-1.6361722561613945,1.5374634397526066,-1.194490425439021,0.32809372611453114,0.8798816559842493,-0.13476905652440863,3.355763670462153,5.3447436597430675,1.85047685805797,-2.5001302205417186,-8.013351110233646,NA,-8.05410457733341,0,-1.7746111977951173,-4.512043528047016,8.804496881291168,-1.9752588193031606,-5.0469425689152025,-3.2141209211796973,-9.237332013101529,-6.630107982123956,-6.632264293107237,NA,NA,NA,NA,NA,NA
1991-04-01,2.1898685307633947,-1.0336009330662144,3.3115608784497486,-0.7490671729157572,4.1182289966415375,-5.476517977008072,-1.7359424702655835,-0.8424649659251617,-0.022710498025280135,-6.272119728567882,5.159142774370373,-0.3272738193406399,-6.007812394328305,-3.586041616101454,-8.701137698963013,0.4089985251525263,1.5334364000106682,0.5333345975362391,-3.394461201300736,0.7186095416639837,-0.8039509773441367,-8.610707273174079,1.223435009505458,-7.192091109741602,-4.151255404059528,0.74572707684738,-1.2860579658979834,1.4956091153649709,-4.528178605878697,-0.9847633022462721,-7.201053597627216,-0.10857588651909111,7.704305372510678,5.273693337650975,-1.672497717046606,-1.147702117752916,0,-2.9236820185025714,-1.0398707220898196,12.169693497752032,-7.215389741067657,0,2.557051194916582,-0.34886653873034135,0.7691373428411197,3.6140217218488147,4.430665522742228,-1.374515903832929,-0.7805578802683399,0.8259395550254345,1.4410564126479564,0,-10.899386098198605,NA,-6.686424591439266,0,1.551204749531765,0.8752791109595037,0.7632642860434302,1.0671935557285295,-12.516314295400566,4.423325497682562,0,-5.810763080728076,0.5698021114636909,NA,NA,NA,NA,NA,NA
1991-05-01,1.8775696842429301,0.2594035177046372,3.5203635192980087,-1.515180502060226,-2.9241849594497493,-7.576085398617854,-4.530637624664601,-7.910065147363953,7.801832255027097,-2.995002384865381,19.715130090043775,0.21739948760606254,3.64782086024098,-5.097307236421322,-0.31397200046674456,-1.6461277054072632,-3.540192705091627,6.1875403718087085,0.17600473889363144,-4.28709818960229,-6.665658237370842,0.8535893653401239,0.9058032946745342,-20.829217948452445,-2.5109474276959864,0.5613808636714124,0.8316056241657411,-1.040027461778914,-1.3578220771782834,0.282341640563466,-11.518640980911755,1.2495572986537695,-0.8866574118759907,-2.0420136240238307,-0.5986561885854336,-0.2676726260564699,0,-9.245213875251856,-3.546470957228287,3.6367644170874236,-7.131980470881061,0,-6.958133836278613,-7.910012214728734,2.516626772566788,-6.510476796386655,-13.845782064779577,-0.3998160023799713,-1.8410732090038628,1.7627642701775192,-0.4528309624747706,0,-1.0121811739147724,NA,0.447797631090463,0,-2.0527824692269103,2.5807883955872413,-1.2205755796049544,-0.6810345317660449,-17.753304006215753,2.140390866315345,0,0,-1.7192400540372077,NA,NA,NA,NA,NA,NA
1991-06-01,-4.8081823428295145,-5.868350182809001,-3.195159980660245,-8.770558041910562,-2.402517958698991,-2.035258079000335,-2.429269256904454,-3.631409808106541,-6.084786101816553,-4.5783541589621555,-6.441023664040024,-7.0921123850778365,9.666611221546084,-1.939715988273516,-2.2258470600942992,0,-0.9049835519918226,0.4987541511039417,-17.95586713350792,-1.4196798871855876,-3.990729059185405,1.71973283844169,-1.5198111978167894,0.1895046600950856,-20.8611513658174,2.8901576255131567,-1.67018496179314,-0.6307730759316232,-4.660606126989708,0.5623386217363802,19.362783611568023,0.7779142807876838,13.97819275861032,3.2898806601310504,-1.6888352060923317,1.8827493137973494,0,-0.8458335702737685,-2.18986853076375,0,-1.6257358683457568,0,-3.8279563376161008,-1.0501635531421805,0.15597209684763413,-2.0607456313467054,-2.722583958571345,2.700289813785073,-3.550112263034322,8.150549890154224,-3.6984184279523546,0,-4.043558692191418,NA,-4.834563538971615,0,-5.08220867896223,2.3086020034182475,2.181344777665828,-1.2598158645388047,-12.989832777464105,-5.06742909632667,0,-1.7241806434506124,-5.954139369101696,NA,NA,NA,NA,NA,NA
1991-07-01,6.040592307326653,6.642547598170578,5.372539935616283,-0.8368249670516609,-9.227527610917075,-0.8297201483668686,-3.0006813741828675,0,-11.379318254177035,-20.846337108030756,-11.6338824674175,-1.4743407055441249,23.124076154682882,1.189846379161441,9.208956510428301,-5.107492993641483,-2.066663680855907,-7.219629120448889,1.379332213233564,0.8599326830927012,1.4486400321409576,3.402657938084719,-1.5432663916906897,-45.55774782251728,26.61133586975598,-0.5751087220324358,2.289381986585256,-21.12642494113004,2.0323214096427566,-0.719729056707874,11.405045914146928,0.6713759909239059,3.7605234985917946,-0.22628913591127287,-4.920483918784235,-1.6758484914951577,0,1.151644206155833,-2.238899489347901,-1.4388737452098788,1.6820449992404285,0,0.7630952111270517,-0.2369021609102795,-0.720552844272504,3.1070252642642515,0.14119642765617613,0.26415777673216567,-0.005318583130708987,-0.9682700716417525,2.633769588503565,0,-0.22873788305455278,NA,-2.190910112731881,0,-4.6644536911423895,-2.3086020034182475,-1.6637899261912281,1.2816809570059817,6.748069820620728,6.004204096686694,0,4.255961441879563,6.530509840776677,NA,NA,NA,NA,NA,NA
1991-08-01,1.6486273617218217,1.530642128267523,2.4317307650706166,9.607383008962223,-0.6688988150796771,9.837043756567867,-1.781343490863696,-1.0550210895152443,-4.346009505333925,0.18509176420133389,-9.411386318754767,-0.5698707605609643,-1.2987195526810602,-0.10758473334631091,-0.8836581800498067,5.107492993641483,5.85753007904577,4.189094170915997,-7.482136425680697,4.93744152237765,5.897267329654099,-1.7120005936407168,5.740256363645102,17.445290943785352,10.043499866516292,-1.737868641573126,-2.289381986585256,-6.577606342377207,2.1271362016883955,2.432079448758917,-8.585218829182528,1.1827917220236017,1.314581898593925,2.058809261801464,-4.791660515526875,-0.6954215789071211,0,-3.1010236742559982,0,-0.36297680505787966,-3.159398460800489,0,-0.1382714501859894,-1.4518310693555136,-0.5447291599276483,-4.754581207665609,-1.5929036907557759,-3.1439053399383354,-8.221910297249035,-9.403899270545434,-0.99885578835055,0,2.3591013466937483,NA,1.3359109623445442,0,4.244441826468792,-4.117591418418609,8.908842918277049,-0.6360367971147696,-24.023798467350943,1.158761517238771,0,2.0619287202736203,5.588045839445677,NA,NA,NA,NA,NA,NA
1991-09-01,3.4675778562649917,3.727139479723185,6.678824087158697,21.85528776056107,-0.3361347702704798,11.123487759608336,6.267499520384057,3.8346205008348706,1.1560071584093279,0.30308908907081267,0.8555203848481074,2.363031876865712,-0.8752791109595037,-9.595624421788074,-4.539357226036245,2.0534602441707683,2.3784905023441993,6.933469340106413,0.5502281708407608,-1.4411048378483393,0.6991714044925601,-2.2892055187478277,7.619221976050916,-26.56759070068041,-2.2648882354236677,3.8512715518661866,0,3.595449005671947,2.3640138304904523,1.297088425647852,-1.8384649401319342,0.281664835605433,0.052225520474902254,3.5504044877844976,-4.4825077570222245,-0.7002915774156682,0,-3.607605647380918,0,0,-3.6175174452207415,0,4.010401913332995,-0.07407407746109484,-1.2222364461742075,-5.865672012376955,-2.232516012236818,-2.1474479564910887,0.8595835531632012,2.0063714007928057,-1.4780510228903587,0,2.56930468010923,NA,2.525466888021266,0,11.073747503960352,5.592855265922481,7.940076972567844,3.151145895442653,0.2152853361100604,0.6888660995185258,0,-1.6461277054072632,4.7754431295899735,NA,NA,NA,NA,NA,NA
1991-10-01,6.827219068977541,7.9667402733871295,6.260547423039586,8.239953176706688,-9.161331792299865,2.1681697917157323,-8.744249826693073,-1.686149152918408,-1.33907357109172,1.0704841630284123,-5.268976565037531,2.0817093024216584,18.23215567939549,-5.479154882968285,6.5892093808703756,-3.727139479723096,3.5680595019836225,-0.9615458699442136,1.1501158920137478,0.7778579600628888,0.7504021705461383,-5.24675865598887,8.33254026560617,20.005843410410595,-12.591448467092558,-0.9149864369381255,1.3799089959969992,-1.3479399245655443,-0.06964214530212898,-1.2597537828664018,-1.823159638674654,3.878235692235066,1.7689584344148024,-2.7667661047349412,-3.3418504506862012,1.9413343947392163,0,-1.1494379425735168,0,0,-5.232708069011061,0,1.6667727985369751,-3.295656514165124,-0.3723059363936798,-3.143669546161121,-3.126960807255408,2.813184681031977,3.6923640358636156,1.9110346202418915,-2.8618805305652195,0,0.2935213096255218,NA,-0.8272312605157706,0,1.2593432325551213,4.098934453319636,6.773202073071083,2.910022030753634,3.6943515191684817,6.21042104917664,0,-2.096512846504428,-1.0416760858255714,NA,NA,NA,NA,NA,NA
1991-11-01,-3.3152207316895055,-4.373539350780797,-2.673956104189923,2.2347298691996587,-0.3696861881326119,1.0096460251009742,-1.9870865721263287,9.400613483233377,-1.816010549958319,-3.2713446443838947,-0.8607068742570778,-1.8473578930915446,8.594242980072497,-10.68913767180506,4.809979479441129,0,-3.9963256811837766,-2.445109586416372,7.196942722597743,-2.969828325389301,-1.4685381114126095,-1.7689893229339226,1.7402300757363598,-1.617528489519604,19.585229084836442,-0.4606519910886342,-2.1406903492580516,-0.4929032061377736,3.142044832357965,-0.10320794636301533,-5.520052247650242,-2.642503466560342,-9.24695995339162,0.14578855955367231,-6.816819207602648,-1.4862010671040538,0,-0.9124907777001035,1.4051753455651017,0,-1.3331605038862548,0,0.6830454849332313,-3.1310287331229425,-0.7978260517445435,-2.701762961927656,9.75352822483595,0.41176365108848145,0.722937768384746,-1.0528084346424382,-7.709008171957077,0,4.00234145269156,NA,2.992997171227474,0,1.1748205233043763,2.772454801485491,-0.10875476873994927,0.7992411122188514,-12.21969075504159,-2.835522575512517,0,-1.709443335930061,-3.191760296830548,NA,NA,NA,NA,NA,NA
1991-12-01,-15.696362120403373,-14.400623075548591,-18.72115420881464,5.899834076195576,0,3.910362398974959,-3.710693946703991,0.762027982601722,-1.6800341389107742,-0.5245891378363288,-5.664969000130393,2.5946985412849344,6.66371577944922,-15.647464090108176,3.794493156412315,-1.2739025777429802,-5.28757520479477,-1.4962872676712813,2.8644464972933825,0.3936274998116218,1.8509477552529852,-1.2404120903791949,7.340083964203004,-8.75228353169264,-1.7256016065127056,-3.7329841394242003,0.2330756431766723,-1.9761122079857252,2.5386048155997933,-1.2866541887810667,4.168342054866847,2.204724221260612,2.4405627368140337,-1.1392118979728139,-2.599429566418898,-3.4079313652862626,0,0,-1.8779894651596685,0,-3.3376000936547356,0,-6.811264757605251,4.9899593491300465,0.08351792489538212,-1.7657674845521498,8.307057548215191,0.432193497239286,-3.288112367763052,-3.2342182603676495,0,0,3.3202072774747293,NA,3.8632427769028532,0,3.4983924813814404,-2.371652661731627,7.068711915266501,1.2174573875788575,-6.53194661206431,-14.497461984686533,0,-0.8658062743114314,-0.5420067469338541,NA,NA,NA,NA,NA,NA
1992-01-01,-2.087362314294472,-1.3680103904080365,-0.6557400546159275,-40.546510810816436,-4.934587410315505,-6.41482772301796,-2.610222590306277,-3.934575446173347,-4.271284312472579,5.19636429059887,-17.078296320741014,2.3456307560495047,14.874526126035015,0.8110344537453962,1.8445845790751036,0.85106896679088,-2.985296314968089,5.380270599297621,-2.7008695796850724,2.220052328033617,3.853302419080773,3.244122113294967,5.547244566744602,34.3821946616075,-15.516341835289849,-1.4132600654759409,1.1572985557658642,1.1026575233582747,-0.6118073145820968,-0.4745970351307971,-7.916104000511304,-0.8882321140982086,1.250078285889522,1.8141170516286387,-3.645458935199292,1.7496827502256092,0,0,-7.374347424554895,0,6.994787673070846,-4.893401801417374,-3.84746597553578,-3.2858734550228696,-0.6043524356092789,5.460834202437148,-2.9297051989346734,-2.0330784881918973,-3.487804750063628,4.155726070705046,1.2121360532344916,0,-0.4478535092948377,NA,2.7195023119712336,-10.417964813273617,-25.20742591892904,0,5.8157710193338374,2.3863771858295912,1.4888612493750841,-3.9118416595471217,0,3.419136474827944,2.150620522096336,NA,NA,NA,NA,NA,NA
1992-02-01,1.3333530869846122,-0.2758622439079428,3.554493741941167,-5.62397183228761,-2.7615167032973287,-7.164394951622565,-6.992456022903087,-13.71874607778542,-5.010654050338892,-2.974948609702435,-7.057359727539092,-4.687577130266895,-5.001042057466165,-2.287681465375435,-0.2614380574070374,0.42283361095210026,-3.5590945102702776,-2.8987536873252395,-2.9580594906134294,3.8671664823236362,4.458416699645085,0.36003639251775965,4.02104744033549,6.216286700400342,-13.927072096704318,-1.8604822687357747,-2.7143311846946756,1.366357890765224,-1.9583042126000594,0.9546949301546204,-5.898929847570389,0.06191925102179141,5.369612379064748,3.6389538322763038,-5.730163414883313,1.2277701198975173,0,0,-1.54244703256321,0,7.348941737293391,0,3.0721370262745573,-1.9414277776735211,2.502699902888672,4.482127657160895,-2.013725899204477,-0.15246487791653607,5.953614174277622,0.8648623987268289,1.7910926566529817,0,-2.4051812013390794,NA,3.2727625826556306,-2.428903564879059,-4.197427465554249,-1.2072581234268576,1.6954582432052945,-1.928258716707898,-4.1489294290929735,1.0582109330536493,0,0,0.5305052229693352,NA,NA,NA,NA,NA,NA
1992-03-01,-0.9505774999889915,-2.8013036227673815,0.31695747612787706,5.62397183228761,3.149866705937099,-5.57638749820244,2.7644302432266232,0.04261212379382123,2.504077675328964,8.656234085446505,-1.0353578734254076,0.41790215007267983,-8.62346779214569,-1.666705248521172,3.59936026479053,1.2578782206859707,4.717856027509093,-1.9802627296179764,1.8899951130483927,2.9314387668775588,2.8877386517906167,-0.3780722839906048,-4.451079619049736,0.004948167941820625,-1.4982327032388776,-3.008229409865748,1.323956985752139,2.936115179859833,-2.993911093495666,-1.0419114335035506,4.746653723892358,-0.6408579924874758,-5.809325545238853,0.5080233784131138,-1.7473726725032583,1.91667956226719,0,0,-0.5194816877104103,0,1.0709480915039649,0,0.9636237243284107,3.157541597532987,0.2898372362484025,-5.815927142706379,7.157789452227625,-2.7413102173534654,-1.4407948179369967,-0.8624293383016512,-2.1013842346934375,0,-2.3064223195031097,NA,-1.6330814425499662,2.34559216298329,4.348028755409006,-1.2220111334775297,-5.23705137801338,-3.9770359130454125,-1.6828876130157155,-0.2635047638004817,0,-0.8438868645864517,-1.6000341346440905,NA,NA,NA,NA,NA,NA
1992-04-01,6.5612442844328545,7.390502948432909,5.539877938978854,13.840232285911908,-4.3571248293640235,-7.727663782037289,-6.532091642464632,-2.928830948516063,9.762160393909475,14.070053452418808,5.729589616468012,9.487024579254877,0.4647568396547008,3.4685557987889304,1.5037877364540542,-2.1053409197832273,-2.095536517598795,-4.082199452025481,3.5034353279091768,-7.523944700702501,-9.41872150597014,0.28818463748887524,-5.809299821772829,-36.95278597888018,16.43457810204919,-2.672893918177899,-0.2336201551028469,1.5633460661929277,1.8488705243751458,0.03273519202889874,14.081714895779317,0.5348839365767688,-1.140365419190914,2.3207719779207103,5.121950302848521,3.714899370048297,0,0.16652793190612414,0,0,2.8167189077928256,0,-0.540218210871668,2.201227397548955,3.607780407876149,0.039088036189127706,7.125169391276209,-1.6751006648240363,-2.7378740677841407,-1.4607028823986123,-1.4258631415496659,0,1.17260178042784,NA,2.7856954502966214,-1.753045740478254,5.600355640985999,0.20470836217247879,-5.323822350168328,-5.077342025174669,2.831592011728823,6.635086202411289,0,0.8438868645864517,0,NA,NA,NA,NA,NA,NA
1992-05-01,4.546237407693621,4.891580020201136,5.249018262139682,7.847161544149533,0.8064559836730489,-5.107660256530713,-7.989936603569886,-9.315194893431524,12.851984240588592,1.8434662977073135,28.8852264865816,6.309652627880869,-1.4008011156111166,5.5262678675049415,-3.0305349495328926,4.980282248381851,3.241024415075433,2.0619287202735315,11.950957835236142,1.0267783643853612,-1.2144780793883037,-1.4493007302566419,-6.6479965304605315,1.6193152301579583,-4.696094345878976,-0.34024353912508465,0.08501594560944292,0.7212808189240416,3.026056822552908,-1.5906875926030017,1.3333530869465093,-0.9243813288300373,0.5394349028065015,1.9760175091142251,3.9631069105381944,0.9393006962606587,0,0.24927308296023298,0,0,-0.78206386775026,0,0.05370217983902137,-2.374055092992222,4.719939600078504,-1.2721057939858227,5.1258792527321795,-0.4083691645610621,3.1990714807971443,0.517115163664017,-1.588735976231881,0,2.2611575862925726,NA,8.843631627864102,-1.6645967075074486,4.6213598623183305,1.219527309381796,-9.125491316498469,-6.628725707037475,0,3.636764417087468,0,-4.2925044717033956,-4.396312342111663,NA,NA,NA,NA,NA,NA
1992-06-01,6.613980250438534,6.092017376183989,7.6540077122333905,-1.9048194970694488,0.40080213975387524,-2.2111043949079954,-2.94984328929076,-1.3574320661141477,-2.5127980370920677,-11.455843720751824,-0.4885086957318263,3.0833601612420045,-7.991209969320323,2.127739844728538,3.5268138837458274,2.40011520995429,3.7993396439214955,4.000533461369926,0.12966348253851123,1.1426622921736573,-3.169196538483199,-1.9160497739076021,-0.49604606339981316,-5.151208612650116,-2.9687903838513163,-1.778749166453386,0.993560651899681,0.567733853104313,2.3179703430660394,-0.6651590376547833,7.734640434571793,-0.8864427607198522,2.148606776694173,-2.88640060341665,5.306980933336758,1.4438201998396183,0,0,0,0,-2.4196290290100286,0,3.6622837945532005,5.2052183755813,7.81722657002657,-1.8458332815500356,0.8919242624707557,1.0530294193200618,2.8969210961248493,-0.1868378250820868,2.112754642587511,0,2.8063614427689565,NA,-2.0873037601284006,0.4731048921954306,-0.9165228313061657,-0.8113634774169931,0.4570130776382797,2.4683966596276363,4.95150645273803,6.230388333615489,-6.669137449867213,-1.3245226750020933,-4.011999378942477,NA,NA,NA,NA,NA,NA
1992-07-01,-3.2523191705234655,-4.348511193973836,-2.666824708216131,11.492996667397692,1.9802627296179653,12.70582927263805,-1.5160008802545755,5.287837062017123,0.8093383418900979,-7.024415510771137,2.8769148815356194,4.575862085582805,-10.932989994532516,-3.2088314551500297,-5.599426935457519,-6.532934759238884,-6.103589058636949,0.4889985294192378,-9.275719218851375,-7.63300409799772,-8.78282072125769,3.5450450718344406,-8.766526136095365,6.7146688180580565,15.635052841725926,0.47004616071859573,1.586009872647915,2.075754176748701,3.494965105495446,0.9599880612883416,-0.4827746923357745,-1.5017354781827308,-1.984358176943779,-0.1920578612307544,2.1701051757276546,0.6237615914662931,0,0,0,0,2.8975217181737456,0,9.182464124589096,13.30523506991943,5.448063101609613,4.154245564652115,-4.806129327359621,3.4349403802006684,3.719937051510591,-2.400693025580125,1.7271586508660342,0,5.177307512031426,NA,3.8958258181851058,3.3138458282659267,7.610216515986945,-1.229523685703704,-7.721470682036902,0.9180166599989548,0.24125464053836865,-2.721256352488499,-7.145896398214502,4.773140282119037,1.1628037995119023,NA,NA,NA,NA,NA,NA
1992-08-01,-2.7651531330505463,-2.500130220541763,-3.857227478623937,11.841775481447447,0.39138993211363937,6.507145232835921,-9.492836508891092,-0.8718451039880948,1.7439420136566963,19.450227913209606,-11.718844220259573,1.879708844425232,-6.656076651833853,-7.076907088820761,0,-3.433813758089155,-4.774176288521481,0,-0.42743410714924934,-5.80003310553403,-2.27906044871089,-2.803751832921897,-6.110155477970736,36.11891764878837,3.6366997360217312,4.162484391151167,1.1322817830264855,6.501563664265175,1.0383689349407033,0.9274029733873812,-5.00668256533896,-2.4819160354029535,-1.923087909839083,-0.3597489116828889,-8.864217283792247,-0.680660597268809,0,0.20725396019729558,0,3.2203140494634575,-0.611132110982382,0,0.05236059112556646,4.436148259869022,-3.035861838945486,-3.1141830801022508,2.9995533878369507,-2.7769182068003495,-6.34950064858506,-3.990349187731268,-10.53605156578259,0,2.136122293821785,NA,2.505051993748708,1.2181092794826043,7.395037210035849,1.6360283105206541,-8.955443696610033,-0.5239586522042927,-4.1512493904270364,-2.090668481931335,0,-2.141409450381726,5.071509257901585,NA,NA,NA,NA,NA,NA
1992-09-01,2.6824743354345593,2.500130220541763,2.7702602549335875,16.78347248277121,0.38986404156572396,-4.450586738733503,0.5640076479016543,5.331110545632911,-1.4677880146032551,-2.9835520017773676,-8.8081738541392,6.631624065746145,1.4070583896941713,-6.542780532245551,2.3286951378790555,-0.8771986072837024,2.8917677639578976,1.9324272826402478,8.135983652347445,1.1179030321351036,0.05334756061436963,-5.23044561428998,7.977874462682966,-19.31254683213796,-2.1803895013693175,-0.208772616100239,0.08184981017623494,3.9089660142150873,-3.515540537939782,1.2406151279954925,-5.173158118021992,-1.7219627390083758,4.112004895693389,-0.20793353621018085,-5.332102336674205,-0.5021122040709591,0,0.6191970247920509,0,0.7891316707243412,-2.753158752135576,0,-4.359950612088337,-5.237948578469798,-2.0442322152870673,-4.942671785497943,0.47666280255675986,0.688465877849076,0.7177627843993228,-1.0653828256006026,-0.11422045787776725,0,0.019697502701720992,NA,-3.8047400446418855,-0.4332158151034937,10.823695337701444,-2.4641903936928777,10.133728177996826,2.8832508350564723,-4.824086451266485,2.7779564107075494,0,-3.9740328649513934,-3.3522692038643775,NA,NA,NA,NA,NA,NA
1992-10-01,-0.3314004690202932,0.24660924951933616,-0.27359798188748563,3.78992725909858,2.3077947282544753,-4.919024419077179,14.558036897857976,7.545119815193849,0.8413721851450839,3.7712690818819175,0.5825341191745825,-1.3399218246062827,-1.6096927042174691,0.5323881252750517,1.2706651269114744,-2.678731596365047,-0.7151401157624804,-0.9615458699442136,-1.6407654849302844,-3.0443436148060776,-2.966227426125556,-2.7615167032974064,1.3160908080348754,-27.261794404266617,-11.82829285468905,2.42897421077809,-2.045737217368462,-4.00270670027334,-9.172238780087982,0.35351488089221395,-6.69769519971064,-3.7387305860951514,6.894421560566144,-0.9818408531070411,-6.184644248099766,1.8026677139743306,0,0,-2.6386755173194665,0,-7.8480456376438745,0,-7.075761031633743,-14.474940338386588,-9.905483884768529,-9.266388310932072,-16.1026754537561,-0.3044318902130527,-1.1302379379180216,-0.5156568759628222,-0.8608374536599683,-5.86487270815077,-2.14719526547702,NA,-10.624254963755853,1.9134136507673372,3.263769448270537,-2.526450165948191,4.426324089441724,16.14236123916699,5.1688603392566534,-0.917437627604123,0,-3.670136685042813,-2.2989518224698635,NA,NA,NA,NA,NA,NA
1992-11-01,-6.161058489675986,-5.571060701400565,-6.508661651988623,-7.729167430164652,0.3795070968551695,0.49364418225038564,8.910265174242276,7.578559749910853,-3.378719752073922,-4.087765968922719,-1.9236203407691665,-4.076832307130429,0.6066752682237997,1.7544309650909362,4.2033381706552575,3.5559302036487495,4.445176257083361,-0.4842624475787538,-0.1095357013308984,-0.6645944605187637,1.4832860015254745,1.0346292054144612,4.840773104403251,-2.4870374795707084,-17.29872438582133,1.598954893249227,2.86057163004168,-5.954348593272263,-4.623407077573438,-1.1449983736669278,-1.6277597520317544,-4.625586880998611,-0.05451076722602366,3.830186929945434,-1.0618356317510096,-0.5746818452881025,0,0,-8.36141400411341,0,-1.2628606253572983,0,-4.122222577031653,-15.464701933366332,-5.004579283467336,-12.491512841692654,-10.568523129573748,-2.7555467322498473,-0.5488826124437907,0.49179337507399,-2.9044045222375914,-6.230388333615489,-6.51481475015121,NA,1.4874122682926871,-1.3987181157023576,-5.018322597557523,-3.0305349495328926,5.946820076747716,-0.37092559826312765,2.135973482436615,-6.423134865780966,0,0.9302392662314141,0,NA,NA,NA,NA,NA,NA
1992-12-01,-5.161852030628555,-5.623971832287644,-5.098555473286792,-3.636764417087479,0,-3.970768481260487,13.68952278739467,6.3860300904181235,0.1743784453177133,-9.141667280885436,5.820255125189183,2.4502936313262946,-7.317788372827927,7.8570051941828645,-2.9486165654463825,2.586351058991898,-0.22909517465556917,4.276185933808119,-3.1795837366937363,0.1375006827246672,3.5938377456236736,1.434632053622753,0,-20.093971625732642,1.3522054494390146,0.043287488624310644,-0.08118530991884226,-1.2566182475692411,7.107081003714244,-1.4223639778109476,-4.99289807179506,-4.861150840109918,10.963164311604778,-3.149248831795237,2.8431498802303725,-0.14701727273423448,0,0.3122691336905348,-3.5506688456909075,-0.43763745997988934,4.062008465937872,0,2.2222423979339823,-1.2677765429284449,0.578439134614861,2.820466967707347,1.045239466741954,-0.05971575479017943,1.632166357456466,-1.2219676610854213,-1.4142253430755147,0,-0.4397233450179172,NA,6.202655736135387,1.5408358280680101,-2.2344034842293414,-3.80785085745039,0.2944098528589123,5.4807918875817485,1.4690945119012255,-4.780784581932185,0,0.9216655104923532,-5.98981415810691,NA,NA,NA,NA,NA,NA
1993-01-01,-4.078327160171202,-4.22003544903764,-6.6797480923515895,-13.883644485421598,4.445176257083361,0.10628533779912241,-10.643197699826173,-8.007246470735753,5.658416935627953,6.9941017931821055,7.9025598599817055,2.498708002542094,-3.757348056442389,-0.1609010805700528,2.2195732391784517,1.6878037787352085,1.8182319083190457,0.46403795565028716,-5.783154306548699,-0.42368456557770884,-0.5970792367791411,1.356609952671839,5.325805447182841,52.393538931273945,0.39273376365535073,-7.650475779199429,2.4667850614859708,2.984433875190673,3.2530144640464442,-1.5426370856440275,1.1068181612612138,-3.0785531790262333,1.7718150929303178,0.1658178752562911,5.367519309208416,2.4924453129279973,0,0,-1.2121360532344916,-0.8810629682154847,-0.02817064802833613,-12.913880987590698,2.2417470452743338,-4.062953613878673,2.482734687803756,3.55009395629704,0.30202948868156554,-1.7504928547412035,-0.7849050849690897,-1.1257154524634494,-0.704582683320254,0,-1.6217579249393488,NA,-1.0210587765387302,-1.828955242772401,-7.217194140738092,-4.673747785169002,7.0281892442355165,14.368399187604197,2.14031985168317,-1.8205964496572413,0,0.4576667027412107,2.4391453124160023,NA,NA,NA,NA,NA,NA
1993-02-01,5.3710506103541,5.859416426605302,5.129329438755059,-10.654324790687564,-0.7272759329079559,-3.72872864698122,-2.542173177807122,0.20288881893316402,4.691218869143832,5.61462119943843,14.733561143745499,-7.048987775454463,-1.13251493570532,-1.6234122761883185,3.593200922606332,-1.263174690590052,-2.5086834429735028,-7.197349962508959,-0.3335337626041657,0.18028532376650475,-0.7487511911921096,-2.140159505066741,-4.583862208237832,10.940816897594619,-3.256218127061894,1.3960286610885553,1.1228326377717006,2.660060397512609,-3.2963833532998086,1.4104606181541968,3.780147697237912,-0.4901189212232815,13.70954622276539,2.085760231601075,5.507677035460509,-1.277582227440746,0,-0.3122691336905348,0,-0.4434597067866086,-0.4077045932127099,0,-1.9801741105642812,-5.292240145434235,-1.881716173134862,1.800441462361313,1.0313235982649438,0.09114109271077808,-0.03341873708277987,-0.763050438949775,-2.8690492462929207,-12.136085700426724,-1.4957678680563191,NA,-3.88980046596038,-0.84636026001359,-6.514917870045567,-6.677387253939049,-4.890806558804961,17.810989789436693,0.7358384931187345,5.116205217986813,0,-1.379332213233564,3.5506688456909075,NA,NA,NA,NA,NA,NA
1993-03-01,1.6378892084036867,1.6129381929883557,1.8576385572935727,25.45963478660156,0.36429912785009844,-2.2812364524753446,-6.138761900688433,-2.363391252199184,-13.83409589510231,-2.8526555233045645,-24.489373203846277,-11.91885172651183,-2.7715399846546696,-1.4839513862774822,-4.08219945202557,0.8438868645864517,1.1481182373956678,-4.061471915419013,0.4400300452997996,2.8824050619357777,0.979625467319778,-9.936953864088682,-0.4917656176716356,11.806949549847513,-12.36011940935291,5.646710440956138,2.1893735097907805,0.9498597506412132,2.852501838178717,2.4266835738314785,21.55899221223605,-1.4845802725341528,18.609306609496024,-0.2105248292737727,1.8662945488565896,-5.315454903318037,0,-9.038406146826894,-17.319262090881526,0,-4.294424045432521,0,-2.7496526326324933,-1.9759149980462354,-2.2969840390993923,-1.1220785873232941,-7.352696671107406,0.2335492955606533,-2.413151996265128,-0.23279709246903924,-4.377159325803337,0,-0.5579393090290097,NA,4.431224320641247,-0.5972949188839172,15.377109615071793,-3.646237253735496,-2.6926921026907635,13.535231412174209,0.8759180089881191,1.4851758136026127,0,-9.207467894617682,-6.609011182898961,NA,NA,NA,NA,NA,NA
1993-04-01,-0.1806685225310467,-0.5347606326595145,0.30627895305457287,7.5090451355069865,-2.578411715571449,3.684733337077146,-9.475422429495516,-2.2486331942106106,-2.1314189036925004,-3.57616751057141,4.185042873988598,-7.898841131863044,-6.033192460960368,3.4289073478632304,-4.000533461369926,2.489755162172713,2.2574322038538597,0.5167970158442614,3.0013392317612464,3.4501879301061855,-0.3570307268377704,-10.985947107299232,-4.312351095872646,-15.620133941497805,4.3384696030972165,2.575115428521857,2.5169272614630867,-0.14508370611059362,5.306325552157282,0.5871268700806231,4.876982263506924,-1.101407323176229,29.408275240998538,4.533622684014382,-0.858183856842043,-2.8464012048472433,0,-1.2692826798418544,-6.222102299720866,0,-3.788298255073297,0,-9.890393607180048,3.581316675162327,-1.2177603532288472,0.017247687722310445,0.8497077164824951,3.59141880755649,4.886353443249725,8.021564836163876,-2.0628337345049097,0,3.598391431198422,NA,7.441964263074952,0.9575480990537955,4.095705086371382,-4.336722911513036,7.21319880657898,5.242479950266166,1.1560822401076365,-0.24600258408624676,0,-7.919704166119335,-5.096644359202784,NA,NA,NA,NA,NA,NA
1993-05-01,-1.45722068587264,-0.8075414005545678,-2.1639175103481456,-7.968816060369943,0,-1.5840929003762378,7.182107819259881,2.8398261664686015,-2.718363839582627,-12.187828280638607,4.665588809563848,-2.7779564107075716,3.9029343905735203,9.487231947477248,-5.505977718302724,0.8163310639160315,0,0.5141399500418586,0.012910722372883043,-1.9685279631710628,-2.0297174138265817,-11.008546538647845,-3.6913569141954206,-19.982347989363948,3.3584474806409914,3.189094188161379,5.135870058340935,-0.3192375435765449,-1.1821901852189343,-1.5592393436742347,5.923563292056344,-2.931109710725721,11.677310054462708,18.50776970947754,-1.3991474363435341,-1.2082895522923576,0,-1.9346526946198317,0,0,1.3823350342172525,0,-8.304140061502263,-3.2615525360162323,-1.5756022515210688,-3.5757050945631974,-2.4384079661987634,7.060295363355351,4.554872065931281,12.19246648908281,2.0628337345049097,0,-0.2810508822226332,NA,4.000870041467075,-1.6271403059483935,-5.222717296548263,-3.6675478558406027,-10.97480495841614,1.8350123945202412,18.92419996385284,-1.4888612493750841,0,-9.806121317621486,-5.370417897186108,NA,NA,NA,NA,NA,NA
1993-06-01,-3.9294110342194877,-4.703494870497327,-2.5317807984289953,-9.669362480247102,0,-0.8673781056959037,0.51660899994036,0.8608093846624837,4.581928221152253,2.12655989784602,6.639905666523949,4.138521616285434,4.216081082427792,3.8659073149750256,-4.127133175540454,-0.40733253876350517,2.8604810581663642,1.020417017424169,-2.8281539280758494,-6.095432419961888,-5.098258186474869,2.2743455231331033,-11.377651400391553,-16.96808181008912,-4.391031622630914,2.447203527849684,-0.7126344073125984,-3.145598898466684,-2.8924760263796423,0.16974330407072413,-12.959524059304805,-1.0993263313493706,-5.32142136203877,3.409657073643668,-2.124580198754411,-0.4306903845746751,0,-1.8779894651595797,0,0,3.6120400947432962,0,3.230614948544819,-3.320739525945271,-7.3656613073147525,-4.075294471959623,-5.708641700777761,1.2745920588808524,-0.5571625233669941,-1.9978718068067058,-1.0699960147714904,0,-2.784839250831439,NA,-0.4993148941742298,-0.8718126416405791,-6.082979449028336,0,-22.155654658565904,-0.8696810563916024,-2.4068550520519594,-4.342955792733605,0,2.395324102249319,1.3698844358161821,NA,NA,NA,NA,NA,NA
1993-07-01,-6.810722235046374,-4.935689697009238,-9.051400754083172,4.467244005159266,-0.7490671729157627,7.152882126374715,13.882434907987445,5.90018917767217,1.2829031580496197,-1.5569587541617413,-1.3847946131145483,7.169192845611655,5.358424613410673,8.220113717544653,1.6713480973741035,15.8224005214894,9.11603862787116,14.174628874341444,-1.7009718350840863,8.757719359931748,8.288894354154142,6.031333776722825,4.417729043783503,-10.500120040616135,7.082990961687474,2.776058314498009,1.367330190020974,-2.5820556459602795,-3.88817875442074,2.263773048882456,-7.0990250591796755,-0.6361368551984548,-5.579899501417973,3.2051798567681367,-1.8957913744614086,-0.2716721848735143,0,-0.3798675033215737,0,0,3.111641874601556,0,3.9014835511945734,-1.4576399241950533,-2.77847982560413,-9.39753109028203,0.17263707351968804,5.314830462101039,5.246095870261147,13.724389763703137,-0.8820343842972811,0,-4.714261133364506,NA,0.31112460141493603,0.11729772190289811,2.5296481046614527,2.272825107755594,3.9477661465260105,-6.817857430013863,-2.5911381784501586,-6.750200277994578,0,4.625101765075534,1.351371916672317,NA,NA,NA,NA,NA,NA
1993-08-01,1.0162689091795407,-0.5970166986503767,3.448617607116944,9.265883048270462,-0.37664827954769775,3.3568288555077626,6.8769655790170745,16.83598857811239,-2.7848952595033003,4.349163337479467,-5.94153252467745,-5.162436540530724,-1.0929070532190721,10.432505090054,-1.6713480973741035,-4.635410937155093,-4.454177562278794,-1.7778246021284083,-6.041358100457916,-0.9327315091255173,2.38375614572206,4.027389913794011,1.718482475410088,-10.139887479202958,9.223438360623415,-0.547654284864274,2.146117437482628,-1.4191675525744074,-2.8464605857044245,0.2690677396886332,-3.5777724833909286,-0.8608744531264811,-3.6080601148133162,0.7027161456745645,-4.10704108673281,1.7771164418063479,0,2.2578569684811534,0,0,-2.526384539741322,0,1.0473407889316277,0.05150656822605626,-3.3391298770519384,-6.445962878614431,-4.814354274373311,-3.463246388397856,-2.9541460635439165,-3.6871003477449316,0.19913713849257775,0,-1.5927756076863808,NA,-4.952076807413119,-1.3141360151165848,5.700362755995103,1.3947227480850088,2.3528505816710066,1.099963949605165,5.921185963184605,0.5571045049455492,0,5.495888428075801,4.59097013040779,NA,NA,NA,NA,NA,NA
1993-09-01,-3.6030660174223073,-4.281999718292839,-3.8001118178613957,0.4415018209116939,-1.1385322225125227,14.498975097473293,4.885193953736611,6.684904813709281,-0.9543271308284251,9.438655892999448,-6.871574247960854,-4.054609439434998,-7.056396371899254,-1.5267472130788384,-1.1299555253933669,-5.244647537254288,1.2345835822300089,-4.119575643826767,-7.8787934891628275,0.5864536464169845,-1.2978568564301796,-1.4458083175229675,1.1193002474471747,10.14844070163472,31.05066694260029,-2.549795051684045,-0.6060099924502876,3.509068139515481,2.142405282822896,0.06198987697216829,2.1144468674910266,-0.7508541603482577,-15.96489295684691,1.8378334825150056,-0.5655057483345105,-0.024298384277013363,0,0,0,0,-4.96359839202869,0,-4.494483643404212,-3.3244783837246494,-6.789738114551547,-8.135220834406631,-1.114788020842905,-6.420774137405338,-7.8092581826880725,-13.69597865469807,3.2832604486776162,0,4.351321801205721,NA,7.5679266861740535,-0.34895981367537576,-0.06941856022644188,-2.2409901399583987,-3.264763301608742,-5.70313949072716,34.69196930194789,-2.8170876966695957,0,-1.0752791776262427,1.2739025777429802,NA,NA,NA,NA,NA,NA
1993-10-01,3.805086288190296,3.6813973122716614,4.138521616285429,-11.668232008019796,0,1.9219341586464656,-5.251473089532633,-5.896586332925791,0.47193965145592154,-2.497999172533355,-1.7759628684353879,6.021885999305482,-1.1862535309820288,-4.601295908722491,-5.5488685617652855,-4.322873455082021,0.4081638319648029,-3.325722175648238,-5.5215044631518495,5.4296708263542826,3.7351672155548243,22.022668001908663,3.579297925142555,-5.892084826782118,2.6960558510748465,-2.3652439707250283,-3.373388298861349,4.337709149790614,-1.3565137703563768,-0.3932531198577949,7.597430907714209,-0.5502701736356919,-1.5404500749550465,0.027486011756483464,-0.7093398267885159,-3.0722297795106517,0,3.4289073478632304,0,0,-2.568155379757897,0,-12.298490196054512,2.2632544990874415,4.087896281029657,2.181688228809442,4.550558725627507,2.4742039919850356,1.492421966188484,2.908573892914057,10.25758935307417,0,-1.2991010784407564,NA,-4.060471080722872,-2.6076427102847743,-7.587470486251879,-4.0467949552846605,9.99270619348307,-7.425376245892501,-5.283731687207016,3.646967978139104,0,15.954152846213532,2.500130220541674,NA,NA,NA,NA,NA,NA
1993-11-01,-8.307454425585847,-9.140216340711937,-7.723134793599007,11.226730187108103,0,2.196544899117958,2.5246782734783757,4.2206716643201805,-1.8040485418820085,-5.573150276173655,4.413134489301706,-5.334598070529278,10.201363230411786,0.12383902511459155,6.959329179919482,6.979576193554227,8.769003327628155,4.255961441879652,4.648272655126728,9.092280121265972,12.020226752094132,18.118491625589517,7.548882887169395,10.763498415469542,-34.34386102728777,-1.08080661960539,-1.065472833496231,-1.424809157474538,-1.5441730125315023,-0.02074043354941546,-1.6889290347309238,1.4480348629851925,-12.601506472397794,-1.9162369894482723,0.2067226932068622,1.3688615931830768,0,1.117330059812538,2.197890671877456,0,-4.447559607250096,0,-0.9998801415601832,4.079076842772977,-0.8624812099855106,4.073981352654954,1.4647904714792936,2.6152897719188495,1.7513110607866977,4.286273832397147,8.081461045211835,0,-1.6028956242403858,NA,-0.40314507332495086,-1.0601938352015505,7.099334400472523,5.453287902025039,6.465093368195163,-2.3455285471594145,-8.804950844640924,-8.027230243978423,0,19.2256678637305,3.03974771843718,NA,NA,NA,NA,NA,NA
1993-12-01,-9.904521655311083,-10.793073921337193,-12.006666304752178,3.4786116085415597,-0.7662872745569205,3.071201428489273,3.3649519302616837,0.5666571441973856,1.8358561696192432,-2.1356900742310225,3.652289551972021,3.367321510658794,28.17377155802623,13.415001312058905,14.085743271659545,3.315220731689994,9.429202258078462,-0.46403795565028716,6.75195862652096,4.294881326325317,5.2377847949831136,4.059451129616143,7.942864563397656,11.840135201577073,-31.662913023948136,-6.9977794666806865,-2.593248767171663,0.6679554498929097,0.6238954559868004,0.5791122699730034,3.8686142822999203,-1.326175803342089,-9.00265864056431,-0.6128881441696876,7.585292637878963,0.763362485507113,0,8.515780834030728,3.2088314551501185,0,5.107688528694343,0,5.616509030361527,14.161752239637604,2.9092806478967503,9.958586114248646,4.835922255535063,2.5016823763623464,2.312730128336682,9.23337420592083,6.863668270313195,0,2.7072293879790266,NA,0.3394219648349184,-3.1944304182504935,1.8906353773702644,2.4828861653870327,2.947125535853168,-1.7465939606894132,0.4782409880214722,-7.43376196458323,-1.8692133012152556,-4.272494466634136,-7.456869549750866,NA,NA,NA,NA,NA,NA
1994-01-01,2.6285862270446714,4.668711397265302,7.909258883721604,0,-5.1293294387550485,-7.47406333057061,-2.9215688297849374,-3.9975382522067617,-1.9784818015763206,0.5221504992900583,-5.016308306189643,-0.66445427186686,-3.3060862260887447,7.201859240348885,-1.7178336535083716,2.1506205220964247,2.1831261657234258,0,8.835239904925363,4.369822205558993,1.6456852694706647,10.504845449130595,-3.5329848495474714,25.062805701291502,-5.487884571443957,-1.678922365126223,-1.6342995476521542,0.9927875504198269,0.18473428714896878,0.04123711398642538,-2.0915795149973215,1.5070434089603957,-3.2763564387467525,-7.061495793036343,15.54842902827801,-0.763362485507113,0,2.0202707317519497,0,0,7.08042610912587,-9.43824562681006,4.599710381905364,6.077766352059832,3.393085282240449,8.583877609960311,2.2627925017777883,0.9296595039918643,1.2010987876728052,3.441901403044767,-0.24968801985876254,0,-1.2193877696258681,NA,1.4223853670825903,-4.082199452025503,-1.6565698413343544,-0.2728514653204783,8.340438610152923,-4.762887224728196,-9.0835473428033,-3.601043752303301,1.8692133012152556,4.272494466634136,-2.614528010432249,NA,NA,NA,NA,NA,NA
1994-02-01,-2.507594076821773,-3.2088314551500297,-2.6976587698201993,14.679770552199955,-4.555653160236717,-2.8240946210960294,6.117535983617694,2.347543362944787,-3.8624031205960807,2.175267082883381,-20.001975114243837,7.076907088820733,-3.767568883089023,1.7964554975298697,-4.2990184931368525,-3.243527575315408,-4.241517880072099,-3.791923486229365,-3.1722760780805714,-3.202509656818453,-2.247844820842637,-3.501608187124905,-4.164631277008191,22.479433581154584,11.217909641110602,2.929897074561827,1.5597422282617956,0,-0.9440393779086897,-0.33037403578217717,4.897886121688311,-3.100563335916373,2.8454418067219045,-1.8918101271739651,15.309205734274572,5.354018117374962,0,0.5027341714025191,0,0,7.804263030768599,0,3.325696292036806,-0.9636158623001378,9.647189338879514,4.3329090345118,-2.828841458245268,-1.2929588672626835,1.5911926622385053,1.9532810632677977,1.1599135843352038,0,0.2332573293427842,NA,-2.122654195097007,2.21879149753621,9.079184453415134,-0.5479465764625324,-5.740882364653377,6.059026229611142,-2.2187914975361878,-1.6807118316381153,0,-1.5325970478227369,2.614528010432249,NA,NA,NA,NA,NA,NA
1994-03-01,-1.2165600163201784,1.0810916104215362,-4.391923393483532,-20.39561193619481,0,6.184448127726269,3.5987324639971785,6.2255814790399375,-0.6087269388650229,-1.053482160066127,-4.46767887595847,3.058342337208014,-6.1170145805742315,0.19762852282116938,2.0461071871340053,0.3656311203110718,1.5477523068912369,-3.4401426717332484,-5.69224640392072,-3.1492174627922864,-4.179764017603116,-24.241904484253762,-4.075962545982481,-27.68547106259438,31.159268674565567,7.592526208796924,3.337310080154232,4.82533300138881,0.8265206873081743,0.08269589059237692,8.091315600936122,1.6197233582140314,2.3232232672343756,1.6965946836798196,1.4405609251730511,6.694453953528794,0,1.4775285582154574,14.280840322332367,0,1.4928216700716312,0,2.563829348573332,-7.239792043546078,-0.7005411733381095,-4.161129697318522,-3.465277422774715,0.5796058208292543,1.576263279131851,3.5145861974182457,2.6819974060592777,-4.959694113937196,2.2165078041867403,NA,-0.06421196928922956,-1.2618463959211512,-14.12804258441005,-3.3522692038643775,-7.710530565091478,2.7668190639316137,0.8510689667907911,-0.6802747322752545,0,-15.415067982725805,0.16116038943412292,NA,NA,NA,NA,NA,NA
1994-04-01,10.229584883945764,8.252102368800385,11.914265517242306,-8.004270767353638,0,-4.9953542383215535,4.016070506520952,10.42873848538337,-9.12141025823215,-9.079456898234486,-14.515949497843755,-4.939275532957637,3.822121282019708,1.664257697499849,9.415876919928312,-4.860769906537676,-0.34188067487850304,-3.562717764315071,-2.071386384268159,-5.305805263255348,-5.927527457002135,-0.18552881017459555,-0.5258308143754498,-1.9128830377745265,-25.98804856983451,-2.3543772703943477,0.9869976938773117,3.5251222187002718,-0.5558845275338897,0.41245676125845065,-6.345635360520152,2.13960214352813,4.951381976549474,6.026284838690099,2.561295817006992,3.857997392064977,0,1.941808585710092,4.824683353938486,0,-0.8030419943978906,0,-1.741034155475596,-2.602794450236612,-0.36511610280722806,-3.2665327362753516,-1.322955568287032,-1.80199254775113,-0.5963584789371978,-1.5389197747245342,4.008395158399924,0,-0.6375190630754979,NA,-0.7976283272356222,-2.572489123843602,-5.415368889711614,-0.28449521322313487,-2.664597620143816,4.7392485940656925,-17.758701971184188,10.67247723496405,0,-0.45146803545268455,0.9615458699442136,NA,NA,NA,NA,NA,NA
1994-05-01,7.6551708342872615,6.70107102829598,6.995858860691007,-6.062462181643491,0,10.320315645811151,29.69295118226394,27.923049159308594,12.398204045449784,-8.11390049139899,45.12884955571748,-2.564243061333765,6.7324814386254594,-0.9756174945365181,11.727087175274242,-1.9342962843131417,1.6978336534418048,1.5424470325631212,2.451392687800613,-3.2675018850647497,-1.439546265040903,-14.460186247079765,-0.2639559228279964,-27.767931453841367,14.922843205019575,-9.452272876534085,5.116828657439937,0.43105204091848925,1.358967311146153,0.63596480630147,5.061321151488252,0.8434843720675822,5.155380483625827,3.7877816389321417,2.528943993724564,3.1850817283267414,0,1.9048194970694432,0,0,3.3732357766936616,0,13.350747931822848,7.360448427145894,2.180047953374853,11.822405688133486,3.4060337971314247,1.096623616573833,0.027641316405180305,1.2533237447740264,-1.8977082173917026,6.241762956843333,2.699120277544864,NA,1.4983453838101513,-0.32626456348163746,-3.921200288445492,3.0857988359906052,-3.7068852501229266,-1.532429969516791,-8.443831914657451,9.083840041293145,0,-9.485779345867673,2.1770855121229005,NA,NA,NA,NA,NA,NA
1994-06-01,5.282742918129779,3.3387016032737193,5.9033531584193,-1.0471299867295447,0,5.653771388007539,16.281103420729604,16.854858155851858,-3.1344257078507187,3.863363263367872,-12.49462901641149,1.92932029346789,1.4913283850717995,-0.5899722127187701,4.0166041725334445,3.4552381506659735,-3.949010970663469,3.509131981127034,-1.129623982941741,2.318029381097908,-0.45295915890131155,-8.623134574883018,-0.5228301972333149,-40.547841420834615,4.895163374908584,-6.850897015753354,0.6932143746128494,3.805599232133483,1.4393498552008943,1.2195273093818293,3.992852851832973,-1.2307998188922475,0.3197212431425456,2.9337149710746857,-0.6819469771372488,7.0183489558306364,0,0,0,0,5.729450117798773,0,9.469282535985002,10.343680801768063,0.08716496520513317,3.156508292709681,1.1031436668651473,1.0976944145858702,0.7708710429734644,-0.5903543531144972,-0.9942479125198744,6.771817405495106,4.048237828333434,NA,-0.7040977763300926,1.2987195526811268,-0.5911477294035627,0.8253141756719984,-4.1570777782495405,-1.2046341174635877,1.2041743754393153,6.506359334706158,5.4067221270275745,-4.061471915419013,3.706964490170428,NA,NA,NA,NA,NA,NA
1994-07-01,4.089966140663659,4.950064377303098,4.36206224758906,3.1090587070031095,2.5105921131076347,6.1986432509612,42.26987155507948,37.793980895601344,7.577603731942934,-0.6768570300647314,12.475773910282156,8.541775115435174,-4.887240439317164,0.2954211897431058,-2.794593039055915,-11.166968485109052,-1.9452425926815842,-5.051579013690155,-5.23965413081946,-13.6695144816942,-12.025700989391552,5.68334747631658,-1.3300759911470728,57.720120542626006,20.740602712543588,-1.8627900965410227,-2.335399756216769,4.302689462136122,3.3594890555717463,1.1449356767208818,-2.3225867935833033,-0.3489213537325675,-3.7309597955755613,-0.13495538881542757,-4.563632670656403,17.47569230382993,0,0,2.8573372444056666,0,6.351252696511711,0,3.898560843908161,9.961178182820518,-3.6601623638228276,-0.880679788281924,-0.22795575097607212,-0.03890394664756158,2.671614173492909,-1.9738407812522896,0.6324131749467554,-1.4992784586141283,3.725040659536205,NA,0.00676132522232642,1.2820688429061367,2.8202096562028434,2.969178980740317,-0.5340912303688938,3.1457787488610833,0.10875476873994927,3.1010236742560426,0,5.542980493933047,6.68853891473864,NA,NA,NA,NA,NA,NA
1994-08-01,-5.065583635219539,-4.652001563489305,-3.411183450686339,-16.612687087397394,1.6393809775676393,-0.08378178558589022,-8.804428305309209,-0.8471684581285777,-0.7691375704927061,10.375516074088587,-6.6781275253795735,-2.967576814611661,2.8938189492354383,0.09828010619079564,15.183452360942784,-2.132276946882161,6.899287148695166,-2.0943173845243024,2.820542584472463,-1.8987259093892206,1.3455730908255248,11.016662733635485,5.967388449519184,-9.095363452807737,1.2356112291286303,0.3780722839906048,-3.6712650211902647,1.9283557113168204,0.7752590051248731,-3.6404630112522707,2.7357329211533665,-0.9144683057063396,-4.699347807449339,1.0653028365425143,-6.349156138687972,0.788189264156508,0,0,-19.08081706712732,0,-2.5145670808059073,0,-2.136409944211781,-1.6161616869337259,-2.8590563499305333,-6.079185759709027,-2.001219282196498,-1.339707965845971,0.0582425332551928,-1.624158990355551,1.548236414837767,0,0.3020711582697899,NA,0.23635883504931066,3.135052988407616,-9.478453479274007,0.5305052229693352,6.9801402931291,-2.922070333139004,-1.8651116626100972,-6.844776381469098,0,11.122563511022499,11.593729519401386,NA,NA,NA,NA,NA,NA
1994-09-01,-4.8202101817877985,-5.505977718302724,-3.858999726986889,-10.804148241108408,0.8097210232619334,-4.274464541201506,10.218046635385637,11.693345744874328,-2.7135312559372906,5.19268447426044,-6.502577165039836,-5.574198300823513,4.269942567382934,0,6.562488734979155,0.4301081899390269,11.332868530700324,-2.681125745065671,8.833305457945428,1.571091747158171,-3.4692986792087765,2.791242006294592,8.448883148602793,7.340813480664032,-0.8770447378126933,0.3902355437729432,0.42849556725012283,-3.6889133335587854,1.8890578136890324,-0.5399805436223537,4.004208027128531,1.0101635464751624,-5.456547563592373,-2.6503973277757886,-2.0621752251426595,0.44310881174103867,0,0,0,0,7.53253879200626,0,4.05987157917469,7.214137854828451,3.0452813974006787,8.2710678223755,4.904715002906546,2.9071664157883426,1.2273051204083174,6.092790657372138,1.784113764126971,0,0.8519045991372209,NA,0.026976901192110603,1.227009259181422,-5.873467655454245,3.6367644170874236,10.347031834274567,-10.78129340870344,-9.03391670823046,-5.02899258521432,1.7391742711869274,4.711792297706996,5.079216684010479,NA,NA,NA,NA,NA,NA
1994-10-01,1.6326893287631261,3.0962225603966775,0.6535970979785422,1.3333530869465204,3.174869831458038,-2.6110075905482697,-9.516716651406053,-7.5890566825736805,-2.2424086069806,0.6473272664582141,-9.129355053989913,1.8928009885518904,-0.1609010805700528,1.0747538723581584,0.32520353863771945,-2.608843608429723,-4.567003683318838,-3.8786025035157046,10.33659999131089,-1.061920386815185,0.6407841637831702,0.8624873781760023,5.186643068685992,-30.302850434910013,-21.507651504909774,-3.8454736944389056,-3.2593868390676266,2.120477388840847,2.685544365131359,-1.1941065737170353,1.2169083599732344,2.44683685081748,-2.8304254759491165,-6.718629242178942,-1.392670059644141,7.701367410016599,0,3.0693896924120168,0,0,7.890185324316956,0,1.6519292855690537,4.509646452479021,2.82564863436896,5.85141855165201,6.448183875727409,-0.46330152623301757,0.5067659169585959,-1.2680306178005862,1.8875607597908406,0,1.922396763849754,NA,2.303089680577153,-0.6116227017436193,1.8810379483056305,1.519016549397545,10.19914919540117,0.24858749942255898,-3.0771658666753687,1.1396134730869534,5.859416426605257,1.6597891409037224,2.7244522106565583,NA,NA,NA,NA,NA,NA
1994-11-01,3.676519382424326,4.7628048989254435,3.8343355197647533,4.53151962120425,0.38986404156572396,-0.8740950554509352,-9.851756516092202,-9.98369017219176,-5.263474668433665,-5.784512312998091,-0.7345799556914889,-9.156719352549059,12.828415555976314,1.8296129046937892,13.77837023630537,5.151353445010809,9.502693380328076,-1.709443335929972,4.680357004804847,-1.0523670968933807,5.650864123748978,0.9496747537257377,-3.1227857936520387,-8.683170870172209,-27.835129083696952,2.963007996792466,-5.0199218264338406,-2.2012439411956297,-1.029064771252719,0.23155467666442497,8.911399122395292,-0.23138888088380938,-4.245970366734664,-1.6586412480435797,4.5960341400799525,-1.792281630113185,6.155789299943359,1.7197390780294697,0,0,10.846572747822147,0,9.531481861327862,3.8813122368781094,11.831879779081689,11.307133833268423,8.438630009994164,-1.389915937720243,-1.690411387891011,-4.917160138545729,-0.7507542769735309,0,-0.8726009415551239,NA,-0.3002856617994709,0,2.7066349984646187,-1.0101095986503772,-3.2220238805068746,-0.9216329023053582,1.8576385572935727,2.517615489247449,-0.8163310639160759,-0.41237171838615083,0.32384946185102237,NA,NA,NA,NA,NA,NA
1994-12-01,-6.927165598814389,-7.4823791797744565,-8.161133544616295,8.489944378648623,-0.38986404156572396,-2.6619286275277485,-8.18194452944956,-16.71078736972087,-0.27375161868164466,-1.6405698975169691,5.326606847016113,-4.913268857764475,-2.0029281875572735,1.3270336920896852,1.6830691824473831,1.6597891409037224,-1.8585238303338691,2.272825107755594,2.9450125062373544,7.095317083352981,2.9040153221163933,-1.5238390104932442,1.573582140450469,59.34111467207626,-34.8321882257554,1.6718781919139003,-0.8161724280575711,-2.8762879906213623,-1.8887317691923033,3.3698278984667374,5.1065478006567355,-0.455066319585562,-11.948437116709965,-1.872210348149661,11.69443303341039,8.670123984449951,0,0,0,0,-0.7573824955154684,0,6.320620971527102,-5.056782240468571,-3.54020732749607,12.4213873200409,-3.301270662185374,-1.3356578197678992,-0.36928202117127995,-8.286007951502228,3.432011934327406,8.675958295581765,-2.8223723676695123,NA,-2.886701606771669,0.9160369398664381,4.856952879371912,5.913052322682244,3.1966044599327503,-4.119600557090131,2.224160893931959,-5.333084421196377,4.8009219186360585,0.8230499136515412,3.1820866611079524,NA,NA,NA,NA,NA,NA
1995-01-01,5.848194856695876,4.1122701183173405,8.972876996612955,-13.021463999852873,3.83188643021366,4.969272973056249,2.390658041320348,1.38196643838,2.7385676202094142,2.696065659268565,5.777213326985708,-0.7220247973487082,-10.664586287848987,-0.7561472700576388,-9.322612208579528,0,-2.7799888277596274,2.770260254933632,-1.209739075682048,4.268969995021621,1.1069494331445995,6.069236255009347,-5.269791707421145,-40.5474412554294,41.269712041967075,-4.489132897188542,0,1.6509472976120154,0.9565022014159874,1.5332154287314048,0.616524764193116,-3.2706163871275784,0.18534192823285167,2.008312559568015,9.247738381808556,11.512570099216957,0,2.4025606545035494,59.533387053750175,0,9.26005010709634,6.9672655492886815,0.7884289527511967,4.966813723378749,4.158312269413145,11.441240454102264,3.717179761848577,-0.19529194426004537,0.739621437748994,-0.13399495336516853,9.195061515563374,2.732410427455445,-0.19043439432708809,17.15634305279714,-6.5178224990122935,2.1053409197832273,-5.916996442503475,3.9864598563927878,-2.8036509121808884,2.0202336940221777,5.221687145493448,4.723495390262489,6.062462181643502,5.579135962841519,3.818765521016765,NA,NA,NA,NA,NA,NA
1995-02-01,3.0113980247974403,2.6699895155587683,3.42331716422426,4.53151962120425,0,2.786443660950849,-1.6559521032986302,2.368365856449439,-3.606879877555497,0.9472229940815258,-9.300806977784337,-1.6438726343159793,2.2258470600942992,-2.7899837528798876,0.9118604216434179,-2.079076966907323,-1.6455120726444505,1.086967223690305,0.3737885440729727,-0.2527499590318172,0.32383130207884747,1.327850121923646,-1.1852754067309235,48.19521972079832,17.531902728658764,1.572731188552412,0.3700461910846248,1.8273154000838066,-0.13828073187550638,0.06004203122438323,-2.394765350946715,2.963590411064043,1.3514259494199266,-5.248633309924777,5.4197044062347155,7.3895080013199665,-6.155789299943359,3.5328636104147826,10.629992389976195,0,-7.265497287266243,0,-4.461054499550876,-13.933449099124395,-12.364154859722909,-12.0279621029864,-11.370575595686727,-0.5058340477403611,0.016910867688579856,-1.0869443267041756,5.391339770560055,1.3387080782459204,-2.0382267395811837,-1.7875510277646889,-1.7359258149199364,1.183445764700286,2.603155175633587,0.45871640069057307,-2.1672470317542825,8.369226284624354,0.7941051372812424,2.9574992334826966,1.459879942115272,1.5384918839479234,-4.943636774603899,NA,NA,NA,NA,NA,NA
1995-03-01,-0.40272372006149304,-0.410678195265346,-0.9055298821555091,-2.564243061333765,-0.37664827954769775,-1.6827320132525136,5.526871126222366,8.083509458623372,-4.562232830050839,-1.0327269925326177,-10.723801646990088,-1.671348097374059,-0.630916919326463,-3.4742948443873267,3.858045237066321,3.3060862260887447,-1.673042825920934,-5.556985115480995,5.732033251179214,2.7821934077815413,0.6542672623714552,2.029182990569822,-2.652814789170499,-37.72590360727964,6.9763802950465355,-5.589335361085901,0.793885474617248,2.5034112426056687,4.435817029881312,-0.9246297030465755,1.2511892969510274,-3.2866388462538865,11.716507050760683,-5.404115803347498,9.050277354225834,1.8524748334573515,0,0,7.461086379117443,0,-5.971859238821509,0,1.599223284543072,0.9781287764706548,0.9826883914453077,-12.155847279505672,-0.9735279380447714,1.4444871329896358,0.7028890599974247,-1.5581958807211027,3.4635496662756005,1.9750477417416423,3.7363368621254445,3.260442218863968,0.8424277753530274,1.7493157447517227,-1.453657072740544,2.262539951797926,-4.529617507092798,9.144700803907924,-3.448617607116944,0.053951984044076085,0.722024797348686,-1.1516442061559218,1.1248712535871341,NA,NA,NA,NA,NA,NA
1995-04-01,7.2267034129495755,9.311655114586115,5.371606964897557,5.064373281875495,2.2388994893478786,-1.6156756315672538,-2.8435261548114266,-0.8609985807042975,1.5683419794831566,-0.08572402089130349,3.6647388093860087,1.1173300598125324,-2.0784121462261496,-0.9132483563272231,-9.458264248594794,1.2121360532344916,-6.658560475929587,3.3711057342311612,2.7901717720674846,-0.36529720986919756,0.5339040979420062,-1.6733107288704474,-0.9829896263809701,-3.0579207541871933,21.536949135487728,-6.092125769806778,-0.9105942993798897,2.595722781935228,3.0276811089767763,1.4235829385612742,-6.319241687011101,-3.367549224774713,6.101102459835683,2.3870982716895917,2.9006301283733715,2.0091799537225064,0,0,6.942850643176346,0,2.404558020867853,0,-0.7049315854556149,3.835994978048074,5.959060337154298,-1.7961947743316387,3.763162405961573,2.3049587982953312,7.261794638986441,16.414071791488418,-0.5486146036779438,-3.3137558199875627,1.0896477601594512,-0.3809998525906799,-3.6332368840131135,-0.28943580263645075,3.647936450873912,0,-1.691610678503519,1.306021181650241,-3.8145268259690113,6.92804964260163,0.7168489478612372,0.3853569315990235,1.2229168526411982,NA,NA,NA,NA,NA,NA
1995-05-01,-1.2049421929001713,-1.5654840626090571,-0.8658062743114314,1.227009259181422,0,-1.0941103466331203,-1.964606850998618,-2.7152713670218764,8.772342616936369,-3.9843377466181384,29.455931299969485,-3.6203048663960624,-0.48583091510767673,-0.8188377379358514,-2.2654690564805513,0.40080213975386414,-2.489755162172713,0,7.614779913198966,2.413458308961225,4.514606239737784,3.3190819591747633,6.453432114219115,1.8464591567665223,0.9800493351835526,-9.32833493813403,1.8320828702378986,3.1988908972676366,0.8242195302863187,1.3839683134559855,-1.2998016690844105,0.7103573076735259,-5.281440157054451,2.6934822155110894,1.015599636637221,-6.5988847715217736,0,0,-25.410577691817693,0,-4.780390109241672,0,-4.5875353161892285,-1.9917670889611827,0.9221498397460337,-2.2644819094011837,-2.4028616013106685,-1.4969683728685013,-2.4706554555547378,1.4876831563829684,-3.331155629424476,4.402978206944841,-2.802421714389247,-0.6991597470726418,-3.8215292606912032,2.292363990193702,0.8477646940116212,-2.4916351264534953,1.8312950146675,-4.568198068108487,-0.12158056208901868,-1.1642753637405523,0,3.0305349495328926,5.314792708377958,NA,NA,NA,NA,NA,NA
1995-06-01,-5.925727408808257,-5.767061053467248,-6.03348087438369,-1.227009259181422,0.735297430525883,-0.5620136215432614,-10.159230445061107,-8.962825513961548,-0.16073943585448447,-8.328736343429183,5.552443668985118,-0.732321638593042,8.104121000312592,-0.825598084701884,3.2208903369617126,0.7968169649177348,2.653555362596549,-0.5540180375615655,4.822778097317482,6.809341675793412,4.3195632734435385,11.35741141952149,6.929942480128304,-6.32840072666313,15.311284453622825,-5.3633888163136305,3.344919127052745,0,-0.5961692604137925,1.8288447466795699,3.623584845404504,2.6846356142099737,-4.006611121715675,1.105391001694933,-23.665458537654914,-11.089102022151998,0,0,-56.90945318899665,0,0.9800402484549942,0,7.6782471340807845,2.532619017883242,11.829098240974467,8.471563940560678,-2.600596259373944,0.6056075860726651,0.2694434657482425,-3.5908100948742527,-6.352790963164789,5.029976514832413,1.4066895709968108,-1.5528545726252396,-0.019735933277664763,0.8462673918733676,-0.36287232466141184,6.868701431986324,6.87695076262953,-1.332391919637299,2.28512649167687,-5.979757084204085,-0.3147806290730859,12.274582499851228,14.470614846979668,NA,NA,NA,NA,NA,NA
1995-07-01,-7.6577163972120665,-8.979229018616675,-8.1429136301995,-11.778303565638353,2.531780798428973,-5.22752168359562,-5.886452279652388,-7.291150510737598,5.089774730391083,1.5357988618760783,10.789989964356794,-0.8156968901968792,3.67418256532579,0.4136510551780326,3.7329373094038942,3.509131981127034,2.425341192850272,6.973333801467518,6.5855371398876095,5.778394817090238,5.4081215210898925,5.838465556319328,11.419744222094064,37.25072039334037,4.746077297224999,-1.6600113451027743,4.145014684936929,-2.2438951536448037,0.3411032301062822,4.061376000116068,-3.121659749500627,2.118488356062187,-5.490428818012116,-0.8989005763427649,-3.760569473323172,-14.470375619072456,6.155789299943359,0,0,0,4.398879592364668,0,2.6698739694714035,1.6373876393040554,-0.026987316125293148,8.810575221917638,1.6892957210036919,-0.34376285807500295,-1.1236588599420116,-3.7787655790309183,-2.63370615988876,0.6844319067274895,1.723167198120823,-1.5827545565469947,0.27201246740659046,-2.272825107755616,-5.593048257272404,7.2270862022831395,12.180009184935159,-6.981344046078419,4.077443096344346,-6.0151760659922004,3.547669340609083,7.622736538788466,7.086479619044805,NA,NA,NA,NA,NA,NA
1995-08-01,2.3554596409291584,1.315396354271936,2.6369359118967317,8.004270767353649,0,3.5222770368354697,5.055030543512085,8.341948270579113,-4.22882237058928,13.3963408204652,-16.132270331349808,-3.330997888153284,-1.0152371464018373,1.1287959773850886,-6.1388272101732255,-1.5444322427473622,-1.610340756657891,-1.5666116744399439,-7.440080889252343,-0.4340455853524716,-0.3364174745631665,-1.7808089931150128,-3.332308856368904,-2.920399696056064,-12.108139193147267,3.214515049456612,5.300282521448915,-7.882932367182738,-1.5874484230714137,-4.428348889012312,-4.575738452071376,1.829265577535999,-9.663632746319362,-1.4194323202452175,-2.6572819200307185,-2.743437378185576,0,0,0,0,1.5057295165899376,0,-1.27052625971249,0.2729829073778056,4.735461482536962,3.9693419683349163,-1.2149865314023955,-0.6650238822714094,-1.9302786828944818,4.41991850155532,2.431481621812015,-0.41498900029881547,-2.834063549980481,-5.38915539240552,-0.82620595295263,-0.5763704716750029,4.262094383785708,-1.8090945649039014,-2.861266482999092,-4.219681610985848,1.0221554071537575,3.0528091449696593,-1.2526259819180208,-2.7908788117076533,-3.4367643504207734,NA,NA,NA,NA,NA,NA
1995-09-01,2.123051901883244,4.323352128963931,1.8053359435657779,5.001042057466126,-0.7168489478612594,-1.124567011532096,-13.055408760816768,-12.356627692779032,2.940136480646877,11.39394945240682,-5.4124163407352714,5.109166115771119,-1.3206354813609877,0.10198879007461414,-4.992717395650725,3.442022388647903,-0.32520353863771945,8.08520966290951,-0.047689447229437576,3.1452070965340972,6.963293618902355,5.793539876872611,4.862234102880869,0,-12.379434476392099,4.536069861023351,1.9317836365137009,-9.628031114571867,-0.7814800986937098,-0.9917436657345902,-10.489474946403131,-0.09552572393918268,-6.092966282028911,-1.7706706361876101,6.9465572984763195,3.7206560010808962,0,0,0,0,-6.990225609156031,0,-4.076930956311564,-5.082076838982896,-9.980951048950004,-6.220495450043906,-2.8193409892935506,-0.15911732388236288,1.0082074664250484,0.5781484005827009,3.5789107851584845,0.12223446088626133,-1.434381414592334,-3.0777405809693903,1.598773963487643,0,2.501450907725822,2.404925523267032,9.68900058128943,-6.092012893947096,9.17084264894994,0.388997434117222,0.6421912339833913,4.308358613631125,-0.4380208492561266,NA,NA,NA,NA,NA,NA
1995-10-01,-4.230115637822651,-4.012696396057791,-4.7768322210547165,7.62833047496308,-1.0850016024065656,-0.17910238695307834,-5.495221358435498,-2.011098582574189,0.48921887080036197,3.1393271753536514,0.5553431548629972,-2.876218475962247,5.8798296135949,0.9132483563272231,4.83024782295054,1.862251209800192,3.8343355197647533,3.809984623226992,7.248482767171094,7.654653100450659,7.425950643864354,6.158071123867526,5.079482272231672,-18.26062126892155,1.598173825274607,3.2084369640862698,-3.2009435777379247,0.17996503720114632,1.3707739348355175,-1.0806667700022587,1.0422792676094916,0.013014708498193528,5.326222024726768,-0.717303489699983,-0.04478169001321808,4.570649013866213,0,1.680711831638071,0,0,-5.037817609552153,0,-3.5601160351033556,7.537256786244395,-1.7117592509938717,-4.172357799121862,-0.722539143000045,0.020882276244016396,-4.0346914402148215,-1.0255930541509972,6.453852113757108,0.09768010544681793,2.0466103756783482,-3.4547807453903623,4.267354912131383,-0.28943580263645075,3.9498012682778416,3.310915860727892,4.441662516600875,-0.16698612962011694,8.399997441273843,-3.9597933487711234,-0.5022331985410577,5.565125454937725,3.332778452742957,NA,NA,NA,NA,NA,NA
1995-11-01,3.773267092706911,4.606875208932859,4.200092397463084,14.197026127038725,0,2.855721340681111,-1.598711997322888,-1.8145045329794884,4.359987027111478,10.860224137707286,3.056365154136542,-2.6369885935093595,4.360363748213203,0.5037794029957077,-1.3093476747019217,3.97882500584128,-2.379176455733667,5.012438718256895,10.964590763516568,2.169952774092021,3.3925869854737556,-11.65749314165856,0.09812099104458127,1.7640854208857082,3.2476175715940525,6.135022349296748,1.5713764237664962,1.5642487123711746,-0.3589121647701532,-1.5930245282943623,1.410890896867234,2.0353359304056795,-1.2478110357493577,-1.030509058955964,-2.163279852499611,13.462114682891386,0,6.890397864721098,0,0,-1.2168195349122612,0,5.658997063804971,11.026164460956345,2.6366577042161055,5.363304232380983,5.135967968272137,0.5647747460594488,0.1114098301194133,-1.1039291840943655,9.351079910534477,-3.4263530440740375,-1.874697356873245,-4.606697477307886,-0.6308695350903171,-1.166193974784302,8.4441029536372,14.258985742618169,2.1565414773455416,2.4574487444748883,-3.7667417771739764,2.6197397950229018,0.8911225775431131,-8.62346779214569,1.2992674123304404,NA,NA,NA,NA,NA,NA
1995-12-01,6.493661031518849,6.20175737062425,7.7270428670278335,28.39988270354845,-0.729930248161148,-4.060424819386416,-16.46109247034061,-17.56748438280732,-9.437620900904175,-19.715520346336845,-8.601789842258324,2.7945930390559317,-4.360363748213203,-0.7060039410724528,-2.8406254159733635,4.845238338594626,-7.324404121445749,10.53605156578259,-0.6061591378594855,3.212853238592217,7.602030729440834,0.29325534212780724,2.4174605863842125,-7.7963993348525324,-24.139087022699655,-1.443985667450498,-1.8271528442234175,-1.789255659783251,-1.5654762376468567,0.4406175764675946,2.7265928097682135,2.025444129848619,4.578368641916608,-0.031502264486338305,-1.4858353072611075,1.3972467490594054,0,1.11387290263254,0,0,0.16128987038337428,0,-1.7311844670212295,2.4911335250910938,-1.5367441357211575,-5.002247862852371,-1.2300037929596996,0.5512792997423688,-1.0732249562567908,-2.634540476545766,1.8904848601933644,-0.608058625462693,-11.098003736152151,0.37631027355322644,-1.476223609022309,-1.1799546931155147,18.196141279486035,7.208884919208014,3.4988702816936446,0.1018660087160228,-0.29571238897441177,5.681484099131717,-2.9827759948873656,-3.1548357734926036,-7.121063245828552,NA,NA,NA,NA,NA,NA
1996-01-01,-0.37383221107933906,-0.1114206243403526,-1.4380115982052466,7.805378813736652,0.729930248161148,-2.1197023792101533,4.066144880110101,-3.1750273493540204,2.686201435405333,14.791846594053348,-13.591907829066091,7.579383936953368,-0.9797139244983377,-2.979162286442971,-9.785579000375844,2.995232228335176,-4.413779082571168,3.9220713153281572,-0.05601568585635874,4.9094444109321955,0.8460837976679514,7.799082361785192,-0.9812488544550746,1.344361592733212,-5.973242467613105,-2.4894641538920625,-0.20509321836134076,-1.8994638017113985,0.2917580479522175,-1.3277201681676787,1.7531493574423074,2.435381391149427,-3.146855749529731,0.48797469032137997,-1.9283482665588214,-5.412834783284243,0,0,0,0,-4.153298033728259,5.551270993025881,-11.192200801698515,-3.0673419916613653,-0.2850070792632664,-2.8691350696067985,0.09817397214977319,3.0527602833076983,1.6428620263901017,5.333393912873929,-1.2587988233139669,0.05081300922338272,-7.740720286192726,-0.842600178368702,-0.28330799960094577,1.7647516813578346,5.664340270929058,0.3086422203189443,-4.151624022585132,-2.0724192125032737,-2.701514964604801,0.3181338844357562,-0.7454162955772947,5.9115187567580385,-2.239103283519839,NA,NA,NA,NA,NA,NA
1996-02-01,-0.5822159370380664,0.1670844164817442,-3.1884981862446704,40.66021178952395,0.72464085207673,1.5593137361042897,11.46352371985916,7.391713211490258,-0.32278279729735515,3.8606335897071187,-3.6118674662607764,-2.214112587721356,3.727139479723185,-3.6097337371013616,-3.2291504636523527,-1.9868203216725,-1.0889399799268062,-2.729214228800725,-1.305207056129909,5.4104301692659895,3.508685022790292,-0.3255564459765381,5.643040550151568,35.72021774984776,3.9770499445771934,-2.747458519908619,-2.810733260904741,0.9926855980125104,0.39252794457488305,0.7464979687568318,2.2199264643895322,0.7231753885702297,5.0518313216245225,-0.794602810117162,-1.3456443778406935,0.5148679155998315,0,3.9812254134742986,0,0,0.13895484317894002,0,-3.054104957888626,8.144033194017464,-1.2208283429746558,4.398131326371768,1.6254190155143178,1.3205697933508453,1.1320107959454262,3.530032265693217,-0.18798037270988388,-0.22886214693809137,-2.5016237477982983,-2.638592277181484,0.8779352519576289,1.4472032608534358,30.210280711115356,-1.2403259783420495,3.4821695445399037,3.6136100886603906,-0.6103782938017943,0.9483738098909456,-1.4493007302566863,-3.3797379583290876,-5.8176865231923,4.280253923476085,NA,NA,NA,NA,NA
1996-03-01,9.18967681416234,10.652844771684133,6.0441354153500715,-39.97993705724872,-3.6768847787089,-2.280962517572233,-2.6521055114427927,-6.33875522784948,3.3096265788692403,7.470796489556298,-0.8535101139070356,1.97294610257977,-2.0534602441707683,-1.5250840252466702,0.19286409064056542,-1.3468217050866649,-1.8416726786231408,-2.805795279515788,0.9363213130447079,11.480548659054257,3.7037858530506007,-2.3368761007829697,-1.6444026832306058,-16.69371547502073,8.790287076076686,-5.23117450855316,-3.0551728603626898,-0.6876014633065086,-0.6112666391549226,0.0200984826322137,0.7760180036664899,2.538102421785915,2.6351036143307027,2.0816055730877636,-2.1783359853568274,-5.366787733000472,0,2.5687343482379,0,0,1.306498236129272,0,0.9143517072039309,6.07392512006566,0.014525617566008009,-2.3873343995562735,2.6767326532529445,-2.1349925137736037,-2.1699191539970464,-2.3720345105346263,-2.1819047394640023,-0.6897459967700303,-0.3635900217164867,-0.36634792500418456,0.28462477232701344,-0.2877699827614988,-30.426985310110766,-3.9782493387150453,0.7570798365873266,-3.5947125698483795,0.8130126083250921,10.399618737777105,-3.960618889936507,-2.211780525361906,1.2603172153324849,-0.13976242666382532,NA,NA,NA,NA,NA
1996-04-01,6.292639762221031,4.976636634460041,4.136143843703444,-27.980358487970104,14.932363907894242,8.382054790820192,2.175774550726506,-0.2997154948533032,8.007216839503167,0.4946380281038998,21.245910230235342,3.4730456106583207,4.463215402076859,-1.771917898510278,7.959796672780239,6.876685724709208,7.861188756965376,9.309042306601256,6.395085753545882,2.9370765081066175,12.892298509418332,-9.414257243251,17.93215196597462,19.090131187340297,10.856160941403026,-0.2823772894164578,1.6196143126559344,7.083885699382186,-0.7767313909632867,0.08035355996832694,-7.475686635266543,0.5368201329726041,-0.20969759805913313,3.067779893292588,-0.5191977778744916,-1.302128361619248,0,0,57.78610251021492,0,-1.5783007930572523,0,1.3481432851678576,-0.35519665000656175,4.48909113588325,0.2628142037959691,-1.7541814243498877,-0.8516514101992279,-1.6675635930607058,-1.885848488021158,-4.749010463578784,0.8169562925153251,-0.5608249950105559,-2.90303442487021,15.855854331977826,2.560595090517115,-13.983485446099042,-5.505977718302724,18.599669227192717,-1.5443072515932244,2.6961193728019417,9.203967168216565,2.2526857364113972,-10.784852120640753,-5.831515196777204,5.443520655501732,NA,NA,NA,NA,NA
1996-05-01,-8.043269443255241,-9.426360723365379,-4.488670648271942,0.44742803949211485,-9.82176281454461,4.54364345905256,4.5659870927242885,0.5836155734718629,1.723223809021468,-4.85756379139588,9.286187906238085,0.7042282625412954,2.8685147998857907,0.22321437839405434,-1.795380361659582,1.8809331957496234,1.5345569674660275,0.3696861881326008,3.771520645746662,6.924848133667538,-1.5490935272125306,1.531609286476332,1.7317449625609882,-12.189777377667344,-1.6589504094897678,-0.8001075074873243,7.39549538677381,7.727975525656916,0,0,-5.047655313954724,0.2201496364687472,3.567569516070801,0.22993936916710922,0.20800270239543783,1.842524164679149,0,0,5.518223138809031,0,0.12781405112924915,0,2.3784723927388285,3.0451845494418706,-1.0625773775522873,-0.20287012073119115,-0.9225512289030569,-0.23446072057158318,-0.737149811714044,-1.0328199281222306,-12.425410587779151,-2.915207083118876,3.2900816773934416,-1.6587091500948503,7.825497878273557,1.1173300598125158,-2.8206633719160212,-3.313293485243296,-14.818247676927854,2.7202389012026984,0,-9.5827554999103,-1.1650617219975512,-0.7142887512380014,-0.1226241723244037,2.614528010432249,NA,NA,NA,NA,NA
1996-06-01,-2.9275576048576557,-4.547453723334005,0.0588408372375504,10.580684460966783,0,0.8753648788869028,-2.9917826646601364,-5.7421758849765965,-3.770914403990211,-5.471299752866909,-3.5118243197271526,-1.9486887673496767,4.768783078571559,0.7773498333380147,-8.3066598698613,-4.44517625708345,-4.853638926640791,-1.862251209800192,0.2536876655015341,-3.222631139697274,-6.035549352135305,2.7459981417489843,-14.231756871954815,-10.032910013963846,7.2237041070909775,-2.8252322551835296,6.916969051313932,1.5185693319807125,0.16170529065718253,-0.4427457423562764,6.625449126803917,0.2821008341751252,-2.2416397567115887,-0.692498055463453,0.02186987433538956,-0.9000229930276327,0,0.6491850564839474,1.5368030228314566,0,-6.955213801719928,0,-20.13790117687808,-5.341282938517811,-3.499162954716617,-4.0304056359211415,-2.6709996595524643,-1.7138865222055877,-2.3108869118205533,-3.8706419122290336,-2.1725226488804594,0,0.28244061606699233,4.203701871260002,5.523598873132007,0,6.822202392091503,-0.17746233583686433,-16.702426907259227,-2.2397310514421953,-6.618190688130099,-3.9182763209252958,-2.6798193154724093,2.127739844728538,-1.7535261064525187,-1.6916473666700682,NA,NA,NA,NA,NA
1996-07-01,5.635786942737342,7.07792698183396,4.542315762152738,-0.4024150299725582,-1.073355564310896,-2.803151385588609,-2.4114306288787635,-10.586399022836046,7.376855581766351,6.333367990932581,14.633519570264408,-1.6958732246959485,-5.155132561075959,-0.22148403295521035,-6.506359334706158,1.290340483590846,-2.5181186630160113,-0.37664827954770885,-3.724207256236234,0.12647023312117867,-6.643113136703072,4.71853073898556,-11.521310244398197,-13.1075727315915,-5.81848404655595,1.7963763995630933,2.475298265890996,-4.245389330852722,2.3373351185308753,-3.113729629872153,5.12187481875086,1.796808086583468,1.4897276707802831,-0.527317240945635,-3.9701913538777833,-8.4869328138092,-1.8072781059694787,0.5710059481891072,6.942850643176257,0,-1.6170732963585621,0,-9.038673507578743,-1.6200835291284577,0.9371476950105873,-6.786289841041615,-0.8364083411795953,-0.4682996304516074,0.3588200971699429,-1.88138689670172,3.1748698314580714,0.5221943981151611,1.6219060165007626,3.528971574176687,0.3164380783678089,0.2773926882725375,-0.5604466282132403,-2.883082571770945,0.26542815848733525,-0.42679082208989527,4.426867945058621,5.237805362808556,-0.9302392662313252,2.7683428748416894,-4.708506300981696,-3.743752707213144,NA,NA,NA,NA,NA
1996-08-01,4.264470269776677,4.828009019764856,5.362334892067411,-20.02227671231949,0.35906681307287247,0.39387213374821317,3.016990638192052,2.2466349353693293,-3.0054428088268192,5.214124607513426,-16.157060826138782,4.343865541142683,-4.351378618596691,-1.9026875054694692,7.485799093934897,1.5898586067797815,2.8727289636910847,1.8692133012153,-14.600650999397402,-6.420153714112242,-7.070103767738267,-6.49110299889637,-5.566716233417868,-4.671609022229384,-0.037925476893374555,4.1413520018902865,0.6618556049828139,-3.305906487137378,-2.9561672097865035,2.4865146247548875,-3.495221576754415,2.9233658584489675,1.448885181358861,-0.07223694029550032,-4.359888405431622,-3.6164857219794233,-1.223256843563414,1.6769159008754642,1.3459153374005162,0,0.318953337752248,0,1.1516999518572213,4.0020346247716,-2.265395736431408,-2.0941976628074954,0.6776308939098641,1.0067286188368385,1.6051951710781331,1.3744371176991343,0.9923998085987762,-0.13029317804158502,0.6582195881331465,-1.246909428023013,-0.8982393250026366,1.9204979836050073,-12.476664449731256,-1.4733231512983558,-3.421009313410206,3.186197082648956,-2.343459254774416,2.8157872304524822,-0.2183066514903409,-5.977174329991808,-7.3302819131159325,-1.2337373759840453,NA,NA,NA,NA,NA
1996-09-01,8.514782386631348,9.318760007400817,7.638864822211966,-9.827022143280162,0,-1.672920200185124,-6.143126826705858,-6.358850017710499,0.3677531007828194,7.389626227221402,-8.16400563581463,0.8465805887363897,-2.871010588243106,-0.6802747322752545,6.050994949247457,0.6289328907564062,0.7054702979889527,5.756985182147734,-10.641411903016174,-24.363509510415504,-15.674471500430442,-2.138957883346393,-6.980204917169797,-2.3092143746838767,0.22166026865392263,-0.5667878388828762,0,-0.21062761055055113,0.6188320912556278,0.1014301740271839,-3.6979003241087494,0.28073785998330436,-1.8347030140150267,1.584786469507815,-1.3037682434207554,0.11501745699212251,0,1.610698526250598,-3.040407917355026,0,-3.900534163932168,0,-3.398790951497954,-2.3945068116493218,-0.135930778129989,3.6698033656106688,-0.6576348930433795,-1.09282194409559,-2.5751843977623423,-1.8989778637471089,-1.6862910368260486,-0.6540245680609846,-1.3420190873515203,-1.3407736947884885,-1.1882575281752628,0,-5.879386563856803,4.8878507294185525,-3.0637731410481983,-0.12269027824496348,-4.318733268359054,8.503704268591239,4.12839546126218,-0.7272759329079115,0.6551263487221348,-2.5140988958101573,NA,NA,NA,NA,NA
1996-10-01,5.902876189560402,6.801851470673492,6.912448506966307,25.312438352614553,5.236798551731603,0.06772773709620705,4.5273838083659035,-1.928290149473566,-0.9740430314283732,1.7422512027333803,-8.201866077034891,3.0403063012009124,0.1386001607876608,-0.5704522029641446,-2.4142305321599444,-9.531017980432477,-7.478415042006947,-5.756985182147734,-0.962059798698256,-12.856208520613865,-14.000746541719522,-4.882822823125199,-0.3980830016621084,-5.427326854834236,-10.931721211571709,2.7409215525223574,-1.5410487777405224,0.21062761055055113,1.6750810424815465,-0.04055972474992231,-6.931908254839914,0.2581039365233906,-2.354614413296474,0.47832739731701324,0.02407608053039967,-5.004775589397595,0,0.5494519317641,-5.175762778726867,0,-5.179528609316009,0,1.010611734643696,-7.088710899456174,-2.6571250542293257,-3.995948872398003,0.2795249898304597,-0.541737235187778,-1.4676507559233443,-2.2315904390328933,-1.5926912454730768,-1.3210231736806577,5.925472721731406,-0.7459966601925494,3.420298290028634,2.9453266913495257,17.361138610069425,2.6156678648727727,-6.8715125269458,-2.356371375556243,-1.3001266557373548,4.175801116945932,2.5729646474545564,-5.244647537254288,-3.0305349495328926,-2.000066670666989,NA,NA,NA,NA,NA
1996-11-01,-5.3055920486758,-6.5807591851664515,-3.946026280109116,24.567266437423786,0.6779686985378675,-0.6384590050252825,-0.10231301363878842,-3.803703974868805,-7.234527673257057,-14.312645379312805,-5.589811836930142,0.5431389997206881,5.129329438755104,-0.6888660995184814,3.3274788884871676,-1.3889112160667239,-2.1053409197832273,1.4706147389695445,-2.391418309958837,-8.237889813708055,-7.10309006679859,0.7168489478612372,-0.8972718983770278,12.769805805392732,0.2719541251746449,-1.4982017372011214,0.2281196335612523,3.9543189776520826,1.761087822315749,-1.0808711326683151,-3.6972019869194073,1.7435093098363552,0.2134894461531367,-0.6958140238232602,0.9225489261306397,2.317443945518982,0,0,0.2174701835688353,0,8.129793339064317,0,12.884592743145173,-3.4696658324626206,0.8346230657448217,-1.2595722660025288,4.235605799661446,-0.8485793818348242,-0.5742941543757318,-1.934327993466578,2.4194728587056957,-5.185336161025544,1.1730922875698546,10.35470811426098,4.87291904186129,6.140035686425671,16.76428233365619,3.2178898364235486,-0.14527082927440205,0.2149699774878222,-1.4278111864288512,-5.268708170165004,-0.32168473419398325,-0.7722046093910251,-1.0876240144138904,3.960913809504607,NA,NA,NA,NA,NA
1996-12-01,5.362049354325027,5.4160205602483025,3.6692733359389607,23.168780309720603,0,0.42156858517719,-5.852924252351777,-10.725772215997232,1.7099709838917232,-1.6978349450614494,6.679447005193085,0.8711940602021517,2.2121917087270404,0,1.9802627296179764,1.043487729257997,-0.5819609053263619,1.8083675433294921,0.767127049665195,-0.04247547105444838,0.20821510456316972,1.3245226750020933,-0.4032836115263727,11.001456945294219,-9.052575300943577,1.128834166306103,-0.9769578543337265,1.363892382314269,-8.760505562044013,-0.12310219035099879,0.2113718816988408,1.4943584327445691,-7.99242359585195,-3.622434495362725,4.060730242367772,-1.0445612108629543,0,0,1.0803129913025344,0,3.4425955609302505,0,1.6546497259713355,-3.9566851757332877,-2.6278143794550957,-5.363996705284002,-0.9794585695882319,-2.370064742620226,-2.9975141058321775,-0.1407926026601336,0.13271402080627936,-0.9852296443011888,-1.0465057754465157,-2.626567836878735,0.5261847965818411,1.2330612457478685,16.51945622501616,-2.8742468865654125,0.246204473977496,-1.4547938516493275,-0.7773498333380147,6.780873872573512,2.6020548701896296,1.9194447256147384,-0.2676726260564699,3.542604784786807,NA,NA,NA,NA,NA
1997-01-01,-1.693388027763243,-1.8155449074532815,-1.7237789975055318,-14.33022332295122,-2.393276621162821,-3.163926589664939,12.698333205906431,6.34724589216209,1.1259666749176334,-3.294874175659246,3.4810837092830225,3.8489660882272627,-1.1650617219975068,0.6888660995184814,1.0638398205055744,4.068357663644306,3.817257350502956,0.35778213478838694,-1.7924677575809511,0.5676778642437874,-0.11351812778954695,10.911286527637643,0.017073101370357335,33.68021755854983,-2.162044890286108,-1.2411726915073307,-1.5302872240532506,0.3975029672170116,6.608650906278618,-0.9695795399521256,-0.46560930677652657,2.185786577719462,2.8674590677884026,2.307300541065782,0.8268044249319484,-2.0736959121959635,0,-0.3293087498469127,-0.5747142255567717,0,4.898407612798028,0.4987541511038973,7.098435007605097,0.5068434570459246,0.706849451499636,7.1930971484354345,4.730484350631237,-3.836904340661551,-2.9011339501856526,-1.0769703410564713,-0.2656044058116258,-0.3400399989434977,-4.856713823924608,-5.0462939873837875,0.029004996973247543,1.218041855687102,-10.83466558510322,-1.2079525654600687,-2.936777383037281,-3.6703349107962246,-0.446928118229728,-1.552269974050935,-1.3504012134657462,10.11692349937281,5.821373723212453,0.9327182875138895,NA,NA,NA,NA,NA
1997-02-01,-12.87862311397614,-11.932875459005166,-13.460608375428773,-39.94409935047833,0,-3.9498081961715226,23.684866629793966,11.52821049534072,1.4122406522240838,2.9222974670079505,-1.3622822107270893,2.511906009533199,0,1.3636574949545732,2.2668799812713303,2.2989518224698635,-1.3195290418832606,0.7117467768864572,-1.2608199557855748,2.7581634267349386,5.13784776973516,-2.560595090517115,-1.9421433243880237,16.355303250564855,-4.29979746309026,4.0747057280158705,-2.619685866622029,0,-5.285147438231625,0,1.0970574162611157,0.5817160679672639,-2.261836028500408,1.2646221005223168,0.6847597566736696,-0.8646057123071954,0,-0.49600542582508567,-7.866277645111364,0,0.2788677249773386,0,-1.2014737218713378,-4.747656826488722,0.0935302638563229,8.961502732318216,8.204431386992006,-2.431392842181257,1.3542979812637412,6.044350380030306,-0.33300064071877244,-1.8044310289467624,-1.1210997949655521,2.601182557913706,-3.190349457494368,2.155772107497911,-26.42770930326246,-3.1748698314580714,-7.012516422203685,-2.4603604090001063,-2.609336922786909,-13.278672697361404,-2.2525451444559863,-2.787636952825512,3.7229341768355795,0.3970885429492199,3.8926835163963323,NA,NA,NA,NA
1997-03-01,-5.485651951628023,-8.096327849241547,-2.7802281311951837,-16.09303668126372,-2.0979790469194404,10.436920412991475,14.530214216493253,6.209916500182278,3.650189939024817,-1.861127726124323,2.506995180974653,10.58255238038478,-4.12018409583359,1.122346236984928,-3.6878630385365874,7.503518594291414,2.6218730305118676,6.1875403718087085,2.045848141922857,4.758790911133115,7.314416620246789,-7.04348328038531,2.441661874540557,-2.667031179223986,3.119996519030166,10.410072965480532,-1.157941532572504,0.7910111703444578,-1.2925245334745705,-0.3322262191977843,2.731957985342559,1.450090244901503,2.875182335885107,0.4447956714035861,0.23096649988105789,0.4903172362952346,0,0,-8.030254917168556,0,3.2111565299930867,0,0.6397184525607891,5.079332089088062,0.4409626900445218,2.064511855097173,6.197036275011936,1.497758492898349,3.7347567557088013,2.4152940680471024,0.013341338156003246,-0.28943580263645075,-1.1409603237375165,2.141317585013791,-4.869081963911737,0.7083854888404906,-10.323519127762637,-0.7194275634026859,6.876068592320639,1.9509942092303056,4.275116695266412,-5.363467880440043,-1.1904902506318926,-3.597510245827795,2.5583553401745895,-3.6318719295011626,13.111209728419626,NA,NA,NA,NA
1997-04-01,-7.7975523474871355,-9.494585263449995,-7.576772357208661,7.195145352669674,-2.142939145589917,3.0636403651172097,6.120002893283449,-3.603267506864216,8.012679242216159,7.204732110058232,6.59574220480007,10.074738103522762,-3.7322922153975036,4.580953603129423,0.535237673859168,1.7910926566530705,0,0.33277900926744763,-1.9026988332244699,-2.539819060561044,-1.3969763496220367,-6.021885999305443,3.821625838858189,-25.984106854507626,7.253899698912136,-2.1184456785537265,-0.844709376180447,2.9095290787905626,-1.8917159132205208,-0.35420393319213206,1.7004458310012627,1.4473257280330998,-0.7797633868968923,-0.9042924794311347,-2.1613854694808365,-6.40440916095131,0,-1.8794296054031712,-9.193749532568507,0,-4.393426902168773,0,-1.2513488043692789,-7.796932354059827,-3.3713668286528886,-7.6341719209755965,-1.1542289090229474,-2.108425320788232,-2.085464523948488,-8.503635943764532,0.585263708374395,2.575249610241448,-0.7463256744500768,2.4258678975406234,-5.531268992759175,-4.327598348182171,3.2680425559087123,-1.2715884325302795,3.085834758362971,-2.310407623314248,1.3129291441792645,-6.437742568816951,-1.235141474216439,-4.112729142386318,-6.396298155333913,-3.4846731330167913,-8.071072718591202,NA,NA,NA,NA
1997-05-01,7.991019157977908,9.142586985917633,9.574376064684431,9.79475832687008,-1.0889399799268284,-0.11464239202236826,25.560036779745808,19.013489471804213,9.022342558586704,3.3067543450692183,23.407772764649515,0.37759642095350765,-8.21576185781625,4.482251055913888,-1.6143848371355851,-12.595240897761428,0,-0.33277900926744763,2.2229873664636024,-4.631333051893005,-3.2733327243755106,6.361444899419322,-6.124133055354974,-42.4336741504997,4.114198587169604,-5.140366357258619,-0.6710885321683069,1.555894443428496,0.20496656761880838,-0.14621412526545363,-1.7821451819508782,3.004073801804985,4.8837750359928656,-0.30361161066148057,0.579047052927506,-3.8900931158453473,0,-4.39042981615323,-17.678137641833924,0,4.005317769142724,0,5.021939851876311,-3.7907956518405506,-0.03676309726721172,2.2615616707517106,5.497483553716709,-0.1830571039000084,4.329817600833152,-0.48308258026501516,0,0.927885189559019,0.3379717739048438,7.859569532762123,0.8451051034496393,-0.9876623495912007,5.670811944605436,0.1826484526034733,-3.836368547428659,5.332300072566376,3.524123361111542,5.538593900856714,-1.4041744755230123,1.890415463915307,-0.8087854601698474,-5.390962927562359,-4.856348345801269,NA,NA,NA,NA
1997-06-01,-7.767555377836288,-8.685704409326656,-6.231936512956571,-1.801850550267825,0.7272759329079559,7.315617014775045,-18.549342672435998,-5.329752052743442,1.0378294102892704,1.865707110581294,3.787254069565138,-2.957890294607479,-2.633769588503565,6.511175130517355,-3.6836577356490707,-6.94723728147677,1.6498999380035073,-9.065436826813045,-5.2624827979192546,-5.824364953921268,-9.087170815660883,-0.4014209497205101,-15.10748965252775,19.267445696330764,-6.682413907170459,-7.72678152691083,0,1.6429964538391406,0.6906321596276854,-0.31403773322433715,2.9396117062797433,1.3251182137620887,4.701737208753265,-0.3504025246473752,1.5429428564861625,0.477758153978812,0,0,-4.174322903957606,0,-3.6147759159596227,0,3.834718278035698,-0.5999207291545794,-2.573453004030668,-5.781747085084277,3.2802130288083653,-0.8998015719559938,10.583524166727809,0.15357916025557916,-0.7989390033478649,-3.503134799800467,1.5917155534929783,-1.4846324830674718,-0.14085564627495106,0,-0.9135636010592307,1.8083675433294921,-14.845669101883807,2.4528459175552797,1.6649708236564642,-8.308564569739074,-0.7714897083511918,-0.37523496185505323,2.3390197275599434,-5.066317464395365,-19.926290866649232,NA,NA,NA,NA
1997-07-01,2.2621654304828986,4.729671470306496,-0.2887671657196833,-0.45558165358609015,-3.3152207316900273,-0.6417515637311078,-15.359240854738921,-10.806755447014005,4.836931569611536,-3.3051562559776038,12.271079684816433,3.8334431048453355,-6.4852542179560935,4.573825663742426,-6.792134714119147,9.59639882617438,-2.7651531330509904,-9.9699360223088,-3.5159034042194115,-5.494022853795233,-8.054628669212782,-0.9950330853167877,-8.56461305587839,-6.54125143367078,15.893091983934704,2.5772706385087996,0.6710885321683069,0.24698662183815223,-1.0061395991421418,1.8696016107678681,-1.842262755303592,-0.6239271307620697,-3.848853574001243,-5.410758076328381,0.9579636856813845,-16.941953546758164,0,-1.0644689511414285,3.62030486639604,0,1.547091505258269,0,-6.407778721550184,3.106237568042758,-2.2419367896327813,-3.2666644220233465,11.41828049040301,-5.0126307027138495,-3.6020342546241757,-8.42841381393411,-0.06686727096356648,1.4388737452099232,0.246983401255374,-3.615440182014673,0.5562714347235653,-3.5357218328236684,-1.5248165786379886,4.039179447060004,-2.9380992987851684,-2.513334314408322,1.8405427542715458,2.2531736530380986,-3.178867193199819,0.37523496185505323,-2.2230776855865386,-6.674567953004651,13.624143408978034,NA,NA,NA,NA
1997-08-01,1.9984462008927562,1.6707475671058347,2.7383342471360983,12.031660681147649,0,-1.471277102481261,0.20465964641012135,-6.754988445717208,2.6726039971725624,7.011988729767705,-6.539930625100587,9.497048665719843,-5.155780966485057,-0.2740979331422366,1.197619104671599,-14.385527596615866,1.6682499959935981,3.953083875663488,-0.3935291480054559,6.267463167630449,7.843435348898442,-11.583181552512123,10.049590176450707,-4.502248020666089,10.31446774375392,1.9982499587338443,2.274108161276378,3.532521490992302,-5.505083366581043,0.9830101684000447,4.156545292891178,-0.15868894994195415,-4.056155033860431,-8.375281352409836,-0.22885221118149612,-2.4697939119951093,0,-2.8340757201539724,-9.309042306601167,0,7.1847688296721834,0,-8.481235465690506,-4.218268651378754,-0.26308300444011223,-1.0914441131482988,8.550057446627246,-0.02777306339307728,2.1499036530934212,2.796501916796168,-0.13386882855970228,5.367616737505809,0.6813259481078582,-2.6355557773018568,-4.149947816069877,-5.278269957791926,7.498990397861238,6.658032508156797,9.781135353281645,-2.3540721327933944,-6.595796779179786,1.6444358226377354,-0.7704693009460861,-8.191712246788718,-3.0590620593952345,-6.6111025112062904,0.7282497120057185,NA,NA,NA,NA
1997-09-01,-0.20477619854872842,-1.3993769799462097,1.0078472767727664,13.95859015332288,1.1173300598125269,6.584211754741698,-0.4885440409346131,0.9399420343484566,-1.5035852484843626,3.8402549677546194,-2.37670332590324,-5.853168330320091,8.126296407876588,-0.919124117554837,4.082199452025481,1.4981553615617038,2.001886689049215,3.053672386008177,1.316595918230412,-0.6040167591082835,2.5896633321296214,-5.184746453196265,0.7474815686171254,6.832419877731577,-4.359554674579103,-2.7472251586399876,0.5407137855999056,0.7811834763098435,-2.7417523794399545,0.14255169912209542,-3.191131519582191,1.628225757188595,-4.818845357406509,-8.631905833420106,-1.9011657713972174,-5.291528012227348,0,0,-14.912269096854835,0,-6.022571391284259,0,-6.605590015695739,4.218268651378754,1.2430707358092263,-3.882240756151134,-0.7649381640742803,-0.36794871684371344,0.042388847658081374,5.1049736573896,-0.013396744611071654,0.5939542299296718,-0.6813259481078582,4.550443192414022,-0.1617871607682675,0,9.766021702704064,2.5438573638684403,1.6260520871780315,-4.3517529679172995,4.237922296886154,-0.1773330073149726,-3.776511819567263,-2.8867984000851443,-3.1309437652556227,8.114890247660345,15.764476131439823,NA,NA,NA,NA
1997-10-01,7.125451434161034,7.313963664666323,6.0001783291768085,6.80534632450156,-2.62679268206103,-1.3974275600252106,-12.438941526753865,-0.8425058169083288,3.063872377245014,2.763707604063481,0.10554623889921233,6.642794542542651,1.9324272826403366,0,4.105053983035756,3.2909734088797826,9.61288454251612,-2.281467776617152,10.459273639448607,6.984781596763945,5.501797196690106,-1.8085698514631154,-0.09890219380022103,-16.49482665646368,-10.322436739658624,-1.3649548062768524,-5.576925927591398,-2.073271890787476,1.9708419082499762,-0.18331810816609728,0.4393855680899339,-0.37730641684508015,-2.3255345704231267,-11.011126410688998,-2.4036431979097106,0.5052835738880657,0,0.4881034705914722,-0.9101314246345638,0,-0.17026780894981997,0,-2.646588228596869,-5.509249838205399,1.175675529897191,-1.917295153993237,-24.830667191904077,0.6330209963263833,-0.37978461642289574,6.204699025581184,-0.32206147000417573,0,4.212783358051286,0.6119720023763264,1.8816101086207793,-1.9152432214756043,4.029235330938308,3.243527575315408,0.299787584650435,-5.310640989610693,8.929438443479043,7.969664451252401,-2.9893530278142233,-2.542509836581086,-5.3423663331274795,2.618807595741046,-2.616810351201033,NA,NA,NA,NA
1997-11-01,-4.874026521463026,-4.3765027966759185,-3.632878129851491,-0.6600684031351944,1.134227660393461,-2.595130216775343,-4.5100040873447655,2.0185664138625157,2.2635603500494983,-0.5955829023587378,0.5154342302110537,6.839344092801647,-1.769957709940151,0.6442728222198824,1.6319491828601151,3.5339366445309217,10.109611687136866,5.971923470162199,-0.42931083597919084,-2.6434740713561666,-0.44412934968773854,-5.114476850664218,-1.1344534046440202,13.215324120117112,-17.323174045387134,3.8961193839262442,-3.5330921115847596,-0.7731700494322702,3.3907159555874533,-1.5822789782041324,5.392037069047628,0.19778798451977053,-5.7005798359528015,-2.6339887971558618,-0.6731667063054725,-3.7819633268585866,0,3.045068645023008,3.509131981126945,0,-0.5531922366240671,0,-6.794544663505864,-6.343967481552504,1.7238578997233134,-3.8476514538553275,-8.73736302085879,-5.9709289944746224,-7.565446456300684,0.8523986860930144,-0.26917916657120955,-10.043770419460962,-0.8346104426674827,-1.4953330688952882,3.412459784563504,1.6438726343160015,-0.11496313558354565,8.447523563532844,-3.8460820949032914,-3.423328114689017,12.885747598217812,-6.475856734816343,-4.6224492803603745,-5.28757520479477,-6.21428956141985,-1.300831351300058,-7.560433401948329,NA,NA,NA,NA
1997-12-01,-11.04965138745344,-11.12256351102241,-12.748720529719515,-25.93885638091691,-0.37664827954769775,2.4686861514201297,10.179091103051242,8.27371636766916,1.7974097095393882,1.6032976540051314,3.1636776409500134,0.5928665600674288,-4.992717395650725,-2.9797362804944605,1.7825783952600815,-1.3986241974739855,-8.325298330378494,-4.445176257083361,-5.208099395952104,-3.2690299822432323,-1.8871875678253325,6.578774053800274,-3.572536117868097,-2.24608123498814,-16.19322554832182,0.9924156299829456,-2.78333979318596,-0.24404693314084014,-1.5239950836184901,-0.08288438104007145,2.7929575616860935,0.07768402826986431,-1.732885176189658,-8.825782621207257,-3.800918375464218,-14.725485024677376,0,1.8252524977961926,-0.6920442844573493,0,-4.377116672910386,0,-8.435938114840269,-6.754860838006316,-2.581643224498542,-3.2132222220759843,-6.225638720434112,-5.818918316198296,-7.095398521119822,13.928491116167763,0,-6.771817405495106,-2.5464578508838542,-3.919199761121561,-1.661642662297913,-2.197890671877545,-17.87467897586663,0.6958970324303593,-1.817767320065311,-3.2266089732720715,1.7362982699788532,-9.435490182122397,0.216450300957316,6.989743961737904,7.975881838844856,-3.4974422271830896,-12.807070300971452,NA,NA,NA,NA
1998-01-01,-13.044329602528926,-11.918107127645872,-18.85212046734801,-10.39309228482319,0,-3.995251985090431,0.20174426189627503,0.9781766019199556,4.242098497245117,4.999682119922289,1.585647734803819,6.201433702344039,-4.896082719570138,-0.28395665080775956,9.27370037302957,-3.95024429762465,0.48115569972218,-13.353139262452274,-1.3585897324872143,1.1044993067325315,1.0917237496325782,6.576149088252858,-5.339902617853731,7.65437976257185,2.432351886333217,-2.0676298544289984,-0.8611463334918634,1.4495532164056524,-1.6482517488597304,-0.14521317768005915,-6.957013266117729,-1.3364413254901564,-6.862074069560098,-14.008964787117506,-3.0161753793004786,-7.037218205045692,0,0,-4.255961441879563,0,-2.9654395862483973,2.7802281311951837,-4.282584882829088,0.9450079776881282,-5.7384609905954065,-7.936411728551107,-0.4546702385686885,0.1246019820632327,2.283401880066638,0.8580815024634703,-0.8119124438503711,0,0.5298025637554993,-3.7439265708857583,-2.9744688658271956,-1.6807118316381153,-6.763106330110835,-2.528224547428426,-4.159275953497588,-3.7582911352269655,-6.257324045261736,-9.139304147516691,-0.9049835519917782,4.132819549284594,-5.740897133169209,0,16.970593026083737,NA,NA,NA,NA
1998-02-01,-6.187540371808753,-7.0698386397238355,-7.514180143424598,5.556985115481083,-0.7575793808457632,-1.6597140089438855,0.2140673600341092,-0.05983626800228903,1.458534490749952,-0.5951529701841429,-5.511896655127845,9.620104846012644,0.1790510773788334,-2.4953310076117674,5.9392452569028364,0,1.4297304700824576,-7.644169549994206,-4.571980684208388,-1.1662195397018849,0.25989170876963286,3.161305543494475,2.128891513784925,-4.616565094419722,8.750439299038227,-1.160601873679079,0.5570044047953387,0.47855236733229667,0.26823151036186044,-0.27024234303466566,-7.223208282567439,-2.421579028803933,2.7226183745464816,19.854344581348027,-4.685541728150511,19.5738004427115,0,0,-10.697211955216801,0,-1.3709195343119873,0,-1.410595222602229,-2.9009667866603195,0.69290530655017335,-1.9280598511139502,-4.970199062086422,2.8607961953061256,3.2163206092535646,14.517328711593635,-0.27210901143606137,6.294489530229308,0.04865672775240526,-1.5010935839530504,-4.072275320072816,-3.1566465967834523,3.1299642098015834,-0.5706149576854891,-2.244492932674458,0.795518177645782,-6.024293201655073,-4.332360671065638,-2.727776941249793,-0.40568006956149816,1.0767264184615044,4.959694113937285,-4.837605107129465,NA,NA,NA,NA
1998-03-01,-7.178298109684,-7.224954035346665,-7.51605712416521,0.44943895878392093,-0.763362485507113,4.631806110164133,-12.241417971004974,-1.4137996463859936,-11.795210997489459,-1.0735517488149604,-13.102179162819173,-20.59283832842931,3.3424395517278604,-8.093393722412134,1.804560246917486,-2.9741969198737728,2.799560748942742,-15.10402574128653,1.679983151896458,0.7293850166358418,-1.1341255675062278,-0.42140812468307587,-0.8101273830244615,3.860687036393984,3.40231556320133,-0.17218058613599485,1.969370842130952,0.4174288849509544,1.313948217594041,-0.22923840402429008,-8.566576636003354,-1.3178439561425392,-5.897815533425188,0.3918182950525484,-0.5948071201274052,-9.897691351867005,0,0,8.64735980038267,0,-1.9192807542451007,0,4.875583942300299,8.069791810886606,4.372250499984531,0.16545055653676144,0.34423441909732233,-0.5223879900973394,3.289175204242678,-8.64919855871662,0,-4.777393429448651,-0.05908625026354031,0.8702386934592354,-2.090191995893398,0.2911210207458437,0.07925347551478445,-2.4621084390347825,1.9676335694866154,-6.03263188853278,-8.35629526967887,-6.872183204905413,-0.07476635862309067,-0.40733253876350517,3.395509776549055,-2.4491020008295727,6.130834017783337,NA,NA,NA,NA
1998-04-01,2.8297869157101196,2.3423813674028793,2.2299380268311797,8.176595469656768,-2.718614030415678,-0.052305815855602233,-4.74301732756075,7.927827904668261,-1.5880510581986917,-6.0759537099158045,16.123461860658594,-15.682888007383532,6.6914588785312645,-2.237706582372745,2.5019700961661506,-2.2901764286684667,1.5220994010355149,-10.899028370840558,-1.2872696549274032,-6.408915767959833,-6.131509277900271,5.10398839034476,-6.521059643529892,53.241193471158056,8.329246793016075,0.17218058613599485,1.2222956434730676,2.115878311971686,0.6423475928238054,1.8193596727516193,-1.626807896517568,1.2014093587698227,-13.702399501312623,-0.029482317524109902,-4.0722569528044374,3.6123094392987554,0,0.6932436775644035,16.841865162496372,0,-1.3684357723017904,0,2.9825704423480204,2.2782442318458607,4.253831221508264,-0.03558956373606037,4.607734764167315,4.0884167352639444,3.632557277212456,1.5591666706669116,0.8141157583699155,-2.2201990292383567,0.01390578830680056,0.6341424716565847,-2.44113558809147,-7.545055458855376,4.225954431366752,0.29282597790878384,-9.290260671229067,-4.310025934410966,-5.434713729729612,3.723834514011859,2.2555957194193343,5.556985115480995,1.8207965519095204,6.091626620677726,0.8895393439438077,NA,NA,NA,NA
1998-05-01,3.8270594317198814,7.202536119619518,8.141190104147178,-12.296171113483489,-1.188132788675278,3.4959008880390052,-8.773021919082868,1.9687662647682513,-8.13471809878864,0.643546124811778,-5.633426446361178,-22.64551725928616,15.692076470107441,-3.0636969461889763,2.440896487892541,-4.743972507155991,1.350358103467375,-1.8349138668196652,1.2550202593240911,-0.9567655762980465,-3.01913410393313,2.143789921000838,-0.9495574493336711,-16.293605378520486,1.1024333571513112,-0.8886753128321767,2.502272800679667,0.7998024216724353,-2.9997250012115115,0.7755140908192404,-4.750233398500336,-2.96554724260929,-12.668190435363513,-6.806385280671989,-2.057757537821842,1.2993043145389378,0,1.5084276411822195,-5.129329438755104,0,-3.8410977333264817,0,-3.8703771994454073,-5.233231283854778,2.7595693887766615,-7.183504382538786,-3.327307539568558,-3.0262932791125685,-6.193968552957063,-12.874416737171202,0.8075414005546122,-2.928943506038273,-0.6346792123719247,-2.5399630960483144,-12.094442296743434,-6.140862812864345,-8.791745761057346,0.14609206396754004,-5.239252081202039,-2.572165264603843,-1.069528911674844,-2.7797951361031803,1.018561006733476,-0.09657171199588532,0.12698414404761493,18.80077959455999,5.954762555150344,NA,NA,NA,NA
1998-06-01,-11.691304823586535,-17.680518083206252,-9.138513292022488,1.3921338518607995,-0.3992021269537349,-3.310048819210265,-9.74797142055892,-9.242008372733778,-5.902886532660167,-8.063758322455305,-7.989452813573383,0.03209757690853521,-10.336466023211166,-1.0050335853502013,-10.772738066809318,-2.045061047129071,-6.463788027124107,-1.8692133012152112,-1.5603307134735012,-1.7782049868706018,-4.359092714680557,2.2525224211108252,-6.638115268759126,0,1.950764687746298,-4.423200897571045,5.6913894366516224,-4.099896537654901,-0.6279189065804047,0.5271707261472636,-13.051733644025099,-1.8390584104835739,-6.528418585944262,-4.6030445785469,6.876261968914788,-10.700922690994272,0,0.6556659256589548,-7.2004921956942525,0,-4.303123497948658,0,-4.245196162229714,-2.8365402390994277,1.6091932507878326,-11.476716962886435,-4.955381445472895,-2.2928873006205386,-8.999391707341786,-5.759111097454062,1.4373417533906974,-0.9290046907092453,-4.055236729647493,-0.989726377129152,-2.099269709339846,0,0.7897330150042681,-1.4706147389695445,-4.657514651774264,-3.965202841225679,6.1509745475411215,-8.352751978778139,-1.091713899534863,3.635522173346839,4.224230519830119,-10.307218513981464,0.09337280447767743,NA,NA,NA,NA
1998-07-01,1.7528514875479573,-0.39887039753216946,2.570966129484331,0,-4.082199452025526,-0.3895240528782984,-6.046578612708309,-7.129043418090575,3.6076056473809626,-3.1979252419227944,6.8071859062753814,7.687783508818935,2.274548398897025,-1.9264051815273575,4.32834177075101,-1.666705248521172,-2.7398974188114877,-1.2658396871923827,-7.2102273284370355,-3.634277071458225,-1.1148852129384323,-0.3847638452071145,-1.452810056290943,-36.64455090340141,17.10068115001012,-1.751678775666743,7.394806170323321,-6.8682015239101,-0.6661567037908989,1.0660867338085245,6.240158105198468,-1.4006165836400797,-1.7990719105970499,-3.1241691296941987,1.320280616200431,-0.028453549772272657,0,0,-2.7524673390090904,0,0.15058574574444705,0,-0.5725413941751967,3.332090486933481,-5.443672932151955,-3.4151206667649703,2.9756841652034183,0.18797319227843445,6.27027911307847,3.586807585266394,0.68475379489783,0,-0.24438742078958242,-1.0556295961295703,-5.947179161227001,-5.480823649499511,-1.4603697301239116,-2.247285585205905,-10.206930270153158,-0.01721367917957295,4.449572344566199,2.919180610080341,-2.895525225202844,-0.7781849289411724,2.6412099539776968,-0.8608374536599683,-7.648200545982714,NA,NA,NA,NA
1998-08-01,-1.681023242048818,-1.08412355009615,1.6889216752452363,-15.954152846213464,-1.257878220686004,-2.012306075800052,4.6609426966523815,2.8785645826434503,-1.4694557025326072,2.4955130408889636,-7.080377206420363,1.152324761443646,0,-1.382510499184253,1.9476271060621109,-8.319894385497406,-3.3225647628320587,-7.95120629277335,-15.18060128680041,-13.451258648901554,-4.763827127281051,-0.8828369893141286,-9.661464673592057,-25.59735725712944,-6.886394973306875,-0.874177752346672,5.081055240376098,-3.459343331534903,-0.8951686562438055,-2.021087388278464,-1.0045022343104115,-1.4022877035019476,1.456443545520436,4.039688685968823,-2.431770722523935,-7.27298232486655,0,-1.4184634991956102,-0.5830920310792465,0,0.12900223535421418,0,-1.840533378438458,-1.7545929856821907,0.6663635700142834,-5.826016914661736,-1.0144524464808846,-3.0367337438168995,-2.4746785238614954,-5.191867803446315,0,-13.543797089510434,0.5099821631525892,0.5107696757065128,1.0827321456528427,-1.7762456339840416,-10.799302086448792,1.5037877364540542,-4.145507356645783,-3.8847787547616974,5.0446707894464815,-5.159170386724954,-0.9460808504229146,3.1607843324558793,8.0990126029576,-0.2886004889135485,-5.5918684857472405,NA,NA,NA,NA
1998-09-01,10.01445949084161,11.736676751756914,7.044216691830885,8.294908298075077,-1.7021687569430566,0.20187633028725394,-9.671380773081662,0.6443725429519764,-2.9050812660793235,-6.008254960900084,-4.820483063602932,2.923930977542566,-2.274548398897025,-1.1668743834377437,4.2126780898358085,-1.379332213233564,3.8115632922512077,0,-0.1093493821372249,-1.7799172316067313,-6.77377724831576,-0.04668170939821081,-0.018528812356066737,0.3900844474961529,-1.5390119442810657,-1.2583834059921917,0.2959624456191634,-4.919121998598852,2.9980102588760493,-1.2945829624718352,-16.60884607951647,-0.8717206895022755,9.235828552457281,10.002035915178542,-2.663048799412876,4.385945785600887,0,-1.4388737452099676,-2.2173857494322213,0,2.364828634178906,0,1.6343902421521506,-3.1225926168231943,-3.682912741482447,0.5262275992230059,-2.9364608629903977,1.6995994451153074,-2.1990945483597812,-3.537270455710795,0,3.340524532995248,4.930563612308525,4.113739215960699,7.997053575371648,-1.8083675433295365,4.71255096762575,1.6284593764500421,3.689831340336003,4.076830180365931,-11.95086616238532,11.12821826918875,0.49307894324788215,1.8746042821055298,3.521188162948885,0.7199455142854916,10.927419274823965,NA,NA,NA,NA
1998-10-01,-3.990677311864843,-6.17480070684473,-2.0093411727487798,-6.155789299943326,-7.11411000252411,-2.304055844509323,-1.9243961042563762,0.6233021086232249,-1.9757279241946257,-3.8253844038487306,-1.2214650374623104,-0.8596041469797866,6.386728363813887,-0.23501773449527974,-1.288493130386037,3.189336377595353,-0.16273396593753375,4.0546094394350085,2.1913496911444064,10.149486805035135,3.0800165344444963,-7.261253296370906,15.907559488148326,-6.2753360046014395,-14.198860100168353,0.040406761947842096,-2.724653248211384,-5.52834699925957,1.9773012729759565,-1.248715497256414,3.149380384931222,1.84944929150479,8.154224606608107,1.3793322132341856,-7.709769983125048,6.519735502546309,0,-0.5522467166955813,-10.055560209738701,0,-2.8879735847548105,0,-3.788296639925637,-5.410994079524123,-0.981890685573994,-5.776057351422104,-6.134363024105216,2.376545830477017,-5.272979860683602,0.19983220750054986,-0.46037568980592525,0.036907178865153156,3.7805655938815796,3.781985840294144,3.616589378383861,0.7272759329079559,-6.084502664722757,-2.8296750212503774,11.090872465663004,8.249805721012926,-1.0416760858255714,-3.8099846232270362,-1.333099155774553,-3.267078228954823,6.0376390463540375,2.4097551579060017,-17.12314701229954,NA,NA,NA,NA
1998-11-01,-11.014702183597747,-13.992119072329334,-8.552217343816215,10.678806764901182,-0.9259325412796726,-2.9317860101995996,5.884050002293362,-0.17526506253252583,-3.380326219081531,2.013635388976953,-3.7306175965193145,-8.997193563186617,7.8824478385048025,1.4018921179330235,-1.8909654357292638,4.814934389758285,0,7.647036399183804,5.871816370495075,2.6750885108371314,5.0146685172912875,-10.11851442473457,2.8590068021898674,52.02910484300784,-1.1053941917363974,1.377487511309683,-3.0094014133131175,-3.2507877397701446,-0.03291097610748639,0.7926616388278851,7.718616495517883,-2.677299150442103,-2.1713011827504403,0.6825965070393458,-9.159752305584007,-1.3955321471351645,0,-2.389141803933814,-6.734134344847842,0,-0.7002668072299656,0,-0.7872611333255009,0.283688133519977,0.846903434139179,6.498667906191358,2.789025398183309,-0.6135092542214338,1.327979155038328,-0.7192618035565035,-1.554538712102005,-3.7598413557007326,-2.5704714161807196,-5.90626980469473,-4.4750611344847595,0.7220247973487082,6.886601814293991,-9.667062140180072,6.857162583256127,2.743959621830161,-7.048987775454485,-10.6748440932674,2.349482834775163,-7.798148781404635,-8.601882107687864,4.38426378641763,5.5773273770753775,NA,NA,NA,NA
1998-12-01,-13.20894313076213,-10.821358464023279,-15.019027861116152,-18.94797834941252,-0.934586241823776,-4.853705538286235,0.8731985238771611,4.7517501436585725,-5.388797601593199,-8.3388561406192,-8.554161980023444,1.5806407865017191,2.8835549639887326,-0.1160766235962285,-2.6787315963649583,-1.7241806434506124,-3.8178910741043737,3.0213778596496432,-1.1037219561657707,-2.4346158140570395,-2.203915748247187,2.829946952136453,-3.120134547009812,-39.628596272157864,-10.924958853513578,-0.17281493167662365,-3.3336420267591818,0.9113567635114617,0.5416508934103392,1.6280627503953538,0.22484551350103743,-2.528059196486687,2.4837918631916978,4.000533461371614,-0.1456900298165753,-6.8525867310203274,0,0,-7.639543026132056,0,-3.608853822319169,0,-6.590035528440996,1.4264430714947984,-4.112018499314907,-6.336606282156687,-0.8202299009613334,-0.8330536397668453,1.3191029217435535,-1.9450810157046083,-2.092805950051968,0,0.6776916399580557,-1.0314022448898896,-3.5528195963831166,-2.181904739463958,-12.86407921913848,-10.517565568872644,-10.191591920460485,6.652004730428285,-3.7783544128405566,-13.618040079609983,0,0.33056564741391625,0.7547205635383136,2.253243108069647,-10.74095187883615,NA,NA,NA,NA
1999-01-01,9.464043617432205,12.095261041766259,6.3178901621531836,6.669137449867235,-5.302446830822028,-4.584849420764642,-3.848219149169163,-2.1269275361649465,3.3486560302329105,4.131318325317901,-2.0256890770021685,8.133401724546147,-1.431384230527044,10.12160507135933,-4.788559603900477,-3.9916607405443116,-8.723290590929,-1.0531452052341628,-0.8712418979480496,1.739174271186883,1.0257631439457349,7.622736538788377,-0.7316136013077568,25.969692853416117,8.353892100745108,2.923839873710321,-3.0824626171201963,0.0033813861294529346,-1.2021552762027432,0.9966522038686976,0.39226724437977367,0.25358018415300165,7.516490235060047,0.651468102118713,-0.39767937813938725,6.294471706173955,0,-0.6709022409379095,-1.5384918839480122,0,-2.480350212269311,-11.653381625595172,-2.9188749178063134,-1.811643750530223,-2.8514384354396682,9.594733735809946,-2.7908788117076533,-1.589638836848195,0.9393193976072745,5.22840899072563,-0.5942874633528383,0,-1.1778297063274046,-1.7391742711862612,-1.7868253830845893,1.8215439891341223,2.8830961019814083,-19.700930221700474,-0.8972996670157052,5.868685995330125,2.6483988874471898,9.924103400945716,-0.7518832414027177,2.8419355039784655,0.32171609517757105,-2.5216996451365326,25.061374315222995,NA,NA,NA,NA
1999-02-01,-6.2191534772556345,-8.094727580396377,-7.01199309757663,-4.959694113937219,-0.4962789342129126,-3.118603562044253,-6.851111789459175,-3.7916305746496626,-6.1047008306347355,-15.6246863871718,-4.281026988414672,1.1363758650315137,-2.3873812904897207,-6.85723552352222,-11.916848862416174,-7.515272237934401,-11.589238826141646,-4.295723289864473,-3.1371021107890584,-3.3922785126860866,-1.147788784468684,-6.8159190738374065,-6.820073807078675,-8.947785538786235,-3.2632500779252838,4.941143693737837,-2.7059148114005893,-0.9132483563272675,-1.3510338098339014,-0.324346523956065,-17.29694512236741,1.9591871063720845,0.5094254521742947,0,0.7372931920646059,-3.952858200358378,23.53761197498443,-2.0524128048979406,-0.7782140442055052,0,-2.6285027652859227,0,-1.4356535901987044,4.255115070906701,3.0585427551029554,8.045366049982938,8.671652220347426,0.08704584383467662,2.4918556206382725,7.3379425322097624,-0.06879945231812457,0,-3.263644104055441,-13.621660981140504,-1.4853356704986886,0.3603607503298356,-3.3844558990356877,-3.969622348027446,-8.301928551509175,-5.048705546017995,-2.5900728432157294,-3.9188688045594056,-0.45385857030080246,-7.730892772860898,-9.659580243693977,-4.818550830096413,-3.9508290689793264,-6.7810859421755465,NA,NA,NA
1999-03-01,20.247259921057648,20.093803940171995,20.770155189931174,1.1236073266925883,-3.0305349495328815,-7.1369728415938525,-0.08604371551333978,-7.616671537274561,-2.8776321327002807,-4.4998453699536975,-12.220740475176706,6.453852113757108,-6.230388333615533,-16.740365067337404,-12.113087942606704,0,-8.205567852187023,2.1002387488084473,-0.14616971574659132,2.090741701479093,1.454571100237878,-8.883121370661584,0.2645391311038914,0.2302731877480202,8.461559242251127,-1.9748514875152279,-3.7426405519116965,1.8182319083190457,-0.5219306401710977,0.8894337996131263,-12.370144579653996,-3.6645022693468476,-2.6314297180684676,3.1951599806606445,0.7639456557957613,-7.603570519936969,6.757342483272488,0,16.52495728953074,0,-0.44417495464834644,0,-2.3255611292565703,-1.1551768202644475,1.7255595761971776,7.992065763852452,1.2406743423979627,-0.4779440101566834,1.5967641710254554,-6.275369027683708,0.06879945231812457,0,-2.916078324986149,-2.9171996492485697,-0.14242408153305464,0,-0.12874188705338518,-4.69427955585866,5.411156028640018,-0.6161507802863397,-2.320596309950229,19.938306036661313,-5.173231975829484,-8.22023100315672,-7.236783250347756,-7.010168668044159,3.5233022397191727,-6.717907850288196,NA,NA,NA
1999-04-01,18.65320893302549,20.452706870644466,19.010578614193463,18.325222228690773,-4.1890941709160074,-10.92666216830377,-3.16126444592566,-5.747100584813519,6.388220916000864,0.21731757279351838,20.61255402118274,-1.1345901666894753,16.67243599802868,-12.521807613046843,2.3857990453893585,0.9708814126960341,-0.3787883316936913,1.6284322886622071,5.849469555861031,-2.1544630290388334,-2.0781117019662787,-8.424747600616111,-3.0018256675200305,-6.078653394316924,1.6915534481413474,-1.950663497978511,-2.2106975182844297,0,-0.5925692443118802,0.26128042198051427,-10.628059434763415,-1.7302445268478905,1.5300844955301152,0.6269613013589748,1.9515136219383555,-7.363690360453817,0,0,-15.746743245325234,0,7.859184913570338,0,6.165047183159267,2.2394081579695246,0.6100528535672112,1.806073060900104,-1.0737048000956761,-1.1748701744050294,-3.515793694956759,-2.611684838821837,-0.6901338640692423,0,-1.6538434746622421,-1.6519239067714686,3.442129550660278,-0.7220247973487082,11.416739164562584,-4.11145498086416,-0.5903263929009306,3.8995874363588534,1.9701286615052993,16.78932748938906,0,-7.578313133654557,-6.928268455954889,16.039868033153315,-24.835684970964977,0.22944560735232988,NA,NA,NA
1999-05-01,1.2318769414449537,-1.0512580389086867,2.2472855852058604,4.546237407675735,1.0638398205055632,-9.83200534343696,8.413828584926208,-2.009320739819964,11.388419290854435,-1.098200048462905,36.397287845787204,-8.767879554184566,5.527568063184418,13.805315481478786,-6.913321251588123,-3.941396854087653,-4.9027383954674875,-11.535857232552704,2.2325124160414767,-1.7576274992959995,-2.648411920634075,3.6481377466420106,-0.7669628110172688,-24.2401120726755,-0.6484277647352377,0.2554932406676591,3.2225105348429013,0,0.3221160706699644,0.22055146784836221,5.534365798488006,1.1633921458589214,0.762016766640361,3.6813973122714394,3.678841688408216,0.9255429974160512,0,0,0.6182399908317926,0,3.4796681100411675,0,3.0339964359158422,4.186131559077211,4.641212585768173,5.652063079394409,2.068737885412464,-2.2109439931407238,-0.31970412558237626,3.9066408177171663,0,0,-6.89530792026698,1.2606948867841972,5.100407603256407,4.255961441879608,3.702737535119427,-4.194373790368822,-3.1188830467598905,-1.9425313914976705,0.45769876506520646,2.3369544569028733,0,1.2150817782512036,0.13577734604597325,-2.743477093419422,3.816126629451275,5.0098922126990075,NA,NA,NA
1999-06-01,2.033550613580948,4.076915296564421,1.4276686356682777,2.1978906718775115,1.0526412986987421,8.55037467686284,-3.5371390997860352,-3.5196241096556724,-6.382118709426332,-1.0064191930430566,-12.663534200264904,-1.9188780650868709,-9.348118981115228,9.275798352539155,-19.205296424417906,-2.5446665661164047,-3.776222803102769,-0.8180562357028798,-1.2217095251511267,1.2463898323928468,-1.3974934371588255,3.835426435739464,-1.417072864111546,-14.309386524926214,8.660611761808902,-0.3962932639285821,2.256233730708673,0.8968669982760247,-1.2261734008594094,-0.08014426395719365,5.319172874984357,0,3.905292554149664,4.706751085798899,-2.3676545590125384,1.0994613501091766,0,-0.7698267425752192,-1.7878439671508595,0,-0.6177140042509244,0,-6.047574065806227,-8.756554713404174,-7.02618710644991,-3.8580099327070627,-3.9009258053061657,-5.628635724138764,0.2160524977964151,-4.568868632408862,0,0,-2.457225056911927,-2.4567246700772927,0.17556643347178547,1.7212128881121336,1.9057863768646488,12.342164839357306,-3.8521092534372414,1.0306357952660328,1.130557622707773,0.785638159920321,0.7952328190495184,7.534943724178689,8.302333581167431,-14.055696030493614,-22.214931001151385,0.6337730584549339,NA,NA,NA
1999-07-01,14.68622303160525,18.68557555253907,14.155325499029559,0.43384015985983293,4.604393850140687,-4.367813464726187,-12.249563717876555,-6.33773698086349,4.852091481915122,10.493781305745497,5.186473419144988,-0.7479466431292603,-19.34383969002944,2.7772192619742953,-20.607073700561784,-5.837200622190686,-3.6327494448906705,-1.3160351167990747,-4.676837028661041,-10.886668475256123,-11.186894640609868,2.0281506419250306,-7.829394593378591,21.34949195370637,-5.118031083957297,3.3628255292595277,0.27848326622432196,0,-1.4150365531182985,-0.14040720389116856,-11.609527154266397,0.09004539027248626,1.6104974113627435,2.833050662622938,-7.250482989059631,-6.414098585107952,0,-4.987885549691562,-1.5810606026642304,0,6.5081971528796245,0,14.229441467055093,-0.06048997059133754,-0.6840793071440032,9.278884834871803,6.911946683840586,-2.0217546320197677,-2.187551812643118,2.9943647603824175,-1.9581045199107194,0,-0.5643725106068587,1.306027058059911,-1.4927614523260857,2.0270964373619194,1.5015369755235763,1.3022786222859573,-8.577966915919877,-1.5346168912130587,0.886427949890134,11.498426528761874,-5.99812644587332,3.4349480014637557,7.59615408030454,-13.877157928807815,-0.05863710779929754,-8.099081041053157,NA,NA,NA
1999-08-01,6.540498202812239,6.170705709198732,7.849272027978005,18.879407129957205,3.922071315328135,-10.884003203657251,-3.7368859002671173,2.4239640763944523,-3.8593632761931507,4.566335333152355,-12.757165326220466,-0.06007810333903407,4.179712867846153,-1.1722311607821112,10.410581034892985,8.38186718830709,5.219094962693394,10.411129625739424,-2.249946893771426,1.9571480632593286,5.9951076801227465,-5.761275278461042,7.7306114144059634,-0.9771096050024131,6.7396882428818365,7.8230888397921365,-1.184808988998426,0,2.081079490086646,-6.146550114960303,6.29035427928204,-1.2048856128872742,6.189470337637726,0.5571045049450163,-6.527799136589266,-0.7802841504227276,0,-1.723898097314347,4.594034747867148,0,1.9442744600641326,0,0.4635580538663753,1.4616337896183218,0.003824018661546802,12.33915365048226,5.312912337899611,0.2379235476939634,0.28607411659988813,1.5440919807426567,-2.633237434423563,0,2.682796597724657,4.5181513748445035,1.9693428890367959,5.845820048659411,14.83657937376579,-5.360708984035156,8.405664482596453,4.2095177304283915,-6.5959005673978055,5.7130732562179265,-2.728216949710527,-4.7654445705504145,-6.330471468864296,18.78520613576482,5.684026450417578,5.39126832613449,NA,NA,NA
1999-09-01,11.322296402344856,10.238874526866892,12.15676608515559,-9.387751480282901,5.608946665104364,6.043606708786643,-8.044406567577555,-5.712034108290542,9.724403076287446,9.145619213264434,3.9180887733434755,17.26090782606551,2.882043853549199,-0.11774681089109507,9.17084264894994,3.941396854087653,0.37758728148071796,9.843030714056855,-5.062817963073929,0.9528308202209956,-1.9795277084309504,-6.44021977783531,1.6838564362829267,-0.7857520033366594,-4.254901777475306,-2.8815750003072904,0.8406873876311172,-3.636764417087468,1.0160968031408757,-5.461284620226503,15.177255742229079,0.876848718132095,2.1634860091585217,2.197890671876923,-2.9715439942423165,-3.662483309734177,0,-2.5105921131076236,2.7028672387919173,0,4.184207043844257,0,6.047823240391281,0.8313587075370776,2.1244189947717373,8.608349729478704,5.439303149335917,3.087908114707716,5.790879719729514,-0.9819358307696646,-4.766695529756415,0,-1.3303787382918486,2.6213423598594687,-0.4541908705090081,5.52287579477857,-5.238561482415394,-3.0183352744520775,9.532977631222739,3.065092217400256,0.8282676903581532,11.584652129934403,-2.8047412555156193,-8.402337826969486,-9.432422951494068,3.0023699021702654,0.7125514931224153,10.132791492993897,NA,NA,NA
1999-10-01,-3.3597784966176825,-2.029381933981389,-2.6915777962902343,6.846779927746072,11.576079027561558,-3.7562650445352785,11.095092889546354,-1.7823318860023252,2.33764735361891,1.4952641547424483,4.2702918173976645,0.8810629682154958,-2.0086758566737473,4.5340623300445415,-1.8205964496572413,-1.9512814223581643,-3.5408021149456737,6.081451832340967,1.1827870443961608,-0.7778526478422698,-2.019505715438008,-5.491575759611411,-4.601109799916614,-6.322941405773519,9.32947985864917,-0.935637784284371,-3.763300508919243,1.8349138668196652,2.1007774907516485,-3.48659169026182,1.2170535620255052,-3.5080609031569843,-2.1937264206585816,0,-4.2224854366890305,17.846679911041925,0,-1.619828329760331,-3.1987675493397205,0,-1.2181256089383474,0,-1.509327939109184,-2.0311331472017358,1.6374330869885156,4.081237636691704,-3.851062858319043,16.014397281733572,12.695195441040052,3.83054401086651,-4.590459758372134,-1.9342962843130973,8.57562906895275,5.3913049655078815,1.5476631621314851,6.360524995457273,7.9775440588001345,-4.130289152897948,-3.377992676674957,1.4969393471744752,3.3233710616382695,-5.248516333478781,0,-6.2400889804798965,-8.33226970417762,-3.730705241281118,0.27864098873324195,12.964838166921982,NA,NA,NA
1999-11-01,9.60691931233586,11.357271670692093,8.083839652885594,-14.197026127038725,1.606460250380659,-10.237373671258124,18.53024715451558,7.458401239364642,-5.083769135835614,-1.4463285041451557,-4.2521906317205875,-9.621284272103924,1.8665294219360362,4.0588222897849136,-2.9296369488431395,-2.4938948347251966,-3.106345028892843,-2.296720717142975,1.1689605709029216,-0.4321679330389294,1.1913955878209315,4.9448275413981335,0.6454609776680442,1.5674824852954794,-41.99226758483038,3.931681661559705,-0.2901768699957674,4.445176257083361,-2.1007774907516485,-11.045699556431066,-3.6268087199315513,1.0873491443522454,0.10580145582252953,0,-2.6061053499241273,13.451576815638905,0,-5.037620732506642,0.9514819641338157,0,-0.11197183551630019,0,0.19874444132979008,-3.8553062414375283,7.30222821635369,8.234244022416526,-0.1306677306002868,-5.810543024107506,3.012529601754199,-4.89398344792793,-5.700855620442091,-1.9724505347778365,13.265831403843542,4.695351604570064,-2.086425315369378,4.384263786417653,-9.02640790336644,-0.7517638242301672,-1.7998236122616973,0.9642363029302103,6.958857278688502,9.313949920765552,4.348511193973925,4.59703484087024,1.3167710374647257,1.3072081567353067,-5.427553366122506,11.737403435005794,NA,NA,NA
1999-12-01,3.8031513493199665,3.9861793943596346,2.485132175615856,0,5.8043369649915295,-0.3585206730152446,9.324954697809352,5.765788940100435,-4.726361613384622,-3.164349163596325,-10.873472881563329,0.8079852679713451,0,-18.905596883930897,-4.420609250449559,0.5037794029957077,-3.31797674222285,0.07632339682501765,-1.0721752194140066,2.0277619646719813,2.0328691569655,2.4906539214355483,-6.297112269755889,5.050482406932311,-0.38266854656221483,0.6272473094163789,0,6.7252227009167775,-0.5914677149957748,1.5520228759096977,-8.50494131312689,4.032729804265234,0.45217118842462156,0,-4.455884614966925,-12.406538874068646,0,0,1.2547216052039012,0,5.400289314535378,0,2.1304817492555195,0.16711932028252718,-2.089426894814217,1.6694778603993043,3.140541241126904,-3.509253798125034,1.1704880812773766,0.06788800679700113,-0.5409073364011974,0,-2.282918788335042,-2.2837915129189312,-1.9585814067172636,5.477248965411841,1.964372377055934,15.185540996151925,-5.134217435736321,0.13057486897993797,-0.33120394928376484,4.83109845158145,-3.99358624285977,-0.22615916160564353,-10.245775599986473,-1.7467693040391197,0.19703353876686092,-9.337462782947242,NA,NA,NA
2000-01-01,0.8331728419294304,-0.8240187885455885,-1.4922468335579087,2.5105921131076347,23.361485118150505,-0.032656615976281445,-11.34555201296007,-22.790870668900425,-0.4786885569313504,2.49348024807432,-6.303634572567174,2.663079028353177,-7.22495403534662,-12.436148946820769,-1.709443335929972,4.423325497682562,-1.311036159984269,6.129758013444064,1.0585018755764786,6.773797416262273,9.800016125153377,3.2203140494634575,3.5293821381348955,32.157933399127195,2.857877245282059,0.5216022711536761,-0.4626068388782323,3.2002731086173686,1.6973771095702084,0.10261673553120243,-6.0197929857845445,-1.4638240093288957,-3.265949896802667,0,7.061989964891052,-1.447515265059257,0,0,14.678482251721725,0,7.781936163385428,4.2574716394889744,4.391724179515499,-1.471851633683574,3.545709693656285,2.758933669084662,-0.4232631393085384,0.44061475257057836,0.4249378646145274,0.5973629478881914,-0.20359694850986543,0,0.25919663599127674,3.3364292721351774,4.232207393416443,5.192761093276421,9.119450346625957,1.4008434529392488,6.822496139611456,-2.387791898021341,-4.287337471469588,4.4618459799044885,0.8818399297520152,1.4237782662772425,1.8823334519965762,-8.102213968131355,19.789633060193466,1.5826950459066735,NA,NA,NA
2000-02-01,7.278793513894488,8.764422109346137,5.828106521794396,9.079209982953573,2.9327615094520088,-6.9420678980107215,-7.153002875166425,-8.468784789929366,-2.3235296729345545,-1.061820555842674,-20.014548536604444,11.517361655031188,-10.129133405110036,1.6939490338157448,-4.706751085798633,2.843793532053329,-3.256990235399826,4.131802729318412,0.3140148665349507,1.9741672769288954,0.6137384661334622,-0.16583751727763385,1.9648835731622682,18.23181008375272,-7.530806583445759,0.631343697979847,-1.0357420400453565,0.7843177461025697,-2.531353520127677,-3.522869188374378,-5.635293655113172,-1.7712152589805186,-4.757120572317675,0,12.463422699429708,13.366710545637911,0,0,15.221081500943168,0,-0.5975156187377983,0,-2.367860935442856,-4.262408331027512,-4.939681259900297,14.99034949600393,-7.383393698416008,5.32153346604165,16.422608825273777,1.1212491328815632,-1.8512698742289224,0,-3.0357939998874706,-3.0346862458338286,-1.0728806803935953,1.4354313451683254,6.643542817770687,-3.969622348027446,1.5104506274848717,-3.8684532324845478,0.5698021114637797,7.115164465787771,3.6210852750180322,-1.2980711472721396,-0.9739649297538122,-7.95120629277335,3.7864131252917237,3.270311610385029,NA,NA,NA
2000-03-01,0.9834792481176802,-0.851118327252065,1.6195027683538754,5.148195583514347,1.4347448408141394,7.7445011778928246,-2.657225567154131,-5.495468843548334,-3.412610869983612,0.9084714924380455,-10.83842476665025,-2.0396627907645737,-6.826797112900351,6.427671818642899,4.993695328593883,3.2186686495901284,1.5386411689527257,0.69106065693747,1.4077113890837545,-0.10515248077203054,2.026277893625661,-6.536874119356018,-2.0877975961063555,-18.23181008375272,-7.843188341195595,1.117579803513058,-0.6615623014226024,2.3167059281534286,-1.255498476205552,7.395618677795124,-4.000533461369926,1.4854984249955905,3.6059162972684966,-1.0929070532179175,6.432743934259219,-7.712932778840825,0,0,-1.5374167249587956,0,-5.742927675837617,0,-3.4713192686057326,-2.4841827966464614,-3.3210558478389274,6.290802681339613,1.9446187782787838,-4.5961180790969,-8.088166821380227,-3.5264913371997553,-1.043487729257997,0,-1.9239001140497258,1.0611607617710739,0.07410701391473706,5.768611833768267,4.01150999054618,-4.69427955585866,-2.9102180544679612,2.189375255503201,0,2.158831159090191,3.2489321529939996,-5.952597931402703,-3.3534781086592247,-4.225980928988271,-6.198206654715281,-10.819402607700413,NA,NA,NA
2000-04-01,-15.809929231422215,-19.780299149555212,-12.966555495046794,8.25210236880034,4.72967147030654,-1.512624737966993,-6.266998679310143,-3.9613100837342854,2.112953587265587,-0.737158140601224,10.956496279219174,-1.5883046173003068,-0.36297680505787966,7.426478944485382,6.382193207071918,3.5559302036487495,0.7537069925467321,-3.0196399231016358,3.3699918445841526,0.1576872862881551,-1.2616041393496147,-4.995363143272957,-0.5597472040928864,-1.077823536762501,12.049048129767392,-0.33396446491218423,0,1.5151805020602538,0.2765297303115255,5.401528940487155,16.18532243805464,0.6008039735485582,1.724449318372745,0,2.4012729380474775,3.0887142878857743,0,0,-6.397529949497205,0,-7.908040280005757,0,-3.5485008192803313,-4.685458110761864,-1.3539894367815108,-5.52540344823047,0.9982257577790143,-2.3672671299076242,3.730675857538923,-0.007897802440592905,0,0,-1.8763201166541954,-1.876265910827879,0.1665402579555053,3.9565600206191265,6.928567393257268,-4.11145498086416,-2.0792931252165303,1.3740826226698921,-1.526362598433817,-14.660347419187536,2.188980795273432,-4.221184880930906,-2.33733511853087,0.17969456767019665,-3.221306906697091,-1.7544309650909473,NA,NA,NA
2000-05-01,14.700364717533487,19.305932268417347,14.195023490233494,16.68001808913313,-3.5965148693515303,1.0471299867295336,-0.49022061935277694,-0.2963570714320119,9.988378362710382,-5.732407274863515,36.6337043955957,-0.9901070982711646,-13.40510081207551,0.48627477458031976,-13.815033848081715,0,-8.033172205685801,1.7416044385908158,1.688075649737808,1.2007453063055173,4.78539576307071,-7.818180925329266,6.474066986026372,-13.920978814770669,19.710599486878543,0.4561391899444267,0.8868852150221734,1.4925650216675468,-4.356565827406134,-1.5069745980860971,14.123747342407977,-2.0956816275784718,-2.4448036703047293,-1.1049836186590056,3.0221139114676943,-2.2857316537612693,0,0,8.901137765629663,0,0.6600729181077902,0,6.171622500366247,-2.1604296823110936,1.2329884136764946,4.0568084107318825,2.5652533794885635,-1.6220078787037906,5.539601133147265,-1.6905849619220925,0,1.9724505347778365,-4.439523067350315,-4.441474202221407,-5.307957092495874,-2.399242674322122,9.915004637885794,-4.194373790368822,9.120469480208726,-2.449265455891858,-1.5511938940044878,10.949283273590948,4.354482794748549,-6.285241443929923,-3.0180617149991207,-14.2548586274712,-17.39500811680222,-4.282290822582391,NA,NA,NA
2000-06-01,8.574903487863716,8.203161251491853,7.341370093258748,17.859020918109646,1.3986241974739855,2.8454160526391243,-8.540087335925438,-3.7752136937577547,-5.875772085012598,-8.241854454131998,-11.091556504794465,1.8484814674103123,-9.593407501017115,-1.3343678454247332,-2.8170876966695957,-8.18638700781733,-2.3349460816709744,-1.8171426519271172,0.2807198474841677,-13.324972127382484,-17.506527010519246,-1.3178092380555562,1.2142848071721168,-5.685094452955197,3.694704488523126,-2.734347567268547,2.3272782055375725,-1.4925650216675468,-0.5966928471492383,-0.28510354308390884,18.982934463022527,-0.5118295943697504,2.439653941951825,0,-1.7015572931228073,-2.637353596568631,0,0,14.429061177626235,0,2.6586611858616216,0,-1.8334412073136797,1.8035838177370422,0.10267694338068623,-18.599533733428864,-3.4292088758562933,3.7585540784650817,6.236245921116801,0.3608230671729329,-0.701757265864611,0,4.698595166827957,7.597438597212847,0.32312721553240387,4.531519621204239,13.105155332318219,12.342164839357306,-4.913544816894966,1.333293429991933,-1.899974343118238,9.996304102017861,3.581909780495307,-1.2218897366123471,-2.8967055352703497,-10.2374410303538,-12.319161861735594,-3.529390069237931,NA,NA,NA
2000-07-01,-4.998147964405941,-3.9426278585313668,-4.863079376088608,-7.770898432731621,9.531017980432498,1.973645225489947,1.0440142851511847,-4.4553217972817025,9.433911406885198,6.150197696445331,18.106821155349763,3.0068410742887686,-8.846864798760823,-1.4819278635681776,-0.9569451016150587,-6.865440473807816,2.727699845949516,-4.3765027966759185,0.2545178263750003,-11.365602454010926,-7.874799285196055,-3.6367644170874236,-4.072655961229543,-24.616568692071393,-5.968424486400203,-1.7027562802971241,1.0767264184615377,0.7490671729157405,0.018134010386072763,-1.244928695207792,14.129252488388966,-1.1926294727605757,-1.6145710890614673,-3.966525639242402,-1.8319477839767284,-3.2625608179154164,0,1.6172859245600968,14.64088817003697,0,3.7263946427388284,0,2.5999764335863595,7.460151777841784,-2.0925526974066244,-2.9745208482852448,1.6237435846746529,-1.459519668461784,0.09999822265047698,-0.5698935839838271,-1.2044070492845727,0,-1.0116928695224736,-1.0105749206380743,0.14370887836316903,2.5001302205417186,-2.937855015692925,1.3022786222859573,-8.521824529954003,-1.3805976533389774,2.6785790130866793,-6.108591259309959,0,-0.6920442844574382,2.338044864406452,-8.368081604246491,2.1667355237093733,-2.8434707061646414,NA,NA,NA
2000-08-01,3.7826289822822545,3.1058397019972706,3.8563489725553346,10.763066419236544,1.2547216052088528,-8.702077720865494,-12.713493211593951,-6.496087945930695,-4.851436370565676,4.757250454257411,-16.69000263826139,-0.4750602758597733,-7.526248450054673,-2.2622493217377304,-1.9418085857101808,0.5063301956546695,-3.107011168748919,0.13674856178251815,-4.616904713978887,0.41100488749021835,4.106070720896859,-1.3315775975772048,-0.570536193805804,8.608133409167063,-2.382684182621153,-0.7454029388929362,0.6837348407698618,-4.580953603129423,-0.14516424251214133,0.28866991419366217,8.000650792331054,1.1976799523046644,0.005233547037697406,0,4.191205504735295,1.909767002581847,0,1.5915455305899329,9.16057096284355,0,-2.320938309050913,0,3.09171543627631,4.540338833654278,-0.7324939311784462,-1.9504524041130011,2.9143432885899045,-2.561014693015373,3.044439361782203,-1.6803025315208497,5.764336790253122,0,-0.39821394708869917,1.0203570143209717,0.16675396026656353,-0.41237171838619524,7.791251909677133,-5.360708984035156,-0.32959818895559323,0.006759116360743889,0.527675110324477,4.358959803470075,0,-0.8185584586438921,0.6630629771975372,-9.132809390520347,-2.2375217362244735,4.7720425330533995,NA,NA,NA
2000-09-01,9.200059786698978,10.294169051683966,9.484158426797995,13.74917938406195,0.49751346401138985,-0.42957334880753123,-1.491190560616995,1.5064425167844009,0.5009723185840587,6.566234852786879,-4.9834566381722345,0.35650661644961446,-11.10670936909468,0.8224740248445883,-6.062462181643458,5.4067221270275745,-5.12420914382492,8.200570223313708,-2.588792272251794,6.2195542994634145,7.388476201905458,-4.10454332431156,8.089420636258637,23.25680853612021,-7.297531607197961,-4.007213934349885,2.5110041679081707,-3.9845908547199382,-4.874476843208386,3.5629579754126284,-4.03334084243816,-1.0710023944071168,1.2947015635693226,-10.986647757854406,1.236365924835986,-0.5462836043655384,0,0,-15.806335404179528,0,4.704207860754295,0,5.480543455557907,2.916265817539454,3.145234257476126,7.588881905943445,4.561813406233206,-0.2882424690204388,2.4438801248541253,0.08182636902021034,5.7999103254741335,5.87846948944275,-7.074294999327524,-7.075263355084349,-3.9155619177705714,1.2320484388040676,10.056016926411093,-3.0183352744520775,7.431232486721573,3.3562798921014547,1.7712767121453865,7.911871162382367,0,-1.9985292380257036,-0.05798782417985038,-11.573595203465814,-7.5541317811206765,-0.39597477906608836,NA,NA,NA
2000-10-01,-2.150789920680385,-5.315530736855445,1.60366856040568,-0.793654959573642,6.717152815706462,-0.5680542428115263,1.1544998500449655,-7.1908995362119645,-3.5976783507723598,2.0475649378732474,-5.695103775028754,-6.95013891688987,2.3810648693719294,-0.7933144821777205,-12.169693497752032,-2.912827292302378,0.4884209482930224,-0.5827522319346023,3.937305568261973,5.561689448172391,8.370078411573534,4.63930395697103,8.708230249659987,-9.77655789952725,4.064759418549102,0.44922069108732643,-0.27590701589431665,-4.149973090675285,1.1751461997497326,9.838212027636395,6.944505327173056,1.0922116235311918,-2.1566852461814,-0.6472514505611038,-1.2289168578281828,0.9389740349838971,0,-0.8810629682154847,-2.467065893453757,0,-6.513449812326311,0,-3.2042129627222415,-0.20550767610876264,-3.57028047172836,-11.780054569046605,-11.087498460191103,-1.3537581670973964,-2.079247334236367,-1.2386225057684497,-1.0210682201956978,0,-1.975478708863676,-1.9759727882740385,2.1328720183472205,2.817087696669618,1.114105696688128,-4.130289152897948,6.3816713905406885,-1.5389816483366126,-0.9338926889578048,-2.5104445596545233,4.277564046620519,1.3878403172077114,-4.934136013357104,-2.4845998586530804,-2.8323623983219304,0.1156547010370601,NA,NA,NA
2000-11-01,2.921332152695122,5.018012808668493,-0.40246888313162366,10.036799405470532,1.8391322971423651,0.21624090825342057,-6.913657576071019,-9.665412253108519,-3.940679664609781,-2.2183227168248054,-12.852235240272242,1.9643039033557685,7.641623044436319,1.9722589959239478,0.78125397367943,1.4670189747794105,0.8750848486898555,4.43924684252659,7.96082479375837,4.754052474908654,6.667702472288806,-1.3423020332140823,-0.35168650213952546,-3.8551411084833065,-4.20194870637779,7.803725029361141,-0.0487685939926763,0,-1.7871198059788984,0.8159894632779885,-7.94451366063138,-0.7439952418468287,-0.7045453590711404,-3.9740328649512158,4.941070405903125,-4.580247018348066,0,-9.071896566487858,-11.153012367108861,0,-1.774028570045516,0,-5.604520401315405,-3.7946068133762445,-0.24261275381451952,-4.506070650898231,-3.425087686794015,-1.4888056938350047,2.3222362155638443,-3.1290664181026884,-1.5514209036479265,0,0.17299681911442377,1.5707906675466177,2.2195828598169154,1.7699577099401065,7.792253326063836,-0.7517638242301672,-1.079320490203628,-0.44568195370056074,3.12783071354934,3.922839474703066,-7.399878992847997,-3.2687735129573348,-6.807921221827673,10.72455303535973,8.620013748287942,-0.6793166708505716,NA,NA,NA
2000-12-01,-24.899735972476922,-25.809780680161154,-30.96114500296232,47.785560452842105,1.1325149357053643,1.4895332946440367,-7.81740514533395,-7.684491349513101,-1.2615671108281434,-0.10152556377147626,0.9519978591285838,-4.160160007934821,-10.930409728919876,4.71795183276571,3.065374109100194,5.202118475087847,1.1893134615084122,9.12614022736884,4.89864882896347,8.992291320093138,4.406268039267491,-0.40622940088788084,0.28144807883592193,19.655787320252927,-16.432462463525322,-1.9231361927887547,0,0,2.53754965322438,-1.914437347807818,0.9095105897254374,-1.8745499814289523,-4.31815531536035,-1.3605652055784567,2.899766494269035,-2.5249024262537443,0,0,-3.4552381506659735,0,6.026296090272787,0,3.0416590803780785,-1.2254264923467595,-0.6816996465779823,-0.34707021479984945,0.0755144457254886,2.024405829143472,2.687135841137156,-0.8925948632759306,0,12.451294787258238,4.632536495634909,3.2369677827814414,3.681257870878518,-1.571741589540987,37.297151799351184,15.185540996151925,1.6718298688799926,-2.997889980371049,-2.193938024591535,-19.06487294244772,28.212597041075902,0.15810279973189623,1.3605652055779238,-11.039513925649391,15.666306486340053,0.1827091281467519,NA,NA,NA
2001-01-01,2.9422667028269345,2.0128531460861243,2.67800265593654,-9.118462341485278,4.621284315513141,10.93846659575517,-0.27461228296923323,6.432388180082271,2.7027187523145813,-1.0425717822561409,12.853839994721744,-2.7035082623783846,-3.0866647980527517,1.0995488282755872,-4.239555896768543,-3.2789822822991255,-5.041202957610125,-5.148356059292869,-0.9863729522339604,-2.501297960556048,0.6252191259050299,0.08137800530478856,3.6412254665501465,17.718717884030333,12.14653292967851,-0.24015106744460502,0.06501950814234991,5.762911283663641,-0.8425940314071845,0.48734072509807325,2.944012796493345,0.5468891511292817,-4.710696786272983,-2.77795641070675,-2.595373805341578,-1.4836825519457808,0,0,23.144235412890524,0,3.1589581970949965,4.216877737115476,-3.466489661742056,3.360588463787817,-1.2149089283180814,-4.467407788976274,-2.5516220203261497,-2.220078516222923,1.7838306448163088,0.37216749601103327,0.6493529310549029,4.296603588344361,4.495550929959347,4.4927341597250425,3.2234301581614555,-3.4243023422212637,-6.664593356830739,10.329254615746564,5.0354311518151285,-2.2462447262890706,3.051818301834519,3.960657439018478,0.7178781727005923,-0.03160056907320907,3.565034339798867,-4.1874072471058454,12.320381809614144,-0.6660031277602285,NA,NA,NA
2001-02-01,4.819182160490421,6.675016938440814,8.677825425633534,-37.235946672031226,-1.2987195526811268,-10.960870538942876,1.8189131867566266,-2.5666066783588235,-7.9320333922079715,-3.6305620912132963,-12.116152228323674,-8.323065414972387,-11.27019225161936,-0.5692206740222083,-5.6695343676545384,-4.879016416943216,-0.33848764633850337,-9.948274121175693,-4.094347906149665,-3.39921568275523,-3.4113082855142807,0.05421523580881882,-3.6256126640203945,25.109825970183014,15.43594596328688,-0.18336012471682483,0.37304398139119677,1.5873349156290129,0.2491695641309466,0.3797472917973721,-4.449172340921748,2.2253726282862374,0.9035682673898648,0.7017572658639004,-5.993130129132595,-1.1398487993750928,0,0,-13.945207303425011,0,-0.7012429318328905,0,-1.2299101041563176,4.838171830026461,-0.9463455875092563,-6.96551159620995,-1.1879399680430502,-1.3728977773862283,-3.2015441175266446,-2.1640651345149697,2.871010588243106,0,-1.7689332457348605,-3.1173132051842245,2.8746789443920173,-1.6529301951210496,-28.797879923446068,-5.383736263232564,-3.344238687899459,2.887645676631312,8.050468033890468,0.06258616373511217,-1.7316450011461093,-1.2402766717042546,0.03725088513926167,-12.231632180438279,12.788339192664456,-4.702926974778132,NA,NA,NA
2001-03-01,-8.486520350637594,-11.6365141699728,-5.432976278370827,-8.717286265812763,-0.43668191663404077,23.08662868372074,-1.0314266643787706,-3.4040245183066196,-7.737182721038876,-1.507013140414959,-20.97641320571538,-2.9457210885430074,1.393750784378156,-3.8252596832736074,5.6695343676545384,-2.531780798428951,7.558116766787482,1.5068879142716263,0.9191018866427036,-1.8878839701615746,-2.162637960749514,-5.286348955706721,1.6182459906126212,-23.956796756194294,30.93949241396491,3.0611753775061423,0.3716575337283923,-0.7905179507113225,-0.5927946224065006,0.042105263779956825,-6.25796566522383,1.9118393369343956,-4.288306496189165,0,-10.232156903997266,-4.69394106834743,0,0,-6.248204647467315,0,-6.116509233507905,0,-1.5340927838924934,-0.6798666459078895,-1.483082198121899,-6.173880071943394,-1.5995601706700668,0.44198966981507937,-2.8167073282447497,-3.4239066615434854,0.07858546573391578,1.54562582366915,-2.042617932858093,-2.110613633316305,2.7841384309506223,1.4478019180653279,-6.356920388991316,-6.502963652261329,-3.0920981225716737,-4.288512865252869,-2.9484770832667984,-8.20731855331469,3.2930677813011844,-6.613980250454521,-6.7397974817135164,3.2909734088797826,9.092961738302547,-9.720305754280778,NA,NA,NA
2001-04-01,2.7412688163414245,4.979580702770958,2.7728147086373944,0.19361090268663617,-1.9890158479219489,-3.6314942554240575,-0.5608769833442606,-6.889734073393733,1.2661187686237252,-6.187298372604921,26.977669931199266,-15.3154663808662,1.3745920904635334,-4.693124024192574,-1.1881327886753112,-4.725288485054513,-0.49568671348776405,-3.5100019192831233,1.9668075442170974,-2.5360425555521537,-1.369163041794419,-6.644509940815357,-0.40789682136752603,1.893864183225391,12.6649563354853,-0.23389218214036056,0.09672739751425685,6.155789299943315,5.863293553040439,-0.21070382848029645,-5.273629608094321,0,-2.208992368107676,0,-6.482121135255238,0.7286638763480457,0,0,-3.6826615427661302,0,-0.8156847439628301,0,-4.385747508285132,-4.283880755245839,-1.9449170428897489,3.1510888554082683,-3.5766945056993293,-0.9742011299343822,1.8031342830203911,-0.8895029568867896,-5.042543608326078,2.7233150458358946,-1.2443938688785572,-2.6825534525840133,2.2007752755276444,-2.916873459065683,-0.4586811999271134,-2.673905838229551,-2.346378051411513,-2.2091855565206764,-0.49980154022470913,0.6654488876665532,0.0844713551565679,-5.084355298127452,-3.8583466039156633,1.0733555643108517,-9.48486866270289,-1.203664308850172,NA,NA,NA
2001-05-01,6.869616250603849,10.397226538273419,5.991020740739117,-20.541004082604776,-2.7150989065950704,-0.6383886231702995,4.5652888733626105,3.611742522799549,-0.2255922751444983,-10.530001776010977,7.179669558176394,1.898245091228995,0.6802747322752545,-2.3527620516778036,-7.013182377408178,-1.0810916104215806,-9.937659419708567,-0.6225504100112467,5.7453460016815505,-4.533551781266265,0.5710071557793128,0.35357266778381913,3.924444174564279,14.408494932647548,15.369686047587393,1.5380662815822843,1.5667786529389438,2.9413885206293067,-7.226459345979674,-0.7197321500976184,8.593636237340485,0.9170672374093414,1.5447387179675864,-3.5590945102707217,-2.3331998819093536,5.006522860953289,0,-2.7506645789832973,-11.43785541698401,0,2.7580412605299642,0,1.078791350220687,-2.2877506965015115,-0.08489822830082261,10.928290951405906,-3.292737440505089,4.45986378005907,2.6279756487110006,1.5526038442774004,-6.343756319304905,0.8915363657952646,-2.0345884134204795,-3.494916053241326,-2.8870072919868095,-1.4909754366287276,-15.156703830636786,-3.0832682603784356,1.4339275352423186,-0.4355608944531575,-0.10531859846585334,4.246539822904216,-2.2197838022134597,1.9026476260568081,1.8462062839734728,3.839913293453634,-19.15608174513138,0.38986404156573506,NA,NA,NA
2001-06-01,-2.1309307881729467,-2.585612856587982,0.13208444161478816,-12.643077107494616,-0.6904515346544571,-10.161365081398532,-7.991165466240591,-1.2516581547513062,0.9179819046101823,-2.9260399500476817,6.586155229903068,-2.597548640326053,7.19264175374601,0,8.5942429800724085,2.150620522096336,-2.845259451622262,4.913825258740356,5.7703109875896885,-0.9319063857988752,-5.750580838438513,2.2087378210059683,-5.824073115182671,-4.311026205853697,12.31257432294664,2.2260542403400585,0.7900183291746465,-6.744128079553224,-1.776891443166817,-1.4551936649398578,-5.846769740326185,-0.33807974940707197,-0.18192849165856728,-1.4598799421138509,-5.113083494232665,1.9699456735807586,0,-2.4194728587056957,2.8987536873252395,0,-4.835711979088497,0,-4.483742277276548,-4.963689065771337,-2.388252623877918,-6.127144403606444,-4.703796881741251,-0.7851272384410635,-5.206061187477307,-1.3512031262253865,-6.453852113757108,0.2954211897431058,-2.407502042974574,0.48855442348205713,-3.656306249995933,0.64171343206334,-8.618723265998351,2.1117363306432324,-5.1318956139993155,-0.18306306141164796,-2.0224212462626845,-3.739086091656141,0,4.708454885149482,5.342516667358055,6.6249385541200745,10.143820024905795,0,NA,NA,NA
2001-07-01,-8.358597517556632,-12.20784236696315,-8.911438804714011,-17.962976512824326,-14.381170203207905,-0.7114532251897436,-8.453651107058663,-6.156776586165025,4.586427419962952,-0.6318368529072804,6.1694442753531975,7.500982100486652,12.163121252342002,-0.621835101537016,25.78291093020999,10.109611687136866,38.438870814557276,1.06258662597849,7.026844444114655,9.628088953474645,5.359687096822352,0.8298802814695527,-2.7409890610890386,13.458869610761854,14.78945254022142,3.3475487269064685,1.142333054182476,11.692133805890226,0.9487029800637203,-0.15100854989125168,-2.7984527762083156,0.4863038626323757,-3.370273307606908,-2.2305757514296864,-4.195737364966152,-2.530540711374857,0,1.0152371464017484,0,0,-3.451489512594108,0,-5.313887685517127,3.864895289583359,-10.411171858372015,-11.207878728347964,-4.865607996435006,-1.0041738649872123,-8.808457078526732,-2.770196031881289,1.3986241974739855,0.2945510229757087,0.8519711532397167,0.8555377710365519,-2.0099736313917926,-0.64171343206334,-16.017907510051188,6.398681440305332,10.291449641174388,-4.043321379073994,0,-4.137937562121108,-1.1577553342442926,2.5923685009791697,5.583019324578675,12.062798778861428,-27.436125110295826,-1.9646997383796494,NA,NA,NA
2001-08-01,4.020227307501134,4.617605426815796,3.729968199288436,-4.959694113937219,1.061017911201545,6.586989853407624,1.6850888922366525,-6.050060106346988,-6.335962560228841,5.574114382192702,-17.35847845225139,-4.05236449336972,1.386984786415013,2.0601786757461937,9.255155736524578,1.9048194970694432,1.4443321115222396,-3.1679275457617173,-2.5725210647095764,1.525425803266689,0.6962053437322702,-0.681181369311723,-1.5221489605382388,-2.0464294627286437,-20.484941029823638,4.010307378458233,2.017781203330732,-11.692133805890226,1.6160087702059567,1.3296357158137595,-8.055883671725228,-0.5692801240488876,-0.18851331459295295,2.2305757514296864,-4.9537827755662684,-3.226086221822144,0,1.0050335853502013,1.4184634991956102,0,-2.8146065706255996,0,-4.066601723689711,4.531793845868215,-11.050933949008623,-7.268959969065314,-2.8921980184807516,1.800315330148905,-16.144241490848987,-0.7905552612414546,0,-0.5899722127188145,4.521126853769175,4.518602582495657,0.3691242927471139,-2.6088436084297895,-2.9646757115356692,10.438338340659303,-1.935634793456309,2.4723635059948457,-9.289374689269625,3.7205852426377195,-0.5839432651559395,0.3929278139889192,2.5545551728015425,-0.5698021114637797,9.225751725332293,4.897911079257322,NA,NA,NA
2001-09-01,-2.4046107319673826,-0.600394485489053,-1.476423029091034,-31.6337328212157,0,-0.7682994272137873,-2.8036340325873295,-6.177822089843843,-3.4364104539319538,4.079037346695513,-8.074800025621814,-6.115442315333075,-11.985128872044193,1.5461037727704685,-15.50719143465793,-4.831857727080724,-10.445382308787465,0.8259227914397371,0.2211056177159776,-3.3405573162850644,-0.5269826698224733,2.7840625972942235,0.09018242054121828,-17.829998033267398,-30.63680375944779,6.545474300213494,1.363037913069054,-8.912777989600729,1.777231189995765,0.31904738325857496,-7.307598031806584,0.05805782000170012,-1.7000092253238286,2.89875368732444,-4.859646565271409,-1.0126234301414572,0,-0.4972341626558574,6.2776406144172014,0,-2.389849338575978,0,-2.6361376490844357,-3.8409448114871125,-5.302815351552503,-9.36993926138161,-3.6273725410533864,3.96950335147519,1.363257700249143,3.084057902930204,0,-3.0032287098875177,1.1775548857574591,1.1789528861163134,7.710418083202009,0,-18.715383881102987,1.3823105555357706,1.5552121588336298,2.1871537899494697,-4.896717098465597,-4.9682061062361615,-3.2438493623920817,5.096644359202784,5.247672647830814,-10.219094089654668,4.274329084964784,-7.003251999040538,NA,NA,NA
2001-10-01,-19.547537315947096,-22.103857732497943,-20.400005796322638,13.06201824170643,-7.390502948432931,5.747836438591607,-2.9166752872665818,-4.334807529467977,-4.911102223832736,1.6433914356087598,-16.117829045342596,-0.39718412929743985,-4.770379795721169,1.5921774698535174,-11.255479129185364,-7.715908054661824,-3.181822783847732,-0.26964105073519207,2.164930630717432,-3.9860349293208586,0.34811997812713713,-1.396995944020052,1.067785341959837,-16.7483428235253,-30.99144476108444,-3.7902080081933076,-1.1802225056627813,-8.855339734144518,-0.7751351215627866,-0.9602122213226205,-10.455859099576514,-1.8914830710107466,-4.360880542743395,-5.8840500022937725,-10.368859078565054,-7.483805906649021,0,0,1.6789481476549462,0,-4.725552392338628,0,-3.4994172098095966,0.7074742768323539,1.5097261982365495,-4.09442584758537,-4.757002229390395,-0.12710070910308957,-5.963826631973124,1.1011968443460196,0.6644542718668767,-1.2270092591814663,-0.5666157183328302,-3.4664964331144965,0.5801950253678356,1.0953012019197184,4.946046776914992,-1.4127949528413453,6.687728266057658,-1.9194823700941832,-12.25667642955548,-16.351492380220822,-0.09078529901795918,-1.7544309650909362,-1.4486446182429447,-11.507704824618958,-5.684361340180766,-2.3371297461959983,NA,NA,NA
2001-11-01,-10.37814721537429,-7.796780136855386,-10.8509307852656,-3.7426405519117023,-1.7192400540372743,12.682632022194035,4.25126989437179,1.8753570393927554,2.7603393739512097,3.694738330450942,2.927458298356439,1.4724633069236326,7.224490687332885,-0.26426694492727165,15.36348170353179,1.0638398205055744,4.625556128371677,1.9783375423934046,-0.8088424448018827,3.384763771464794,-0.28473523060039696,1.6855964329335116,1.5526638292753248,2.531574032852557,9.531506151343262,0.5130946926360291,-2.1072840067655916,-1.8692133012152556,-0.8591014178976453,0.8114501069686586,12.421963539492232,-0.9070463541085871,-4.889040977124015,0,2.135312447056889,-4.583858460341372,0,4.419305477983926,0.41536923686935623,0,3.4456043790454416,0,3.5975230738971575,3.855495332003489,7.474764807307999,5.1119094237563445,1.4859501777608308,-2.4678481410630226,-0.3483191335170055,-6.5393198730672175,3.32881676167025,-9.716374845364761,-1.9538976398146168,-3.4368323049869254,0.6462432804152263,-4.683129968409894,-3.1136412449892514,2.399930427697061,1.1669752522510457,-0.8426073590042549,0.05321383685297221,-12.397570612960473,-4.742869357111124,0.6615239118718641,-7.970076887724886,12.380467426156105,-5.361016826722675,-3.1822303742679026,NA,NA,NA
2001-12-01,-0.9051474097570011,-1.7979859491774608,0.623908443077914,2.0965128465044947,-1.7493157447517227,8.241329356953276,-3.681879046128139,2.7766445240965387,0.9321593564137087,-3.589033361802291,5.221211976936447,1.7668304133313828,2.6907452919924246,1.5713386833659193,10.706185393844514,0,1.5694364494676982,-6.148531843189797,1.8545397330540503,2.579792500807798,1.238470909349676,3.3050084573418737,-2.2850293778888364,2.061105873437452,-9.030266743497206,-5.385802466493472,-1.7247213352387158,-1.9048194970694432,0.022206626464760237,0.4667948217238038,1.870305833212793,-3.150538453415752,-3.114672899683679,1.503787736454676,12.072292891840416,-5.213362195977633,0,0.7662872745568983,4.722631348653561,0,1.2851540418754581,0,3.035960386081893,-0.6599322775021399,-0.578143863137548,3.585877843734586,-2.3829354822002102,-0.11231681766226131,7.145094265182372,5.816455380251373,0.8269391482529365,-7.227814547664568,0.43834858385078945,0.43968641449279033,1.6381992727220407,-2.5434897147821767,0.5133103220612334,5.644046390348567,1.5689271344997202,-3.634638158955017,-0.6024072307562633,-1.425986417218006,-3.390155167568132,2.327490635448992,-0.4950505159881047,-3.051386493853503,6.732268514825463,2.6206064331386725,NA,NA,NA
2002-01-01,3.371412318772915,4.622872156349933,3.6171443144909166,-6.869653128623487,-10.536051565782634,3.56944701299704,2.6592485042274294,-6.523424247955301,-2.754810055641804,2.854886364846071,-14.382387212850572,2.0797976694482188,6.564410444532154,-11.996427028864876,3.900671786036103,-0.5305052229693352,-1.9566809612387992,5.4821202596487595,-3.5525429745139725,0.10877842908803004,-0.47049070009448357,6.696475628703258,2.316955309998203,-16.693021597458866,4.128905464783461,2.0276076683396482,-0.4596980434260989,2.8437935320533736,-0.417302250854934,-1.0640662218449726,-0.8139579822558751,-1.1501661614220282,-3.574309229333572,0,1.177845144896894,15.10115125019108,0,0,2.8822778655531067,0,1.7662130500758266,-2.42681272724381,2.1656255158385207,5.983317909688068,-3.9749408319073254,13.807336455618646,4.975507735481788,2.031073120902871,2.223170462091062,3.2734452143965864,3.0129741452006087,0,-1.0194695385928654,-1.155543519128699,1.3235819657671621,-1.415117954624301,-7.742015851990347,9.71005350232037,2.9016542979039883,-4.494722253197647,-3.451854625161399,1.9230595646538173,-2.4938948347251966,6.242739858015156,5.901772643015679,6.079393036264058,8.048353491120308,11.680912253592457,NA,NA,NA
2002-02-01,4.1939363679431185,4.055714035787883,3.3292680479656056,2.6317308317373445,-0.9852296443011666,7.275682269774491,1.484027853833192,6.616525455685673,-0.9033114183771229,2.7815140033759955,-10.929467540649881,3.207025895832855,3.794493156412315,-10.318900088306826,-5.730949691704268,-0.5333345975362391,-6.436381005273617,-4.580272249764761,-0.26225554672070217,-1.269163644197313,-2.708753430004318,1.8497995669514822,-1.6332476165333176,18.714437730159418,2.429476375918571,1.1319751494067276,-0.03178134461837567,0.9302392662313252,-0.7601387952518746,-1.5089745257029996,-17.56886122450949,-1.957727618203453,0.9706639341639622,3.66341331797857,-1.357844134678763,9.607921342335917,0,5.20563619560539,-4.4178963376627856,0,0.05478591627685603,0,3.7801399452245477,-6.668465404598223,-3.4536602480990553,-0.23077385716376853,-2.7997993705687563,4.850086591868408,-0.20354946281182507,-2.051962218784187,2.8693951706980414,2.705304747170967,-17.42589808429642,-1.4925949388976179,-0.2761811704437678,-2.1609484332855144,1.1671013517755124,5.688133519275951,-7.064963905488053,-0.6410104247811965,-5.223678157517853,5.126185039484588,-2.5576841789649585,-0.676635609342835,0.8733679968754515,8.018082582564112,14.153021408445776,7.901425369190129,NA,NA,NA
2002-03-01,16.847504442132166,15.48720447512939,18.940148803228762,27.131509498757545,-2.0000666706669445,6.625196581014209,8.659571084668622,17.725258632091524,-2.280568837708763,-0.14107691030177394,-12.037976523809462,2.2989518224698857,-2.6955809988528756,-3.0210896420306277,1.6910990383858682,2.1164811192043054,-1.577097579309239,-3.720398069000197,-0.06061830858481443,-1.3412604773677117,-1.3114586706939768,-3.294342085723745,-0.602068371435216,10.134246784534739,26.123187020385075,5.034991905920827,-0.3024276081425248,0,0,-3.2673988234653284,2.745539645235473,-1.0559920279015422,6.633416613811605,0,-1.7964554975298856,7.138164539085118,0,0,-9.88295398973884,0,2.5708430850185593,0,2.714595855015567,0.04165798852158176,2.9578579682874917,8.093220449699778,6.037291420781621,-0.48850086966423234,8.324576186868171,2.590939910191148,-0.3333336419758304,-1.0733555643108517,0.2345872880655797,0.6589651834810972,-0.1899152390302694,-3.206193245966271,16.972823279246676,0.2264497358142492,2.817577689785278,1.7556630725800382,-1.7041465854851445,16.238825097428666,-2.0943173845243024,-0.4827976687490576,5.085841723349116,-0.7783018251428686,4.711604546657651,15.579080699875597,-1.8110825052911395,-3.7008628745093475,NA
2002-04-01,7.3128000125818104,7.962892463295246,6.565861976750531,12.10779315532362,-5.537746946895372,-1.556599387074964,1.480577363728841,0.822794364726076,3.85604899522185,-6.206315601078161,27.163651658109,-3.300629646817005,11.595988109486832,-1.459879942115272,0.2976068504450424,2.0726130517116914,3.1917457215055123,-2.3220940043421123,-3.2143240593598854,-2.8065664652932476,-3.057393656111884,0.6329135051647228,0.9583440519360664,-4.93788092837284,-1.9102696484321835,-4.101370068615173,-0.36732453662960407,-5.715841383994835,1.305556551788134,-2.545591999334851,2.80392200643933,-0.817116167923615,0.0903562181369999,3.533936644529323,-1.5330553035389536,0.5057276880178985,0,-4.44517625708345,-6.346799555498173,0,-2.5233862242387772,0,-0.9107445564678684,-1.6376599463945318,4.597575672459975,6.236742796978945,-1.364076450339624,2.8892313676809778,5.166428307665072,0.7986877344325682,-1.3107228481456623,-2.5963653834114364,1.1274736949893338,1.1356510995067737,1.410884796978995,-0.7547205635382914,7.116947886069491,2.972886513096107,-3.162146657285536,0.0936667939435587,-1.4162313812504657,7.376615023953947,-5.5106365736228735,0.0582920447866897,-1.902276617767118,13.6739354505937,-5.363802101494598,-5.924972357145252,-1.2291171164569903,-0.901719365018927,NA
2002-05-01,0.9317956868853727,-1.0455073817226879,0.7338689000320198,2.0261185139822,0.7092228309491855,2.145057326568278,-6.361000953029578,-3.540610563525343,-1.1159614997429734,-7.794293381299888,11.94247808946841,-6.947237281476748,2.166149678117968,1.5666819014029443,6.671108373370416,1.020417017424169,7.5364876389311775,0.8477355200591674,1.7893635614144365,3.5403923066867904,1.0518167910329446,3.76624342298868,-1.8435957347439746,13.920180131044424,9.283980433756067,-6.287698530108621,1.3508350024792226,-1.9802627296179764,1.2763388597014202,0.6196233249543104,-12.538260965081594,1.1810788697284913,6.384789087745624,0,-3.819133189567973,4.440015499483019,0,3.0587987071049483,0.9400774284705982,0,-1.9674167456490643,0,0.3358435804403648,-4.436516790597356,3.088311603216809,-2.869820410867696,-4.906859936543917,3.827613730627011,-0.9971658973785935,2.6632588974395244,-2.6915141472055204,-0.7875880414650371,0.9353695967457831,4.432707115653134,1.1497283944403636,1.2547216052088528,1.6861700998671125,5.197590234997662,-1.858025760450488,4.577440185867676,-2.0526185356181337,3.0079123137679797,-4.108603732778748,3.098354551996696,-0.269905696916517,3.2311811341614316,-2.2853786826155242,5.924972357145252,0.9811244050605517,3.908135004247182,NA
2002-06-01,-4.722879999661034,-5.087934559682328,-3.1293309634490285,-8.052037665801892,2.4434025337281895,3.4960017996641,-4.7195691336274495,0.3677356450393021,5.095794324096298,-3.6029383503982104,13.489882971720963,4.398246260132888,6.006424074265038,7.45260485439152,10.173492330902612,1.511363781004782,13.307804023220182,0.09612304488912926,6.508296541754088,4.1446591708611535,-1.2319564479424727,2.584045619004538,8.344417902168022,3.464141474688065,-0.005742656363666443,-2.852808361453818,0.7078283583596134,-8.338160893905133,1.666947647888417,0.8202369978672408,-5.522875794778592,0.3302208982630006,6.3874317027278416,4.082199452025392,8.537847556921543,17.719917792140738,0,-5.450817078870074,8.13913255448293,0,0.7911744584675695,0,3.19772189655092,-2.668618950492707,3.2317088246870185,5.166400905706503,-0.31237823136835985,2.104943450075414,3.8312526436877548,4.274047991387642,3.835152578869483,-7.6328682977164775,4.888546825640727,5.042647887666707,1.83902499049311,1.2391732295163438,-5.1014937123603055,-0.33614970309558956,4.00318528489656,3.3148318874101967,12.510033802893794,-5.8473608222658235,-5.467150305661983,2.966849947728445,0.6734032181344496,4.830053462701844,-23.896168676203633,19.896152159167105,8.37113361650701,3.593200922606332,NA
2002-07-01,5.043345249960085,6.575803370078637,3.0780321289391566,-7.7458059039003935,1.7094433359300165,12.025120655087695,-3.6275858948231097,0.6204776886882757,2.5488491817287686,-2.435421586871378,6.992977639052855,1.8755878032094497,-0.22446698538240994,8.67946184577848,-0.9217958828946493,8.617769624105254,6.938245430996393,1.9085456790878474,9.276592725919475,4.773185316524131,12.752681111508668,-1.5263676653858305,12.299551204746262,-18.7625820527336,2.79207398308553,3.341197132916396,0.6405771455212872,-1.0929070532190277,4.573670715864675,3.6319019046263556,10.543937690150917,-0.16226745230794037,8.926095932277889,3.2789822822995696,7.060806580061802,-1.2560724983518816,0,-1.1706993925499454,1.5512480094773018,0,-1.1797793653638422,0,-3.5882860731129895,1.3768415221912633,1.0490499343903892,0.3205593879291868,3.5599149613816827,-2.487243447377807,-5.274605845499636,0.2891175789750511,7.0997549739328925,-7.287302293841869,2.353503459958617,3.797107567360136,4.42385914076604,11.613964991265346,-4.2928775487801385,-2.4536133793113812,6.749024160241657,6.558237223960983,3.93821094622675,5.399927758158363,-7.007748618867327,-0.7321200785287196,2.25623373070869,-1.4662783780851285,-2.116802982768573,-2.262594999431955,5.656824524282733,NA,NA
2002-08-01,3.8879524413049094,3.3019021632630263,3.012379759856465,3.624779039234105,2.013490840905585,4.575449466051095,-3.9979111811660277,-2.554150570858982,-3.864528444936799,7.6026226413034745,-17.84710460542891,1.0084119066626152,-0.4504512121104476,7.394472712612199,5.499422017790945,4.045495469231408,2.644302482204708,-0.5987727328228942,5.7493937807530315,9.87218499104383,12.102920225665148,-4.755595617767128,7.699328771830327,-24.478927542203476,-2.458381690480632,-1.4829010248024077,-0.15586038067911256,-8.004270767353594,-1.1154200468047715,0.8714652102443821,-1.573709158384884,-1.7716783826921656,1.729724908674335,3.1748698314585155,5.872084235502998,3.803009066923599,0,4.542748224144333,10.854016857520588,0,-3.5361464115884367,0,-7.165634841763602,-5.269826159012947,-12.195908327753635,-6.143118748290455,-6.134824499765923,-0.9718623523381709,3.4810804972948084,-8.003084800057515,1.238405919972152,-3.9652771919993945,-2.412328945680642,-1.4533481045567065,-0.7253380923728292,-4.714677842570203,2.7365324221321874,-1.3313738212846538,5.167783582662899,0.18272026917598438,0.30829332813882004,5.233726320249943,-6.7328742494026095,-3.3711057342311612,-2.7046649754438157,0.17321620553234496,19.59047435355801,2.1663254372435743,8.78944470591101,2.489755162172713,NA
2002-09-01,5.468437782461111,6.221256012685306,5.776451192281318,14.439450488189355,2.2989518224698857,9.824381370272928,11.148515201436867,14.034186162704938,3.845509203747194,6.97830379513179,0.1668592352229159,4.416089578576971,-7.741261034678182,4.651582124153819,-4.899642184877706,3.888178754420757,0.5791253963745469,6.268636970722952,-1.0301661262361428,4.672029101420794,2.7992641908364924,-1.9792119286448973,15.25725673828564,14.473817061507532,-1.7262033620773443,-2.8167871034489145,-0.10924698706519242,-1.197619104671599,1.2131763156454256,2.865280468686704,10.073556161237018,-1.9196483277769794,0.005496166425356108,1.2422519998562365,-0.7651569942049852,3.02482685623342,0,1.6369413135092437,-12.13608570042668,0,0.74435810450586,0,-0.05679014167627727,-0.44997115591183245,3.167859935274997,-1.151436129215,1.1437815875424917,2.8219222346096196,2.0869469784891237,0.2925039748125968,-0.9894947771454277,2.002291587510774,-0.49826880397416673,0.2940673696885554,2.0527717636635634,2.497292093138004,10.781373748959044,-0.45704483240962546,15.490834296695688,-1.232287158407619,1.616254370302972,4.478816356414672,8.260954626947292,-1.6129381929884445,0.3141128900884027,-4.432695286614052,-15.332976022495801,7.523389030411313,0.7398590361527901,NA,NA
2002-10-01,-2.7022407902693946,-2.840305484971184,-2.4491689640306014,14.328756756988748,6.291382541056922,1.8614144632381646,8.014047428171695,3.8284842017536844,-0.11419147342481839,0.09934803673395942,0.6646665998413848,-1.126319227871081,5.688737440205127,2.6669902765850573,0.5821612685849686,-3.0109801471370545,4.42909642541407,-0.13368654975476346,0.7155963304126267,-3.9676397827377308,-2.9928069626095954,-0.1877431153574527,1.311632935497009,11.383370927697056,-1.9993395948268988,-6.7247522089939,-1.6373161736981279,3.550668845690952,0.13561425640431501,1.4439928625548104,7.652635301800337,0.6446060544899268,-1.1441962155662289,0,1.1226767406560214,-7.334716081551715,0,-1.7870914918689529,-0.809721023262,0,0.7144446373605007,0,0.3409320527492987,-0.73853819904377,6.932973628945049,2.443017212471865,-0.198557216601003,-0.8117080905112317,4.2011228323271865,-3.4018177081825307,-2.9325765381826407,7.630819306332448,0.710989390690564,-0.9452599545361373,0.8983484549222265,1.7778246021283861,11.861142816430448,-1.3273290368594814,3.2271315941158285,-2.7681048253274554,4.681000743272712,-2.7996300894011394,16.97500872280915,1.0398707220899084,5.52337731815582,2.0343083888755054,0.7147133058743149,-7.439148096372396,2.6873234697166737,NA,NA
2002-11-01,-11.475495407389547,-13.023242825121661,-12.262288320536463,-1.9608471388376403,1.8127384592556695,-19.481811996062103,6.109944888887531,12.879099667284443,-3.422117128728419,-4.740404651823665,-3.5332492548998786,-1.9608471388376347,5.163885679379998,6.479960884882896,8.473449919361364,5.933943978630829,9.629520086079069,1.904165105235478,-0.3987709861867472,-0.704389318683063,1.3035484876604109,0.26809667532576853,-7.0412542046395465,-31.767776312845264,-25.33576671825352,0.4158010148663682,-1.761454670098228,0,1.0055369527814606,2.1174601382816016,4.140153669816837,0.6815031252496162,1.9761204488121464,-2.500130220542829,4.962645943038334,1.6082919870502532,0,-0.8298802814695527,0,0,4.594550395400621,0,6.429375820988614,5.580248142881228,-0.27149872074652137,7.220246945686171,1.3947594525052232,0.7897717371853297,1.3524129778606842,2.4574569544424607,-3.0871663667087823,0,2.6541674225406986,2.1079178519442188,1.2784672212204695,0.439561147303813,-0.9839898618412946,-1.6986822485523412,2.0200156619202048,1.9742261726041654,6.0087973647471316,-9.321178358898097,-1.3620678088380522,0.7158226700170189,0.6339165443735695,7.59599650929319,-5.218418636634681,1.0768230397130125,9.497130562203004,NA,NA
2002-12-01,12.77545185385982,16.491622695190244,10.425164571741874,15.979244373392643,0.5970166986503767,11.455205476837726,-8.526601119913192,0.3940538862208659,-2.8043267062493324,-0.13023378802374252,-5.549066727660707,-2.845380241772771,5.326072315639507,8.911825494493009,4.929999688777897,-0.8264509849893464,1.5396329807662035,-0.6241791367465943,-2.477794046277282,-1.8250541300666612,-1.5680755795715484,-0.1339584929056059,-8.773940667617719,45.63359036698177,-11.087094378491514,4.968988882662173,-0.664561972517197,-2.353049741019353,0.8131833231444507,-1.228013794659133,1.552201327786129,0.4365627670286365,-0.6836418104915865,1.8921126950443679,5.908677511345278,0.8890001060877478,0,-0.37950709685512507,7.439829005385956,0,0.2089347638966288,0,0.8426812862640354,0.3160987052866382,0.1606274262309526,-1.665017450902262,4.146467310120894,3.9483461575589907,1.240362658574501,2.636308484930816,-2.6757449169548586,0,0.8744821671903935,0.7206252778732214,1.5628188251116004,0,11.89855242180684,-0.6674000269568658,-9.004969971613885,-0.6814497657436469,13.471012837060492,11.328035890962873,-0.14836797973916127,-0.7158226700170189,-2.5601398238788597,7.075845761663757,14.782267671019566,1.100667955350196,3.878025152421749,NA,NA
2003-01-01,9.77402568847241,9.12737153965657,8.75006451265783,13.144807951921988,7.176679836967681,6.973384806496108,2.172690392350768,7.87630465402677,2.5187116474858273,3.7083209705195186,1.4126177077339874,2.3491013075598866,2.4591403137322665,1.8761964062859349,-0.4945476564289564,1.2371291802547368,-8.896519274700143,0.862095298594312,-3.023314851402059,-0.773269999213344,-2.2119949097534786,7.36291137430003,-8.253637722571039,-10.873889544523813,24.847222333864906,1.4481171997931863,1.2605208918982147,3.5091319811269894,1.7339296076308686,0.0808363466263673,2.9555479222492798,-2.3180338797378575,3.005365385076164,-1.8921126950443679,2.5779102704244687,6.73350114884382,0,-2.230003981430073,11.959829832059832,0,0.23346082340287566,8.624342610074276,3.2056121851272046,0.23844408033024678,4.58726625052055,10.955818925692817,-2.0633886573858895,7.2446769755386775,5.309621604447212,3.7069144871464177,1.5139061215683647,1.6194685919980412,5.662632416190139,3.160568281847631,0.8395759900971411,2.8109958931893164,11.528193682350008,2.696443702954454,-6.139539882154832,0.04766308555845811,1.4817573350423885,11.27681002033385,1.9209266728509977,6.2650964961667555,-1.4694141939220806,0.34637361443374814,17.111600191743104,6.106763876907855,1.1659447844002635,0.3273325344968825,NA
2003-02-01,6.706695948318542,4.388620903348173,7.36504288139499,36.32589680627656,1.6483889721689238,4.6445522353495194,1.272950733925382,-1.2461912752852287,-3.0107667052781286,-6.7568615607990985,3.1470783056395057,-5.277820534738764,-3.5019026299581313,4.67444446128491,-1.9023272147380865,-0.4106781952653904,-3.4410581219954217,3.73630610080955,0.3949972219314368,-0.2692622110756382,-1.4280658121766265,-1.0012599292429591,0.8189199098311839,-19.46826584081245,-8.001079947337985,-2.340439286936269,1.3716323495173766,5.588045839445632,-0.027283243212483654,0.6212852576951033,9.542124321545419,-0.17109675660691437,-0.5189727254783172,-0.6349227678652092,3.3615083665587657,8.44612349212794,0,5.594807393253376,16.52495728953074,0,3.133759548464443,0,2.16970443987341,6.774244329433277,2.9996375400774156,7.174428822724543,0.47760819877380456,0.589807375688256,8.219283427261193,-3.1943358321356863,3.6069483818029546,0.9990093075086026,1.431101689591685,1.4300050462917824,-0.4029499723080754,2.318333545565743,29.16119532984789,-1.6215166068449527,2.3303479413036676,-0.5189874179369447,1.7553367580900314,8.304458956428329,-1.6984571706398999,-1.769957709940151,-1.1579947430959692,-3.920037368759832,10.283162438321963,4.004658600729642,-6.279140034475805,-2.8170876966695957,NA
2003-03-01,-7.986746673989664,-7.336332970755155,-9.643194331497318,-26.788133859096398,1.8893949359961804,-15.886165682505215,-7.27534648713285,-8.998885281109349,-5.466567419513141,-1.5524077219602694,-21.44846037977328,5.277820534738764,-7.84716154414955,2.2250488663880574,-5.030614653026433,-0.8264509849893464,0.01722570462181494,-0.40258457145041504,-0.43898226772522975,-0.2326732833312306,-2.2455812322039748,-0.8844024796452743,-6.172877290903855,5.092023331837991,22.60382057611186,1.1333124546239803,1.1497094907101546,0,-1.8900844712611553,0.30759061951938227,-9.054939153358731,0.3509224719820736,-1.4180880178822797,1.8928009885518016,4.288574577096665,7.55113868168983,0,5.542079394140753,5.000580556989664,0,-2.3395534095251413,0,-1.485259936387262,-4.1095679493046156,0.7361993231546293,-2.8727152333097195,0.7362500915270687,-5.2676861849554335,-1.0870073035053274,-2.761679965229513,13.224231735739256,-3.02747642465917,0.2891266726659403,0.2894596037824826,-1.6851198001243572,-0.4175371410480633,-21.067847561390796,-1.4449522938754455,-8.455256178770565,0.618655145113145,4.540186957381653,-7.199221234882991,-4.740223889458406,-0.9661910911736626,-2.186798663658074,-9.678350152163162,1.7757123369826118,0.6151254945725854,-5.950704113407301,-5.17356743991888,NA
2003-04-01,-17.22289303303972,-19.29199629969469,-15.733929165751182,-11.717352963429196,7.4680764532151,-1.166626596282383,4.651277014302035,0.6703397585391679,3.269126310058251,-2.213039795590499,13.580236704258178,-0.3322262191977954,-4.6412041764464895,2.368487982379275,-2.3490601308037817,4.06560056411287,3.457115825901891,2.024492229023789,0.8236990139804057,-0.13995909642554594,0.025749051757895103,-1.020417017424169,-2.277505312085726,-23.383898875752795,6.214709339689151,-2.302005148814712,-0.5180952008193962,12.260232209233246,-0.5186404790904264,-1.7787656626220172,-6.009273538528714,-1.6249589998015956,-2.293761048488019,0,-0.7172738320690375,-6.369793701859885,0,0.8658062743114314,-15.778699283020625,0,-4.208997670671,0,-4.405584092834225,-4.3163509392948995,-0.8456504368009377,-5.756231520109978,-4.698321764079694,-3.699971934032309,-7.611196596628034,-0.7781450337838836,2.3976615533924495,-3.9712637406867923,0.3875302533413283,-0.6072278218678839,-0.551154295003986,0,-7.349107410414746,-3.028823992002927,-2.790253824335487,-1.0514987137055343,2.6656921534970124,-16.594761834602203,-7.769917756947908,-0.9196107722659441,-3.8839833316263395,-8.231533209313735,-12.138759700450533,-7.43845365746586,0.9557026778118427,2.2748137525936407,NA
2003-05-01,1.9719188309475832,3.1227021051032366,3.4496854490023043,9.870649416748734,0.2478316014467019,-10.31999626061385,2.3979395908301115,1.010371462938961,1.4727745837096295,0.7527354386480889,2.3730834039776108,1.3223333174689433,4.414189322992534,7.52556955315038,2.408572790020891,-0.399202126953746,1.530108557616927,2.047387257142219,0.7909989523491312,1.9134536012891168,-1.7488751769611177,1.5267472130788384,2.3854094211139376,-26.057376337277173,1.6256901290725934,-4.839839139262869,1.670217551011427,3.774032798284699,3.0149183935617163,-0.048426286767533355,-7.778719038630966,-1.0714517839927495,2.130143316605171,-1.2578782206865924,-4.893220423295519,0.16266847098503334,0,0.6872879287762146,7.703909296258082,0,4.870032117063694,0,3.7584582869035543,5.801543431805722,3.676845244032023,5.179489894015532,2.7447321904903177,8.04776463812198,3.9918416359948417,5.374621692224513,-1.7017253854575642,-0.6417134320633622,6.439319704830027,6.439743761590044,6.66584490593396,-0.8403410796379518,7.432449757471549,4.573193142671439,2.6303402534257003,2.13012728374693,0,-0.31603078448951827,-0.7372334602324226,1.1966192596474912,0.7749246246232744,3.4809471249340973,0.04362530249283486,-4.782252314564136,8.584868273025226,2.8987536873252395,NA
2003-06-01,6.865087062633313,6.510432097419283,4.997594004509587,-1.1393627221483182,0.24721891453891587,-9.955153756312917,-8.205690043688074,-9.979103428896627,1.9718180100305294,-0.9273426082507807,8.156543764146862,-1.3223333174689433,4.227548314823881,7.323170265133605,2.6935532739934764,-4.4997365930735,-0.6191291727271953,-1.3830851921610154,-3.5425327348100666,-0.15575739819375656,-7.290543218927681,2.6907452919924246,-7.767117432989146,3.989127999659825,4.935224308170199,-0.19996477874105745,2.128880460677407,0.9216655104923976,2.2942156040504535,-1.0253227463908887,-6.3330977199356875,0.001158410737733817,-0.8402251971707742,0,0.7131953631604515,3.0457136766096733,0,1.5293416169498641,4.4086902804454375,0,0.808811626845074,0,2.2926089021320095,0.9713191648139663,-0.8903827380773777,6.327303472434664,1.9204594464940605,0.18791216635660746,1.7240886496512786,-4.64286243430132,-4.082199452025481,3.375847992495462,0.8106708585574829,-1.0919431918849476,7.284793583148352,0.630916919326463,-0.7911167838304145,4.214562145077139,-2.247690317796902,-0.840180570475102,-1.1860535084522006,8.766707449548905,12.317135840407367,2.9706503804092677,5.92614640367275,6.1390473216917485,-25.48824085404473,0.8683811185978885,0.8364543946965064,2.3256862164267034,NA
2003-07-01,2.3871595771695286,3.0480944124362086,4.341373490190215,-14.25647692425349,-0.24721891453891587,-0.6975474979707852,3.0811200220721204,3.2780434499330102,8.694762567271185,4.320890034062858,17.77597574554866,2.854056273800465,-4.455079698537379,2.1507066907296313,-1.8378532943544634,-3.8384243008315444,-2.6810361361593316,-3.7308387562838163,-14.305944348748678,-10.317220278634665,-8.341837691279252,-2.4385383487214085,0.20123959999773788,-3.989127999659825,4.112687290697159,2.004962836969715,2.2624382483153793,0,-2.16561959455025,-1.2765160174090462,1.621271016252246,1.3549921876661486,-0.3693382381274368,0,3.2510734098583125,-2.5563433119094814,0,1.771732789596836,6.400159583899256,0,1.8442284479636584,0,1.3837994995000713,9.52258759896436,0.9452154353562392,-0.8756317847133488,4.555508767209204,-1.507580449224566,2.9558655510717458,5.810798715541776,2.9196004842903633,1.0320009031989485,-2.5229177419729076,-2.683310530447347,-2.167116706409211,-0.42016868536998153,-10.675782771732223,-2.0850795480201967,2.091087898942412,-0.36937426034517884,-1.4014204514168682,0.12868777246879404,9.785579000375888,-2.144199395419921,-0.6302890330116107,-4.823302749284331,-8.922704360303085,3.594454999226257,-4.974117726606586,-5.744822691254647,NA
2003-08-01,3.7211126421121676,4.904301061956806,3.6512592207121664,-0.687392100520845,-1.4962872676712369,-0.5076400932733094,1.4822503294960987,2.6519235459738972,-5.950175683624298,3.930307402779448,-20.812160712374812,0.2583980765925087,-4.186657939279037,2.9872082257760724,-4.093852086990779,2.9980832211935926,-3.0028041614650114,0.7649123654184464,-9.265380630889197,3.9031514180936533,14.79390667321736,-1.7789541563498545,12.214728691337218,-3.550649324293653,5.646633127473341,9.934128229729344,1.4706147389695556,-4.455602155023275,-1.9218753256904475,-0.4493319653942396,-0.1463310494495884,1.869954010995123,-0.11362501611467124,1.2578782206865924,0.5619642074200348,4.490801319049378,0,-0.5982071677547829,-0.8795131452827398,0,1.3985845449628442,0,2.8976676329732776,-3.6111617958837883,1.7392892294624929,6.1068191058677,-1.1751556457469725,2.4616177362588587,1.5534886670597103,3.9304896842140113,-0.42613700849676306,3.926020060614821,-2.092926946942697,-4.111409213836392,-0.561918393688221,-1.6985546365744009,-0.9125281471640712,-3.2951910512783122,11.15745007627611,-0.11358131476164601,-0.3112797274561707,2.6769420274375566,2.3037668067017236,-2.0790769669074116,-0.16652793190612414,-3.2277071951613223,-26.53588951126869,7.958556480843232,-5.120656662593959,-5.726072086341549,NA
2003-09-01,-9.885445156736061,-9.590428286985508,-8.901665917759471,-7.474426951416269,-0.25157245972471376,5.367139077903843,3.8692008922570076,2.8515281715223355,-0.3554855299094717,3.537509336968486,-6.729144601485393,1.6000341346441072,2.3475256421366275,2.290295470962711,0.35216504070962884,10.788896201118447,7.8888994282862335,7.788392792164078,2.8653331249321567,3.3411626653623294,4.731428213359745,1.3245226750020933,-2.102542558935827,8.650893952769767,-1.2944683710664457,7.234496203040064,1.088939979926823,-7.89774612342744,0.9524419318331034,-0.41532964120414295,-13.290361808165873,0.46105205830277995,3.1083192332399534,-2.531780798428329,5.6899893110512245,5.749020137209495,0,2.387927378994359,3.6771399097123236,0,-2.8377035220737312,0,1.6479057049211931,4.864006215492989,1.830545610802048,6.3589781536432355,0.03752925522801931,5.193169655604191,1.8691865476923475,3.573179606558874,-2.4934634757936003,5.287151527145673,0.7275522853263716,-0.32132859290090465,1.4823953835599868,0.6403437035207071,-5.451702120515467,0.7509422022138779,-4.113402371045094,3.1083173712348255,-0.5361943141389602,-11.035509314733982,12.29685553870321,0.8368249670517081,3.0205842057066334,6.692837264115337,39.27613135741358,13.704689009299203,1.8988195434308963,0.3676474729308765,NA
2003-10-01,7.632624519155851,8.798452581506,7.126816446497042,0.49576357012384165,-2.293094106391713,-9.943654734102076,-3.2295192654790474,-4.015285519684864,4.6355005779383,3.9832288917871606,3.997623639839565,5.856835415106737,12.215603297884225,2.1875256345451177,15.546204077052828,16.06231943328762,8.620761810389155,18.686550626467824,5.446258553283556,1.2498539535009456,-0.7909972170512702,-0.9406450442854819,1.250737953551706,5.064846123823941,6.568164167075547,2.6379161345761792,-0.9486678292018269,-3.952525779250271,4.038728033797955,-0.6723951412827889,0.16703743657147108,-0.05099904254670662,4.993277287082787,0,12.386741369893633,15.512528625119987,0,6.5351859937999635,2.572218806450355,0,4.061852192053017,0,7.065885466226085,11.930613509870458,6.410105445630876,10.306111371660087,9.303737722644989,-0.006597481084114065,3.7883686882096868,-3.3149599765169846,-2.9172128614798787,2.952243926632203,6.166612728283383,3.0894870711161815,4.519017094498379,-1.7167803622365696,-0.26121721055316627,3.6723832954685065,3.1723357024200816,4.99324704379962,-9.78222930938406,6.957537900778865,7.203961078849153,0.8298802814694639,1.5404669194985843,15.392102774914562,-4.6129194834767295,17.42540170407437,8.774089980480326,12.083647314327361,NA
2003-11-01,0.3723882465881623,-2.804846786479054,1.3643245431651074,-2.3606947173619774,0.5141399500418586,1.5281521695968692,-3.1919768837665394,-5.058960542774432,-2.2245390397393647,-0.15672383564170334,-3.888637883014412,-2.885545683255569,5.59027775811467,2.1622975480932283,6.197247319078514,5.338787341806128,3.610104029743244,5.56693537395212,6.021978819055551,2.8947439376413975,5.356887366224505,-1.207775185171922,8.50476758820733,21.893299613321194,-23.508042635294878,10.658101451077862,-0.35339447200068985,-2.0180668507173483,0.1078942740884492,-0.8487134856151046,1.4913601447498426,-1.634122046526798,0.35050205211080154,0,5.923686081352264,-1.4123377156206347,0,-0.6116227017436415,1.8907262782332346,0,2.2858996503169138,0,6.787468066170366,5.788243237948265,2.3777926851998643,8.991484069894895,1.8282621831438917,2.8590842254272886,3.738227155782603,3.448312656084429,1.7870914918689529,8.409044856196601,2.044586831739892,0.06418599895869903,1.3291989190060693,2.1414094503816594,-1.4885279081325642,3.7740327982856314,11.941154745034677,0.3504996852703002,1.2422519998557036,2.509278027771167,6.592172080482417,-0.9410531667384703,0.8877674032017779,4.1181426621411,9.361767283397636,-2.4806624345300037,0.7280760882323101,2.0917898661680923,NA
2003-12-01,2.865106172641152,3.9347252680677958,1.2775054738967118,30.245730458280185,1.7789541563498545,8.154701428742433,4.0591325918119425,5.114683337663475,0.10270403747834056,-2.6216797579770192,5.770599304271585,-2.1807717811398453,12.402028568675583,0.9615872090201982,-1.522480038542895,1.5174798019234714,1.063118263788887,-5.834402190431653,-0.48630941763265767,2.433295598321905,2.2236008710739164,2.4768277495764046,3.083905925367425,-9.742212440160758,-12.561847829576644,-1.6647029358499599,0.9125236898467504,-2.699093582650569,4.18854116380159,-2.1659155756314608,3.1880226008937695,1.2038774348929415,-0.5195713670438806,-1.2903404835912902,-4.395273539032829,-1.7848463552557732,0,-0.07671653617533636,3.7559348885439547,0,3.0406068115694573,0,6.855909582119324,10.62260871926286,12.18399153696037,15.850849909010734,6.686148183617746,4.278175639728321,6.058284616559906,8.332212129759098,10.166365377649988,12.808407138166977,4.917923337745389,4.873487667891929,4.666309825808668,0.6335818449086039,22.929038913861355,1.2270092591808002,-1.3562013108015414,1.161150316995041,3.0137094420238597,3.2624962605027896,-1.2841267948324298,3.1209760009969223,2.862672142643685,11.182162926070305,11.091775251503835,-2.170603020250722,4.468863888816443,4.969966855227259,NA
2004-01-01,4.560891681406343,4.0874184228533395,2.9259534300375645,-0.5195741509071095,-2.5511587657408796,-0.30158566459393965,11.45225259954999,10.413411195236463,-1.6546507612202777,0.6747934978669656,-9.227551378531407,2.6419563033961313,0.17137964777349524,2.1635009899315882,-2.341360059267661,5.27981855669708,3.030371026949741,6.022003507497242,-2.6057689167823916,3.851766511112853,4.0868806952135905,7.058890693852593,0.45413591772991424,14.279067584339655,20.873366247492918,-0.2859496771022263,0.7498993616856242,4.609110719992504,3.987014558543467,0.33226027993897844,-7.730438096483172,3.46204109969408,1.3276352035342498,0,2.997622850840087,-1.3456838908365825,0,5.232882864312582,0.54751798880881,0,3.2635979374009416,17.077893126483712,9.620033730753441,9.149734637377005,6.817499918472869,7.8988861786090325,3.9346109412310426,1.6656065715384472,5.075283866436919,11.294593180668988,8.556588832964707,10.462495107887193,0.6166067958667476,2.641219066334166,-0.623759763186027,0,-0.8962818265771944,-0.3413410705191744,-1.8334150979546493,1.3276214719415869,3.3172813988639582,6.3904114060025385,6.413456233587489,6.521214864704561,4.791335569589794,-2.4339192497652817,11.207896156457188,-2.0450610471290904,4.051424063089115,4.300143599318762,0.9183589779246937
2004-02-01,-0.11606545068065799,-0.9968874435681396,-1.0047317527670074,-12.483604079733524,0.51546505886646,-3.74278393954956,4.673873351157676,-7.260308097430163,1.5161014525275074,1.3205169198021893,2.289623447450617,1.0678972575854317,9.468732086173404,0,6.764783542182329,5.014978368547229,3.7508597675292243,1.8234508265919658,-3.071536147658538,6.713100439234232,3.6472799619034824,0.2347418918304811,-3.0123677217932965,14.953173397096386,14.585247461561682,-5.999027775840416,2.9641345330671145,1.0752791776261983,2.5536139016268833,0.865385090737969,0.515022597631587,0.4087994791799332,-0.03416871492918361,2.564243061333027,-2.662066769943178,2.7322802034658173,0,3.154383392270965,-17.517089675888542,0,4.808598502050732,0,12.981649112242444,15.832061200440073,2.854025104244151,-1.1907790146048924,6.718527350834869,-2.1767978215882167,-0.42564544734773335,2.199270815067389,3.4880264746220746,10.071397560183115,3.2172918688109675,0.26183065283520435,7.534250423684585,1.2552466071119817,-9.366343618030726,0.4389180418763239,1.0259506668748308,-0.03416871493078233,0.764918053161523,1.4117091500974954,2.3953241022492744,1.0050335853501124,6.096855991096817,7.532394542678222,3.0843799643262266,2.947856151933484,4.206417226047865,5.91721887361194,2.607575372375859
2004-03-01,7.184221271334845,9.077982089773684,7.025262775063412,0.322364227706351,-0.774197415361555,-4.220113620426636,2.3985074074442836,-0.9491596681571346,-3.326468623529305,3.4106470814305623,-11.946702996247616,-3.4267899972333926,6.48305345722644,-5.499499896807691,3.379400566863655,11.53646547921019,1.071821622002389,9.638949431642807,7.518355181221903,3.4259981755784708,3.1081178006270527,10.896479788489266,2.9839050009416113,2.4014876213714342,11.755605247098524,-2.292737894054475,1.9491343246973547,2.0536341495019705,-2.149916495400628,2.3141278641374274,10.089852095437468,-0.20383035125162152,-1.9283829440645661,0,-2.62194725571851,4.121367522715447,0,0.21149109046261216,-3.0190972279145356,0,-1.7738001482928034,0,8.64551785763954,-0.2250201377315797,13.271582279192096,-9.91885736046001,1.6511290743491003,0.4408881572596002,6.123052241724736,11.498089230951813,-2.975267446144514,15.884452245415703,-3.0853656878922386,-9.682192043712323,-2.154229224657578,1.4448135747386015,0.13281775837619136,-3.2643848076363113,-0.6289788892233084,-1.9283829440615463,-1.9764028041140413,5.602550422916508,0.5899722127188589,12.044615307586781,13.201717938179858,10.018427556257059,8.740567650997347,1.9311602650097153,-2.4295252193459405,-2.6335548337802273,10.119543683126686
2004-04-01,0.13749620121741302,-1.3009372890143922,1.9564085120742813,5.754145753790252,1.5424470325631656,-4.504588145753008,-3.414012342726691,-0.9032496061626871,10.096204961917904,0.15218550109872275,35.991822683568,-3.3208670996653478,7.181128046665108,-2.5047127175040096,-1.46217335217802,-14.291460656033284,-2.4922539083812367,0.8803699329797077,8.821481547827492,4.323939358088413,-1.217391522393818,1.2329066421553847,0.18303114483364524,4.052364492385674,-8.456921127473633,3.8016138527191767,2.321187385861656,1.621320071372212,-1.2835394919178178,-0.3933108912385297,1.8405427542715236,-0.3126740125277472,1.4054836653292213,0,-3.746462349805496,3.0215568784654256,0,0,-1.641755851402582,0,4.357153852508855,0,-2.0140868509932908,-16.22950679083237,16.154789249669754,-6.529223809176621,-6.835274153027449,-0.8413153521058092,-2.147914523089689,-1.0686062449835054,-2.9284850485779224,8.445383083851299,-2.2417271505277725,-2.2693807556736445,-1.2830219226155792,0.6128721941373483,4.690513260301898,-1.673042825920934,0.47137444367670867,1.4054836653291325,-1.0695179443567682,-0.07098987184726013,10.594857800938051,1.6049591512669714,3.598873233223543,8.247652878357403,-18.590682663076485,0.10226960730885248,-6.3987964945609654,-2.272825107755594,6.393438034608945
2004-05-01,10.804787681432293,12.795581272981194,10.402301829588412,10.287960598419787,0.7623925110659568,-1.2736254974146322,2.033790496475618,0.5210487587051671,-0.313091801896459,-0.4130932336984361,0.5050188458294524,-1.1428695823622825,-2.754995176823094,0,-6.814237557176384,-12.479077281378803,-6.846615998099548,-12.056929318741982,-0.8671635365735675,-4.035671646215988,-8.130786561175274,-3.70216790119251,-1.725672818726398,5.015332195812682,1.5969081969223697,9.648113046958118,2.4807074421138497,-0.9113567635115061,-0.9327772096412112,-1.3956478121584848,-3.7155976888091136,0.158986566606778,-4.931829036804203,6.136894637630075,0.8140474353386051,-1.7217701473894342,0,0,5.696365290837591,0,-6.355565692518184,0,-7.579003418217489,7.070787816789714,5.472099488144266,-14.460647622056477,-0.4304683859531089,-4.951464913122106,-8.382456676875893,-19.750492777382057,-4.2390622292881375,5.813602658766914,3.4027628736587268,6.703843727035608,-1.8988419246864785,0,8.054364705453487,-1.3899837689034023,-5.852013724917882,-4.931829036803315,1.229523685703704,9.305971896248355,10.655028379341536,-3.2135729264294532,-1.028527066017304,-1.7463867821113865,4.153197003276443,-2.6128617204164732,8.273207557831164,-1.7391742711869718,-1.9157453055476559
2004-06-01,-5.5147749426018855,-7.458081395530547,-3.142564809555237,-1.0210082883886473,1.507566240544711,-1.046662578124058,6.56014058740838,8.666941480731433,0.26361802356414943,-11.308052894635189,11.435872319713736,-1.1560822401076032,-8.447523563532844,-4.493261864826081,-13.103198562944929,-6.876685724709208,-7.645285765185328,-14.632630662800405,2.2061610310103674,-3.893673889325555,-2.304357783083333,-1.3015368112069936,-5.647763603035916,8.14230358305924,5.3616142016031985,3.227394356983926,3.8849724464181334,-1.8692133012153,2.2050249249215117,-3.5531940956509467,8.898104475267733,-0.03430525572101217,5.263123935788894,0.5934735519808498,-8.024897466835789,1.4953687360945933,0,0,15.225673986718746,0,3.3019049585854,0,-1.726730361420259,7.31895433338261,-2.729462511053704,19.65783825424605,-0.6668174486708978,2.214605190571639,-0.2819376411588692,-0.09548819059281843,-0.24887038845511356,5.368246462410564,1.1704790152536226,1.1514965995246484,1.4199804573454378,2.613214027684796,-0.4130430376048544,0.3105592558153347,-7.7735574518509765,2.7525318226800266,3.5286539184393284,-5.757882671667858,17.396329917975308,-1.018684530699332,-0.14107691030176284,-12.458343279284367,-7.502504399509588,-3.532194711856534,-0.09281935878497904,-7.906852347569249,-2.313523313671162
2004-07-01,6.40040060401974,8.648704930402928,3.1752099993386906,-5.623582494261514,6.516176827522768,10.707831433268039,-9.258915579850068,-10.154982164545364,2.433138924902467,6.165189719891923,-0.06666741699815626,1.8107490627390421,1.657912880291157,-1.3966529539082728,-3.5490835697340017,-5.576357451845482,3.9337068173735723,-11.086937463841373,-9.252370718998826,-16.228422627891703,-18.042041553693,0.7612869828721891,-2.71343916243989,0,7.665327801049703,1.8186632356209875,1.6349138001529373,0.9284725910257752,0.7596251328347348,1.638781796899036,13.226796857775058,-1.3361867352476686,0.9171866638188142,0.5899722127182372,-12.435106596391346,-6.908688148341693,0,7.59171997052297,15.617976405403855,0,1.8634789300779886,0,4.431078474559058,7.658601208996707,-1.7585438639803996,10.443220382507512,-3.297885211441276,1.446770438121625,0.243650673698248,7.432850417287962,5.548123402506189,3.0186290313375608,1.0407419328991807,3.145089143029711,0.7631544261186285,0.5934735519814716,-2.943169082150199,-1.0912033450982683,-4.151958785164833,0.09413675016798351,2.122276156060554,7.081845424748723,9.086750835525947,0.5672164952466474,-1.1834457647003305,-0.26934356000332116,-16.290708537882452,-4.287957253610003,-7.263644376113287,-1.2739025777429802,-0.7741968539826338
2004-08-01,10.492929686613461,11.460979628573975,10.492769275855096,-9.419526065551075,1.3921338518608106,10.017605257253647,-1.7906907294926777,-6.036438361026272,3.3360980055700096,10.940182385707859,-2.839821736190906,2.671976116698216,-6.483751949530792,-1.008994336012492,0.7383017620391286,-5.148195583514337,-0.07109024627141025,-4.558502267335118,-16.93502782727343,-0.7585252264553866,6.3469573948665925,3.5128678548549175,-6.378494454575456,-9.70239762820595,-6.07404643054452,3.707261423884467,-1.0349380860115942,-7.0028604360484525,-1.1981484726982905,-1.2899152581687279,-4.345446459111524,-0.30720301008955175,-0.9022502617766825,0,-5.004928221495475,-3.386373049960034,0,1.811174994304654,5.877872205293855,11.25347194058266,-1.0044585891633595,0,1.332155880896213,-1.9105545627053466,-0.24812061158083765,-9.370188017737568,-1.2736612978605955,0.6058112620070943,4.724072182341121,5.333425672119896,3.222935201285093,-3.523680609944435,1.5946795130103553,-0.7339687575923293,-1.2018718832905284,1.7595761890379258,-6.609538972073636,-2.2187914975361878,-1.9199180655861348,-0.9022502617789918,-3.698625407969658,9.574525982938642,-7.382727039749248,3.205973591022282,1.1363758650315248,0.461511602079856,-19.072957209103908,-0.6128006570594646,2.542227005082953,1.2739025777429802,1.6256294223395251
2004-09-01,-1.1645415018442407,0.813239273281452,-7.648187321779432,-4.876699776445892,1.6000341346441127,-11.195115853251936,8.910355808742693,0.9684595135994067,1.818013523429307,3.8005743675352033,-1.7755038504049692,3.802265435400515,4.6737477851689135,-1.7156022084477307,2.1485770860772746,-1.9048194970694432,-0.5057005595654473,1.4339454761649328,-2.773391364296085,-6.128693615609659,-3.3495954428182984,-1.581477346602167,6.666209351440067,-1.6487374109020791,-3.734515289951576,0.459528474465265,-2.4581494519735902,-3.9518121646034743,-1.4831006921600498,2.350735703326956,1.5247466329105341,-1.7959962783148598,0.31448065180015305,0,3.7769834181092006,0.7991324765300817,0,0,10.593374582542836,13.084709414937468,1.8392739097069288,0,1.6990253080716222,1.4693913370487088,-0.026161977152305838,-3.0325769892533216,-0.06437750864067837,1.1827114041924602,-0.09312908481193816,-3.9290385249995063,0.19203078392671102,-6.763755164994123,2.232124518434553,4.429883614521923,-0.42964881961973234,5.100255445237312,-2.9464317224369374,0.16012813669732395,6.782317942387106,0.3144806518029952,-0.13590760376311906,2.216478743856154,-4.213261069737584,-1.634673024566613,-2.938226415299372,4.3388467927881536,28.576378310833533,0.542956058445751,-1.472567345655218,3.879462433775238,-3.7400914563305854
2004-10-01,11.95909943843807,13.834833664346169,5.751592814539075,22.128727493214928,9.097177820572666,-4.292537155005766,0.09936654649419507,-7.8024690722992895,-0.7921955734066399,5.558469747163086,-1.3668155026503093,-7.953315352238372,-2.309571479464889,-0.08655760948972357,-3.661691505483411,-4.322873455082021,-3.0565459016458796,-2.613777331255207,2.9055694695705014,-4.25246365422991,-6.093226147948894,3.65194468277128,-0.590242980531297,-8.260352853521002,2.184191818325286,-4.890291009660497,-2.8013036227673926,0.04686035699621449,0.7350416279519545,3.856276831419203,9.424565785152982,1.1380991685105535,-0.6622057749383181,1.1696039763196886,-6.868226936741214,1.7296091315389894,0,0,10.438582877046887,1.7271586508660342,5.41839223168612,0,3.9745191706241023,-0.2882964736147464,0.2844542037887976,8.195145481031396,8.806088646082877,3.679301435418747,-0.7648085015048878,10.25612113097032,1.54672922933079,2.232235543789862,2.2394880102477366,2.1841918177798902,1.4358605884016828,2.185879381249878,18.351464333123335,0.637960696403983,2.32259179709704,0.9907244201820653,-4.082199452025481,14.779739564924643,-2.175124593236255,2.5289967953106895,-2.454110891611716,-1.8158461138328974,-2.6384941869987966,5.760954932649493,1.6581128126231803,6.482386854998001,-0.9083292532678477
2004-11-01,-10.696050909878396,-14.593158054306121,-7.463340093412718,-5.195643057288768,2.6559273072354728,11.402205457817322,11.39270696870801,3.2310980999744165,-0.4972586355693198,1.937126475110451,-0.4404388941043891,-3.882344108290381,2.6135230812545984,1.0688708921740009,0.7396238470454897,4.322873455082021,-3.896778450899774,-0.23298086117469197,8.340762174471195,-0.05247966533454829,-1.539858676359529,6.043173918491718,4.188647758361785,-0.6968669316093412,-25.291764550587605,-0.9994530724995565,-1.7141697031167635,3.90495180760726,2.7296152436814936,-4.524958218450925,-3.4922272393066667,0.22297623319813553,2.0864356688218066,1.1560822401080806,-6.7396071329979765,-2.967338802394506,0,1.7789541563498545,-7.557841454485104,3.499684203709652,-0.3122088653203292,0,3.6045110055299645,3.687021078707886,0.2783996868053862,-2.522694528328806,2.8405288851356403,4.399439918310488,1.5308346875540835,5.452555618762256,0.9634665058780634,-6.946602030107751,3.9402493335405353,-2.243338721512611,2.9349123130460564,-1.8182319083190235,-3.2969149438130785,2.2013467537178144,-0.4393465695337717,3.767147500456769,-0.37988732571490047,-9.446616537186436,1.7644463979708647,6.127587550275493,5.0149783685471405,1.1891574061281496,33.900079350488745,0.27992773095553425,2.328710431454084,3.641859049892915,4.800851581669274
2004-12-01,-7.594093281081049,-8.249987616568566,-1.7790975194620806,7.807013788213757,1.003017435993736,-0.07378386754550714,14.273890081630103,11.564072420199711,-2.978671756970297,-1.3381146424420232,-10.630924676880793,3.882344108290381,-0.7616183045308311,0.655500069955739,-1.8672626538389636,1.9048194970694432,-1.6402793087848977,3.502053724562959,-3.720979933164781,1.7380881941514659,-1.8067338793970933,7.092002567753486,-1.735849344553131,0.6968669316093412,-4.169457201764503,-1.9155515289753455,-1.460700128341269,0.24749703262512135,3.8394378935387055,0.5135187250424833,1.09690313705737,-0.12951672889709442,-6.003999987034003,0,-1.0969741276911886,-3.8332219092166135,0,1.7478597273959728,-19.21694430061125,0.8561132302033592,1.926363602072012,0,0.7229165880900723,0.731974236403854,-5.864563052187144,-1.9892966648813015,7.436076139226966,0.6135336573597883,-0.7247557639745494,-5.593599365698476,-1.2590623462980233,-1.0944672657200005,0.3586317604280964,3.0876120809359975,3.6330772968892644,2.1779445264039854,6.059333393025934,1.6962627219579751,-0.9701177289146656,6.843316692688806,0.2568950545534854,-11.394742842476013,-11.247308435971703,6.694829911247524,3.779283658114174,-1.196767466631865,1.429871611901974,-2.4468597561930734,3.591895022791558,-0.41350851478032524,2.308078589763518
2005-01-01,9.584180068714554,11.066156401959981,9.864390694769432,-6.704556464923095,8.601287466004015,-6.580956646217645,2.877896455004336,0.6514681021193708,-6.754215103258487,-2.82337102535819,-18.420766348080793,-0.1325381241068624,-1.2307847674597028,0.07778885580771444,-6.323054678806717,-1.3295542481244205,-5.9866386724976905,4.324068874132259,-1.4544924551507243,0.9038681092445877,-0.7931707232808449,3.096222560396722,-0.18290795470647936,17.18502569266591,-6.940089145531192,-0.758599012934702,-0.29368596733096997,-0.13492244007649035,-2.644867370505782,0.3731412343502716,5.540603757429885,-0.4716779351014111,0.5677890710413358,4.49513878622696,5.299224151016303,0.08454515214455782,0,0,-0.35149421074445186,0,-0.8010675902227149,53.943615780725594,0.7773987872765176,-2.256774139324058,-10.05243565411078,5.208752832029262,5.4543560200042585,-4.168439169258509,1.2686794151347769,-6.803557200585786,-1.2031832561292255,1.5100719066314383,-2.300546693918104,-4.252387323601248,-2.6427238656909546,-2.7299238487637822,-2.9688381815656584,8.420458599083513,2.1374461593870464,0.5677890710453326,-1.3989473651755624,7.979779418222721,-5.43154164194628,2.5833434338490946,2.8929027116734396,-2.435819362878089,4.470080955172367,0.05053908463367174,-3.708806242047036,-3.5140650151905817,6.8107828445872265
2005-02-01,4.205933684981389,2.835590563890378,7.931926110605625,-0.15893314887909238,0.5479465764625768,5.103927175551027,12.03098062570045,10.957241237527573,-1.581493557319158,-2.1459156722509865,-0.6600938454335736,-1.7054417696020951,0,0,0.8960356566985794,-0.19138761822841133,-4.77589256260158,2.1720040551137743,-3.7504096397060316,-2.2228881154509494,2.5402031083673116,1.0398707220898196,-1.5910817889091433,41.3232137451439,14.816900135912725,0.24533869028268152,0.4633212921488161,-0.9950330853168765,0.49762840178420586,-1.2834766139587894,4.265517560191601,1.416546244020811,-0.2145858924646582,0,2.2803671516332433,6.1772296906946025,0,0,0.6210361529116248,0,2.605550548208857,0,2.606122243501119,2.5277152486514076,4.46217662031394,5.658948263941532,6.205952075607257,-0.1604947357655817,0.6092661835360502,6.024240468578768,-0.7096066819944902,-6.1169708609219775,-0.7188190009147277,-0.8082598391584206,0.49496638418671246,2.9092960941664803,0.12671575597922313,0.4389180418753469,-0.5981749304936557,0.30020489797246697,-3.607389802418126,2.411173687792667,-9.784170347749788,0.7048814197399444,2.4239640763943804,1.2723034812916367,12.766556950378849,2.3963206715594016,-5.506529510330083,-0.5738896669018168,3.9623967887528977
2005-03-01,12.809043947110643,15.291298794861152,10.74037979987379,12.573642052720091,0.5449604767564509,7.177108464302434,11.086412503953857,18.27660102245725,-0.14832602888100732,1.5689654404595466,-3.1131475820739993,0.3367006547904394,9.446546625275953,0,8.065589485584912,10.53605156578259,9.23478078155373,7.225194216587383,7.487078621841192,5.916603884481919,4.387257712829928,0.9438079497306795,-0.12100820586340433,-11.681638503090346,40.143787336062715,1.8211016813312386,0.1693480506333056,0,0.9513537175655451,1.1785077862341287,-2.447285651872555,1.2858457086814212,1.367107721358618,1.6349138001528374,7.299735937563906,4.626358546646506,0,0,15.607154096340103,0,5.023449787579093,0,3.793200021208598,2.6697858805174945,3.863687360100876,5.335101491049521,3.4079993850836487,2.4499592151212113,0.2899808519029712,2.780333669615165,1.6756825359898642,2.038306081085439,1.2558902935499106,-0.8522323065912829,0.2565604705209612,0.1790510773788112,9.267230276880856,-3.2643848076358672,7.172843779981086,0.5109486297234511,-0.5067643403320332,12.167148579771991,-2.8829845474991345,0.7366515816761954,-0.7579895522768609,10.682079786406629,5.856573176971769,0.5166274970234475,2.5022665243547237,2.6971116774792137,-1.0316830335064253
2005-04-01,-0.5953800024708578,-2.3384591915670327,3.2914090338868274,2.6144110765651263,5.977174329991741,-10.154084340037151,-4.158446143078631,2.4736948548565034,8.432541438228414,-2.919217795138218,31.4977586426784,-1.35365857175333,-4.4643842476665085,-0.9399368525732754,-0.058952610360307744,-2.4434025337281895,0.40199398830438327,-4.740490770494077,-0.8975238073202441,-3.6681566634604756,-3.6139046615873305,1.525453309306446,-6.929918570150839,-29.058483210974227,5.772470055125267,-0.20875158122626303,0.16906174779074967,-0.8444646782742815,-0.5779851947872006,2.9317539633614276,-3.320282100791472,0.6405072658924205,0.25383578550695063,-0.5420067469349199,1.1314530970235992,-0.4333124724301918,0,0,10.898089716589077,0,-4.41790977289811,0,0.4424593937567778,-1.8332354096058268,-3.185295151327061,-0.3015229506660333,-5.390459435579409,-1.0698957206566995,-0.22752350014618727,-1.525087062503161,1.9395259757739147,0.6361655905648078,-9.542230288017173,-4.17091964358729,-1.6331267091237667,1.4209830572653015,3.3552881315666028,-1.6730428259208452,-14.104566867981028,-1.9248996329838342,-0.8177583346699713,-2.250282549272775,2.0754431469445667,1.3667638728663611,-1.9759149980462354,-5.442940011445518,-4.171793291637277,-1.0772687544542996,-1.8155500436820127,-2.6971116774792137,-1.1441461662378138
2005-05-01,-5.716977838958881,-6.35139189155538,-4.564084139569813,-10.040786852163809,0.5106394074573917,-5.007746583143923,-0.8995795445329469,9.968929221368436,-7.248430495239311,-6.872914080473058,-10.328497474860153,-3.997056833003765,-4.827483305779534,-0.8622229653641789,-1.7315877765231136,0,-1.4577786620315614,-3.5797443106194926,-4.865797599584809,-0.8984786407815193,3.4079313652862986,-1.1674271831114247,1.7263037056899577,4.268073112296666,-6.986560514538026,1.1030405179466296,0.389055088115392,-1.454487144195582,-1.9811273103153615,3.142036159589734,0,0.3005874014176513,4.223089955807957,2.150620522097313,-2.3449846931961753,3.503352287291545,0,-0.18581609558321333,5.5723322752402105,0,-8.283269419064343,0,-4.377136955940664,0.23436596423369593,-0.231240126127652,4.775710672180011,-4.444375649054777,-1.7295574158115556,0.1582818092673577,-1.3634131941860916,1.1344027195415052,0.12187691941294432,5.696271630979588,0.32899575429317096,-3.921824124734141,1.227009259181422,-7.083601157873964,-1.3899837689032246,0.7445277228240066,2.235365681691004,-1.278133436473361,-6.129861398062575,-0.8141157583699599,-1.3300733569529655,-2.287608166397348,-5.441068182136188,10.034158439738604,-0.2815037460884934,0.1334079797945975,0.7168489478612372,-1.4649437481946137
2005-06-01,11.936915220871791,10.96710178060567,12.46728266901993,10.508294332496003,0.33898337545117396,2.05525330036167,-5.780473293779876,6.8076929876639936,2.185045419939774,-6.518948160965099,13.3002693347677,-1.2489011570774755,-1.2833152982986817,-1.1638214355544463,0.3770659896193074,7.813820430914298,4.038322025513441,2.9974709800073107,4.990325241362115,1.7484214116930907,0.866793748205108,-3.0410083471125837,-0.9810620475082743,-24.141531755825163,-15.890931846967915,0.3333071889753514,0.25853168508118696,1.1560822401076365,-2.1044751541975772,-0.0065259239403370195,5.216602171567075,0.7854045250908825,0.2954758716423811,0,-2.897433760449175,6.816863900674281,0,-0.062015505863488585,-16.297859395082348,0,-0.7139608945823106,0,8.123796922757087,-0.2033288056088267,-6.431845099580791,-4.666489558244891,2.5485710261418326,2.0607628727276506,1.587371275553373,4.020663092352295,3.1942912879125096,-0.6108754488321377,-4.225731353663331,-4.244593641525007,-3.3271590601752443,-1.0507977598415152,7.631612320430747,0.31055925581506827,-1.5612006735105766,-1.5952504065889883,-2.112021731094771,12.398347093250317,6.844776381469098,-3.7754437230754334,-4.477148039679513,-0.6330849492640844,-17.89383915856245,4.9180958018810506,-1.6314533243641627,0.8534902449837567,-5.892390796501523
2005-07-01,4.491220550876207,5.850896081265988,3.6167445973974033,5.943477352761084,8.27722862838629,-3.4401509813339337,-9.726818656826408,-3.6305938248937824,2.9783568102597133,-0.3589243111154661,4.906154982356115,4.218551692462707,-5.263315544859992,-1.6454906785610568,0.6223674389249645,-2.649161544697609,0.19796512649419284,1.2634692840974182,3.534486769622003,10.195923817010755,8.42442846492073,-2.937460867990449,1.3569553880512508,-19.0868617359954,-22.1896186348358,0.954077806809428,0.3608251334660195,3.2567328662544526,-3.816159304665845,0.2076417444081935,6.315635091061944,-0.9191622423497137,1.1784452609382434,0,1.6378119568853156,15.058098595063353,0,-0.1241465088065219,1.9915309700941464,0,2.706142575346693,0,2.5258400442055517,-14.323690218100626,-6.082120915699818,-10.281120018109036,-6.584796526750747,-1.4449415039034186,-0.7321444984350833,-4.133223569866562,1.768001853617296,-0.19627091678486863,0.003708630635035348,-1.1175155023843253,-3.816123501196933,5.979577800603431,6.49960058834127,-1.0912033450983571,-0.16132995467739164,-2.9688795597184736,-2.4940631850352446,3.95846264715507,4.356631702322167,-2.312241742085419,-1.6746802866560273,-4.685725084189496,-30.570276122705014,13.664438893217316,0.5157933973177542,0.28288562004776807,-1.7557832098419546
2005-08-01,9.350426396662126,10.712960060349008,6.896387582543895,23.327221284140798,2.1572485254127693,-0.4458302849546736,-1.58624331783912,-10.770527274293274,-2.396125448931241,6.6257876487249625,-15.005400142220815,2.9508669808356314,-9.6961707842798,-1.1817291591161627,-1.337782963333023,-8.396538011733412,-2.0120534075189767,-2.702643148905004,1.2305821904432968,-5.600145785010646,-5.360339936956748,2.1625362433671746,3.744396803561223,0.8717258847407594,1.156391108133481,-1.8693613663372632,0,-2.8666899259713663,2.404493145202796,-6.823302652334673,2.963936943462686,-1.6317179102080637,3.0742085038873768,1.058210933052628,-1.9650133806760783,-5.597693922236413,0,0.06209251984659048,-6.217511899082417,0,4.885210926195338,0,4.953438152156053,3.7382496514007713,0.27270939687262796,2.1173276401423635,8.345370773727456,3.1196545689636146,2.7946065579164348,0.26907952652845957,1.4138354051210555,-3.5494853367051604,2.0091474735886905,2.1614246933137515,2.404179001549167,2.7802281311951837,18.014701325387783,-2.218791497536543,0.6995481483456523,2.849074951614039,-3.8697145653307174,10.18444201239923,-3.5961717638002266,1.8923136579297228,2.642696345208506,-10.147704366392407,9.978008087842143,-0.9060476271555595,1.3605442651056343,-3.7414435850257277,7.456301747650329
2005-09-01,-0.32824909265745106,-1.7442261066251241,-0.14620120529578173,29.047975072639566,0.30441423812284096,1.6055568394958197,-8.392422981111281,-10.32888170857356,0.33986468730065056,7.115339841240753,-8.501670012439494,1.7558841049629514,1.6231194928582937,0.2871163935919796,1.1439844530651833,-4.097407421030574,-0.8984392635172256,-1.7932947665528332,-0.11405674135174237,-5.369082658912827,-2.7541748289101164,0.8626054719766962,6.699829957487591,38.3788704614207,-1.1109975135240924,-0.1760563835033091,0.5835781464101908,0.11442958108682788,0.8367214692203306,3.248682094402222,3.7553819971787528,0.5102761957728852,2.267234370098059,1.0471299867299777,1.8290514292123583,5.851538623024332,0,-0.18639334380630146,0.8952611272113664,0,-1.5067104534767672,0,1.5698914464856273,5.060716928919007,-5.7986310912877315,-4.564832729352553,7.357942921375749,4.0538986879808725,1.788174966887457,1.694549605560458,3.91791771519463,-8.216540004349016,-1.2117049831785742,-1.425110403717067,-0.13996317089193244,3.018497633839745,23.129709214499705,0.1601281366981233,-2.7205352099101354,0.5782390274543303,-1.2325141232746972,0.8926817469031789,-5.98357916106651,1.084382356022573,1.2608152076313495,3.6986255119695777,9.419201293832316,10.20896960815355,5.015991927894259,0.14652017273277806,0.5241389426291043
2005-10-01,-5.845558003331597,-7.344495992301692,-5.215931262104112,4.902336649464711,10.109611687136866,-3.207887235905443,5.43792906897409,1.3983278691303225,1.9112730592338867,3.9742300182107115,0.38667405912347075,0.8827914123565428,4.887534667299764,-3.4274942355140503,3.0095416781612094,-2.307794728254464,5.956662857958772,-3.970506707656174,0.6448895432217938,5.6349438427000464,0.018866144755858016,0.40234463443056256,4.95807064506808,5.908891636159214,8.457735156857396,-1.949190264857037,-1.002514661937881,2.194409963702304,-2.5028414910698515,2.589529547995595,7.563099079356772,0.355605484428434,-2.585649285304381,0,5.745223397944249,0.31199436639907097,0,0,2.4069257032833136,0,4.713734570646899,0,5.1016650635235194,7.402789516340391,-5.468381683071577,-13.72977963847255,6.2987568150873585,2.991758274248024,1.7728732043353013,6.976607580511174,2.309571479464889,-6.3679467271234635,-1.9892380352944272,-1.9782663759848162,-2.922147960416699,1.3986241974739855,5.692579358251493,0.6379606964035389,5.335063220342384,-3.329147134052235,6.716571587897224,-4.964644871761603,-7.513964458609124,0.35886335613604103,0.8778065143306257,7.872538685441022,-3.519707075423601,2.208800556243534,6.549943002416914,-5.569535578818829,4.697313632901956
2005-11-01,-5.551742774627311,-5.238767190778404,-4.495036801872221,-25.95903420186909,2.442455200707494,-0.9666860135939148,2.5284489961378442,7.924937165414056,-2.528019248713187,-4.378454764531603,1.791104999683435,-4.7326392256449745,-0.8554372096658547,-8.587191878488198,-0.17126957729720615,-0.48756800634839337,-3.4621716438527628,-1.1730077191273836,0.23745282966753933,-6.661646906674523,-5.078706326734839,-3.066800656675106,-4.080519019815654,-6.782259633876114,7.603704229398206,0.1958225168839034,-2.293094106391702,-1.0572587516060938,-1.6228407745025097,-0.38737155052330774,2.311213987574856,3.192049093843252,-2.782970373826288,2.0619287202744196,-2.441479383551157,-6.207300770782981,0,0,8.662460460035604,9.381875521765437,6.127458470228309,0,5.033513157161984,1.3490908068674479,-4.178625674270009,-2.3426202763403126,7.9123941473201675,1.4300386108483387,3.3389068069043404,2.599387169035161,-0.10152285135944794,-10.929365740458463,-1.9268937025056054,-1.9273137505046556,-2.4666671950000163,1.9863143499411429,-19.858493273315947,2.2013467537181697,-2.179782520896545,0.3697890293112849,-1.4459659306832684,-6.767467590747422,-12.722049227177168,-3.0435883597548674,-3.701523532491713,-0.49856965830885613,2.167377910694599,-3.040353791899242,-0.9453844738012585,-7.720874983197046,0.9762572745531273
2005-12-01,2.4883077181717894,2.159814990863662,3.479301699828996,20.68178774585414,0.4013383313458796,4.458043867694683,-1.8453991912426249,9.168137553903213,-0.15368699100030137,0.7125140941871222,-4.208059654357515,3.0254408357802296,-5.111244620910327,0,-2.1550457697653513,3.1748698314579826,-3.879785157618887,6.152226774085268,4.217318744398657,6.859375504287346,4.2261862443989,0.9852296443011888,2.0425337930148224,9.211528891554693,-3.4837702272880966,-1.934137079597964,-2.1419053286079848,0.6312013742894695,0.5790379935561529,1.2104933448203403,15.665820370883532,2.950676080322978,2.428677048976624,0,-0.19231391548549248,4.965342646127274,0,0,-9.419378193180172,0,9.166819589023323,0,6.953511884815633,9.871886961007004,8.604364698519795,10.2934517318241,12.302585242985487,6.778486772835546,1.4418566622224738,9.152114610139916,-0.1016260250065848,0.4260206345010342,0.59640053438903,0.5984292245401868,0.15456637134549922,-1.8321123147596152,16.130590367443354,1.6962627219577087,3.8833553498490936,1.4853316153659257,3.8688897556286683,1.9224242056578689,7.379532559819113,-0.09722898189385987,-1.321340545839167,-4.861282633232733,-6.661776506750725,3.144619494865358,-2.2000595515397237,0.6666691358189425,NA
2006-01-01,10.148435231203745,11.359747339355586,9.31428067580411,-39.277161091356085,6.086020232716338,4.153224055159422,16.062624415941684,11.701428247698425,2.9945774686460203,0.201813831692077,-1.557123788354181,10.668414258833453,2.8522432603995895,-0.6788287507443869,0.5022941331592534,-2.6873018251095893,-0.34094435396809786,-2.140126193166836,0.5693432375760032,0.49980880671336436,4.136978965857718,3.7608279917159315,1.6403703888369314,5.952597930628572,0.038943224520965325,-1.1702883710917211,-1.9064562585242029,-0.49560813317581776,1.1911111908468663,6.537293319295879,16.83247328646218,-0.9849482862335002,4.857895701363368,4.0005334613687715,2.9198346842594702,10.97901096902978,0,0,-5.563998803865733,0,5.640342171844548,3.3285977633466857,3.3846249197715395,11.123668507041895,4.910986678914853,8.051576498015933,13.747363441019278,7.507007121048037,4.940484551843838,5.766509225196348,-0.6426298445529,12.206134971276228,1.1308287967031205,10.666674832834389,-2.0526338958845702,0.6144412572341107,-28.35475672502943,-4.0567184989007465,4.668008609661722,2.722583254305544,-3.4778904492780427,9.72635048163859,8.556215664522027,3.5359632128415086,2.034779957226629,2.543543816782279,-6.899267032071446,7.678847583903536,2.3978102030542736,-1.8441427902722296,-3.0396039882075065
2006-02-01,-4.506450862559941,-5.914867120993517,-1.2716270981784739,-14.553703207081803,-0.1257071190051029,-1.731228815439173,-4.176178112362483,-0.6488904623196512,12.329795385901432,2.6749427175355,-3.7938670558044896,33.66847990622301,3.793558327976765,-3.5586298014219864,3.1837192383833646,0,-0.4789084076079142,-0.6684923101883733,-2.411068971452135,4.269942567382934,5.253841156888672,3.458801128732958,7.311688821028728,22.01239214404897,-3.3863158191715703,0.895665804289214,-0.9807205116964757,0.49560813317581776,-1.032871307281702,3.1596309621526375,13.575114936283562,-0.7514145798328542,0.692580306439794,0,2.203478981136009,9.310701198200954,0,0,5.563998803865733,0,3.2059473483127654,-3.0213778596496432,5.107085183432325,1.6355570257222674,10.425317675760759,2.868160118154073,5.991324437876244,0.9288129774541964,1.4945503214253364,4.239683897400193,-2.5601232382729044,9.9380296366407,-2.309126285132823,-1.3660450869981133,-1.0323156954044954,7.520122688161135,-9.937216126067128,2.009919877598776,3.4676506862573397,1.9963992064863767,-0.6265706755965716,-6.0888584125392775,10.081620084434872,3.1425876260095187,2.6886482184584892,2.462741097447463,5.562406342034416,8.922767214887395,-1.754892316919765,0.6745388139531627,0.16314993370647457
2006-03-01,2.0299324542088826,3.8147020655368458,0.11927855443065738,-8.191879158596782,0.5018831111942568,-0.06785691557671392,-4.69198525067781,-5.516164160157438,-9.29748963551732,-0.3094697954483472,-8.035671776011805,-18.253411923497186,-2.7445976608747813,-3.201181748666837,-0.291625489322378,0,1.3651771333924145,-5.285328552749657,-0.7525165169353976,-1.7702858159970525,-2.2968975497940747,0.661159433231262,-3.0514915390182473,-3.4457879923687873,-1.5448787247257982,-1.021870019433191,-1.243420762269415,0,-0.2706259485417639,-4.535636479602734,-4.535924939893066,-2.341017732877848,1.1700190696274149,0,-3.4971580842079435,0.6054313410005285,0,-0.1992032531240362,12.818398216035387,0,-1.072596682174165,2.274548398897114,2.3887112580512238,-6.884717799476103,1.4375019786653453,-0.5446433066229162,8.526548132312595,0.3773087181875745,-0.039374049169271785,8.5288148055227,-1.9078480105238604,4.2079065710306285,-3.1654447355855986,0.6796821701346545,-2.4949713414587293,-2.2989518224698857,-5.441631462274721,1.8937764032245674,-4.516541362577087,1.2846636687787516,-4.79968468533718,2.0470636764642336,9.825027747532156,-0.09103323341452807,-0.11540682181072626,-5.141786289975769,-0.5278020861555462,-0.6877534533677787,3.071453978139438,1.831858052368407,-7.636724310404208
2006-04-01,10.936112041842794,12.3583745139495,10.546356318945094,2.7885487087793814,3.080958414319701,0.19154308911216167,1.5366113413845084,1.5813895927797084,8.357028325263261,-2.728919265287766,31.959045609960302,0.16992357512620737,0.5203827875027045,-2.6259507120623304,0.712767404674608,0.38835000263972574,-0.029601125058853484,-3.8284426471028254,1.7271674677279414,2.3199894448286074,5.346819257456481,-0.41271210046511797,3.3319731372440486,-12.238459156928188,-1.060234143403041,-0.6842687733963126,-1.1250782041194007,0.9839077584988587,1.318125371067308,2.2544874876291754,1.439702379496377,-0.12382237672357022,1.8623915508602096,0.9756174945368734,-2.3716526617316074,3.4363401965547213,0,-0.049862878121142984,1.7834867636033813,0,7.606510513756248,0.8955283729103591,22.458766184958456,-1.8345456989921516,10.890422228423624,18.597060931472598,24.398858762757758,9.179668452414802,5.390492879005215,19.459211916057527,-0.8058061329762722,6.0920173761840335,2.0666825887349027,0.9494079019655821,1.3219565733556093,0.7241161256559714,2.8011977563728863,0.2676354111398105,-1.2961944276872472,1.5748356968132704,-7.0818561138637826,9.86907132513366,0.6857169726136814,-1.0989121575595284,0.9195467093100262,-2.792877552500972,-3.009803115750169,1.4635926610193084,4.649416682458263,8.384354843319297,-0.24779917240529414
2006-05-01,1.0324153360213195,-0.3624176092642095,1.3190657736117828,-13.501568212503102,0.4842624475787982,3.0786635846714203,-5.393245686712644,-0.7792462543221856,-0.5642189195833258,-7.823514788439001,0.18050213539364535,5.29048982835898,0.8613317678114463,0,1.629847879001023,3.053672386008177,8.483640100397594,1.529277252782535,5.107028589792506,2.6818508687899367,3.948043680102842,1.8845293478672254,6.867613103661885,23.738133397698213,-0.01748224146565225,0.5494751556829436,0.3693448335351679,4.247616634431184,5.671287608967374,-0.6433154538941777,-3.9060634485708734,0.2202975082900238,6.244703614968827,5.354076692803744,-3.4361427517311,13.239348048276078,0,0,-7.5507552508145,0,8.77393019298216,0,23.077082347565714,-0.3046286188974179,-0.17721443627749522,16.103247691557954,14.487788985936412,10.076586726628456,13.759706423738916,5.8712746700833485,0.4949972444331152,-0.5214517622778025,3.982859114519677,8.88710280891134,6.564305782051361,-0.14440435722335998,-8.585534072763146,5.677651580208387,6.929723916545338,5.540515803279877,3.522869188374411,2.166736437460326,-8.506669631801245,1.6438726343159793,0.41105333054849424,-2.736895769356451,8.169160037214361,10.431406177770008,6.831022112221863,2.989759305618911,4.787538218555287
2006-06-01,-0.5633483342045054,-1.9124542090993124,0.2669746263245898,-0.0784694041655154,0.12070007500351032,0.6607370895465203,-5.846095289843312,0.24935595997503945,4.631240805747094,-0.2832018073224418,11.154374693158175,2.6223195099102536,-1.3817145553141508,2.1173248826316993,-1.1560822401076365,0.37523496185505323,2.062587840476482,1.4367929213110031,-0.5534519285898654,-1.1315727782468699,-1.6610054565619592,1.4504686202882588,1.0286585118381097,-34.69435364885084,-18.380616348131788,-1.5462036016453795,1.7081215219111434,1.4187638721085971,-1.4105068932484754,-0.4802420156869047,-8.82011451252186,0.8360949797993733,-2.365589995834849,-1.4085308881335301,1.4612132132292954,9.965908469671515,0,0,-8.879549878313142,0,-14.415176805819119,2.928466954517539,-11.140771835160734,-19.111888254037357,-11.258816542607697,-1.542392434229356,-10.021318276656466,-12.481081760306889,-5.903615748550983,-21.433902000810654,-0.22567308486873827,-0.42867415013625454,-4.941546557977716,-3.420427614499122,-0.08107776726360427,2.5679014417691493,0.09252768745593443,1.4326892620753817,-7.413606375105886,5.817411828926478,2.0192194441746025,-0.0019224422655561568,3.8438203164978813,1.6172859245601856,-1.3306000398585205,-4.298805576355047,-9.641506280097373,8.660899986398274,0.17969890202254035,-1.9331457018306963,1.24096070330042
2006-07-01,5.913295205463598,7.063171259920242,5.918583605749728,0.9132483563566218,3.4383944352667672,4.387892282426803,1.777611064026241,6.833960596665628,1.2913368276141313,5.125724072844751,-1.9200007653423334,1.1696039763191224,1.424587010418854,3.440612127964382,4.308144438986261,1.763386760106922,4.788979027497664,-0.2457744287087671,4.764880771461932,4.107574539506942,6.991198919871344,0.9237205352481404,3.6547051500817496,-15.634607038176185,9.800573454120387,1.7651510575322327,1.2283691738027347,-0.3791873091941067,-6.733682614912823,-4.464278044328063,4.134134015644153,3.4560206541420335,-0.989036999782833,0.047181707388421756,0.4522848053726686,-8.481094172594606,0,0.745345065458114,-2.166149678117879,2.9413885206293955,1.4177636323286613,1.7167803622365696,6.904029348541485,8.786028921147349,6.403769852722974,24.76266492020187,3.4783590942071285,6.110751047657814,3.3328420406623316,3.95897139560204,-0.8969639214968517,0.7134394113874176,0.7749558885489449,0.04998750416502773,-1.280271413480838,-3.4387342309476043,1.583370435937148,3.4944156386020886,2.6136822264539283,3.8899794171591395,6.7431174729639665,4.7793424980872246,-1.3358518767955463,2.151379043132007,0.9653028299894117,3.840982752753863,-24.096882298682353,-1.7650169402659732,-1.1305853875698268,-2.8943376039488378,-0.7729441654310776
2006-08-01,-0.8848535241420485,-0.38637464379016606,-0.38787970389408954,11.26141443691342,1.5037877364540542,-3.5381538612178574,6.2124896401723255,13.199897391622157,-2.5475697061843605,3.494861561186813,-7.879180824734123,-2.950066439669796,3.826407516777497,5.060048193526789,6.785576294695073,-3.653802224022229,0.34384714472590616,3.319712186697643,2.1464769673571027,2.252900057944718,-4.731215728147298,-0.8704014190812792,-6.381243846040352,-3.3159121783618017,12.337917739892701,1.62700180697678,0.8409555960120274,-7.970858592701635,1.001285684688269,-4.198480670504678,-17.182824714876865,2.763571969835965,1.645341529321076,2.5919458476031387,7.809691136816543,-13.228383224781092,0,0,2.4039619186146055,10.969891725642444,-2.1229736601643623,-0.9978700049896538,-0.2133472047166407,10.947734191830794,0.9866623908207472,14.52911054455015,0.2224565276028656,-0.17641911765347018,0.38093737052085075,8.160017197714176,-0.89412873515613,-3.4964381355094165,1.5049774279296102,2.4692612590365037,-0.5757398177534956,5.253159443287969,7.855379798180362,2.3083170182880863,3.087227669371906,0.49796619692781263,3.3004618617228587,-1.8481486672587977,3.6244972449749113,-0.7940256570513782,0.6383970609923573,1.9848143018428743,1.0411885316096492,-7.763021346776755,-1.4064169968969864,2.8943376039488378,2.3791180047903815
2006-09-01,-14.496179418462063,-15.930282151526232,-14.038662610998731,-36.36673822736167,0.6865015519680107,-3.257975840666849,-1.7151530758992117,4.672382690636173,-2.454376869331798,5.0464727830108576,-1.0916619266796657,-11.136653971803822,0.49382816405829644,3.5173393033868905,-4.404346458929798,-1.5384918839479234,-4.833549200987353,4.135183391947361,0.7948055245581287,4.328392854962271,4.363060687380038,-1.1149343624857977,3.1445661241727763,0.5076153031860486,5.59255939160567,0.4541521368492285,0.4087756067313486,-5.5693940486226,-0.6568538713874417,-1.0597734926627633,-11.232940992058737,2.647264043454989,2.6472024424816,-0.34399758724452667,-1.768467141511787,-18.453028215351065,0,0,2.17336014092675,0,0.5250160403014625,0.2861232281032855,-1.2198072859561648,13.391234490870918,6.127346618907659,-2.013796331080897,1.6511891117726663,-5.592550298811183,-4.131122933704301,-4.2790099948643245,-1.378571597895828,-7.832638997870944,-0.6578455864387323,0.32490122783581654,-2.905255172916932,5.6466611667771005,-21.439842906808693,3.1706751126079347,11.765231625227823,0.3735063342526601,3.733767043765024,-13.498009500274932,-9.461063448023932,-0.5407324801139701,1.9802627296178876,-4.193622534748176,4.933486325064545,-16.463923044280506,-2.933401536642144,0.44943895878395423,1.5365286541986656
2006-10-01,-7.019000474571246,-7.253423154263849,-5.629416967311762,20.396163037063197,2.254886968661296,-2.487103800848456,0.7257584246564974,-2.548075865549182,-2.8955778181621983,-0.6619965623291924,-1.0074020091594083,-7.3017021786676795,2.753210339020118,2.1169419900672892,0.5734251440379978,5.651221026334241,2.031194016603788,5.013338903340703,16.824772094601403,15.5074147513802,14.521939092593694,-2.687805196439186,7.900945940749704,0.9448889207032685,16.47601487896815,0.5258845315997407,-1.5185887209314575,-4.928569533458305,-0.9186341314897706,-4.064498057676791,-3.7103750203377084,1.0592569523344864,-0.4693060376699698,-0.6008578947167109,-3.1063757398201135,0.6172178747960277,0,0,-2.7928522340935125,0,7.090672617411542,2.399550555621577,-1.3503844905807583,13.156504068367614,7.755017991952329,8.192039061975187,11.635923568987216,-2.0957449912380355,-8.933365109261526,-1.0182782569736926,-2.986978896047532,-6.6947648640183655,0.5881605328368344,0.39417519060034323,-0.6008578947167775,-6.06246218164348,12.418214340157174,6.907956040383123,16.98130278676171,-1.3995453039025385,2.5841231183886038,-8.105139418468,0.9442458825999811,-2.887834073868767,-0.4018759594917043,2.55013001722455,-1.2507582404042066,-1.048815141187076,-0.1694127643060206,-0.44943895878395423,5.629319418654344
2006-11-01,0.4008095602802797,0.17658571910663667,0.5550881475584468,22.321215959574413,0.22271724128244408,3.274710498283678,10.004041410927922,2.132220815307473,-3.6747899491503255,-2.8303111751683097,-7.430268585761002,-0.7806892332481885,4.6810417843990315,0,10.581356171974843,9.431067947124117,9.455417929193377,1.7631982274262548,8.117255185330663,14.613764935876628,18.960491018506342,-1.5906572299534183,-1.144430437259203,8.470987999225033,-10.673414884743805,3.0110843256141995,-0.9316370912777261,-0.9950330853167877,2.1212062844796487,-2.7929428617990526,1.1955735920148758,-0.11329683869725216,4.270104276904174,1.938423913046261,0.6116227017436193,-11.386943141790523,0,0,8.330990464751853,0,1.7995828897845456,2.4794658613215503,-6.488414529589193,5.920429066947008,3.133271110200475,-1.8177603587432145,13.653335887689622,6.932035834460404,8.882659454494757,11.220551399404988,0.3996579684486079,4.331604410690648,3.5998994225353798,2.2679135027310338,-0.690162314046372,0.13879252748481008,14.135865836581374,-1.2593878823770943,-2.4734415600658366,1.1106677350814387,10.821358464022346,0.47473082681168677,-2.07886352133011,-0.5474466227082253,-1.2380574569553993,6.394316990481386,8.840954565222074,-10.433212326650438,4.729564077170778,8.073546835243661,NA
2006-12-01,4.787598286377737,6.345872162598987,3.2111624872485756,-12.495678987207604,-0.7816901891611217,7.6678991137203445,4.923015506521455,-0.15639257716492105,2.355113037382184,9.65714611603763,-3.491422519414522,-0.5335933108657986,10.91642478970778,0,9.077169901021431,-1.0050335853501124,3.268621658580262,0.3136185273280745,1.8854168769271595,-2.56276709874399,2.0858911021411686,2.9108084158070646,-2.5965398835934295,9.551962582038016,-16.08113745475972,-2.7164850945453956,0.5119722072054744,0.4859966081893319,2.5400143863592852,-0.8640899550417247,-1.798763701785533,-2.758360426006057,4.744620161089674,2.690884166576968,3.509131981126998,6.5815179235860946,0,1.7178336535084604,10.150482374264147,0,4.018975268173275,0,-5.168540608900329,6.030262932660513,10.175494884750513,7.3706024451578145,0.5272883535244688,0.3123367503705232,-5.366296374286872,2.6518454166516214,2.011913307503743,7.836906711550684,2.5432699295683037,2.6908841665751915,2.6908841665759686,1.9231361927887436,-8.19594162355921,2.797352705140277,-1.6150477630919369,0.18509283379817276,-0.6430890330287653,4.737139014124381,5.032031081907684,2.529493489562107,3.341067999100833,7.497397325881661,3.610334729683283,1.8648559078073002,3.807939048503961,1.101939524961093,NA
2007-01-01,-13.078346381663009,-13.769045944899316,-12.044903517219874,0.09500650342522121,-3.7697210595753816,-0.5083207143481983,-3.091521848825618,3.158157205029888,-2.2475562250655168,-1.4000205130247356,-4.913367090164977,-0.781253973484819,-0.09115770913883381,-2.8217792533847152,1.8536784104852266,2.985296314968089,-0.11322513660791955,5.760213535512371,0.7687972420683309,2.706221994834035,2.569828800738083,2.589141393274108,-4.116813966504829,-2.8679607694529707,0.5389642251087845,-0.4094003916886302,2.6649562328390717,1.3433226965432254,-1.6399795596529931,1.6479925413675933,-5.5076084943075365,1.0465519519492261,-2.3317879445092338,-0.22889546315081333,-0.6751080493419492,18.032124838732756,0,0.968530573446369,5.1624365405293915,0,-0.152623917381689,6.198424133247471,-16.325595966203466,-3.503669945424903,1.8040406847037005,6.280654643678041,-15.13397522840858,0.21808841141890412,2.2454026474463262,-3.3487177561591253,10.735405961812994,3.043659416370259,6.27390698003456,6.758072532899817,-1.9383387990799639,-3.3198069409595687,-1.3093466041059543,3.9808318054797454,-7.586291440812243,-2.9015900559749674,1.1661939747845018,-13.369961225061955,-1.0910100779460308,2.2405453441802337,6.590669757209344,1.3056068359496464,10.084619534252031,16.44466921451919,-3.73136238605678,-1.5183176421389888,NA
2007-02-01,7.287251981029685,6.1737069383487775,6.815903038470195,19.130282892969564,-0.3498545842513412,6.654340967455941,-2.0279734589308873,-0.06320713186857008,-0.5125547874444747,8.429383800499101,-10.858392316208443,-2.985296314968122,4.28445715346788,-5.299208578385084,1.1864902712344971,6.024008037735662,2.5079728794584533,7.15791831470538,-0.7261890907893864,7.353952213768888,3.1427102440517274,0.6369448285480139,1.9776517976443309,2.343025180838593,5.459898671657348,0.9066097136810836,3.5113325158570463,0.702461493696438,0.5855358177482506,3.993068349004325,-3.5319656380363718,2.773398622174028,0.10963191927588767,-0.12511970990658483,-2.0531089003685636,9.243560725770184,0,3.5506688456909075,12.19671421789581,0,0.8103858538136777,5.546616153232087,0.1197062501503865,6.590845584807781,12.954307894138672,11.225549362010057,-13.469305333563142,5.183460604203738,4.926140548380165,7.994146669265856,24.261565472702973,3.0956281095948945,4.491906928175293,-0.12511970990809473,-0.8667794754122271,-3.143115878958236,12.387829071555956,0.9194031154966531,0.2731473043894539,0.10963191927579885,0,8.834713638310054,2.9478921626711507,1.7809755772593583,5.467150305661939,4.166892368291286,8.165003121726702,8.775871302925752,-4.045400718660996,-1.4005831188919515,6.753530624579618
2007-03-01,5.1421078806617615,7.320386696224812,5.882382310422152,-11.264360972552211,-2.2446305652266574,5.810343403963869,-4.140945432006305,-2.665457644873237,-0.3617692333905742,6.112809643271666,-10.69399300748687,-1.2195273093818237,0.7832938221187469,3.7541699683711016,2.408758784152898,-0.9273636785328776,0.5564596282981782,-1.550143032173601,3.912263128997484,-3.934414193392133,-6.093817402601864,1.1572985557668503,-0.4430483384929573,-1.0582109330536882,-3.687377447067891,-0.8245954386008725,3.454039839491946,2.3228126119207104,1.2742476019349191,0.488452355609692,-1.2375217427653462,3.558479321325514,2.667643737548353,-0.491779076263299,0.9462436194495744,-1.945250428886347,0,16.866280786291465,6.074741913960668,0,-2.51975861241176,6.88315551452563,12.813805075525764,7.2830183776421364,7.158036247884425,11.762097028365659,-1.1611189599838312,-1.4928591028705362,1.1736100240037572,-5.358127817275449,19.755325138945423,4.58151788785619,1.2768071312117435,-0.49177907626312134,-0.9892925402741337,-0.4363643287773389,-8.233605282410128,2.1592305872213835,-4.591040004554081,3.332098009415585,0,2.2559115610277125,3.4966102245586494,2.56605084674133,1.8596239645489732,3.540565329315015,-1.2891777420237789,-3.113035858269597,-2.417686104974859,0.5625893882168498,0.6349436560284971
2007-04-01,7.0981258750085985,8.117316998524604,7.789480535488469,6.313195611958222,-4.521234282154829,2.7669751699974987,-2.1409657543045912,3.295738314509866,11.125907774957689,-3.278931741867064,46.35513062164619,-2.6419563033961313,7.331813774557361,2.152536024448537,11.765358005064908,-0.7012105085456355,4.7091329381300895,-5.271055519785417,0.0376958318801357,-10.998639768656027,-12.81553485697371,-0.6822382799070326,-0.3977845783417422,0,5.339486748716505,0.1883779581598799,2.241129655188845,4.326161514962568,2.05025522140746,0.3772882449436077,-7.145896398214502,1.8957230474075715,-1.3502885919282726,2.169084101100527,-2.1636499593361695,3.6680808249040964,0,16.448163866562382,-8.912112013329399,0,1.9031094504612156,3.0145211270413697,18.53521766344972,4.440176476802371,1.1446547256234396,8.166878296580471,8.386481147499758,3.6688036793069756,4.573911756247195,4.006839039503518,4.447423170386333,1.327373749144467,2.048057234938927,2.1690841011010598,2.4181502323457282,3.2977898806242356,3.0341960273946533,4.3246143012285465,3.9120089285215265,-1.3502885919248975,0,5.3565507690311875,-4.035459558676369,-1.1198325310018298,-1.4720265800796994,12.847326714090634,5.951965364985793,5.3361799110006825,4.6744461700297,5.7236328834728845,-0.882775257475199
2007-05-01,0.15300740647861133,0.11516766751675789,1.1010662565047014,0.3433665658580942,-0.25031302181184323,1.3001680367336843,-1.1938344036940385,5.298199088319555,-2.008978173739473,-2.8684552210365255,-0.7201008278008625,-2.39055208535543,7.7296667922295725,8.123418861977871,9.322312885657347,4.3601552517748665,4.539160955452104,1.313290422322222,2.8686648169994555,4.780784581932185,0.32827215689161804,0.3469487788749781,-1.3128709192072208,6.187540371808753,3.5581334815168066,0.18802376273026056,1.8036314119240449,2.654512469835657,-0.03581328127712502,0.5005584249093809,-3.0289521826981636,1.0647433576661314,-1.5522046870471762,-0.32162217772837565,-2.839587415518072,2.15484197976632,0,11.96331749445454,0.7275872029050667,0,-0.7860529718495712,11.145629699552462,-1.1011838827110765,4.891183724649384,0.6179236091957918,3.7335380040687483,7.414298836117084,-1.7908248673735194,1.9282868494986616,-4.28406739103564,-3.163708494318307,-0.21405644991103756,-3.761919128799285,-1.2461279921339496,-0.3216221777286865,1.8169612360698695,0.2293437113654484,20.454523657304957,3.096222560396722,0.9332077470218358,2.86923893644353,-0.76238815841565,-2.1849112442520635,-0.06759040473607314,-1.206475035004484,8.368510250342887,-7.631904296147521,2.4726409123976834,4.389927800361981,9.591204560642375,-0.6289381092414281
2007-06-01,4.546626734952053,5.53501092447366,1.8594531459947383,-4.147843009921193,0.6246116496952947,0.6526156528893545,5.2383304137865405,9.940790368219742,6.597231453099994,1.595508461455386,11.929576124631069,6.705551214672523,9.08258673569966,8.108345365947223,2.073706439468026,7.773696535617969,5.7704170245446385,3.616792457652007,13.16942945966968,3.084611051505526,3.1350892762748828,1.7633288278985582,13.06558343404225,12.221763272424912,5.324882167511567,-0.7542255789694252,1.5380838880442171,2.6080614922972867,-0.6888043082313056,1.4782483073518704,-1.4957543819619001,0.35495206633271437,-1.5522141326180794,0.10530798517276452,8.70113769896298,-5.854249022733315,0,4.870213987466965,-0.4273510777381695,0,-4.2356157946376705,1.1596875083061065,-2.732325320882012,14.338158947474966,-0.28498845057640665,-22.373465761529587,-6.146853188720414,-1.76123436597182,-1.114090591162853,-0.02662396705228609,-1.0578717021918038,9.531017980432477,-4.5569271423151925,-0.827824757714879,0.10530798517356388,-1.5352709089585304,-2.692003038112123,12.088057161455712,12.588024588900293,0.2404074941951606,2.433648723048254,6.17411395013665,12.217360410564027,1.5764203698562795,0.624514129678122,11.070698683928892,-6.0334158216191325,-5.055361431285865,2.682960990682126,9.738656981868132,0.706988700567468
2007-07-01,7.639806953050066,7.932906963222486,5.478414089787886,-16.05256496893228,1.2376395601048973,6.779558860068413,-1.434865940921426,-0.183595278094828,2.6599697475012007,7.181654148367778,0.7505756213802894,-1.3056204897325285,-5.242290371667213,10.241891318763763,2.527820038754758,3.9380512871308504,5.989006999556956,8.03468800918683,-3.6106810784573895,-11.80808763138348,-11.137645456286815,1.7023645530057863,6.663062814593523,-5.924283356286081,20.004690871874704,-0.21418576439328207,0.5146691753631694,2.5417669842136004,2.1893533384343575,-0.9693999248308827,9.14864582966295,-1.3373197894422262,1.973098730586198,2.3688592123320973,11.30044932056094,-7.344025685096867,0,0,-7.9757238074109615,0,2.0524367391035803,2.752204289333804,6.452572735243933,23.991130440474873,4.426056003335077,-22.162185071955953,-1.6023441605327093,1.4715944123063984,1.2961413621564333,-1.8040222721937393,2.7024375461725647,8.864694348314739,2.189142148185308,3.6111112121869127,2.3688592123309427,2.0877585021555234,-10.038016463421684,2.0658162583188755,9.563596576583144,0.4617059976489202,6.881476123623642,9.397322757981375,2.2292807551658633,2.0748315517838734,1.314282543919365,-5.168851832619481,-2.3251042831133346,-3.359433000302492,6.484604691508444,8.673841397442406,0.07485147784578317
2007-08-01,-4.836286522247857,-8.664257516267693,-3.2980605530000595,-0.41033567213026867,2.55022928109363,-12.479721747297834,4.618377400153284,-5.636390291494409,-2.908300024944932,2.4016741442689282,-10.20908868138154,-1.446846849276473,-2.066413930294253,4.682408892536838,-2.833138094954535,2.49848630835956,3.8337171242399215,4.960978392124726,-11.309457641184473,2.906413294391186,8.186095005936522,-0.3961608106718195,8.565418462679641,-5.104622829611466,7.472457950191124,0.7149050539412505,0.07894529508497561,-1.1970977649326642,-0.6947185962753233,3.1779702610224225,-3.702273754510488,-1.691680915987881,2.9528916045808096,-1.1774154027039963,-1.8594808734534674,1.785505972115109,0,6.145277921366343,-3.348579779598637,0,-8.261487072110363,13.883120819656547,-5.9305497561760845,1.1833007455786415,2.9186057600236737,-18.961659593126967,-8.627075445764554,0.0046588833266802965,-3.071194340779737,-4.55639825717471,0.7811319205752731,2.9857332738219,1.7265403540052127,0.04959385647698156,0.597779143140964,5.884050002293351,0.8252958573277347,-1.6274630251844613,11.81448956205271,0.18625027663556892,9.432730443695103,-2.4074898741972106,3.5863112605415637,-0.09783141168346887,1.5622340963940218,-1.7032935903738,-1.9469422583455798,1.3824880656782668,3.4481416141864507,10.895764183867573,2.3788787292572167
2007-09-01,9.041024244518692,8.56435423035471,8.617550019189135,-1.6097859426696948,2.3697791429822868,1.51493067744507,3.8614836127779495,5.927825545531462,3.043608593430769,2.4057555283291343,-1.1153197609967025,9.036492069746949,2.173998663640564,3.411231078163368,2.4943633372833673,10.119601198158623,5.866039940478895,13.83855704221224,15.032245272667843,5.324451451881185,8.30893470115992,-0.7662872745568983,22.893508052527345,-4.754214105309446,-17.621724041670056,-0.016377333806660843,0.4075490709765206,-1.4779137426588207,2.0047389463603182,-3.7161993594150067,-0.5109873152270517,-0.1415925156232234,1.4752189197564824,0.35269900698562395,2.3006580596198036,2.2874444972918906,27.193371548364233,3.896596853338341,15.722918405434605,2.5642430613337375,-5.076387042005059,19.84755507763616,1.7870249449645215,3.375514786592859,-1.0022033515964424,6.595271177514128,-12.11547157177586,6.8589731074842675,3.4258929318854214,3.967494027121665,-0.4992210056016688,-1.320869773684752,1.9914896119677117,4.5324118748323095,4.376230226175859,4.940840221076215,0.011336076023482633,-10.808988281356235,24.064507391750745,0.14186583280659804,8.375975225987453,9.894890575345894,4.27742252643899,-0.08159935173290833,2.887951051471571,2.470286484714901,16.797755216267785,2.0385431739146753,8.638245517832566,13.812138109161332,1.6793677365837034
2007-10-01,6.560429330018103,7.167278651024578,5.168909886530848,10.892001097815495,7.008517088556054,-1.186353686736974,4.765892549142148,-1.8273295057685046,5.3031862390546465,10.627691643120984,3.4466028931864345,-0.8534902449837345,8.25210236880034,6.968888340193491,8.393803384132958,5.480823649499467,3.04380303565992,9.976136447130202,6.525529746051983,2.9199154692261864,-0.07022472198716656,1.2840286473177365,2.5999518396692345,-0.9370188295104998,-5.753541558917882,-0.8140488155791825,-2.126789125446338,0,2.3541771694223055,-3.515567636941408,2.429269256904454,-0.6914724015514295,-1.1993513026527403,-0.8171245870115307,1.1670446096769316,7.542514527509803,21.357410029805823,2.615185497483896,5.965983640633521,2.500130220541763,2.1152637590441614,12.302397760086059,4.592370928363643,14.223413518046613,6.7452961367724384,5.011319080635168,3.2077325680859303,5.7198482405532936,7.58544019681846,6.317397190928942,1.5826552221726686,8.89941168603201,2.357415458959178,2.7652583600900726,2.2484403134875652,5.53025518782686,9.354528163425258,-0.4794597211559726,0.7932052919903398,0.03934962389191554,-1.577596259416847,7.237448560307946,15.198763067960464,2.307856806298325,7.413420819942651,7.587087563175388,-0.2600888046152494,6.93938458283877,9.334606027184744,5.99345065397987,2.428634837762722
2007-11-01,10.825003778578068,11.038706609280613,11.71936145686523,4.875956954259153,3.328272851194791,2.930294920533294,-2.480431739193212,1.6223340194043145,-1.903123298664433,0.4353816248892528,-4.755697871175668,-2.458547547261458,11.31518662808162,11.360153326417244,7.523406150970313,8.31149067105068,12.470012497357175,1.6484025314007944,-4.939034728813141,4.225980928988271,4.145403920578605,3.8145268259690113,-4.059526961023341,-1.1572985549978931,7.050930151756604,1.8973418365766603,-2.6335238257800486,1.9584738636422294,3.1307595854266843,-1.1986781895807819,0.9950330853168099,2.049484551022829,2.803430909955029,-0.8255054893999692,1.081871352716729,6.274906236691313,0,5.045526649735788,12.33445473175303,0,2.607246610296965,14.884246350420227,-13.935298853706257,-11.122138115871216,3.7883337795062033,-1.4439664512391204,-15.767076873867936,6.619827914896259,2.66012754739009,7.272341993550269,9.620543501183665,12.298270072786455,8.48950857920805,7.769697034695966,0.8856731549747643,6.672910251738973,4.447608428982175,2.1396937649789116,-5.654646461661805,-0.12933059949702397,14.022273648514805,9.806774433412002,20.49261002224947,4.4770792721888775,5.974147776642091,10.918445937406407,-5.518376014100312,4.763627091548772,8.796198157378932,3.117323821836493,-0.9331327428884428
2007-12-01,-2.0108360078840093,-1.1720891584189985,-1.1342655219957365,0.1684639578962699,0.21097054238494728,7.075299756615738,4.900824289671646,-1.3045081175845685,4.7096054907329705,5.784230813956204,5.825952563959181,1.5016024454540866,1.926504415293806,7.831765673543245,0.3648562866737315,3.019393712981433,3.968321474263714,5.867196201284308,5.861766937293478,5.123926993975125,9.478571405494218,5.31434336757215,13.57948781481797,-0.5305052237372876,-12.171111252013898,0.4848886177342804,-1.1733572464484254,1.7925110113229614,-0.74051210363687,0.8493883392043045,5.490064146644813,2.513776322352612,-1.4651741858192402,-2.2500509790674528,-0.21543993970262187,-0.19756079402221127,0,5.313525475361214,9.230639692537679,0,-5.122934626083797,-2.5805538803361117,-5.594310809007119,-24.844362435563383,-2.602262690356305,-16.35475249515892,-7.695646084616037,-0.37839034965001517,3.003322650518747,-2.744507756474146,13.674211639899436,7.292523990467181,-0.7384144040051943,-2.2500509790674528,-2.7184359103098688,0.43668191663401856,0.19440309514671128,3.2836595143140634,11.54753193301632,-0.19341813292861332,4.327598348182349,-3.6525866217028913,4.8922798959731395,5.803381100138427,6.353400071157633,1.9125355882368744,0.8605113398137396,1.4889442783035722,6.515563065517949,4.739562983687051,NA
2008-01-01,1.298497070110649,0.5131203702822162,1.6429037794274848,11.236248556194429,12.000512884602399,4.117769297312046,1.6436356177852662,8.210275237770093,2.749195019706774,-1.106504030929667,-8.974312922692441,21.19270345724489,10.839147706026164,0.2649462699925387,11.302894856343215,4.748637870560568,7.497239334294559,3.3185822929398867,3.240055345904036,13.671771893251528,12.85988813702108,4.057057659578156,0.5521310193344675,6.187540371808753,10.624226990028781,1.1143739804335029,0.5014020237590455,1.6557372520623836,0.9987399415464504,0.14908590114336429,11.49674542562198,0.1591946891037921,4.1735592712040415,3.034309390319123,5.183232952772476,5.717635073794214,0,18.780764614982548,-6.437255980618861,13.005312824819715,2.6447006777795323,1.6950000316692027,6.939067726810322,0.4653205336028421,0.45531520996124897,6.326826126758434,-0.5526737109607716,10.215881898667512,5.879073944784352,10.636744721880698,14.736814849452173,0.8207980417830107,14.404407861265867,12.026545962075996,-0.44855565893267,7.953981603608362,11.341361431546382,-4.211098243384104,-0.43508930367588405,-0.774446455132427,4.317217186520761,1.7567062793821364,6.540021873505264,4.796723174060968,7.64025379102069,11.745743031357847,10.389916439486049,5.086768074488002,3.936456492866025,15.132650694171357,NA
2008-02-01,2.9312092468066098,3.1021623988885416,3.148657910810826,6.6489741268833225,1.2999254543639704,12.856897616919117,11.744931297683037,15.159872013869336,0.8236858344807363,-0.3315989296184929,-11.194659727536582,12.04158087100552,7.277300699829503,0,12.269109004969447,8.260401246030735,9.952647083035693,2.240835524796303,5.16921093795677,6.284645319414928,2.7009183668258885,21.29748792674455,13.679117252255768,13.976194237515866,1.865255343412437,4.520367487161203,2.424522649996941,0,0.20682530532364352,-0.48823730487318473,12.102663240222578,-1.502161908793731,0.4588018147666517,5.182246419784775,2.427631018229426,6.14941753958308,0,30.210144344272294,-13.785536410457766,3.9845908547199826,12.708663485631888,-3.8213825086052644,11.071337446732699,16.6255169931393,5.204142578432602,0.9558196576071154,4.103703784226287,3.610207877058258,23.34708904206968,9.92572843297741,15.363937855440835,36.37344356516907,12.026878996765422,12.583315062331302,5.110224046233469,5.099143796829431,4.853946050932478,2.0552581873502618,12.284070013637827,-0.26847411814019395,-1.6460447178896942,2.5572527165498293,13.358108330007745,NA,18.96272076556187,8.506727373339196,21.578022617752602,7.111332837660411,2.775384965795258,7.331354148873004,NA
2008-03-01,8.667230136529103,8.547433767500578,7.303633314384506,9.493037046419728,1.8282044837448996,8.532531488354078,-4.818954351004678,5.452755613783178,-5.763716851898559,0.607262648199347,-5.924423578904802,-14.283562682575191,6.241071627382233,4.500161961090754,8.212939654169915,-2.674782320983571,5.138733806419005,1.7099983770447302,5.5018932143303445,6.291600700424471,2.9037120800690097,24.537969276109184,3.4050317969332333,25.90141775822092,15.976876906386817,3.9812569577989843,2.600196452942305,0,5.147129733392064,2.5007432116625483,-2.3213322379782353,-1.1642383883341267,5.54903066631578,6.405776633846649,6.636895679299782,0.07165890668516806,0,18.27499140504516,12.280742926154709,0,7.902809556875301,5.742105336870651,6.759474702795032,-2.3423085608911265,14.039065104512183,11.061437701530608,2.96331478014098,4.88119521589736,1.2681356371555097,9.487025877599242,21.91790242515408,-11.000089521432788,3.0935107840471154,-1.3241777350240014,5.898103369716856,4.669382288309265,6.91394122130804,1.2632146826209834,7.640077779771026,0.2701892494302527,-1.2527089694355453,10.05394059265452,-3.540192705091627,NA,21.695459515262083,4.545630620861019,12.416491713824247,-0.9303422956570939,5.482940843460238,1.2966145997268086,NA
2008-04-01,6.569612696714611,6.47659825523057,6.684367430446336,7.486399578138947,9.909090264423126,-4.462315977861275,-6.3271727622161045,-9.122568495300243,9.491832156404257,-4.847505890798276,36.58145151562763,4.662849315303353,-1.921816182756686,2.426135489981629,-4.235190813619738,-1.7600208822753594,-4.570406229591395,10.229971427932938,3.9229160646089056,5.02848909407545,6.601802459554218,42.326313075249104,-19.385198215019095,-5.945081435374852,0.2393208809789965,4.998898779322136,0.9894073643046508,0,1.3909173191417434,-0.8111169087284709,-4.969966855227259,1.841788218177598,-4.390644950319267,3.077784331356881,-6.171623985855845,1.5283752279589446,80.78173732358387,16.140481874277768,22.044449434504454,49.317068852727,-1.543010634651587,-0.595315569951449,2.8691506717995807,-6.37562871880375,8.952300509884736,-8.213131220417402,-10.382722323725435,-6.255996277610354,-1.832819892258808,-9.880536322944078,10.065216272743971,3.9383328000374362,-0.6938423018882922,-4.5819818107736054,2.054566425835347,4.111392270799463,8.082425264882964,1.3491601633569772,-26.03562516254163,0.873728398222795,0,6.555291987028511,-2.0478531343540496,NA,34.97062746226432,-2.1150564654162984,-13.153231092725632,0.2888890898036678,-2.591362498623262,-1.3510067685956528,NA
2008-05-01,12.006606424500355,11.758131746680789,13.942323625792685,10.290359473429378,1.5466323763269951,2.900200054073898,0.8844918798636803,-2.1893048642123047,-0.16595785130358864,0.6926599878571693,0.840444133858842,-2.4208675037336813,4.007327355020873,5.790167898084686,0.47911342481334884,3.0507284127628154,1.0936789549858439,-2.310757501015015,0.2695843496822725,-1.2198703194371774,-0.8539021877275843,-0.5749684128152133,-9.694407980977271,-4.665569164079933,6.584943819899183,10.422445682301106,1.7159324865767211,0,-1.2003083235336998,1.6927260344182682,-3.9794125930612267,2.181546138252699,-3.0573278752180855,-0.7885508996973378,-1.7391742711869163,7.260772918601832,16.95092492246859,0.7744472395478041,31.500799795291368,32.8809363875644,-1.9233392735737986,-1.5428436662012324,-3.5413547119475197,-23.36381583253795,10.52399560162236,-11.12442334054684,-3.67548926631196,-2.340228509985387,3.1698877116876467,-2.5464338865935687,4.511272372354469,7.966740273387174,-1.2005805205223652,2.6600667074203166,1.2155241886474988,1.8221762302709,7.3436790834958465,-1.814280947642466,-23.731920475231583,0.24933035308158935,0,10.441455659401555,10.425645813469231,NA,-4.734453127869465,0.4610963210889274,-14.438676392681806,9.059543930328239,3.568612975494112,6.528633720967569,NA
2008-06-01,6.997441300794716,7.094742004128651,7.011156405827013,12.109622430900124,1.9992669105949545,11.16116362326366,2.9158608638274686,2.2342224412150946,7.201972986097771,5.458393503883907,9.03035263289713,7.5274153043904395,3.210233085245928,3.4666090708477704,-2.5378701112519053,11.458268065016153,6.547175826054996,5.781801142125964,1.0820166159021483,16.493350208446067,9.580038826085957,-17.502951254953558,5.845731235237039,-6.155789299943337,7.084268573211316,4.028711227576309,2.6639949048660294,2.474395915401395,-0.027246079533033152,4.299476777980004,0.4958687846518428,2.25705182902054,-3.848706744842545,-0.07481925392340827,3.9039029464083663,5.5507789465471635,0,0.5889086186572356,1.2933748784567989,0,1.8754782319191143,-4.7875837540921395,-1.4679404114817274,-18.1859572570243,-7.923361368178838,-13.215908534210463,-14.134543272886813,0.09279302592384298,-0.6457012088900704,-0.5348392072843655,0.659474812137173,18.175833515135498,-0.025715204256115953,3.667821297988283,-0.07481925392349709,3.713506857886717,8.96176923737615,-2.5683787460694774,-0.13981278897787774,-0.13437101115005845,0,6.887821017099949,16.519141157224126,NA,-20.766051514678985,-2.5330337708824757,-12.359661051000066,6.875638100459103,4.295408506016152,4.14334283515938,89.09729238898656
2008-07-01,0.986648152823566,0.617765385565594,2.810841371111028,-12.839515936856216,12.906776372853379,-1.1400278286354482,0.8245080949741856,3.434154827056146,3.3130602379156437,0.6140132662520781,5.548776470824257,4.3416029697301735,-7.703841356836971,3.883811856364705,-6.3635234799071405,0.3773292740424594,-1.852696197864745,-2.4244989301154263,2.91898883467292,-7.885505907788026,-18.083895984710896,-3.3924327865452852,-6.021730209697562,-18.42281350645362,1.213289873047635,7.108055491743537,2.918624144868487,4.143794772728704,1.3509928346890105,8.84390539168206,15.96706891458024,2.4806644723271987,1.2675207903168229,-0.012047463872644215,0.3239393827251469,-0.8507772151791659,23.361485118150505,6.438871962429538,13.35800674523453,0,3.7616043598552196,-1.8824472669770387,1.8405476848464275,4.300338980999641,4.012393634865319,-11.198164072848549,-2.2476382858981125,5.49912763620144,-6.839443821567226,6.086516999013902,6.892647483331871,11.934675763256664,1.34753132703338,-2.8822820596666077,1.2849875803902178,2.2933027964545882,-4.646563016692351,-7.13148438577722,-3.7174632411798747,0.08701242408388765,0,-0.4110784497392217,16.397523617606424,65.28281696576013,-7.828170978950499,-10.81671487340996,0.14633866890195052,0.7853032347817868,-2.7022132369287633,-18.948652831073343,-11.10748169212652
2008-08-01,-14.787558035999293,-16.201848687062004,-14.765883693602166,-30.111710852239916,1.8614808442232178,-5.23659561359322,-0.6331073939831011,-2.344371821978952,-0.6211466635910323,-4.053092551244086,-4.2732727113164,7.484789079643239,-18.539032751025353,0.08655760948972357,-23.060240677250743,-13.409423663853381,-12.51994192537742,-16.628049672740453,-15.624114464795635,-12.131299751970559,-4.428462138307854,-5.368768581710892,0.3530033147224998,10.153641921942283,-23.50010549238675,-2.271534352147264,0.18809929506774514,0.3736851629414062,-5.134058276025974,-2.1455308199785472,2.635381366084699,1.3482336525884264,-1.0254039405000803,-5.892953507264309,0.9594678558122793,-8.784251393027521,18.92419996385284,1.6934451033196574,6.7515346640101725,0,-10.52664936028016,-0.9798541819690421,-9.71984505175687,-1.103181212091453,-14.449063207171875,-6.30821078312227,-7.223935013735705,-11.339678925067354,-24.83976771523606,-20.8837399836979,-1.0043293575184187,-12.783337150988494,-0.9934788339817757,-9.90052609015617,-5.106579861243565,7.034148935824502,-17.086330141308537,-3.9370130087931443,3.962367202814665,0.21343151325261545,-4.820210181787754,-13.408880675042578,-6.686611611280391,-6.2635570991484535,-15.346473033197316,-16.36157729901493,4.865919279358742,-9.244195666626975,-13.569488074407232,-24.903738744885384,-13.886692754766905
2008-09-01,-13.942632184860937,-13.910640365625948,-16.522200728097403,-6.970741242482026,1.4242356715542748,-4.35739801541547,-2.1816536661884767,-6.591354802499383,-2.713629231215342,-0.5341504035638156,-6.937819318744354,-1.0827638652063376,-7.211112779153606,-4.781728577815425,-15.40261507028493,-5.875567601638387,-10.173703315385296,-6.677647832343858,-11.360676161624728,-0.5037794029957077,3.1370487156660687,-1.4085762549686187,-10.826409627729028,0.43010819056199245,-20.293039133699274,-7.5868014353782876,-0.013921153770424244,-5.8198239242987615,-4.129967812190488,-0.6718536093736516,-7.679678357991149,1.1844842447199966,4.134901342259489,1.0589381072636073,-5.864360841666843,-3.3071199611717894,-4.225980928988271,-4.727783063800484,-5.29708656583443,0,-9.024959898092977,-24.686455371641003,-8.809949141032547,-2.9122252234500934,-8.638685562037196,-6.173714954769061,0.7055753417208876,-1.0896733677562054,-19.433104911173338,-16.78992409120106,-8.317750647890776,-5.448818528406996,-4.130095005570489,-5.065424416806774,-4.768247377891788,8.253596846704525,-2.822538230183813,1.6526184221505424,-13.209357785489484,-0.06699607926305973,-0.22494416782201654,-11.531461153562539,-6.008700345277962,-0.9935121843350991,-10.886293828182403,-6.823544333848375,-4.556028684557117,-3.723490390083728,-8.846729896462069,-11.475502425874229,-7.8232960794208495
2008-10-01,-31.549025430875943,-30.746595532126086,-33.54341967564389,-13.341072001380972,7.020425867324853,-17.015571799683272,-14.77613263036368,-17.152410970091182,-14.651431523338342,-23.040145862095862,-5.477322246287086,-14.492689075716935,-25.984491816463784,-8.776090100624412,-26.181358200067706,-27.317263631727062,-24.235872567634864,-16.311426171214816,-27.87634755314894,-24.48419137752884,-27.774578473245537,-11.54367846998845,-21.915974807613914,0.5990604130927696,-1.5428268684728228,-13.323046239381009,-0.9868603871249992,-2.2302628598264373,-30.52395358498203,-7.611606926503023,-12.83710420652131,1.475733753079389,6.787000481288619,-3.0919579210412884,-16.668359994142325,-39.04440998839045,48.16264690737286,-11.189353309660088,-25.83428113267132,0,-17.448259456040738,-45.414606884491974,-35.013856932114074,-23.29474479247091,-24.330809417894272,-38.24040389776879,-28.729704592676253,-2.8491092154036224,-29.29445090820879,-16.97475834566542,-7.410797215372167,-32.85040669720356,-7.5683594431141366,-10.119798523790724,-5.132727425267936,4.218312474609398,-3.582425350334173,2.7595167579578472,-18.52815984224314,-0.768284550004239,-8.198465075783279,-30.499169670700965,-29.777228900502273,-28.921935177066693,-18.82860263428814,-28.0888247959024,-16.1230399929188,-41.04108843815979,-17.385704997594686,-21.341214386398555,-16.03125446275584
2008-11-01,-29.776282125893605,-31.347229205096603,-28.92796002806497,-0.8800772794309353,-0.7561472700576388,-10.143329743213148,-1.3850636933898985,2.216990483141301,-15.837844857312922,-17.86466352187286,-5.67226895716455,-25.308163895851564,-17.4409018420695,-9.184593095534499,-8.962444740066289,-7.289100950731342,-13.240890588826382,-5.042987110063013,-9.720152085375844,-11.135214532609261,-8.193278932708026,-9.868064622822104,-4.5407011144848575,11.131544605823924,-6.409626752216731,-13.226796857775058,-0.7001195461204368,-3.9271778286869896,-4.529304056241756,-8.463420241083385,1.7493157447517227,-1.6842938698022891,3.71323493649518,1.2262513669360153,-12.5537744943777,-14.872901376671056,0,-46.52481152696719,-69.31471805599455,0,-13.558678456054452,-31.130387027530748,-28.15486931211897,-13.662116551420844,-5.408574543938549,-12.610399211904522,-12.196499761975765,-5.839936219570507,-8.250582390900174,-5.6755682811233665,-24.81796294755343,-15.762894420358364,-8.669101708624716,-8.307974363420279,-6.225122030774055,0.3325576726377122,-0.750155997726587,2.8674544570208127,-1.5936592262812965,0.4084495318768866,-16.311993462875574,-29.059964813147232,-20.485242377587998,-10.194754306158682,-12.607286507271809,-37.774394258420955,-6.479850414051655,-14.179644358286241,-6.537678605528452,-12.903025974373161,-10.453617988371189
2008-12-01,-26.66743340807356,-24.71876303714278,-22.582265088129596,-14.133333142829052,-1.9802627296179764,15.282909114332476,-2.4247638179310416,-9.529916179538922,-2.1230844928180392,-3.253792592710225,-4.931308669173385,2.571570276445756,2.878882847716824,-9.30323962916848,1.0252637969693446,-3.395164086227087,-10.203664212914099,-4.8631351488654495,-12.174195392714271,-3.4233171642243043,-8.405771804925077,-3.728056746817554,-3.002954360486587,-8.354757026441924,-11.35770406547724,-2.6613648518090005,0.11018756936218566,-2.5323482048991597,5.306655893820245,0.5331424478423386,-3.0178316974832864,0.9225336870750667,3.317138854356916,-3.0881549447633994,0.9058032946745731,-31.66612974294637,0,-40.299291896277545,-18.058393689541408,0,-21.743159355897124,7.4591743822933765,-19.05958885602068,-29.332001518851758,-19.37843732745428,-9.965808482936112,-4.6191123988093,7.007377833309469,-0.071428574465493,4.174116810693773,-36.07072074666711,-15.949465341634994,5.307461609671371,-3.0881549447633105,-3.0881549447638434,-8.882395678623523,-8.149121325754827,-0.5708462483069887,-2.028467117150612,-0.06470755993408517,-1.1928570865274324,-32.3966778922399,-14.585002772744993,-4.233743334030304,-6.736553182757543,4.881792999248269,13.09317004511421,-31.679215827044672,-15.12108720239791,-9.54299474552247,-4.282289694819141
2009-01-01,5.908907445090694,7.590538324295215,9.243760597298856,-10.037232546492714,-10.967086715894858,9.252700254704926,7.549991113315613,0.2783662917013596,12.653782170831352,24.944186159308813,-9.196085822221967,21.265146584005546,-0.8141157583700043,-8.392767648873267,11.460685357379585,10.94650622422133,5.777149422296279,18.556196470618325,5.258234576904819,8.804732445615038,10.051965168840482,8.676062473154555,8.269868799902369,-1.2526259825202861,2.7407929803108826,-0.7747778999221078,0.2630007494989539,0.2493484234237897,-1.3474806842189158,1.870767034693166,6.904960746608779,1.407132051747162,0.9233101004322286,-3.2873018462058923,3.977545971767771,21.210655594692565,0,-14.595391262307977,13.157635778871946,0,-5.326467984740724,3.551499644395939,4.727461955978995,16.246315781105114,1.1750707018393314,15.468776731374767,7.594111769415335,5.088087839307853,12.068726044814415,9.123001816449117,-47.16210982599165,0.9490738748803906,-1.3497505453772263,-5.0454075968593415,-3.1935028201349747,-8.082918038414943,-10.362261400652795,0.9582758758293508,8.444661538879217,-11.70606243199579,-4.462086777740382,0.7200348730645345,-1.1064219605380288,9.487923819024324,10.445418171632692,2.8754808983995517,2.091570181075598,17.890893387990236,-0.752207456282683,7.363731746437274,-6.556568287017761
2009-02-01,-4.695296263420001,-3.672272115612074,-4.152778514420152,-14.829790779128981,-22.964411591730325,0.81940257797824545,0.9155157436452788,-3.0930300691358603,-2.3435600868663697,3.3298021041743064,-8.779671841588033,-3.4806297720128443,-8.67636989697873,-4.846179667140671,-0.4398086543973889,-6.830362346128904,-5.497211656190171,3.4241212279623845,-7.579080768712121,-5.622089284447274,-6.140172326727633,1.8364812526551866,-6.223080812771986,14.08574327165955,-2.120282810628657,-3.8709010023569745,-0.632367729604022,1.8616664161884788,-3.547289931502229,-2.0993244442369052,5.260300028786058,6.777553551634874,-2.2078308791050993,-1.451812635693095,-4.4294220231004156,-1.641646917212658,0,-8.961215868968697,2.7028672387919173,6.062462181643458,-6.047001126400975,4.15995159205842,2.8779041622639667,-2.885037214787367,-2.9772447725269657,-8.276680247497481,-6.554261412931517,9.365831053348384,8.673250775418051,17.42025087214372,1.5659826137220278,-5.195638041410078,-10.847161160787966,-1.0603901080405542,-0.12141607305677926,-18.911087789179916,-18.890543941032956,-0.010904805255229633,-6.215592549042004,-0.30301138203769895,-7.41626682125629,-6.401009833492299,-10.100700421062836,1.8682155312311544,0.28208763416408544,1.64998169074968,3.765720827129059,-8.153914822086861,-3.5912655335182286,-1.4796817441439458,7.782278299584178
2009-03-01,10.86315759251577,7.989432217418724,5.49749883057018,-13.452451988652236,-1.2762251613851028,-5.33596691628434,-0.7441894810385818,-4.99688690403649,3.8315897880340066,11.317080485683206,-4.3908817479265565,0.9634665058780856,-7.399367990832673,-0.5210409194304155,0.732448151200682,-0.45503290505282123,-2.2904914487402728,-7.629762488172709,2.0325181433174855,0.720291229405845,-3.919746330119178,-0.4240888459545289,2.7627893200837583,-3.717900324175405,9.997943650602128,2.988875879744568,-1.124208841966745,1.1049836186584727,2.0525057774121724,0.12276163150659603,0.9748858612749434,2.5564269373456128,-11.102602336251444,1.1345520303955858,-6.938114561335914,-2.2345337133931995,0,-8.134563945395179,-4.63930395697103,16.251892949777513,0.42317491877348345,-16.53477636531555,12.331450715599424,11.844381494881251,-3.3467396044400743,-7.089582869146405,8.995573013425329,-2.005880008441796,4.588941410244463,-2.229325662893533,1.2825763656621803,-21.16681236656781,-8.315476496387397,-1.508773676420283,-1.5087736764199722,-10.409389104263322,-7.504584581297635,5.04078873887055,0.20020026706726313,-0.38020845191226726,-0.9049835519918226,19.375593965529436,-16.492382230878988,-0.2647605465054603,3.837769509889899,3.64782086024098,22.089691431392016,-1.5688423665325328,-3.2295594691350793,-6.1479023981115155,NA
2009-04-01,7.499726299728993,8.206834188806189,9.623727343239219,-12.10603865371105,-24.75208466498153,1.7845957835957438,4.830096000588746,-1.0274062976185272,12.298230829989198,0.893465899093826,38.051571104544045,3.312170292680805,17.831353539641626,-6.890354439901092,19.12698139247553,3.8936919082672716,10.188113547432032,7.521117632431196,-3.1442685228775247,2.3641763057040244,10.637967385148794,-6.783999371597638,1.072836092334306,-2.144033123786944,6.564400574663622,0.9321923477448313,-0.40458585232117095,0,1.0707509730062847,7.25716132845119,1.8484814674103012,-0.2960176794013947,-1.9027485587841397,-0.021145672616906808,9.795451805741507,12.652893112292817,-35.66749439387324,-5.935424264918332,-8.904493132539404,0,6.169422802208668,-6.930507879513836,16.140289927380636,11.00962030265169,9.531018831967408,14.112247701173963,12.506644868910843,-3.756132596728534,7.450869001839244,-4.982257970327808,-5.555861324259048,4.111047749520402,-1.4847143256706552,0.6480364442317921,7.646690702505676,-15.48541620933439,-18.28995844879522,1.6242895467834195,-0.6018072325563395,-0.5390848634863055,0,4.702684105398003,7.117627846789443,-5.560015005344798,1.0983635133974268,19.64361171564022,-3.0014523257324344,14.916202006007259,6.634294829972642,10.760370456440693,2.8080515600910516
2009-05-01,14.552325366780838,13.063795757329988,13.435309558772701,8.492336513309983,-5.0613211514882295,-2.9507897583800347,11.282811520283298,0.11908701374302444,7.103373908849098,3.142908265627087,16.897118010099465,0.5640172876261174,12.03084770936993,-1.8630251294427858,8.725206329058377,9.39369804453225,9.48966055730951,12.305823002043859,14.537103342767477,6.556019531240764,3.780653997619421,-3.0790609725650953,11.329744329679947,-6.971183841176916,-1.8167954338004861,3.2485073450020496,1.829999741246946,-1.5280997158853005,3.2980176402195305,1.7986977564192985,16.134608080739966,0.8446337292273398,2.763917460169374,4.756791784003589,8.679128234804587,4.187451929173886,-15.415067982725805,-12.636290314590948,-3.8915416249673207,0,2.7487269167050243,4.753078843008485,3.6121746181894565,4.042547314256328,16.089184332255257,12.357647853946574,7.334913292724199,4.228037787729999,-3.2067330154798235,11.382824512680445,-11.534318706628444,1.468088213321117,3.303435747476957,4.7567917840035,5.61633111798987,-7.942713363132192,1.5148152966648176,-1.22546876190599,10.314478305628594,-0.31808319705781685,0,17.145720018574906,-8.026802991843418,1.7778246021284083,-4.032559341798958,14.742876901414448,-0.37503008809640637,5.167589145093943,13.171841783283877,10.997618158352385,-5.945996598907843
2009-06-01,17.318092230465343,16.911323811310286,18.718885949522246,-0.14971832117831596,-1.74568024041597,8.480954123768836,-0.7979296275750558,-2.449757739251157,3.2117602555956637,5.632451617611056,-3.2675554842034105,7.995617628422103,-12.03084770936993,-4.9358737848907985,-10.126754200844346,3.773162808663688,0.37025859391803806,2.8144798287319084,14.366758610202268,-0.21905813798186458,-4.4983363902400875,7.497867312296602,-1.867089239466857,2.8631812668304613,-8.467905059780868,0.7416996271928822,1.3835731852259947,-3.35860930462335,2.777007676107579,3.050965170917086,2.402332961080833,0.43359520547952,-4.142897173117532,-4.485425017604339,-0.8917772922054756,-1.105393088466744,-31.015492830383984,-10.763066419236544,1.4497575066486412,0,7.470413825093747,13.373076659093108,9.301120827643139,15.073490940628975,8.290347255532993,16.896046109468976,4.83372633212138,1.8167136525669036,7.605527177682703,4.683429100282455,-4.495246058826119,10.135249426028725,2.7706209990042474,5.950576514819961,5.950576514819983,-4.360363748213181,-1.0652261704684918,0.39407121275303325,-0.3636367643383487,-0.4044806385209654,0,16.34176222274082,3.671223411225899,4.732065619007209,-0.5131007136727206,-12.098405593166017,-0.19255876134139926,-2.2557123423916527,-3.2069262837919332,-3.6800689470243064,-0.22051679025727466
2009-07-01,-6.702770361872279,-5.553597263921617,-6.323956320304802,-11.524308922457749,-17.555206873870844,3.3082101532567743,-6.118389427599302,-2.9011452403600146,6.1827964101417665,9.827386103707836,-2.044227202600979,10.442549922691956,-8.66463468705918,-1.2053136999781167,-12.131463311743218,-2.63106731896805,-5.362308452111009,-4.425618905086548,-5.734910665685611,-16.924947522660183,-13.43651883681769,-0.4361105909012508,-13.225832211750976,-3.278982282299095,-13.177570711532027,1.7200615183522006,0.4406851342552698,-5.381082416103045,0.5069803477456114,3.1763351622102864,11.487083963255529,-0.14694415820351026,0.774279924132415,-7.3059869804355415,5.389576820513231,4.357243100975506,-78.84573603642701,1.8018505502677584,1.6754968437617812,-10.312451513276155,5.815283273176952,15.828867164674243,3.9418180929791546,0.24777350657050334,-6.526223796379149,6.621318260700093,1.360786486119725,-1.2173151197171883,-4.672883460016752,-9.23414022317739,2.7536157808604855,3.3341013544412768,0.5123836999869624,1.8742184958365549,-0.048917696952033296,5.024818020080057,-13.039852910721006,1.1706345527867867,-13.848770901807494,-0.3021406040530472,0,-8.230805234246308,1.4839513862773934,-2.661146922551083,-0.15600627189016336,-9.848055187828653,-11.341136115906764,4.398754667733057,-7.423378374348388,-12.054318093616967,1.4593027898422761
2009-08-01,10.226357640462513,11.065054610328584,9.331794971024454,-7.415335285241098,3.679590970204605,5.754886319068708,6.098359382464724,0.9303684410817692,1.1216811214258549,-0.07778795933075511,-1.4196199555022493,5.1592594775134115,8.66463468705918,-0.9563490348849513,6.588607658387868,14.445304821832217,6.501474590250655,2.903686164312358,-13.778103471613523,0.2594035177046372,6.209386364893987,-8.336260638320692,-6.6553509195667715,0.8298802814695139,15.619061791131667,0.11835721585240488,-2.0416147083467506,-8.246079368794623,1.2717499881935268,12.447464460026813,19.686530897276356,0.79188171425848,-1.7220431996150865,1.227904309997907,-0.8523879582899907,16.295502955849894,0,0.4454350349380576,3.1299879661837338,-14.976100538018589,14.786159867737592,15.137306593583588,16.729359147759126,12.394104210326606,5.74959740087948,20.603383369713413,14.321232798515648,1.6083353562486025,6.842370318022706,7.182432667447358,4.87449408794296,-1.7772169745797761,1.2695896302740373,1.2279043099979958,0.5045738506459285,2.7434770934193775,-2.0879631535176024,-4.9312763471278664,-8.283600557914905,0.014462298351602954,1.7169931279676476,10.276117389583828,5.026985759777958,-6.864619094959057,-4.71521621651938,8.966509045312598,-6.319348450119888,14.196699836682736,3.765855749516245,1.9705071079331837,-3.601252985761594
2009-09-01,-4.6924883810747,-6.876078946762387,-4.908035716446424,-6.100590101274195,2.9895464796626303,6.110260499965037,-0.8247054687840372,2.011424452435967,5.3587154399696635,8.501903815814128,1.334658455619231,5.227007375749149,-6.35572980982273,-6.105499880373078,-5.82273568124565,-15.754315822875231,-5.107478488370276,-2.7379973262891433,-16.680198114237932,-1.0416760858254825,-0.3816561663861684,-1.4354313451682366,-9.61197640609166,-1.8349138668196596,20.92572927445654,0.6445549747791102,-2.2112784488571458,-6.473249216596111,-3.6951124538560642,10.358320550201439,2.7254434186417487,0.6483625613023847,1.5144583227099773,1.8796645920025057,-0.31176954325858874,5.34790716996757,0,0,-7.962861184584558,-22.078783762175025,-5.289959178783832,-19.07319661231055,0.5036845292829994,14.861462203318432,-0.0044319144791415965,-11.699015445329586,3.3652976632248865,4.853658175209485,3.4843869579578524,13.24241536871309,1.5170166603004631,-6.938703783024902,2.0396128475874242,-1.2952052394552993,-1.2952052394554991,8.162749405910796,-1.0751750911884628,-4.658888141551376,-2.066663680855907,-0.2339004319535931,2.728183129115802,-2.3013518320747828,-4.977897973469503,-1.1036998474522441,-0.7392230787490739,-3.576039649076801,4.890518603632962,11.676436857114169,-3.32060860521457,-1.3505423199807076,-0.7252349415658443
2009-10-01,8.056910660879968,7.822324074211018,7.6069164495232044,30.634794303852185,6.383701286608057,7.054423017122069,3.9860110122785786,-0.42082462158562484,-4.216918773554235,-6.603518026118471,7.108006515625909,-12.656941515875953,0.7107350458651851,-6.464561931262303,2.9137314064739073,1.185853983536056,4.424199436393206,-2.630974890987936,23.32797941858198,10.6668560317841,11.45775415399033,-5.091289750221861,3.9783136181521073,-1.1003073338154479,11.15549639732509,-2.418737316859998,-2.40975515772357,-2.51441818010254,-10.717975536343594,6.147899794042521,-1.838126150593089,0.6744098425423672,-1.5121681383700292,2.6215873182772853,4.203905219985687,7.974104749887179,0,9.126159127832434,1.1239080039681326,0,2.394825335443773,7.2628924319873,1.4665754833723454,1.6299757223516842,0.9356331091160186,5.846617644511198,9.490752694252436,4.566843315066738,3.3625524861299994,5.036513566286294,-3.259681991992558,4.946578280842395,5.119383360698571,1.8577297452758046,-0.9593579513938355,7.766458526856912,18.7531344000484,-7.344599753878089,10.350264238770812,-0.24684001498744834,0,8.722135830207645,5.133419000150141,-3.6159981414443543,-1.6122679494554149,3.6943958876047844,-4.5275795226477396,9.108794631352113,4.430637715944474,4.4720442547731665,5.2677378533658725
2009-11-01,4.57987964670048,5.1166806564063805,5.7666917639217274,-8.626146391729272,2.7256716559309613,0.33933731335320516,-1.5385921872651753,-5.638251001309197,0.9617229815020112,-5.07562181077883,-1.0709671843406987,10.646994785716203,3.2058494515416314,-0.3268217570937537,5.198786171970049,3.9504162274944576,3.868459485130149,2.3175234918385357,17.25219617949678,2.555307442461796,4.282987438974217,9.613963471571108,5.94947864956854,2.9352212006351075,0.15538205528566884,3.105864249305035,-0.8722482042859858,-1.633641931969354,1.7341797035180573,3.57624366955997,-1.6926907487583298,2.237199114888355,-1.6958049529858243,1.962015345920065,7.218139551157843,7.754875437657061,0,-7.582578314848476,3.6063484789014666,0,3.695336720707676,13.42512625031409,5.9818941531084135,2.989055451251321,-0.44394220801038387,-8.6438450386499,5.712727786564642,7.733756848887019,4.965551255827894,3.3388349574507092,0.5781689120041733,10.324769002502965,1.4891494032474029,3.845126962149248,2.4657947489157284,0.3291281084072839,-3.368207172697879,-4.78770937727262,15.295450743582872,-0.12646149366268844,0,2.8912291496622444,3.1962350702958275,10.880660594583436,12.164806202275624,3.7086534518029346,-5.010265245568073,9.482806529106414,4.340134511701521,8.494067664908389,17.154994655601996
2009-12-01,-3.504145478634868,-3.1209181348649473,-2.791047431132476,37.41175120874729,2.528579722867308,3.2999951001952743,3.8342871210199414,0.5826401683883264,-2.731702981736195,-2.49117688950824,-8.424784711698463,2.402654107332647,5.2116001139014045,2.5902233189020407,7.381878372766604,0.4326693934707748,0.8043669089286887,-2.010660688274246,-3.0515247472115092,-4.216081082427792,0.2029811048957164,8.516720864769756,-2.2944027038386494,-4.652001562860953,-13.010095017436345,1.766271670404862,0.013657070913097868,0.7326040092072716,-1.4421871675019182,4.4207480509816435,5.548485689187221,0.7489463737572422,-2.661828154720336,-3.104801766387233,5.684886423215257,9.717358376141904,0,1.5201161332050184,7.322756123845231,0,11.190530215434169,5.688412454138891,4.483610647843861,0.852314031624779,3.966004562220782,0.4418343067362329,7.995401032036842,0.6798271796608191,2.5976584817315462,-1.0100611765962775,19.342368192928205,5.313170499756925,0.34861146800828635,-1.6339829663987615,-2.0895646199853957,6.672670581812401,22.02236141797007,6.052628429224249,0.893660996640655,-0.24927622385737536,3.0562650410162817,-4.6016447154999085,10.505944686133262,11.28823996573809,17.8853631594321,10.188871636262853,-3.7812023639539984,11.570718946200953,0.4828914439992893,6.819631834732842,7.503918071818916
2010-01-01,2.9465641298004996,2.2556912930943085,1.5071758263788482,7.911321160000595,9.406096040389311,0.7848101810703945,0.46710560408953494,0.27721035713484943,-2.583307695432424,4.296454752842971,-9.36264773590274,-4.5241038643123455,2.0619287202735315,7.626384865549785,1.0976155309928792,-3.0435117995697425,-2.0812808496168955,-1.8199994089443727,-2.725169445035913,1.6607736399659956,-2.77358852252485,-3.8287138917067587,-2.4841472610089177,-1.3072081573636178,7.201490770455235,4.704114754517041,1.0344484828702316,2.166149678117968,-2.300376688278327,16.70436408622771,11.773581349973893,0.10866867024166282,-2.528932811945772,-0.4423707636335372,1.8253440309350277,9.875238459217584,0,24.446632078303132,1.7029739844802272,-8.754627938269977,2.4939886074285766,17.943041722868358,5.632571830882327,1.696947551857786,13.053604243837569,7.736822735096993,2.432265905540376,-1.488117018304358,8.04471799871429,0.6035416950739059,14.44071795547286,15.466627664198018,-2.2988881253826143,-0.4423707636335372,0.28095969571844126,2.6290695231717454,8.123452697542977,-1.623172718335475,-3.808257104720969,0,1.4113974433479726,5.062486658717624,16.385949395421928,-0.9065714963185201,4.179422646421749,5.138306233746004,-4.978540042976559,8.340809249222914,-2.6130034789203727,-1.8424267326058619,-8.798044265864391
2010-02-01,-3.105343566739638,-2.735678448428658,-4.08996262158805,-8.462678050204664,0,-7.315590711058539,-0.6566509262414089,-3.189600626211042,-1.618827444280746,-2.6473433301015925,-6.044891642889971,3.1995811891982973,1.769957709940151,0.9340575044459065,-0.10596793053654352,-5.668349033148257,-1.2417224265471205,-4.39737472383861,-6.4560917465121825,-3.3495954428182095,-4.90088857122295,-6.126213159302463,-3.639620868178639,-8.701137698268498,-10.407935460724389,6.070184885108376,0.30075210639551875,3.343477608623724,-4.195509045994328,2.2465723788889598,-4.165662052242292,-1.7220792238278548,-2.136248535722629,-1.4545050458656839,3.3664658847042284,1.1383857702097488,0,1.2578782206859707,11.003998137978588,-3.9284920672003842,-8.699307454167737,1.398071822066349,-7.563797025828478,-10.905598748108236,-7.945133221460665,2.8693477965207492,-12.104885268534549,-2.0376818265190444,-2.4398189026658024,-11.170962371610482,7.692477706113099,-2.939695966865674,-4.193317000925756,0.09703248259036457,0.5857997149766758,4.8695111652845124,-4.6237003000386245,-3.9272782345811663,-3.5751690963842897,0,-0.21170104248469102,-2.5098236406201124,-4.204964755558915,-7.297370150356475,-3.684372130436131,1.6352210995901117,3.6071894196621908,1.425326516162051,-1.4501471741542815,-2.0877585021555234,-14.023858103566056
2010-03-01,5.888556806456968,6.464763209260571,5.041674530929274,-21.757406807292213,1.466467340424682,-5.867943511852602,4.1202005925170315,-0.9324421884077061,-8.403735780056799,0.016233957810207755,-27.544388046046098,-4.793946228911916,14.335143880549772,2.266925511893625,3.879198363448122,-0.6088521280365633,0.2065639709135425,-8.629083095967438,6.759171836500499,-1.7178336535084604,0.418419614961163,-6.326830017252139,-1.5191762404684894,15.154989812025626,-2.7756105150088803,5.683802570987662,0.8543409501997168,2.9674152241739193,-0.8224121713030108,-13.656487222946295,-30.79732002973894,-4.243390463398988,-1.1614355917780372,1.1587073657020497,6.936756705119295,6.535217358824985,0,16.657319982581598,-6.527829049778244,-9.63123512595061,7.369791701020478,9.138775158942902,8.595196943721994,2.2540378028811148,7.007050455553987,16.86189835807852,5.333661777713861,1.6230350620342726,5.070674426404143,7.481557245342119,2.5952239509625663,0.19621887344625222,0.7754395286685423,-0.20635873997356668,-1.9395820996821023,-0.9551170984342772,-11.264774541432221,2.599135539678521,-0.9624713374209115,0,0,6.138126726930615,-0.477987953301362,-6.319111469074379,-7.164187965852786,10.900487362239808,14.192267256787868,3.054280565219014,1.0104944598506194,0.10542963549067252,-7.177574564472522
2010-04-01,5.978241679744123,6.947904568937968,7.138200182351362,-6.907774269494449,-17.185025692665956,4.1646485073195905,2.840725564644009,6.156011238331017,5.671138176802204,-1.6868173913827667,34.22835719115245,-7.2826741998953555,2.041983900874289,3.330355865605039,-0.01390868947614976,-1.6651451291145314,-0.908545860433918,1.4886755485261638,3.162592642174644,-1.2453461071286753,-3.4829751918916685,-7.481281259783934,0.9349990163062039,-1.5330733238011873,4.10497097096185,7.3074456974954405,1.5196577801075861,3.220125147634878,-1.089531166155111,-12.401133148657607,-12.605671820781684,-0.6472553093740174,-1.534523662336973,3.7396352733571447,2.6226485920507914,16.770101173237673,0,4.988136333759741,-9.378640413190542,0,4.91413680717292,21.079762656385004,3.7122994632145634,4.1820075058333295,6.262398319226392,14.74845251034722,3.9477393076391643,3.125860979460615,6.713840966189277,5.439176810346291,-1.6627461460491766,5.939285454263832,0.48527460849250303,1.8265828728004863,2.971416518454939,5.234839975616357,-10.14229953301422,1.0348313746463056,-1.1673284304725584,1.327395759820238,0,3.8950463572748895,6.6871190843491135,-8.652186078501956,-9.45147402820714,2.387613976615821,-6.736565360634658,3.229422332549614,-0.10444094814276994,-2.66967269682441,-5.605978120944322
2010-05-01,-10.729275535587046,-10.836921821571988,-7.778529445580329,3.6784798861090096,-3.3809846416320344,-1.3366603860180737,2.359095740081396,-1.2805353337003167,0.8789307663898294,-1.4751658562341285,14.91595586318355,-11.092440760459532,-0.8547060578458776,0.38482871324969636,-0.8614621207930107,0.0670416055502443,-4.9195084258640165,-1.5910490050275783,-5.884360067440042,3.9317103340835047,-1.3892723724585387,-3.1979469321542275,-6.017914483403963,-3.1816045187690127,5.855282558927146,-2.033927135426916,1.3833493261350749,16.705408466316563,-6.619941029285526,-0.4072667456247958,-7.903004935915026,1.5380292181340849,3.051490597960438,1.9633662078790692,2.2341653381226956,-7.367677871028322,0,-5.447744708669067,-8.102841499829516,-1.630873804192401,-12.694693269014756,-6.66473898053388,-12.460807968233212,-18.48101132971358,-6.167254873419559,-16.786532869550896,-18.428124348054187,4.8219246550671,-5.136406721143061,2.0331918393291737,-1.8127384592556695,-0.01997203921151325,-6.282101089624703,-5.679775626675987,5.994084346298578,3.6660341377706462,0.9881983099689684,3.272153640445641,1.3605652055779238,0.37572981903766234,0,-13.6076863937304,2.491256805027753,-2.980353039058148,-4.167269640056759,0.9746190884205141,-5.115907114545452,-12.782575098170623,-5.26645436179356,-1.5267472130788384,-0.6344680182225559
2010-06-01,-1.1883840115603839,-1.8701698792710886,-3.8329923265481014,14.297892411382684,6.264539605620811,1.6373508333089148,9.684094747902128,8.559414319232339,-2.929466379530732,-7.0068852775336365,2.4416984006193188,-4.162703951207714,6.339784935958193,0,-3.525668706475482,-0.3829897742869903,0.0918727568881117,-5.490315007625046,2.00496707863147,-6.727318060742515,-11.774750101431142,-2.5431437891796804,-14.131969157042068,18.54774911304706,13.011224986347491,-7.489857397541333,0.8473922933644462,21.156023952148082,-2.8637767627417765,6.077391226517415,4.376502796675896,2.1727531275677947,2.7908991842220843,0.5508809259910485,3.244236241475751,-2.8197610866639966,0,-1.7011345826536406,-3.3680532777665917,-6.803241039182684,-5.49697378610805,-11.63353700542391,-5.075536832574379,-9.974639867160473,-1.4119435869840657,-12.672608156280418,-12.168823267325912,2.254567160307719,-4.508502457259045,0.1165687711460528,-4.362062247589105,-1.959042570387215,-3.1991769818458415,-0.32347681712669996,7.146238181206654,-8.326709856619496,9.629424826431876,2.554543631130546,-4.138521616285473,0.12464171868238338,0,2.1782411543381563,2.040887163120697,-1.1834457647011298,0.1518603177189881,1.8212463705293835,3.6885152918962625,0.45415029486179925,1.5622441784259422,-2.3347363996991,-2.9182133701539215
2010-07-01,-0.19503630251760384,-0.13736015434195892,-1.8153121881128165,-3.5709740265974954,3.8027395589238733,-0.04095004152229187,6.249019636014985,10.305677203337925,5.234011290230223,1.4518118019320125,10.227415014547049,3.5168459472665226,3.7553819971787306,0,2.245455427107057,6.324042983490674,5.708737501332539,5.036456437324244,6.902826533661255,6.959406530417489,1.0814716848564387,0.40825640737107705,21.666652591084468,2.3776948023071927,8.083818917559556,-1.6849823630614713,0.7631794744639819,2.355531654078158,4.459699918680582,1.240931678016638,9.485209459246658,1.010178140136908,5.253559252410334,3.515086132202594,-10.03205612150575,-8.531277280552562,9.278173345096619,3.7355786543768588,13.66343084049273,0,2.902854285350376,-12.810557250984722,3.566121921753229,7.516926613317931,4.909817916205128,0.6624377771048628,5.635876075160162,-3.294269654783477,-1.795541316702387,-2.7149597121550517,6.324389366003036,-2.2739079585740285,7.534474855862694,3.08124597234265,3.5150861322025717,7.7102393882140685,-0.04625839907586027,0.2530423526538428,19.65597196668849,0.382371211264676,0,1.3142085041704554,-2.4016746763049213,0.9141759958095186,5.978520864193992,1.3113639145383438,-7.788807897423082,0.9034020703017731,7.759963275694748,5.258604672451739,-0.10026939509577559
2010-08-01,1.6580455289523677,2.585820494982105,2.0861253111024602,-7.204511920513879,4.973735817820746,-5.011194661617813,4.041051279634589,-3.084495794039066,4.415017818484057,7.1268924650814025,-0.9341568488097973,8.007593523247692,12.647454377484202,1.2382145786509646,11.117826475695125,5.0867502630715045,9.102714961423608,7.707235063229767,3.0675007067472393,6.971954709261574,7.975447837937377,2.4482805777505945,22.915193241534926,-9.147140349159804,-13.377995856996561,4.2121217595209925,-0.05972526552222579,-5.86720470524984,1.0022230375758112,5.179424338761196,5.839857617394994,-0.7274091967108376,6.942828157885561,2.3821293280006373,7.092936356763846,1.2718640818295546,23.57223335210703,5.603896032511546,1.577847699645396,0,6.327333867512586,13.994084925460548,7.83186433595322,12.195456015954864,13.182873834800901,9.270226639146273,10.331268643925107,1.896787820690271,0.9784239453643373,2.3507060692664616,9.522864366338535,-6.677760307631342,1.002194558282632,2.382129327999749,24.006507287028,-0.17683470567417814,-1.9485754923997511,1.4184758584706358,16.29281656484629,0.3764804291489732,2.6171193747055455,0.328654393329586,-3.036477754283773,4.061974960096926,5.343508145602538,9.607383008962156,-10.318442305369,7.127148480457612,6.756664330803552,13.646199283038829,16.69045720112532
2010-09-01,0.3816857973913734,1.4159174453645562,1.4542049581266703,-9.780108441100976,-2.0323472971913947,-6.616188645668997,5.122003682456033,-1.70777509833957,0.08825109006183052,2.395150903910004,-0.6524554276383876,-2.0341049731489647,8.5942429800724085,3.046549404634824,0.5442233435320354,4.013173322540098,3.7035439601217135,2.6762578645803003,4.182823072638708,15.926251204485897,25.423642437774863,5.11276263307332,9.826532794840492,-2.090668482487475,-8.465128496008646,-0.5640392275377382,-0.04382121020637397,-1.972156941712555,1.5965191708186999,8.655895832797755,19.564852833323478,0.1896627691843733,5.364751219882713,-1.8347779869796632,14.774729922206442,6.3468550741206275,0,11.69802038065253,15.847851996077011,0,2.06516696840664,-3.2962890744260953,5.67531716478431,5.118614431000612,8.963925296516173,5.585505080100006,5.093498879273284,4.437537472049957,3.266857997687733,11.116924571193154,9.552759474158723,5.54614722620963,1.4949054300459785,1.6403652101186772,5.5984873387338485,-2.418389245288388,-6.034165910619205,2.247304810741646,5.46584125378633,0.6157753159470758,1.4650800773199357,-1.7254514585959946,-2.3947725127753117,8.37698830654583,11.022670530899958,7.286420987540243,11.893876783044627,6.76442924781997,1.9193846662624914,3.6567145418419322,7.913063722828628
2010-10-01,7.1029342046585064,6.388133150556463,6.518558064633506,-12.897857010213176,0.12070007500351032,1.8085599333425684,-2.302815509503331,4.792270892378636,1.2835603039161203,0.7024181398175289,2.0224719016390003,1.1128086509407442,10.206096046066104,3.0788862754063118,7.797497827345978,5.712875276518314,10.227925159572138,1.9432635670617593,3.7959542101088317,13.568013405052692,8.366022793076233,1.974090080623725,-0.531976258587008,3.9882586278319296,3.7012686628580003,-0.48880730819440554,-1.1701626057147307,0.20647590629674362,3.3791734983916077,0.16329586946713381,8.919320948432375,-0.01969593686830251,1.7375699997715266,0.47947609676377567,18.925187720607873,10.505048526181039,0,6.117422336915368,7.410797215372167,0,8.176325636239401,5.434374877668713,7.2913291932726665,8.569857171740036,14.877315460810792,5.012684244393384,9.767078966671328,5.439302608899421,5.911904050849337,12.959844804377685,9.647730297851265,2.651572033768801,6.032128068003928,4.756999331230816,5.42851697655502,0.9025332022042587,-6.149969233134289,1.3318797126546933,-3.243527575315408,0.4995558976352399,2.4458438832374085,8.412687861656476,5.849753080522113,1.9890158479220155,3.8683787854703056,12.048381872767688,2.9594192707195535,13.48492752649415,10.72849244526628,14.202306376267693,4.277517215342019
2010-11-01,3.386357092717862,3.2649389751566282,4.091763052424469,8.267321295981912,3.554876684896069,-0.5891255709568055,7.02540987178657,7.640057241320686,-0.25289332219740057,0.75411547219153,-2.5271514004557405,1.2993686061988252,6.842613868629055,4.772414538919101,9.791840786145034,3.6362601700669295,7.145535557708715,4.459016907511959,2.5254700662594054,0.9966859915391701,1.0928116956543832,5.698693137361044,1.4141236281767,-0.7547205635382845,-27.71746019630869,3.7004446465288776,-1.476130856616209,3.6816232297507856,-1.917291879592542,1.5694253403315677,6.831541058440671,0.33640109619472724,-0.964666266788683,2.3886446966405295,20.06039879151482,9.415412147583812,0,1.9048194970694432,9.435278384799783,3.1498667059370433,-0.5770547836030815,5.004014430047032,2.1177013666996203,-0.12362307977120679,-3.1761283176210853,-3.845193128637092,-3.4507720224987715,2.054860255375157,0.24131599841110685,12.623728282814906,-0.566879639267448,9.498361872283745,-1.9167828284357924,-2.7587781232580433,5.222187631503861,-2.6401169275953595,5.297341176114667,0.3898932734041516,4.038233744568576,0.47731301646383173,5.250260230375492,2.813146798516719,12.591924267886245,4.388076902657989,-0.11682244319271007,13.7953494857455,3.0827562749250395,9.663288484769694,7.764483466100014,11.535711174961527,6.159944871417
2010-12-01,6.272133888576992,6.907170138070384,6.22824218986171,12.820725278551537,1.7311453671279953,5.01563707800361,6.10175748636026,2.2028505851509173,0.5021346095212875,3.0382055704777144,-7.483885366779086,6.503492224108753,12.59798028605621,6.3521879367171685,8.735898073664572,5.964594375485444,7.281390627986006,2.79247498894728,5.724120234285479,4.997010530928048,8.631421889775659,3.344793406754043,11.186053624813841,-1.0662705744040255,-12.873970523147301,10.281998721081731,-0.12196610819142917,2.092538124237686,-3.0848181821650944,-1.0988234781407398,6.005418446229021,-0.39799983402950545,-2.189137380728301,-0.49635887714654103,8.26272618663042,9.584234835097094,0,1.8692133012153,4.082199452025481,0,0.7514978035717768,4.386668210558131,7.6937550229652985,1.511703112628382,2.493208801018021,5.113232072595331,-0.4703229652243124,1.4973985052265881,1.093966540780844,9.97466349902174,-2.46192981871598,9.881619188123825,-3.0848861734801503,-1.3997208754468637,2.1205939376482075,-0.8337241437828435,7.067878857949417,7.873123207572519,10.271850619498846,0.23820789409247922,1.6584128015534105,5.666000852316344,11.034805716886531,0.48051904848094296,-3.4123265524634405,11.479087811024868,2.612274250237949,10.113801719905947,10.726722271969358,0.8981062093942782,3.9097302771586406
2011-01-01,2.9391103415054687,4.783457130978164,3.631781599327777,5.873170438935249,9.489403331475721,3.37190182067022,6.096351610006723,7.175943814729202,-0.7076079882274433,1.5872052135351256,-11.753071777485447,7.364703644485049,17.255585418263042,0.5470128136271235,5.4327224911791205,3.9291185316805866,3.048796786585939,2.8681542530805793,2.890190133742454,5.654676630460642,10.58797683038053,-2.8987536873252395,6.331984161371107,-0.8490086702330424,1.470178581008308,7.768456168391413,-0.4158010150435154,0.5471728416640342,1.0915785233873043,0.12709495185826147,5.65896826638384,0.3659740301083403,2.8243323779369334,1.1961660840339228,6.311195908924061,15.098511846269735,0,0.5277057100843585,-0.5598565586658388,0,3.7104230551636697,9.402737754246449,4.36832355470731,7.530449687244545,4.856264251710485,6.17213140099917,3.8960933696550626,-2.1878631897767065,4.2353376763866635,-2.8227778255057956,1.2453918920434681,11.329245407930344,1.0914656673678635,-0.5132772518956052,0.44490584301031255,6.308397542657707,7.418522876220912,1.8007689488486633,3.7387532071620377,0.36170606786276593,3.871451218069133,0.29311029007130784,6.207323211821425,-2.575612080768064,-2.052858014112946,15.629177026091767,11.934052611359169,12.841434255581063,4.091598933614815,2.5799122670241204,-6.738977725077877
2011-02-01,5.482448967620712,7.655394429080609,8.19199742941965,-9.77634469868216,-2.6358932492700493,9.267239198628129,8.750095143288373,7.854253795681066,-4.701674514925158,0.01670681067302837,-12.736124185197816,-3.680316751028112,10.162439883527874,0,1.7972340002915033,-0.27697672227411374,-0.43073309452674735,1.392074037518487,0.6412876353700803,10.029570518836373,2.7368010481445992,1.3835731852649857,6.3945060904991635,11.649520547195486,18.619703884587942,-2.846977652290028,0.0801817495851398,0.33389012655145045,2.14100830583569,3.017891586948662,-0.47393453638965855,-1.236417964434544,4.133742390548889,2.182065142875622,17.51561833991646,12.576510494203719,11.332868530700235,3.109058707003065,-24.080184789181835,14.915483263388651,2.775204882802207,4.367983355967819,3.211882770060548,-0.5772591957549089,13.789103295711058,9.677573834029474,3.8698766332556644,1.039809890719745,2.241373358127241,7.661059813790327,-28.022003036480214,-3.1592874395292903,2.141388536860145,0.4428908716876734,1.587611119639254,4.858219910681294,-5.602069309678992,-3.265102618957627,5.575579964761346,0.7148284717287012,0,0.13874015187704813,-4.061133873442646,1.1482158894018824,3.7557412306464144,7.585921859997491,9.115858004907576,4.565948726516389,-2.645122902013597,13.329510465710026,-3.144553578899778
2011-03-01,10.399618388673293,9.609914281638865,7.975981249259512,-2.575270949791175,0.10678057608299873,-2.312241742085419,1.4415036833842487,7.723196583765168,-4.41117238999833,0.32330617045905896,-15.727651359128203,-1.8100041643618114,-15.86673658960649,-0.9906968442317421,-6.656537270304419,-2.3776593786562827,-4.000698544526404,-6.792066171850397,3.066031473268005,-0.8097210232619112,5.003845787446792,-6.148973828821269,-9.444625664562789,-0.6204776886882982,-3.7431368712165765,2.6259714583555693,1.1788276865031477,0.6993035490970634,2.5755783781100994,0.1348189186339721,-11.608783267371509,4.983860706332521,1.8497484561025068,0.15172113474859472,7.4506616767332945,-14.422132105003115,3.509131981127034,0.8130126083250921,-6.527829049778244,-9.63123512595061,1.8692502175290393,-10.004409390250046,-3.7611242497208153,1.433422583270172,-3.0109042411485376,-5.612196969608085,-5.145930807632038,3.4729038236249288,-3.0997428989116393,15.150852301650675,2.5952239509625663,-1.7525695142555087,2.5753054386999708,1.025089131624135,6.537823824168543,3.9156715201194014,-0.8706856355050085,2.7282686425611935,-11.11618372219123,0.5984439175900746,4.092325521600415,13.931080896871162,2.7311741996626004,-3.7699671791919798,-2.956474756242855,-15.554123928163754,-5.060494316163639,-14.257897200454583,0.6152903664732534,-4.057174329017599,-3.091793845846169
2011-04-01,6.759657413200415,7.2691233410612455,6.352942289268881,6.603564982427712,10.043914058100611,-7.927951619722684,2.7188895111541544,-0.645437484839595,9.139927606654009,-5.721585017770692,43.18572015770871,-2.6215842129642897,8.175951483468147,-0.35183402821816756,-1.7982486314110702,0.6905096261649035,0.29958218494723354,-6.020657741631474,3.0850530152879863,9.43242295149398,8.45058938575276,-1.7400643745723698,5.937902637256087,2.997499622079489,3.2915146224217318,3.4533496506865546,0.3790839639148724,1.039870722089864,3.1806452099204408,-3.763174674795761,-7.434252123419194,1.5160310770150787,2.575608026495768,1.8120822612529786,-5.851421766813791,7.714037505028193,0,8.089877216412145,-9.378640413190542,0,4.686342262863619,5.72010571337227,-0.11128571937870646,2.897751947782723,5.632181394028457,-1.1371640056410115,0.8818646771592498,3.9693243391242916,1.5543729978678478,17.57615844415885,-1.6627461460491766,-2.9202091114319373,3.180558743048678,5.030246745948386,12.630260898379309,3.845118637425271,7.907521800103279,11.40546691537212,3.8054532263098295,0.6916472746816282,7.263144433085511,6.619814973159599,2.4732926230496943,-1.6044604214770608,0.18354241922278192,-3.550510254362571,3.755684423406669,2.6743698688132422,2.4917175255526836,-0.1779267423643205,4.2794186401763135
2011-05-01,-7.291885587784641,-7.254376719595879,-6.45777036971884,1.55661629904702,-0.5808341595746835,-2.0465433947666645,-3.054989697221,3.852575875627773,-2.369324316170318,-8.411076556388931,3.5853409511331424,-1.918281941802391,0.38222693453544565,0.0643404058483732,0.8580590093182572,0.039519302100554654,-1.1064843866575025,-1.9615434303053014,0.21408468252781532,-3.6413313570101913,-10.280517857860438,-0.5902776938134124,5.5419240619974275,-1.5215847232307895,-5.190301810776058,-4.002714510236416,0.15938030395657998,-1.1618963626128131,-0.9979091341196011,-7.5149851254107505,-10.417530332051594,-3.8915933062632746,11.470819450646186,1.2515866498880257,-26.903724492289815,-13.45301412194939,1.3698844358161821,2.1928172338611773,-8.102841499829516,-1.630873804192401,-3.096619442970905,-1.2795505402420027,-5.777349688144717,-10.648535225224354,-12.094914530043965,-8.58102395750251,-8.609663171777537,2.117354369797475,-0.6332931375014006,-13.41311714740585,-1.8127384592556695,-2.7979641609028327,2.0088157047929656,-2.3939289125449292,1.0627113353748552,4.6624985980866285,0.8569678590093943,-2.8689383070761743,-2.0036026760419823,1.548049229250914,6.771144817815067,-8.21949478444104,-2.920572421166323,0.03345787127626565,2.939262421701816,4.068601649812287,-1.8403711238477727,-9.446356655845634,-2.849347334516139,0.6125443936259245,-0.9632491686089928
2011-06-01,-2.078535125529779,-0.613854439654915,-0.8703779188241612,5.42121187566138,-0.3891055492966533,-1.8111187598587097,-5.693412995623026,-3.3596291014626245,2.2449835108156346,0.5620963167257909,2.8915073842947336,3.437926629805632,-15.10558076986026,4.0869283704529025,-3.116041581506135,-0.10422095784443641,1.7856183476091303,-0.4734704746113927,0.331488526726087,0.8911580300563493,-0.3388816778088888,6.503824046147333,-8.46849457727581,-3.572427745353193,9.133319413007394,-5.498282531638199,0.46187751852705405,0.4872116824000461,0.5077676773572848,0.27777617850661407,13.847360167864808,-0.9396358044208242,8.05410170438341,1.5567199189516323,-13.83763633422761,-3.6291276091898306,5.299253014051075,0.3646312153019693,71.58574251371536,5.948090990713251,-1.5013251969606678,-3.5470622786082373,1.1865838807372242,3.9037442093842856,-11.662630921968997,-7.7874353506654614,3.049884035331729,1.103254515254548,-1.0154656111700078,-4.21471114156633,33.97334635577272,0.8110073296838216,3.3853387780504285,0.9369410099598241,-1.8828289319803737,6.4722192733275286,2.9786899544520296,-4.148576959354866,-8.961215868968786,0.3483626925977923,1.519547184275627,-5.092569311800421,-1.2110224421226334,5.499406519863115,1.4846508116994173,-11.955306528397713,-6.870181607590478,0.04702544088601712,-0.3517795536767565,3.30411313797212,-0.913793485751313
2011-07-01,1.937875530032862,2.347687881723637,2.260968784708961,-3.0330038235421686,6.873292867290637,4.900249354530262,-2.563676315700536,-4.526522679724421,2.716223288670716,-0.7091621469949905,5.537584305644283,3.180640671405377,-8.143024778792363,13.45966441503057,-0.751740827742875,0.05032712738337608,1.353559212583022,1.9585794491694841,2.5696352997023553,-3.2198531679354048,4.039864241198909,4.658637043402791,-7.156949517703204,-1.4941579998198982,5.845151824819695,-0.08958065656994307,0.457418793139841,0.571182859691266,-0.7605163910144874,6.454611100509816,11.279020522483957,1.5564553189369335,3.0489810332826828,-0.38484988645066665,-16.669462536175494,-4.180207199102459,4.339931553455578,0.9959339902758657,1.038970384913629,22.032267497256797,-1.2720530197384505,1.221442510653592,6.238067759093191,5.996021680557728,7.102374871096906,6.1703362157293995,7.052673414701349,2.7976332229376233,-0.4954293548067312,5.759397882092454,3.7072843690186374,0.5480830860090435,3.4359175637292516,-4.467049338476237,-2.5401153938145793,11.071803929061685,2.576766928792118,-1.8486950534023272,-5.76180782929967,0.81309546469015,7.26954900395409,1.0874315444335814,-2.329245051383211,6.733802893547303,4.962523728685397,-24.95863109513854,-9.755511676554688,0.8151627406942197,-0.634759195384671,-1.5980409473581147,8.889112371170693
2011-08-01,-7.133616459426051,-5.632864320411457,-4.582895204030013,-8.489800962243255,-1.6514136764413045,-3.297546351596381,0.8988657630394803,-0.5871902992503175,-2.5821539095937984,1.9503881633770925,-9.141934660800842,0,-13.37033173219293,6.496953361566327,1.844392636648351,-0.6381504539963778,-0.6729838773174457,-0.29281883249039353,-4.477910620194248,3.0930300691358603,10.942963805185446,5.02709419587104,7.351796930867849,-1.0810916104215633,-2.3669957596553206,-0.17379121402967268,0.8937304485850062,-7.972633843924326,0.3160437976364783,5.134430305728543,-1.6795106232224521,2.454544739389064,4.439458854844691,0.43010464815491645,-6.694578786522665,-1.1843802086845212,11.99257405687435,0.8968669982760247,-1.7201362358546746,0,-5.958400411956788,2.5794628037104417,-6.969656439314242,-11.186255781632148,-13.065348183459413,-8.772207743087357,-8.599616751976402,11.192547131958186,2.5216936869784767,6.172564476562847,-0.037656116425832664,-0.5147802799398526,0.3157772344323462,0.8273684679032556,-2.827746536408382,2.0141053135805276,-4.368864555977137,-5.144675099799212,4.128006050655486,1.0505970885855476,9.539809575673264,-11.978935921516598,1.7055073582509017,5.190977921072548,3.499536985869156,0.3788475508659239,-5.082594658212497,1.2159970549215915,-3.0948906148452693,-0.06459948545067817,6.333222659045035
2011-09-01,0.3307662990205351,0.7221113331279838,0.8956359502651168,-3.8369549804291747,0.3693448335351679,-6.4174079161331,1.6284376573413528,-5.51187043549527,-4.561235168720512,-0.59915011554037,-8.643557382459477,-4.669040241329103,-10.811533833667042,1.7782553312567728,-5.8264760407189975,-3.8736166213261036,-1.5583115079267351,-1.259084627821494,1.674396904487807,-4.942488332752237,-4.641667022312035,5.625007052194153,-3.468670727843115,-0.362976805057879,23.06149401418072,-2.5746641118652436,0.9645998802842004,-4.78560211776351,-4.163768607066176,0.566755971944588,-4.007152544188086,0.5661255446423041,0.7961788776595924,-2.1718465935835596,2.390138025826105,-2.704729506608894,0,0,6.758985477136026,0,-3.676574682854472,-0.15222848484226503,-8.10366360852548,-4.680092896663446,-6.512335293120053,-6.95404147181069,-5.846745794726971,0.743670504644367,-3.185916866993743,-5.548413622137494,-1.6072565516797255,2.4341305388920986,-4.4654063923803555,-5.168948404741602,0.27461787446361186,-1.7063180592125526,-1.6704987186905385,25.558268238042015,-3.7150667164544515,1.905827177307362,3.6681566634604756,-0.8658206651596778,-2.2661194608695645,3.9941044536850434,9.964836993280546,-8.597536954138008,-3.094546565759447,-2.2191930936857895,-3.0455390654394954,-4.886825014751839,1.4355437947445537
2011-10-01,-0.9683742390683037,-1.2802847394564942,-2.225793838143275,-8.930461620795827,5.120112424139567,-6.980962540165814,-10.363196260754393,-7.801760513766654,0.542605088130732,3.023577614283557,-2.614053719802256,0.9142707588710053,-7.723694126203373,0.14232118282935247,-8.483544512208852,-7.925034066281977,-6.699594804861597,-5.883825030161738,-0.34774733558036175,-7.185410376798362,-9.104448168461943,0.10850061574378955,-8.90128991165513,0.7246408520767251,-14.5917831118672,2.2880907131473727,0.023410979686500077,-0.9852296443011888,-0.19086914242162356,-6.637548748826358,-4.644857175403095,-0.27329690044322064,-3.9961203230276077,0.15673437372214494,-5.496613621212809,-11.401528809647576,3.367321510658794,5.641408928009195,-3.043387788326868,-1.709443335929972,-5.043859681379903,-16.39504643573151,-11.55778254352029,-15.439550034443972,-2.9643186045557712,-6.794363445227525,-10.336967117025786,-6.150424215099193,-12.98810524343157,-17.66956136546125,-2.8424850468539375,-3.0520349764907806,0.11080333543613818,0.15673437372223376,0,1.2824603250379152,-1.092843737710325,1.6251180365975948,-5.360945060538036,-1.7916401094820955,1.680711831638071,0.9641097479492267,-4.186041621273695,0.8425253746323413,-4.986077598029315,-15.515039898682303,0.07449500592520836,-10.039196320337783,-3.0601108932070353,-7.012041236188882,3.346729820067562
2011-11-01,5.416364466264145,0.9415052932663315,4.635908767218044,-9.567599782865631,-0.8795131452827398,-5.869344504778617,-1.1077186160211694,-0.8805217123394771,-4.069752269818205,-2.4783084052418802,-8.770114543732287,-1.2898580548515337,20.24000842160394,0,6.362281126381841,-2.6956477175378524,-0.750087634586194,-5.78348815922114,1.241705125581749,-0.1433692001849174,0.6666691358188537,2.609953438860302,-2.808672861005679,0.21637224453108922,-41.541576740636785,7.070580719094033,0.2550371186005429,0.3360683206504511,-1.2632630636647213,0.9213585737367885,-5.782892634469416,-1.32195511312041,-7.773637823005242,-6.654034021137001,-5.510242325221782,-18.59778873244544,3.2576170434612806,-3.871451218069044,-2.5135973271542156,0,-4.726471921383801,-10.423106000176574,2.495319855009548,1.7114664444986438,-2.6736321700374432,-6.320093895219969,3.357518649723179,4.2626621689110245,3.9460193792066,3.4035189659339604,-1.3922156316841239,-4.8128686034795365,-4.04122062846648,-3.450525749784017,0.9154949661149825,1.8040176557734267,-3.961717863915659,-5.3448509420436,-0.14503265776459884,-0.3910177279569993,13.175898951235787,11.692232625006405,-5.002198315307016,4.203511059295906,11.710113995999816,17.860143146087815,-2.1893768945363017,-20.42269075327163,0.23820297814127755,1.2517283223890452,-2.051782388359058
2011-12-01,-1.1205645821219967,-2.376382143441891,-2.2058430186156386,-2.441691847486349,1.838126150593089,-14.013273686111273,-3.478972682983561,1.1960275462971515,-3.3586544048950673,-1.4174639250208232,-7.644623513201476,-1.6759285541034785,-2.3256862164267034,0,0.7266641368419258,0.9736081400780527,-0.8836581800498067,-2.2413446519846225,0.3860470861568821,-5.910139227591316,-3.4646473350101736,-4.913561188326021,-4.355452877778987,-1.4514042884254008,10.581153275866468,0.40289932323653854,0.6600684031352055,1.624778818187167,-3.0405012827297573,-4.625696157061412,-4.1654980824146985,-1.8723735978767309,-3.893861867423354,-0.48446999871636365,-9.23055274901885,0.3735476528770043,0,-7.2759354282428745,-12.871924193545503,3.390155167568132,-2.814752536645848,0.6251629230816569,-0.20519599184840587,1.400720511690512,-9.433323404395288,2.1791820553616503,-1.593242123563332,-5.8632286386279375,-9.339027170045355,-8.772996471807692,-14.231622218025564,-1.970419656321365,-3.0406039665800577,-2.2957722331627295,2.9503728066698987,-1.8040176557734267,-0.1480378968264695,-5.23948475700724,-3.3951600473269394,-0.39541120447887934,2.2391690314901957,1.4722502339235888,-1.2210396864430706,-3.2618677862791934,-1.0514382578928227,6.161670161304489,-3.20718067030913,0.49636387742535426,-2.2938024194798956,-4.264700881849137,-12.00154254970558
2012-01-01,2.6920964369034905,2.9647613012022234,3.298419165957256,-16.62074504557681,-0.6962604280718931,4.916767125925747,0.20966479548985006,-1.732221860435712,-1.4374708781660583,-1.7195555406613439,-3.4916498589475764,0.7117467770139552,0.4143652337655013,0,0.17817376651212413,4.086919544341416,1.0745858830557786,9.292356236018318,-0.8112921308938148,5.343616422882391,3.547669340609083,-7.762707594825891,2.1559640469805075,0.2919710103334777,-3.648564791792447,0.8320380813767958,0.5949707979651442,0,-1.8210184045704736,-4.278423539531542,2.2318522955695363,-0.5444331552602932,-0.028899102345025796,-1.295738556885162,5.760648293155124,6.894547720867017,0,-19.75309754574832,-13.958470549760804,9.531017980432477,5.855576952407748,2.797941416998029,6.0891743867145465,3.5846897859708626,10.121034353891645,8.336126577037817,3.969553144125282,0.8548876904793445,3.0287598015735107,1.1408708235801868,-7.949724691613991,4.298530364968567,-1.8206323838366067,-0.4146755886700326,-0.607776149157413,1.3859818125976808,-6.0289575237579385,6.412772460723115,3.6850153227280025,0,0,1.7331924538518173,1.9672765598705233,-5.7314456595980445,-5.2358102580699395,-1.0611244554960209,2.309358233430714,4.582335038376173,0.6502681636187724,0.8334563167184506,-11.100082707644798
2012-02-01,5.109318349084635,7.407216971158981,5.636650297984502,-6.176345715379716,-2.924444117781233,2.0850437796961607,-5.657232856450101,5.246609687378423,-3.4260208602624576,-2.9076812244796857,-8.523027594004805,0.20874853391141812,-2.795430103137342,0,2.0046931945290503,3.855702033610342,2.6642283194465044,5.134642105384568,1.3410440008276403,2.3951106595194283,1.3190628185949294,-0.833724143782888,1.042152223926518,12.19854016274618,6.370830531288407,1.2249882967485304,0.895220026643595,0.6001373157006995,2.503378713820237,-3.1074809705633424,2.3491013075598755,0.06661301389030427,-3.3483691761673207,0.9159929066974826,-0.35668322765154414,9.87804872534095,-2.597548640326064,2.272825107755594,1.8843087801479363,0,2.9284373434398603,0.09976484829472554,4.8671294117092145,1.1903152333496259,12.500656889291939,2.6780278049105988,3.7596793697529662,5.342457258074695,10.04556215330945,10.782233710030642,-3.5859068090878132,0.4796993951116768,1.7961292774069548,0.8659136134383516,-3.834299355354842,-4.154537598584085,-4.1317418357802005,8.565890798610365,3.5540343192976387,-0.44593108147399363,0,1.9032579288071005,-0.9075501882867876,-0.9407407101895693,0.38666070406456754,0.2515097401752264,25.75957234671977,7.555132799895303,2.747706772220404,2.25968304787445,-4.7635613056908
2012-03-01,4.424221639302495,4.273416181734202,5.1430380836184675,-15.10130752398824,7.36582307474456,0.12766437459575952,-10.77624780835098,1.5961409420466088,-5.728594308664292,-7.540577905786794,-15.913465503521229,3.5385442266371525,-5.312271116464107,1.035986440317771,4.193491915558223,4.578442035648589,2.861509108520277,8.161141262177285,4.305085095055361,0.44101311056676806,1.7857617400006909,1.9346526946198317,2.174137666934328,6.856267143729652,3.027270149215802,0.8658944744941222,1.763296199645037,1.208647806880192,-0.18092807543726996,2.9349106801059897,-0.08295313623752909,-0.8757293665816235,-4.898727619862164,0.16563517274716943,-1.2484556662245239,-1.8528605036703727,-17.185025692665956,-0.8462673918733898,4.720160148429464,0,-1.0819580601870271,2.98906698294239,0.34637608415941656,-3.0912357353088282,-5.534046686399741,-8.879895574413155,-1.0684786203560392,-4.02712297920873,-0.14185812343399107,-3.5395989759401836,1.6792766893078515,-8.522617505941543,-0.18071223666620284,0.1656351727474359,0,1.915412281039508,-0.039158290052210276,0.33908717196133864,-1.2649501064073476,-0.21763236559646515,0,3.7788815556023536,-1.791836375021738,2.8695838919011507,1.626830136840951,0.06954841398822964,-1.9051708355700385,0.07123184426229834,0.11176654376754414,1.05035664623232,-0.3916541461332024
2012-04-01,-3.560100401145583,-3.6395862699231785,-4.1971633877446735,-10.679268425169997,-4.703731534201783,-3.998344965531242,-4.997092658188351,-1.7237608484365174,14.103392234325018,15.13164685641286,29.05264413503036,1.7953152432694575,0.7446050784079006,6.186717353944449,3.1514166405334443,6.432044490022282,1.8125055308249927,9.02790113739842,6.256260299514604,-2.413176007987694,-7.256204227838836,-0.045630847244026995,-6.383214443358121,-10.469139552580208,2.500038251796383,-1.3941956545138856,0.49617633318898013,1.7766485080878969,-0.3778525051690296,-8.322555291661937,-5.7646695099649925,-0.5710102635717362,-0.9435461777008491,1.1043588861221032,0.44123617515117175,-2.163591052453673,14.51820098444978,0,22.91667110672133,-3.59936026479053,-6.355251068993351,2.0390716740662285,-2.1635353148699465,0.6967487535177064,-3.4740320519963674,-3.94044519606922,-1.6731196667486792,-1.6089846828712062,-4.295339448524249,-4.429163092324373,7.632316930582039,-3.6677885230663954,-0.3775992840118647,1.1043588861209486,0,3.073456736651403,-5.374664957576325,-1.8557245341177975,-2.0000666706669,0.10142547008724634,0,-2.738467687851287,-2.051253792948593,1.144539463550931,1.2264304667161774,2.04921789664656,2.9190633719130554,-3.130768616164925,1.1162181840354002,3.356164797845551,2.7530240469045175
2012-05-01,-8.804211501877113,-8.613456666124364,-9.096993215010496,22.479626609416936,1.908123807542772,2.058705540170369,-3.616453662473118,4.869660567191325,7.259681890560321,-5.781370123676921,28.7375176297182,0.5556067702692014,-15.452166851635862,5.685482151984544,-9.216179449307038,-1.0936034799569505,-6.987787295465697,4.148102229166284,0.9594140428288433,-1.739174271186883,1.75024058362796,9.194366304446255,-0.7406335113271822,-7.714834964717186,-8.500341615187471,-1.6332184155549268,0.8675396419269954,0.22455099255829225,-2.740614885211301,-5.374475729411538,-8.913150499141642,0.0265998928004052,3.6985098679799933,-0.47216273978563095,-12.118232006340723,-3.0852124587894103,5.2643733485422395,9.453728268997708,3.722514168477442,0,-2.0723408299224033,-7.764672726240107,-4.1105770770339944,-2.852794832114114,-8.432857915121161,-4.980462577061218,-3.3592619663580514,-3.7160261548044637,-7.535683987759079,-9.321692564700745,2.5814546513961645,-7.786501171433979,-2.740868106368488,-0.47216273978465395,-0.20997383042695716,1.5896713915225291,7.737444457887399,-7.605237891320726,-1.3072081567353067,0,-5.2129065434948885,-8.695080546404288,-7.753754202869256,0.46803135183388633,5.206655371397861,-12.020670715544757,-4.067548626752465,-8.198830422688186,-5.414819751998579,-1.9343038355408737,-1.6995774104072936
2012-06-01,-13.734899087842134,-14.51539869802616,-12.753417972981396,0.7276326916124565,-1.297035044262751,-2.172146544260345,-9.039943032635222,-1.1101816912143625,-0.9764261060266177,-3.769269548486265,-1.8430516034543487,2.9064132943911414,-8.7720010537649,0.7047222185415869,-9.042081890057219,0.09173597991649629,-3.2152881256610755,2.387733185571861,-1.1342276603934387,-0.7336790063854792,1.7502405836266277,-0.08329863038918361,4.3781759296498635,0.07222824438239475,23.154716732736823,-2.2359998085393906,0.46403795565023165,0,-2.0525327597411547,-5.425207313426316,-1.6473240732344796,-1.6732271235611051,-1.292737722063908,-3.3414421163638686,-7.447572239738786,-15.315953103144286,-0.9661910911736626,0,-11.61096497026497,0,-6.0284089437648625,-1.4377067782261221,-6.929497456925837,-8.210977947799503,-5.718655552441021,-3.0882215733230467,-4.074538924580384,0.6098268475420277,-1.8418395062321125,-2.596119221456261,2.2427549581662376,-9.448614291594737,-2.052494810174288,-1.5395915660968207,-3.4057397620468333,0.4662013105811269,-0.4596996093610528,-3.070788042833339,-0.7336790063853904,-0.805403855304121,0,-13.942788757718816,-9.455329451093064,4.37638897412187,-3.7268014768805813,-12.71812145465816,-14.010957887880544,-16.495935220295756,-4.2607499112462754,-6.2126896055223035,-5.0470308134800135
2012-07-01,6.430401928979723,7.6037853888881735,5.153531142643342,18.20703576562156,-3.1832926573210685,3.7112236937731247,12.132698195239279,1.2784532089043399,1.896976370898651,2.6269663747668703,-0.4729721112821217,3.6813973122716392,1.1278315037706932,1.0337790204786756,2.41290580323259,14.797008471198492,4.755130911927363,16.72228694801028,6.785153600066707,21.989823204752756,1.7502405836238744,-4.473589384139132,22.444773692130493,1.077209698191111,6.343277020249376,-2.2652678314312613,0.2422108419018687,0,-2.0506433275188862,0.2643371078185297,11.13027668383989,-2.1607132504211535,-1.4230949943052629,-0.572133310778522,2.1547628740208102,-3.8350774446060054,-2.423964076394469,0,-39.59347432574711,-53.55618673256313,-0.7396202880189939,-5.119167909514388,2.1488731199575284,1.4629597501639502,-3.8346047557929808,-2.5752052545669812,-0.5909916925721959,-0.27998327117018107,-1.2572996046006146,-1.991569991315023,-13.820571559900596,1.1970729505523359,-2.762502005783496,-0.5721333107780779,-4.972411763157725,5.155488807591491,4.932981558424743,-3.6267836799019904,25.81637701264805,0,0,6.5121956468276565,2.3402365505038603,-4.060575492594332,-4.236682475172415,-2.4041339475325607,-21.03499475936067,1.0393495755444349,2.6106134708284046,2.879537511480823,-0.6520590898225542
2012-08-01,8.439018880979532,9.429604801255564,8.821608516953816,-3.7073300583233992,0.44823024394995414,6.6844597273756134,-8.560794978105601,-0.5048500653682675,2.8612545873096584,2.509692588281509,2.9557686716806364,3.1136688785791344,-6.665914814073126,0.7683807974587786,-2.9358032153675495,2.0425902688394615,0.8659523298266691,6.7754454091659255,4.7453932445836955,-0.31914373101420423,1.7502405836288482,-1.0512580389087312,1.068192124343259,-1.4388737452099571,-4.510249436733462,1.557148355136806,0.30429009411403474,-0.3182629289450567,0.8977123107924201,0.20717863401478187,-9.14714034971592,0.39328490789589665,-0.6978754602274151,-0.14688767485635523,0.5107809406439512,-9.724778367052277,-3.2347833865519426,0,21.825356602001822,53.55618673256313,-1.6592006076986188,-17.407055645427416,-0.910333342285341,1.0122668332807727,1.214036795757778,-2.4681601405404763,-1.6142008067510538,2.2341684718775845,1.9062221888349384,4.867940718351305,14.392072680558954,3.0799131571602523,0.18125278572718173,0.29354656187585704,-9.6394158523613,-2.0642295013888923,-1.3109338410171922,-4.897880848114244,3.2758708313221696,0,0,6.825287400686264,2.0177515198986917,-1.8182319083190457,-1.897405499438598,-5.368322708346085,14.697680109715266,-10.862367260139848,1.3135054307287675,3.547091012758763,6.42116783292499
2012-09-01,0.9560808360904005,0.037490765581615904,2.3654638296807917,0.11268003586679676,-0.8984786407815193,4.209843585721651,2.3492324611155357,-1.4856878044910538,-0.4257582044032038,3.9070513192979606,-3.635897982962777,-1.5529531544900665,-3.455628386192622,0,-2.075419395934386,-0.9843322164018176,2.4242462157014977,-0.6422669225356614,-3.6242163535087357,-3.413980905521896,1.7502405836247625,-0.7957601673314052,1.1441363815129613,1.4388737452099571,3.0952150200298787,-0.8053879917082618,0.6587289479894287,-3.3752846541523773,3.7190631890530845,-9.005773497456815,-4.366493585805986,-0.3920920009207407,-0.38545674300962673,2.4831479229359132,-0.2966480965096441,8.419713173400911,0,0,0.488998529419149,0,11.202088757561413,-7.763475640339479,7.337744137090851,13.607557790555447,10.117089832763426,9.410965003666938,10.023341780524131,6.787548641971064,11.086739256677625,15.439667960432146,4.434403065083892,-2.2672676014577675,3.719136104536247,2.4831479229368014,-10.632300387589822,-5.265896867871911,-1.062544136414889,-5.513532398269039,2.9002923290287974,0.23114747377013245,0,0.42144423983998536,-3.7619482061249876,-0.2296212260350039,0.5876608488985191,-2.778389733783282,12.129672849011834,6.260334392578359,3.037738277910229,3.023137691426925,4.206403954742477
2012-10-01,-2.744280626041018,-1.2505016386267442,-2.0317502661270304,15.484926183476633,4.413779082571123,-6.1681842360644,-3.2134470883003585,-0.4584097417225541,-3.1016068455384183,-0.9136583975563717,-3.303999656424428,-5.242113036360707,-7.402842715109426,0,-12.241737705217393,-7.917692378993646,-8.382635063972721,-8.337421904593967,-1.306241172066791,0.12262417232449252,1.7502405836262724,-0.8916688592086608,1.3419627759931885,-0.8608374536600217,-2.0231279598876952,0.28181245618130735,0.20205480999009318,-3.9562121310045217,0.7430206512518023,-9.722568747015448,1.6050768318040198,0.7719996751024638,-0.8840417727125072,-0.5519839023594209,-2.6491615446976313,5.303832532214603,0,-2.2941569242406423,-9.654671635835488,0,-4.449008031611612,13.59036645273708,-0.31839489626985795,-1.652953155443715,2.2019241738904682,-0.6920017050578764,-5.412416467545711,0.10139229084327184,0.7473619529961617,-1.2608725351610062,1.154720029730516,-8.32985266851285,0.7429339686445324,-0.25663266234152715,-0.48826440779243807,-9.531017980432432,6.9730185414210055,0.401596607787269,-0.967229464250785,0.33976651005795944,0,-5.425045054545308,-3.582401817216496,-2.090668481931335,1.5984840234236408,-12.709153171325216,0.488663306911942,6.685668338095696,-4.389944833513226,-18.813777038699442,-0.31542904168420094
2012-11-01,-2.183511447521891,-2.040494870186471,-1.4818663042706959,6.438025214778809,2.135920584544637,0.591700939152251,-8.052843990035807,-6.730549939003083,0.25659707753376004,-1.366005727374664,-3.280192687380379,5.488925173169057,-5.728943251029683,0,-2.6093706531058025,-6.805616418967109,-3.4696644108620944,-4.781568070071085,-0.33471007909309236,0.12247398958953326,2.0809999513793365,0.178970964997216,0.7307695345998511,-2.4062407752948496,-14.691079614652057,5.244805547088771,0.8282424103925989,0.3223209881568767,-1.0177402718561934,-5.6660074291845834,-4.905135076258549,1.0556191622498545,0.7968169649180012,-0.38010027823549564,-1.3266378082107844,-7.4429960054758215,0,-5.753078398016687,9.42676986048836,0,-1.2984945884625176,5.464440853738761,-4.448803159944248,1.8500297265566346,-2.482472799841595,-4.975798242315221,0.44218816077048473,-1.438226519703889,-3.7031929054601065,-1.2559177581800363,-8.93998452410294,4.817910396099023,-0.30119302677213966,-0.6754515182536558,0.6951967113292268,-1.9802627296179764,3.4077198328854585,-1.5339769912143808,1.8192047987279025,0.22255374531203742,0,-3.223172086806958,3.4891399778617327,-0.4705891037413146,0.5271998791179122,-6.750918800843664,-4.5348807918904495,-5.3344786154301715,-2.4671817221025627,-1.3432253396948646,-1.2020322844025877
2012-12-01,0.019025808906203423,-0.0321969578123138,-1.357334529185561,-5.7740500554039675,-0.33869634410161886,-2.774853293262103,-4.587402751111247,-1.1119233268181095,2.1650494993451286,6.039965600490538,-1.045635411108603,1.1167213968189316,-7.719691800949491,1.3304215401595876,-2.300406702203883,1.1395843977186182,1.8167908112228126,1.6788913162501196,-3.6858388387225105,-4.123007450959459,-1.769957709940062,-0.25961251768507054,-3.6292215168387543,1.1009285508369326,-11.070907369531588,1.8822409383673966,1.039188146968939,1.0006087086928517,2.223164713355652,-0.8967984164815923,-0.15031482714096267,1.684886114079731,0.49875415110332,1.130122111647136,3.0445605314791346,4.457037627841576,0,-2.8330506626225826,-2.019383809859576,0,6.83851779139486,6.56112041588095,3.256624364431282,4.386261053162066,9.953745716986795,6.592137908374696,6.480224471785601,-2.165301737883496,0.37294929269879873,-2.7804791152093777,-3.1316259919988987,7.824092961150253,2.2231647117175513,1.130122111646159,0.8428657092407477,2.696644822981442,-2.1468159662856756,-2.7266847062544564,-6.34786376255283,0.22005607408281946,0,1.758148274876259,3.5517537856395442,0,-0.4983717426573442,-6.818302046854452,5.0765890222080055,3.360928185438805,0.30091181215361473,-1.0425845182230553,-8.025091281584018
2013-01-01,3.7878164800202008,2.9619361244647813,1.775928829328599,-0.3449572224591524,0.676249407229701,-5.759437609437812,2.935410579231301,3.159015484340788,-2.6172342929443593,0.8294769628271581,-8.827508066923306,-0.8049646425523749,5.410208489317281,-9.707574989516843,4.742594793721366,0.6758889364625986,2.867924619463036,-9.254210772787452,-4.041246185432978,-1.8018505502678472,2.454110891611716,1.1408323374507923,-3.6563212591110172,-1.6188727349918233,-1.0690678078608518,-0.34327864493974847,2.9262922270642755,1.5412278994887174,1.323959447684242,-3.3957617037132626,-2.283296622201869,1.7269877323986549,-6.0041667392462195,-1.0675572556523072,2.5344795745341875,6.048652443864655,0,-1.6222835506887634,1.102547001171672,-18.9678395019663,-2.3767879184940277,15.78873092650408,1.0100489438526594,2.335754665771006,7.024256280527474,0.1374531300859516,-0.40411040010495114,-0.7694810122646167,3.5172094614599025,-2.58295083192146,-2.2637095313555733,-0.11850257244558904,1.3239594482389982,-1.0675572556511526,-2.8148321142514643,3.0673331216600097,0.5272454517703196,39.09509455503431,-5.099598503498193,0,0,7.1398848525593195,-3.097921622514388,1.8692133012153,1.8279259907817647,6.154145282912449,-2.5080028017020433,4.95618538011362,1.8957676667594292,2.0682504139376334,-3.068971338387705
2013-02-01,2.385416504130067,3.090415599752294,3.2110581207819955,0.03605119308407456,-0.846028734939086,-3.4762081345648177,-5.106243675040711,4.26139480481913,-2.63897602858596,-0.18299580411558214,-3.4579078531344787,-4.678529453039171,2.926678511123537,-22.033895680418958,3.887191907698284,2.5589482819317944,-1.5952456575046625,-1.3970182232498907,1.562531790309496,-0.12995453420856506,-0.9897301956193871,-0.21291704282058177,-5.054416593461841,-0.5952398527295331,8.868138491400469,-0.11131351078541574,-1.246433823278259,2.898753687325195,0.2773926882725264,-3.953244086026697,-3.24081349085249,-0.5981645288285264,-4.417430957774471,-3.234513054417132,4.794891740332819,-3.6277959278683047,0,-2.1252275659659148,8.961215868968697,0,0.7745657830666275,2.7189972074474156,0.1684226869162586,1.3664526710417846,-1.3707297944181462,1.237694469781836,4.6386642541080825,-2.684139248634132,2.152449317805427,-2.387905263139123,0.48556879866588076,2.3121801457991253,0.2773926882725597,-3.2345130544177536,-0.2853191087754059,3.5850563640924094,-0.06309932793593376,-1.3246126496246902,-3.6323605857535135,-4.417430957775981,-38.382593300468315,0.5842754859024524,-1.1678282905116966,-0.23174981403633055,0.938974034983886,4.231832878119324,1.526435969889449,0.0361396307834827,0.5000195762460358,-0.9852143941789571,0.09964005856195612
2013-03-01,-4.868621570704512,-6.451134436770012,-5.246574787256542,13.408317476340926,0.846028734939086,-2.038194599937848,0.21387523190770086,2.1209601939993328,-0.9920605151958695,4.429688330180648,0.7860307578117398,-9.256716419791688,-4.127380083735499,-3.236174532345082,-3.1011606762985977,-4.355606779703791,-4.894228740744477,-0.9585201914762642,1.1560822401076365,2.0592748276764716,2.940279658045064,-0.7130154984591464,-2.922475665849422,1.4815085785140611,10.256165038265012,-1.4430559161755063,5.34309877511202,2.81708769666964,-2.9096246986958785,0.49960017695492853,1.2104201280549232,-0.30185718170390174,-1.8633841568075127,-2.508491503713639,5.148834837632643,-6.771797412946312,-13.157635778871946,-0.9592399691439546,-4.931661851167757,0,-7.271557559557973,-10.037922993619208,-5.290017513719292,-8.66526332803037,-3.8533379522283084,-5.61048258283936,-10.002319343679211,-2.1414969703771547,-5.6252773540436785,-5.203657178430854,0.6705134414417557,-4.260541098131387,-6.794890762671013,-2.035677384118717,0,-1.2217622958602181,5.553139072139057,-5.384018790723033,-4.154152993702098,-1.8633841568068021,-8.617769624105254,-2.536609786747146,-2.8113822998661497,-0.6984894521950835,-0.4683849312425714,-0.38951360109127364,-3.033617275146476,-8.358014647508117,-4.653058039776958,-2.8390672793038085,-0.008714542709942208
2013-04-01,-3.645881114612415,-6.002821919314716,-3.6257615346920957,9.035714441899213,8.166151205463112,6.348058933372503,0.02002737080695205,-4.405829414159856,-0.24652935321420877,-2.6567503610193777,13.110564340489184,-11.46101086158058,-3.393735121092245,0,-1.9630572552736147,-3.625743227889977,-2.0715494724671935,-3.6457727606213908,-4.305948946043259,-9.901128797916758,-9.746703609396867,-0.35842332278148703,-0.4756251534649536,-3.745756253490044,7.670044977438032,-0.530423263851354,-0.7185659660874477,3.8330003198606466,0.5316894860576182,-2.511491003253241,-3.8057939344998015,-0.23920469687528367,-2.9922989622836127,1.492894774006892,-2.3243160641965632,-3.782042440865152,-36.114922433365315,-1.4563364187895722,-7.8858574912319845,0,-2.540216170574361,-1.7883206013501685,-5.529736300570498,-6.771085630184448,-7.2733042422781224,-6.49637487523993,-3.7056315753359215,-6.833612228025832,-5.845851374997135,-12.70852350991527,-1.399753675147064,-3.603388617488257,4.416955550032675,1.492894774006892,0,-0.43116789926083143,7.721525144759855,2.6971754286945426,-2.73632707409428,-2.9922989622828133,0,-0.9662124648156301,-0.9102556933391348,0.11208669210107658,-0.35744558799413184,-0.24527202610125087,2.213090590516019,-11.396026818609617,-2.6023060110233587,-2.3166684209591004,-2.739897418810333
2013-05-01,0.5192901840540998,0.14715903794959573,-1.33344639716384,-3.0853407430349256,-4.688979709826402,2.0862403001916108,-1.7670140660298372,-2.49424684871824,2.236169497228624,-2.978279540119133,9.049782719367826,0.8412247294652064,3.850704690098805,0.9609517496274478,0.6044588555448094,-12.422130575839407,-1.9671071428598808,3.807136807572231,0.7968169649162249,5.434033520378101,1.624731109390254,-2.453553336601999,3.628250518142373,0.7604599385219359,7.514929902909695,-3.9817782983768257,3.605540761792758,3.4162908833602845,-0.36349327665509135,-4.069433373621656,-1.0238865926863183,-0.5553262883417176,-3.2551549224220544,-0.13996559273996567,0.42173622930470334,5.800297903595397,34.54008673655142,0.24420036555516944,-2.0726130517116914,0,-1.6054046002667022,-10.247184620653726,0.20897300102298288,0.2754383552041162,-4.178101083152086,-4.73619835011565,-1.326110668138547,-5.089538163344098,-1.2057295186119532,-9.581959935986362,-9.044267425026842,-0.05698980036852319,-0.36349327583380386,-0.1399655927401433,-0.07145715733087865,0.1233806448928565,-3.588379302228528,-1.4871862396288904,0.3955179842927592,-3.2551549224199228,0,2.933212647425165,-0.28081332170302176,-5.143087706021188,-3.8128208005907993,-0.3871649561558499,-4.574554355213835,0.5706889678093185,-1.3484869534967636,0.5382087172963068,-1.0050335853510006
2013-06-01,0.37771585626158455,0.08057117379989265,0.013694050954882186,-5.465590966755851,-3.0568261940739916,-2.562801831791983,-6.2565329733358155,-8.838857716879033,-4.120578937995756,-3.6807059967022937,-5.117279743289349,-3.4082105977878085,7.958059483681712,1.5081712191065577,-0.2949300398438659,5.2130276603874925,-3.3589931618320357,5.741307489393854,-0.7968169649162249,0.9670620635350069,-14.452751013579679,-3.606103677923489,-1.9733664156951214,0.03787161622663543,9.094449208568914,-4.208548649580823,0.9065027662542025,6.871725651931415,1.6997710474447314,-1.782192113217962,-3.052036834443661,3.410397742761262,3.7395159406044876,1.3591920387667322,0.4414542835491031,-7.794374898347822,-22.612417945234764,0,-8.368516817337746,0,-0.9589518211301495,-7.703623020034023,-3.4976429017763877,3.2286682671887057,-2.4776419602805078,-4.56953885559237,0.4063766032271765,-5.127513714946197,-3.0940619489979504,-8.745686006318554,0.6801741437822528,-5.815970613175825,1.6997710466235105,1.359192038766821,-2.400375673551136,2.3759874937936853,-3.5256594715097123,-2.080839780357735,-4.027389913794011,3.7395159406021783,0,1.0824883752130532,-5.659782789112455,-5.038849241281351,-3.7401517205423396,3.093643498327747,0.5650918079934765,-7.737339881687921,2.7104132677813197,1.4169377128033567,-0.23721841450621284
2013-07-01,5.3820042003425606,4.370256169098319,2.978927009056953,-5.444343279564601,-2.7212563524884548,1.092288266992958,0.0924581604210939,4.755343060996453,-0.11849136981494368,0.019132792352682948,0.42286684255383733,-1.0236395601106563,-3.4496813187139708,0.4701865674980432,-5.845663671916235,-2.579393166225241,-4.679216150675902,4.318457194126246,-7.042246429657606,-6.541841560701123,-7.339199875734614,-2.9520653231506877,-2.8539392356383253,1.4659161202274118,-3.1963647277731337,0.09522476563281757,-7.935360692271187,6.369397744256444,-0.8046254708934164,0.25411890944935234,-1.5100976084684858,3.110941657946853,-2.3972400874017197,-2.021170225567648,-0.4954237381485038,-9.203819179208928,-8.836915045008986,0,-5.259245011917013,0,-2.5072168065674916,10.237014915303533,-1.346062048516039,-2.5057510880800216,-3.533143066431599,-3.7817465678097406,-0.0757723277470923,-4.400657056936108,-2.030769032804436,-6.856233922748567,-3.4786116085415486,-6.871006913132671,-0.8046254706910894,-2.02117022556747,-4.879309294597967,-2.684725003618782,-3.814684803402457,-3.7616714249333327,-2.7779564107075494,-2.3972400874009203,-4.536005373026697,8.890262722095787,-6.199617600206242,-6.347104630264333,-6.334681957191268,-2.126731982140484,-6.008493283053866,-3.6428158832162327,-12.870453974284946,-2.799720346074963,0.4676547883917692
2013-08-01,2.7176180964284313,2.97117987497888,3.423455894426386,-5.608893581039642,0.3442344190972779,7.304587727546519,-2.364139407785837,-1.2642182140341962,-1.7674788963973675,5.726713055139654,-11.567152694509076,-0.17528488274143328,3.6717491069738983,-0.4701865674980432,-0.9475404656340558,0.08015562349381611,0.43728910565965506,-5.389840034740079,-14.524907217896477,-15.769140516547875,0.269948664489128,-6.126947605566713,0.24096397201525122,1.848481467410311,6.0203760790489875,0.2907141310618533,-8.196676463064033,6.879168448295303,1.6986565945291243,6.155083238832326,1.1515205551879681,0.8633296530042855,1.8643100957673298,2.073628947050654,0.14026004349386723,0.22992547297329136,0,-13.005312824819804,-0.6018072325563395,0,2.676725606515795,7.469001859482471,4.061381552670795,5.992140496875642,10.106597732756661,4.02414268245419,3.2760663580819305,5.023407290972415,6.5328065643496025,10.506924770989423,-2.284049908965624,-0.3880336342754198,1.6986565947457954,2.073628947050299,0,-3.5886759333524587,-2.3858283411941628,-0.32146129385246525,-3.29306778130114,1.8643100957679515,-6.512467944500511,1.7524526874765023,0.3692251667831492,-6.6008029116931155,-7.542475971616547,3.885054774405017,-2.103609085888327,5.929649928697012,-1.4910669082283334,-8.547572031477468,2.972487883343078
2013-09-01,0.55329904528989,0.5902303833385858,1.3398385853617079,5.407183119036296,-3.407931365286254,5.1952945727242845,-2.148385400462516,-6.861511987624224,-1.0432890376889326,6.641311547798989,-5.991106021579718,-7.2759354282428195,9.873551095646516,-0.5502473904448024,0.8459279633931338,9.050010233263528,2.4892442306696516,6.707405143611478,-14.67340821721912,-14.068141302400239,-1.6826865904102206,-7.535397806263067,0.7074794183380639,-0.3669728888962498,-6.155482040065811,0.9611452085323435,-2.9493021390915475,2.69573083392185,0.31849749449699427,2.975398578594579,2.1358217734097407,0.7334027982848212,-1.4126004830135486,2.349214825049817,-2.9098530824196,2.6542242954591178,-16.507975035944877,-4.546237407675768,-3.147613210201783,0,-3.1470825924124313,-2.1157537173569274,-0.4689384652902362,-4.192238980526497,4.916049853781601,-3.653365682861498,-2.7733438520291642,-0.23269791834250597,-2.657221107029173,3.0140453855452165,-6.600905756505515,0.844269033355971,0.31849749451522413,2.349214825049728,-2.0536644083545053,-4.189094170915997,0.02161532617650508,-2.706023470882357,2.8767092531436056,-1.4126004830137262,-1.3567915494706817,-0.28136576135757707,0.2540931922979439,0.70340266573794,0.7505193294406354,4.625205830549373,-0.35235361780686403,1.7826377929379023,-1.044831667790902,-10.016962945381014,-9.841718917081721
2013-10-01,-3.1102704381976487,-1.9383073730911526,-1.958535161906827,1.605126857320105,1.0610179112015228,4.289189394477855,-2.744757305528034,-4.755673232317658,1.6003071954701298,4.982641641032282,2.7009560903123564,-5.82689081239759,0.04160556965784323,-1.8644593609140614,3.963957107349181,-3.5116184577228537,-2.8609188543738284,1.3876677462262954,-2.6202372394023676,-2.776884015966896,-5.538029040861492,-1.13251493570532,5.743552258533224,-0.58997221271882,-11.581515771189789,1.296436527472844,-1.3487070566683412,2.3173338604665528,2.053629743694263,3.2859198905056397,7.012710983732228,1.2674209149894367,1.3881131263082658,1.357350576479277,-0.8024115270048093,-4.006258215207071,-14.458122881110747,-5.98981415810691,-1.3799089959969812,0,2.9800597226235404,-1.209338802395532,0.6092736528989562,1.4527250994190055,1.5992585523603609,2.2656422857625813,2.0343077390599262,-2.4029552024648737,-3.0228685968027413,-2.9084260762211933,-1.2889544725997126,2.2927289901640613,2.0536297432570016,1.3573505764805205,6.663162993199245,2.2472855852058604,1.395722905382435,-1.0736853921455847,10.20893613342615,1.3881131263070223,0.8170305552570589,-5.560451842688785,9.829363950614756,-1.175101653551902,-2.592295798043498,0.26455477494931046,-1.6826030174628883,-4.375210046219435,2.740886690163702,0.2750487040741767,3.878444469583009
2013-11-01,-2.6923946466959947,-1.289352430188373,-0.4227678666196333,-1.5498232390540378,0.4387896465419594,0.8921160104465198,-5.33147592429496,-4.889172249020513,-0.6802087958071024,-1.375372586344814,-3.7085695229001736,4.401688541677428,25.70079018041831,-0.5557558756230208,5.034770635777441,1.9173426749939715,-0.11409590341076026,-3.0695255717562375,2.0438667677252553,-1.2924748229090177,-5.003311972088653,-0.2280502698725151,-5.989750014732742,-0.8915363657952411,-26.383534505331436,2.3997484716118622,3.943403484442032,2.1993467316342663,-1.0409449080951538,-4.317127558122014,-5.515853324551512,5.740772059330368,-2.309397676891134,0.1472296450142352,-5.4496241711285975,-1.787432392833166,3.6367644170875124,-1.2422519998557036,2.7000601818506276,0,-3.74036280983443,2.790162821985387,-1.8547537046549323,-1.2303989802395776,-1.1962483946570401,-3.1197804512814287,-0.982095041278086,-3.1417004258882386,0.467254289227359,-5.435014672130745,-10.123988798799921,3.5107603052829894,-1.0409449076623112,0.14722964501290292,7.239168585903277,0.6514681021193791,-0.349731308422907,-2.2092123544800835,-4.730171963942542,-2.3093976768902458,1.5796779295051522,-6.740492992509495,3.855997560781965,-4.348511193973881,-1.4699023434844527,19.45757397301522,-8.38836407053522,-0.7054626647831963,1.0676345537041776,-0.4402425956331335,5.068842206096402
2013-12-01,2.744091314966468,2.3752497341972933,1.9326812684048456,15.800552502694142,1.1319232739938734,2.486637279119841,3.1874428005080113,9.773877757132944,4.140710258095481,2.2239922961495795,1.1311844330015641,10.870420160088967,-0.35370443635329707,-3.320855258844624,-1.9885590750825521,2.279203874656499,0.06968465452290573,0.3976638123305065,1.7192400540373853,-0.8794377732927572,5.319007277414123,2.9248429126232267,-5.080407447345969,0,-3.455583159077169,0.9176079448796726,1.864987651469241,0.24867495309477405,1.511577822432697,-5.355230699421432,-6.493763015798071,-4.385060839671517,-3.4262786046254767,1.6470078745283168,3.3207112333643374,2.729909426107413,10.178269430994202,0,0,0,-0.46759336491666303,-0.3919926620945091,2.019524519365845,2.2322163391201855,-0.284086018456442,1.7425332220986078,5.653536851278584,-4.353110334789978,-4.64339534118503,-5.381781227730675,2.145052659796143,2.506321630806241,1.51157782139002,1.6470078745284056,5.959491910533843,6.169356900533973,7.788985122001435,-3.946846173928531,-2.72548887536459,-3.4262786046250326,-1.121850573631722,4.069316958153468,0.9463774301575079,-1.5761421264063102,-3.322285182927587,3.4503001187091265,9.81594208652938,0.43771332534768836,-1.438306349202989,-0.804984222387084,5.773609076955388
2014-01-01,-3.261693475595706,-2.984255863587393,-3.689875108513885,10.397164622920197,0.3457220383857429,-0.18107826215514322,5.227320627389931,-0.18221164362614006,-0.7586570644323665,2.395124952992611,-16.60423287705092,9.511507688691733,-0.07167922672790539,-8.409593238370583,-2.7013215660957712,0.2602853983372455,-5.011863170244357,-5.399112734692402,3.6266177984434655,0.340464833960219,2.07368653435811,-0.22197567383130945,-5.636533047301739,0.29806281381378197,1.8555773200900072,0.12663572819395785,2.0105990841792543,0.36534487401618243,-0.5940765289089045,2.5892030130793553,-5.728027217586451,1.82767494624283,-0.2624396915193117,0.5524245335942979,3.892392342662254,-8.730633760741869,0.6430890330290318,3.9821494186671913,7.878087785311383,0,-0.7152734967472263,-5.815356199222244,1.055683966733767,0.301058839191537,-3.1156994600289423,1.260997662427421,3.0888032347914596,1.8459654880552456,4.703232375053634,1.0368028139427832,16.615300612389383,-3.287480247239216,-0.5940765273220627,0.5524245335945643,5.274502150955218,1.754961833777946,5.001356751833175,-1.0217913759316133,-7.987990396400413,-0.26243969151957813,-3.28434755290381,-3.1048172891900983,-2.047649371879956,-5.588045839446476,1.0519569852458055,1.0097065363229518,2.1473967982393463,-7.5562667964440555,-6.04750713827551,-4.537131630053537,-4.240108073309834
2014-02-01,2.6388115538805934,1.2856857485607165,0.8901709893524234,23.95668315085404,-2.5339931633365342,5.968803251290189,26.866720079328175,8.904206574910011,-10.972536449276383,-6.502251773925427,-15.488146163837268,-14.257565324708832,7.212145121804969,-10.164814318191251,4.721953369128151,-14.181621717810877,3.017384674348378,5.627143003646928,1.360565205573927,5.528939386790643,5.061136292146173,1.9802627296179764,5.826890812397512,3.004989753834402,2.2412039552927476,2.3658025908081193,-4.37884754853517,0.2861232281032411,0.28461581063256025,6.586349398459013,6.081277919181827,2.5573858934286875,1.81215911052508,0.4905087498358718,3.340670630475895,-7.932500344344884,0,9.721935807412674,6.772944744017995,-25.000425618990185,-1.8840146105955746,-5.411578840958509,-1.9703310692250398,-1.6532179313034412,3.3725728360117557,0.7228487425429364,-0.11789384043954243,4.349212277635495,-0.8069346518676745,4.765145079236444,10.965867159691367,-6.740993537901296,0.2846158096555307,0.4905087498355165,0.14393581485006024,0.5384398291234049,10.83824030192888,1.3440289204448064,4.800991778073094,1.8121591105235701,-3.8174011706242794,6.004154950515339,-6.606763495207613,1.3175421158564404,10.502712675658898,10.894450184994664,5.210447864493308,-12.033385642455851,2.475410022320901,0.12389623701389851,-2.223543492059221
2014-03-01,-0.7532751865076293,-1.304305988815635,-0.7556590551584641,-20.250273998831215,-3.787648429049817,1.61839373174546,20.94122969272383,9.417198372204371,-3.162009046305747,-1.6513759790893534,-2.66382163907527,-6.124362524071869,1.819850082328589,-3.0924395894400547,5.3259094310778465,7.851006339009103,2.613444939452947,5.250849965986593,4.49216873915308,6.028492741641145,5.809959038001189,-8.404489602453324,10.271551128184786,1.077209698191111,4.5012461194555184,4.348401622404219,10.90883857714189,0.6472514505617255,1.1788813576870005,1.7399706365752943,7.479578922150598,0.6255272160519354,-0.31320374042520527,0.3918854682182449,3.036882594162138,5.370749854455969,8.923113372794234,4.528070453315625,-7.533404682539935,-9.94634493438813,0.5999065201671705,-8.183704400501757,-7.237899140374537,-2.641275743447924,0.8883910052359667,9.877290074835443,-1.317543419607059,2.7698818217404053,2.9423858673272463,-0.6207762771115011,7.7711579657020025,-3.9435705458958026,1.1788813576870005,0.3918854682188666,-1.9334916114779777,-1.260899323086484,-11.897617024941542,5.857442959711001,10.363172489710593,-0.31320374042413945,-1.1497847639841297,-0.15896674982007752,-3.9426919979457686,-4.278727520520942,-5.658975849838299,6.364319010777919,6.992184982295435,1.4569067908148159,3.853695271359747,3.2783053006893326,-3.7815657365499966
2014-04-01,0.7914261375648657,0.36247077187727683,0.5553442078073623,-5.139795236913902,-1.3882684785189614,0.29348639317305913,4.29254372323169,0.17068086828933016,6.790120605634997,-1.2848142224870518,27.692032437202275,-0.1596169531224767,-2.398500511511781,0,-2.8910141299038017,-2.7948599906846283,0.5024130346401812,-2.894255380545818,2.0461071871358705,0.012394096884538186,-0.8502649240639926,-6.611954913489004,0.33994367014642535,-3.6367644170874818,4.896194656650757,-2.7138775422179684,5.166531820198728,3.312275386772434,-0.05789131068403286,9.930499598117947,-0.8415196925284696,0.10829648734436148,-0.20500812568879923,0.7433641329019913,-2.877520010634338,-5.907788182216889,4.494107916842971,-0.2607563407081237,-23.08064240597787,7.1025514023348,5.99148465390229,2.427530935571287,0.3530580988831744,1.6429646624406935,1.6407605632549505,10.26869785541269,0.9571063692392912,-2.8568708150357836,-1.4774987282650365,-4.846196933458957,-17.35217455832574,-0.7115519895893208,-0.05789131068398845,0.7433641329020801,2.8290308514094864,1.4397369266377247,-2.9220367895185895,-1.3413199512986473,-3.4844369870426384,-0.2050081256872005,-3.182727709853239,1.4902817140090896,0.6147286497159676,-3.90021578032691,-6.263646543586798,-6.383670728303237,8.916899892123464,-8.2807022540940185,0.14544593608718515,-3.357035130238195,-2.0441550755703197
2014-05-01,0.8041326137180782,1.7382145460521414,0.8272761487106095,-1.5528127239900602,-5.065583635238191,-0.6782251436187714,-4.241176657729961,-2.455287815661922,7.183049942017461,3.2521751616663597,22.61994356317344,-6.134872577106842,4.125696144382474,0,-3.091668391320468,0.6257262594425939,-4.062692657755562,-2.839581254316137,0.25284463533408186,-2.3031516433604793,-5.159294978608742,-1.7880425277848389,3.0085834622314955,-1.6430541396095955,-0.7208932642707527,0.7017572658646554,7.609363193316687,1.7202330019791212,-0.5443671581176535,1.347234094076688,2.8874854468490585,0.5576439643714792,0.7439345194887537,0.6073616384109748,-1.594383996342641,-6.357961483584418,1.0039125028328932,0.5208345107138967,1.9048194970694432,0.6251322712548912,-3.3481334521763273,-13.052743218697405,3.2081626707503474,0.48895879618022775,-0.5739526794208416,11.037692195794868,1.5545394274845137,-0.750624854877735,1.797318526368219,-2.016548193228429,1.1093495729475933,1.187646203162096,-0.5443671581176979,0.6073616384109748,-0.5086727371589994,-2.839212155348836,-3.1723044711459814,0.2164363660786428,0.043750042127843614,0.7439345194867109,-1.430398809826272,-0.21574981400211968,0.9546611883579637,-1.7192400540372077,-1.9574748731930214,-2.8663132252479073,-9.010898054606704,-4.763354323060276,-5.746205173838437,-0.07879186225085988,5.14173060016665
2014-06-01,2.48510281886416,1.9770447604780195,2.256544415822237,0.1467415969045316,-4.307125423553382,4.653726726819163,-7.919883725283605,-4.042155038596096,-0.7786478978834221,-2.45203566049792,2.6314382043926887,-2.973716209576205,-1.4252869105754407,0,-4.152161513916397,-1.6069279172933548,-3.813709465965154,-4.342955792733605,-12.63422890520749,-7.1038329542486345,-7.518439852245962,2.293094106391713,-8.830949490121132,1.2719961999560214,-0.7451411087816301,3.6261629452698063,-0.5335534923526453,0.9889586737735989,-1.090347782099299,3.936107388058052,-0.5488487981835433,-2.402483312306458,-0.264926809517263,0.3555559301332778,-1.9716340435458002,0.8815836849299763,-1.0936388435318634,1.0336009330661255,8.583143584978092,0.20751200640045653,4.8979148555669205,-8.092233734069243,-1.0208464071922663,0.45763186810772183,-2.2126214244270415,-4.061942751915204,3.302370509668151,-0.750829123887975,-0.24131766969404111,2.8038743557720736,1.8714521781946658,-3.044941448768057,-1.0903477820992435,0.35555593013256725,-4.164040407284775,-1.1710457398843133,-1.8362842819892755,5.246028940715952,-15.821264411756353,-0.2649268095177071,0,3.2644134715633655,-2.2553835161889246,2.8491955794305746,2.7755773584029697,-1.7276444167123373,-4.484873482727394,1.0692147449219758,-0.6945968334231445,-0.9631096474946865,3.527498491965453
2014-07-01,-2.946530267569436,-4.469558175573507,-2.1051439327006705,-13.057183152598606,-5.253308647692778,0.6815957016273577,-0.5015335115732489,2.870152171249918,4.0221738255846295,-1.8829641175780676,7.162857688087132,9.507154479543678,-10.432829144202138,0.4751400235284642,-0.954791960514001,-8.021553892707445,-3.1144708410089095,-7.74061076183834,-14.464490482751202,-10.222947449492548,-5.877522906685417,6.10690333488213,-8.897537107428999,0.37105793965357403,-5.531453917239001,12.913086524080853,-3.9957235720689543,4.501680444913214,-0.3538000299975974,-3.450669541578222,0.49409927587426017,-0.09645551779140504,0.3337262618331671,1.0005969297004924,-8.084978061070103,-2.0208711502436416,-0.3597126180849841,0.2567395505246317,5.475051477140891,-7.576772357208661,5.776244090664484,3.5036662273266295,4.195090432215842,4.014324466250674,-1.4960219046544765,2.590268501596249,8.228632393324009,2.4320711877853007,2.677294249016793,5.053139150462194,4.46710000123085,-3.8940953744546647,-0.3538000299975863,1.0005969297004036,-1.9647700627825948,-5.880493349194804,-9.076770993064898,0.7792096853022734,-8.066138101434195,0.333726261835654,0.1473490151177259,-2.2097161947483457,-3.642263386032152,5.199529511838019,7.837318636940527,-10.903719770682674,-4.640170473153623,-0.6389798098771049,-6.114672829054868,-3.7120159766827143,3.9672260900244005
2014-08-01,-5.044669257648504,-4.8453709279250745,-3.7671233430561557,-3.1900752922590536,-1.4122994111704923,2.2960006837621227,7.845532507432451,-1.5244801277570108,-5.980444760950809,-0.6601178776530325,-13.949438774494617,-3.151776032040521,-5.5359551572722765,1.1244412157994432,-9.195510964642395,-2.8315034556631424,-4.054670917690384,-0.24466182254245794,-15.746743245327632,-3.510209224891181,-0.8603437065556108,5.30689681302281,-6.218219068483677,2.9199154692262237,-2.757390314153338,11.37763081176617,-7.643787465916585,1.395559238903088,-1.6828394153226345,3.411675585147289,-5.864137616723775,-1.43862935688297,-1.2117806836273282,-2.202706144904365,-12.484512736856225,-7.187044772044193,0,0.25608208616736405,2.028467117150523,0,4.131994576703768,-3.642857108520392,-1.580454597655212,1.9684253014803588,-0.8642299484227678,-2.7439658770145314,0.7059700142592717,-1.1866341287523063,-3.1208824469420193,-5.840465313005838,1.3245226750020045,0.27598245420383805,-1.6828394153226789,-2.202706144903477,-0.3880385663735719,3.432928434408744,-1.7490319017263722,-0.2777579056955304,0.9364572108006008,-1.2117806836294598,1.5333628165204338,-6.584758301242211,-0.3505577452462383,9.893994785490356,5.622267167904127,-16.41632772246897,-3.348087888057945,-2.037795154961186,-4.626275811603087,-6.165001960943073,5.038761672547487
2014-09-01,-4.28855915380888,-4.597818741854454,-4.88932622673639,0.8460504254615753,1.0881500187533977,-1.7098071154761252,-1.1523149936940147,0.268964648871306,-5.796289437228741,-3.4635069098188254,-7.816212636629693,-7.040132242400943,0.4863451038116473,0,-2.33082318073885,-6.393247240404065,-2.580083055422744,-8.819977431502046,-11.488027599839068,-7.878087785311383,-5.810763080728076,-2.964869392212943,-7.830085041375767,-3.663413317978037,0.08259912258452018,6.375809643273422,3.8544785061531694,-4.797730026792069,-3.1116671995435663,-1.0980502483444177,-7.160953237812306,0.07720648376139394,-4.101236008098308,-2.3687310735656553,-0.8413674277033767,-10.751336901892738,0.3372684478639698,1.774444529907182,1.9881370553829214,0,-1.992644744033889,-11.710314680416545,-1.868577351803502,-5.495080188640511,-5.266630990702126,-3.0869108603605255,-1.4021408616962105,-4.628583233520978,-6.192703977569103,-7.1779918063128445,-1.8992205496700443,-4.449132344513451,-3.111667199543522,-2.3687310735654776,0,-3.754486277503144,0.4759413625163411,-2.961923244388398,-8.289527643096584,-4.101236008099285,1.1302551504126512,-3.333642026759165,-4.79055997596971,-0.7272759329080003,-2.341729006772475,-3.7175533348905,-2.2525791944515987,-8.397677091637268,-1.811435554802454,-2.3297100679449123,-0.12886162724523587
2014-10-01,-10.750737307817904,-10.920324323008845,-11.365454517776907,-3.7747201398586006,5.577458040109873,-3.610466156301495,6.776030040658743,4.0742405201099725,0.5289341558416094,1.6158945211576903,-1.2721976363739285,1.077681608886738,-3.818388732165978,0,0.47864235890378026,-1.018724200713006,-0.8117927236507505,-1.4460300604168808,5.908891636994529,0.0386221551135435,7.806837336981864,-0.9302392662314141,0.7513183350782882,-2.784683565712161,-4.885553027611839,-3.6579246317310243,0.03674089004048753,-4.711528781777297,-1.8608824707801008,4.056959674001559,4.3936291649613874,0.3944131953375063,-0.6875433569456746,-1.5009083212537355,-4.231079188129966,-2.2521838242898937,4.068730531539089,0,0,0,-2.2477080621918333,-1.614755012503366,-1.9801230368651446,-3.9981237301425665,-6.160703236011855,-13.15106796358414,-0.7770053660803633,-1.1435481503996314,-7.618104706124296,-6.790855720942579,-4.517311168057692,-3.4403701515188345,-1.860882470780112,-1.5009083212539132,0.34026179917709953,4.702960033439885,1.2229691402953158,1.0422902472554618,8.18943254440363,-0.6875433569437206,9.807488551163424,-9.939488934268326,-3.1739191120011334,-0.48780584534320326,-2.7810869762663337,3.4274043233991414,4.240528104563162,-1.6985266800847443,2.671826867167937,6.292318272396713,-1.1581340126418205
2014-11-01,-11.15582583946857,-10.66727598470747,-12.066056903810818,8.34812884800138,-9.326518931659722,-6.382950008880184,-7.323767829784256,-1.5787774976412927,-0.08383781151081182,-2.664767445822158,3.511519902008886,-0.5242475964849946,3.669124960448844,0,0.04577706648944968,5.503209845919965,-0.8499095771325571,4.4184023538977435,1.6260520871838935,9.145224785831019,9.114361427454032,-2.3641763057040244,5.249018262139682,0.13802624689583792,-1.5141877709969165,-1.9143634051075997,-1.9680832034049134,-1.1273790948659546,-1.5669439712840405,-8.491382279313676,-3.4004490581531877,-0.4247130199489746,-7.343975953138848,-1.8275385386719023,-4.091677675813471,0.22629287048882007,2.972618026520113,-3.3208670996653034,0,0,5.46698368672196,-9.477984919860383,-0.36623677679354927,-0.2007657325699519,1.0187756751390609,-0.03365020642505101,-1.0423820390660588,-3.9340803145659464,-4.169026153512778,-7.229444273089447,-2.4170360927812773,-1.8375299215476204,-1.5669439712840294,-1.8275385386726128,1.6244480246082826,-1.9060297478939336,-0.3416201501759808,6.277076094209733,6.9670291244459115,-7.343975953139825,4.2628086465109405,-10.733719153369936,-0.12176561626269233,-2.225060893482045,-3.197504716483568,3.5584445796167152,-1.1007426608556796,2.030893632079278,-2.0912996644719684,3.809384898058976,-3.4836343689383042
2014-12-01,-23.77202265792251,-22.98911505073864,-23.731887726941903,-17.768388706994422,9.938765742098088,1.2930419703804485,-6.186117742036945,-3.3446613920713464,-0.8466127125075107,1.1010625956300535,-3.0529379883257546,-1.1897033911846155,1.7065274753622184,-1.1608543744606514,-6.079789606259389,-0.3518072698485142,-1.3934746640598128,-0.8332763132330889,7.75582343458181,-0.0044050922873850595,6.0988412519531465,0,4.1730672456472995,1.1428695823622756,6.454769002548871,-6.660936903550052,-4.025526171830974,0.44486886206849263,-1.2503692124093857,2.24178941878056,-5.458207480582078,0.08021526550852087,-2.665692645132367,-0.904061674218859,1.1485916289042775,-1.7813038411397197,0,-1.0443959161083427,-2.9972273535792127,0,-7.3722972469798975,-7.518315689155397,-4.0494008310732355,-4.641118766975083,-1.0223056695014776,0.9757986842634736,-3.4982275470690105,2.12891308056804,0.5776451506247504,2.0396851065918042,2.3274437320027097,-0.17601412656889082,-1.2503692124093746,-0.9040616742187702,4.265174035183517,0.19224613418544756,-3.6343526039184226,-0.6225255910778493,10.356084004850707,-2.6656926451335217,2.151351569242177,-24.629566792279256,0.7283795480200084,-0.5012541823544048,-0.6201350082566393,0.23271869059495742,-5.024402010186504,-4.382204428242953,-3.2029015792255144,-2.390857973728444,-9.856428382831428
2015-01-01,-25.358407761665802,-25.978456891488968,-27.476736958511914,-14.336753750123577,-6.081538263474107,-1.0588787732539906,-3.5265533310353314,-1.6795214698276273,-0.37927356182851923,-3.9228827849108194,-13.886004338451418,21.029540883636077,-5.636286035959781,-1.6561716088803635,0,-3.428466426238419,-2.2308249783303147,-5.927352184761059,4.022480131053641,-2.2790280092217508,-5.5334323953793785,0.47732787526575393,-8.231595257155178,0,-1.4825349476696503,-3.081327071760964,-0.04722550275572113,0.1900539057974271,-5.618001256490879,1.718323996930271,0.06521030553872098,-0.06836507893890342,0.8328123844357549,-3.032207632117334,-1.4006863720371465,3.3812410057577513,0,0.13114755978103076,-1.0193768189542318,0,-5.088929372837914,-0.23422642826727014,-10.041997126212543,-5.024805803601762,-1.9122445292692802,-7.226871158195003,-2.924562740091652,4.090528135182225,2.207782012910897,5.614190746406678,5.096458784482483,-1.614500680781461,-5.618001256490945,-3.0322076321167124,-3.5119153352777044,3.567718548090104,-8.36088005205573,-4.703556415689292,-12.30534089354176,0.8328123844379753,-2.448140873285709,-22.60586973402745,-10.933304983436987,0.5012541823544048,-0.626393864556718,3.855748606234144,-6.588708142011682,-3.549440365088097,-4.658839500013112,-3.414079139214632,-2.106286822757575
2015-02-01,15.109316172741849,18.657710320266354,19.410483998723336,-4.346195082918491,-11.19890424887342,1.5581478326626375,-6.025298035736193,0.3564703066903152,-6.319031916270101,-4.095060361309533,-21.82725548835037,4.116676266709385,1.2826414564620414,-0.408883192148668,0.4713458694550532,-2.255102800869757,-4.358080335703107,-5.667745872292063,-2.1739986636406528,-0.5807991557938763,1.2226336712110708,0,-4.6942759247190935,9.737416402517638,-7.354978067146228,-8.146202133194414,-9.090092573256959,0.3916371628206683,-2.5128479505418966,-2.4870916916704733,-5.012743340441572,-0.2418524320518145,-0.23624715679044783,1.0231610212739994,3.6304008674973742,8.8163041271624,1.4538158446026905,0.2617802542078884,0,0,0.17067951089666522,-8.372577281543858,-1.7521497470141867,-2.6092570985867702,-6.477582550909489,-1.8717177573460475,-0.7262292623334332,-1.9106008108807693,-3.713315158502528,-2.639544241331482,0.8763306964875817,11.676979101588447,-2.5128479505418966,1.0231610212732,-2.860627450449593,-13.071739157084528,-8.641952536367992,-2.0832673274300717,-5.151388409826918,-0.2362471567912472,-3.1254594784051015,6.827334042084132,6.82842379389319,0,-0.371013530726394,4.06192980227269,5.452509065761037,0.6668797309784202,-1.9750939077956886,-5.392558444599604,-5.749467664349428
2015-03-01,-3.649158182807488,-3.76407432510959,-1.661587803148823,-1.6713086425217405,0,-2.901534322978727,-10.698293901855195,-6.510802040041053,-1.8542942428312448,-0.9693129205659679,-25.399159033922412,11.936743994195364,-6.2049591795812375,0,-3.4014109612136245,-3.3026737517887206,-1.6766891530648032,-1.4182585638749856,0.729930248163857,0.3055095896061566,4.504597234436147,-2.4097551579060017,-2.6710150327573956,3.5446749000561724,-10.526036041997589,-3.4912369379256125,5.891809459135267,-0.1766784911886088,-4.714495667380203,-2.259286896132695,-10.315443663752323,1.0250751528360524,-1.430807156114433,-2.2569256761268086,-0.704076477050608,-4.072795879349044,1.4329825554824538,0.13063359140552677,-3.164293976125876,1.3857034661426404,-2.448001787938381,-7.785386986799292,3.606545331606803,-0.17780854319413564,-4.5554437815235715,-5.778939659913718,-3.3460127258006622,-4.028461625124979,-5.0117517364987485,-3.312744260674494,-3.51154445845987,-6.414275104586675,-4.714495667380181,-2.256925676126187,-1.6263499490615896,-8.538921175766978,-1.6426806853409914,-6.579606327405774,-0.47914315155148657,-1.4308071561148772,0,-5.754204332832291,-5.771455644924384,-2.0202707317519497,-1.4493007302567307,-3.0458129897921182,-1.0300838393475606,0.027981812004873596,-1.4996944809662516,-2.510027142952165,2.027399190542578
2015-04-01,8.552217343804047,6.253122017033164,6.844637361380013,-8.216056683671635,-19.94769660232112,-0.303902400372702,2.0078275039626003,-0.1085658558485747,8.935281934822758,-2.2989518224698857,40.07983518089884,1.5842997313388896,-1.215781194077703,0,-2.3321675697018485,-3.7442846485268966,-0.292454487425875,-3.52186438541624,2.158357166717373,-1.2551324388931029,-1.5610073071078645,-2.719574280849013,-3.2365284502032132,-0.6321764528989817,-3.48171365530337,2.100178958373111,6.862036263493909,-3.0653249610690825,-0.3791561392497922,1.3206960432848192,-0.609757986811843,0.5054488379732547,0.7002946501740048,-0.28740453563358415,3.3324600844734045,-2.543395721118269,-7.4890016457284325,-0.7863736460214099,-12.79872058306255,5.358424613410673,2.5233384004193837,-10.46908193878795,1.709640230769871,11.222903881344415,-9.135415589453189,-6.958086114031481,8.681254647391334,1.7076745329975829,1.1048485046121215,0.6199952336115366,-4.727545371379005,-14.105988130702496,-0.3791561392498366,-0.28740453563411705,2.4805534436831422,-17.600232536317286,-14.68095625918222,-0.06114455144157205,-4.246980996246297,0.7002946501742713,-0.7808182447812229,13.049203588560188,-1.6320712225584622,-2.0619287202735315,-2.6478878546755347,-4.104447551078483,-1.4784235942348998,-1.5933783240908217,-0.4590101995874285,3.5350587285689627,-1.880406852904315
2015-05-01,8.273493056030201,8.346916193392495,7.988570947869356,9.55321682935476,-1.3441334571362873,7.640189516179685,-3.4238025433902974,-5.011626573443328,9.118013144708648,-1.3378125946176045,19.953757348612832,11.103543968385088,4.928943184691992,0,2.115867645088887,-1.6681316139494307,4.879398520000233,-3.052990839360703,-1.7953803616621578,-3.4048317733216926,-3.0956041445924676,-4.616204176316252,-3.6855092389154187,-8.932014525499426,0.41393643222483734,-6.843716155322843,2.0619287203355485,-6.511175130517355,3.3886109448912016,0.8979652175135744,1.9682694458424965,0.6257069172752594,-1.0320524397386066,3.40844889800076,1.6049043974843025,7.847161544149528,-3.227881795732479,0,1.9048194970694432,0.6251322712548912,-0.8362752733685141,14.271821497711867,4.0970739930449085,-0.6794884467156592,-0.6137324193273841,5.167144984823402,3.0742077195270667,-0.025025442663917374,-0.9503974769974555,2.9663958367297294,1.1093495729475933,8.435552997203999,3.3886109448912016,3.4084488980014704,-3.7576523644041515,-15.814609228370813,2.266796571175611,3.15256824381116,-4.351159003048366,-1.0320524397381625,-5.32795095320262,8.500409801648123,4.44591379907715,-4.255961441879563,-3.4904851270604276,-1.8220618296595603,2.7864631468541097,9.678859616703871,2.9297001330291117,9.44372461464047,-0.8567185247144948
2015-06-01,-1.9384625933720478,-3.499174962250251,-3.04478768928389,-2.464681157463766,-0.2587334163655086,4.531112807175575,0.8044286717264315,3.0259324558328027,3.763400608609735,1.3378125946176045,4.392307180085986,5.51983517132506,-0.7359559370793356,1.5524091775586335,1.2200313808890861,0.8413757822709478,0.391524264872789,0.22764910493675572,-6.357280401764065,0.2553494708193327,1.709443335930061,-1.3210231736806577,-2.593057992100256,-2.214112587721356,2.4482691722523766,-1.3124972542938984,-2.960138351856356,-13.97063420304221,0.42899341866222684,0.6076583413430647,-6.82435271281705,-1.4204610864803513,-2.429467981557387,0.6255461664920858,-0.7024338502924887,-0.8189606812066486,7.3267282738928685,0,8.583143584978092,0.20751200640045653,-6.6644163570270365,3.791229280418129,-7.6187556360169495,-8.4986005819073,-4.7866939580453405,-5.211500822260362,-9.159240825593695,-1.4394420284631337,-4.628453702352964,-4.60759753132618,1.8714521781946658,-3.712452959336865,0.42899341866222684,0.6255461664919082,-2.8375887587308135,-1.5953903057935648,-1.4174183620689007,-4.590638670595837,2.0792200631985835,-2.4294679815568543,-1.5873349156290573,0.890238515683972,-1.5040335831808527,-0.8185584586439809,-2.7753328854839054,-5.077589844177766,-4.428768296346779,2.093916273044405,8.920499928523995,1.2906903687060378,-0.5714301263438415
2015-07-01,-12.062798778866934,-10.957571086813367,-9.377364640590624,2.1718241833412977,0.40882759493201526,2.6336270440973086,-3.380226974296896,-3.5297118588285104,3.27409041198079,0.9917436657346013,5.198354817543882,3.7388935729130823,-1.8503411125528224,1.6734999979310494,-3.7394952443442264,3.6098482725759773,-4.660278646396243,5.06095981882595,4.15938972988652,7.440140878784884,0.7944431058535706,4.167269640056759,-6.139111514714557,1.6284593764500601,1.954242891244401,4.56775755806873,-9.90452165533533,-11.776305503758344,-1.8814976416415385,-0.36415172751299574,2.9262665268237953,-1.4076114614260504,0.28325191924114534,0.038565368777288,0,-10.486724333410324,1.7507741900004703,0,-1.7467693040390309,0,-2.899311347078193,-17.852866311719275,-6.66797877166605,-3.700311371979481,0.043734386310312345,-11.665250614800549,-3.9885074151151834,-4.6063879630762194,-7.586724378271903,-6.568796324531601,2.3744336969257596,1.5817257240322569,-1.8814976416415163,0.03856536877719918,0,3.2753707029149925,1.4919514494605934,-7.1479312105013015,1.1583691559513554,0.2832519192394578,1.5188075039529458,-16.11427374001093,-4.739104456339316,2.969178980740317,3.6331544493963364,-5.080820902632155,-1.3431492565321945,-8.555940236504261,-3.852102095603893,-1.1445170291263906,-0.9269187525797307
2015-08-01,-17.338114842302144,-17.30927503563331,-17.49885094271626,-2.3959665713866984,-5.343380943660003,-5.311540129990444,1.5865701976761182,-1.5500599535970716,-4.538091927159926,-4.370443423472903,-2.1096701568807052,-6.783552483769806,-6.6203188007992075,0.22653975750595023,-12.286578390532199,-6.907734967578971,-3.2407523159636575,-5.355968184321469,-11.362502550774956,-9.945950410732607,-19.426199716587256,-4.968342014664628,-9.36356050339926,2.0349539415279767,6.326125020286738,2.557756072249462,-12.875620004672806,-16.54533002638332,1.2014055348634978,-0.6914812990583941,-10.943914325834058,0.969032777463319,0.1784555957063283,0.22466870829775942,-0.7352464279555937,-12.541482353208899,0,-0.31628914085084503,-3.268703809083817,0,-5.734356633293114,7.002307170397826,-6.227416959661625,-3.429593269040776,0.6101496341099022,-9.430307304909036,-10.146499567333844,-0.9242177048154332,-2.525505832732833,-0.7468195009419087,0.7216079804543085,-1.2768990697072269,1.2014055348634756,0.2246687082975818,0,3.322325962328687,-3.150237259917965,1.7602744599999554,-9.880855798589305,0.17845559570659475,-2.847596936646468,-17.192393351104627,-5.102062908252147,-3.794493156412315,-3.221713162891948,-16.696936402940477,1.5644163757007612,-10.062328528209418,-7.220091270644957,-2.4988332086914866,-1.64748372035044
2015-09-01,1.2830446750295543,0.5306178214437463,-2.2920570708505394,-4.323018806771306,-1.0620601474032876,3.8727796788010638,-7.110262978409709,-5.118285884191742,-6.187429091278118,-9.359344118527046,-7.615886302923414,-2.1523349792563984,1.843648817087029,0.5644714128385964,-0.3131039797261259,-3.025945420927467,-1.094762889026768,-3.0016326679450422,-0.8333381559084252,1.8448184853514071,-5.556985115481083,-4.384263786417719,-3.9629794770767113,-1.085001602406578,-7.995252414872001,-3.952971977347741,-7.237836664806407,-16.954546750981294,0.8226819179438571,-1.1907346600714352,3.082435820037488,-0.7790771542460107,2.4824552770887465,-1.5703576443588219,-4.383171737624908,-7.322175071549614,2.4491020008295727,0.05278437705031891,1.7148434663059042,0,2.6434661285835936,1.3434884769084832,1.739123831237066,-1.14232982082898,1.8916131172650452,-4.413823400779471,-4.956412428395751,0.6099809344416229,-2.024211009583521,-1.2866029083118846,-1.5360394746228856,-2.5517267709263436,0.8226819179438571,-1.5703576443589995,0,4.882046539307572,-2.017581986254502,0.3996070520880579,3.19888707265239,2.4824552770912334,3.7004420944251493,5.86738305780572,-6.844776381469098,-4.231943187891218,-4.746653723892358,8.366329004418915,0.5351505909571785,-5.852921597372745,2.377427167889845,0.23108233796431676,-4.1112366842095405
2015-10-01,1.4515288278701188,1.8456899777316238,0.863004277421453,-13.359078097848398,-4.092036324680759,-2.5051535602493624,4.743708325906604,1.558346607376937,2.864176531382512,5.862484334752372,-2.1461319824637615,4.3365091707612935,4.871816176207577,0,6.015549349338567,2.27600484257211,3.1293118429446487,-0.47381401131518786,7.261253296370729,3.42303146781493,2.197890671877545,4.384263786417719,0.008510276163598007,-1.8349138668196456,4.486672601289604,-7.849616484938937,-5.024904419363397,-0.7063601518750406,0.071218733536349,3.3708775281930725,15.9436612365772,-0.5935912837140123,0.12492194004556367,-0.11078889334186215,0.42099212936964614,-1.4210096265361016,-0.40404095370050186,0.2635047638005261,-10.859716730699986,0,-4.708395826193623,-6.962018472501308,-0.022236407608389186,2.10678814101648,2.184358138145548,3.745603090991345,0.23863657585412312,3.019467397910791,1.2909121259678358,6.958930375535077,-0.997953688713693,-6.060293948428175,0.07121873353641561,-0.11078889334186215,0,-1.9547356514052705,-8.07536469695238,3.241323104424243,6.179281047197094,0.12492194004298796,0,1.6366977464205235,-2.5028402710104203,4.231943187891218,2.54240523401581,7.01027273196333,2.0954775767938707,0.2498288763648493,4.7376681385417285,6.973299136664846,4.776411363655697
2015-11-01,-8.539288325391725,-8.000807264019638,-9.763296130290122,-10.833082914761604,-9.134268600781015,4.987172860449807,-3.4993445318916017,-1.2643008184455073,-1.4364387572501025,3.8399132934535896,-1.8886244313418787,-5.879373718067948,-3.036331746441956,0.9398952985275599,-4.5731250892975694,-2.137321765510425,-2.1705688145505775,-6.115974135460878,1.1605546120307508,-3.1002821250457835,-4.835547605130763,-1.3495481474884663,2.5126316584859865,0,15.025427334984737,-5.0050456286521605,0.431655346204346,10.081857105626879,-4.5329930049685885,2.5237932589862844,4.498298768215014,-0.9376390767121379,-2.1108963210239473,-0.8644454616341335,0.2748645491813917,-7.092625909780817,0,-3.6445619920456807,5.056984073810522,0,-3.257245848885315,-12.538907208852867,-8.31529947132239,-6.098113058547483,-6.87450328333945,-10.97661517176256,-8.532677614654194,-6.486694829368389,-9.858092089188819,-8.999957325578611,-9.882667993367278,-3.3545729532165502,-4.5329930049685885,-0.8644454616336894,3.3705893409858856,-6.03394046244774,-9.54058394687367,-0.16127496262887675,-1.4312348620522108,-2.1108963210247467,2.150620522096247,-7.878087785311427,6.24659297822352,-0.8321823337492873,-0.8239227586057218,-8.383995079404016,-8.861707474777555,-6.776329013658539,-1.1822981541798505,-4.940183842827928,3.2214966639000586
2015-12-01,-16.4512929949058,-16.349936070102487,-19.413909640040437,-7.73827907097977,-7.707918111348144,-0.4529948147372176,0.45846897997425806,-3.055758811439868,-0.44336062657646114,1.022155407153802,-1.5834732874516977,-0.9317688677364933,7.11037935682608,2.299353886408806,-0.13655922292636902,0.11406535551401475,5.139640453333616,-3.5479538549380685,0,-1.3381077642817374,0.3903713480474025,-1.368010390408081,6.622278661313619,0,0.11705168739277183,-5.841446478818368,7.1790841746855625,2.6204345541460228,1.2400677139533078,0.582412828598855,0.6166514915664001,-0.48822959202539096,0.70417059987955,-1.4308670195561035,1.676136941284212,2.3494767778196173,0,-1.7621601349818938,0.14214643473771105,0,1.9770701543455615,-14.586245896715644,-3.4132905094205412,5.308425616057377,-0.36416819413016555,-5.979236328073512,-3.5695345683385504,-0.9897499142494937,-2.9090543161711224,-2.2744953355866127,-11.95348133434786,-0.4967530276159593,1.2400677139532412,-1.4308670195559259,1.0746466775477082,-4.683526631276758,-7.3793727912601526,1.2179142437417134,-5.780043158339154,0.7041705998818593,2.1053409197831385,-13.708403234995314,-8.95711490319071,-0.8391657636248162,-1.6518380210940542,7.425738367634427,1.436050992045204,0.008612893506895758,2.631341035435142,-1.881583231415096,4.8007451700847525
2016-01-01,-20.548235014533887,-20.26757677857276,-25.291808001544112,16.793382431698433,-14.662826313978595,-12.503582154228798,-2.4721201724988706,-5.937193803402269,-9.589638434345925,-3.4486176071169217,-16.19677067135912,-10.591132812121518,0.1737619898540821,-6.141070277655025,0.6972899680954825,1.2569282134591298,-3.9519569351337935,-0.5542150723845118,-0.7722046093937784,-1.7977903395248518,-2.8987536873252395,1.6393809775676615,2.113431207397287,11.200505837649494,-10.389356756592422,-4.502673443151584,6.365454716625962,5.740612253579069,-0.0920132563998699,-0.27137058715962503,-4.113511275341075,-1.2329550407864431,2.8757972621439087,-3.898054984107624,-2.3574471073359584,-2.5842471750669227,-0.731413256592095,-7.496303847345498,-12.116231855206205,0,-1.0811642097347196,3.3506411889842713,-3.667340337419134,-3.602176628748932,-6.202809974944579,-2.3294584339881297,-0.48750978235769793,2.0399575661474323,-0.5329241157469689,-0.14876211435401743,-4.043980456719876,-6.304566932249411,-0.0920132563998699,-3.89805498410869,0,-7.759007009898866,0.9419730812588512,-2.498878015177386,-0.1321472197208351,2.8757972621439976,-2.1053409197831385,-16.585830634973362,0.653997834800002,1.3947227480850088,1.6381848391987752,5.2820583728735215,-0.4606573249662932,-6.972520399862677,-4.942683231473222,-1.438744659777047,-1.6551314772106807
2016-02-01,4.111745120442611,7.503518594291414,8.855339734144518,-15.020140092182144,-10.28346503320099,-1.228548079820957,1.8242571965175314,-0.9008464282413142,-8.180272466814486,-0.7042282625412843,-17.74659945041185,-9.329201564808775,5.647386245847752,-3.1857345980980334,10.474393989065423,0.1794250846233858,4.152878108574765,-3.998895872519359,-3.149866705940063,-0.8421050709127798,0,3.9845908547199826,-3.285319618718674,1.3158084577510998,-0.2140019146861849,6.136677924495637,-4.641062705778387,3.1090587070031095,2.140239245209563,-1.0144449071772366,-5.636325173146695,-1.28973427307848,2.969665529463583,-0.7031251773959468,-3.2222710934068366,2.8603052436661085,-6.835220050781654,-15.427543810825117,-19.79426662527919,0,3.330587095103077,11.17156371931145,2.7967482590948833,7.010592775048874,12.266677502994305,-2.484866740736713,11.745849844797629,8.849643078288416,7.227307474213696,7.252177628327239,-0.34449794836017844,2.518009960451728,2.1402392452095853,-0.7031251773947034,-0.276479670557217,1.8811497770737429,-11.286940470738438,0.8895325030783496,-1.733996646726954,2.969665529462784,-2.150620522096247,-3.7142974606190204,2.494597271830745,3.5377839081651707,3.01003129742643,9.704133591745823,8.420367572397442,1.2298246046160672,-0.1883131165052454,1.4398580161568475,-1.318567045898611
2016-03-01,18.511065965328743,16.28050331445361,17.60874759636377,-13.98871290375775,-1.4774124561828028,5.248379234060829,6.42422687283537,2.085079548019053,-1.665812735275829,1.4035318116383477,1.1931013942286572,-7.426307102956587,16.700296664585235,-1.2628176326490603,5.273886770969138,1.9133507164155183,-0.2126758149052499,-1.2951209948533382,-1.6129381929854247,-0.3383429378841285,-2.71019297777908,0,2.1380795024950494,-4.000533461369918,-1.3634999215377142,4.311349474488813,4.862810274941576,-1.2320484388040676,0.11706966981623879,3.1650654292735947,15.070240054834215,-2.1788360317472666,1.6336214341825084,-0.6518333925845887,-1.6814756539577924,13.719708227633529,0,1.7316450011461093,5.018518880859624,0,-0.016327756896306056,18.23927337041953,7.439870034913554,2.042706272278938,7.925089691308429,4.92290456311526,5.23194659417614,3.7343170096250766,5.128622414990591,1.9457391067773333,3.6518268234038587,3.7865569717976832,0.11706966981623879,-0.6518333925854769,-2.6653994301978123,-10.134224419152016,-8.481202719193615,-4.630052454158751,0.664673803988336,1.6336214341834854,0,21.740152979566354,4.3544294043087906,0.26702285558783956,-0.6593313617702101,20.430266627962546,0.8798429400232886,15.764984763070078,-1.7618523958032206,-4.439154226063025,0.019435536551348775
2016-04-01,8.73907015732951,7.824944473620343,10.410902223547991,11.269676446712296,1.520153791067691,0.16189807860691463,-2.104530386087311,5.88178240288737,9.270463311077448,4.096135763106523,35.154095335959326,-8.612340889813307,9.304954079575989,1.0439426231682702,7.925269723333184,3.6519500616207345,3.657427410043912,8.138921400671428,-0.407332538760663,3.2611850170453316,1.0929070532189833,2.8243212313395105,-1.9418085857101808,-1.9231361927887491,4.556061377544202,-1.7590263588142196,4.1645919874431225,-1.3520746795846694,1.9959675357620554,5.829758237020355,-1.3694377689559722,1.203428456087785,3.020454331827249,0.6378600815858171,5.671699518114536,15.907277308767142,-0.3280484079161816,1.2793351459909452,-2.7639950487540865,0,2.593110378927932,8.064477112731527,-1.6498551619910984,-3.956990489339507,0.7964012949928545,1.8369349174701455,2.935902377563515,-0.23156720165324884,2.6975212521867853,5.625992503756816,-2.280899030900496,-2.954539493820274,1.9959675357620554,0.6378600815857283,0,-12.538564711609634,4.680653514461497,2.107750986936896,1.6063985118435653,3.0204543318260946,1.1240931161367484,8.108084400688709,-0.4193677514810812,2.891134349442037,2.275852086377128,7.0517123619284305,0.04678239726324182,14.824535961461496,5.36715097882432,1.931892672866642,2.954262986557943
2016-05-01,11.98077965321449,10.930538713245674,11.846586258629399,0.9041794685723747,8.659587952587188,0.6527294607008738,0.6270018278718759,4.570901088037527,1.4601002686765008,2.965620958288806,-3.137431582685979,4.602500341089666,-9.373010110369595,0.6362951145930218,-2.824018812441942,6.706765050523256,0.1899646431986035,19.716411209961127,-0.4089985251583883,2.7257237761324937,-2.3368761007829697,9.185196310136767,-8.594242980072497,-0.8356594590941467,6.7479944580601465,1.9665179697860191,6.107160627834651,-0.5249355886143725,-0.22964150703024266,-2.320626255893332,11.053423950070018,1.1898302985633435,0.57663424617731,1.5323579437615642,1.4330999064716687,-4.718959499669095,-3.227881795732479,0,1.0769822184055755,0,-1.3197452157159617,-9.986749542536888,-3.7256275925884097,-1.422669464492099,-1.9310812446365233,-2.491803292245187,0.7335442622813382,1.4933103748748344,4.105894328109372,3.5251495836633673,-5.280729921876581,1.2157012469615314,-0.22964150703019826,1.5323579437614754,0,-8.49896414392617,3.250611995032937,1.7801313053992907,-1.5212047877913193,0.5766342461775764,-7.5779452298938565,13.179037598108234,3.5466706315594454,7.244115076586688,7.736558262669924,-6.4217825353255265,-1.151275122475897,-9.160216309736501,-0.3618119305401457,0.5748614254349249,1.6865068119739313
2016-06-01,3.7388197793181366,2.82416008254196,4.188627438984671,28.9215755280123,9.396731391644941,0.7119619234173147,6.401886168408777,2.3666260252112825,2.804538240109822,-3.9740328649514156,5.758955948336164,8.469178103005515,7.263564383419219,3.205624417428865,-4.790260722096029,7.9250498598189445,0.5352399102467764,10.373933696958115,-3.3336420267531253,6.261143773931543,5.018001845848641,1.8307147444356353,0.6389798098771493,0.8356594590941467,13.666101504506024,1.553355726803285,4.7024282395433215,0,-0.674299422975766,1.4928367530447961,13.40456636566848,2.7312015103223786,3.2370719666999115,-2.2124180541070793,5.292826898314468,-8.605736210493697,0,-3.448617607116944,-32.99403706643336,0,2.7277830384781154,-5.88350033882481,-1.12612861896082,0.29059504687527493,1.542720961936439,3.0476469917477544,8.073760256933582,1.2178210295872738,-5.121911519803124,1.9806098319211873,-2.2173857494322213,2.9572047362373066,-0.6742994229758104,-2.212418054106724,-0.6806675329777745,2.0979678125481183,18.770239417324277,1.0808838370985008,-1.5054005798486259,3.2370719667002668,-0.4175371410481077,4.231884073152115,7.714538992455688,1.6726793805314166,2.950866174270139,9.32148196424576,1.4293992892666,-7.187351132693317,-1.51465933591588,-2.385783058436086,-1.293748122381455
2016-07-01,-7.758754798945544,-7.293450505850219,-7.261527185056149,8.270655842104258,-1.7175149902979525,-2.295434598953827,3.7429119202904593,5.523014732295605,4.587801858692853,7.1691928456116605,4.846431997225043,1.0330670387879493,-2.1516035942953593,3.5606714135925976,-5.733698570781787,-5.926459386004979,-0.40586809902158905,-6.134377800189572,-1.2793351459909452,-10.613900979761759,-13.807685499619726,0.2265006630851829,-13.141050105538543,1.5824203606273222,10.024169664417409,3.602425239681706,-9.354429803125285,0,-1.4888167376784,1.7198560786864825,0.7682496172016329,0.9648483793592177,1.3074576667598592,-7.7343808719261276,8.977408889812132,6.401978383291102,0,-1.4134510934905364,23.82782230835865,-6.509146558074441,2.205789247621137,9.674327045662512,4.690731534234871,6.881809058060018,4.941895799425211,13.929994595551243,7.465741003339943,4.613034968480623,9.98685996081523,14.543526820220443,-0.4658203168351527,14.734285847323658,-1.4888167376783557,-7.734380871926394,-2.580939868165788,5.401718004347322,4.283027619861901,-1.5838757896316835,-11.609967816386746,1.307457666760925,10.536051565782856,-8.695543449849596,6.284097256599797,0.47281411959456676,-2.107384897713338,-3.598800401035529,-1.4822206130977247,1.3748890812582903,-3.2859980381352294,-3.233423453674611,-2.9673989028861314
2016-08-01,1.6853700300365482,2.346341604305069,2.59393885781507,0.12188128838876988,-14.407613370391005,-0.5750968999373773,-2.487602484486229,1.0623833561194562,0.1010374378175527,8.438739227754732,-5.6698778515743005,-5.167201054432091,3.8839833316264283,1.2379167832902382,12.833106526395976,-4.485780212466484,3.423956844084941,-9.8338173967365,-11.350037386444889,-7.445062675655745,5.034371687815753,-6.303136184699998,-1.709443335929972,3.2899912546226324,-0.8839169253845647,-0.37889646450497416,-11.918851726511825,3.4553970383252253,1.2749319756309996,1.3759257462990893,2.6681673415228535,0.6797483325970077,2.775926963430031,-0.31210774012997433,-0.9918256361391764,-2.6264585629910018,-0.6810469002527242,0.08892841848844313,2.859282599384283,-31.337813818540816,0.6260098220471022,6.146665795051387,-2.3550025237605965,0.03977865682331938,3.3147097588750896,0.7100426212488742,4.298358651702117,0.2622506480935094,3.091933149647552,-2.0466112660045166,4.12806049387493,9.569606816864251,1.2749319756309774,-0.31210774012961906,-4.494849360120012,5.493058269799067,-4.522615774872651,3.0800880062662017,-4.442066964963587,2.7759269634264783,16.478159785746538,0.1341681775504533,6.138802739621152,-5.079689328527515,-5.942586228421831,9.861689826398212,-2.9586460704026583,1.2175884262871666,6.270701282539726,-0.3018262162310492,-3.980611000874479
2016-09-01,0.37070030587029734,0.1083071696906579,0,6.168407670703857,4.967209582608811,-5.1180660970415515,5.096496067816103,5.396974001383703,0.5561453342877387,3.9665256392431347,-4.545460329324557,0.8620743043907031,-1.124392909546934,0,3.4206296292326854,-2.118505121536707,1.5394826287709051,-7.999045588259435,-6.453852113753644,-1.15766755762845,-4.882626590412453,-7.763596764297098,0.9804000096620413,-4.319159858277392,9.101972926076977,-2.9071661423522466,-2.1322769470776493,9.16612505215575,0.02676062635835752,-2.0889412447582245,6.723607172457147,1.367142510864916,-0.6399234242034701,0.25128511223799777,-3.0359022656461065,1.331390081910061,-0.6857169726137258,2.0238262240991567,0.5621752190373641,0,-2.9039928534665194,-5.225320729079641,-0.6221342503796023,5.929056310472269,5.657178416611863,-1.4050466507981696,0.5761863931997624,-1.016965543954651,-6.91489038082489,-1.1811969709197179,0.6073091444720902,7.611981091109765,0.026760626358335315,0.25128511223835304,1.0697157039655014,5.466756866143352,5.712746047312134,-0.20735904257511706,-1.0854797523588644,-0.6399234242031149,-1.0033367967611895,1.0005642117321134,2.9555875273780785,-6.404236632709459,-7.515557156624553,1.4060966224247018,0.8131023784731004,4.550691002926882,3.8549132676161335,4.172578300572383,-1.3706585294047002
2016-10-01,9.016385601844279,7.3845048284133075,9.834004494826365,-0.6657566706834039,22.686074626732665,-6.075673741582399,1.4975227778049716,6.75467396369519,3.436017475681008,7.49013081731178,-2.1243584412449223,2.7097339558172173,-5.532331517664435,0,-6.218079222731809,-0.4122181153740634,2.8321498213268903,-1.6906133347173835,2.5317807984326812,2.5506109176580694,2.2489703490441215,-3.9845908547199826,0.7290433262679308,-3.152625364677396,1.3253838773407314,-1.995253949074649,-7.145896398018969,3.393247839482294,-1.6456465978532009,2.1940016641573523,3.1545472835212363,-1.033834106682896,-1.828133371093621,-6.293259151917496,0.8441027225950637,5.257688556848411,0,-0.6993035490970634,0.10672359604226855,0,4.514832542175906,2.2245955027896613,0.1916759107002619,3.8699433772969805,3.031802481311452,0.6645985251390485,0.8336621685418599,-4.633014758902476,-8.737014102099927,-9.203508178305908,-3.1748698314579826,25.8803731713094,-1.6456465978532009,-6.293259151918118,5.183384139519509,1.488558770863202,7.811182399153349,-3.228283701185397,4.230500150193794,-1.8281333710915781,0,9.872349503476041,20.396475983250806,-3.499684203709652,-4.2989406773798144,-8.124680382444893,-1.269537847235873,8.395005601882966,7.31592326107906,0.8362474181115687,-1.8671764030807836
2016-11-01,-8.536520519486235,-6.844721589695668,-9.765440899408162,-16.48832800436556,6.463911886908447,-8.977295406811736,2.842540176716657,0.06751217886749039,4.934391071542232,3.295608768329572,0.9275755339107183,11.285118738698397,5.276448646915988,0,2.2655714905728708,-1.0279844912512104,2.731549777846798,-1.3576883377901972,0,-0.3003782878955974,-3.010009029785543,-1.0899290458035615,-0.7290433262679308,-1.0733555643108703,6.640925494237053,6.2864537520660235,10.097591734000222,1.6367559841299784,-2.01490468899439,0.6628316610164331,-9.333193979221921,-0.5672358193534066,-4.170809247279195,0.6538872945194285,0.5081311746154338,12.08884619352868,-5.661889399950759,0,8.923113372794322,0,4.185729489660783,21.27666613981498,14.159468451153323,7.427307947385486,4.980089485002459,8.131872868769996,10.452954103263767,-2.251682019787804,-0.4179123034966814,-1.4146605209777618,-3.947881097378758,9.347487380739494,-2.0149046889943456,0.6538872945189844,1.2036733272728029,-0.7907695320668484,-5.880955679557065,-1.9113205194964955,1.752778672559252,-4.170809247278129,0.8761505668572589,-9.057097659715474,6.200667568395435,-2.216157180285272,-2.9908391777542676,12.79881082961607,-4.417043526304511,11.623172539203841,0.44968423299973637,0,0.4774694342120078
2016-12-01,15.067263540675535,15.211834656422285,16.80553231205879,35.9214800260799,-4.852725385877754,-7.680580112378454,-12.935033135923412,-1.8193817997648631,-1.7802510656508508,-2.525386732120327,-2.2613996252999202,-0.24906613136987943,10.601434683565802,0.43867354404527603,5.634096917847664,4.500470701400694,3.50683338983222,-0.29455102297566427,0,0.42440931154796857,5.932057684444381,2.168106606132447,-6.031979023352285,0,-5.489926051112118,-3.6827436132615743,5.882768879208977,5.526457609484314,-2.4253260511990282,1.6552102028731808,-9.043079902023132,0.6899684431839859,-7.047052229143702,0.4335614981050284,0.7322340505871661,17.39470178350395,-5.4876610225834455,-2.6668247082161756,6.033763659420366,0,-0.5408616731928717,9.044823667335589,3.7699491439802557,1.332921825823874,0.3697579763631609,-1.417504611271525,3.770655503834952,-6.763829902204588,-3.9246678270404622,-5.7641770984369955,-0.46247717494773966,-15.985514654583266,-2.4253260511990504,0.43356149810573896,1.851456239403948,-0.010992898093853398,17.3325282593912,-2.5293042159651336,-3.719048551026116,-7.047052229145745,2.2987192646007237,13.21864025091899,-10.592152549021261,1.9418085857101808,4.274364295109834,9.662222634951423,-3.0969097254908955,15.050932315338727,1.3166269959763888,0,0.8836581800498067
2017-01-01,1.8266207894612307,1.5051679167884302,3.0244816022461762,-9.389290330423329,12.479121332236897,-4.510052866528291,4.135096820008255,6.158866649115002,2.101810606907706,1.0178204915756162,-9.916796368050097,13.05031212639034,5.162210769865272,-0.8036093862456184,1.6646884621357216,-0.9830165986826955,-4.4444324852428,4.154655286626063,0,4.826863381044877,1.9957896936336539,1.0666767804194954,7.7248852333971385,4.570215348085553,-14.136440441102344,-1.6633069373920506,4.086708933005911,1.557354205624284,0.6330630109360413,0.6816658979097723,9.486758224122182,-0.1461758971625926,0.8476826124706349,-1.2495627942469056,3.497853965004838,13.917581024419956,-0.6430890330290318,-2.739897418811399,7.090455243618443,0,3.6093921352798652,0.4861943130968882,1.6506856235629641,1.4724710506058614,-2.4469346068920927,-9.564416829540079,1.8585525330336417,2.957490840262089,5.58696879534466,2.8201304936088523,3.7631068217646835,-5.144257262753893,0.6330630109360413,-1.249562794246195,0.209086687304616,5.764955639182423,-0.22317524136656886,-1.8314010890902566,7.43391848981565,0.8476826124738324,2.6909665306857455,0.9567619864786714,7.562998149948363,1.3642776403786527,0.41952393544884004,4.163130191083031,0.20043320032183953,11.468927380935867,-4.350445802070713,0,-1.3135750826794634
2017-02-01,1.4143459059834829,1.087164177601263,1.487845932395393,-14.406615049555382,-1.5212841825742895,-7.572375375829809,-1.3494353325403496,-1.7038725136672483,-2.7977764801094374,0.5050515786068521,-14.370009347584567,0.4585661491319337,-7.439647953613893,-4.870962279125557,-2.006666215031405,-4.332512473837369,-4.341035216882361,0.6848881938545048,0,1.7779438425646887,0.562985301207064,-2.688333939344023,1.191909223720966,5.026183478088817,-3.52954107243887,3.6495166357009667,0.056802046400872275,1.7113937372251087,0.2257974428158338,3.8318864302136713,-0.19694738025319847,-0.7036417234974834,1.8587243866768688,1.2816038070170066,3.3678845798362667,5.7160585333664855,-1.9544596072970322,3.189336377595353,-19.74080498273345,37.84696037661526,3.807151480687132,10.642946284673105,3.1869736299341866,3.025183922134378,-6.207144064957326,6.5203573632242495,4.7038084663483914,3.4706529163010202,3.6875381476814795,5.9210632843996525,5.67975983931337,-4.582073279766785,0.2257974428157894,1.281603807016829,-1.9845200075683245,4.530208556366189,-7.69725910529333,-3.3950407885204648,4.172236793138406,1.85872438667527,0.598095888711736,1.6807118316381153,-3.3985280227764925,-2.1918685707646546,-2.032255676611161,-10.347108418375672,-0.22526929935889617,3.2128719054124955,-1.862732308629944,0,-0.3601783947060788
2017-03-01,-6.557753326967886,-6.55361953174598,-5.716927295916552,2.2484662297197255,-19.06930873798336,1.4505315479801717,-3.798312640931867,0.22511968985811093,-2.939995416441965,1.0025146619378589,-9.030674010163109,-4.597550160020303,-9.035932802217772,2.833223202271906,-3.7690861601426207,-2.7885203489535826,-2.9811097047574897,-3.513911844519413,1.980262729614335,-2.4197787250897385,-3.8631413140437054,0.8141157583699155,-0.4750602758597289,1.2987195526811226,2.0476947383395743,2.798248618569432,9.096211703997003,0.9969531037490764,0.4313585083165261,-2.1143833601353856,-11.532179887369287,-0.11881284439301254,0.008849949119227318,-1.1843038723155175,1.8961773261507386,-14.22549879987951,2.597548640326064,3.264515736161755,15.256729571216177,-37.84696037661526,2.1647638985691664,-2.021639803954578,-1.976684217301461,-1.3317794095635271,2.1807160792446822,-4.208610749743791,-2.442837521934571,-0.2255011865609724,-4.543790987734209,-1.6983874667664267,-0.11509688590765066,1.1437220645773571,0.4313585083165705,-1.1843038723156063,0.3860093507365381,-2.0288140186097703,-6.504195968329718,-3.403251034309207,-2.497380759994705,0.008849949120293132,-0.7405642683957048,-7.422321935910459,-5.520423105735084,0.8275909303860018,2.73780498192453,-24.217931664377,2.1225902453800933,-12.730016732686245,-3.1436636457404354,-4.430025889657951,2.42168263883622
2017-04-01,2.445141220999192,1.9247854823573274,2.4902358131664304,6.518766105001195,0.19914074018807515,-5.101280878864712,-3.0108438121619896,-2.9958019930128144,5.409431631214279,0.9925639799970076,25.41928981899644,-1.7256683623312563,3.0224738645036275,1.5898901755162953,-3.4809754581890395,0.9747976973356387,-2.5980653086934424,-4.247524098191491,0.4889985294155963,-1.6001939112125996,-0.8791265411169924,2.6668247082161756,7.3427468554816855,-0.32310205814464266,-8.124443236157552,1.4653199065950862,1.6100526688386685,0,0.24299077376614964,-4.193558038143491,-9.387315971510656,-3.26125982574208,2.5728638946754145,2.346829903694392,0.2991602737427823,-6.152141484376495,-1.9418085857101808,-1.0471299867295336,-7.247447654053207,0,1.0333129671088237,-22.171844062695722,-2.445786128512495,-2.679693743521927,0.17654668895659142,-6.01151804861999,-6.0094490976911,2.838920989640936,-0.21105060050716773,2.254469642651191,-3.9143940668502353,3.3427603368386904,0.24299077376612743,2.3468299036931484,13.166246240217472,6.082568372932506,4.194283686811051,-0.6215327796595282,-2.4930433816022557,2.572863894673194,-2.548498151001777,2.9413885206293067,-0.27848119263067517,1.3642776403786527,0.02789555920790221,-12.456853189043482,2.267631682605911,-17.262306309414143,-0.9474472793836952,-4.594031885649663,0.31676404336371533
2017-05-01,-4.449242820924937,-4.064112500924999,-4.165647033907893,1.3791544242353515,0.9439023072748132,1.131674282429529,-3.5367143837291337,-5.171004364775367,5.260784328412371,-0.7434978487518284,18.92499339617021,2.322685060981655,7.835351481048125,2.2022494147708294,1.4114215595729007,0.5867534462167256,3.8322273150940056,-0.391276493687176,0,1.3646459055000726,6.550383873304355,10.246158096194957,8.276194796228964,1.923136192788761,-11.53959635807593,4.300107323910773,7.761361453085858,3.660190244454853,3.0972470683340747,-1.0500621511068786,-2.4601486730308153,-2.724584861843482,-1.8890550048406674,2.308487034846962,1.8215439891341112,-5.221080763372088,-3.32256476283197,-3.5718082602079093,-15.094875593897505,0,-0.42772557281347545,-11.758724166663281,-1.4949593610261047,-4.395836717277213,1.4460750634968988,-4.841601258706518,-0.949455080905981,-1.6586662356917081,-3.23330352800415,-7.410370647896691,-1.2452460566531265,-11.691670451435687,3.0972470683340525,2.3084870348483832,1.5813162002216608,3.7371776162578474,1.435995343450358,2.4903489517777544,1.6024389541735573,-1.8890550048419996,-0.435948877745318,-5.14376138699002,-5.8464135697827935,7.816477284933665,9.674683606352907,1.191335119537218,5.106277179879331,-7.77181432371497,0.32354403796448494,-0.33528634321937645,0.10150076996993107
2017-06-01,-7.7629356338301925,-8.146892573317865,-8.004270767353683,-6.062062156841952,-3.4526444583393046,0.7418919788866218,-4.625338451746197,3.5848279672472394,1.2292462792224512,-1.7566323717898902,-0.3360208612764537,6.501672310731199,8.389866547778091,0.6872172224946738,-3.686936633175275,-2.897470723164819,0.9517505392817149,-4.159670041287189,0,-0.41541831609839264,3.1210131535440944,8.423635043180422,4.966263768704238,0.9478743954543665,-4.613067167353546,1.6007941880606724,4.161138244242613,3.872817977122134,1.5891163512880446,-2.097854713115521,-14.444286838196962,-1.4200639572175433,1.1652009575228384,-1.0107378846351267,-4.475948959887532,-19.85218870647527,0,0,6.6285246472513215,0,-1.4601489965814451,-8.260886786282917,2.1238823243848515,0.3673055580432738,-2.717183098099163,-2.4699821697176105,-0.6510971736881643,1.1347526303954858,0.04943578821796635,1.1046554899926786,0.33895601817368615,8.583492603798959,1.5891163512881334,-1.0107378846351267,6.969405256264727,-2.3816982592989255,-4.798283723558061,0.18550024657857378,4.682828013208784,1.165200957525414,-0.04834694362543246,-7.113064827692472,6.238595741120978,7.482379179774412,10.99681901177636,-6.364503108985797,1.819111798867752,-6.122505684351132,0.6416045495921452,-0.08053556583682564,3.4695439361993152
2017-07-01,3.176449241367729,3.7669237093114205,2.5301657983078485,0.6912469920623332,2.3690875816032575,-0.48509813374929545,4.3984145073418635,2.8906261238101583,-0.3626685760119486,-2.3048395436291225,7.565997856697115,-4.949160534090358,-12.864737058712805,2.2886056690626155,-2.0143300711764844,8.026415269462017,0.3176413326684724,3.140995421925563,0,-0.2670761755770634,-0.8048333182828493,-9.378296231538386,6.562804367135122,0,-3.6297161890818606,-0.2642383456025632,-3.6986898736312557,-0.8643869020739992,2.46339543646793,-4.0328045386971825,5.050161418498633,-0.05406427876089026,-1.414400089688428,1.4815085785140347,-0.7936079555291742,1.7182157023899136,0,0.27235604670403646,-5.3776396780803815,0.36253816143165807,0.9328913429402341,16.42397861788014,4.5349542464764525,6.222153425963217,2.831719568218105,6.0771607929671845,7.980593807077785,-1.8758309028101827,-1.2791921967841624,-4.710238013555834,1.1056918991659614,7.596485216170734,2.4633954364678523,1.4815085785127913,1.9169296402733682,-0.27312023201733204,1.2060890537025415,1.6704319602549589,9.566899346458602,-1.4144000896886055,-6.926789855955917,3.223977762683994,3.095529653339746,-7.482379179774412,-10.370854677027275,0.26545258757524337,0.4582362263773565,5.203622873452546,6.677282805648677,-0.17135373611161242,7.726066878104199
2017-08-01,4.686650001384374,5.358067428456703,5.712342127586512,-2.936600661831923,9.026291466779423,-0.0010057478489700067,0.1468919273274194,-0.40103176061538903,1.1899591133134102,6.761022349620194,-2.3156827064374497,-3.0374048506657036,11.531656769568333,0.8799202797384886,-0.3517727812875293,-4.323920967760753,3.078036222781577,-3.186416246640178,2.4097551579096432,-5.893896510388696,3.701678408331599,-5.927660992954031,-16.75491750272684,0,2.836061228526937,-4.207287497805523,-6.770359881292098,-13.710867749157618,2.5737030083651136,-6.252035698133396,-1.724775423069902,-1.8512837967815443,2.3655372931684404,-0.17724352499719487,-5.814523875862254,4.880921922902715,-4.138521616285473,1.70790668291394,6.224826237445402,3.9035115528398556,6.463015049982079,11.597712161958462,8.031257137858283,3.4045896709606893,1.460444645005765,13.745802853134492,6.713431712135609,3.6672522222017,5.689840736855523,4.8341939955461655,2.2065513049751573,11.934390015905816,2.573703008365147,-0.17724352499701723,-5.250903577270005,0.6406391596287975,1.8757819100900797,2.2537459921776914,-15.56663447697737,2.365537293168085,-3.6394816983107425,2.915288838338048,7.258538240744272,-4.616204176316252,-5.505740344398724,12.769597418272483,-0.06593129908564893,1.932932061953957,-3.4393038138955667,2.827245510576759,1.1594482149575036
2017-09-01,5.845904266053914,7.118370844592459,6.580185129481864,2.990614571726624,8.477872452957481,0.48860603970976024,-2.240007299966651,-5.2442059591424,0.5274237515241698,3.333642026759165,-5.537314346406963,2.0783666260063116,-14.188207444654388,-0.3661914255856935,4.932394929878381,0.274522934919208,3.166165929493303,3.540772115073132,0,-0.8145491838543961,-0.06491399124408659,2.2642476749759943,4.2022989774848085,-0.02012781167162886,9.575275560334317,-3.9348844359811785,-3.6195996205230507,-5.7410907213338636,0.9525085712230985,7.071712418551257,0.1390820808343074,-0.8345134741375659,-0.7525991001791965,2.6111939165602394,1.5756234426398619,1.1583350081964872,-4.31721718652085,0.9579636856813067,12.832643617622086,0,3.2223798612847965,-6.153702688891727,1.4015601323242421,1.0976510099570902,1.334172144408896,2.947950646856512,4.465784783325066,2.3896929017443114,-0.8880686205060329,2.7921776676320675,1.5928582347769726,-0.7739346166020233,0.9525085712231096,2.611193916560861,-3.858472359013909,-3.1144337974016167,4.63507942199799,1.4318651916798153,2.411275000207258,-0.7525991001810617,-3.5864932814428485,3.679139661658004,4.909370036845395,1.8205964496572413,2.278829146593697,12.90026965239548,-1.0118405839513331,3.9315233227674327,-0.28485973627727645,0.7936646503304168,-2.167439871739507
2017-10-01,3.6529508852354287,4.363167673128121,3.1435336930905056,-3.4052854333659566,3.545927049777098,4.823477611649807,-4.073386612565577,-0.7997208183313842,0.3823721520334944,-1.8913093306486495,0.6555659459798413,3.3416790636465743,-7.533732494164536,-1.5768506348897482,-0.9939856927243973,0.6502483472999643,-0.99885578835055,3.2217242607208263,0,0.8993488497374358,0.7117467768863683,-2.0101179321087237,-1.6597891409038112,-1.2457118755207248,4.078981380029117,-1.1755136392831433,-6.703792922509299,-1.4283341161950958,-1.3598756795925038,0.5181358741997655,-0.34806857278022463,2.6444451291569138,-1.9944318020995055,-0.8072773857607629,-2.5126950077421717,-12.662081158896415,-6.0624621816435464,0.10587613482426761,14.233951889891383,0,1.655674791755235,-14.848151966228862,3.443507350231023,5.083791589001674,-2.0428318874184725,1.0640605974408857,4.631115894366111,-2.665199895390913,-4.573498741502746,-2.857087828350924,-1.0875121642006214,-0.7284698504948395,-1.3598756795925482,-0.8072773857608517,-3.71078881126623,-3.870882902925654,-0.5773902930193309,-1.9359798113923965,0.06021782421861133,-1.9944318020971963,-4.222056323674739,3.4128965777673326,-0.9037025953339217,-2.3469134540847314,-2.401198878019173,6.013623271784141,-0.45273764998047944,-9.880465045409847,2.7547897074973626,-2.1413673312590475,-1.532627369847095
2017-11-01,8.735525246958442,8.241620035389019,8.614138128473314,4.355866126295105,8.057840656968285,1.4603982672409255,0.13493841044702748,-7.445985217408646,-1.828607517546632,-1.9277705425903235,-0.8031802064170646,-2.583780698955751,4.577827284841884,1.4198803937422788,-2.4302351441805925,-0.675635501536398,0.6982154348948555,-0.6702856757903497,11.672427430817223,0.05561072635869024,-1.953187091724562,2.0101179321087237,2.2751756983415916,-0.3189795368100115,4.357548921521986,1.8752636661837574,-0.7631682932159767,1.8275362431488418,-0.1702272944893557,0.7355678623243267,4.433047694303216,1.7862797277416576,0.08858965852329703,0.1438250124917495,2.276684712489674,-4.267646973611145,0,3.9763233172013024,10.337835445383448,0,-1.6103712212975019,4.099064718050194,0.2779786375029403,-1.4835996414366726,-4.100228742636602,5.460737715158714,-1.0868751614745875,0.18661601958367413,1.4069933731263973,0.21227674696868704,6.492619317188897,-0.4851622419757895,-0.1702272944893224,0.14382501249112778,-8.725516037661318,1.631653688486745,5.716725012898838,0.4687576401290805,-0.760570861952381,0.08858965852081013,-5.065794512264077,9.414580940302875,-0.04375888922245608,1.83011643824047,0.8323441028918133,1.8096407063713293,0.3725367604979532,-1.9615946939078088,7.069811312275842,0.6242743290513886,0.7468255050512518
2017-12-01,2.069646748922338,2.587303179568501,1.3607882742216582,-8.109352759086708,6.426232358075468,-10.401945581099604,-2.500848930170485,-4.181248452858998,-3.2199347172296555,0,-4.598643327894036,-6.5881704684038755,-6.901952566598357,0.5231616667331629,-7.061020525979611,-1.7146158834970393,-2.2327548417020893,2.5296434754260133,10.068860229705212,0.185146053734897,4.37368742774229,0.9901070982711424,2.424361160999311,1.584819224002365,-10.427252146292187,-1.1157859643050383,0.1772526314758327,0.5057814250380321,0.8398064372148184,-1.3279427896739637,-4.154495982160578,0.7696959953081617,-0.08858965852329703,1.374772807281932,6.044171885326277,5.161514467895845,0,4.5556531602366945,-26.58972839516096,0,-0.8123723741137567,11.750625735403553,0.10746360595099702,1.9508398258384574,-0.4157931321357111,-4.064886244310273,-1.0384108897095956,-1.370610731052846,-2.916703701308343,-4.9011075651099745,3.779415943657849,4.224482287934528,0.8398064372148184,1.3747728072829979,4.946070115349466,2.298038575520467,-0.7936026060900936,6.366217559559129,-1.821628579984047,-0.08858965852081013,-2.2578418603122152,2.2516004867188855,4.378073818651895,1.287019052053484,2.5232011579106484,-10.124147929128657,-1.3932484681863464,2.1741491981509933,-6.545138306446141,-1.130011651832774,1.1098834824055714
2018-01-01,7.915390071251238,7.180260475205991,7.238503808373942,33.49120889978232,-6.910539362879264,1.7651271951380165,1.0064161984087994,1.2029196345219373,-0.9606018544971118,1.2092045765028647,-13.15989495192711,5.847176845533397,-3.9941748407945177,-5.2452078425289095,3.512533641289828,0.6116916853262211,0.38096599546619814,4.307119975416818,1.5209418663501673,4.500423639837425,1.8703787140919026,8.49567224759653,4.297536298005777,3.4614086022737927,-2.219777897810732,0.29294637421735104,5.182149016731907,1.0039524984253312,2.9383278314475847,-1.2705701568579086,-2.0373026382311643,0.41938723258567734,1.7598381729019508,2.897261472953705,6.393836449331558,4.179252648905829,0,3.5789107851584845,2.302922728962198,0,6.027650639413551,5.506472032454202,3.3379262720927727,2.9122534909383546,6.078247788551927,11.257939050974208,7.402885103287815,5.151866343031042,8.746321493076437,5.780775447283526,0.8709339148589734,5.4437834273638686,2.9383278314475625,2.897261472952728,-2.8162957089929996,7.734441342816911,14.61028285772974,7.802891916863253,3.3349689980798125,1.7598381728990198,-4.247523393478669,9.430550168772989,2.073042728637642,7.6297754050646205,5.588633381785435,-3.1636537874635273,6.971167397047437,2.8427693301626644,-6.125261145930239,-0.21502696121062925,-0.6019542372259323
2018-02-01,-4.267341541604086,-5.313354444777918,-5.016190129902931,-36.714858392609926,0.8444072769436373,8.396857793720503,-1.8394498794251923,0.663333704411484,-3.3634550623972803,-1.4528100562909874,-13.54869617950305,0.9923552969020699,-11.354393812226515,0,0.8479125604724302,6.641722660203353,-3.1436727564679856,11.404415977641591,5.862484334757667,4.712267942701409,4.881957636667256,-3.9220713153280684,0,11.141746936601619,2.7449999370723233,1.3355961393467064,-4.242071588395213,2.9700803665260622,1.3605652055778572,-2.899859814717931,-3.8341043398339325,-0.4586319346044476,2.7594258816058037,1.3534149428026332,-3.111833087449456,-0.13943762426544826,3.0771658666753687,0,5.696867852014975,0,-1.272469532087328,1.4564626769522526,-0.843217617753389,-0.11732477653385587,4.509263165296318,5.526568761249706,2.6205829160558025,-0.042824461686041815,-0.2892718642173442,-3.2338395956204913,2.635784967970345,-0.4708106625180619,1.360565205577835,1.3534149428023667,1.945646590984662,5.043068511053184,-17.74465540832102,0.5839332361897931,6.625995104388327,2.7594258816089123,-1.728085665936252,-2.3840925747688146,-5.049452919283048,-2.6412099539777856,-0.7402645485201198,-9.933566250325487,9.34699838824398,-2.7195575957717546,-2.494371085186309,0.8672735415219179,3.7331897982070927
2018-03-01,1.1074078904731444,1.5621763049016302,0.7931513661196377,1.0466229588354081,-0.31845446339018313,16.513351301576694,-0.9214616819814836,-1.194918963454017,-5.625935321044273,-3.7271394797231405,-8.730480237787198,-6.303337828296929,-10.642821647247125,0.1833628412782673,-0.45916033284525426,3.268287915662782,-0.8189352057844879,5.594136925968307,1.413451093487872,5.154630491293322,-3.3495954428182984,1.1696039763190669,0,-8.50370426859122,-5.603451937336268,1.950669849965192,10.373419391324223,0.4319661144516651,-0.19439500694866663,-4.351952557442429,-8.299691957096789,2.4190962449628373,1.7664836179811516,-0.10731533850520947,4.290886047562936,2.179562399834656,2.6317308317374,1.2422519998557036,0,0,-5.2964250696637905,-9.62788905262082,-3.0039127440897317,-7.690680132641958,-2.051281473599964,-1.5071956896610672,-7.757987448290571,-0.4571841102654517,-3.367245195972668,-0.6595092729181573,2.139118998131817,-9.176761829737057,-0.1943950069486,-0.10731533850423247,2.31544461918447,2.8531166107264028,0.6068220567827964,-0.11277365158104402,4.263593585419123,1.7664836179806187,5.619290957650147,0.9445359583586388,-3.4914074283365792,1.688821802852214,-1.0600370430351447,-11.967612012971607,3.4820105585376444,-1.467827752170825,-3.3473255097923094,-0.6335161301637804,3.5988238315884935
2018-04-01,6.962297595962941,7.506419546710585,7.80839861771927,2.928285168998801,3.38331577920008,4.711235853163043,-0.5123076134232463,0.14731715509193055,3.8854773437406953,-1.788042527784861,26.30541032671908,-4.372281101383157,1.1156613380355118,0.5834038619275006,-0.7119692991991222,2.061786374051966,-0.5789543479966852,3.585909793635178,0,2.0749136162422133,-1.4706147389694557,4.768213081507078,10.6888983666515,-0.5934735519814494,3.102891134622304,-1.3851260279241773,7.077918043290065,0.32705081221591215,-0.4550633563996431,0.7653612385927655,-3.672383295469417,2.0996727116406433,-1.441702559511704,0.7416950275486833,0.10847164530327635,-1.4958584792144514,3.822121282019797,0.30816665374082675,-0.809721023262,0,8.583110111779835,-6.762311250252395,0.7667049262041203,-1.585303137106564,0.3724914336887153,3.9931248848118273,-2.512974431720494,0.7595677673581491,-3.2494794570586016,1.056741212648804,1.769957709940062,-3.1208206453841036,-0.45506335639968754,0.7416950275480616,4.024906058850997,-0.19404778393274924,2.836793825914885,-1.6461872010140155,-0.0332643409336697,-1.441702559512592,11.729665630623298,5.517358296220731,3.102217747898006,4.216081082427792,6.4166704810550534,-0.9372751396695911,0.08219164312877753,-3.467984103504201,-0.8697616876754743,-0.1974704436120689,0.8526194846793622
2018-05-01,6.522573044410862,6.773562469146288,7.364858605251268,0.6491782567656035,7.766476800920974,1.3321722629230925,0.9409219261135471,0.4857394470052512,2.433267493143809,-3.141619623337899,16.46551284790285,-2.6416630443941713,-9.588938886855924,0,-2.0212021106641664,-2.012973570181842,-4.751370564244706,-0.532152995086399,0,1.9624142456146743,0,0,0,-0.5970166986503739,14.711065074622837,-1.343322696543181,11.483397742469926,0.5313235569232244,-3.7593108627308025,-1.2924250980935414,2.625253308739861,1.3285375444212377,-1.9421660675372543,-4.327039702033186,2.3994295928303377,-2.0947756664346007,0,0.30721990369704244,-3.867885456511111,0,1.9753143159596753,0.5309075799766916,-0.38371652093704967,0.36152746374531475,-2.051178522764907,3.0272313761129155,-4.103701321757924,-2.3736905020284915,-2.1129626086265674,-0.9535952519825752,-0.09751341582067141,11.672698790557146,-3.759310862730736,-4.327039702032742,-2.361002849496119,1.5834301829178887,3.9848068489014565,-4.180903102879707,5.459725859439413,-1.942166067537876,4.965398543147526,5.371797611250262,9.863299722640395,0,0.35266857898328396,-7.362899390369826,-14.516828524113002,3.37769691467823,2.2657998219645314,0.24864911445821036,1.3382706366974695
2018-06-01,-1.999057904484225,-1.9231361927887214,-0.5991303324829111,5.396561074333772,-0.5143349547922949,-9.836151566178275,-1.1719463609448644,-3.0549827289380382,-5.186037167232271,-10.358903600944402,0.1383307882239948,-3.5683318736959624,-9.866388769009138,1.227862220729392,-4.562991525801063,-8.706208050085884,-0.5917251843320592,-8.600413724574718,0,-8.149096039924153,-9.784425205255243,-5.468332627405381,2.5446665661164936,0.5970166986503739,-4.243396259301141,-1.7763370917801335,2.708413396692466,-2.8082968742825454,-1.233795697791562,4.452245643110153,1.2072581234269242,0.5271202406799347,-0.2912800166148699,-1.404685379887205,3.361573606714474,-8.333546290221832,-1.3730192811902242,2.782998724121999,0.9531891625359279,0,-2.7352833366561136,-1.616628161808542,2.0389173396761606,3.142078117128655,-0.9552727008294681,5.017043463912962,0.9335769219250167,-1.692870657123624,-2.2161912372195225,0.308801068857667,1.8622272095573322,8.237055568521079,-1.2337956977916065,-1.404685379886761,-4.506932490760818,1.8505022020450124,2.3644693301027253,-1.2494468954975524,-1.8975163861597366,-0.29128001661300473,3.611909111663536,-3.5785636651840314,1.9342586808353879,-4.936372311833637,-5.51331959268655,-7.726389372751186,-4.792172613393316,-4.156921636694799,3.2169902525919447,-3.3397338560104295,5.592455828330678
2018-07-01,0.9540781702348511,-1.0024811615886087,-0.6852157822867078,-4.404076538892232,1.9923380571758909,-2.253121335058228,-2.592443864807459,-1.9356578307030303,0.7205792930348842,0.5882369903066342,2.6974726422691497,-1.2495177854719985,-1.6174084887035534,1.0364267979030117,-6.344848330459207,-4.477102327180482,-1.035050221556233,-3.5488101476345513,0,-5.356783621879746,-9.340593548570375,-7.033200794418715,-0.5037794029957965,-1.8018505502678306,5.285633906028826,-1.31773502658028,-7.261422693292463,-2.4560764742596497,0.008561277347818308,-0.7023048765025242,-6.443186015938895,-0.10530346708161886,-1.3272733332169828,-0.9070356969964166,-1.5782472106735113,-6.281811080315702,0.09212345193203575,2.6640769000836784,11.976519686037523,0,-7.196856368920113,-0.740744127786197,-10.831961757596709,-9.883320107233917,-4.6094449648530045,-9.08452804040536,-15.083802442143845,-3.482299078477613,-6.164220345209603,-5.07175387719454,2.309688083330741,4.481297037760967,0.008561277347762797,-0.9070356969977489,0,-0.020980169227291512,-1.0697029261873325,0.12304319431732935,0.4502467942763211,-1.327273333215384,-3.5491701759606364,4.799996262693096,2.0391368765112716,-6.213178110700568,-6.5406902640117615,1.3139436368091673,-4.5870543687517955,-5.157543883975552,1.2557750268070045,0.6494990839911452,-0.5544568659774818
2018-08-01,-2.2029876417392735,-1.7754752491190295,-0.8146403353642029,4.569911249881775,6.200385086191762,-8.194200919769656,-4.214688916147447,-4.457022492955787,-4.042395676301336,-2.0741484306816327,-6.592372797312351,-3.970237006232813,-0.11247796672506638,0,-0.22585293419563612,-0.10610924941785171,-2.416036909466701,-4.681984604556444,-2.4868066577987236,3.7096168348821124,11.562159163590557,1.7435061822101083,8.081940674170873,-2.4541108916117564,-5.153794730605986,-1.779075626699811,-13.098472830831486,-1.8182319083190457,-1.1624533534817294,0.23465008811234256,-5.525298278659085,1.1364007068472404,0.404440402099393,-2.2498741463542693,-1.7092640745050236,0.5784099688919464,0.7110937177944088,3.804690569059499,2.9270382300112807,0,-1.486812995417175,3.933389900755291,-3.2469645845830897,-7.2082925797192665,-2.5722588139210245,-2.812220224977402,-5.579092759356197,-2.951735558853219,-3.3101970895105914,-4.7941449825279925,2.0377364553139543,-1.8826270433774717,-1.1624533534816628,-2.249874146353026,0,4.074566572237659,5.288416639814386,-1.408630399350752,4.951875302991127,0.4044404020978831,-3.1833409586488948,-4.106317737626419,-7.37742736834619,0.7662872745568983,2.7751288114053807,2.5949762028244727,-3.861761442873954,2.1652235864942693,0.5944985434704009,-2.1798592655627225,-9.289394772234338
2018-09-01,5.846796371643848,7.5435449166621815,6.55950818711819,0.9256364580478849,16.356113599543185,1.0663103438005583,-3.271528416401326,-5.133240705158437,-3.7645772355219598,-2.731581064696287,-9.521055737577166,0.7280323368125341,-1.9963694439563362,-2.3848577851436126,-1.5739319911689087,-5.4263351893899525,-1.0251628503061383,-2.8465440793443264,-6.693948267510752,-4.7745734627396175,-1.2056408596754054,0,-10.81248574319762,0.31007776782482066,-5.255217236691714,-2.5615987920913463,-9.085362377775198,-4.101314428667857,0.9739357312412489,-0.7843177461025808,2.493450640016892,-0.20000927212073805,-0.8429787162233637,1.3651825921378702,-4.532710350466385,-2.195176636242069,0,5.0838772763725615,2.843793532053329,0,-1.228567894422472,1.902852605474603,-0.004792671510500668,-1.5023194699178788,-1.3700114008202036,-6.954506166216845,-3.126391754513058,-0.27665531582474756,-0.014909610514024507,-4.888358282520544,3.0412996148031723,-2.7474730329132946,0.9739357312412267,1.365182592137426,0,3.86296367387442,8.729733245738824,1.1650721896772964,-7.339978765571509,-0.8429787162247848,-1.8274037033910062,3.2130115490788924,3.649093934329972,0,0.4690380659478244,-3.918161236477413,4.85025499187168,-0.4338077109801941,-3.844928400160885,-3.9118521134389184,-4.3023131918382695
2018-10-01,1.7928461452208388,2.0210315708560245,2.4876266738463215,9.5562952308895,-7.983648586204595,-2.8040062175847646,12.518255967568725,10.650718522993941,2.406482345377803,6.837729744473675,-1.6409127537454937,0.1449725841564553,-7.747391883719068,-0.7369578828836154,-2.569286480343713,3.060266680471102,-0.3281021520315619,0.5710826403071856,0,3.4615909146626933,-2.871010588243106,0.9828088936263413,0.5176888179533989,0.9245058144051008,-6.508971006772946,-3.712736398691363,0,-0.5943838801092394,-1.4862452787887226,-0.7508432824662514,15.528083628584334,-0.6805091731624913,-0.7561977229608274,-0.3145742418404929,-4.019506993349808,-1.15100151094929,4.19641990990316,2.2989518224699523,0.9302392662314141,0,0.16763967321384854,7.01027170986972,2.7520104191843586,-1.763434434976574,0.8104829497023402,-1.5745578320341735,9.36367293824194,1.408602365459366,3.0687688196445073,2.251645231078747,-0.208931911991872,-4.873322815892234,-1.4862452787887115,-0.3145742418401376,0,3.1117728761031582,0.45119164583207194,-0.49226942477584856,3.4320335626558673,-0.7561977229619821,-8.683747906727124,0.7661785494189388,-1.7780002163391373,1.0126668817929563,-1.262520906016018,-8.575716616715656,2.4695399934329414,-1.2748635682551468,3.448204952059264,-2.191562860037255,1.329995716851684
2018-11-01,-20.80204101172125,-21.088520381375275,-19.286324787645537,22.904570949202395,-6.16847125928901,2.35422658158172,-0.16760798239667807,-2.132276946882128,-1.28515224642467,-3.5091319811270116,3.1336897196298175,-2.4511544547093034,-8.938258552540557,0.4571500247092075,-8.988241392355256,1.638850695828964,-3.0202187540383285,-3.5174180462301585,0,0.26985934634060627,-0.9056139915027295,-1.9753728736232823,-4.758607010462779,0,-2.457617617633334,2.1056974914889226,0,1.6970566496461448,-1.0941507028332076,-0.6766194967930739,-2.9031832680661562,0.023275583006565626,-0.43334138119632826,-0.9109218461312629,-0.034568186090611075,-5.213188125167079,1.3605652055779238,-1.5179563906918325,12.385509829399055,0,-4.604718841487809,-0.20454087720214176,-0.3812977264368911,-2.5705552801448484,-0.29654605019899805,-9.1356790261786,-2.9599683215695727,0.4318490808553399,1.9474858661507,-1.6857048559197896,-2.5393987432634546,-7.64240750550691,-1.0941507028332076,-0.9109218461315294,-4.796062486099517,0.3400080340747902,8.341147139624905,-0.41422452956405564,0.8294591355591407,-0.4333413811946407,-3.323622163846096,-22.190756634181863,-9.135151182715706,-1.5228720701824905,-3.011147933807745,-11.579317292270819,-5.353574964913858,-6.476124054241375,-1.171139796311138,-1.678256968081282,1.5098373455478153
2018-12-01,-14.39858814155115,-14.346681751894597,-14.236862356402558,-3.619813828013929,-3.5571870292912866,1.0638664566543277,-7.5809345173155185,-7.390536963154837,-2.936110752962673,-5.505977718302724,0.26412538971003485,-2.6142939166566515,4.759404957888069,-0.2561926186488428,-0.7596953082780189,1.720227425330556,-0.18392703009526556,-1.4246273780094576,0,4.115807249350745,3.911304734783716,0.745345065458114,3.7205354050066752,0.6116227017436221,-1.7805490838667615,5.873994192540777,2.898877910850539,1.1467368824072288,0.219789969353279,0.7559216421068715,-1.9570096194096998,-0.36121249757048446,1.0289251676034894,-1.6971431471333176,-0.8913643551890615,5.995916281002978,6.962690467965427,-2.9084494911828074,-9.945159704963924,0,-0.9396553619908765,-5.7592096535578285,-1.9656348178965999,1.8013343159903883,1.0161749295297895,-3.6664914682701166,0.7904906492417929,2.407999637525915,-6.7243697765706045,2.877451740107384,-5.134461855097872,0.6333519439718494,0.219789969353279,-1.6971431471327847,-0.2590518545442233,2.490261726489429,-3.083004511697851,0.05677056733803809,3.249015001509914,1.0289251676033118,-0.9218243886311761,-14.644560120500882,4.0970487534805144,1.0178204915756162,0.1371778514637434,4.252428409795783,-2.422832501592545,2.147518426975564,-1.60371912762578,-0.4385816311391899,0.9531666002525085
2019-01-01,4.74714464310817,4.857085297440378,4.314972419633545,-25.714251665710552,-9.376488468563249,2.4568798823569216,1.0643393634238052,0.8600271223781708,-3.350320768856496,1.5600940442479505,-12.18585168655315,-1.5209418664980268,-2.956872354862483,-3.8955304832733795,8.858951129046133,0.37508732614499607,2.69859904490497,0.2738477293303454,0,-0.41702559053247157,-0.539812376955684,1.4742281737203378,-0.6980831141340182,0.6079046076382127,-11.81052050612984,1.3316960486895901,2.9075021846255655,0,0.2981412240002035,1.338602665012889,1.1006400417222117,-2.414382924759728,2.903736189565276,1.5962780262724685,-4.336883962985838,10.309550902697412,3.302724938042889,-3.6861485993622267,-6.214382922719874,0,-3.5328652196388255,9.641372966802031,-2.2677055993000295,1.2505642313090704,6.035318452315153,6.156383002686994,-1.796812314399876,3.253438806002684,1.953839853896877,5.6074696584060835,-1.9539362238321978,-2.8111689609097823,0.2981412240002257,1.5962780262723797,7.146452525345159,0.09975432205298063,-16.489228027682667,0.4240822696061741,1.0722028972855568,2.9037361895640323,1.8457537290065495,5.117071281957886,-4.414214218676538,1.7566323717899124,2.0922138444575467,3.544432328613656,1.0562049085358682,7.246445602019088,3.878950793734326,-2.1379118238411543,-0.8067093244397583
2019-02-01,7.734279338356309,7.880899736102442,8.701137698963013,-12.520211107808555,-18.997734638633034,-0.333692118257789,-0.007784827375378889,0.5226603777724881,-6.3102827994175215,1.2307847674597028,-20.826464814514445,-4.8458654138217705,-8.44991802456665,-0.7062284110542549,3.097380358046564,-0.4276594168334924,3.29239725865218,-2.4241069569084672,0,1.65312371922397,4.498112763922002,-0.4889985294192378,4.285145740933949,1.8018505502678306,-1.704729173580799,0.8874917560560691,-3.0194901945968855,0,-0.6059826210728314,1.2823179402396745,1.4746095685192362,-0.48388789121940334,-1.3039896620718139,0.9502910775915474,-1.467916266304914,3.716571091905574,0,-3.2203140494634575,-3.670388302900651,0,0.4988292991469301,14.69973041936834,5.906980140727214,3.234327826903627,3.865136677432446,9.608547607102658,5.212203599355281,2.1686877310095554,1.4007072422726807,1.2150663183234212,-6.696122339846511,-3.237729969724956,-0.6059826210728758,0.9502910775903928,0.3435120265538494,-1.6857040521975009,-14.074384666260809,-0.9511230581925822,-1.3306424387811155,-1.3039896620715474,10.173516344686462,6.445359905353243,-8.132150358758938,-0.24906613124517918,-0.2843848865955678,-9.643892116840913,2.7050489233544806,3.0856562535516496,-3.5554196795227533,1.7102561471150857,-7.424967391445758
2019-03-01,4.248691094000989,3.4935374391850793,3.783245567188942,7.714231821318441,-14.816424167698905,-2.482461438671857,-3.614564842824519,-2.1721823146835684,-0.03985232786632986,3.3085724585765197,-5.392788315656666,-1.049572317201397,-4.589751478975934,0.02335391407610743,-5.0946824126199886,-2.8807369022828766,-2.953305272187201,-2.4959388422063356,0,-1.9652618808576605,-0.6489315439750065,-0.4914014802428923,-6.230388333615444,1.7699577099400927,3.6331522873177424,4.507876395734223,-0.795971302531473,0,-0.39719369046334885,1.2660825173290369,-2.1020626074581106,-1.0575825894813207,-0.7311491703825723,1.3138986662500685,3.225303815021463,4.130590452243943,-3.9806250400419962,-6.84735258507656,-1.2567165977776185,13.033603769077207,0.4402556519206513,-2.0036161704454436,2.1817277518168865,-0.7947964209495062,0.606931266823274,2.6529763146184493,5.161830186927663,-1.462843286987603,2.9695853195939037,-3.3367500448566734,-6.457956139620524,-2.4399216104832533,-0.39719369046329334,1.3138986662511343,-0.17223308136617987,-4.436900896869123,-2.3760244149352516,0.2537056613024724,-8.077447640806223,-0.7311491703799966,1.15093806190405,5.660219811504241,-6.567985662384146,-0.5000010416705614,-0.993919822905287,-5.922924933492002,7.333128665744158,5.005924520879123,-2.566090092411333,1.6590190027236495,-7.1325098070295745
2019-04-01,7.240815872386808,6.964517086530808,5.617656138839866,-10.365838758729584,-5.080925979833872,5.767306571733766,-2.2529726098936664,-4.899808599157635,10.590616872179071,-1.190490250631826,36.33887347554113,5.62983332521153,-1.47420628695496,0.5262040023911396,2.6571341204101095,-2.6572439679832804,-2.2317481747702317,-0.9035854879411609,13.305050778714378,-2.890534362294339,-2.3050082074155043,1.709443335930061,-3.082746379525947,-1.1764841579586434,-12.631248113372118,4.849697266050312,1.2179128568022946,0,-0.5854194473448149,2.7079503476223787,0.7837030707280146,-1.2641394262594474,-0.40389589529450376,-1.0528019121780474,4.0225228971721645,-0.343113360369407,-1.020417017424169,-3.486882565082361,0,7.831789344741846,-1.3878386575383317,8.030065627203697,-0.017083636868342467,-5.3944252244064295,-3.758267136743676,-1.965096068921035,2.837695269367746,-1.1589693706874904,5.143032656155544,-1.5881194375348073,-3.4248467040562502,-7.062804417773005,-0.585419447344826,-1.0528019121791132,0.5158118635381737,-9.550316765970113,-8.32707956079446,1.9696081802548449,-1.5373263354024225,-0.4038958952976124,-4.799890912183535,9.382388860882429,-8.359127105277242,1.2453461071286753,2.2928899233463973,-2.864753013721444,-0.411627553487659,2.225975369597327,-0.3369175262561086,0.18108953436550834,-0.4416955391584487
2019-05-01,-2.575038273961372,-0.9454667197841715,-2.1890851973825676,-0.6864017544766621,-12.563421446188983,-0.6908884377767266,-0.4799744401530748,-2.99191291602256,3.0874758381626344,-7.779971607895497,14.373719847329024,5.8745510709160005,-1.1219849990021125,1.1030611753654718,-4.172874134501203,-5.727285033027307,1.1867645889998002,-0.6904582967805162,9.00930435270162,5.771219080926215,0,-0.9732436918231002,0,-3.614851411631115,-9.44160757527639,-2.1147248638618166,-0.36910139452089874,0,-0.4994213537567127,-2.213558772069968,-3.2529643297651623,-0.4781580665392582,1.461724122078234,-1.491238760573399,-8.500245587453803,3.0012294165342235,0,-1.6260520871780315,0,0,-3.538591480818898,6.657087286745078,-6.753548804664078,-6.597707351613646,-5.38604357663619,-6.105223337165455,-6.692350880175546,-0.17201058097580102,-6.247818523835846,-2.645104913230245,-3.2491283091826695,-5.264684827960409,-0.4994213537567127,-1.4912387605732214,0,-1.1755842804115346,-5.027341326141599,0.40704090141590044,1.5043157717223643,1.4617241220807209,-0.4286763222726364,-4.860230018240497,-5.035712441522566,-0.745345065458114,-1.1670183601020234,-10.404634150032877,-1.6874334298534286,-0.5201051932455736,1.2184143823279925,1.1947973190504335,2.8410262772261774
2019-06-01,-11.186541725390242,-10.815282206995747,-12.020894701500762,-9.217570853044844,-19.052071465707442,3.9240150737578916,7.33907629557411,3.996673575236065,-6.354026364353937,-10.572016320710853,1.58616051811461,-10.454812078926135,-3.944155820414874,-0.06607154639510782,-2.187103002724111,5.47964651417594,0.04847114042476619,6.676935840549625,0,13.127086039386882,-4.7758052077012,2.653955523461171,3.261158558876076,0.3062789530545909,4.03232383512827,0.6186497857499029,-0.689109538532795,1.5026718144792728,0.9520915449150014,0.49195936496717607,4.10800257434647,-0.9464068472121667,1.7605442802152815,-1.3085397289789746,-3.1563555613302374,8.576217525554409,0,-3.7582711149043213,0,0,-1.4310958050714362,8.412820984370128,-2.2802419540107977,4.550583353536286,-1.7083306475290883,-0.6040856842206566,-5.300237658838025,5.703203503402587,-3.0884135749666974,2.5188212900536744,0.47112839419680697,-12.716547021300784,0.952091544914957,-1.3085397289781753,0,-1.0215196800633208,-11.50855102233046,0.7093443943234412,10.45898451363616,1.7605442802161697,0.16287020412502073,-10.674945553534343,-9.090960526129965,2.4631787189664855,1.905404910327313,-5.580508382692262,-3.6024668679405374,0.36036075032987447,2.919553922155771,0.47422612498744243,2.2205601308249
2019-07-01,2.8321158202097685,1.0997754209540744,2.592529063977267,-1.53477205800302,0.8979859600809492,0.36482319611167435,4.3294846009723775,-0.12166273890011903,0.6831281380368814,2.135312447056914,5.344422184152187,-7.631160009479332,3.3586314244474558,3.2331560020382177,-1.5163555663932904,2.918412272678772,0.7082239573930948,-3.900231449986613,0,-2.9448825039001036,1.1118947075033248,-0.9569451016150587,-4.93250665625018,0,-0.11687933575535991,0.01190547057778879,-4.126535520142582,7.807201225950644,-0.6396610296692584,-3.1833944096487987,-0.6990319726910776,-1.4079056851153737,-0.10170589383768913,-1.6220439908228634,-2.7549232310385308,-14.437485889749446,-19.78257433299202,-3.4635496662756005,6.264278597267214,0,2.3103021952227465,9.869247348919075,0.9975191459773214,3.9196417524063776,-6.541560504982513,12.588941052512759,-6.13180465317491,3.885868398007908,4.328369849056379,4.899283178257452,-2.371652661731627,-0.5672008012703955,-0.6396610296692806,-1.6220439908227746,0,0.8471299682216937,-0.43804196040881926,-1.7334120742855674,-8.65939401359066,-0.10170589383964312,-4.272494466634136,5.0634701557042305,4.42859594616456,-0.48780584534320326,-0.6362154046834156,2.3313458480879845,-2.5649031716322575,-6.182438200833912,0.6242306418228871,3.8995223541427926,0.3727507167183397
2019-08-01,-6.392059139933792,-7.711730334443079,-6.552454198750901,-5.921935965997127,1.5459434076668277,-9.62872639485508,-7.064457382787448,-4.368351748131532,1.821729663220939,7.461086379117465,-6.810978092765718,5.52088240270574,9.009496276948159,1.3938614947870853,7.479591248233941,-2.3683192035736766,5.845777884782333,-3.314737438257964,-10.024541499103368,-14.662425794729295,-7.533140909985647,3.309994842634456,-7.988666491750429,-0.3062789530545909,-3.2487753644260264,-0.7336369277071375,-4.535924939893066,0.8478938367185052,-0.8413188441448893,0.54411327400814,-4.05622205221714,-0.43019042492140613,1.827897577901183,-2.6726744162199445,-6.508584236699338,-10.601346159977915,-2.531780798428951,-3.1322471129040963,-0.38022859497388595,0,-3.183720147575375,-25.613784724709987,-3.979018787001287,3.4285319887768395,-7.919632955194622,15.064056503031864,-7.355757487779435,6.010115196989929,1.7838637779032496,8.686360257755599,-4.86438334128847,-9.496340309037343,-0.8413188441448227,-2.672674416219678,0,6.989303968293736,-1.6886829691520777,-4.035227845873202,-3.207127868130044,1.827897577902604,-0.6065979959653411,-4.771285871867725,-8.498218072443908,2.8917677639578976,3.9593770559361197,10.961608222024566,-3.5100643274171257,-7.426060895475067,3.7398060110855447,2.898564178711638,0.61726028107012
2019-09-01,4.027389913793922,5.06770708055182,3.206687579666312,14.834713955597866,13.429904366983392,4.921750950458459,2.0853687651917863,-0.18386257919886795,-3.2344125259707535,-6.06246218164348,-7.061423786258159,5.261942890036098,0.6582116314820752,0.024690172750929662,-0.9979335573262027,1.4140538231168343,-1.7756085079592587,-1.2617805249972136,-16.21188494764647,-3.944117881809106,1.185199058701425,-0.7001195458983034,4.5597591438872875,2.4243611609992914,1.5880483541230617,1.267921368756686,-2.5258317815022746,1.308523954865537,-1.066243046211346,-0.6220859875102347,-3.636764417087468,0.4712741556085476,-1.1230815283986395,1.6413221110223475,0.7460095122894805,-0.08668111894631347,-0.6430890330290318,-1.8349138668196652,-9.9031380606178665,0,0.7343651981877031,0.010744023647202283,0.8686312593397361,1.3264211573585705,1.325573146871939,11.437149678909186,2.5432627108002315,0.6755278944540422,9.49355278611188,5.291761311108534,-2.4713951158767067,0.6083668953614563,-1.0662430462113903,1.6413221110213705,0.6824020685144205,-6.8522588881069435,11.543930516950018,-3.6548341542064655,2.194978976324169,-1.1230815283992612,5.366874254578402,3.775383519907738,1.5435446027538546,0,-1.4359575976113703,-1.0028644351831595,1.488138250962154,1.8751494536573876,2.8745906734870985,0,-3.2362198270825537
2019-10-01,-4.71758782235181,-4.865380253817531,-3.9733665203513624,-10.136334703235683,18.4481405070553,5.479476091311075,-1.4850984215746266,-2.8866799375161403,1.5007291972136128,2.061928720273576,-2.5648506794036074,5.226704076470535,-0.6248504968940694,0.01919925403077727,1.886284750056344,4.167938629976842,-1.0902982107235282,2.5575932143443225,0,6.098680996682937,9.00749171590629,-0.7050557996667095,5.100255445237245,-1.4475524173785752,-2.4880898235889903,4.285757673370094,-0.05950610113110155,1.3245226750020933,0.407960313783029,1.6631595892940942,5.645670866765684,-2.159992856920212,-0.6216098319705488,2.2978473890901796,3.5405585290826993,-4.376976766390817,0,0,-0.3159560290368013,0,-1.5836076040127267,-5.011786081113367,-0.03386430864509293,5.275733787052417,-1.3592955121650263,-3.519703085559023,5.022369582485631,-1.0494574572298632,-5.152174164369416,-2.876891604591414,-2.9728895446731407,4.810398346030098,0.407960313783029,2.2978473890907125,2.0197029690935064,-1.5719534229464927,1.5736407072258984,-1.8453006460231514,5.277717923688918,-0.6216098319722363,2.781387669862312,-5.356008230333309,9.431719729259402,-0.7151401157624804,-1.1693403975847616,-3.216809110627672,1.1402651254025482,-2.8260768647281944,0.6181922167858289,0,-7.410577967851584
2019-11-01,5.32091625141593,5.521015447994859,4.9058886153728665,12.832224954455452,1.8181031943752757,3.4066338441432364,10.450969314478753,6.555796344533155,1.2767837153859651,8.161133544616295,-4.343156702311135,-1.9752841905336327,16.53806303450427,-4.922665771030843,14.760914065737474,-1.6218856236437595,-0.077871515940231,1.6137808860668734,0,-0.48873298476710403,-1.1506049103826577,-0.710062154957658,1.8248681588399762,-0.36518604187709414,0.8597635518038382,20.0388072929478,0,2.051187004811217,0.009046908225296413,4.390125333590134,1.8132148323415587,-2.8836710772182528,-0.709647694972837,1.9905053398164618,1.3177547145243662,7.328129123036059,-4.621284315513119,-2.247285585205905,-5.418443395282235,0,2.7898688647399084,-4.0925542936292025,1.7672456319138163,-7.753260947471219,-1.6267462002574007,-11.648937759106026,-1.0731824319043959,-1.6199437064064348,0.5047090855589964,-2.758003021757771,-11.195966106320654,-3.2457508103448163,0.009046908225318617,1.9905053398167283,0,0.5591498909494952,7.1085133039873405,0.06468257985590142,4.899729642411721,-0.7096476949726593,2.9943876373072165,5.548973819549552,8.767841425727507,-0.720291229405845,-0.5759045975378463,25.661878740793398,-0.27618934119606475,6.553490391760125,-1.9446785831348734,0,0.7492046114148998
2019-12-01,4.768323205910452,4.838022542675802,4.769621221749176,-16.71569864949096,-10.850062322591626,-3.01974653005731,10.584273729055571,-0.06825472928964627,-1.8082357151762318,0.6250020345171192,-3.149074113964756,-3.8829059718043624,19.460077140800802,1.180641114793879,10.819712420905159,2.0271944088663396,7.900747572311939,1.5314585026382055,0,0.37325817018691865,1.2178770286277008,2.579275456172958,3.727139479723096,0.6079046076382127,-1.7269831902205879,-6.48393852885345,6.5653970221436815,1.9467664439165144,0.523325204097147,-4.62054018207515,4.655552636801552,0.001157139551111186,-0.2201633767051625,1.6697190900696768,1.2874290236561392,7.093399147529605,-2.0478531343541384,-8.153055639595319,-3.167685665357034,0,-0.19232022441384444,8.64130180447038,3.637995526790938,-6.1528600031546254,4.813674212537222,-9.264089369851547,-6.513129427184339,0.5654405692859577,2.4589831829756825,-0.157420666272845,-4.0486029457461825,-1.2165052026709589,0.5233252040971692,1.669719090069055,0.9953564391330438,0.17111202737840614,-12.503972917484596,0.12336886648105505,6.1331178859228785,-0.22016337670356378,8.797817139803232,4.6902315171232445,3.221127128947021,1.9093658815579673,1.543403434465418,23.39986294698475,0.5345885501436026,5.18199652268504,1.0592621771271737,0,2.7613033259354935
2020-01-01,-2.7632845816937035,-3.476595784321379,-1.0142866076839674,-9.930924680659869,-24.033236934309055,6.276501121325062,-9.72965822280023,-3.728349477415527,-2.3832210020883093,1.8519047767237673,-15.038343943537102,3.446700263787794,-2.7097347881428036,-2.4213176518967927,5.890634012204643,1.046178564319078,4.929735046160033,0.8048503649640715,0,2.8521893871502613,1.4023602107746669,4.304175125856791,6.246756285202881,2.8675799976666303,-0.7405155698326449,-9.901413034958061,4.629195679472398,0.34705824392471385,-0.06301481056518732,-0.4238110755068081,5.371392679565967,2.3621314760351453,-0.1465067563576561,-0.22918268243836692,4.1839543369991405,1.550511471745819,0,-1.7954994818851766,-0.9702085806450711,1.1980674939452207,0.09648834001509954,3.301610851834891,-0.7573372438407944,1.2231912726721639,-0.6547828310965897,-2.3600502451929017,3.534954223202469,5.366113914392834,6.605211675601552,4.75167709609865,10.640967957050318,5.124796244438823,-0.06301481056523173,-0.22918268243783402,-23.15817098339692,-1.7023049834109738,-14.132920330731613,0.8593466061583399,4.249455342731423,-0.14650675635836663,8.932486126207007,-3.8872947543795,7.66882071198296,3.9402547866028925,6.072732662090985,0.07833840528439495,1.3965299674749048,0.4512211115077214,4.846971286973467,3.9059617703879113,3.2796514750089045
2020-02-01,-14.428318197708245,-14.528028511360525,-15.674186340577023,-5.81467781775612,-22.277682443552482,4.254600859659208,-4.819255108852749,-3.5785090838962974,-6.1048185103520165,2.4170360927812995,-20.57706007000827,-7.251193670214729,-17.31737123099082,1.5994206716903214,-10.57075966484744,-3.0414215390930366,-8.983095118087281,-0.3917318690396243,0,-1.8060173384664147,-1.2679515883892378,-0.22197567383130945,-4.177716959458255,1.2873202936206085,0.791737207286447,-6.598332338535462,-9.893569028014593,0,-1.780732073077096,3.079505841637753,4.356029143080908,0.4281510743037842,-0.6748156193234323,-0.8680009945462253,-3.2128180957803565,-4.296777452655409,0,2.479465861321639,-0.4746623458914634,-9.89715077127915,-4.9120151099867115,-8.815123805001246,-5.863291460382669,-2.707417104844012,-3.2762614993242067,-6.037205059355877,-10.802537613887786,2.307426844241345,-2.6956252743517872,-0.5132221462545328,5.3220466021381085,-2.942674090747488,-1.7807320730771181,-0.8680009945462253,-7.7653282459349215,0.07563114809463478,-10.47771776312505,-0.7163411952509691,-3.7036798829575446,-0.6748156193235211,2.782201315142885,-12.956549410897411,-2.59145794994442,0.453515516539138,0.10557804957471717,-19.093322731577267,3.2661851956542143,-8.89728678545237,-4.660615159829717,1.974406278997165,2.4756964725275665
2020-03-01,-50.47415284597818,-51.14318681010186,-47.94037537576506,-6.641242668799851,-6.717195894637906,-14.974065692992777,9.046788101576553,-0.9001757826355927,-10.032718933515007,-8.403074885149199,-18.64193769816383,-6.48049099257455,-0.7610748813801749,1.3861544578825047,-13.582149917239228,-0.8072320108985842,-6.798853384164261,6.321578246988757,0,-3.8001528997361866,0.13422820807296176,9.328793442355732,-2.9439355450681326,0.8683122573460933,6.9716356805015645,-5.304737306918428,-5.432838606674584,0,1.4108457746837333,1.412662897513428,-22.263623752976038,-0.9230478230254135,2.3262208314104527,-4.513230436447291,-12.326689660451585,-7.331644432071139,-0.8588499945270556,0,7.523018152522454,-3.5038493764495193,-4.681681483266686,1.4830180669065385,-9.300208992308079,-7.661120326895432,-7.490719400562362,-7.0815980432564984,-10.445972501390877,-0.32423680738835614,-23.60766844336082,-18.339595926099193,-1.137521264962249,-1.33950507071523,1.4108457746838,-4.513230436447291,3.1343715430551367,3.168861136250589,-5.099329537598152,2.569734549528402,-4.64826760987993,2.3262208314096533,8.336741247464552,-52.53778590392009,-16.401287854717506,7.620660881064367,9.647131699689293,-14.871137750421948,0.9387320472689518,-10.335768454199135,-12.455084882246492,-11.991166653463292,4.154021899291216
2020-04-01,-42.548616314993915,-34.573269027304264,-37.18154400043385,-3.06426716158289,-24.86493654581722,-2.9611316588279424,4.088401646255946,-5.327694166775066,9.893865757886678,17.253355042779184,-2.302809756786445,5.654527594832848,-0.3839189516731345,7.783042048865418,-4.397036390559617,-3.0934375535568215,-9.50721765701008,-3.622137207211562,0,-10.037180845754712,1.3986241974739855,13.251873431013639,4.636023293901825,6.956907432628734,4.956766842176485,-0.6352680458829418,-33.771370170927796,-0.7905179507113225,-1.7873902798355878,-4.029918301264457,-14.727104581372119,-1.3060599832396491,-0.2508479041021694,0.21768057936544238,-6.342622324207431,-11.619947765479521,-1.584552539201134,0,1.6605191355560933,-6.423218508452777,-9.839833192718128,-4.9054273658398095,-2.4347432399824953,-4.534398619245916,-2.2359960923676425,-0.35703692520741015,-0.013659049141345747,5.573180360225916,-0.6795103020242443,1.20873620978883,2.070942128833142,-13.09233832795016,-1.7873902798355878,0.21768057936411012,-0.6502555087771977,-2.0087903684540276,-9.153608222406362,-0.6571168651188231,-2.8625196148229115,-0.2508479041016365,9.287509824292695,-59.26175921717842,-18.22331824401342,11.661767018246039,14.643118038986369,4.201137722282233,-0.5567733611326107,-8.882443677934212,-4.849146526449033,0.2872582510160093,8.870532677733767
2020-05-01,36.72006934563608,28.44635308899828,30.472551866347295,0.7963148263781195,-29.72063774837383,1.9951689135269346,-3.0755479662247343,0.8872343981994824,6.226898233263789,2.695580998852809,32.12549412188225,-6.738617375008282,-0.2615729455701654,3.900612930910974,-5.454179334295084,-0.5802106695225184,0.7034232820650743,-7.039167644424982,-35.66749439387449,-2.065836756368711,5.4067221270275745,-10.064352577968805,-6.230388333615444,1.0695289116747886,10.295784972801286,13.368326444499834,18.014527737135907,-10.113664454164129,0.31235670779878877,-0.6554872129921119,7.08846493432953,1.0843476294560617,0.5396365905323997,-0.9304650648529034,3.358669021212296,0.9399547011504306,2.9936102491265437,-0.8196767204179167,-15.181298882536698,0.822454814589868,0.44014697035876793,10.00946986797242,3.532383802650152,-1.9008517177573125,2.9593603703105487,3.132393781389098,3.7104411282268934,1.926463192940009,4.710471332969757,7.608789881380673,-6.975303876034911,-10.925841477951748,0.31235670779876656,-0.9304650648522816,-3.8774131444580195,0.6536685885353943,-6.467899413143341,0.26852785417235125,-5.449733454774375,0.5396365905305345,0,54.74353693785514,1.4737108819496747,-8.159864388287907,-9.811159873723962,-5.086324353781535,0.6619750541517853,0.9979853564857838,5.245013000198107,0.8378949426596449,7.402024839228094
2020-06-01,26.141852613015047,25.249576332673705,24.048284739051873,-8.307154103169562,10.649563983688365,-3.845019500604241,-5.712700828430317,0.13937284486038037,12.31729080952675,-13.04964889293685,62.77024571429496,-6.087813937388331,9.620212901253211,7.5653177807638805,12.982805071819303,2.8571411740093033,9.856008590988363,1.7742000159755023,0,2.7974040709886516,-2.924556809646184,1.9418085857101808,-3.6367644170875124,0,0.6946458704500669,0.33569797078765173,3.0749651866651515,-3.466489661742056,3.1866215716606527,0.38610086574595304,9.895317108282597,0.20694681349890942,-0.3817687024284311,1.764538390063386,3.1463269455784983,3.938347891514887,2.8399474521697776,-1.2422519998557036,0.049517208241312005,1.8062705374505938,6.737441720989867,9.807294723549553,9.371047992124026,7.03307695482982,8.913655758119887,4.39742648426229,2.5189845845719816,0.9460270721104003,3.793153633586055,8.583676187438849,3.7317763007195026,-0.5348627841747611,3.1866215716606305,1.7645383900639189,-4.721799924802772,-11.613243070854695,-4.609027853232073,3.9857560148196747,-4.597090500946965,-0.38176870242470073,0,29.34427587152171,-1.0680308123882654,1.4070583896941713,0.15204811703473098,5.630153661794068,-0.8733886677349312,4.82873496760772,6.19894214479686,6.565877224509986,2.4869507156664916
2020-07-01,6.405263814130491,6.964379908172491,6.041943648939707,7.3150881635615175,2.7506120796569,-5.862147382395488,3.6493817265386808,4.641449812416409,6.956303561963195,0.6042314455962483,17.447650483473232,-2.509678908627455,-3.1110344640052467,9.146436073753339,5.579502015085591,3.061585953579815,8.299937872169316,2.8756568098954993,0,3.039190187585117,2.3590510613116678,-8.004270767353638,11.289787657427208,-1.9334651707455714,1.7197953244135145,-8.157360863438633,-2.7125146267691136,3.1850965812354026,1.8137493155866435,2.5491203355067826,1.4766470116300834,-0.41318218093842063,0.7837323191378864,1.1435048766828437,1.0563478509569346,5.749147755335726,0,8.846864798760823,5.957573179544173,4.852704089466009,4.685234190005616,4.9297111665138615,10.198604529724875,4.103563025746659,3.6851810302581,5.168882711184608,7.211939118733124,6.389354808804182,5.2070311290833615,15.327119713228265,11.116779653766429,-1.252786935147432,1.8137493155866657,1.1435048766820444,-2.678445014626263,-14.159252072027906,2.659756072406072,2.4205818549767777,5.928913510927103,0.7837323191367318,-3.2331716387655085,6.200594350027089,-0.3703381359898117,-7.027684341596707,-7.123240377280027,-5.779180631108627,-4.467885078014196,2.2921708019624094,4.506876341477817,5.528286465337917,-1.1794463362736707
2020-08-01,3.2201745435359808,3.3309614466048743,2.478412901763427,28.25252998169836,46.31228033999994,11.10878951325308,10.634790103962377,7.112778500745421,3.502350562201184,1.4947961435873403,2.048549078026296,10.106955468264278,9.955744204209083,0.004795102602805912,9.101061074915684,0.9096878846825085,5.431268680843537,5.399906635709506,0,-2.1282393127949994,7.989728485644054,5.077232537342358,0.39089753905878766,-1.5851657417588039,-6.92673705363156,-1.424697167238742,-1.7813290407598603,0.3867116789725067,3.1519634475668634,2.851517030802131,6.464030748810945,-0.6936020573016677,0.6861251598596851,3.605740486106601,2.051205817931062,13.790246982384424,2.475765112572681,5.219868150236273,15.161548599492658,1.205338104994702,5.529244124074939,10.943440292891715,1.9653506402955045,6.2786025155016745,1.0256938237859003,8.132238058233021,10.160784659740862,6.404049840613357,8.39176421535699,26.837794054031548,11.382020657519298,-2.792708534083932,3.1519634475668745,3.6057404861064235,9.063402492820916,-20.494356901775944,27.272062849614677,-0.4718834173267794,-1.8037661300392749,0.6861251598613727,-2.811243390986551,3.8748681046334,1.3686825344081832,3.987936623159616,4.498126834630867,7.767236188406734,3.863840545727931,9.61202550644863,3.459964504828239,5.142891177390663,1.0570023390974903
2020-09-01,-6.7771445443450595,-7.4316551727585,-6.156878737303417,-18.205222694580105,32.27724896890341,4.54538586190727,2.007283671011839,0.12375388310246205,-2.212332380807447,-0.5952398527295344,-5.453447234910613,1.4624129755858362,5.248589794345726,0.19959183456261798,4.616243733309577,9.626101261777631,4.391499848281288,8.552785723996159,NA,10.62379479206248,NA,0.39525743158232984,10.496581894124368,-0.8298802814695,-1.8705082948124951,-0.7212316029565846,-1.6787143085666645,-5.814961699383137,-0.2878674411918358,-1.9912162320113058,-2.6296952290461917,-3.102748000960709,0.44425613025929067,-1.156702160908285,1.2362502028452793,8.677649736435722,3.20006826928827,2.2372297754533754,0.40000053333457686,3.019916868545458,0.3740276636164275,2.189451072915105,3.119951569929391,-3.299114526584468,1.6922824362231026,2.1755400596234153,1.3358233962129873,-2.4013182980407777,-3.5405088683186925,-4.782407171587177,4.7134077674452435,8.521479002071208,-0.2878674411918247,-1.1567021609072192,2.5782118953725286,-7.523002379812405,0.47734367828042856,-0.6079581702050696,5.014251995132657,0.44425613025760313,-14.83876700138298,-6.737540247277085,0.15672619664313103,0.4106781952653904,0.4461282494081509,3.8053443021615507,1.6419644421686432,3.6483856147055462,1.7842156602705828,11.331649448476178,3.017002085683984
2020-10-01,-1.730963753517356,-1.5203824007544053,-3.4656933809044332,15.813374223809973,21.285147046602827,-6.986071321046627,-9.108042506636838,-6.251592411160489,-2.7052304702948726,4.665569164079919,-9.57266079460144,-2.718710905656363,7.825448430493154,-0.16603255284239893,2.853817028593042,7.030673052660141,0.9787898841156384,13.089896134717893,NA,11.72693173918864,NA,-7.365290957476578,9.498713021340333,-9.06543682681308,0.7836348344507804,-3.8630311759039415,2.002291587510779,-4.331984317102844,-0.20370063061270205,2.5736714644049696,7.326794186323582,0.5914031719111534,0.34162113315385767,-0.0385311914758546,5.508499525631755,16.30167599093484,0.7780187318961573,2.6202372394023676,-2.2200709980191746,2.884337194832831,3.5120388391666424,-3.2606674612483566,0.13279967015407124,-5.297771101071369,1.2474194942431183,2.5377439428330817,-0.07413308661456952,-1.1328705033217368,-3.5151526177461534,-6.053236439875187,-0.3578021371867024,6.728200708332199,-0.20370063061276866,-0.038531191476032234,6.1197689883025985,4.897877564072806,17.202525507764797,-2.2502212697651736,10.987962606986024,0.3416211331525254,-8.19575137057793,-0.17692409518406116,6.026631445655095,-5.2588351766913455,-6.081874003503884,4.839069563095055,-0.7597597778041434,10.911122558804864,-1.1180007652437318,-0.10005003335855633,-0.7571931212184246
2020-11-01,5.848956125806692,6.597373979176613,7.003347177218844,14.119452012869582,-1.1053897577599558,2.8447762005737176,-0.8785022977852552,5.71421598882062,-7.550669348021666,-1.1461443519006353,-19.51919790154024,0.3785493479481872,20.21806961511352,0.054310208459185105,11.357669766792,9.592039034589028,6.261542520942154,6.331610099676688,NA,1.925023429587025,NA,3.750439545845463,0.23470745701938966,-0.24360547978811292,5.83670885091922,-0.654838630948329,12.69754411846633,1.5605749712829464,0.5591813265777845,6.260834739043614,2.871697691655628,-0.5471829862555566,0.7825214088327037,1.8026763743370644,3.8027395589239177,5.134588847667287,3.0771658666753687,0.858374369139181,0,-1.9802627296179764,6.9082194408195186,3.752385835423677,5.153969638169542,7.5525669982772214,1.8850627141004495,3.6617506274094325,9.04131465980429,-1.8038120132610302,3.94721846247732,-0.6251443489337927,0.7059870546226144,9.779774327612678,0.5591813265778178,1.8026763743359986,8.405215485404383,10.386238124005786,7.634198492807531,0.31586390670881315,1.1146659684340143,0.7825214088342136,4.740574268257092,3.8948244193595105,12.878966378898049,3.6059049815702515,3.0295497715358444,28.668891275698183,-1.9475801309681393,1.988600686246167,12.170973523190831,12.233278550110782,2.224778678757744
2020-12-01,14.136056523031959,14.28849208784908,14.572773322705856,-1.9271876781651431,19.143028685189734,2.0569870704685966,4.5901620937603305,-0.47084978278410516,-4.883958973183022,-1.7442302663342568,-10.502349336802785,-2.5511587657408574,6.778703509340289,5.113635587909737,10.20061663210079,2.167572547903429,5.232581900174438,-0.20222453807683394,NA,4.314362847240538,NA,6.146632210060066,-1.6434678833491034,1.8127384592556695,-1.3839911172244868,0.1428303193390601,5.876659292412301,1.3104356169602038,2.7581634267348942,-3.1517760320404986,-0.35448459665397003,-0.5184455115950115,0.5764812275660169,1.7186809030692807,4.158341326530513,1.093190397264343,1.0010335053480368,8.985632912186059,0,-1.478881747343852,4.02033914187605,22.301488430425387,9.485211565820428,5.328882759137343,6.3254526665197375,6.225031453126384,3.9719425542947384,-0.423119684503348,12.022399876563572,3.6254913629381935,7.721744466107339,25.408835516363126,2.7581634267349386,1.7186809030701689,-2.8226370018664015,11.109082825663098,7.8076279304309715,3.735578654377125,1.2854196262700235,0.5764812275657505,18.69422804296077,13.520274452919923,20.444761372988562,5.6695343676545384,5.819077201647538,13.192754304255239,3.8111537863246823,0.8430245354354438,4.647588403444924,5.3461005205637235,1.6665468241884973
2021-01-01,9.538480481355682,8.969809272104845,9.483023591162754,4.873951829382451,21.603773904678537,-0.6581096188183144,1.802303173104014,-1.835170925985674,1.2234323404241132,-0.5882369903066342,0.9679142426842091,4.66961805256857,-0.12940899399245254,0.5933581726058179,-2.601893062430438,12.050599248020877,6.824172456852207,12.766442003591205,NA,16.51753979589836,NA,4.6956983087770965,7.442709563062078,7.218139551157843,-0.5489948900461727,1.2293910905716965,0,0.5832017282548119,0.06573001633414233,1.2934981955129876,7.785500170364346,-1.0289879970446947,0.048190449588148,1.5138936991472285,7.385227067058264,-1.284536400416647,1.984262809620141,5.354076692803034,7.847161544149461,3.6550309254951507,-0.5320207141538802,8.742412501282448,2.539580690826604,-0.28449662329252945,10.517075471954485,5.99922356794238,-2.7169371851756274,0.45954877675047356,5.943370925354952,3.5875464664221646,8.105199917726935,4.475019579861428,0.06573001633407571,1.5138936991468732,2.7040350288569215,16.15024671555112,13.408499312430688,-0.1139152993190784,9.59576772891424,0.04819044958592755,-2.3309569435624233,10.195408272793305,1.9415828192046902,3.8614836127779384,4.180831692632658,11.074315115745303,2.022699517882208,1.3831653865614357,3.8965866334515376,8.680144731529982,2.806962687714254
2021-02-01,12.042586550395251,12.737130326958779,10.854966420431555,64.19822235616948,-16.56882621090392,0.5849688861451652,3.5159991107553745,3.6645321678004272,-4.742404923696542,-2.0865138463961985,-11.932629994279198,-0.37059955943175016,-1.2773726859160561,0.21423045659396678,2.944300873799932,0.32737789387526917,2.2348455288151214,-2.5099893497994685,NA,4.489836510022993,NA,2.17794452640403,0.03456022152938942,-1.1204599012863137,-8.273629792998621,4.497856783171761,0,1.5172255487984287,-0.6427180990942416,3.1792115225473925,6.178341525600395,0.6720364106451271,-1.5686596167703293,1.556281864879061,6.146720394220373,2.1019854752794775,3.6161740621252214,29.568462285725783,23.44007058388442,12.882857085094468,3.6554576097280744,-3.4973423088661804,6.068726440628147,3.1935585546981393,18.275720832964204,3.9579831845179214,1.4371311447272106,-3.200686803097863,10.084048481089525,5.315978942307353,22.74163940403513,-0.10370456653330251,-0.6427180990942638,1.5562818648793275,2.2841910921256314,9.280927108543269,28.887333713769436,-1.1293630301658197,0.06510633156509016,-1.568659616769441,-0.9480253387367021,12.538892755645525,-4.823763980977169,2.6169717733385056,2.526952096624502,-0.6459416625347991,0.7349707908645177,5.253758047057666,10.857727038696297,6.5548403644235975,1.916424414954676
2021-03-01,5.4186178566252075,5.0817067387780135,5.760923521651673,-68.06103529951876,-0.5117815213420585,2.296495239270868,0.37183682041304067,0.6656276698514318,-5.044184332963364,-1.5174798019234936,-13.96060493039537,-1.1952333523841174,6.444116437363334,0.6417738116160976,1.0359350131792233,1.2801192016978824,13.416203484940148,-12.519961068918128,NA,-0.025688368127152472,NA,-5.9166977335660675,-5.786194187893745,0.28129413766146416,2.5671102460816386,1.2244427427904103,4.249863694995182,2.9042962588950783,-1.6167018791968357,2.5250510968887143,-4.097642275004221,0.39900223027515835,-3.120582060447674,0.03607373510492451,-1.4223137550456233,0.9713550107865565,8.813597605632495,0.9322798535125187,5.1997523971618165,9.901624096709405,5.243091866441674,2.6388662985782574,5.927668636521233,-6.56175717099261,2.7925957720203343,-12.46340930001697,1.7137785690059637,-5.102059289634919,-2.1527823882192543,-6.216466318857616,0.9877691999661486,9.011929316034273,-1.6167018791968246,0.036073735105102145,6.973056880148887,-22.42184164181942,-39.57700602570746,-0.1921828222519295,-1.4759181133879196,-3.120582060447763,-14.430772547581405,5.420979581026852,9.117139263536078,-5.109910077591007,-5.192784992253596,8.397194587326862,0.4947091898774715,3.69222382318094,3.8362304797662894,16.755310050340988,-0.4204799659729197
2021-04-01,-1.388253877760981,-0.646354974162211,-2.501713748682022,1.7586693487416039,15.395039328405712,-3.8512725979247486,0.9532392704893589,0.8090659020153657,9.310599248334938,-1.8519047767237673,35.1540627968659,-4.142755525666287,7.439630608163661,0.7250588135553571,4.512914049472894,1.9310058594067314,7.606354664845316,-4.156277995893642,NA,8.989885495301753,NA,-5.884050002293328,2.8228845239761213,0,-2.0519945624486335,9.173419273117279,18.259423272030762,1.6905821269923127,0.46100412729699336,2.526859417488497,3.9121708153447843,0.39445362586132404,-0.34894433937529,-0.15159721365671786,-0.7904311655337004,-9.537349966462017,-1.3072081567353067,4.274154837727107,-7.280961582962853,7.392542174592709,5.7183522176716295,6.697712577235393,3.676149359399261,3.228628479523099,4.577196404511241,0.6960081134048224,1.319013243327305,2.4041844862437323,2.327486739405682,0.15194314796214137,1.7206441967263508,-2.885740478900356,0.46100412729703777,-0.15159721365716194,4.6158396050136385,4.721953912622778,8.272309479266582,0.7362725131092596,3.178787431275776,-0.3489443393757341,-12.885274216065046,-1.0317679793069523,-1.7020267370077669,-6.208199394710423,-5.45213518825145,0.5765881376475157,1.1217221761148581,-5.973600041098182,-0.7250782466077688,-2.4067807821529286,-2.069913241176291
2021-05-01,5.335629599203262,4.925323433283513,5.626727526240405,10.135249426028736,22.03677339420034,1.8627700475888909,10.039117736088832,6.775654483177202,1.6756275073088078,-4.134134015644131,8.768678344371338,0.08699435102792474,3.295230113851755,2.5120878915270595,5.27643143141443,7.990228257173904,12.737133237379172,3.8416691343357456,NA,12.947054239206501,NA,-0.40485885260004295,5.63968180126837,0,3.750660745757756,5.848119196112789,4.772315100888569,1.2363698199181261,1.5764036724789543,3.3965529155630336,6.585263256233265,-1.2106497737798705,-0.05498533862926536,1.697687706071882,0.17619209491415155,6.158838784060938,7.598590697792229,9.853813285876534,1.0701449648200523,9.02454086304516,4.803865806681795,14.417905879901216,8.597265859789971,8.106531752696977,12.953497593604979,6.194721168685646,4.719638074844923,4.998963369135012,0.42842880280247186,6.834642129367463,5.588065842324053,14.902556960135893,1.576403672478932,1.6976877060720597,5.07580214105503,7.43574331055159,15.787413207324974,1.8017905161504366,-3.7641892504210794,-0.05498533862775545,1.6115364646573482,5.470668107644006,10.815029277264188,-0.20682530640598884,-3.1125867983281097,2.8739667063198304,0.8182691653439375,2.93388772752724,15.436510638127121,0.7467365128495551,-2.1680785449483153
2021-06-01,7.823384374946407,7.132211827546531,7.276467220088811,11.23365419611211,14.521121232161827,-1.951479458292893,3.1671601059707344,6.263064054330048,-0.4938176615796652,-4.992717395650703,6.254413582293705,-4.955567449074893,-2.632228333810449,0.3269606339536324,-12.350790742602058,-5.093532051582006,-3.6546651251306628,-3.208177994472994,NA,-4.266221431712669,NA,-5.632353991704431,-4.015639046001862,0,4.257770188081117,3.4668426731054858,0.259595918082145,5.765211910793777,-0.80998872468383,2.1716712148734443,0.8653068124815699,-0.6992144550178381,-0.8665960732696654,-0.3415158068531987,3.894985036901799,-7.641802830960365,19.845093872383845,4.176941287629443,17.042565232313045,20.14085051143031,0.5376863807883048,3.179232580502145,-5.36133440723372,0.4216945354955648,0.7918030840215806,2.26414705191349,-0.46911154405178124,-0.851604813454454,-7.702694116580755,-1.867978497024314,5.1088794074648725,19.41010582135787,-0.80998872468383,-0.34151580685239935,0.6398365628986991,7.561650438540202,12.658352935554262,-0.7969384740815322,-2.8092623369992964,-0.8665960732690436,0,9.086504465259804,12.843333247002064,-5.971923470162199,-5.362191554734075,-8.880086585778546,-1.9391882346280924,-3.196043036941071,-0.2477959534945562,-20.04640625447971,-0.7775598700839659
2021-07-01,2.040230672681176,1.7903638400124322,2.834310314706734,16.29087291271416,19.427779332836348,-1.667511413058953,5.96522130713073,10.657397221359833,-1.7168183684337368,2.027096437361897,-4.1904847013693125,-3.3825934451931605,-5.322061921987498,0.6409552203488822,5.6675431489289885,-2.3439087395155767,-3.336656425874107,0.6124841751267596,NA,-4.948610291722311,NA,-11.831966030033136,3.008056813346194,0.6718950248744998,8.711537358058452,-1.6305400539372794,0,16.857165077883085,-1.910245753448625,8.937871886638712,1.6519885799685774,-1.4810878720892262,-0.16335424269540155,-1.623832202974107,3.3301724549040013,-12.793192048344848,0,0.9049835519918226,11.573247810562748,31.382386519169625,2.062654407953346,-0.13533380510155624,-1.8937466692166893,6.471450734892059,4.563533016280097,4.560484663258535,-0.14679536213373368,-1.467735914253332,-3.395063865782344,-5.005601410266802,1.354978644607474,15.637947835201604,-1.9102457534486028,-1.6238322029741958,1.4955602211161434,7.444423427409408,17.350312134740697,0.12373604559030582,-3.3999175920042646,-0.1633542426951351,0.46924216250232575,1.5016967404917203,8.004270767353638,-11.148423350835568,-9.962875521907577,-9.45614152486458,-11.435926503392183,-0.4221093350340155,-8.004488976229673,-1.1428695823619606,-8.317524608363325
2021-08-01,-6.216093894118746,-6.054060867673083,-5.852921597372696,6.242315566218792,20.95615272984204,6.5372097813477525,5.684834896863,0.8546609659722759,2.334720298750448,0,-6.600975727975333,20.104869584654274,-5.8794016141210825,0.481369667745124,7.15377886192643,-2.4684285398342887,-2.370661070696034,0.051048624922778174,NA,-8.161455762080294,NA,-2.6929411878631626,9.784945428252989,-0.39138993211364215,3.4846731331550584,0.42929508044573517,0,-0.6134988567516153,-0.4238372030951454,-4.760105406429885,9.582365863460574,-2.6052978305031615,0.39978246958938257,-0.03622532189586636,3.618485220590051,1.7731525771043644,9.079089228163628,0,1.2112082152852643,9.344142342061623,4.131449825841216,-27.80465045863796,-0.8573472787171355,3.23935410751508,2.907966282149843,1.7007344375015165,1.3623394711757442,-1.2557496803772494,-7.4250998926170375,-6.812532275805294,-1.623217372188357,10.964165893034394,-0.4238372030951787,-0.036225321896043994,0.5823863340337798,4.180154491452015,14.159716935415734,-6.64838361164044e-4,8.10965011499043,0.39978246958725094,-0.9406965920434551,-6.750547224011871,11.995149585655795,-3.755134565213236,-4.1136905560489545,5.128780025508828,5.036483187053214,4.506994789689517,7.453085771326595,5.5880458394457655,-12.619232328672947
2021-09-01,5.5543687185163115,6.335959168319594,4.806368393406579,23.304350289212937,39.24542323905156,2.9265931278736446,4.210862483594946,9.437371593785816,0.44571950955887285,-0.3350086885282044,-0.5050591293703777,2.8125782154846624,-0.5801321564086415,0.31970446848932355,3.4059766083388787,-4.942624898226189,-2.484691965388741,-0.5180751175546838,NA,-8.535726673471444,NA,-0.7472014838700858,3.9366479961015166,-3.7094124406240687,2.537856619054979,2.7807827731322066,-26.185414457699764,-7.15936531870085,0,3.6471278631498323,0.5120338887975251,2.877316331412949,-0.2909092960694082,-0.4575669820090944,2.322282134932696,-6.124639474460347,7.472354619593702,3.3225647628320587,-6.501601905759102,5.765788940100425,8.52259380286835,-26.411715657033685,-0.4860171590159723,-7.13054262367514,-0.39106746467876263,1.2232298486679838,1.5959913597477282,-0.5695972618541489,-3.586805739325616,-3.396480896610532,6.517768976361804,9.075382473664728,0,-0.45756698200891677,0.3476668038405073,5.735230368115607,31.788692689811704,-1.3958899609559872,-4.663722497566081,-0.2909092960686088,2.258156049165194,5.500704541370638,5.729406034612694,-0.2554279805096371,0.07084104353873855,6.22435301740536,2.4768577297497707,-4.857042741318085,6.987497014048838,-3.4651457972543653,0.7359834195992399
2021-10-01,11.977535167041431,11.450092022311775,11.716761314942215,6.9325425603417035,30.713875492206544,0.36990400492760145,6.654833835605611,0.6099904541269408,1.9181965867174133,2.3218290102007266,-3.7217382028908785,8.531885190293863,25.83988887896025,1.1617827333485486,10.353471201964748,-1.0094722947010304,5.883866164514284,-3.6970292117997516,NA,1.696472215912248,NA,0.24968801985876254,4.9474132197675935,-2.9500664396697824,-10.44275124000213,-4.145924163437975,-4.144543856030458,-1.4147075601165682,-1.4632529077956535,3.62677111259318,-1.7517191864803938,3.661956362418195,-2.6515347727881,-0.29891029436814875,12.410730252622383,4.479952818032018,0,7.429469608293537,50.663776242551606,6.028500557951499,3.4612872909870696,-1.301396534651822,5.269171622836311,4.20385295160477,7.814500114859868,-0.07480781478719223,10.136674077511465,0.09628406229218456,4.413138415516471,0.9785905811932061,4.4286278216326025,18.984163300761914,-1.4632529077956313,-0.2989102943693922,2.3955505408563393,7.8805335531924925,22.10336762826408,-1.4676333827083887,NA,-2.6515347727848138,4.189069852463589,12.785573011962725,31.259796624772118,1.0178204915756162,0.3769736656219713,24.21549687086353,1.2475285342170546,6.328812421414531,9.704745675369164,8.136908254000108,4.335325757269626
2021-11-01,-2.6506881777574876,-3.5035817978628536,-1.7638017802388717,-8.778833910698957,-11.701383902525508,-7.027422469089551,7.16277444577913,3.8767433815788954,1.8030433413536162,1.9481135571822517,1.0980034259352234,2.4541108916117604,1.9477690804329484,0.7723939670464475,2.293661227888233,-0.16500606650495797,-2.772108290933417,-1.8400483333651074,NA,3.7149985122574947,NA,-0.24968801985876254,6.753505616436684,-0.6006024060212001,-0.25538720959571437,2.8475168867964085,-12.488226829452293,0.14465722572798434,-1.607542111873439,0.16176870607860772,0.9312017625618396,-0.47489822816242366,-0.766152310041246,-1.7455792147807792,7.514192858854985,3.1332368481711503,3.745905804724181,7.329858319816385,25.903831905121866,3.1320217783103566,-10.706627995027063,-24.460730856046542,-1.0258744687144272,-0.6353220751085686,3.7354497317890534,2.903710154486383,-1.4582386301080774,2.4960933101172422,2.038851249100748,3.2027617684001974,7.690324649697811,-35.46217835445873,-1.607542111873439,-1.7455792147809568,0.7588504637366267,20.900886259027594,-9.389349230146227,-1.5165801544033464,23.82065605775301,-0.7661523100444434,0.8397104548968137,-2.6668247082161756,-44.453556958961386,-0.2534855603188113,-1.0929357668993056,12.003348454418994,-2.3980267887285094,0.753635092931404,1.6666546075713384,-0.34638067191874455,1.7037440073596422
2021-12-01,-9.23531380211049,-8.336007728482642,-9.23571508058414,-29.58198993490777,31.96351869349825,-0.4581516142546538,3.4611833811065917,2.936354347868708,-0.41970318124668893,2.539819060561044,-8.413880518606687,5.50237014962327,-14.518981966547528,0.17892806456654142,-5.3909350118911625,0.5609960604017417,-2.224906696672324,4.209448280358785,NA,6.165758266228849,NA,0,-0.698175422174252,1.197619104671574,6.721194611193582,0.9442212939708039,-5.284277113399965,0.9238990368397371,-0.9947702965941274,-1.11067104092569,-3.032119371496189,-0.9400578520917691,0.026321561898257073,-1.0907025801798476,-5.273344314657191,-0.41040084616378314,14.299635179747217,3.2066786816812076,-1.172870188982511,0.0768096768396731,2.216153023595613,19.498692433504416,-1.8436130322667665,-1.2216048126558299,0.6714862021764745,0.4139845270300313,2.6211250081809467,-1.7347252313265393,-9.434826120821604,-7.038252030689041,2.4884241688309494,7.443902515470313,-0.9947702965940941,-1.090702580178604,0.7643451863738271,0.4482155476132732,15.47339508046246,-1.1977027924715777,-2.0172219731344754,0.026321561898257073,-5.106038591054496,-10.160679955769147,10.731173578908848,-0.25412974286727064,0.6319968369703055,-9.66069724380123,-2.0740995906601083,-1.3037392625354305,-4.644540739983061,-3.8735057334944756,-2.1497750768796564
2022-01-01,14.123267701366693,14.062165942331184,13.299867791501274,14.901291022280482,-29.682838250873587,3.5044567636362767,1.1128536838857395,-2.3894067674151698,1.5136931310846924,9.559512068102105,-10.836199736974406,2.3619425822880458,17.30832600592933,14.487997997409074,5.699264617454158,8.982559408788227,4.0515543844580115,13.140364862547571,NA,4.467431834008728,NA,6.53194661206431,-0.6843778792310573,0,11.36568485125123,1.0208551184897052,-8.084680419076633,1.0945457500617373,0.15028955664427857,-3.4080040067364177,-3.346237731640467,0.05856515540756391,-0.8388724481389609,1.830953203039165,9.535561817097483,2.6962732334345207,-2.0240828233603736,-1.8060077215277914,-5.025303139093484,-2.745711141296603,10.900879244050543,12.49770388911191,2.3914012162258302,1.3018308226261155,5.836052859887708,11.055843115721586,5.715187635186858,1.419147886700145,5.11371297897476,2.7403772157613915,-6.318999009853243,14.921239818667509,0.15028955664426746,1.8309532030384545,-3.525663371883647,-4.244578931687393,-18.314646209707774,0.42369972332663153,-0.8148059844901745,-0.8388724481375398,0.30799976963811204,15.016840467067905,16.75937500837108,6.406130805287624,5.664056821201235,16.519688111844122,2.942701056202848,3.2505075178664855,6.813320030605841,3.598581271957979,-1.682984877481708
2022-02-01,10.856082295354241,11.297786965702805,11.383133496863174,7.237702145624003,-3.716232922108631,3.3313165567699587,3.1768295658333834,-0.5195290362064675,-2.6033166803695718,2.8091734867015328,-14.711895997767854,1.9418085857101586,6.330117266460089,-0.6762092105947026,12.402389531624536,8.74635308093401,8.23745422309532,7.8456205329128,NA,5.622659844914679,NA,0,4.253066644387182,7.17667983696767,-7.921499652371971,3.176352971859542,6.4781585517683205,0.6539856840401814,0.20297408018686847,-0.2822468709739512,-1.9956316383459294,0.8317367367892459,-0.22598879674129435,-0.1328413479484425,4.703965616546935,6.78740970871945,-0.36455209195702665,0.8299047912763591,-12.869892797942395,0.7923921499484621,7.675513404164214,7.491608783366033,1.6307164075886504,-1.5118971163989414,5.111339799171333,7.163363459257077,0.5790147465708273,2.1937965898724876,5.408575054852172,1.6445766800207373,6.604497116155983,10.96771566018635,0.20297408018681296,-0.13284134794817604,-1.8343748641133306,14.605490229024332,0.3105914252308217,1.161537307371674,4.270509392586241,-0.22598879674289307,1.12239904018816,9.867314237805402,15.321764612794908,0.713439411387462,0.692129817742515,10.653343701472906,5.441561510020176,0.6387291997757782,-6.715806614785258,6.006236662905184,-3.0073406517295176
2022-03-01,18.360949398777837,18.820438605645773,19.436443000972314,4.742231695450316,44.26736918522751,-3.670308877534434,-7.936395441000332,-5.262644503126868,-6.470613124401203,-7.474742650781452,-5.672827227758659,-7.410797215372189,3.7614270407477335,-13.854053825531842,15.464227672020936,8.537771101344216,20.40137897008716,5.462160954474893,NA,13.68271127702938,NA,-1.1778699192612763,21.939774812999957,11.055475842427793,4.523295501412522,1.2337373759840675,19.307159849880378,0.5171788402394295,-2.8979758071265405,2.649715750147133,6.450352612435706,0.9071079180381858,-2.9513283594496897,-2.747692978218641,1.9461156517305067,0.453494092897444,3.5590945102701887,15.309970758128344,15.909315072075536,21.058842667619082,7.493837374072854,6.261581842612074,2.85256918945489,2.067419650777058,-0.07660376419913462,34.542649725621644,9.031687490490192,4.813067318530262,-0.5868146396743157,7.257154237996799,22.764933271108223,35.68933203112765,-2.897975807126496,-2.7476929782189075,2.06654670209101,-11.74847757521933,31.655516039242215,4.688226543650398,27.476812101730985,-2.9513283594498674,-0.33137551034458923,16.76995136653332,40.485392340950185,-0.713439411387462,0.2902545452933225,-0.047091487343742244,0.7936347538653483,-2.5511154709276562,21.48764721869645,45.42620487169336,1.9230370406141617
2022-04-01,-8.33003782031625,-8.868798166834235,-9.674344054035,29.055474166302055,-27.488608312916575,-0.14895126432282746,2.6947166951513113,0.09627419632611822,21.503230039093356,19.958462421773525,46.278505973480144,-0.39525743158234095,-6.273285678775142,-0.3675790477863927,-5.448062183347258,0.026363440998000698,-0.4799734651714793,-3.723077513480444,NA,3.6971297316964247,NA,2.1102776067735363,1.8297541801236328,4.793946228911911,16.808846050193576,-1.5560954723088383,6.167761627714096,0.22083188952284338,-1.7855164637153198,1.5567704813370997,3.151901314631045,0.1253715101515951,-6.265062368345031,-1.7149402072954345,9.580605343755089,-1.2950537963435371,33.34707336174567,7.707787039030656,5.84310834358428,20.6743823235632,-7.536363028776805,-0.5406844241417019,-0.6817315503454324,1.5055572461095679,-2.2051765437582915,-2.3606117074036703,9.576872594585062,-0.5647827322143861,-7.797760351688243,-3.0849434860241054,1.6775139294617603,-1.020988561470837,-1.7855164637153642,-1.7149402072945463,-1.4400074775247962,7.4950980778045295,-10.755943719840833,8.15965991336407,-4.428650056849204,-6.265062368341567,-3.24043274986332,-6.384438167367268,2.541969804500255,2.3585999005879543,0.4729299788631458,-16.780838266078035,-0.8037814727890659,-2.476852930261253,4.691871185940144,-3.6826255452826473,2.6977267248858183
2022-05-01,6.2624864937038005,6.043553228197762,5.3472453161025335,21.995960697830164,-9.893092412569038,-3.680654040144371,-1.9469776167173602,-0.7921981339429895,-8.20959814540052,-9.75130934353665,-7.9666320862728845,-6.054211696782574,-14.420244456398201,0.04846745086179993,2.0108570697639827,0.4567861328236056,0.7861148965921494,-8.952317740401128,NA,-0.9600546378562669,NA,7.377646212250788,5.309972996336221,0.23612761856797726,1.6140112619608487,-0.5550430530648853,1.4411535325990266,0.8930591526692844,-2.28949868638495,-1.4192377956505324,-1.073904465456521,0.3214134800117563,-1.9600784313809072,-3.897363943140242,5.285336965189491,-1.7532478761640657,2.1804629966852396,-3.386126889052399,-26.80561079950321,-2.698308730335075,-13.654373597561875,-14.213500379332622,-8.031838080142961,-10.530870519728186,-18.390085040417503,-16.608597015133064,-15.042024756255934,-4.669360570165004,-0.6883742309065966,-11.379324624415377,-12.429000922177025,17.920695863657077,-2.2894986863849276,-3.89736394314113,-3.3371042720861332,2.3756505304472153,2.1759251122991152,-0.5601674398789669,2.5586917212877758,-1.9600784313826836,2.6789451857777813,7.402375335322908,-7.563741420562042,6.541226518616838,7.939184845999581,-13.08119423297347,0.00644963886383132,-5.1395304764876855,-2.1282428024997913,-9.028276393946832,1.006400443149147
2022-06-01,5.910430263088884,6.636118940539504,6.61700826960212,-5.862043783492865,14.010171220781586,-1.890900906339632,4.970036672491029,0.6862914182239721,-0.705021129665484,-5.541583914156956,13.166312870714393,-11.901099827152228,-6.424260849764529,-0.004659311168264679,-13.433381525127963,1.775360594960862,-11.379178567434511,-0.31948003014266035,NA,-2.6819447443601874,NA,-4.4059989794030585,-12.788820148692714,-1.5209418663528707,1.8140442288873153,-2.2040751550113313,-2.5274282578437335,-1.7941657744673822,-0.04727461913789366,-1.1333915382443605,-2.6043138536019916,-1.674147011266669,-3.898179307089489,-1.0330170144762008,-6.028498484311329,-1.3600327043664207,11.99593150789795,-12.518650677175192,-2.504603192608812,-5.9985936930167405,-9.90396730002745,-0.35884749330410415,-3.833721026312098,-3.61657524726402,-12.522386710801392,-8.955597996694742,-3.2992163443452682,-0.6474797861873327,-0.18694815285167365,-1.606072119461155,-7.228357027938603,0.5952238931786091,-0.04727461913791586,-1.0330170144768225,-2.8714397423493576,-7.112985039175612,5.647137031775884,-1.6131023658322086,-14.320013909437623,-3.8981793070896664,8.042285467001342,4.452316592444117,3.975902977334833,-3.7824308667339324,-3.518245240805218,-15.283013729340045,-1.1085384333500683,1.1556558417876395,-10.339660837846854,-9.832100799923538,1.3368235545303975
2022-07-01,-10.570938421723941,-9.754451951964693,-8.330271777312959,-5.599549740898668,42.50086999031106,-3.646637024573174,-6.763928368634176,-3.3997886149047085,10.988390789949975,13.317520384070347,8.149501041306074,11.409007445592135,-9.879581240345736,0,-35.110411037442105,-8.322707031027932,-13.313350468669238,1.3914183568477512,NA,-3.871050044729607,NA,-6.034312990746837,-18.36061344208213,5.904573347670661,-10.890456114114448,-1.3461466344332873,-7.008627571739479,-5.646907457485151,-3.748210813448938,-3.2206173329622807,-3.6543561138520086,1.471115116624766,-2.061928720273176,-2.755221776908545,-16.26295850557542,-13.202669190960082,10.709813555636671,0.8007518249410595,-13.809666305609714,-8.410158661295153,-6.2379175625342675,-18.581549194082303,-17.907875897097725,-4.007861935329071,-21.728600789794683,-17.766971267444198,-15.602861465145956,-5.819573090636343,-9.574410661343258,-12.22756229007298,0.03189284032769635,7.247979905484847,-3.748210813448871,-2.7552217769082787,-0.03493942265815342,19.511704958270705,27.02470428621453,-1.6793837847744797,-18.19772887566158,-2.0619287202749526,0.864256067969027,-13.769148057653258,-7.9515529214125635,-6.802152609731937,-5.253121938943561,-17.798231974938883,-6.553394401984019,-5.0193789054133635,-14.105693756797955,-19.103289514314792,-0.2016987111666424
2022-08-01,-9.068331107425642,-9.954240619696986,-8.554397522138135,19.124875834381516,31.084250332289542,3.686675686094676,4.823337698461594,8.872905580779033,1.821291758208532,4.867140637581224,-0.3545669863357137,-0.21164029063777123,-10.673689094200878,-0.003727605246961474,-2.947504969195247,-1.0509171729406575,4.175334625209448,-0.02240980064653897,NA,-10.82386604422938,NA,3.062665757899108,0.09407338417197764,9.057912089234755,10.268633872458349,-2.965492373919121,6.2892043051871465,-10.607604173088392,-0.551345297410899,1.8490073063468921,-2.3256862164267145,2.045483920561608,1.1106730335030512,-0.02501980747799948,-5.176336552962013,-10.02461797286973,0,-4.4806939274976365,-1.6355994729065237,-13.085552313123294,0.9245376556554774,0.2575661436795329,5.630905166131761,4.314208965279054,-2.990796069744661,2.6437438539113955,14.434544239683156,1.8197396895883067,4.432921063929918,3.3457591191358826,-4.516282236403235,1.1789995313612245,-0.5513452974109434,-0.0250198074771113,0.8848422309526871,11.636963232253406,27.485375392616263,2.622646868892531,NA,1.1106730335040282,0.2409053286252849,-8.656535274218324,2.0353267958218346,2.160948433285448,1.681738933782384,-10.357296108059533,-1.671791660436872,-6.217215240763119,-5.836043153115078,-3.9735467903802224,-3.790313545775348
2022-09-01,-8.42366804258372,-8.948539187706839,-7.562791479878506,-12.373527703694576,-16.984318041643398,-1.071482096789833,-0.3507989864044214,1.5474721722212426,-1.0437528966986243,6.439005405987297,-11.518779004215919,0,-10.376722717737596,9.319143384090012e-4,-12.067722416861049,-0.9973427184615247,-3.20703662442563,0.2108268736161989,NA,7.579374022429963,NA,1.8391322971424096,9.053560588348653,-3.141619623337882,0.14166314857893825,-2.242785236428091,-4.77542654510793,-9.248595938140758,-2.18582483627634,-1.4478606366094242,-0.730956304871333,-4.931696792111673,-5.594959672984778,-5.6358980757246435,-5.637390362234729,-8.381935095387172,0,0.6020914239819319,13.690834813425301,-19.540252136767222,-8.856726276682547,-8.670240898206139,-2.999108924353422,-10.286984901140173,-15.426293560175175,3.1970523960094255,-13.805040994821738,-4.864339614000546,-3.0629974982905317,-4.034890966028426,0.3490125963464763,5.692768498833001,-2.1858248362763177,-5.635898075724555,-0.4664256919295173,11.238705431988505,-14.866118258832461,-0.0061604805194015455,NA,-5.594959672983446,1.0206200629032658,-8.783572612332069,-15.586701622301113,1.649036189941544,2.5865470376238875,6.2976720254413365,2.740901691605055,-10.033543658583143,-15.60807225086327,-13.69304760223411,-0.903513582548765
2022-10-01,2.359903407341868,3.241049680204533,-0.04414523854938679,-32.31132837464585,-41.51484237484735,0.45838586343693866,-10.810998132761096,-7.794212569050762,-5.788399977535219,-7.8744367511556,-10.70413091265987,4.048295400166591,-11.897555798212789,-0.001397874764474949,-2.261108057443284,-5.960925967741826,1.765606549539278,1.0382961545054137,NA,9.424620919277249,NA,-1.8391322971424096,4.389975561730086,-3.023988518971832,13.462790336135694,-2.0562332567087394,-7.206120142673495,-0.4221844689555443,-0.8308893682964058,-1.092592812620713,-0.9639995265059986,4.2073779865949845,-2.963077658609148,-0.4333413811961506,-16.532398042538343,1.0752791776261816,-0.7843177461025697,-4.773140282118948,-6.3555720075663125,-16.066983141091562,1.3740367504217588,-7.541129581307349,-1.2331057736052031,6.70852727372937,-8.559392060786308,-3.308188013754254,-5.1802565774076825,-0.9763232851194736,3.72333379415295,2.5125116278543302,-3.6564669095165314,-10.00590250777389,-0.8308893682964502,-0.43334138119668353,-9.864190652618099,-8.307532844430154,-37.649808931430414,-0.08690320085662506,NA,-2.963077658612878,-1.3874458930841271,3.9624186699144026,-20.609538644458603,-1.8868484304382704,-2.8122287282276837,-18.449956268887213,5.297293645904917,-2.6196350939581894,0.4263306137472611,4.084805281265691,4.203683859483398
2022-11-01,-3.32044535092626,-2.236792495383888,-4.874601016024016,-6.2903887893286825,-8.83242295809672,4.364967038217493,-11.551033695474455,-10.664492643564616,-3.236279838706313,-8.8107267510267,0.5935617602959686,1.3138137437431752,5.713083873224711,0.001863828676995638,6.188170298170359,3.595907144209942,4.691797738390946,-4.425559323750772,NA,-6.815998877299112,NA,2.066663680855907,-3.548935703626732,5.129329438755054,1.8729710098593562,-4.9798424230804494,-5.5636300994236665,0,3.685810472315598,3.828625840633568,5.163511630166329,0.18863971377029998,3.4468308367197054,3.953427397983411,1.2660289719703566,-4.344352041014499,-5.6695343676545384,-7.6961041136129005,-7.758992253410479,-10.023312099237103,4.133225207309454,0.8391657636248162,5.080788563032179,4.88554047034464,9.151555786604781,14.859792077493772,-0.9579950444806862,3.577289083913815,7.818154197619087,7.876683846326626,-8.543769424800818,-13.032966864410156,3.685810472315598,3.9534273979827006,-16.317424426970128,-10.899579472372611,-8.292391790142695,3.3601221093944034,NA,3.446830836723791,1.2423663787070716,-2.883250177097274,-12.295401512093829,2.3530497410193973,1.4183950646596166,2.1682537118601353,2.0466226886504066,-1.4461850639782754,-2.184902339973771,-0.8771759188380024,2.922078573058684
2022-12-01,-11.266511274539948,-11.841461751528115,-11.66536319483047,4.195459399472368,0.8944988938181186,4.0729786159810155,-1.840195364134023,0.20499548636419007,-3.2446013005077434,6.124362524071869,-16.29179062027506,-4.238501817077511,-1.2729300483650619,-0.001863828676995638,-0.5673007001903763,-0.5020905194025538,-15.869396304846184,9.636474949927276,NA,-5.99447884299007,NA,5.955453075659101,-8.992346506610716,1.6529301951210607,1.427562222753459,-7.358164096229691,0.4560244428645055,0,3.753327397915407,1.6009174371354713,2.4058899007693424,1.511597435027312,5.363002525115945,3.6635358983186705,-0.07927856921026155,6.950470175659956,0,-6.720019358032037,-12.536585281177803,-9.177374153604667,2.145099200243372,18.082053796383057,3.964413778973608,5.398776911415393,12.887687966705919,12.432575023161974,6.282468964154564,4.11569972677448,2.190087535122487,10.418940482545347,-6.29823108702654,10.286441725692264,3.7533273979154735,3.663535898319825,-6.94000129464607,4.933274944829202,1.9798852493053687,4.017284903269225,NA,5.363002525116212,1.8829829941429566,-10.250752135243957,24.01680742295076,6.089818220659726,6.690846509158277,0.5139467207013304,4.47799183299116,5.819462219741042,-8.925629894728804,-8.798890737226106,2.6103923738040713
2023-01-01,2.957538406450766,2.6710533612443577,4.145737480630363,-51.96475104445699,-57.98588580958093,4.375633521552547,-1.5501210208188398,3.3908737106501663,-6.2906961698264485,0,-22.107905622355283,-2.5102962136756113,-7.147718836166561,-8.52786549939717,0.16787440989611824,-2.999611810201941,-4.163570717552556,5.777491329013706,NA,0.17438384471715196,NA,10.171361683953162,-1.557375383547921,0,-1.214063184863956,-1.3182865114878428,-0.14284274978939582,0,1.7601802628568919,-0.05477951383219548,-0.31746058407726707,1.7193024775060906,3.332385238533675,0.3116033681613395,-0.5766569966627055,5.972395391993085,0,-2.600340662168943,-15.73744517292237,-0.9780029053639616,4.084581079914962,8.883523730367138,7.613354101176739,-0.6890428236103752,15.24841676949329,-2.6329183041191584,5.602392936378919,5.422326946284173,4.099013904581561,1.3921338518608106,0.9554212804811613,-17.612294543073315,1.7601802628568919,0.3116033681617836,0.2415667273598432,-1.873686604746494,-52.34164428448382,1.9218924975870522,NA,3.3323852385309216,0.6444513159619802,2.0565945050154077,-22.31435513142097,10.382761269697838,8.221333789643381,-0.662892345386723,5.5587816221052355,4.758312924010621,-2.9291049686158033,-1.2609561318515539,1.9038157629602814
2023-02-01,-0.1950248548639344,-0.4583843973074764,1.4636827915364137,-31.7033937742365,-19.928017470699455,1.0619005378332713,10.534600597624122,7.957775917023103,-2.442006168231814,-2.0000666706669445,-4.366647817612812,-1.6242912602936865,0.7546787343390982,3.58597111048784,0.8467504805923731,3.8401537772633,-8.38789872573047,0.024785399874094338,NA,-1.5303279324458074,NA,-4.956415801612124,3.713448046450729,-1.2371291802546924,17.603294143527375,0,-0.8174963817274006,-3.54279149145853,-0.5304064917153184,1.035713809994726,6.959329179919527,0.3729950289447004,-1.860836742230454,-0.9790690738952001,-0.9115102925942531,-0.7821922675075255,7.232066157962613,-3.918558784373527,-21.61259786555636,-2.3608188505757965,-3.483068640210174,4.299585512151793,-1.1278294121911614,-5.040281365316623,-4.694826053925638,-5.342099056841221,-5.463169626560749,-2.301120922971567,-9.390125113960046,-7.604487531027582,-2.975692012233111,-42.698498626164394,-0.5304064917153184,-0.9790690738952001,7.937600167039394,-9.224110366845917,-21.867385121607175,-0.996044417291575,-1.529246253625871,-1.8608367422285887,4.00782235674102,-1.639275172184984,-17.30391901719539,-5.05668895405833,-3.2910194323979347,-2.2255255172028754,2.39583527358309,-0.7465639566822002,-2.9030084096168807,-5.027689679449843,1.7144434147784438
2023-03-01,-4.824620182645045,-5.185979631703219,-4.650242471180821,-3.357465833112494,-18.006525154807917,3.5164372182443615,-3.2607016218811014,2.4333488426962036,-0.5559660514621423,-3.599360264790552,-0.6724568878183734,4.5874710209308,2.5512190334984197,2.789926621193306,2.297659920898365,-3.554887800567652,-11.030609003100533,-4.144036709082943,NA,-5.404815061275503,NA,-3.3060862260887447,-6.512809747902093,-3.5906708463243895,-0.9105634457622691,3.892446074406375,-0.6451255062647598,-0.599522179389611,-0.12136490310123982,2.6753869629484424,1.4233369122914619,0.7388959469562195,-0.6375898282415804,0.3301695116573633,-4.09771350170578,-2.289030524238295,6.744128079553313,-1.843370168883851,-13.133600206108653,-9.245642276801291,-5.083639205107637,0.6016348186145493,-0.9023885344081606,1.0512805221715382,-11.269398882468629,-13.774543450718468,-5.455272161201918,3.0894854054631438,1.2190090103935347,0.2505867315782062,-1.0668956349567438,-10.269714186913781,-0.12136490310128423,0.3301695116572745,5.467941799103415,-13.852650499274999,-13.849147556128472,-2.4035269953988525,-9.124446921315776,-0.6375898282422909,0,-4.6210205174452845,-5.564292653209524,-2.947581813295308,-1.729335678344679,1.444179053654615,0.7121605231856356,-3.1757907053673984,-12.040516348206864,-7.4845207554486315,-0.8153071189632932
2023-04-01,7.537123109378552,6.864474858756342,7.825497106725532,-6.44199402327178,-2.1334101840081665,4.81723003980945,3.186674315489313,8.294955017233852,9.581340796838234,2.0726130517116914,35.277295335417655,-2.107559567517525,-3.7286724457313625,-0.5801380427054248,3.356406700333725,-2.1636638822919885,-7.770009191372473,-6.027919327985032,NA,3.007714554574381,NA,5.118824685344414,2.224571709634393,3.1748698314580217,12.518003295022083,9.235320932044822,3.1445723944148796,-0.7847912298301285,2.408865494021062,8.716536020576356,16.247019536681684,1.3372320468386434,0.23206208715249588,2.5385790840275924,-0.24140657223595818,-2.524157073067573,0,2.2989518224698635,-0.0382848396712987,-10.585119280211686,2.01789308963507,-8.941499420640397,-0.5308595808715566,1.6062775451091582,7.208005083886526,2.568641811834027,-6.974030246866381,4.450063302130225,7.93252170048202,12.932479609655534,4.988966950284901,3.696260986348321,2.4088654940211285,2.5385790840274147,3.259255210998835,-10.978829587585226,-4.163059322848106,2.0134811851399093,-2.676243692919389,0.2320620871491208,-0.7168489478612372,7.948688701101414,-2.287661051840306,4.593709518702482,4.656537940798344,-3.3755664266079677,3.270263224935216,0.051555884036502686,-2.6541550690402538,-3.8130010107004786,2.325220902840197
2023-05-01,-10.658295475556745,-10.534730553094285,-11.02367269314577,-0.6825331197566786,-29.080726374867805,2.79084062835695,-4.199158104860357,5.751847577449054,-8.675287724250236,-12.841629195775205,-6.038185677302299,-4.955723145327207,-2.4755699453903546,-3.4779420437328845,-7.344092195947205,-3.294703464455928,-4.12784226383236,-5.168517429437358,NA,-8.22245751293611,NA,1.7804624633506627,-2.7994106027378507,-2.531780798428984,-3.911937916653857,0.11423231939520218,-1.7946607326205843,0,-0.8608900133014075,2.932621650974794,5.087895835510537,4.271630920379188,-2.684179040336865,0.29681943896928686,-1.1733129687717558,1.000621627906656,0,-12.447126114731155,4.940082894712816,-8.980389486130314,-3.2367418311062046,-11.011382274172199,-6.955922769747502,-3.1105523822069436,-1.0129149844935625,-8.395518024821058,-11.144288126734203,-0.382775586976436,1.1346391132149414,-3.015834218560265,-22.235892985379202,-19.113109326391875,-0.8608900133014963,0.2968194389683987,-2.238980606855079,-6.735558669292496,-18.619845879409258,1.8049125882252604,-6.197525909711743,-2.6841790403334898,2.027084888072217,-10.404662032882328,-26.120676136136467,1.0152371464018373,2.0091700493798825,-2.4228045643204688,-2.772025326938116,-0.5611769877352346,-5.9081798119252404,-7.319630938349064,3.3342543925497736
2023-06-01,-1.1670116162158628,-1.0757790182127636,-0.5475806670697914,1.7091274734754691,2.3644900344616193,6.781347297840501,-5.9571773566274855,7.526717645200398,-0.6558408943680538,-5.881383300064136,11.15213902348663,-6.902484539624421,-3.3938085918885363,-2.287375781356893,-13.393830151467068,-0.5240598737402458,1.884351951041463,-5.468589738738405,NA,-0.47388571221018694,NA,0.78125397367943,-6.238352351797083,-1.2037978559478968,-0.03764351658008813,-5.756754541809483,-5.010854155791245,-5.182506786458596,-0.3039936015229783,-3.1506185884629834,-3.240931779638989,5.645144850912942,-3.0254166765882218,1.1151939694984847,-1.6834150822972127,-1.475372950453907,-0.14503265776468766,-21.930027795551243,-13.559448038598543,-12.722342943547016,-3.7661495617288487,7.597430907714209,2.1554958490733966,1.8681201018353022,6.3826955970322174,-3.4125875585340637,-4.133629109215864,-2.5022715810243845,-9.064070021681214,-3.5655148384049706,-11.510280715050403,-14.067836415537283,-0.30399360152291166,1.1151939694989288,-11.859481908579417,-5.754777046670512,1.3016299083434824,1.2808500519723154,-1.3561407187669516,-3.0254166765894652,4.246749175270104,-1.9179829237164547,-4.386058695240447,0.20181641562375674,0.621189132662181,-6.7249160537032004,-0.9612764890888845,-2.375266203509435,2.3812959621933416,-5.430812060584866,7.709405801018399
2023-07-01,7.5176603384417895,6.725548381303792,7.468176147403138,15.677746274631554,-8.099966970852845,6.544383694648337,-6.937524707744602,-3.5042667612316336,-8.83320657647364,-26.741141581261907,3.481740929423971,-1.0850016024065767,3.364215308393259,9.106440896568913,7.261353314757546,6.849152657650848,12.018964838817947,5.09036424394731,NA,-9.622669101604497,NA,6.222553696681565,0,-2.7182734593802382,7.403535764601626,-4.681322777597607,-6.726577272727269,-5.600763693862909,2.009383525961006,-6.589734887261413,-3.9399663690203646,0.6579499771586228,0.14876211435153053,2.030884870586913,0.754070146458341,-2.7426136660444413,-0.5822432751433126,0.5752652489449339,15.180258359084409,3.960173811502532,-1.1518191642593933,0.8601071103772284,0.9501529415073762,-0.6507569025034243,5.456910943198068,-0.6711025472348808,1.2217469598711617,0.4170610474756309,-2.105165558561062,3.520175514008539,0.9197480800913205,0.8641367823903678,2.009383525961006,2.0308848705873572,-14.369986162903214,2.4130623311430455,1.0401963007754311,3.723016758435538,-2.8201922692968395,0.14876211435428388,5.800370212876604,8.407622738233922,-1.8738069367340238,5.491575759611411,7.329357823756499,7.287561966822675,1.5606775557495858,-1.4973541790162692,11.201221182939136,13.133346877689966,-1.0840857901641243
2023-08-01,7.01659891222004,7.29649971091586,7.3655115821311234,1.1871308043609363,15.914707469065803,2.1075487935593884,-3.5562108316848695,-2.347451169773307,13.914609683487566,36.86211938970276,-6.645352959693518,8.61220928047458,4.819075691885022,0.6798775366241294,-2.033048428879791,-8.20312207543532,-0.8142309170031226,-0.5175483305322359,NA,-15.487912538650317,NA,14.917619647071056,-8.982021216922753,0.4434597067865864,9.209151323376796,-1.2170535620255274,3.7567172339058983,-7.934912887299239,-1.3473121420261247,4.779066383634848,1.3028131319026803,3.8029847444006393,-2.6099085013270518,-1.399170830460772,2.9085652441205534,-1.5394267954118301,1.0889399799268062,13.874721206493135,14.185291671168887,3.4220914593329432,-1.0781474451567519,-3.7666385610808817,-1.5161521892347096,2.0981496684510326,-9.74271148201229,-3.1431020472989957,0.08604618342458181,-1.670443935976973,-2.7110254645582366,-3.4348039290223564,14.201033099170779,8.175331962062682,-1.3473121420261691,-1.3991708304613937,4.207144789388573,-3.4847602637789077,8.865029941563751,0.19140593459701094,-7.929910072923985,-2.609908501331404,1.995783934094586,6.35234754552263,0.8794291546059263,13.543797089510434,15.998502546262827,0.03105418981039776,-4.0056505494258055,-0.524773545707008,-3.7912171568113884,-4.870256692801522,7.358358568451884
2023-09-01,8.47741779109139,8.705393108653148,7.204405609113795,2.1057439627577,3.1430124655891234,4.205870999758088,-1.7340069849928197,-0.5875031988428647,0.42192962220781727,1.5779808195352185,-0.95498865911261,0.19997784689110842,-2.526438526158703,-3.1646317728461604,-3.6941766423035816,5.838877832182021,-1.331470504675103,-1.025529805989489,NA,7.513684846796753,NA,-2.390552085355413,-0.36161815774553574,0.4415018209116772,6.445879857194436,3.675074445622317,7.628031443164174,-3.8490163991361293,-2.0836981137382082,5.195973893071104,9.322031488486559,2.6391590630966633,-1.9966475259170835,-2.405915457709362,2.0838385560693506,5.603132075059153,0.3603607503298356,2.3835450264834357,-1.4707107819506682,-0.3205085494402127,2.2263047961773808,9.332834595995365,-0.8711795377319476,4.461081869820127,-1.9398542025692578,-3.962318861866798,3.622428527162569,-0.14342902071575736,-0.44422847851040004,-1.4440063535686498,-0.1608858530917523,6.260772183887564,-2.0836981137382082,-2.4059154577088293,5.319318708925924,-2.694017890189082,2.2737085791716183,-1.649548440430948,-0.10990674962076952,-1.9966475259178829,2.4692612590371255,9.575680777065898,2.2744436405873536,-2.190483538804955,-2.6055361797687304,-4.169208912486599,-2.9412116397489285,9.288750691955288,-1.8286299508130988,-10.050750762533411,9.38055163254301
2023-10-01,-3.4601023733698,-3.176517065340523,-2.678439919509934,12.421554504362176,23.230637806849373,0.6056639074969228,0.04358248053295544,-4.161602453324054,-3.248220652822509,-4.079326245914916,-1.4293828366263805,-4.077575067645844,-2.383380840194249,-7.481163073226149,-3.102105692881363,-15.61045344595593,1.9809153638835397,0.47402737042379073,NA,3.0318476386422155,NA,-4.959694113937285,-5.4127248777016135,0.4395611473038019,13.970474618341944,1.5504186535965303,2.9777014753614495,-1.2739025777429358,-1.1671819250838267,3.6141578837030854,-2.191973937237124,0.9291707043416864,-1.2714173487897718,-1.9376980112568276,-2.4912136428734133,3.3466133511864946,0,1.4263981179412966,7.934610882958548,-2.9171377300279744,0.34453800235416665,-1.675388219033369,-4.188749799484448,-5.399617899121001,-4.142919347166085,-7.192967715446841,-1.8989013268673638,0.015656802912822343,-3.1997434055159424,-3.175288750103311,1.289247613294453,-13.382159818883288,-1.16718192508376,-1.9376980112567388,-7.218043232071558,3.2965317158074825,18.081958990774183,-1.0356824450766133,2.6096438887877937,-1.2714173487853309,0,-4.579732634919065,25.148133139403672,-4.174519168840618,-5.942944355729196,-4.841535450623091,0.9519611948436958,2.0863890464660475,1.2212226260810866,1.7019990015054276,3.5988419317546594
2023-11-01,-9.076190302553577,-9.04866115901024,-8.24272891311475,-9.844699569580229,-0.5813367155552918,10.392676121050638,7.135753896050523,3.139364117952781,-0.5369172334012795,-1.805839950382615,0.12182652865053711,0.6912469920623443,6.306636497020435,-3.2506911556758666,3.206920559682125,4.338305685561927,-1.3746409173442942,11.065979845936535,NA,-8.80109455821012,NA,1.3468217050866649,-5.004052622398891,-1.3245226750020656,1.3377607693398463,-1.9559159427202433,5.140197246811096,NA,2.2653781645627813,1.1017536966608361,1.3899837689033578,-0.23547969133410618,-0.14695079793458632,2.0344098176343195,-5.463724391211855,4.107829216533732,NA,-1.1818436584645653,-6.497616854663324,-2.9686340501732467,0.4573938391322585,9.686017114302015,3.130578711631138,2.533116484913922,-1.5120628474900144,-7.105338830873542,3.8084235180294357,3.4800299670243895,1.5409311103025125,4.836663329908708,0.16442762351074336,-11.39030128809404,2.265378164562737,2.034409817634053,-5.750208931453349,0.8169876450075275,-3.3271037160661265,1.9955178403503915,1.835393783235162,-0.14695079793760613,0,-9.996045203133086,-16.380250902671722,1.7606088575049306,-0.020882276243927578,5.865885494438938,2.2161348119577804,2.185730070858649,-1.9994665049354765,3.607095228322166,2.1292432267401296
2023-12-01,-7.17805780839722,-6.615634530485437,-7.758915927175369,-6.952310887952717,-23.019160346275314,4.400097873650366,6.660302819418984,9.957852181871019,-0.9966128648346895,6.827936727474704,-13.745066393889305,0.572411408388851,-0.5163367832952126,2.515803434711472,-2.0633586436786366,-1.0213813712890207,-5.1284353002797545,-8.681259623063475,NA,-2.2558939690225266,NA,7.410797215372256,2.6347078843867777,0.9730284642576137,-8.308942453572643,-1.8990316227342818,-2.053753127730956,NA,1.0221554071538241,-11.129140597770009,-18.431741221966913,-0.24671522558517012,3.948239469899928,1.9622548724568922,0.05525777893823358,-0.7672518606955059,-82.36000689573801,-3.325106082276452,-8.524427986960958,-6.215495935468507,-0.9045170901156752,4.461429111734017,2.5360727404793337,-7.6685634230739375,1.7733360704410117,-3.3837235352104145,-1.633805664196064,2.098179602068395,3.228574701214182,1.6467880491091602,5.116726661926574,11.178988960396552,1.0221554071537575,1.9622548724560929,1.1750753919396173,12.65273024384137,-14.822956648797359,-1.1966396235130183,5.647133442136099,3.9482394699017043,0,-7.1597689098550354,-0.1566363722073305,6.257324045261736,9.141207089399472,-0.1354922661243485,0.6267340986424175,-1.5867403629744758,-2.8636124471908886,0.04555977680347212,0.5529559129726636
2024-01-01,2.546560167403289,2.9973461848233462,2.101563761339076,23.023491248985216,-18.537851331599153,4.386680447072511,-3.8006798509315987,8.87998409549553,-2.0933326095492144,8.8241856676885,-25.842568108303166,0.569153499978825,1.9434562151745993,-2.2940492691075676,3.786005801226011,-0.009134004993516243,-8.956098256527945,-5.983783783863839,NA,-3.911535940950639,NA,2.454110891611716,-2.507826677501157,2.5207766718704394,-12.90771661729082,4.189720508265715,-4.214663493630338,NA,-0.08248934980374933,0,1.3281624136692316,1.3108441443620222,-1.4612887542332587,0.3312044664752989,1.7197422574547705,8.221117878077521,0,0.6970065963162853,-5.403269581481052,-5.141480599205828,0.4749451816856265,-0.9015343063149217,-0.7295648179960423,2.8793415398134847,2.010445962727303,-2.192709485533406,0.519351242382804,0.38717162215684553,-1.0326041476160341,-4.112217637686522,5.604915138566291,-12.70452307443195,-0.08248934980370493,0.3312044664762759,-0.37504554707734616,-0.6628153411451176,-1.4584243583660061,-3.3061226153101586,-2.8526184254624276,-1.4612887542344133,0.2922554442601921,2.5342086268926423,-1.9291866398336133,1.6260520871780315,3.014816307036483,1.1637789616827376,0.26302184106913457,4.896012435993486,-3.8268276708663507,-0.07099751806922683,-1.174511479185636
2024-02-01,3.63541564067722,4.3143204344030295,2.8994782961270005,-61.410623694588026,-15.97280619637389,23.37604682616132,2.8567819148383355,3.4390006042484655,1.8844645297198315,6.385443093105203,-8.130587955925794,1.1286801534629687,3.563133482955383,-4.678199250682269,1.4137957822917713,-5.17953328473153,-6.326975958709635,-7.694807630646938,NA,-4.898943504451747,NA,-5.60894666510432,-1.923922716155424,-1.9502243231441285,15.846842702576014,7.3149233969637795,-3.303929312561155,NA,-1.0507977598415152,3.824933039540247,3.4432196421484096,0.02017683344988086,-2.2731326467676283,-0.5605351588944707,7.860479674344711,11.51500515579631,0,0.8287248675713066,4.623400332899141,-2.3462989140405455,-0.6111247029016553,-8.790868846377187,-0.4077192209114955,-0.30197216863996346,3.9230918498777356,1.446470584602011,-6.374003371741921,-0.532377627786218,-3.4692927951551766,-1.1366501591014266,-2.1084454775419204,-0.5459230000374404,-1.0507977598415152,-0.5605351588952701,-1.6921358025916655,-4.9969879559724095,-30.864264711432288,-3.177468760410651,-0.6887294705020253,-2.273132646765763,-1.519264703441614,3.67830088042016,-1.469289394295803,-4.284015867649238,-4.56588022391653,5.635615975302777,-1.7009013079068782,1.8778070545302061,-0.9665306768451565,-1.9567749861691297,-1.8149025704353505
2024-03-01,3.6540108529631965,1.9892979780946618,4.244669024725756,-13.756518207462133,4.854777414951794,24.369972072865842,0.047885841072092816,7.914370480297661,-0.8081322666058877,1.412440806280335,-3.200271178868314,-3.424992304307861,9.46286609690361,0.6719826116136751,9.562520842202993,-6.407814933112377,5.654595158549913,-3.5156174581536526,NA,0.7575634747024829,NA,-1.7785432433216286,-1.3265334672111884,4.073446333721548,-1.664976504298532,6.381554512479348,0.8417040342682425,NA,0.7109581675595278,-3.9249580541313986,-5.418932884720262,1.3153203724785456,-0.1737619898551479,0.6234975409524779,0.13042389609022598,16.61379594662823,0,-1.1910964611531405,-6.240556618742943,3.7707050666326403,2.1200988383317743,-12.485234097523268,4.522109661311369,-1.1426540477373237,5.029053544227224,6.517749133014128,4.18842709287004,6.4486313906981785,1.6039921488112618,7.89386867174855,5.610348107500052,5.687661596767057,0.71095816755955,0.6234975409525667,-0.2662548719301272,-3.4245084796663328,-1.566068414987054,-0.36046083077367896,-7.448925003641449,-0.17376198985425972,-3.7740327982846544,4.823124473243201,-0.3361379710570489,-1.6978336534418048,-1.984392513230837,12.928469027106804,1.4455427036042523,5.667362410799587,6.660022977788227,2.7560232847352317,-4.8071671329757315
2024-04-01,5.207220551871838,5.2513189707380725,5.389321744175213,6.254056014434189,6.027078578224376,31.771824929766357,13.57073077854829,14.656784442896043,12.15830635945685,-5.1407959407126835,52.56445021471177,6.953473007512157,10.135127808305278,-0.07193948607184808,-0.7697218365051661,-2.112455339514785,-0.6644128189503995,-2.8571730355891667,NA,0.5672559112478659,NA,-3.485830105220611,-0.9248325015512648,-0.8438868645864683,1.5430929825202777,5.44253220702926,-5.948667344972192,NA,-1.2777951636059548,-1.0563478509569317,-5.190405602627635,1.174374319581517,-2.596863781527503,-1.4502770339308135,-10.053737304939848,-4.882154016366136,0,-1.458242329427062,-3.0771658666753687,1.4864022632149698,11.84496318295789,2.660352813614697,8.54677417871752,3.5008807326178726,14.628115575400535,4.07395314598471,10.472074403527909,7.730389086937617,3.4001317446275436,11.456025737642594,-12.48932738388886,2.6121728422363155,-1.2777951636059548,-1.4502770339301918,-0.1508652276082545,-10.445896319536097,4.068283118916316,-1.3656232257150513,-0.2979428060613465,-2.596863781527059,-5.2643733485422395,4.968310321028113,0.0476803518306923,-3.4846731330167913,-5.0226889835289334,9.193663415315623,-0.8578558119017019,-1.2442219550089673,2.83312124082169,2.116404038391284,-2.4082136720427805
2024-05-01,-7.7537648254940805,-9.375122060682362,-6.780297033194582,28.884004144120016,10.817873656329358,-25.628332305931156,-3.6912728207834533,-4.625471530468683,5.191250261190916,3.9688559625332243,16.207659843460675,-5.990260012595217,-1.6618882148760505,0.9643951101776516,-8.534069664594135,2.6709045923479557,3.0250539412253197,11.015244834273297,NA,3.154685149912595,NA,5.9033531584193,6.0974520630132645,-13.401577141820248,13.73859521965668,-2.917566569711072,5.0730364327007615,NA,0.7057323376038038,-4.92327399677602,-7.6667828995045095,-0.7895225981105369,-1.4596913569829617,0.8267794929783356,-4.188501313074433,-5.535902339152732,0,-1.7324344844391604,-11.653381625595127,0.6535970979784977,2.3051365400347024,5.294160258666114,6.8881360051472384,4.20035677493944,3.716173266746381,7.542619925239791,7.959053734684396,0.8405672033192424,7.625722453759298,6.566540469708615,-4.311820678060485,5.084494613573032,0.7057323376038482,0.8267794929776251,-0.19440407728590348,2.3721456919964634,15.23220344651417,0.9782588196192599,10.552179297452202,-1.4596913569864256,-2.739897418811399,-7.077616395036479,0.7030239861558485,5.014014749966655,4.816790328193843,-7.576259352127757,0.3685543435641009,3.8526493331635434,4.2111193186666895,3.486443148426943,-0.6195882809983289
2024-06-01,-0.29511241830020296,0.6806468088386808,-1.6415576824718947,16.44196274220191,7.1096129789235185,9.28779665692625,7.444558763148779,10.824155373438549,0.8282880313995378,-2.9420307745108287,7.231257559353632,-1.4288715779120276,-0.27503651746449975,-1.5539382426177362,1.6759201592921436,-2.165166957180986,2.269595287140014,0.3960401216096976,NA,-2.709227291092553,NA,0.6349227678659197,-8.607577344143902,-26.72210005804408,1.1181699781338206,-0.4197557578633493,-7.81689270856985,NA,-0.43585175873901427,-0.18609602605833275,1.7782895389202413,2.1915223876940004,-1.172884429738108,0.6392319442576344,-3.9137479623068128,4.865971674563885,0,8.556363679304368,16.606775137822805,0.9724549891995338,-2.644485069321423,-10.108895788092909,-4.965366096753243,-3.3753899771530094,-2.9068557937060646,-11.277789960887574,-5.199912065033452,-1.0556861491092029,-2.960571468342188,0.73638285146993,3.9441732051296086,-4.988223269076819,-0.4358517587390587,0.6392319442588779,-2.9256174634927357,-0.26282068606895415,9.448177910526567,0.6634677642087361,-9.332231656597934,-1.1728844297375751,0.6920442844573493,0.10145847414397835,-0.3129002695141381,0.3367006547904339,1.1198949609723563,-3.4498790351414677,-1.2801476861656655,3.4704347336477315,-0.452972093900339,3.6435467515589792,-1.1225330336595007
2024-07-01,2.4975405919675175,3.2662822196608765,2.1311985962348956,-19.11893229342263,-4.923350602455168,-15.42705738410939,3.4465022671834378,4.969640553159649,2.2530719218869733,-1.4899005116465691,6.452001643934024,2.6483988874472453,5.32532578167757,2.246868062669183,2.533812437342231,-2.1257449733410816,6.5429850148269075,-1.7290287634302182,NA,-8.155926531518354,NA,-6.876685724709297,-2.0122015519796754,-5.8648727081507674,1.6334743012924813,5.592706383578583,-4.819071564410843,NA,0.7868589545199534,0.7423151795857535,0.1554001866734156,4.434402962112927,-0.0380155868476173,1.1497526053886986,-2.2614945554619736,-9.347663425281294,0,6.536271965121898,1.8416726786231408,-3.069202474084509,-6.128922777025991,-0.5599641323363436,-2.7622559135684455,-1.8881436520817196,-0.5391199627618803,-6.878446134090943,-1.1427754742060259,3.037925380621598,-0.6395524579659195,0.6604910279310428,-0.6651909228305719,1.7972242404430183,0.7868589545199534,1.1497526053871,1.662830338886856,2.92437181679035,-8.718529801644781,0.5269329659974176,-5.238323378524612,-0.03801558684832784,1.5058463874201067,2.0699478316309694,0.009496225257610291,-6.599616561834587,-7.169269964991276,16.659531545497952,1.3853210092039172,-6.048559999513204,1.7326641491606232,2.411604113947874,-1.651654155567961
2024-08-01,-6.36933208004411,-5.3371195393507875,-7.40346624016599,-4.1723964149473876,17.896667777876463,-3.0225816386104,1.6739697399794196,-0.018630647468897976,-2.1677565645861208,-1.873020896465527,-3.717517102215706,-0.22753138371356396,9.336907579019105,-5.144289012383929,3.9967697629843535,-16.01556563231874,-4.51555104575565,-8.02420389442453,NA,-4.086478298309881,NA,-0.1696353248178184,-3.68259804183495,-1.2154099650683239,4.430087173755015,2.3458697909855664,3.547519150284384,NA,1.519062885261624,-6.070716616343211,-4.879016416943194,-0.2818904048508486,7.632270443746236,0.5660904574884995,-1.774130026619536,14.75741124626947,0,0.28629270751610036,0,-2.230050539966566,-0.23269700237502633,-6.715620102022957,-4.504154259281812,-5.477808842753973,-1.1643625086504628,-0.26211434996472605,-2.3015393056748934,2.95604215777141,-3.4761524237755914,-4.264577731491581,1.216156503927568,5.797394614106466,1.5190628852615795,0.5660904574885883,2.533203847204568,6.423385503183399,10.499260698867374,-0.3323247627974979,-6.158107994981776,7.632270443746947,-8.651742785634564,-6.3959266704559425,0.8509884940942847,0.5371543801910406,-0.7331449806452284,8.088765913910034,-0.8856657609293648,5.143265327629798,-3.4792130127729415,-1.884736031848444,-3.1592801062815035
2024-09-01,-7.571656805743299,-8.47396300528871,-5.973502404026654,12.300032743394906,-4.888116491736527,-5.289155417957669,6.073261512095485,11.887967446521785,1.342889783366319,1.8083710305724976,4.382074499673805,-4.543588716791036,6.985330616244401,0.7220984610432524,5.2427613222728375,-2.228940957759118,1.19797692328234,-0.06653131231795228,NA,8.247131291213883,NA,-1.5398080111121537,7.241800029293177,1.884308780147978,5.6835904126789405,-0.6195829023469823,4.9271069861916486,NA,0.8680767053528937,1.9180574115347904,9.925495809534112,1.3301762466694456,2.114360531625703,2.164768819306584,3.1905151214754013,10.497502033346828,0,-0.5575450888954947,-1.4706147389695445,-2.4515757481858635,4.4337294141593375,-7.349991733308592,2.916496285075354,0.2843599066519431,-0.06340197539920212,-1.3308048458611665,4.430116773697712,3.9841006251921662,2.2322402139799635,5.459837687815572,1.5898586067797815,-4.604968561132861,0.8680767053529159,2.1647688193066728,4.63071570465754,-2.6660038512049677,0.12976858627178345,-2.8319731050159724,6.32587075074218,2.114360531626236,-10.125373370517288,-8.274877034929684,-0.1319012816069609,-0.7168489478612372,-0.4332647477927942,2.33733511853087,-0.36967395314820156,9.303670150485054,0.24874369582965628,1.8369946208850685,0.9686701320508639
2024-10-01,2.1126279533631553,1.8259318268552427,1.6477952521680272,-1.9334458958460865,9.202212029828116,2.028412943828717,-0.37505904256680545,-8.575632750596007,-3.8331076275924136,-0.9423171948934828,-8.632834472779294,-1.5131788661777557,-0.42550430380643434,-1.1536459439173363,9.17306112842775,12.203601610286618,4.7776421040688355,-3.2917583007353812,NA,2.861120496319902,NA,-11.886120287672863,1.1649042409047183,0,2.1575144954779413,-3.8250075935678307,1.848098030149914,NA,-1.8262443681113183,4.337380196771501,3.005558273210973,1.4264353872603053,-4.378965369961474,-1.1874996817982542,1.3846467684729857,-0.6546730161897218,0,-0.12498389731678827,10.469362667012216,-3.0975379569822437,5.775462742538995,8.820460355264714,3.1594186720363737,1.6702129077681427,1.7035853304639303,4.196759036215525,9.050746625701844,4.5451049155650125,3.277647502954739,7.309758596270877,3.3135748533807963,5.200065908866858,-1.8262443681113183,-1.187499681797366,2.061544004255178,-3.3577684595780255,4.857673013887709,-2.792384924552227,6.249038773029092,-4.37896536996103,3.226086221822122,2.9049155597148157,0.6952301584225218,-10.81621984990635,-11.131529484118019,7.695492939516857,-1.5212668536927634,5.235995835983676,5.337188770826895,12.128086450586206,-1.984555461357651
2024-11-01,-2.2959756188939195,-1.6887317622901854,-2.5231940855032775,-4.787334039003777,7.49995578461542,17.047055528024725,9.705936431994132,1.8749712255602402,-1.8088676211090782,-2.4584707430627573,-7.586920867833324,7.974480046942656,8.338160893905222,-0.947705723775627,8.138460785805357,-1.4718165021198715,4.489969374231784,-9.120240079469077,NA,5.616114836122144,NA,-0.7797310460031959,-7.257266327624379,-12.783337150988483,-1.4207866899185184,2.013919789807783,2.6375164047677147,NA,-2.5821068606302733,0.6045490879278165,-2.4656796612860243,2.757095763890227,-2.6319912487449137,-2.4495450008127584,-2.5553918478965043,-13.96081898158722,0,-2.56359854663728,-6.177605163551458,1.0266039046745057,-0.5172122303414461,-0.881673946535777,-4.925949021730425,-2.3111635854314194,-7.649722891749278,-6.421267269428732,-3.3250362177454917,-1.458496874509052,-3.3987511130834314,-4.163725353872394,0.18467869422993388,-3.124063583616188,-2.582106860630251,-2.4495450008131137,4.030064526999366,2.221782803307182,3.7752026320511334,-2.344645713111859,-1.8675792135523395,-2.631991248741361,-2.1353125840901654,-2.7038238516172264,0.009361981001987374,-2.4341972668929124,-3.059338965834879,20.84044179149256,-0.9439625936964319,-3.9178908423169734,8.455738802806412,4.958329629513614,-3.8772376407141707
2024-12-01,0.026739940404851836,-0.758294914545754,0.7118442105329414,36.21387262995563,-0.5023183432799616,26.792759588346193,11.847500915591702,4.58986446775651,-4.418121194916558,3.827444012375558,-18.183617201544045,-1.993671449927692,4.9111975544969155,-2.707569200408333,1.7930285251670064,-6.244977289802556,-7.386506343099963,-2.2292496937336814,NA,0.6270979853425729,NA,3.083095833765803,-0.6246067112408937,-9.531017980432491,4.9849985277024995,0.8087562961700767,-6.9508806601150885,NA,-1.4882496592242056,-3.982886449685119,-3.182764921505621,1.869520061578278,-0.2600781700049737,-0.7641141593721201,-1.957203563129184,4.029974702770522,0,-2.7879967873735367,-0.08519097490955474,4.0109997338166,-1.6072300860250799,1.6871792841854472,-1.7720512273633915,0.14580340243490753,-2.6997593887406524,-1.7850220247281001,0.9923305616540645,-0.11775497007144864,-2.905516431673849,-1.0669699332741533,-1.0797861359142402,-9.059992824792307,-1.4882496592242056,-0.7641141593718537,0.18238394620606613,-1.4304334639998473,10.119798994114237,-0.1677500917592667,0.5455969886573264,-0.2600781700054178,-1.721679048683722,0.14338975786332142,-1.2718622623101083,2.6343975339601755,2.489185943794947,4.061298626367016,-0.2672998621604944,3.138471458144354,-5.125019001029418,-3.57539589721112,-2.789231505058609
2025-01-01,7.780733450637367,7.0246267392474415,8.907807997250305,30.455080189076746,5.6599034798944015,4.031758992474765,3.190250631426439,3.552093282393831,-6.290018094331673,-0.7802612039021994,-24.558841967474965,2.2168858283217796,0.2610299127866256,-1.5969009751231056,-10.577806448417704,0.38102824090513465,-1.516760718728527,-2.2550316289875028,NA,5.679461807809716,NA,-9.758981604990602,0.7585071723309689,29.266961396282,-4.8284201447811315,3.637017666885445,8.598173207319604,NA,-1.1333198521348953,-1.5389146793868185,-9.64730588190067,0.9423963901920018,-1.6167303288779244,-2.3522966354001085,-2.226249291836868,-0.5676696698263983,0,0.10465725706714224,7.78550017036439,3.1962350702958275,1.2662406544738936,-2.6068179126948365,0.8386371706201601,-3.531742717303299,2.556239966799545,-0.32912867760579445,-7.356659259592746,2.3025822701855603,1.2029120572207397,-1.1540790126435052,2.4970238219360397,-9.031535634127774,-1.1333198521349175,-2.3522966354001973,-0.09445810550325895,4.277925147927464,14.449980382240746,-1.0762578294904124,0.1307564926698035,-1.6167303288794344,-2.269776935280543,7.386230711676234,-2.0982805750136,-8.555788836164613,-7.8229726199976035,-6.766299156704747,-2.117102386398791,-3.1022480108285344,-2.7206592502255766,-1.2760000251495818,-10.274794361057893
2025-02-01,-5.71674448977566,-5.247279462635479,-6.668707169302834,2.9683614653033707,4.513628168027628,-8.638557984224882,14.667912845704922,7.21812819514871,-3.2811076175617404,-1.8910080492970494,-10.50653758397413,0.33389012655146155,0.5846201511332083,0.19549642753515784,-0.2844339907310811,0.3208915437212134,1.9744229922248557,-2.720085069992706,NA,2.9581620385228824,NA,-8.967753739586648,4.05685088947596,11.833567452095979,-29.550795973253198,2.432274350263186,5.251441854198391,NA,0.5778692763782844,3.4565966738050404,6.5164368659824445,3.2649289429254935,3.042429711380379,1.4626958520064015,-0.140800023260923,1.5232969476955849,0,0.5487010835276251,13.730219797791587,5.398007909776581,3.2195478108141273,5.37606236033028,3.702964435356293,1.8149449557924413,7.2310389260605845,-0.6912823632339027,-0.669860667122979,6.605760522234139,3.011413146577979,5.567027207852737,3.548773081775458,-10.358207179505996,0.5778692763782622,1.462695852006135,-3.2446165471773813,-3.16735795470513,3.3985269137083662,0.7293515762709646,5.456109957914279,3.0424297113781584,-3.245721014738301,-5.203604385587646,-2.8181942647042213,-7.931675482858758,-10.223675667512744,-0.7199650742050423,1.371840127238573,3.67242060681624,0.8636970975706149,1.071291662977103,-10.745689774318112
2025-03-01,-4.315171929231454,-3.497252793402428,-4.445782562048706,-2.263379937979848,-14.760290612712446,-19.819570628742113,-1.4453352639551387,-2.131410467511241,0.05687079326061051,1.702908004659931,-2.054532018848465,-1.2297527810406161,16.883062705293916,0.6904942620214349,0.030915231618600103,-2.715165685546861,-5.489998356894077,2.9236820185025714,NA,-6.288528293222395,NA,-2.7844026171172764,-3.554356996595942,-5.100255445237273,-28.447818085033518,2.1988828850310282,-0.024016749187405484,NA,3.7324094886306947,0.08022463326379792,-1.5235387941873957,1.13972457359246,1.8011319985806296,2.963470939009749,-0.5008036149130146,-1.8485279581173852,0,-0.4441532433723694,-10.11692349937272,5.344783444341328,0.02595990526046421,-4.8552278496164725,4.29089414320778,3.843310675252276,6.726524457167926,4.961184826819753,3.1341381269673896,3.012146784075398,0.18383296807620297,3.1713707655139256,1.8673422615504975,-2.8072018778686925,3.7324094886307613,2.9634709390104597,-0.7068238246444425,-1.8662872743628434,-8.901116040677248,3.232102285473193,-6.781121322566186,1.801131998581429,-8.841095759458284,-5.045985959245414,-2.4396371243617487,-3.357629553360386,-3.632698963280667,5.792383168367898,5.072659827274649,-1.178933563350848,2.890563085721176,1.0193768189542318,-5.970085146162152
2025-04-01,-7.025012058898206,-6.885607466790411,-6.958072876416654,-19.410064632951496,-13.272766658762647,0.812267881754769,-3.2302193121951817,-4.765167498408718,7.836240030724206,-2.7540915340670935,40.518492743037584,-5.313027751204913,5.250224073668885,0.20509036527407432,-7.1059046735057585,1.6050597444801973,10.154378329645919,0.17070167937349723,NA,3.5928403136944453,NA,-2.3810648693719294,-2.2933968815989303,-7.232066157962616,-1.9454132990874395,-0.8693080833378053,6.659512091040465,NA,3.8298691546833075,0.13356486558876168,-3.7760688983387247,0.8462581151256643,3.438499602944578,1.8494177121242572,0.8715769093270542,-10.645638556123494,0,3.5919715831918886,-1.9504572859501579,4.543527746842457,-11.411822607842304,-2.8987536873252395,-5.9529702920366745,-6.594254223592078,-4.452784818484901,-6.111145297725962,-9.724505130253025,7.56348613174076,-2.191065856164709,-2.944581597678786,3.179137131040388,-5.292971964564064,3.829869154683241,1.8494177121232802,4.870626873871564,1.0668293817309493,-14.659188411143909,2.192904508479998,-3.5602997701883687,3.438499602944045,-8.811455180055194,-7.2453374602655,-2.5111110190118247,-2.2195732391784517,-1.8027953919832918,1.29016274024778,3.787407231568603,-14.94601098283882,5.176447727947586,-0.6103782938017943,-0.17720887507657324
2025-05-01,-4.907698171820485,-5.365399202547483,-5.975603517635264,-8.742325072673406,0.6293471626224179,9.810289072267997,1.550261555388932,-3.4436984891779376,3.7267252444479038,-1.8153843338228004,20.30282168471561,-9.665548923225032,10.822391121826325,0.46539619916465824,-9.132765427169254,1.5854118783056315,3.813411689951085,-3.1292938047064567,NA,-5.314404334606149,NA,3.782956987304953,-5.171936394457699,-1.5113637810048055,-2.1485830598393543,-1.4344569835212262,2.213061278419859,NA,0.4619356175410094,-1.614674477426517,-2.7872484358337,-21.795266331545804,-0.44324471765122553,1.6065511277058242,-0.4476569476118186,3.2136858264876222,0,8.776713971611727,1.3147272364034457,2.9734265910255964,3.2029192156852737,-0.2780497131467108,3.8078805548865446,2.812257195101342,-1.809233528550891,1.5266680132373978,0.8667105786107854,2.814592738276822,2.134930517495892,1.6557281058449558,5.245797021997767,5.715277995778134,0.4619356175409983,1.606551127706446,3.155992696541765,-2.8642511972163387,-3.2439430795821345,-1.0534334054384864,0.7651248767960084,-0.44324471765371243,-1.109207883899277,-3.303821553843367,-1.2955049795847273,3.6723832954693947,2.133839718224362,-4.278369202709875,1.0006592114208872,-0.19943695019714047,-1.2280137946586223,-1.3974744484066548,0.39630170757929406
2025-06-01,9.70925231161237,10.690124010295676,8.354030131421553,-3.0374491785250424,5.861036603543468,-6.763122900688723,-9.12064059029265,-19.203418719348964,-1.0112047668414004,-3.901115209445649,-0.9708721560891309,4.5549478298754,-0.028918450172632504,0.44117854295580017,3.0180706075465302,0.3720782738866113,0.3154028427550415,-1.371088449999469,NA,-3.9014960867567616,NA,-2.8237170181609983,1.2787093841818198,-16.222037747286745,-1.6919439454681273,0.8240995328948397,0.1498707448983727,NA,2.0613860928171635,-4.551284917361712,-5.579599317296136,1.8154581078876575,0.11062712875347103,1.3968575442996567,0.3455118927653711,-1.547641737176908,0,16.907633004393396,7.018263962254068,0.17364225798166544,3.1027163482244546,-4.903253653191886,3.1197203719630195,0.8195161861481282,1.7446649592198327,-2.2583656369169702,0.3879967577546495,1.295996164499158,24.50398925365258,9.435798781712945,6.673090093342626,4.329761741627092,2.06138609281723,1.3968575442993014,5.238690484110475,-0.5041801598996809,2.115903099686278,1.4712771024812277,-1.8080099742791234,0.11062712875675729,-2.827709609686213,10.061389219891126,-0.5847659000321137,-1.9418085857101808,-3.029776061531475,-7.410797215372256,2.2715435389902727,-5.5160597316117945,2.300355886298444,-2.1335258128672763,-0.5526117631164951
