date,commodity_id,commodity_name,unit,price,ln_price,ret,vol_proxy,VXO
1990-01-01,aluminium,Aluminium,NA,1528.25,7.331878568908834,-0.06645472755464635,0.00441623081436227,23.49909090909091
1990-02-01,aluminium,Aluminium,NA,1454.28,7.2822662117683965,-0.04961235714043852,0.00246138598103042,23.326842105263157
1990-03-01,aluminium,Aluminium,NA,1567.39,7.357167094606068,0.07490088283767166,0.00561014224986261,18.831363636363637
1990-04-01,aluminium,Aluminium,NA,1525.55,7.3301102797585695,-0.02705681484749883,7.320712296918333e-4,20.4575
1990-05-01,aluminium,Aluminium,NA,1526.93,7.331014462648559,9.041828899897902e-4,8.17546698550289e-7,18.151818181818182
1990-06-01,aluminium,Aluminium,NA,1565.79,7.356145767941733,0.02513130529317365,6.31582505738698e-4,17.582857142857144
1990-07-01,aluminium,Aluminium,NA,1570.96,7.359442176441974,0.00329640850024224,1.0866309000469352e-5,18.93285714285714
1990-08-01,aluminium,Aluminium,NA,1782.02,7.48550283131233,0.12606065487035514,0.01589128870634279,27.77521739130435
1990-09-01,aluminium,Aluminium,NA,2066.53,7.633626151146195,0.14812331983386445,0.0219405178786053,28.818947368421053
1990-10-01,aluminium,Aluminium,NA,1945.7,7.57337708847733,-0.06024906266886398,0.00362994955247669,30.130434782608695
1990-11-01,aluminium,Aluminium,NA,1617.5,7.388637026375056,-0.1847400621022748,0.03412889054555235,25.106666666666666
1990-12-01,aluminium,Aluminium,NA,1522.44,7.328069589940507,-0.06056743643454836,0.00366841435625305,22.5845
1991-01-01,aluminium,Aluminium,NA,1515.18,7.323289522767086,-0.00478006717342209,2.2849042182427535e-5,26.93181818181818
1991-02-01,aluminium,Aluminium,NA,1504.6,7.316282361126121,-0.00700716164096403,4.91003142625978e-5,22.11263157894737
1991-03-01,aluminium,Aluminium,NA,1496,7.310550158534422,-0.0057322025916986,3.28581465522762e-5,19.041052631578943
1991-04-01,aluminium,Aluminium,NA,1391.86,7.238396261123746,-0.07215389741067692,0.00520618491155049,18.92727272727273
1991-05-01,aluminium,Aluminium,NA,1296.05,7.167076456414935,-0.07131980470881066,0.00508651454370289,17.180454545454545
1991-06-01,aluminium,Aluminium,NA,1275.15,7.150819097731477,-0.01625735868345733,2.643017113625855e-4,17.575
1991-07-01,aluminium,Aluminium,NA,1296.78,7.167639547723882,0.01682044999240428,2.829275379469732e-4,17.669545454545453
1991-08-01,aluminium,Aluminium,NA,1256.45,7.136045563115877,-0.03159398460800526,9.981798634108737e-4,15.932727272727272
1991-09-01,aluminium,Aluminium,NA,1211.81,7.099870388663669,-0.03617517445220763,0.00130864324664765,17.029
1991-10-01,aluminium,Aluminium,NA,1150.03,7.047543307973559,-0.05232708069011031,0.00273812337354931,16.846363636363638
1991-11-01,aluminium,Aluminium,NA,1134.8,7.034211702934696,-0.01333160503886244,1.7773169291222235e-4,17.6815
1991-12-01,aluminium,Aluminium,NA,1097.55,7.000835701998149,-0.03337600093654762,0.00111395743851642,18.018571428571427
1992-01-01,aluminium,Aluminium,NA,1177.07,7.070783578728857,0.06994787673070844,0.00489270545913438,17.499545454545455
1992-02-01,aluminium,Aluminium,NA,1266.83,7.144272996101791,0.07348941737293391,0.00540069446581328,17.050526315789472
1992-03-01,aluminium,Aluminium,NA,1280.47,7.154982477016831,0.01070948091503942,1.1469298146959375e-4,16.222727272727273
1992-04-01,aluminium,Aluminium,NA,1317.05,7.183149666094759,0.02816718907792897,7.933905405518011e-4,16.18857142857143
1992-05-01,aluminium,Aluminium,NA,1306.79,7.1753290274172565,-0.00782063867750287,6.116238932405396e-5,14.728
1992-06-01,aluminium,Aluminium,NA,1275.55,7.151132737127156,-0.02419629029010036,5.85460463802805e-4,14.75318181818182
1992-07-01,aluminium,Aluminium,NA,1313.05,7.180107954308894,0.02897521718173731,8.395632107288455e-4,13.303636363636365
1992-08-01,aluminium,Aluminium,NA,1305.05,7.17399663319907,-0.00611132110982386,3.734824570737878e-5,14.422380952380951
1992-09-01,aluminium,Aluminium,NA,1269.61,7.146465045677714,-0.02753158752135552,7.579883114460591e-4,14.258571428571427
1992-10-01,aluminium,Aluminium,NA,1173.78,7.067984589301275,-0.07848045637643859,0.00615918203305408,17.478636363636365
1992-11-01,aluminium,Aluminium,NA,1159.05,7.055355983047702,-0.01262860625357306,1.594816959077846e-4,14.594
1992-12-01,aluminium,Aluminium,NA,1207.1,7.095976067707081,0.04062008465937872,0.00164999127773509,12.781363636363636
1993-01-01,aluminium,Aluminium,NA,1206.76,7.095694361226798,-2.817064802833218e-4,7.935854103361759e-8,12.5745
1993-02-01,aluminium,Aluminium,NA,1201.85,7.091617315294671,-0.00407704593212744,1.6622303532676926e-5,13.505263157894737
1993-03-01,aluminium,Aluminium,NA,1151.33,7.0486730748403454,-0.04294424045432546,0.00184420778819892,13.657391304347826
1993-04-01,aluminium,Aluminium,NA,1108.53,7.0107900922896125,-0.03788298255073284,0.00143512036693912,13.49952380952381
1993-05-01,aluminium,Aluminium,NA,1123.96,7.024613442631785,0.0138233503421731,1.9108501468245728e-4,13.535
1993-06-01,aluminium,Aluminium,NA,1165.3,7.060733843579218,0.03612040094743237,0.00130468336460327,13.002272727272729
1993-07-01,aluminium,Aluminium,NA,1202.13,7.0918502623252335,0.03111641874601584,9.682315155774064e-4,11.99952380952381
1993-08-01,aluminium,Aluminium,NA,1172.14,7.06658641692782,-0.02526384539741275,6.382618842643735e-4,11.952272727272728
1993-09-01,aluminium,Aluminium,NA,1115.38,7.016950433007533,-0.04963598392028731,0.00246373089973502,12.621428571428572
1993-10-01,aluminium,Aluminium,NA,1087.1,6.991268879209954,-0.02568155379757881,6.595422054579349e-4,11.377142857142855
1993-11-01,aluminium,Aluminium,NA,1039.81,6.9467932831374535,-0.04447559607250108,0.00197807864600427,13.370952380952382
1993-12-01,aluminium,Aluminium,NA,1094.3,6.997870168424397,0.05107688528694378,0.00260884821061561,10.864545454545455
1994-01-01,aluminium,Aluminium,NA,1174.59,7.068674429515656,0.07080426109125838,0.00501324338867908,10.605238095238096
1994-02-01,aluminium,Aluminium,NA,1269.93,7.146717059823342,0.07804263030768623,0.00609065214534218,12.885263157894736
1994-03-01,aluminium,Aluminium,NA,1289.03,7.161645276524058,0.01492821670071558,2.2285165386352383e-4,14.240869565217391
1994-04-01,aluminium,Aluminium,NA,1278.72,7.153614856580079,-0.00803041994397819,6.448764447664281e-5,15.334736842105263
1994-05-01,aluminium,Aluminium,NA,1322.59,7.187347214347016,0.03373235776693616,0.00113787196051657,13.39
1994-06-01,aluminium,Aluminium,NA,1400.58,7.244641715525003,0.05729450117798799,0.00328265986523446,12.94590909090909
1994-07-01,aluminium,Aluminium,NA,1492.42,7.30815424249012,0.06351252696511711,0.00403384108149472,12.1635
1994-08-01,aluminium,Aluminium,NA,1455.36,7.283008571682061,-0.02514567080805877,6.323047603872594e-4,11.39304347826087
1994-09-01,aluminium,Aluminium,NA,1569.22,7.358333959602124,0.07532538792006242,0.00567391406530788,12.612380952380953
1994-10-01,aluminium,Aluminium,NA,1698.05,7.437235812845294,0.07890185324316963,0.00622550244520667,15.04952380952381
1994-11-01,aluminium,Aluminium,NA,1892.59,7.545701540323515,0.10846572747822078,0.01176481403737965,16.249523809523808
1994-12-01,aluminium,Aluminium,NA,1878.31,7.53812771536836,-0.00757382495515441,5.736282445131976e-5,13.806666666666668
1995-01-01,aluminium,Aluminium,NA,2060.55,7.630728216439324,0.0926005010709635,0.00857485279859351,11.711904761904762
1995-02-01,aluminium,Aluminium,NA,1916.15,7.558073243566661,-0.07265497287266269,0.00527874508312735,11.197368421052632
1995-03-01,aluminium,Aluminium,NA,1805.07,7.498354651178446,-0.05971859238821501,0.00356631027682977,11.971304347826086
1995-04-01,aluminium,Aluminium,NA,1849,7.522400231387125,0.02404558020867862,5.78189927571997e-4,12.51684210526316
1995-05-01,aluminium,Aluminium,NA,1762.69,7.474596330294708,-0.04780390109241676,0.00228521295965356,12.458636363636364
1995-06-01,aluminium,Aluminium,NA,1780.05,7.484396732779258,0.00980040248454962,9.604788885916642e-5,13.17909090909091
1995-07-01,aluminium,Aluminium,NA,1860.1,7.528385528702905,0.04398879592364745,0.0019350141668123,14.0765
1995-08-01,aluminium,Aluminium,NA,1888.32,7.543442823868804,0.01505729516589886,2.267221377130012e-4,13.348695652173912
1995-09-01,aluminium,Aluminium,NA,1760.83,7.473540567777244,-0.06990225609156045,0.0048863254066901,12.237
1995-10-01,aluminium,Aluminium,NA,1674.32,7.423162391681722,-0.05037817609552117,0.00253796062671134,14.237727272727271
1995-11-01,aluminium,Aluminium,NA,1654.07,7.4109941963326,-0.01216819534912311,1.480649780544214e-4,12.971904761904762
1995-12-01,aluminium,Aluminium,NA,1656.74,7.412607095036433,0.00161289870383443,2.601442228830801e-6,12.288
1996-01-01,aluminium,Aluminium,NA,1589.34,7.371074114699151,-0.04153298033728263,0.0017249884556971,14.150454545454544
1996-02-01,aluminium,Aluminium,NA,1591.55,7.37246366313094,0.00138954843178943,1.930844844288467e-6,16.238
1996-03-01,aluminium,Aluminium,NA,1612.48,7.385528645492233,0.01306498236129296,1.706937641008964e-4,19.081904761904763
1996-04-01,aluminium,Aluminium,NA,1587.23,7.36974563756166,-0.0157830079305731,2.4910333933653346e-4,17.512857142857143
1996-05-01,aluminium,Aluminium,NA,1589.26,7.371023778072953,0.0012781405112925,1.6336431666070651e-6,16.96681818181818
1996-06-01,aluminium,Aluminium,NA,1482.48,7.3014716400557536,-0.06955213801719941,0.00483749990276355,17.6755
1996-07-01,aluminium,Aluminium,NA,1458.7,7.285300907092168,-0.01617073296358579,2.614926045796002e-4,19.341818181818184
1996-08-01,aluminium,Aluminium,NA,1463.36,7.28849044046969,0.00318953337752276,1.0173123166331793e-5,16.478181818181817
1996-09-01,aluminium,Aluminium,NA,1407.38,7.249485098830369,-0.0390053416393216,0.00152141667640019,17.2785
1996-10-01,aluminium,Aluminium,NA,1336.34,7.197689812737209,-0.0517952860931597,0.00268275166147226,17.401304347826088
1996-11-01,aluminium,Aluminium,NA,1449.52,7.278987746127852,0.08129793339064309,0.00660935397358944,17.1635
1996-12-01,aluminium,Aluminium,NA,1500.29,7.313413701737154,0.03442595560930234,0.00118514641961365,20.118
1997-01-01,aluminium,Aluminium,NA,1575.61,7.362397777865135,0.04898407612798077,0.00239943971411181,21.031363636363636
1997-02-01,aluminium,Aluminium,NA,1580.01,7.365186455114908,0.00278867724977269,7.776720803399828e-6,21.647894736842105
1997-03-01,aluminium,Aluminium,NA,1631.57,7.397298020414839,0.03211156529993089,0.00103115262601172,22.3035
1997-04-01,aluminium,Aluminium,NA,1561.44,7.353363751393151,-0.04393426902168752,0.00193021999447001,21.507727272727273
1997-05-01,aluminium,Aluminium,NA,1625.25,7.393416929084578,0.04005317769142712,0.00160425704318103,21.927619047619046
1997-06-01,aluminium,Aluminium,NA,1567.55,7.357269169924982,-0.0361477591595957,0.00130666049226013,22.743333333333332
1997-07-01,aluminium,Aluminium,NA,1591.99,7.372740084977565,0.01547091505258249,2.393492125642237e-4,23.24772727272727
1997-08-01,aluminium,Aluminium,NA,1710.58,7.444587773274287,0.07184768829672125,0.00516209031358281,25.153809523809525
1997-09-01,aluminium,Aluminium,NA,1610.6,7.384362059361444,-0.06022571391284179,0.00362713661631146,25.59285714285714
1997-10-01,aluminium,Aluminium,NA,1607.86,7.382659381271946,-0.00170267808949868,2.8991126764588764e-6,25.615652173913045
1997-11-01,aluminium,Aluminium,NA,1598.99,7.377127458905705,-0.00553192236624022,3.060216506610883e-5,31.545263157894738
1997-12-01,aluminium,Aluminium,NA,1530.51,7.333356292176601,-0.04377116672910407,0.00191591503682702,26.473181818181818
1998-01-01,aluminium,Aluminium,NA,1485.79,7.303701896314117,-0.02965439586248435,8.793831939689292e-4,24.4275
1998-02-01,aluminium,Aluminium,NA,1465.56,7.289992700970997,-0.01370919534311974,1.8794203695581595e-4,20.386315789473684
1998-03-01,aluminium,Aluminium,NA,1437.7,7.270799893428547,-0.01919280754245063,3.6836386136154976e-4,20.543181818181814
1998-04-01,aluminium,Aluminium,NA,1418.16,7.257115535705529,-0.01368435772301793,1.8726164629152063e-4,22.53809523809524
1998-05-01,aluminium,Aluminium,NA,1364.72,7.218704558372264,-0.03841097733326478,0.00147540317969658,21.4485
1998-06-01,aluminium,Aluminium,NA,1307.24,7.175673323392777,-0.04303123497948664,0.00185168718385979,21.996363636363636
1998-07-01,aluminium,Aluminium,NA,1309.21,7.177179180850222,0.00150585745744458,2.2676066821414727e-6,20.25181818181818
1998-08-01,aluminium,Aluminium,NA,1310.9,7.178469203203764,0.0012900223535416,1.6641576726370326e-6,31.48857142857143
1998-09-01,aluminium,Aluminium,NA,1342.27,7.202117489545553,0.02364828634178937,5.592414469032617e-4,39.247142857142855
1998-10-01,aluminium,Aluminium,NA,1304.06,7.173237753698005,-0.02887973584754822,8.340391426241619e-4,37.45409090909091
1998-11-01,aluminium,Aluminium,NA,1294.96,7.166235085625705,-0.0070026680722998,4.903736013080703e-5,25.038
1998-12-01,aluminium,Aluminium,NA,1249.06,7.130146547402513,-0.0360885382231913,0.00130238259108673,25.47681818181818
1999-01-01,aluminium,Aluminium,NA,1218.46,7.10534304527982,-0.02480350212269331,6.152137175504518e-4,28.616842105263157
1999-02-01,aluminium,Aluminium,NA,1186.85,7.079058017626961,-0.02628502765285953,6.909026787115905e-4,29.93842105263158
1999-03-01,aluminium,Aluminium,NA,1181.59,7.074616268080478,-0.00444174954648326,1.972913903368429e-5,26.475652173913044
1999-04-01,aluminium,Aluminium,NA,1278.2,7.153208117216181,0.0785918491357038,0.00617667875056922,24.693809523809524
1999-05-01,aluminium,Aluminium,NA,1323.46,7.188004798316593,0.03479668110041167,0.00121080901560374,27.3765
1999-06-01,aluminium,Aluminium,NA,1315.31,7.181827658274083,-0.00617714004250941,3.815705910477322e-5,24.123636363636365
1999-07-01,aluminium,Aluminium,NA,1403.76,7.24690962980288,0.06508197152879631,0.00423566301807505,21.486666666666668
1999-08-01,aluminium,Aluminium,NA,1431.32,7.266352374403521,0.0194427446006411,3.7802031760575866e-4,24.90909090909091
1999-09-01,aluminium,Aluminium,NA,1492.48,7.308194444841964,0.04184207043844238,0.00175075885857557,25.58
1999-10-01,aluminium,Aluminium,NA,1474.41,7.29601318875258,-0.01218125608938293,1.4838299991512874e-4,25.37
1999-11-01,aluminium,Aluminium,NA,1472.76,7.294893470397417,-0.0011197183551633,1.2537691948896076e-6,22.22952380952381
1999-12-01,aluminium,Aluminium,NA,1554.48,7.348896363542771,0.05400289314535412,0.00291631246806853,23.222272727272728
2000-01-01,aluminium,Aluminium,NA,1680.28,7.426715725176625,0.07781936163385414,0.00605585304510057,24.9385
2000-02-01,aluminium,Aluminium,NA,1670.27,7.420740568989247,-0.00597515618737854,3.5702491463568055e-5,25.456
2000-03-01,aluminium,Aluminium,NA,1577.05,7.363311292230871,-0.05742927675837564,0.0032981218289901,24.810434782608695
2000-04-01,aluminium,Aluminium,NA,1457.14,7.284230889430813,-0.0790804028000581,0.00625371010701943,29.833157894736843
2000-05-01,aluminium,Aluminium,NA,1466.79,7.290831618611891,0.00660072918107836,4.35696257219395e-5,29.42909090909091
2000-06-01,aluminium,Aluminium,NA,1506.31,7.3174182304705075,0.02658661185861622,7.068479301207126e-4,24.31772727272727
2000-07-01,aluminium,Aluminium,NA,1563.5,7.354682176897896,0.03726394642738825,0.00138860170334326,22.66
2000-08-01,aluminium,Aluminium,NA,1527.63,7.331472793807387,-0.02320938309050954,5.386754634420305e-4,20.484347826086957
2000-09-01,aluminium,Aluminium,NA,1601.21,7.37851487241493,0.04704207860754316,0.00221295715971827,22.3365
2000-10-01,aluminium,Aluminium,NA,1500.24,7.313380374291667,-0.06513449812326311,0.00424250284576936,28.21409090909091
2000-11-01,aluminium,Aluminium,NA,1473.86,7.295640088591211,-0.01774028570045548,3.147177367337854e-4,29.21190476190476
2000-12-01,aluminium,Aluminium,NA,1565.41,7.355903049493939,0.06026296090272801,0.00363162445676372,30.1045
2001-01-01,aluminium,Aluminium,NA,1615.65,7.387492631464889,0.03158958197094972,9.979016890993516e-4,27.83
2001-02-01,aluminium,Aluminium,NA,1604.36,7.38048020214656,-0.00701242931832868,4.917416494455572e-5,26.159473684210525
2001-03-01,aluminium,Aluminium,NA,1509.17,7.319315109811481,-0.06116509233507909,0.00374116852035875,32.42318181818182
2001-04-01,aluminium,Aluminium,NA,1496.91,7.311158262371853,-0.00815684743962786,6.653416015336363e-5,32.245
2001-05-01,aluminium,Aluminium,NA,1538.77,7.338738674977153,0.02758041260529926,7.606791594785506e-4,26.095
2001-06-01,aluminium,Aluminium,NA,1466.13,7.290381555186268,-0.0483571197908851,0.00233841103447001,23.30047619047619
2001-07-01,aluminium,Aluminium,NA,1416.39,7.2558666600603265,-0.034514895125941,0.0011912779855547,24.85904761904762
2001-08-01,aluminium,Aluminium,NA,1377.08,7.2277205943540705,-0.02814606570625595,7.922010147408773e-4,24.260434782608694
2001-09-01,aluminium,Aluminium,NA,1344.56,7.203822100968311,-0.02389849338575944,5.711379861091878e-4,38.55133333333333
2001-10-01,aluminium,Aluminium,NA,1282.5,7.1565665770449245,-0.04725552392338642,0.00223308454127374,34.44695652173913
2001-11-01,aluminium,Aluminium,NA,1327.46,7.191022620835379,0.03445604379045475,0.00118721895368973,28.25428571428571
2001-12-01,aluminium,Aluminium,NA,1344.63,7.2038741612541335,0.01285154041875465,1.651620911348845e-4,24.5395
2002-01-01,aluminium,Aluminium,NA,1368.59,7.221536291754892,0.01766213050075769,3.1195085382579524e-4,23.615238095238094
2002-02-01,aluminium,Aluminium,NA,1369.34,7.22208415091766,5.478591627683708e-4,3.001496622292602e-7,24.66842105263158
2002-03-01,aluminium,Aluminium,NA,1405,7.247792581767846,0.02570843085018599,6.609234167787946e-4,21.014
2002-04-01,aluminium,Aluminium,NA,1369.99,7.222558719525458,-0.02523386224238836,6.36747803667833e-4,21.814545454545453
2002-05-01,aluminium,Aluminium,NA,1343.3,7.2028845520689675,-0.0196741674564903,3.870728651060222e-4,22.63
2002-06-01,aluminium,Aluminium,NA,1353.97,7.210796296653643,0.00791174458467557,6.259570237314335e-5,28.599
2002-07-01,aluminium,Aluminium,NA,1338.09,7.198998503000005,-0.01179779365363843,1.3918793509383123e-4,38.49727272727273
2002-08-01,aluminium,Aluminium,NA,1291.6,7.16363703888412,-0.03536146411588462,0.00125043314441899,37.25272727272727
2002-09-01,aluminium,Aluminium,NA,1301.25,7.171080619929179,0.00744358104505863,5.540689877435615e-5,41.656
2002-10-01,aluminium,Aluminium,NA,1310.58,7.178225066302784,0.0071444463736057,5.1043113985327706e-5,41.39739130434783
2002-11-01,aluminium,Aluminium,NA,1372.2,7.22417057025679,0.04594550395400605,0.00211098933358758,32.005
2002-12-01,aluminium,Aluminium,NA,1375.07,7.2262599178957565,0.00208934763896636,4.365373556454337e-6,31.830952380952382
2003-01-01,aluminium,Aluminium,NA,1378.284,7.228594526129785,0.00233460823402856,5.4503956063939846e-6,30.66857142857143
2003-02-01,aluminium,Aluminium,NA,1422.16,7.25993212161443,0.03133759548464466,9.820448907592214e-4,36.54052631578948
2003-03-01,aluminium,Aluminium,NA,1389.274,7.236536587519178,-0.0233955340952515,5.473510156020756e-4,35.194761904761904
2003-04-01,aluminium,Aluminium,NA,1332.013,7.194446610812468,-0.0420899767067105,0.00177156613917143,27.14238095238095
2003-05-01,aluminium,Aluminium,NA,1398.488,7.243146931983105,0.04870032117063763,0.00237172128212325,22.548571428571428
2003-06-01,aluminium,Aluminium,NA,1409.845,7.251235048251556,0.0080881162684502,6.541762477196889e-5,22.34904761904762
2003-07-01,aluminium,Aluminium,NA,1436.087,7.269677332731192,0.0184422844796364,3.4011785682783787e-4,21.206818181818186
2003-08-01,aluminium,Aluminium,NA,1456.313,7.283663178180821,0.01398584544962881,1.9560387294090308e-4,20.829047619047618
2003-09-01,aluminium,Aluminium,NA,1415.568,7.255286142960084,-0.02837703522073737,8.052561279189696e-4,20.682380952380953
2003-10-01,aluminium,Aluminium,NA,1474.25,7.295904664880614,0.0406185219205299,0.00164986432300856,19.184347826086956
2003-11-01,aluminium,Aluminium,NA,1508.338,7.318763661383783,0.02285899650316899,5.225337211318922e-4,17.838947368421053
2003-12-01,aluminium,Aluminium,NA,1554.905,7.3491697294994784,0.03040606811569501,9.24528978256285e-4,16.375454545454545
2004-01-01,aluminium,Aluminium,NA,1606.488,7.381805708873487,0.03263597937400912,0.00106510714970074,15.834
2004-02-01,aluminium,Aluminium,NA,1685.625,7.429891693893994,0.04808598502050763,0.00231226195539248,15.924736842105265
2004-03-01,aluminium,Aluminium,NA,1655.989,7.412153692411066,-0.01773800148292829,3.1463669660836623e-4,17.73304347826087
2004-04-01,aluminium,Aluminium,NA,1729.738,7.455725230936155,0.04357153852508818,0.00189847896944324,15.788095238095238
2004-05-01,aluminium,Aluminium,NA,1623.224,7.392169574010973,-0.06355565692518123,0.00403932152719133,18.076
2004-06-01,aluminium,Aluminium,NA,1677.716,7.425188623596827,0.03301904958585333,0.00109025763555304,15.045238095238096
2004-07-01,aluminium,Aluminium,NA,1709.273,7.443823412897607,0.01863478930078024,3.4725537228447395e-4,15.668571428571427
2004-08-01,aluminium,Aluminium,NA,1692.19,7.433778827005973,-0.01004458589163326,1.0089370573439792e-4,16.592727272727274
2004-09-01,aluminium,Aluminium,NA,1723.602,7.452171566103043,0.01839273909706933,3.3829285149286273e-4,13.880476190476193
2004-10-01,aluminium,Aluminium,NA,1819.57,7.506355488419904,0.05418392231686111,0.00293589743763963,15.184761904761904
2004-11-01,aluminium,Aluminium,NA,1813.898,7.5032333997667005,-0.00312208865320303,9.747437558459145e-6,14.05
2004-12-01,aluminium,Aluminium,NA,1849.179,7.522497035787421,0.01926363602071932,3.71087672738755e-4,13.014090909090909
2005-01-01,aluminium,Aluminium,NA,1834.425,7.514486359885193,-0.00801067590222634,6.41709284105098e-5,13.512
2005-02-01,aluminium,Aluminium,NA,1882.85,7.540541865367282,0.02605550548208797,6.788893659271166e-4,11.562631578947368
2005-03-01,aluminium,Aluminium,NA,1979.85,7.590776363243073,0.05023449787579124,0.00252350477683287,12.880454545454546
2005-04-01,aluminium,Aluminium,NA,1894.286,7.546597265514092,-0.0441790977289818,0.00195179267614692,14.057142857142855
2005-05-01,aluminium,Aluminium,NA,1743.7,7.463764571323448,-0.08283269419064335,0.00686125522688064,13.17904761904762
2005-06-01,aluminium,Aluminium,NA,1731.295,7.456624962377625,-0.00713960894582248,5.097401589926843e-5,11.241818181818182
2005-07-01,aluminium,Aluminium,NA,1778.786,7.483686388131092,0.02706142575346633,7.323207638103709e-4,10.489
2005-08-01,aluminium,Aluminium,NA,1867.841,7.532538497393046,0.04885210926195355,0.00238652857934184,11.985217391304348
2005-09-01,aluminium,Aluminium,NA,1839.909,7.517471392858278,-0.01506710453476725,2.270176390616038e-4,11.959047619047618
2005-10-01,aluminium,Aluminium,NA,1928.714,7.564608738564747,0.0471373457064687,0.00222192936025114,14.582380952380952
2005-11-01,aluminium,Aluminium,NA,2050.591,7.62588332326703,0.06127458470228351,0.00375457473043731,11.606190476190475
2005-12-01,aluminium,Aluminium,NA,2247.45,7.717551519157263,0.0916681958902324,0.00840305813777002,10.923809523809524
2006-01-01,aluminium,Aluminium,NA,2377.857,7.773954940875709,0.05640342171844596,0.00318134598154886,11.7115
2006-02-01,aluminium,Aluminium,NA,2455.325,7.806014414358836,0.0320594734831274,0.00102780984001534,11.867368421052632
2006-03-01,aluminium,Aluminium,NA,2429.13,7.795288447537095,-0.01072596682174129,1.1504636426109498e-4,11.19086956521739
2006-04-01,aluminium,Aluminium,NA,2621.111,7.871353552674657,0.07606510513756207,0.00578590021958837,11.163684210526316
2006-05-01,aluminium,Aluminium,NA,2861.476,7.959092854604479,0.08773930192982177,0.00769818510313242,13.488181818181818
2006-06-01,aluminium,Aluminium,NA,2477.341,7.814941086546288,-0.1441517680581913,0.02077973223430258,15.891363636363636
2006-07-01,aluminium,Aluminium,NA,2512.714,7.829118722869574,0.01417763632328691,2.010053717153846e-4,14.522
2006-08-01,aluminium,Aluminium,NA,2459.932,7.807888986267931,-0.02122973660164335,4.507017161751553e-4,12.560434782608697
2006-09-01,aluminium,Aluminium,NA,2472.881,7.813139146670945,0.00525016040301487,2.756418425738526e-5,11.397
2006-10-01,aluminium,Aluminium,NA,2654.591,7.884045872845061,0.07090672617411459,0.00502776381673086,10.808636363636364
2006-11-01,aluminium,Aluminium,NA,2702.795,7.902041701742906,0.01799582889784574,3.2384985772053996e-4,10.484285714285717
2006-12-01,aluminium,Aluminium,NA,2813.632,7.942231454424639,0.04018975268173308,0.00161521622061887,10.499
2007-01-01,aluminium,Aluminium,NA,2809.341,7.940705215250822,-0.00152623917381668,2.329406015692643e-6,10.627
2007-02-01,aluminium,Aluminium,NA,2832.2,7.948809073788959,0.00810385853813587,6.567252320611772e-5,10.920526315789472
2007-03-01,aluminium,Aluminium,NA,2761.727,7.923611487664841,-0.02519758612411734,6.349183464823107e-4,14.921363636363637
2007-04-01,aluminium,Aluminium,NA,2814.789,7.942642582169453,0.01903109450461218,3.621825580434801e-4,12.246
2007-05-01,aluminium,Aluminium,NA,2792.75,7.934782052450958,-0.00786052971849541,6.178792745534964e-5,12.965
2007-06-01,aluminium,Aluminium,NA,2676.93,7.892425894504581,-0.04235615794637656,0.00179404411597839,14.881904761904762
2007-07-01,aluminium,Aluminium,NA,2732.44,7.912950261895617,0.02052436739103574,4.2124965680221153e-4,17.247619047619047
2007-08-01,aluminium,Aluminium,NA,2515.773,7.830335391174513,-0.08261487072110381,0.00682521686426469,25.12
2007-09-01,aluminium,Aluminium,NA,2391.25,7.7795715207544625,-0.05076387042005052,0.00257697054002368,22.182105263157897
2007-10-01,aluminium,Aluminium,NA,2442.37,7.800724158344904,0.02115263759044125,4.474340770325485e-4,18.859565217391303
2007-11-01,aluminium,Aluminium,NA,2506.886,7.826796624447874,0.02607246610297019,6.797734886905296e-4,26.65714285714286
2007-12-01,aluminium,Aluminium,NA,2381.694,7.775567278187036,-0.05122934626083833,0.00262444591831287,23.0965
2008-01-01,aluminium,Aluminium,NA,2445.523,7.802014284964831,0.02644700677779534,6.994441675047527e-4,27.98952380952381
2008-02-01,aluminium,Aluminium,NA,2776.929,7.92910091982115,0.12708663485631855,0.01615101275910324,27.1565
2008-03-01,aluminium,Aluminium,NA,3005.289,8.008129015389903,0.07902809556875266,0.0062454398892239,29.009
2008-04-01,aluminium,Aluminium,NA,2959.273,7.992698909043387,-0.01543010634651528,2.3808818186477125e-4,22.526818181818182
2008-05-01,aluminium,Aluminium,NA,2902.9,7.973465516307649,-0.01923339273573813,3.6992339612714446e-4,18.61
2008-06-01,aluminium,Aluminium,NA,2957.857,7.99222029862684,0.0187547823191916,3.51741859840262e-4,23.19142857142857
2008-07-01,aluminium,Aluminium,NA,3071.239,8.029836342225392,0.03761604359855275,0.00141496673600822,25.66227272727273
2008-08-01,aluminium,Aluminium,NA,2764.375,7.924569848622591,-0.10526649360280216,0.01108103467542878,22.25952380952381
2008-09-01,aluminium,Aluminium,NA,2525.818,7.834320249641661,-0.09024959898092988,0.00814499011621865,33.21142857142857
2008-10-01,aluminium,Aluminium,NA,2121.413,7.659837655081254,-0.17448259456040743,0.03044417580453152,65.44652173913043
2008-11-01,aluminium,Aluminium,NA,1852.425,7.524250870520709,-0.13558678456054482,0.01838377614746759,65.42684210526316
2008-12-01,aluminium,Aluminium,NA,1490.429,7.306819276961738,-0.21743159355897135,0.04727649787759371,55.07545454545455
2009-01-01,aluminium,Aluminium,NA,1413.119,7.253554597114331,-0.05326467984740734,0.0028371261192468,44.2915
2009-02-01,aluminium,Aluminium,NA,1330.2,7.193084585850321,-0.06047001126400962,0.00365662226226945,45.38947368421053
2009-03-01,aluminium,Aluminium,NA,1335.841,7.197316335038056,0.00423174918773508,1.790770118789653e-5,46.09045454545455
2009-04-01,aluminium,Aluminium,NA,1420.85,7.2590105630601425,0.06169422802208683,0.00380617777124124,38.89857142857143
2009-05-01,aluminium,Aluminium,NA,1460.447,7.286497832227193,0.02748726916705021,7.555499662618692e-4,32.11
2009-06-01,aluminium,Aluminium,NA,1573.727,7.36120197047813,0.07470413825093733,0.00558070827181515,27.935454545454547
2009-07-01,aluminium,Aluminium,NA,1667.957,7.4193548032099,0.05815283273176918,0.00338175195472912,25.924545454545456
2009-08-01,aluminium,Aluminium,NA,1933.75,7.567216401887276,0.1478615986773763,0.02186305236342949,24.306190476190476
2009-09-01,aluminium,Aluminium,NA,1834.114,7.514316810099437,-0.05289959178783866,0.00279836681131996,23.85761904761905
2009-10-01,aluminium,Aluminium,NA,1878.568,7.538265063453875,0.0239482533544376,5.735188387283318e-4,23.250454545454545
2009-11-01,aluminium,Aluminium,NA,1949.286,7.575218430660952,0.03695336720707672,0.0013655513479410501,22.546
2009-12-01,aluminium,Aluminium,NA,2180.095,7.687123732815293,0.11190530215434193,0.01252279665025456,19.845454545454544
2010-01-01,aluminium,Aluminium,NA,2235.15,7.712063618889579,0.02493988607428565,6.219979173983472e-4,19.527368421052632
2010-02-01,aluminium,Aluminium,NA,2048.925,7.625070544347902,-0.0869930745416768,0.00756779501821373,21.771052631578947
2010-03-01,aluminium,Aluminium,NA,2205.63,7.698768461358107,0.0736979170102049,0.00543138297164304,16.925217391304347
2010-04-01,aluminium,Aluminium,NA,2316.725,7.747909829429836,0.04914136807172892,0.00241487405596113,16.136666666666667
2010-05-01,aluminium,Aluminium,NA,2040.526,7.620962896739688,-0.12694693269014767,0.01611552371943688,30.0335
2010-06-01,aluminium,Aluminium,NA,1931.386,7.565993158878608,-0.05496973786108048,0.0030216720805159,28.94090909090909
2010-07-01,aluminium,Aluminium,NA,1988.273,7.595021701732112,0.02902854285350386,8.426563001977103e-4,25.016666666666666
2010-08-01,aluminium,Aluminium,NA,2118.143,7.658295040407237,0.06327333867512584,0.00400351538709717,24.15590909090909
2010-09-01,aluminium,Aluminium,NA,2162.341,7.678946710091304,0.02065166968406649,4.2649146073979086e-4,21.322380952380954
2010-10-01,aluminium,Aluminium,NA,2346.57,7.760709966453698,0.08176325636239401,0.00668523009098256,19.86095238095238
2010-11-01,aluminium,Aluminium,NA,2333.068,7.754939418617667,-0.00577054783603092,3.329922232792123e-5,19.395238095238096
2010-12-01,aluminium,Aluminium,NA,2350.667,7.762454396653385,0.00751497803571779,5.6474894877320894e-5,16.58681818181818
2011-01-01,aluminium,Aluminium,NA,2439.525,7.799558627205021,0.0371042305516366,0.001376723924829,15.723
2011-02-01,aluminium,Aluminium,NA,2508.175,7.8273106760330435,0.02775204882802203,7.701762141529194e-4,15.72
2011-03-01,aluminium,Aluminium,NA,2555.5,7.846003178208334,0.01869250217529097,3.494096375732576e-4,19.893478260869564
2011-04-01,aluminium,Aluminium,NA,2678.11,7.89286660083697,0.04686342262863627,0.00219618038047017,15.208
2011-05-01,aluminium,Aluminium,NA,2596.45,7.861900406407261,-0.03096619442970975,9.589051974585874e-4,16.293809523809525
2011-06-01,aluminium,Aluminium,NA,2557.76,7.846887154437654,-0.01501325196960644,2.2539773470289172e-4,18.918636363636363
2011-07-01,aluminium,Aluminium,NA,2525.43,7.83416662424027,-0.01272053019738432,1.6181188850256654e-4,18.7405
2011-08-01,aluminium,Aluminium,NA,2379.35,7.774582620120702,-0.05958400411956829,0.00355025354692073,35.068695652173915
2011-09-01,aluminium,Aluminium,NA,2293.46,7.737816873292157,-0.03676574682854409,0.00135172013986059,36.64380952380952
2011-10-01,aluminium,Aluminium,NA,2180.65,7.687378276478358,-0.05043859681379898,0.00254405204854497,32.00857142857143
2011-11-01,aluminium,Aluminium,NA,2079.98,7.64011355726452,-0.0472647192138385,0.00223395368236299,31.412380952380953
2011-12-01,aluminium,Aluminium,NA,2022.25,7.611966031898062,-0.02814752536645821,7.922831842554084e-4,25.03952380952381
2012-01-01,aluminium,Aluminium,NA,2144.2,7.670521801422139,0.05855576952407729,0.00342877814455685,18.9415
2012-02-01,aluminium,Aluminium,NA,2207.92,7.699806174856538,0.0292843734343981,8.575745274452815e-4,16.691
2012-03-01,aluminium,Aluminium,NA,2184.16,7.688986594254668,-0.01081958060186986,1.1706332440035856e-4,14.962727272727273
2012-04-01,aluminium,Aluminium,NA,2049.67,7.625434083564734,-0.0635525106899339,0.00403892161499416,17.177
2012-05-01,aluminium,Aluminium,NA,2007.63095238095,7.60471067526551,-0.02072340829922373,4.294596515363352e-4,20.547272727272727
2012-06-01,aluminium,Aluminium,NA,1890.17857142857,7.544426585827861,-0.06028408943764873,0.00363417143932643,20.750476190476192
2012-07-01,aluminium,Aluminium,NA,1876.25,7.537030382947672,-0.00739620288018947,5.470381704492313e-5,16.954761904761906
2012-08-01,aluminium,Aluminium,NA,1845.37608695652,7.520438376870685,-0.0165920060769868,2.7529466565876686e-4,14.969130434782608
2012-09-01,aluminium,Aluminium,NA,2064.12,7.632459264446299,0.11202088757561478,0.01254867925322852,14.31421052631579
2012-10-01,aluminium,Aluminium,NA,1974.3,7.587969184130183,-0.04449008031611669,0.00197936724653451,15.469047619047618
2012-11-01,aluminium,Aluminium,NA,1948.82954545455,7.574984238245558,-0.01298494588462507,1.686088196266416e-4,17.155714285714286
2012-12-01,aluminium,Aluminium,NA,2086.76315789474,7.643369416159507,0.06838517791394824,0.00467653255832235,17.351
2013-01-01,aluminium,Aluminium,NA,2037.75,7.619601536974566,-0.02376787918493951,5.649120809498808e-4,13.121904761904762
2013-02-01,aluminium,Aluminium,NA,2053.595,7.627347194805233,0.00774565783066575,5.9995215229753776e-5,13.512105263157894
2013-03-01,aluminium,Aluminium,NA,1909.56666666667,7.554631619209653,-0.07271557559557934,0.00528755493419641,12.3915
2013-04-01,aluminium,Aluminium,NA,1861.67045454545,7.529229457503909,-0.02540216170574399,6.452698193247664e-4,13.251363636363635
2013-05-01,aluminium,Aluminium,NA,1832.02173913043,7.513175411501242,-0.01605404600266714,2.5773239305575276e-4,12.914090909090907
2013-06-01,aluminium,Aluminium,NA,1814.5375,7.503585893289941,-0.00958951821130151,9.195885952488332e-5,17.156
2013-07-01,aluminium,Aluminium,NA,1769.60869565217,7.478513725224266,-0.02507216806567421,6.286136115134138e-4,13.626818181818182
2013-08-01,aluminium,Aluminium,NA,1817.61590909091,7.505280981289424,0.0267672560651571,7.164859972576896e-4,13.863636363636363
2013-09-01,aluminium,Aluminium,NA,1761.30476190476,7.4738101553653,-0.03147082592412376,9.904128843465e-4,14.2915
2013-10-01,aluminium,Aluminium,NA,1814.58260869565,7.503610752591535,0.02980059722623535,8.880755950403061e-4,14.32304347826087
2013-11-01,aluminium,Aluminium,NA,1747.96428571429,7.466207124493191,-0.03740362809834453,0.00139903139491926,11.9565
2013-12-01,aluminium,Aluminium,NA,1739.81,7.461531190844024,-0.00467593364916664,2.1864355491408913e-5,12.995238095238095
2014-01-01,aluminium,Aluminium,NA,1727.41,7.454378455876552,-0.00715273496747225,5.1161617514900386e-5,13.057142857142855
2014-02-01,aluminium,Aluminium,NA,1695.17,7.435538309770596,-0.01884014610595597,3.5495110529376784e-4,14.179473684210526
2014-03-01,aluminium,Aluminium,NA,1705.37,7.441537374972268,0.00599906520167217,3.598878329391395e-5,13.592380952380951
2014-04-01,aluminium,Aluminium,NA,1810.67,7.501452221511291,0.05991484653902267,0.00358978883579463,13.485238095238095
2014-05-01,aluminium,Aluminium,NA,1751.05,7.467970886989527,-0.03348133452176309,0.0011209997613582,11.76142857142857
2014-06-01,aluminium,Aluminium,NA,1838.95,7.516950035545197,0.04897914855566956,0.00239895699323834,10.298571428571428
2014-07-01,aluminium,Aluminium,NA,1948.3,7.574712476451841,0.05776244090664471,0.00333649957949362,10.638636363636364
2014-08-01,aluminium,Aluminium,NA,2030.49,7.616032422218879,0.04131994576703764,0.00170733791819093,12.414761904761905
2014-09-01,aluminium,Aluminium,NA,1990.43,7.59610597477854,-0.01992644744033861,3.9706330759257713e-4,11.91190476190476
2014-10-01,aluminium,Aluminium,NA,1946.19,7.573628894156622,-0.02247708062191859,5.052191532842282e-4,16.911304347826086
2014-11-01,aluminium,Aluminium,NA,2055.55,7.6282987310238415,0.05466983686721993,0.00298879106308843,12.243684210526316
2014-12-01,aluminium,Aluminium,NA,1909.46,7.554575758554043,-0.07372297246979943,0.0054350766697828,14.90681818181818
2015-01-01,aluminium,Aluminium,NA,1814.72,7.503686464825663,-0.05088929372837925,0.00258972021617325,17.9875
2015-02-01,aluminium,Aluminium,NA,1817.82,7.50539325993463,0.00170679510896699,2.9131495439936594e-6,15.321052631578947
2015-03-01,aluminium,Aluminium,NA,1773.86,7.480913242055246,-0.02448001787938374,5.992712753749478e-4,15.016818181818184
2015-04-01,aluminium,Aluminium,NA,1819.19,7.50614662605944,0.02523338400419312,6.367236683030695e-4,13.758571428571427
2015-05-01,aluminium,Aluminium,NA,1804.04,7.497783873325755,-0.00836275273368474,6.993563328475169e-5,13.6325
2015-06-01,aluminium,Aluminium,NA,1687.73,7.4311397097554845,-0.06664416357027005,0.0044414445379809,14.83090909090909
2015-07-01,aluminium,Aluminium,NA,1639.5,7.402146596284703,-0.02899311347078195,8.406006287296377e-4,14.55090909090909
2015-08-01,aluminium,Aluminium,NA,1548.13,7.3448030299517715,-0.0573435663329314,0.0032882845997793,19.58809523809524
2015-09-01,aluminium,Aluminium,NA,1589.6,7.371237691237607,0.02643466128583559,6.987913172968551e-4,24.604285714285716
2015-10-01,aluminium,Aluminium,NA,1516.49,7.324153732975671,-0.04708395826193586,0.00221689912561171,16.977272727272727
2015-11-01,aluminium,Aluminium,NA,1467.89,7.291581274486818,-0.03257245848885277,0.00106096505200803,16.008
2015-12-01,aluminium,Aluminium,NA,1497.2,7.311351976030274,0.01977070154345557,3.9088063952039673e-4,18.304545454545455
2016-01-01,aluminium,Aluminium,NA,1481.1,7.3005403339329265,-0.01081164209734713,1.1689160484112864e-4,24.33105263157895
2016-02-01,aluminium,Aluminium,NA,1531.26,7.333846204883957,0.0333058709510309,0.00110928103980672,24.109
2016-03-01,aluminium,Aluminium,NA,1531.01,7.333682927314994,-1.6327756896378765e-4,2.6659564526724426e-8,16.398636363636363
2016-04-01,aluminium,Aluminium,NA,1571.23,7.3596140311042735,0.02593110378927998,6.724221437304106e-4,14.347142857142858
2016-05-01,aluminium,Aluminium,NA,1550.63,7.346416578947114,-0.01319745215715947,1.7417274344051317e-4,14.791904761904762
2016-06-01,aluminium,Aluminium,NA,1593.51,7.373694409331895,0.02727783038478103,7.440800305008833e-4,16.635
2016-07-01,aluminium,Aluminium,NA,1629.05,7.395752301808106,0.02205789247621085,4.865506204920796e-4,12.3075
2016-08-01,aluminium,Aluminium,NA,1639.28,7.402012400028577,0.00626009822047068,3.918882972994019e-5,11.22391304347826
2016-09-01,aluminium,Aluminium,NA,1592.36,7.372972471493912,-0.02903992853466489,8.433174492984444e-4,13.593333333333334
2016-10-01,aluminium,Aluminium,NA,1665.9,7.418120796915671,0.04514832542175916,0.00203837128838906,14.816190476190476
2016-11-01,aluminium,Aluminium,NA,1737.11,7.459978091812279,0.04185729489660836,0.00175203313606163,15.33952380952381
2016-12-01,aluminium,Aluminium,NA,1727.74,7.45456947508035,-0.00540861673192868,2.925313495289894e-5,11.956190476190477
2017-01-01,aluminium,Aluminium,NA,1791.24,7.490663396433149,0.03609392135279786,0.00130277115862195,10.7905
2017-02-01,aluminium,Aluminium,NA,1860.75,7.52873491124002,0.03807151480687148,0.00144944023968983,10.510526315789471
2017-03-01,aluminium,Aluminium,NA,1901.47,7.550382550225712,0.02164763898569235,4.686202736548677e-4,10.640869565217391
2017-04-01,aluminium,Aluminium,NA,1921.22,7.5607156798968,0.01033312967108801,1.0677356879951954e-4,11.57315789473684
2017-05-01,aluminium,Aluminium,NA,1913.02,7.5564384241686655,-0.0042772557281352,1.829491656386544e-5,9.971363636363636
2017-06-01,aluminium,Aluminium,NA,1885.29,7.541836934202851,-0.01460148996581387,2.132035092217634e-4,9.42318181818182
2017-07-01,aluminium,Aluminium,NA,1902.96,7.551165847632253,0.0093289134294017,8.702862577327153e-5,8.8765
2017-08-01,aluminium,Aluminium,NA,2030.01,7.615795998132074,0.06463015049982104,0.00417705635362951,10.177391304347823
2017-09-01,aluminium,Aluminium,NA,2096.49,7.648019796744922,0.03222379861284776,0.00103837319704136,8.6015
2017-10-01,aluminium,Aluminium,NA,2131.49,7.664576544662475,0.01655674791755241,2.7412590160537625e-4,8.02
2017-11-01,aluminium,Aluminium,NA,2097.44,7.6484728324494995,-0.01610371221297535,2.593295470383315e-4,9.127142857142855
2017-12-01,aluminium,Aluminium,NA,2080.47,7.640349108708362,-0.0081237237411373,6.599488742231793e-5,8.8275
2018-01-01,aluminium,Aluminium,NA,2209.73,7.700625615102497,0.06027650639413538,0.00363325722308224,10.367619047619048
2018-02-01,aluminium,Aluminium,NA,2181.79,7.687900919781624,-0.01272469532087254,1.6191787100903565e-4,20.133157894736843
2018-03-01,aluminium,Aluminium,NA,2069.24,7.634936669084986,-0.05296425069663832,0.00280521185185635,18.04904761904762
2018-04-01,aluminium,Aluminium,NA,2254.69,7.720767770202785,0.08583110111779813,0.00736697791909368,18.777142857142856
2018-05-01,aluminium,Aluminium,NA,2299.67,7.740520913362381,0.01975314315959669,3.901866646835218e-4,13.694545454545455
2018-06-01,aluminium,Aluminium,NA,2237.62,7.71316807999582,-0.02735283336656054,7.481774931788276e-4,12.694761904761904
2018-07-01,aluminium,Aluminium,NA,2082.24,7.641199516306619,-0.07196856368920147,0.00517947415948664,11.917619047619048
2018-08-01,aluminium,Aluminium,NA,2051.51,7.626331386352447,-0.0148681299541722,2.2106128833415269e-4,10.972608695652172
2018-09-01,aluminium,Aluminium,NA,2026.46,7.614045707408223,-0.01228567894422407,1.5093790712055087e-4,11.564736842105264
2018-10-01,aluminium,Aluminium,NA,2029.86,7.615722104140361,0.00167639673213805,2.810306003523159e-6,19.855217391304347
2018-11-01,aluminium,Aluminium,NA,1938.51,7.569674915725483,-0.04604718841487784,0.00212034356091526,20.95047619047619
2018-12-01,aluminium,Aluminium,NA,1920.38,7.560278362105574,-0.00939655361990884,8.829521993182208e-5,27.11578947368421
2019-01-01,aluminium,Aluminium,NA,1853.72,7.524949709909186,-0.03532865219638791,0.00124811366601334,20.525238095238095
2019-02-01,aluminium,Aluminium,NA,1862.99,7.529938002900655,0.00498829299146886,2.4883066968737436e-5,15.287368421052632
2019-03-01,aluminium,Aluminium,NA,1871.21,7.534340559419862,0.00440255651920667,1.938250390480918e-5,14.717619047619047
2019-04-01,aluminium,Aluminium,NA,1845.42,7.5204621728444785,-0.01387838657538312,1.926096139357746e-4,12.57
2019-05-01,aluminium,Aluminium,NA,1781.26,7.4850762580362895,-0.03538591480818922,0.00125216296681242,17.937272727272727
2019-06-01,aluminium,Aluminium,NA,1755.95,7.470765299985575,-0.01431095805071444,2.048035203293086e-4,16.889
2019-07-01,aluminium,Aluminium,NA,1796.99,7.493868321937803,0.0231030219522273,5.337496233250964e-4,13.022272727272728
2019-08-01,aluminium,Aluminium,NA,1740.68,7.462031120462049,-0.03183720147575369,0.00101360739780773,20.66590909090909
2019-09-01,aluminium,Aluminium,NA,1753.51,7.469374772443926,0.0073436519818768,5.392922443092313e-5,16.092
2019-10-01,aluminium,Aluminium,NA,1725.96,7.453538696403799,-0.01583607604012765,2.507813043487051e-4,16.411739130434782
2019-11-01,aluminium,Aluminium,NA,1774.79,7.481437385051198,0.02789868864739966,7.783368282445466e-4,12.7645
2019-12-01,aluminium,Aluminium,NA,1771.38,7.479514182807059,-0.00192320224413888,3.6987068718608454e-6,13.598571428571429
2020-01-01,aluminium,Aluminium,NA,1773.09,7.48047906620721,9.64883400151291e-4,9.309999758875164e-7,14.055714285714286
2020-02-01,aluminium,Aluminium,NA,1688.1,7.431358915107343,-0.04912015109986736,0.0024127892440738,20.178421052631577
2020-03-01,aluminium,Aluminium,NA,1610.89,7.384542100274676,-0.04681681483266673,0.0021918141510762,63.317727272727275
2020-04-01,aluminium,Aluminium,NA,1459.93,7.286143768347495,-0.09839833192718164,0.00968223172605181,43.6047619047619
2020-05-01,aluminium,Aluminium,NA,1466.37,7.290545238051083,0.0044014697035884,1.9372935551606596e-5,31.078
2020-06-01,aluminium,Aluminium,NA,1568.57,7.357919655260981,0.06737441720989816,0.00453931209437342,29.99681818181818
2020-07-01,aluminium,Aluminium,NA,1643.81,7.404771997161037,0.04685234190005594,0.00219514194151973,24.80090909090909
2020-08-01,aluminium,Aluminium,NA,1737.26,7.460064438401787,0.05529244124074968,0.00305725405836175,20.337619047619047
2020-09-01,aluminium,Aluminium,NA,1743.77,7.463804715037951,0.00374027663616458,1.398966931503866e-5,28.017142857142854
2020-10-01,aluminium,Aluminium,NA,1806.1,7.498925103429618,0.03512038839166648,0.0012334416807815,30.815
2020-11-01,aluminium,Aluminium,NA,1935.28,7.568007297837813,0.06908219440819521,0.00477234958425167,25.357
2020-12-01,aluminium,Aluminium,NA,2014.67,7.608210689256573,0.04020339141876035,0.00161631268157005,21.704090909090908
2021-01-01,aluminium,Aluminium,NA,2003.98,7.602890482115035,-0.005320207141539,2.830460402888264e-5,23.288947368421052
2021-02-01,aluminium,Aluminium,NA,2078.59,7.639445058212315,0.03655457609728059,0.00133623703365187,21.877894736842105
2021-03-01,aluminium,Aluminium,NA,2190.48,7.691875976876732,0.05243091866441661,0.00274900123199467,21.119565217391305
2021-04-01,aluminium,Aluminium,NA,2319.39,7.749059499053448,0.05718352217671654,0.00326995520853503,16.409523809523808
2021-05-01,aluminium,Aluminium,NA,2433.53,7.797098157120266,0.04803865806681781,0.00230771266886064,18.599
2021-06-01,aluminium,Aluminium,NA,2446.65,7.802475020928149,0.00537686380788311,2.8910664408523336e-5,14.940454545454545
2021-07-01,aluminium,Aluminium,NA,2497.64,7.823101565007683,0.02062654407953355,4.2545432066494053e-4,15.47095238095238
2021-08-01,aluminium,Aluminium,NA,2602.99,7.864416063266095,0.04131449825841217,0.00170688776634434,15.008181818181818
2021-09-01,aluminium,Aluminium,NA,2834.56,7.949642001294778,0.08522593802868386,0.00726346051286906,17.5625
1990-01-01,cocoa,Cocoa,NA,0.9945,-0.00551518068811011,0.024634796262773,6.068731869083347e-4,23.49909090909091
1990-02-01,cocoa,Cocoa,NA,1.0265,0.02615495747685118,0.03167013816496126,0.00100299765138773,23.326842105263157
1990-03-01,cocoa,Cocoa,NA,1.1314,0.12345580392691824,0.097300846450067,0.00946745471989951,18.831363636363637
1990-04-01,cocoa,Cocoa,NA,1.3338,0.2880320112160689,0.16457620728915068,0.02708532800568149,20.4575
1990-05-01,cocoa,Cocoa,NA,1.4405,0.36499027554244606,0.07695826432637713,0.00592257444812853,18.151818181818182
1990-06-01,cocoa,Cocoa,NA,1.3201,0.2777074913045769,-0.08728278423786913,0.00761828442431441,17.582857142857144
1990-07-01,cocoa,Cocoa,NA,1.3457,0.2969143237653586,0.01920683246078161,3.6890241317653416e-4,18.93285714285714
1990-08-01,cocoa,Cocoa,NA,1.2857,0.25130331710806614,-0.04561100665729242,0.00208036392829157,27.77521739130435
1990-09-01,cocoa,Cocoa,NA,1.3715,0.31590503139552084,0.06460171428745456,0.00417338148887791,28.818947368421053
1990-10-01,cocoa,Cocoa,NA,1.3069,0.26765792062085314,-0.04824711077466764,0.00232778369810305,30.130434782608695
1990-11-01,cocoa,Cocoa,NA,1.347,0.2978798974282269,0.03022197680737374,9.133678821454366e-4,25.106666666666666
1990-12-01,cocoa,Cocoa,NA,1.2964,0.25959119228525523,-0.03828870514297167,0.00146602494152542,22.5845
1991-01-01,cocoa,Cocoa,NA,1.2417,0.21648140844065936,-0.04310978384459593,0.00185845346312778,26.93181818181818
1991-02-01,cocoa,Cocoa,NA,1.2147,0.194497132724088,-0.0219842757165714,4.8330837878223095e-4,22.11263157894737
1991-03-01,cocoa,Cocoa,NA,1.2103,0.19086826276242105,-0.00362886996166696,1.3168697198688796e-5,19.041052631578943
1991-04-01,cocoa,Cocoa,NA,1.1458,0.1361030829923403,-0.05476517977008074,0.00299922491524926,18.92727272727273
1991-05-01,cocoa,Cocoa,NA,1.0622,0.06034222900616176,-0.07576085398617856,0.00573970699671506,17.180454545454545
1991-06-01,cocoa,Cocoa,NA,1.0408,0.03998964821615841,-0.02035258079000336,4.142275448136139e-4,17.575
1991-07-01,cocoa,Cocoa,NA,1.0322,0.03169244673248973,-0.00829720148366868,6.884355246059384e-5,17.669545454545453
1991-08-01,cocoa,Cocoa,NA,1.1389,0.1300628842981684,0.09837043756567863,0.00967674298686308,15.932727272727272
1991-09-01,cocoa,Cocoa,NA,1.2729,0.24129776189425176,0.11123487759608332,0.01237319799381563,17.029
1991-10-01,cocoa,Cocoa,NA,1.3008,0.2629794598114091,0.02168169791715738,4.7009602457086686e-4,16.846363636363638
1991-11-01,cocoa,Cocoa,NA,1.314,0.2730759200624188,0.01009646025100981,1.0193850960022118e-4,17.6815
1991-12-01,cocoa,Cocoa,NA,1.3664,0.3121795440521684,0.03910362398974949,0.00152909340913171,18.018571428571427
1992-01-01,cocoa,Cocoa,NA,1.2815,0.2480312668219888,-0.06414827723017957,0.00411500147159997,17.499545454545455
1992-02-01,cocoa,Cocoa,NA,1.1929,0.17638731730576315,-0.07164394951622562,0.00513285550228348,17.050526315789472
1992-03-01,cocoa,Cocoa,NA,1.1282,0.12062344232373876,-0.05576387498202437,0.00310960975301084,16.222727272727273
1992-04-01,cocoa,Cocoa,NA,1.0443,0.04334680450336586,-0.0772766378203729,0.00597167875282108,16.18857142857143
1992-05-01,cocoa,Cocoa,NA,0.9923,-0.00772979806194126,-0.05107660256530716,0.00260881932961434,14.728
1992-06-01,cocoa,Cocoa,NA,0.9706,-0.02984084201102122,-0.02211104394907991,4.888982645181434e-4,14.75318181818182
1992-07-01,cocoa,Cocoa,NA,1.1021,0.09721745071535928,0.12705829272638058,0.01614380975054261,13.303636363636365
1992-08-01,cocoa,Cocoa,NA,1.1762,0.16228890304371849,0.0650714523283591,0.00423429390812191,14.422380952380951
1992-09-01,cocoa,Cocoa,NA,1.125,0.11778303565638346,-0.04450586738733499,0.00198077223189904,14.258571428571427
1992-10-01,cocoa,Cocoa,NA,1.071,0.06859279146561167,-0.04919024419077178,0.00241968012354775,17.478636363636365
1992-11-01,cocoa,Cocoa,NA,1.0763,0.07352923328811553,0.00493644182250376,2.4368457866964294e-5,14.594
1992-12-01,cocoa,Cocoa,NA,1.0344,0.03382154847551066,-0.03970768481260487,0.00157670023317717,12.781363636363636
1993-01-01,cocoa,Cocoa,NA,1.0355,0.03488440185350188,0.00106285337799115,1.1296573031072083e-6,12.5745
1993-02-01,cocoa,Cocoa,NA,0.9976,-0.00240288461631031,-0.03728728646981223,0.00139034173228184,13.505263157894737
1993-03-01,cocoa,Cocoa,NA,0.9751,-0.02521524914106376,-0.02281236452475348,5.204039752102313e-4,13.657391304347826
1993-04-01,cocoa,Cocoa,NA,1.0117,0.01163208422970769,0.03684733337077152,0.00135772597653677,13.49952380952381
1993-05-01,cocoa,Cocoa,NA,0.9958,-0.00420884477405468,-0.01584092900376233,2.5093503170223885e-4,13.535
1993-06-01,cocoa,Cocoa,NA,0.9872,-0.01288262583101371,-0.00867378105695907,7.523447782406199e-5,13.002272727272729
1993-07-01,cocoa,Cocoa,NA,1.0604,0.05864619543273343,0.07152882126374721,0.00511637227138109,11.99952380952381
1993-08-01,cocoa,Cocoa,NA,1.0966,0.09221448398781106,0.03356828855507755,0.00112682999651695,11.952272727272728
1993-09-01,cocoa,Cocoa,NA,1.2677,0.237204234962544,0.1449897509747329,0.02102202788771506,12.621428571428572
1993-10-01,cocoa,Cocoa,NA,1.2923,0.25642357654900866,0.01921934158646456,3.693830910172061e-4,11.377142857142855
1993-11-01,cocoa,Cocoa,NA,1.321,0.27838902554018824,0.02196544899117952,4.824809493841095e-4,13.370952380952382
1993-12-01,cocoa,Cocoa,NA,1.3622,0.30910103982508097,0.03071201428489267,9.43227821435452e-4,10.864545454545455
1994-01-01,cocoa,Cocoa,NA,1.2641,0.23436040651937487,-0.07474063330570607,0.00558616226693802,10.605238095238096
1994-02-01,cocoa,Cocoa,NA,1.2289,0.20611946030841455,-0.02824094621096028,7.975510428903518e-4,12.885263157894736
1994-03-01,cocoa,Cocoa,NA,1.3073,0.26796394158567727,0.06184448127726263,0.00382473986445368,14.240869565217391
1994-04-01,cocoa,Cocoa,NA,1.2436,0.21801039920246176,-0.04995354238321548,0.0024953563966317,15.334736842105263
1994-05-01,cocoa,Cocoa,NA,1.3788,0.32121355566057325,0.10320315645811157,0.01065089150291745,13.39
1994-06-01,cocoa,Cocoa,NA,1.459,0.37775126954064864,0.05653771388007526,0.00319651309078525,12.94590909090909
1994-07-01,cocoa,Cocoa,NA,1.5523,0.43973770205026064,0.06198643250961187,0.00384231781526866,12.1635
1994-08-01,cocoa,Cocoa,NA,1.551,0.43889988419440173,-8.378178558589197e-4,7.019387595960375e-7,11.39304347826087
1994-09-01,cocoa,Cocoa,NA,1.4861,0.3961552387823867,-0.04274464541201511,0.0018271047113989,12.612380952380953
1994-10-01,cocoa,Cocoa,NA,1.4478,0.370045162876904,-0.0261100759054827,6.817360637900686e-4,15.04952380952381
1994-11-01,cocoa,Cocoa,NA,1.4352,0.3613042123223946,-0.00874095055450935,7.640421659637733e-5,16.249523809523808
1994-12-01,cocoa,Cocoa,NA,1.3975,0.33468492604711714,-0.02661928627527751,7.085864018051777e-4,13.806666666666668
1995-01-01,cocoa,Cocoa,NA,1.4687,0.38437765577767963,0.04969272973056254,0.00246936738807473,11.711904761904762
1995-02-01,cocoa,Cocoa,NA,1.5102,0.4122420923871881,0.02786443660950855,7.764268275653206e-4,11.197368421052632
1995-03-01,cocoa,Cocoa,NA,1.485,0.395414772254663,-0.01682732013252506,2.831587028424834e-4,11.971304347826086
1995-04-01,cocoa,Cocoa,NA,1.4612,0.3792580159389904,-0.01615675631567258,2.61040774644026e-4,12.51684210526316
1995-05-01,cocoa,Cocoa,NA,1.4453,0.3683169124726592,-0.01094110346633113,1.197077450609632e-4,12.458636363636364
1995-06-01,cocoa,Cocoa,NA,1.4372,0.3626967762572266,-0.00562013621543257,3.158593108001683e-5,13.17909090909091
1995-07-01,cocoa,Cocoa,NA,1.364,0.3104215594212704,-0.05227521683595618,0.00273269829524623,14.0765
1995-08-01,cocoa,Cocoa,NA,1.4129,0.3456443297896251,0.03522277036835476,0.00124064355242184,13.348695652173912
1995-09-01,cocoa,Cocoa,NA,1.3971,0.33439865967430416,-0.01124567011532091,1.2646509634262184e-4,12.237
1995-10-01,cocoa,Cocoa,NA,1.3946,0.33260763580477337,-0.00179102386953077,3.207766501228991e-6,14.237727272727271
1995-11-01,cocoa,Cocoa,NA,1.435,0.3611648492115845,0.02855721340681121,8.155144375621582e-4,12.971904761904762
1995-12-01,cocoa,Cocoa,NA,1.3779,0.3205606010177203,-0.04060424819386416,0.00164870497138892,12.288
1996-01-01,cocoa,Cocoa,NA,1.349,0.2993635772256188,-0.02119702379210149,4.493138176429168e-4,14.150454545454544
1996-02-01,cocoa,Cocoa,NA,1.3702,0.3149567145866617,0.01559313736104294,2.4314593276035344e-4,16.238
1996-03-01,cocoa,Cocoa,NA,1.3393,0.29214708941093936,-0.02280962517572238,5.202790006569482e-4,19.081904761904763
1996-04-01,cocoa,Cocoa,NA,1.4564,0.3759676373191413,0.083820547908202,0.00702588425163118,17.512857142857143
1996-05-01,cocoa,Cocoa,NA,1.5241,0.4214040719096669,0.04543643459052554,0.0020644695882991,16.96681818181818
1996-06-01,cocoa,Cocoa,NA,1.5375,0.4301577206985359,0.0087536487888691,7.662636711886948e-5,17.6755
1996-07-01,cocoa,Cocoa,NA,1.495,0.4021262068426498,-0.02803151385588608,7.857657690527334e-4,19.341818181818184
1996-08-01,cocoa,Cocoa,NA,1.5009,0.406064928180132,0.00393872133748218,1.5513525774337478e-5,16.478181818181817
1996-09-01,cocoa,Cocoa,NA,1.476,0.3893357261782807,-0.01672920200185122,2.7986619961874306e-4,17.2785
1996-10-01,cocoa,Cocoa,NA,1.477,0.3900130035492428,6.772773709619713e-4,4.587046372171597e-7,17.401304347826088
1996-11-01,cocoa,Cocoa,NA,1.4676,0.3836284134989899,-0.0063845900502529,4.076299010978835e-5,17.1635
1996-12-01,cocoa,Cocoa,NA,1.4738,0.38784409935076186,0.00421568585177203,1.7772007200830947e-5,20.118
1997-01-01,cocoa,Cocoa,NA,1.4279,0.35620483345411247,-0.03163926589664944,0.00100104314647888,21.031363636363636
1997-02-01,cocoa,Cocoa,NA,1.3726,0.31670675149239724,-0.03949808196171518,0.00156009847865437,21.647894736842105
1997-03-01,cocoa,Cocoa,NA,1.5236,0.421075955622312,0.10436920412991464,0.01089293077071179,22.3035
1997-04-01,cocoa,Cocoa,NA,1.571,0.4517123592734841,0.03063640365117205,9.385892286775486e-4,21.507727272727273
1997-05-01,cocoa,Cocoa,NA,1.5692,0.4505659353532604,-0.00114642392022368,1.3142878048610364e-6,21.927619047619046
1997-06-01,cocoa,Cocoa,NA,1.6883,0.5237221055010108,0.07315617014775046,0.00535182523068661,22.743333333333332
1997-07-01,cocoa,Cocoa,NA,1.6775,0.5173045898636998,-0.00641751563731103,4.118450695513167e-5,23.24772727272727
1997-08-01,cocoa,Cocoa,NA,1.653,0.50259181883888715,-0.01471277102481271,2.164656312285685e-4,25.153809523809525
1997-09-01,cocoa,Cocoa,NA,1.7655,0.5684339363863041,0.0658421175474169,0.00433518444312786,25.59285714285714
1997-10-01,cocoa,Cocoa,NA,1.741,0.554459660786052,-0.01397427560025199,1.9528037855179832e-4,25.615652173913045
1997-11-01,cocoa,Cocoa,NA,1.6964,0.5285083586182986,-0.0259513021677535,6.734700842020477e-4,31.545263157894738
1997-12-01,cocoa,Cocoa,NA,1.7388,0.5531952201324999,0.02468686151420137,6.094411314213567e-4,26.473181818181818
1998-01-01,cocoa,Cocoa,NA,1.6707,0.5132427002815956,-0.03995251985090429,0.0015962038424369,24.4275
1998-02-01,cocoa,Cocoa,NA,1.6432,0.4966455601921567,-0.01659714008943885,2.754650591484582e-4,20.386315789473684
1998-03-01,cocoa,Cocoa,NA,1.7211,0.542963621293798,0.04631806110164135,0.00214536278421538,20.543181818181814
1998-04-01,cocoa,Cocoa,NA,1.7202,0.542440563135242,-5.230581585559444e-4,2.7358983723193546e-7,22.53809523809524
1998-05-01,cocoa,Cocoa,NA,1.7814,0.5773995720156321,0.0349590088803901,0.00122213230189919,21.4485
1998-06-01,cocoa,Cocoa,NA,1.7234,0.5442990838235294,-0.03310048819210273,0.00109564231855553,21.996363636363636
1998-07-01,cocoa,Cocoa,NA,1.7167,0.5404038432947464,-0.00389524052878299,1.5172898777073645e-5,20.25181818181818
1998-08-01,cocoa,Cocoa,NA,1.6825,0.5202807825367459,-0.02012306075800055,4.0493757427018193e-4,31.48857142857143
1998-09-01,cocoa,Cocoa,NA,1.6859,0.5222995458396185,0.00201876330287248,4.075405273024641e-6,39.247142857142855
1998-10-01,cocoa,Cocoa,NA,1.6475,0.4992589873945252,-0.02304055844509318,5.308673334617547e-4,37.45409090909091
1998-11-01,cocoa,Cocoa,NA,1.5999,0.4699411272925293,-0.02931786010199592,8.595369209602044e-4,25.038
1998-12-01,cocoa,Cocoa,NA,1.5241,0.4214040719096669,-0.04853705538286233,0.00235584574523904,25.47681818181818
1999-01-01,cocoa,Cocoa,NA,1.4558,0.37555557770202047,-0.04584849420764646,0.00210208442110859,28.616842105263157
1999-02-01,cocoa,Cocoa,NA,1.4111,0.34436954208157794,-0.03118603562044249,9.72568817719508e-4,29.93842105263158
1999-03-01,cocoa,Cocoa,NA,1.3139,0.2729998136656394,-0.07136972841593857,0.00509363813416483,26.475652173913044
1999-04-01,cocoa,Cocoa,NA,1.1779,0.16373319198260172,-0.10926662168303776,0.01193919461402409,24.693809523809524
1999-05-01,cocoa,Cocoa,NA,1.0676,0.06541313854823212,-0.0983200534343696,0.00966683290733729,27.3765
1999-06-01,cocoa,Cocoa,NA,1.1629,0.1509168853168605,0.08550374676862847,0.00731089071147374,24.123636363636365
1999-07-01,cocoa,Cocoa,NA,1.1132,0.10723875066959863,-0.04367813464726191,0.00190777944626434,21.486666666666668
1999-08-01,cocoa,Cocoa,NA,0.9984,-0.00160128136697387,-0.10884003203657248,0.01184615257372212,24.90909090909091
1999-09-01,cocoa,Cocoa,NA,1.0606,0.05883478572089255,0.06043606708786642,0.00365251820504909,25.58
1999-10-01,cocoa,Cocoa,NA,1.0215,0.02127213527553977,-0.03756265044535275,0.00141095270847975,25.37
1999-11-01,cocoa,Cocoa,NA,0.9221,-0.08110160143704147,-0.10237373671258122,0.0104803819684969,22.22952380952381
1999-12-01,cocoa,Cocoa,NA,0.9188,-0.08468680816719391,-0.00358520673015251,1.2853707297930876e-5,23.222272727272728
2000-01-01,cocoa,Cocoa,NA,0.9185,-0.08501337432695673,-3.2656615976282545e-4,1.0664545670223927e-7,24.9385
2000-02-01,cocoa,Cocoa,NA,0.8569,-0.15443405330706397,-0.06942067898010722,0.0048192306700591,25.456
2000-03-01,cocoa,Cocoa,NA,0.9259,-0.0769890415281357,0.07744501177892821,0.00599772984943832,24.810434782608695
2000-04-01,cocoa,Cocoa,NA,0.912,-0.09211528890780564,-0.01512624737966989,2.2880335979097048e-4,29.833157894736843
2000-05-01,cocoa,Cocoa,NA,0.9216,-0.08164398904051029,0.01047129986729543,1.0964812091082144e-4,29.42909090909091
2000-06-01,cocoa,Cocoa,NA,0.9482,-0.05318982851411905,0.02845416052639126,8.096392512616425e-4,24.31772727272727
2000-07-01,cocoa,Cocoa,NA,0.9671,-0.03345337625921957,0.01973645225489953,3.89527547609929e-4,22.66
2000-08-01,cocoa,Cocoa,NA,0.8865,-0.12047415346787452,-0.08702077720865498,0.00757261566599836,20.484347826086957
2000-09-01,cocoa,Cocoa,NA,0.8827,-0.12476988695594984,-0.00429573348807535,1.845332620057201e-5,22.3365
2000-10-01,cocoa,Cocoa,NA,0.8777,-0.1304504293840651,-0.00568054242811523,3.2268562277617373e-5,28.21409090909091
2000-11-01,cocoa,Cocoa,NA,0.8796,-0.1282880203015309,0.00216240908253416,4.676013040226232e-6,29.21190476190476
2000-12-01,cocoa,Cocoa,NA,0.8928,-0.11339268735509052,0.01489533294644033,2.2187094358531087e-4,30.1045
2001-01-01,cocoa,Cocoa,NA,0.996,-0.00400802139753882,0.10938466595755166,0.01196500514664516,27.83
2001-02-01,cocoa,Cocoa,NA,0.8926,-0.11361672678696758,-0.1096087053894287,0.01201406829714657,26.159473684210525
2001-03-01,cocoa,Cocoa,NA,1.1244,0.1172495600502398,0.23086628683720736,0.05329924239799969,32.42318181818182
2001-04-01,cocoa,Cocoa,NA,1.0843,0.08093461749599924,-0.03631494255424061,0.00131877505271779,32.245
2001-05-01,cocoa,Cocoa,NA,1.0774,0.07455073126429625,-0.00638388623170297,4.075400341932675e-5,26.095
2001-06-01,cocoa,Cocoa,NA,0.9733,-0.02706291954968907,-0.10161365081398532,0.01032533403174654,23.30047619047619
2001-07-01,cocoa,Cocoa,NA,0.9664,-0.03417745180158651,-0.00711453225189746,5.061656916328927e-5,24.85904761904762
2001-08-01,cocoa,Cocoa,NA,1.0322,0.03169244673248973,0.06586989853407633,0.00433884353288951,24.260434782608694
2001-09-01,cocoa,Cocoa,NA,1.0243,0.02400945246035185,-0.00768299427213785,5.902840098570313e-5,38.55133333333333
2001-10-01,cocoa,Cocoa,NA,1.0849,0.08148781684626792,0.05747836438591602,0.00330376237248013,34.44695652173913
2001-11-01,cocoa,Cocoa,NA,1.2316,0.20831413706820828,0.1268263202219404,0.01608491550103816,28.25428571428571
2001-12-01,cocoa,Cocoa,NA,1.3374,0.29072743063774104,0.08241329356953285,0.006791950956978,24.5395
2002-01-01,cocoa,Cocoa,NA,1.386,0.32642190076771144,0.03569447012997042,0.00127409519785935,23.615238095238094
2002-02-01,cocoa,Cocoa,NA,1.4906,0.3991787234654563,0.0727568226977449,0.00529355524907108,24.66842105263158
2002-03-01,cocoa,Cocoa,NA,1.5927,0.4654306892755984,0.06625196581014205,0.00438932297370823,21.014
2002-04-01,cocoa,Cocoa,NA,1.5681,0.4498646954048488,-0.01556599387074958,2.423001651842136e-4,21.814545454545453
2002-05-01,cocoa,Cocoa,NA,1.6021,0.4713152686705316,0.02145057326568275,4.601270934264235e-4,22.63
2002-06-01,cocoa,Cocoa,NA,1.6591,0.5062752866671726,0.03496001799664099,0.00122220285832546,28.599
2002-07-01,cocoa,Cocoa,NA,1.8711,0.6265264932180495,0.12025120655087689,0.01446035267694165,38.49727272727273
2002-08-01,cocoa,Cocoa,NA,1.9587,0.6722809878785605,0.04575449466051084,0.00209347378163871,37.25272727272727
2002-09-01,cocoa,Cocoa,NA,2.1609,0.7705248015812898,0.09824381370272928,0.00965184693085657,41.656
2002-10-01,cocoa,Cocoa,NA,2.2015,0.7891389462136714,0.01861414463238164,3.4648638039522234e-4,41.39739130434783
2002-11-01,cocoa,Cocoa,NA,1.8118,0.5943208262530504,-0.19481811996062096,0.03795409986499089,32.005
2002-12-01,cocoa,Cocoa,NA,2.0317,0.7088728810214276,0.1145520547683772,0.01312217325165729,31.830952380952382
2003-01-01,cocoa,Cocoa,NA,2.178435,0.7786067290863887,0.06973384806496107,0.00486280956594707,30.66857142857143
2003-02-01,cocoa,Cocoa,NA,2.282,0.8250522514398839,0.04644552235349506,0.002157186546689,36.54052631578948
2003-03-01,cocoa,Cocoa,NA,1.946807,0.6661905946148318,-0.15886165682505213,0.02523702600920063,35.194761904761904
2003-04-01,cocoa,Cocoa,NA,1.924227,0.6545243286520079,-0.01166626596282395,1.3610176151534478e-4,27.14238095238095
2003-05-01,cocoa,Cocoa,NA,1.73555,0.5513243660458694,-0.10319996260613848,0.01065023228190838,22.548571428571428
2003-06-01,cocoa,Cocoa,NA,1.571095,0.45177282848274025,-0.0995515375631292,0.00991050863118312,22.34904761904762
2003-07-01,cocoa,Cocoa,NA,1.560174,0.4447973535030324,-0.0069754749797079,4.8657251192530946e-5,21.206818181818186
2003-08-01,cocoa,Cocoa,NA,1.552274,0.4397209525702993,-0.00507640093273309,2.5769846429853443e-5,20.829047619047618
2003-09-01,cocoa,Cocoa,NA,1.637863,0.49339234334933774,0.05367139077903843,0.00288061818815625,20.682380952380953
2003-10-01,cocoa,Cocoa,NA,1.482835,0.393955796008317,-0.09943654734102075,0.00988762694710306,19.184347826086956
2003-11-01,cocoa,Cocoa,NA,1.505669,0.4092373177042857,0.01528152169596858,2.335249053443585e-4,17.838947368421053
2003-12-01,cocoa,Cocoa,NA,1.633597,0.49078433199171,0.08154701428742431,0.00664991553919338,16.375454545454545
2004-01-01,cocoa,Cocoa,NA,1.62867772727,0.4877684753457706,-0.00301585664593941,9.09539130885696e-6,15.834
2004-02-01,cocoa,Cocoa,NA,1.5688465,0.450340635950275,-0.03742783939549556,0.001400843161815,15.924736842105265
2004-03-01,cocoa,Cocoa,NA,1.50401695652,0.40813949974600866,-0.04220113620426637,0.00178093589693104,17.73304347826087
2004-04-01,cocoa,Cocoa,NA,1.43777045455,0.3630936182884786,-0.04504588145753002,0.00202913143628584,15.788095238095238
2004-05-01,cocoa,Cocoa,NA,1.4195747619,0.35035736331433226,-0.01273625497414631,1.622121907664668e-4,18.076
2004-06-01,cocoa,Cocoa,NA,1.40479409091,0.3398907375330917,-0.01046662578124049,1.0955025524452816e-4,15.045238095238096
2004-07-01,cocoa,Cocoa,NA,1.56356590909,0.44696905186577207,0.1070783143326804,0.01146576540032831,15.668571428571427
2004-08-01,cocoa,Cocoa,NA,1.72831181818,0.5471451044383085,0.10017605257253652,0.0100352415090156,16.592727272727274
2004-09-01,cocoa,Cocoa,NA,1.54526272727,0.4351939459057892,-0.11195115853251938,0.01253306189677328,13.880476190476193
2004-10-01,cocoa,Cocoa,NA,1.4803352381,0.39226857435573154,-0.04292537155005768,0.0018425875227105,15.184761904761904
2004-11-01,cocoa,Cocoa,NA,1.65912545455,0.5062906289339048,0.1140220545781732,0.0130010289302279,14.05
2004-12-01,cocoa,Cocoa,NA,1.65790173913,0.5055527902584497,-7.378386754550209e-4,5.444059109972197e-7,13.014090909090909
2005-01-01,cocoa,Cocoa,NA,1.55230857143,0.4397432237962732,-0.06580956646217649,0.00433089903793962,13.512
2005-02-01,cocoa,Cocoa,NA,1.633594,0.4907824955517835,0.05103927175551033,0.00260500726133283,11.562631578947368
2005-03-01,cocoa,Cocoa,NA,1.75514869565,0.5625535801948078,0.0717710846430244,0.00515108859083617,12.880454545454546
2005-04-01,cocoa,Cocoa,NA,1.58567904762,0.46101273679443633,-0.10154084340037156,0.01031054287845877,14.057142857142855
2005-05-01,cocoa,Cocoa,NA,1.50822772727,0.4109352709629971,-0.0500774658314392,0.00250775258409896,13.17904761904762
2005-06-01,cocoa,Cocoa,NA,1.53954636364,0.4314878039666138,0.02055253300361677,4.224066128647568e-4,11.241818181818182
2005-07-01,cocoa,Cocoa,NA,1.48748428571,0.39708629415327445,-0.03440150981333941,0.00118346387743728,10.489
2005-08-01,cocoa,Cocoa,NA,1.4808673913,0.3926279913037277,-0.00445830284954671,1.9876464298276313e-5,11.985217391304348
2005-09-01,cocoa,Cocoa,NA,1.50483545455,0.4086835596986859,0.01605556839495811,2.5778127648517775e-4,11.959047619047618
2005-10-01,cocoa,Cocoa,NA,1.45732809524,0.3766046873396315,-0.03207887235905452,0.00102905405182851,14.582380952380952
2005-11-01,cocoa,Cocoa,NA,1.44330818182,0.36693782720369233,-0.00966686013593914,9.344818488780938e-5,11.606190476190475
2005-12-01,cocoa,Cocoa,NA,1.50910727273,0.4115182658806392,0.04458043867694678,0.00198741551262901,10.923809523809524
2006-01-01,cocoa,Cocoa,NA,1.57310363636,0.4530505064322334,0.04153224055159418,0.00172492700523548,11.7115
2006-02-01,cocoa,Cocoa,NA,1.546104,0.4357382182778417,-0.01731228815439174,2.997153211406926e-4,11.867368421052632
2006-03-01,cocoa,Cocoa,NA,1.54505521739,0.4350596491220745,-6.785691557671713e-4,4.604560991585715e-7,11.19086956521739
2006-04-01,cocoa,Cocoa,NA,1.5480175,0.4369750800131961,0.00191543089112148,3.6688754986624577e-6,11.163684210526316
2006-05-01,cocoa,Cocoa,NA,1.59641695652,0.46776171585991033,0.03078663584671431,9.478169467581944e-4,13.488181818181818
2006-06-01,cocoa,Cocoa,NA,1.607,0.47436908675537554,0.00660737089546516,4.3657350150240067e-5,15.891363636363636
2006-07-01,cocoa,Cocoa,NA,1.67908333333,0.5182480095796436,0.0438789228242681,0.00192535986821807,14.522
2006-08-01,cocoa,Cocoa,NA,1.62071347826,0.482866470967465,-0.03538153861217863,0.00125185327456508,12.560434782608697
2006-09-01,cocoa,Cocoa,NA,1.56876190476,0.4502867125607965,-0.03257975840666839,0.00106144065783687,11.397
2006-10-01,cocoa,Cocoa,NA,1.53022636364,0.42541567455231194,-0.02487103800848457,6.185685316194841e-4,10.808636363636364
2006-11-01,cocoa,Cocoa,NA,1.58116636364,0.4581627795351487,0.03274710498283683,0.00107237288475693,10.484285714285717
2006-12-01,cocoa,Cocoa,NA,1.70717809524,0.5348417706723522,0.07667899113720336,0.00587966768181931,10.499
2007-01-01,cocoa,Cocoa,NA,1.69852217391,0.5297585635288702,-0.00508320714348191,2.5838994863545595e-5,10.627
2007-02-01,cocoa,Cocoa,NA,1.815393,0.5963019732034296,0.06654340967455928,0.00442802537111623,10.920526315789472
2007-03-01,cocoa,Cocoa,NA,1.92399818182,0.6544054072430683,0.05810343403963863,0.00337600904719863,14.921363636363637
2007-04-01,cocoa,Cocoa,NA,1.97797809524,0.6820751589430433,0.02766975169997506,7.65615159138273e-4,12.246
2007-05-01,cocoa,Cocoa,NA,2.00386304348,0.6950768393103801,0.01300168036733694,1.69043692374395e-4,12.965
2007-06-01,cocoa,Cocoa,NA,2.01698333333,0.7016029958392737,0.00652615652889353,4.2590719039619747e-5,14.881904761904762
2007-07-01,cocoa,Cocoa,NA,2.15846772727,0.7693985844399578,0.0677955886006841,0.0045962418337132,17.247619047619047
2007-08-01,cocoa,Cocoa,NA,1.9052273913,0.64460136696697945,-0.1247972174729784,0.01557434548899786,25.12
2007-09-01,cocoa,Cocoa,NA,1.93431,0.6597506737414301,0.01514930677445078,2.295014957464204e-4,22.182105263157897
2007-10-01,cocoa,Cocoa,NA,1.91149782609,0.6478871368740604,-0.01186353686736972,1.4074350700344056e-4,18.859565217391303
2007-11-01,cocoa,Cocoa,NA,1.96833909091,0.6771900860793933,0.02930294920533297,8.586628321303247e-4,26.65714285714286
2007-12-01,cocoa,Cocoa,NA,2.11265,0.7479430836455507,0.07075299756615742,0.00500598666459667,23.0965
2008-01-01,cocoa,Cocoa,NA,2.20146,0.7891207766186712,0.04117769297312038,0.00169560239858856,27.98952380952381
2008-02-01,cocoa,Cocoa,NA,2.5035,0.9176897527878624,0.12856897616919105,0.01652998163319401,27.1565
2008-03-01,cocoa,Cocoa,NA,2.72649,1.0030150676714031,0.0853253148835409,0.0072804093599754,29.009
2008-04-01,cocoa,Cocoa,NA,2.6075,0.9583919078927904,-0.0446231597786128,0.0019912263886276,22.526818181818182
2008-05-01,cocoa,Cocoa,NA,2.68423,0.9873939084335294,0.02900200054073891,8.411160353650203e-4,18.61
2008-06-01,cocoa,Cocoa,NA,3.00118,1.099005544666166,0.11161163623263656,0.01245715734252638,23.19142857142857
2008-07-01,cocoa,Cocoa,NA,2.96716,1.0876052663798117,-0.0114002782863545,1.2996634500632607e-4,25.66227272727273
2008-08-01,cocoa,Cocoa,NA,2.81578,1.0352393102438793,-0.05236595613593218,0.00274219336203037,22.25952380952381
2008-09-01,cocoa,Cocoa,NA,2.69572,0.9916653300897246,-0.0435739801541547,0.00189869174647466,33.21142857142857
2008-10-01,cocoa,Cocoa,NA,2.27393,0.8215096120928919,-0.17015571799683266,0.02895296836701764,65.44652173913043
2008-11-01,cocoa,Cocoa,NA,2.05459,0.7200763146607604,-0.10143329743213142,0.01028871382795523,65.42684210526316
2008-12-01,cocoa,Cocoa,NA,2.39385588235,0.8729054058040852,0.15282909114332469,0.02335673109969464,55.07545454545455
2009-01-01,cocoa,Cocoa,NA,2.625922882,0.9654324083511344,0.09252700254704928,0.00856124620034166,44.2915
2009-02-01,cocoa,Cocoa,NA,2.647528158,0.9736264341309168,0.00819402577978242,6.714205847973894e-5,45.38947368421053
2009-03-01,cocoa,Cocoa,NA,2.50995987,0.9202667649680736,-0.05335966916284337,0.00284725429316809,46.09045454545455
2009-04-01,cocoa,Cocoa,NA,2.55515458,0.9381127228040308,0.01784595783595742,3.1847821108277005e-4,38.89857142857143
2009-05-01,cocoa,Cocoa,NA,2.480858886,0.9086048252202306,-0.02950789758380029,8.70716019816047e-4,32.11
2009-06-01,cocoa,Cocoa,NA,2.700439038,0.9934143664579188,0.08480954123768837,0.00719265828494716,27.935454545454547
2009-07-01,cocoa,Cocoa,NA,2.791269382,1.0264964679904869,0.03308210153256775,0.00109442544181112,25.924545454545456
2009-08-01,cocoa,Cocoa,NA,2.956615882,1.0840453311811735,0.05754886319068705,0.00331187165454041,24.306190476190476
2009-09-01,cocoa,Cocoa,NA,3.142906272,1.1451479361808241,0.06110260499965028,0.00373352833774328,23.85761904761905
2009-10-01,cocoa,Cocoa,NA,3.372627676,1.2156921663520448,0.07054423017122094,0.00497648841045019,23.250454545454545
2009-11-01,cocoa,Cocoa,NA,3.3840917,1.2190855394855769,0.00339337313353183,1.1514981223375657e-5,22.546
2009-12-01,cocoa,Cocoa,NA,3.49762963,1.2520854904875296,0.0329999510019527,0.00108899676613127,19.845454545454544
2010-01-01,cocoa,Cocoa,NA,3.52518738,1.2599335922982335,0.00784810181070391,6.159270203117404e-5,19.527368421052632
2010-02-01,cocoa,Cocoa,NA,3.276506244,1.186777685187648,-0.07315590711058532,0.00535178674517258,21.771052631578947
2010-03-01,cocoa,Cocoa,NA,3.08977493,1.128098250069122,-0.05867943511852595,0.00344327610582929,16.925217391304347
2010-04-01,cocoa,Cocoa,NA,3.221170282,1.169744735142318,0.04164648507319592,0.00173442971895193,16.136666666666667
2010-05-01,cocoa,Cocoa,NA,3.178400654,1.1563781312821373,-0.01336660386018074,1.786660987549989e-4,30.0335
2010-06-01,cocoa,Cocoa,NA,3.23087061,1.1727516396152264,0.01637350833308913,2.6809177513373945e-4,28.94090909090909
2010-07-01,cocoa,Cocoa,NA,3.229547838,1.1723421392000035,-4.0950041522303546e-4,1.6769059006783848e-7,25.016666666666666
2010-08-01,cocoa,Cocoa,NA,3.071697046,1.1222301925838254,-0.05011194661617807,0.00251120719366268,24.15590909090909
2010-09-01,cocoa,Cocoa,NA,2.875044942,1.0560683061271354,-0.06616188645669002,0.00437739521950794,21.322380952380954
2010-10-01,cocoa,Cocoa,NA,2.927514898,1.074153905460561,0.01808559933342583,3.270889032492128e-4,19.86095238095238
2010-11-01,cocoa,Cocoa,NA,2.910318862,1.068262649750993,-0.00589125570956797,3.470689383551725e-5,19.395238095238096
2010-12-01,cocoa,Cocoa,NA,3.06001256,1.1184190205310292,0.05015637078003589,0.00251566152982443,16.58681818181818
2011-01-01,cocoa,Cocoa,NA,3.164952472,1.1521380387377314,0.03371901820670243,0.00113697218882393,15.723
2011-02-01,cocoa,Cocoa,NA,3.4722765,1.2448104307240129,0.09267239198628124,0.00858817223645896,15.72
2011-03-01,cocoa,Cocoa,NA,3.39291018,1.2216880133031585,-0.02312241742085426,5.346461873842247e-4,19.893478260869564
2011-04-01,cocoa,Cocoa,NA,3.134308254,1.1424084971059316,-0.07927951619722691,0.00628524168846636,15.208
2011-05-01,cocoa,Cocoa,NA,3.070815198,1.121943063158265,-0.02046543394766661,4.1883398666630505e-4,16.293809523809525
2011-06-01,cocoa,Cocoa,NA,3.015699698,1.103831875559678,-0.01811118759858707,3.280151162312143e-4,18.918636363636363
2011-07-01,cocoa,Cocoa,NA,3.167157092,1.1528343691049805,0.04900249354530251,0.00240124437365741,18.7405
2011-08-01,cocoa,Cocoa,NA,3.0644218,1.119858905589017,-0.03297546351596385,0.00108738119409266,35.068695652173915
2011-09-01,cocoa,Cocoa,NA,2.873942632,1.0556848264276857,-0.06417407916133099,0.00411831243620477,36.64380952380952
2011-10-01,cocoa,Cocoa,NA,2.680156534,0.9858752010260275,-0.06980962540165818,0.00487338379871983,32.00857142857143
2011-11-01,cocoa,Cocoa,NA,2.527376368,0.9271817559782414,-0.0586934450477861,0.00344492049157748,31.412380952380953
2011-12-01,cocoa,Cocoa,NA,2.19690383,0.7870490191171287,-0.14013273686111272,0.01963718394018586,25.03952380952381
2012-01-01,cocoa,Cocoa,NA,2.30762,0.8362166903763861,0.04916767125925738,0.0024174598970584,18.9415
2012-02-01,cocoa,Cocoa,NA,2.35624,0.8570671281733477,0.02085043779696161,4.3474075632496536e-4,16.691
2012-03-01,cocoa,Cocoa,NA,2.35925,0.8583437719193053,0.00127664374595759,1.6298192540926417e-6,14.962727272727273
2012-04-01,cocoa,Cocoa,NA,2.26678,0.8183603222639929,-0.03998344965531243,0.0015986762463389,17.177
2012-05-01,cocoa,Cocoa,NA,2.31393,0.8389473776656966,0.02058705540170372,4.2382685011281855e-4,20.547272727272727
2012-06-01,cocoa,Cocoa,NA,2.26421,0.8172259122230932,-0.02172146544260335,4.7182206097421146e-4,20.750476190476192
2012-07-01,cocoa,Cocoa,NA,2.34981863636,0.8543381491608244,0.03711223693773119,0.00137731813052229,16.954761904761906
2012-08-01,cocoa,Cocoa,NA,2.51226,0.9211827464345804,0.06684459727375618,0.00446820018469065,14.969130434782608
2012-09-01,cocoa,Cocoa,NA,2.62028,0.963281182291797,0.04209843585721645,0.00177227830162416,14.31421052631579
2012-10-01,cocoa,Cocoa,NA,2.46354,0.901599339931153,-0.06168184236064403,0.00380464967700334,15.469047619047618
2012-11-01,cocoa,Cocoa,NA,2.47816,0.9075163493226756,0.00591700939152243,3.501100013936472e-5,17.155714285714286
2012-12-01,cocoa,Cocoa,NA,2.41034,0.8797678163900545,-0.02774853293262106,7.699810799127557e-4,17.351
2013-01-01,cocoa,Cocoa,NA,2.27544,0.8221734402956764,-0.05759437609437821,0.00331711215770068,13.121904761904762
2013-02-01,cocoa,Cocoa,NA,2.1977,0.7874113589500282,-0.03476208134564817,0.00120840229948146,13.512105263157894
2013-03-01,cocoa,Cocoa,NA,2.15336,0.7670294129506497,-0.02038194599937845,4.1542372272157947e-4,12.3915
2013-04-01,cocoa,Cocoa,NA,2.29448863636,0.8305100022843748,0.06348058933372498,0.00402978522215703,13.251363636363635
2013-05-01,cocoa,Cocoa,NA,2.34286,0.8513724052862909,0.02086240300191613,4.352398590143594e-4,12.914090909090907
2013-06-01,cocoa,Cocoa,NA,2.28358,0.825744386968371,-0.02562801831791984,6.56795322903635e-4,17.156
2013-07-01,cocoa,Cocoa,NA,2.30866,0.8366672696383006,0.01092288266992964,1.193093658210494e-4,13.626818181818182
2013-08-01,cocoa,Cocoa,NA,2.48361,0.9097131469137658,0.07304587727546503,0.00533570018694229,13.863636363636363
2013-09-01,cocoa,Cocoa,NA,2.61605142857,0.9616660926410088,0.05195294572724283,0.00269910856973783,14.2915
2013-10-01,cocoa,Cocoa,NA,2.7307,1.0045579865857872,0.04289189394477855,0.00183971456617013,14.32304347826087
2013-11-01,cocoa,Cocoa,NA,2.75517,1.0134791466902524,0.00892116010446517,7.9587097609501125e-05,11.9565
2013-12-01,cocoa,Cocoa,NA,2.82454,1.0383455194814508,0.0248663727911985,6.183364957908574e-4,12.995238095238095
2014-01-01,cocoa,Cocoa,NA,2.81943,1.0365347368598994,-0.00181078262155142,3.2789337025126435e-6,13.057142857142855
2014-02-01,cocoa,Cocoa,NA,2.99284,1.0962227693728013,0.05968803251290183,0.00356266122526122,14.179473684210526
2014-03-01,cocoa,Cocoa,NA,3.04167,1.112406706690256,0.01618393731745469,2.619198270953026e-4,13.592380952380951
2014-04-01,cocoa,Cocoa,NA,3.05061,1.1153415706219865,0.00293486393173053,8.613426297772817e-6,13.485238095238095
2014-05-01,cocoa,Cocoa,NA,3.02999,1.1085593191857988,-0.00678225143618778,4.5998934543671306e-5,11.76142857142857
2014-06-01,cocoa,Cocoa,NA,3.17433,1.1550965864539904,0.04653726726819147,0.00216571724479108,10.298571428571428
2014-07-01,cocoa,Cocoa,NA,3.19604,1.161912543470264,0.00681595701627361,4.6457270047689464e-5,10.638636363636364
2014-08-01,cocoa,Cocoa,NA,3.27027,1.1848725503078852,0.02296000683762118,5.271619139836114e-4,12.414761904761905
2014-09-01,cocoa,Cocoa,NA,3.21483,1.167774479153124,-0.01709807115476121,2.923440372132775e-4,11.91190476190476
2014-10-01,cocoa,Cocoa,NA,3.10083,1.131669817590109,-0.03610466156301491,0.00130354658657984,16.911304347826086
2014-11-01,cocoa,Cocoa,NA,2.90909,1.0678403175013071,-0.06382950008880177,0.00407420508158634,12.243684210526316
2014-12-01,cocoa,Cocoa,NA,2.94695,1.0807707372051116,0.01293041970380426,1.671957537165296e-4,14.90681818181818
2015-01-01,cocoa,Cocoa,NA,2.91591,1.0701819494725715,-0.01058878773253991,1.1212242564478768e-4,17.9875
2015-02-01,cocoa,Cocoa,NA,2.9617,1.085763427799198,0.01558147832662645,2.4278246684313e-4,15.321052631578947
2015-03-01,cocoa,Cocoa,NA,2.877,1.0567480845694108,-0.0290153432297873,8.41890142742364e-4,15.016818181818184
2015-04-01,cocoa,Cocoa,NA,2.86827,1.0537090605656838,-0.00303902400372703,9.235666895229075e-6,13.758571428571427
2015-05-01,cocoa,Cocoa,NA,3.096,1.1301109557274809,0.07640189516179705,0.00583724958431422,13.6325
2015-06-01,cocoa,Cocoa,NA,3.23951,1.1754220837992364,0.04531112807175574,0.00205309832713505,14.83090909090909
2015-07-01,cocoa,Cocoa,NA,3.32596,1.2017583542402095,0.02633627044097298,6.935991407400674e-4,14.55090909090909
2015-08-01,cocoa,Cocoa,NA,3.15391,1.148642952940305,-0.05311540129990422,0.00282124585524986,19.58809523809524
2015-09-01,cocoa,Cocoa,NA,3.27845,1.1873707497283157,0.03872779678801057,0.00149984224405344,24.604285714285716
2015-10-01,cocoa,Cocoa,NA,3.19734,1.162319214125822,-0.02505153560249365,6.275794360430071e-4,16.977272727272727
2015-11-01,cocoa,Cocoa,NA,3.36084,1.21219094273032,0.0498717286044982,0.00248718931400072,16.008
2015-12-01,cocoa,Cocoa,NA,3.34565,1.207660994582948,-0.00452994814737234,2.052043021788211e-5,18.304545454545455
2016-01-01,cocoa,Cocoa,NA,2.95242,1.08262517304066,-0.12503582154228787,0.01563395666875486,24.33105263157895
2016-02-01,cocoa,Cocoa,NA,2.91637,1.0703396922424504,-0.01228548079820957,1.5093303844317617e-4,24.109
2016-03-01,cocoa,Cocoa,NA,3.07352,1.1228234845830587,0.05248379234060836,0.0027545484584521,16.398636363636363
2016-04-01,cocoa,Cocoa,NA,3.0785,1.1244424653691278,0.0016189807860689,2.6210987856602985e-6,14.347142857142858
2016-05-01,cocoa,Cocoa,NA,3.09866,1.1309697599761366,0.00652729460700887,4.2605574886687154e-05,14.791904761904762
2016-06-01,cocoa,Cocoa,NA,3.1208,1.1380893792103095,0.00711961923417312,5.0688978039607845e-5,16.635
2016-07-01,cocoa,Cocoa,NA,3.04998,1.1151350332207717,-0.02295434598953823,5.269019998074299e-4,12.3075
2016-08-01,cocoa,Cocoa,NA,3.03249,1.1093840642213977,-0.00575096899937366,3.3073644431756974e-5,11.22391304347826
2016-09-01,cocoa,Cocoa,NA,2.88119,1.0582034032509822,-0.05118066097041562,0.00261946005736862,13.593333333333334
2016-10-01,cocoa,Cocoa,NA,2.71135,0.9974466658351582,-0.06075673741582393,0.00369138114141538,14.816190476190476
2016-11-01,cocoa,Cocoa,NA,2.47855,0.9076737117670408,-0.08977295406811742,0.00805918328211632,15.33952380952381
2016-12-01,cocoa,Cocoa,NA,2.29531,0.8308679106432563,-0.07680580112378446,0.00589913108626633,11.956190476190477
2017-01-01,cocoa,Cocoa,NA,2.19409,0.7857673819779734,-0.04510052866528286,0.002034057685888,10.7905
2017-02-01,cocoa,Cocoa,NA,2.03408,0.7100436282196753,-0.07572375375829818,0.00573408688324737,10.510526315789471
2017-03-01,cocoa,Cocoa,NA,2.0638,0.724548943699477,0.01450531547980175,2.104041771685764e-4,10.640869565217391
2017-04-01,cocoa,Cocoa,NA,1.96116,0.6735361349108299,-0.05101280878864714,0.00260230666050707,11.57315789473684
2017-05-01,cocoa,Cocoa,NA,1.98348,0.6848528777351252,0.01131674282429526,1.2806866815123842e-4,9.971363636363636
2017-06-01,cocoa,Cocoa,NA,1.99825,0.6922717975239914,0.00741891978886618,5.504037083363022e-5,9.42318181818182
2017-07-01,cocoa,Cocoa,NA,1.98858,0.6874208161864984,-0.00485098133749308,2.3532019936706163e-5,8.8765
2017-08-01,cocoa,Cocoa,NA,1.98856,0.6874107587080087,-1.0057478489646384e-5,1.0115287356969974e-10,10.177391304347823
2017-09-01,cocoa,Cocoa,NA,1.9983,0.6922968191051063,0.00488606039709766,2.3873586204086215e-5,8.6015
2017-10-01,cocoa,Cocoa,NA,2.09705,0.7405315952216044,0.04823477611649797,0.00232659362700868,8.02
2017-11-01,cocoa,Cocoa,NA,2.1279,0.7551355778940136,0.01460398267240923,2.1327630989602928e-4,9.127142857142855
2017-12-01,cocoa,Cocoa,NA,1.91768,0.6511161220830176,-0.10401945581099598,0.01082004718721574,8.8275
2018-01-01,cocoa,Cocoa,NA,1.95183,0.6687673940343978,0.01765127195138008,3.115674015015772e-4,10.367619047619048
2018-02-01,cocoa,Cocoa,NA,2.1228,0.7527359719716028,0.08396857793720504,0.00705072208079647,20.133157894736843
2018-03-01,cocoa,Cocoa,NA,2.50395,0.9178694849873698,0.165133513015767,0.02726907712092849,18.04904761904762
2018-04-01,cocoa,Cocoa,NA,2.62474,0.9649818435190002,0.04711235853163029,0.00221957432641287,18.777142857142856
2018-05-01,cocoa,Cocoa,NA,2.65994,0.9783035661482312,0.01332172262923104,1.7746829381016645e-4,13.694545454545455
2018-06-01,cocoa,Cocoa,NA,2.41076,0.8799420504864484,-0.09836151566178278,0.00967498776328314,12.694761904761904
2018-07-01,cocoa,Cocoa,NA,2.35705,0.8574108371358661,-0.02253121335058223,5.07655575049455e-4,11.917619047619048
2018-08-01,cocoa,Cocoa,NA,2.17161,0.7754688279381695,-0.08194200919769659,0.00671449287135539,10.972608695652172
2018-09-01,cocoa,Cocoa,NA,2.19489,0.7861319313761751,0.01066310343800559,1.137017749296068e-4,11.564736842105264
2018-10-01,cocoa,Cocoa,NA,2.1342,0.7580918692003275,-0.02804006217584766,7.862450868254026e-4,19.855217391304347
2018-11-01,cocoa,Cocoa,NA,2.18504,0.7816341350161446,0.02354226581581715,5.542382797425929e-4,20.95047619047619
2018-12-01,cocoa,Cocoa,NA,2.20841,0.7922727995826879,0.01063866456654335,1.1318118375942518e-4,27.11578947368421
2019-01-01,cocoa,Cocoa,NA,2.26334,0.8168415984062571,0.02456879882356927,6.036258756330188e-4,20.525238095238095
2019-02-01,cocoa,Cocoa,NA,2.2558,0.8135046772236793,-0.00333692118257791,1.1135042978737186e-5,15.287368421052632
2019-03-01,cocoa,Cocoa,NA,2.20049,0.7886800628369607,-0.02482461438671862,6.162614794492775e-4,14.717619047619047
2019-04-01,cocoa,Cocoa,NA,2.33113,0.8463531285542983,0.05767306571733755,0.00332618250923633,12.57
2019-05-01,cocoa,Cocoa,NA,2.31508,0.8394442441765311,-0.00690888437776729,4.7732683345356974e-5,17.937272727272727
2019-06-01,cocoa,Cocoa,NA,2.40773,0.87868439491411,0.03924015073757879,0.0015397894299079,16.889
2019-07-01,cocoa,Cocoa,NA,2.41653,0.8823326268752267,0.00364823196111676,1.3309596442113884e-5,13.022272727272728
2019-08-01,cocoa,Cocoa,NA,2.1947,0.7860453629266759,-0.09628726394855082,0.00927123719869789,20.66590909090909
2019-09-01,cocoa,Cocoa,NA,2.30542,0.8352628724312605,0.04921750950458467,0.00242236324183388,16.092
2019-10-01,cocoa,Cocoa,NA,2.43527,0.8900576333443713,0.05479476091311071,0.00300246582352496,16.411739130434782
2019-11-01,cocoa,Cocoa,NA,2.51966,0.9241239717858036,0.03406633844143241,0.00116051541480621,12.7645
2019-12-01,cocoa,Cocoa,NA,2.44471,0.8939265064852305,-0.0301974653005732,9.118869105793228e-4,13.598571428571429
2020-01-01,cocoa,Cocoa,NA,2.60307,0.9566915176984812,0.06276501121325073,0.00393944663259949,14.055714285714286
2020-02-01,cocoa,Cocoa,NA,2.71621,0.9992375262950732,0.04254600859659214,0.00181016284750129,20.178421052631577
2020-03-01,cocoa,Cocoa,NA,2.33847,0.8494968693651455,-0.14974065692992772,0.02242226433780631,63.317727272727275
2020-04-01,cocoa,Cocoa,NA,2.27024,0.819885552776866,-0.02961131658827934,8.768300700913076e-4,43.6047619047619
2020-05-01,cocoa,Cocoa,NA,2.31599,0.8398372419121354,0.01995168913526926,3.980698993504214e-4,31.078
2020-06-01,cocoa,Cocoa,NA,2.22863,0.801387046906093,-0.03845019500604228,0.00147841749600267,29.99681818181818
2020-07-01,cocoa,Cocoa,NA,2.10174,0.7427655730821381,-0.0586214738239549,0.00343647719329262,24.80090909090909
2020-08-01,cocoa,Cocoa,NA,2.34868,0.8538534682146689,0.11108789513253078,0.01234052044497615,20.337619047619047
2020-09-01,cocoa,Cocoa,NA,2.4579,0.8993073268337416,0.04545385861907271,0.00206605326336265,28.017142857142854
2020-10-01,cocoa,Cocoa,NA,2.29205,0.8294466136232753,-0.0698607132104663,0.00488051925027502,30.815
2020-11-01,cocoa,Cocoa,NA,2.35819,0.8578943756290125,0.02844776200573707,8.092751631350579e-4,25.357
2020-12-01,cocoa,Cocoa,NA,2.4072,0.8784642463336985,0.02056987070468587,4.231195808074939e-4,21.704090909090908
2021-01-01,cocoa,Cocoa,NA,2.39141,0.8718831501455153,-0.00658109618818309,4.3310827038118007e-5,23.288947368421052
2021-02-01,cocoa,Cocoa,NA,2.40544,0.877732839006967,0.00584968886145174,3.421885977579264e-5,21.877894736842105
2021-03-01,cocoa,Cocoa,NA,2.46132,0.9006977913996757,0.02296495239270847,5.273890383993668e-4,21.119565217391305
2021-04-01,cocoa,Cocoa,NA,2.36833,0.8621850654204282,-0.03851272597924739,0.00148323006235259,16.409523809523808
2021-05-01,cocoa,Cocoa,NA,2.41286,0.8808127658963171,0.01862770047588899,3.46991225019435e-4,18.599
2021-06-01,cocoa,Cocoa,NA,2.36623,0.8612979713133881,-0.019514794582929,3.8082720761391513e-4,14.940454545454545
2021-07-01,cocoa,Cocoa,NA,2.3271,0.8446228571827986,-0.0166751141305895,2.780594312681858e-4,15.47095238095238
2021-08-01,cocoa,Cocoa,NA,2.48431,0.909994954996276,0.06537209781347748,0.00427351117253486,15.008181818181818
2021-09-01,cocoa,Cocoa,NA,2.55809,0.9392608862750126,0.02926593127873635,8.564947336117188e-4,17.5625
1990-01-01,coffee_arabic,coffee_arabic,NA,1.6761,0.5164696661510757,0.04790457109968702,0.00229484793224496,23.49909090909091
1990-02-01,coffee_arabic,coffee_arabic,NA,1.8508,0.6156179780507075,0.09914831189963176,0.00983038775254666,23.326842105263157
1990-03-01,coffee_arabic,coffee_arabic,NA,2.0885,0.7364461049550929,0.12082812690438546,0.01459943625122227,18.831363636363637
1990-04-01,coffee_arabic,coffee_arabic,NA,2.088,0.7362066700203923,-2.3943493470058143e-4,5.732908795507171e-8,20.4575
1990-05-01,coffee_arabic,coffee_arabic,NA,2.0496,0.7176446521603327,-0.01856201786005965,3.445485070371735e-4,18.151818181818182
1990-06-01,coffee_arabic,coffee_arabic,NA,1.9654,0.6756957869461895,-0.04194886521414322,0.00175970729275435,17.582857142857144
1990-07-01,coffee_arabic,coffee_arabic,NA,1.9103,0.6472602977874691,-0.02843548915872035,8.085770436957028e-4,18.93285714285714
1990-08-01,coffee_arabic,coffee_arabic,NA,2.0818,0.7332329040992309,0.08597260631176189,0.0073912890360372,27.77521739130435
1990-09-01,coffee_arabic,coffee_arabic,NA,2.103,0.7433648967205628,0.01013199262133195,1.026572744787252e-4,28.818947368421053
1990-10-01,coffee_arabic,coffee_arabic,NA,2.019,0.7026023393307005,-0.04076255738986231,0.00166158608496181,30.130434782608695
1990-11-01,coffee_arabic,coffee_arabic,NA,1.8678,0.6247612676934804,-0.07784107163722008,0.00605923243363082,25.106666666666666
1990-12-01,coffee_arabic,coffee_arabic,NA,1.9661,0.6760518851313081,0.05129061743782775,0.0026307274371536,22.5845
1991-01-01,coffee_arabic,coffee_arabic,NA,1.8945,0.6389549514765185,-0.03709693365478957,0.00137618248658785,26.93181818181818
1991-02-01,coffee_arabic,coffee_arabic,NA,1.9667,0.6763570112524712,0.03740205977595271,0.00139891407548393,22.11263157894737
1991-03-01,coffee_arabic,coffee_arabic,NA,2.0628,0.7240642831946669,0.04770727194219575,0.00227598379616661,19.041052631578943
1991-04-01,coffee_arabic,coffee_arabic,NA,2.0273,0.706704858492011,-0.01735942470265589,3.0134962600717965e-4,18.92727272727273
1991-05-01,coffee_arabic,coffee_arabic,NA,1.9375,0.661398482245365,-0.04530637624664601,0.00205266772860264,17.180454545454545
1991-06-01,coffee_arabic,coffee_arabic,NA,1.891,0.6371057896763205,-0.02429269256904458,5.901349122541141e-4,17.575
1991-07-01,coffee_arabic,coffee_arabic,NA,1.8351,0.6070989759344918,-0.0300068137418287,9.004088709368001e-4,17.669545454545453
1991-08-01,coffee_arabic,coffee_arabic,NA,1.8027,0.5892855410258548,-0.01781343490863696,3.17318463244246e-4,15.932727272727272
1991-09-01,coffee_arabic,coffee_arabic,NA,1.9193,0.6519605362296954,0.06267499520384048,0.00392815502380142,17.029
1991-10-01,coffee_arabic,coffee_arabic,NA,1.7586,0.5645180379627647,-0.08744249826693072,0.00764619050316218,16.846363636363638
1991-11-01,coffee_arabic,coffee_arabic,NA,1.724,0.5446471722415014,-0.01987086572126336,3.948513045124792e-4,17.6815
1991-12-01,coffee_arabic,coffee_arabic,NA,1.6612,0.5075402327744615,-0.03710693946703995,0.00137692495661056,18.018571428571427
1992-01-01,coffee_arabic,coffee_arabic,NA,1.6184,0.4814380068713987,-0.02610222590306272,6.813261970945186e-4,17.499545454545455
1992-02-01,coffee_arabic,coffee_arabic,NA,1.5091,0.41151344664236783,-0.06992456022903083,0.00488944412322336,17.050526315789472
1992-03-01,coffee_arabic,coffee_arabic,NA,1.5514,0.43915774907463406,0.0276443024322662,7.642074569665991e-4,16.222727272727273
1992-04-01,coffee_arabic,coffee_arabic,NA,1.4533,0.37383683264998774,-0.0653209164246463,0.00426682212255562,16.18857142857143
1992-05-01,coffee_arabic,coffee_arabic,NA,1.3417,0.2939374666142889,-0.07989936603569894,0.0063839086929066,14.728
1992-06-01,coffee_arabic,coffee_arabic,NA,1.3027,0.2644390337213813,-0.02949843289290752,8.701575431373683e-4,14.75318181818182
1992-07-01,coffee_arabic,coffee_arabic,NA,1.2831,0.24927902491883552,-0.01516000880254575,2.2982586689326476e-4,13.303636363636365
1992-08-01,coffee_arabic,coffee_arabic,NA,1.1669,0.1543506598299246,-0.09492836508891096,0.00901139449845356,14.422380952380951
1992-09-01,coffee_arabic,coffee_arabic,NA,1.1735,0.15999073630894114,0.00564007647901657,3.181046268915599e-5,14.258571428571427
1992-10-01,coffee_arabic,coffee_arabic,NA,1.3574,0.3055711052875209,0.14558036897857976,0.02119364383193943,17.478636363636365
1992-11-01,coffee_arabic,coffee_arabic,NA,1.4839,0.3946737570299437,0.08910265174242281,0.00793928254753148,14.594
1992-12-01,coffee_arabic,coffee_arabic,NA,1.7016,0.5315689849038904,0.13689522787394678,0.01874030341465981,12.781363636363636
1993-01-01,coffee_arabic,coffee_arabic,NA,1.5298,0.42513700790562864,-0.1064319769982618,0.01132776572775852,12.5745
1993-02-01,coffee_arabic,coffee_arabic,NA,1.4914,0.3997152761275574,-0.02542173177807121,6.46264446596196e-4,13.505263157894737
1993-03-01,coffee_arabic,coffee_arabic,NA,1.4026,0.3383276571206731,-0.06138761900688432,0.00376843976733438,13.657391304347826
1993-04-01,coffee_arabic,coffee_arabic,NA,1.2758,0.24357343282571792,-0.09475422429495516,0.00897836302173867,13.49952380952381
1993-05-01,coffee_arabic,coffee_arabic,NA,1.3708,0.3153945110183167,0.07182107819259875,0.00515826727274738,13.535
1993-06-01,coffee_arabic,coffee_arabic,NA,1.3779,0.3205606010177203,0.00516608999940356,2.6688485881937497e-5,13.002272727272729
1993-07-01,coffee_arabic,coffee_arabic,NA,1.5831,0.4593849500975948,0.13882434907987448,0.01927219989745084,11.99952380952381
1993-08-01,coffee_arabic,coffee_arabic,NA,1.6958,0.5281546058877655,0.06876965579017073,0.00472926555749856,11.952272727272728
1993-09-01,coffee_arabic,coffee_arabic,NA,1.7807,0.5770065454251316,0.04885193953736613,0.00238651199656247,12.621428571428572
1993-10-01,coffee_arabic,coffee_arabic,NA,1.6896,0.5244918145298053,-0.0525147308953264,0.00275779696100855,11.377142857142855
1993-11-01,coffee_arabic,coffee_arabic,NA,1.7328,0.5497385972645891,0.02524678273478367,6.374000384573708e-4,13.370952380952382
1993-12-01,coffee_arabic,coffee_arabic,NA,1.7921,0.5833881165672059,0.03364951930261694,0.00113229014929719,10.864545454545455
1994-01-01,coffee_arabic,coffee_arabic,NA,1.7405,0.5541724282693565,-0.02921568829784942,8.535564427170956e-4,10.605238095238096
1994-02-01,coffee_arabic,coffee_arabic,NA,1.8503,0.6153477881055335,0.06117535983617695,0.00374242465108573,12.885263157894736
1994-03-01,coffee_arabic,coffee_arabic,NA,1.9181,0.6513351127455053,0.03598732463997175,0.00129508753474271,14.240869565217391
1994-04-01,coffee_arabic,coffee_arabic,NA,1.9967,0.6914958178107148,0.04016070506520957,0.00161288223133474,15.334736842105263
1994-05-01,coffee_arabic,coffee_arabic,NA,2.687,0.9884253296333542,0.29692951182263927,0.08816713499123087,13.39
1994-06-01,coffee_arabic,coffee_arabic,NA,3.1621,1.1512363638406502,0.16281103420729617,0.02650743285964935,12.94590909090909
1994-07-01,coffee_arabic,coffee_arabic,NA,4.8256,1.573935079391445,0.42269871555079486,0.17867420412829177,12.1635
1994-08-01,coffee_arabic,coffee_arabic,NA,4.4189,1.485890796338353,-0.08804428305309224,0.00775179577833302,11.39304347826087
1994-09-01,coffee_arabic,coffee_arabic,NA,4.8943,1.588071262692209,0.10218046635385652,0.0104408477042916,12.612380952380953
1994-10-01,coffee_arabic,coffee_arabic,NA,4.45,1.4929040961781488,-0.09516716651406036,0.00905678958231489,15.04952380952381
1994-11-01,coffee_arabic,coffee_arabic,NA,4.0325,1.3943865310172268,-0.09851756516092208,0.00970571064523652,16.249523809523808
1994-12-01,coffee_arabic,coffee_arabic,NA,3.7157,1.3125670857227312,-0.08181944529449564,0.00669442162829896,13.806666666666668
1995-01-01,coffee_arabic,coffee_arabic,NA,3.8056,1.3364736661359349,0.02390658041320346,5.715245870529635e-4,11.711904761904762
1995-02-01,coffee_arabic,coffee_arabic,NA,3.7431,1.3199141451029484,-0.01655952103298639,2.742177368419187e-4,11.197368421052632
1995-03-01,coffee_arabic,coffee_arabic,NA,3.9558,1.375182856365172,0.05526871126222363,0.00305463044458704,11.971304347826086
1995-04-01,coffee_arabic,coffee_arabic,NA,3.8449,1.3467475948170575,-0.02843526154811402,8.085640993096517e-4,12.51684210526316
1995-05-01,coffee_arabic,coffee_arabic,NA,3.7701,1.3271015263070716,-0.01964606850998642,3.859680078990803e-4,12.458636363636364
1995-06-01,coffee_arabic,coffee_arabic,NA,3.4059,1.2255092218564605,-0.10159230445061092,0.01032099632358561,13.17909090909091
1995-07-01,coffee_arabic,coffee_arabic,NA,3.2112,1.1666446990599366,-0.05886452279652399,0.00346503204406249,14.0765
1995-08-01,coffee_arabic,coffee_arabic,NA,3.3777,1.2171950044950577,0.05055030543512083,0.002555333379584,13.348695652173912
1995-09-01,coffee_arabic,coffee_arabic,NA,2.9643,1.0866409168868898,-0.13055408760816764,0.01704436979120111,12.237
1995-10-01,coffee_arabic,coffee_arabic,NA,2.8058,1.0316887033025348,-0.05495221358435492,0.00301974577782056,14.237727272727271
1995-11-01,coffee_arabic,coffee_arabic,NA,2.7613,1.015701583329306,-0.01598711997322898,2.555880050384171e-4,12.971904761904762
1995-12-01,coffee_arabic,coffee_arabic,NA,2.3422,0.8510906586258998,-0.16461092470340605,0.02709675653171041,12.288
1996-01-01,coffee_arabic,coffee_arabic,NA,2.4394,0.8917521074270008,0.04066144880110108,0.00165335341860456,14.150454545454544
1996-02-01,coffee_arabic,coffee_arabic,NA,2.7357,1.0063873446255924,0.11463523719859169,0.01314123760757737,16.238
1996-03-01,coffee_arabic,coffee_arabic,NA,2.6641,0.9798662895111644,-0.02652105511442803,7.033663643825294e-4,19.081904761904763
1996-04-01,coffee_arabic,coffee_arabic,NA,2.7227,1.0016240350184296,0.0217577455072651,4.733994895589148e-4,17.512857142857143
1996-05-01,coffee_arabic,coffee_arabic,NA,2.8499,1.0472839059456724,0.0456598709272429,0.00208482381309248,16.96681818181818
1996-06-01,coffee_arabic,coffee_arabic,NA,2.7659,1.017366079299071,-0.02991782664660135,8.9507635125609e-4,17.6755
1996-07-01,coffee_arabic,coffee_arabic,NA,2.7,0.9932517730102834,-0.02411430628878757,5.8149976778946e-4,19.341818181818184
1996-08-01,coffee_arabic,coffee_arabic,NA,2.7827,1.023421679392204,0.03016990638192041,9.102232510938418e-4,16.478181818181817
1996-09-01,coffee_arabic,coffee_arabic,NA,2.6169,0.9619904111251454,-0.06143126826705849,0.0037738007208993,17.2785
1996-10-01,coffee_arabic,coffee_arabic,NA,2.7381,1.0072642492088044,0.0452738380836589,0.00204972041482536,17.401304347826088
1996-11-01,coffee_arabic,coffee_arabic,NA,2.7353,1.0062411190724163,-0.0010231301363878,1.046795275984921e-6,17.1635
1996-12-01,coffee_arabic,coffee_arabic,NA,2.5798,0.9477118765488988,-0.05852924252351792,0.00342567223037677,20.118
1997-01-01,coffee_arabic,coffee_arabic,NA,2.9291,1.074695208607963,0.1269833320590642,0.01612476662082256,21.031363636363636
1997-02-01,coffee_arabic,coffee_arabic,NA,3.7119,1.3115438749059027,0.23684866629793963,0.05609729072711277,21.647894736842105
1997-03-01,coffee_arabic,coffee_arabic,NA,4.2924,1.4568460170708353,0.1453021421649326,0.02111271251771828,22.3035
1997-04-01,coffee_arabic,coffee_arabic,NA,4.5633,1.5180460460036698,0.06120002893283457,0.00374544354137978,21.507727272727273
1997-05-01,coffee_arabic,coffee_arabic,NA,5.8923,1.773646413801128,0.25560036779745804,0.06533154801819582,21.927619047619046
1997-06-01,coffee_arabic,coffee_arabic,NA,4.8947,1.588152987076768,-0.1854934267243599,0.03440781135794547,22.743333333333332
1997-07-01,coffee_arabic,coffee_arabic,NA,4.1978,1.434560578529379,-0.1535924085473893,0.02359062796338814,23.24772727272727
1997-08-01,coffee_arabic,coffee_arabic,NA,4.2064,1.43660717499348,0.00204659646410104,4.188557086870917e-6,25.153809523809525
1997-09-01,coffee_arabic,coffee_arabic,NA,4.1859,1.4317217345841338,-0.00488544040934611,2.38675279932719e-5,25.59285714285714
1997-10-01,coffee_arabic,coffee_arabic,NA,3.6963,1.307332319316595,-0.12438941526753852,0.01547272663060014,25.615652173913045
1997-11-01,coffee_arabic,coffee_arabic,NA,3.5333,1.2622322784431474,-0.04510004087344763,0.00203401368678664,31.545263157894738
1997-12-01,coffee_arabic,coffee_arabic,NA,3.9119,1.36402318947366,0.10179091103051216,0.01036138956842164,26.473181818181818
1998-01-01,coffee_arabic,coffee_arabic,NA,3.9198,1.3660406320926226,0.00201744261896283,4.07007472080764e-6,24.4275
1998-02-01,coffee_arabic,coffee_arabic,NA,3.9282,1.3681813056929637,0.00214067360034109,4.58248346319729e-6,20.386315789473684
1998-03-01,coffee_arabic,coffee_arabic,NA,3.4756,1.245767125982914,-0.12241417971004975,0.01498523139408435,20.543181818181814
1998-04-01,coffee_arabic,coffee_arabic,NA,3.3146,1.1983369527073064,-0.04743017327560738,0.00224962133695414,22.53809523809524
1998-05-01,coffee_arabic,coffee_arabic,NA,3.0362,1.1106067335164778,-0.08773021919082884,0.00769659135927087,21.4485
1998-06-01,coffee_arabic,coffee_arabic,NA,2.7542,1.0131270193108886,-0.0974797142055892,0.00950229468160334,21.996363636363636
1998-07-01,coffee_arabic,coffee_arabic,NA,2.5926,0.9526612331838056,-0.060465786127083,0.00365611129196614,20.25181818181818
1998-08-01,coffee_arabic,coffee_arabic,NA,2.7163,0.9992706601503292,0.04660942696652386,0.00217243868214772,31.48857142857143
1998-09-01,coffee_arabic,coffee_arabic,NA,2.4659,0.9025568524195128,-0.0967138077308166,0.00935356060579335,39.247142857142855
1998-10-01,coffee_arabic,coffee_arabic,NA,2.4189,0.8833128913769489,-0.01924396104256375,3.7033003660771137e-4,37.45409090909091
1998-11-01,coffee_arabic,coffee_arabic,NA,2.5655,0.9421533913998824,0.0588405000229336,0.00346220444294884,25.038
1998-12-01,coffee_arabic,coffee_arabic,NA,2.588,0.950885376638654,0.00873198523877167,7.624756621012646e-5,25.47681818181818
1999-01-01,coffee_arabic,coffee_arabic,NA,2.4903,0.9124031851469624,-0.03848219149169158,0.00148087906200322,28.616842105263157
1999-02-01,coffee_arabic,coffee_arabic,NA,2.3254,0.8438920672523708,-0.06851111789459174,0.00469377327516664,29.93842105263158
1999-03-01,coffee_arabic,coffee_arabic,NA,2.3234,0.8430316300972374,-8.604371551335113e-4,7.403520979342503e-7,26.475652173913044
1999-04-01,coffee_arabic,coffee_arabic,NA,2.2511,0.8114189856379808,-0.03161264445925661,9.99359289707368e-4,24.693809523809524
1999-05-01,coffee_arabic,coffee_arabic,NA,2.4487,0.8955572714872428,0.08413828584926217,0.00707925114565215,27.3765
1999-06-01,coffee_arabic,coffee_arabic,NA,2.3636,0.8601858804893825,-0.03537139099786031,0.00125113530112351,24.123636363636365
1999-07-01,coffee_arabic,coffee_arabic,NA,2.0911,0.7376902433106169,-0.12249563717876548,0.01500518112783175,21.486666666666668
1999-08-01,coffee_arabic,coffee_arabic,NA,2.0144,0.7003213843079458,-0.03736885900267118,0.00139643162316151,24.90909090909091
1999-09-01,coffee_arabic,coffee_arabic,NA,1.8587,0.6198773186321702,-0.08044406567577553,0.00647124770244848,25.58
1999-10-01,coffee_arabic,coffee_arabic,NA,2.0768,0.7308282475276338,0.1109509288954636,0.01231010862276622,25.37
1999-11-01,coffee_arabic,coffee_arabic,NA,2.4996,0.9161307190727896,0.18530247154515583,0.03433700596074329,22.22952380952381
1999-12-01,coffee_arabic,coffee_arabic,NA,2.7439,1.009380266050883,0.09324954697809358,0.00869547801161968,23.222272727272728
2000-01-01,coffee_arabic,coffee_arabic,NA,2.4496000000000002,0.8959247459212824,-0.11345552012960076,0.01287215504787824,24.9385
2000-02-01,coffee_arabic,coffee_arabic,NA,2.2805,0.8243947171696181,-0.07153002875166425,0.00511654501321391,25.456
2000-03-01,coffee_arabic,coffee_arabic,NA,2.2207,0.7978224614980768,-0.02657225567154132,7.060847714737598e-4,24.810434782608695
2000-04-01,coffee_arabic,coffee_arabic,NA,2.0858,0.7351524747049754,-0.0626699867931014,0.0039275272446475,29.833157894736843
2000-05-01,coffee_arabic,coffee_arabic,NA,2.0756,0.7302502685114476,-0.00490220619352783,2.4031625563862668e-5,29.42909090909091
2000-06-01,coffee_arabic,coffee_arabic,NA,1.9057,0.6448493951521932,-0.08540087335925431,0.00729330917052339,24.31772727272727
2000-07-01,coffee_arabic,coffee_arabic,NA,1.9257,0.655289538003705,0.01044014285151196,1.0899658275997644e-4,22.66
2000-08-01,coffee_arabic,coffee_arabic,NA,1.6958,0.5281546058877655,-0.12713493211593951,0.01616329096412454,20.484347826086957
2000-09-01,coffee_arabic,coffee_arabic,NA,1.6707,0.5132427002815956,-0.01491190560616994,2.223649288073226e-4,22.3365
2000-10-01,coffee_arabic,coffee_arabic,NA,1.6901,0.5247876987820452,0.01154499850044972,1.3328699037538634e-4,28.21409090909091
2000-11-01,coffee_arabic,coffee_arabic,NA,1.5772,0.45565112302133504,-0.06913657576071029,0.00477986610791643,29.21190476190476
2000-12-01,coffee_arabic,coffee_arabic,NA,1.4586,0.37747707156799554,-0.07817405145333951,0.00611118232062937,30.1045
2001-01-01,coffee_arabic,coffee_arabic,NA,1.4546,0.3747309487383032,-0.0027461228296924,7.541190595757821e-6,27.83
2001-02-01,coffee_arabic,coffee_arabic,NA,1.4813,0.3929200806058694,0.01818913186756633,3.308445180957172e-4,26.159473684210525
2001-03-01,coffee_arabic,coffee_arabic,NA,1.4661,0.38260581396208176,-0.01031426664378771,1.0638409639915186e-4,32.42318181818182
2001-04-01,coffee_arabic,coffee_arabic,NA,1.4579,0.3769970441286392,-0.00560876983344255,3.145829904453526e-5,32.245
2001-05-01,coffee_arabic,coffee_arabic,NA,1.526,0.42264993286226527,0.04565288873362608,0.00208418624972484,26.095
2001-06-01,coffee_arabic,coffee_arabic,NA,1.4088,0.34273827819985936,-0.07991165466240586,0.00638587255088361,23.30047619047619
2001-07-01,coffee_arabic,coffee_arabic,NA,1.2946,0.25820176712927273,-0.08453651107058661,0.00714642170398741,24.85904761904762
2001-08-01,coffee_arabic,coffee_arabic,NA,1.3166,0.27505265605163925,0.01685088892236648,2.8395245747393343e-4,24.260434782608694
2001-09-01,coffee_arabic,coffee_arabic,NA,1.2802,0.24701631572576596,-0.02803634032587331,7.8603637886819e-4,38.55133333333333
2001-10-01,coffee_arabic,coffee_arabic,NA,1.2434,0.21784956285310017,-0.0291667528726658,8.506994731351588e-4,34.44695652173913
2001-11-01,coffee_arabic,coffee_arabic,NA,1.2974,0.26036226179681804,0.04251269894371787,0.00180732957147919,28.25428571428571
2001-12-01,coffee_arabic,coffee_arabic,NA,1.2505,0.22354347133553665,-0.03681879046128142,0.00135562333103174,24.5395
2002-01-01,coffee_arabic,coffee_arabic,NA,1.2842,0.25013595637781094,0.0265924850422743,7.071602607235825e-4,23.615238095238094
2002-02-01,coffee_arabic,coffee_arabic,NA,1.3034,0.26497623491614286,0.01484027853833194,2.2023386709527572e-4,24.66842105263158
2002-03-01,coffee_arabic,coffee_arabic,NA,1.4213,0.3515719457628291,0.08659571084668616,0.00749881713704287,21.014
2002-04-01,coffee_arabic,coffee_arabic,NA,1.4425,0.3663777194001175,0.01480577363728841,2.192109329986246e-4,21.814545454545453
2002-05-01,coffee_arabic,coffee_arabic,NA,1.3536,0.3027677098698217,-0.06361000953029577,0.00404623331244431,22.63
2002-06-01,coffee_arabic,coffee_arabic,NA,1.2912,0.2555720185335472,-0.04719569133627449,0.00222743328070889,28.599
2002-07-01,coffee_arabic,coffee_arabic,NA,1.2452,0.21929615958531612,-0.03627585894823115,0.00131593794243196,38.49727272727273
2002-08-01,coffee_arabic,coffee_arabic,NA,1.1964,0.17931704777365584,-0.03997911181166034,0.00159832938124923,37.25272727272727
2002-09-01,coffee_arabic,coffee_arabic,NA,1.3375,0.2908021997880245,0.11148515201436868,0.01242893911966689,41.656
2002-10-01,coffee_arabic,coffee_arabic,NA,1.4491,0.37094267406974146,0.08014047428171692,0.00642249561809853,41.39739130434783
2002-11-01,coffee_arabic,coffee_arabic,NA,1.5404,0.4320421229586168,0.06109944888887525,0.00373314265452427,32.005
2002-12-01,coffee_arabic,coffee_arabic,NA,1.4145,0.34677611175948486,-0.0852660111991319,0.00727029266581048,31.830952380952382
2003-01-01,coffee_arabic,coffee_arabic,NA,1.445569,0.36850301568299254,0.02172690392350765,4.7205835410133216e-4,30.66857142857143
2003-02-01,coffee_arabic,coffee_arabic,NA,1.464088,0.3812325230222464,0.01272950733925396,1.6204035710012065e-4,36.54052631578948
2003-03-01,coffee_arabic,coffee_arabic,NA,1.361353,0.30847905815091786,-0.0727534648713285,0.00529306665078363,35.194761904761904
2003-04-01,coffee_arabic,coffee_arabic,NA,1.426169,0.3549918282939382,0.04651277014302022,0.00216343778637743,27.14238095238095
2003-05-01,coffee_arabic,coffee_arabic,NA,1.460781,0.3789712242022394,0.02397939590830112,5.750114281270484e-4,22.548571428571428
2003-06-01,coffee_arabic,coffee_arabic,NA,1.3457,0.2969143237653586,-0.08205690043688081,0.00673333490930817,22.34904761904762
2003-07-01,coffee_arabic,coffee_arabic,NA,1.387808,0.3277255239860798,0.03081120022072114,9.493300590413664e-4,21.206818181818186
2003-08-01,coffee_arabic,coffee_arabic,NA,1.408532,0.3425480272810408,0.01482250329496085,2.197066039291255e-4,20.829047619047618
2003-09-01,coffee_arabic,coffee_arabic,NA,1.464099,0.38124003620361085,0.03869200892257014,0.00149707155446424,20.682380952380953
2003-10-01,coffee_arabic,coffee_arabic,NA,1.417571,0.3489448435488204,-0.0322951926547905,0.00104297946861003,19.184347826086956
2003-11-01,coffee_arabic,coffee_arabic,NA,1.373037,0.317025074711155,-0.03191976883766546,0.00101887164264999,17.838947368421053
2003-12-01,coffee_arabic,coffee_arabic,NA,1.429917,0.3576164006292744,0.04059132591811938,0.00164765573979098,16.375454545454545
2004-01-01,coffee_arabic,coffee_arabic,NA,1.603420126,0.4721389266247743,0.11452252599549992,0.01311540896038995,15.834
2004-02-01,coffee_arabic,coffee_arabic,NA,1.680140902,0.5188776601363511,0.04673873351157665,0.00218450921026617,15.924736842105265
2004-03-01,coffee_arabic,coffee_arabic,NA,1.720926372,0.5428627342107939,0.02398507407444291,5.752837783565137e-4,17.73304347826087
2004-04-01,coffee_arabic,coffee_arabic,NA,1.663165328,0.508722610783527,-0.03414012342726687,0.00116554802762901,15.788095238095238
2004-05-01,coffee_arabic,coffee_arabic,NA,1.697336938,0.5290605157482832,0.02033790496475611,4.136303783554513e-4,18.076
2004-06-01,coffee_arabic,coffee_arabic,NA,1.812418102,0.594661921622367,0.0656014058740839,0.00430354445265629,15.045238095238096
2004-07-01,coffee_arabic,coffee_arabic,NA,1.652142228,0.5020727658238663,-0.0925891557985008,0.00857275177147905,15.668571428571427
2004-08-01,coffee_arabic,coffee_arabic,NA,1.622820782,0.4841658585289395,-0.01790690729492667,3.206573288690982e-4,16.592727272727274
2004-09-01,coffee_arabic,coffee_arabic,NA,1.774057714,0.5732694166163664,0.08910355808742682,0.00793944406383944,13.880476190476193
2004-10-01,coffee_arabic,coffee_arabic,NA,1.77582141,0.5742630820813084,9.936654649419716e-4,9.873710562183444e-7,15.184761904761904
2004-11-01,coffee_arabic,coffee_arabic,NA,1.990110474,0.6881901517683885,0.11392706968708004,0.01297937720748479,14.05
2004-12-01,coffee_arabic,coffee_arabic,NA,2.295450344,0.8309290525846895,0.14273890081630103,0.02037439380624582,13.014090909090909
2005-01-01,coffee_arabic,coffee_arabic,NA,2.362470792,0.8597080171347329,0.02877896455004332,8.282288005726506e-4,13.512
2005-02-01,coffee_arabic,coffee_arabic,NA,2.664503732,0.9800178233917374,0.12030980625700456,0.01447444948159797,11.562631578947368
2005-03-01,coffee_arabic,coffee_arabic,NA,2.976898386,1.090881948431276,0.11086412503953844,0.01229085422078241,12.880454545454546
2005-04-01,coffee_arabic,coffee_arabic,NA,2.855644286,1.0492974870004896,-0.04158446143078635,0.00172926743248855,14.057142857142855
2005-05-01,coffee_arabic,coffee_arabic,NA,2.830070694,1.0403016915551602,-0.00899579544532942,8.092433569420957e-5,13.17904761904762
2005-06-01,coffee_arabic,coffee_arabic,NA,2.671117592,0.9824969586173614,-0.0578047329377987,0.00334138715001022,11.241818181818182
2005-07-01,coffee_arabic,coffee_arabic,NA,2.423538766,0.8852287720490973,-0.09726818656826408,0.00946110011827862,10.489
2005-08-01,coffee_arabic,coffee_arabic,NA,2.38539884,0.8693663388707061,-0.01586243317839124,2.5161678633892727e-4,11.985217391304348
2005-09-01,coffee_arabic,coffee_arabic,NA,2.193376438,0.7854421090595933,-0.08392422981111279,0.00704327634938847,11.959047619047618
2005-10-01,coffee_arabic,coffee_arabic,NA,2.31595331,0.8398213997493342,0.05437929068974098,0.00295710725591935,14.582380952380952
2005-11-01,coffee_arabic,coffee_arabic,NA,2.375257588,0.8651058897107127,0.02528448996137852,6.39305432607051e-4,11.606190476190475
2005-12-01,coffee_arabic,coffee_arabic,NA,2.331826574,0.8466518977982864,-0.01845399191242634,3.405498175038967e-4,10.923809523809524
2006-01-01,coffee_arabic,coffee_arabic,NA,2.73813804,1.0072781419577033,0.16062624415941698,0.02580079031276063,11.7115
2006-02-01,coffee_arabic,coffee_arabic,NA,2.626143344,0.9655163608340784,-0.04176178112362482,0.00174404636261754,11.867368421052632
2006-03-01,coffee_arabic,coffee_arabic,NA,2.505771092,0.9185965083273004,-0.0469198525067781,0.00220147255925781,11.19086956521739
2006-04-01,coffee_arabic,coffee_arabic,NA,2.544572404,0.9339626217411454,0.01536611341384504,2.361174414471487e-4,11.163684210526316
2006-05-01,coffee_arabic,coffee_arabic,NA,2.410972432,0.880030164874019,-0.05393245686712638,0.00290870990372444,13.488181818181818
2006-06-01,coffee_arabic,coffee_arabic,NA,2.27406553,0.8215692119755859,-0.0584609528984332,0.00341768301379282,15.891363636363636
2006-07-01,coffee_arabic,coffee_arabic,NA,2.314851,0.8393453226158483,0.01777611064026249,3.1599010949485355e-4,14.522
2006-08-01,coffee_arabic,coffee_arabic,NA,2.463221926,0.9014702190175716,0.06212489640172328,0.00385950275292485,12.560434782608697
2006-09-01,coffee_arabic,coffee_arabic,NA,2.421334146,0.8843186882585794,-0.01715153075899213,2.941750073766534e-4,11.397
2006-10-01,coffee_arabic,coffee_arabic,NA,2.438971106,0.8915762725051444,0.00725758424656497,5.267252909598806e-5,10.808636363636364
2006-11-01,coffee_arabic,coffee_arabic,NA,2.695588874,0.9916166866144236,0.10004041410927916,0.01000808445515605,10.484285714285717
2006-12-01,coffee_arabic,coffee_arabic,NA,2.831613928,1.040846841679638,0.04923015506521457,0.00242360816774507,10.499
2007-01-01,coffee_arabic,coffee_arabic,NA,2.745413286,1.009931623191382,-0.03091521848825609,9.557507341766117e-4,10.627
2007-02-01,coffee_arabic,coffee_arabic,NA,2.690297786,0.9896518886020732,-0.0202797345893089,4.1126763501281e-4,10.920526315789472
2007-03-01,coffee_arabic,coffee_arabic,NA,2.581169096,0.94824243428201,-0.04140945432006307,0.00171474290708539,14.921363636363637
2007-04-01,coffee_arabic,coffee_arabic,NA,2.52649452,0.926832776738964,-0.02140965754304595,4.583734361105047e-4,12.246
2007-05-01,coffee_arabic,coffee_arabic,NA,2.496511688,0.9148944327020238,-0.01193834403694026,1.4252405834434728e-4,12.965
2007-06-01,coffee_arabic,coffee_arabic,NA,2.630773046,0.9672777368398892,0.05238330413786536,0.0027440105524001,14.881904761904762
2007-07-01,coffee_arabic,coffee_arabic,NA,2.593294506,0.9529290774306748,-0.01434865940921437,2.0588402684163624e-4,17.247619047619047
2007-08-01,coffee_arabic,coffee_arabic,NA,2.715871378,0.9991128514322076,0.04618377400153285,0.00213294098102466,25.12
2007-09-01,coffee_arabic,coffee_arabic,NA,2.822795448,1.0377276875599872,0.03861483612777951,0.00149110556917526,22.182105263157897
2007-10-01,coffee_arabic,coffee_arabic,NA,2.960584198,1.0853866130514087,0.04765892549142167,0.00227137317899688,18.859565217391303
2007-11-01,coffee_arabic,coffee_arabic,NA,2.8880522,1.0605822956594766,-0.02480431739193222,6.152541612797113e-4,26.65714285714286
2007-12-01,coffee_arabic,coffee_arabic,NA,3.033116196,1.109590538556193,0.04900824289671637,0.00240180787182355,23.0965
2008-01-01,coffee_arabic,coffee_arabic,NA,3.083381532,1.1260268947340455,0.01643635617785267,2.701538044052357e-4,27.98952380952381
2008-02-01,coffee_arabic,coffee_arabic,NA,3.467646798,1.243476207710876,0.11744931297683028,0.01379434111872943,27.1565
2008-03-01,coffee_arabic,coffee_arabic,NA,3.304504918,1.1952866642008293,-0.04818954351004664,0.00232223210370667,29.009
2008-04-01,coffee_arabic,coffee_arabic,NA,3.10190034,1.1320149365786685,-0.06327172762216111,0.00400331151629294,22.526818181818182
2008-05-01,coffee_arabic,coffee_arabic,NA,3.12945809,1.140859855377305,0.00884491879863691,7.82325885544807e-5,18.61
2008-06-01,coffee_arabic,coffee_arabic,NA,3.22205213,1.1700184640155795,0.02915860863827472,8.502244577200693e-4,23.19142857142857
2008-07-01,coffee_arabic,coffee_arabic,NA,3.248728032,1.1782635449653216,0.00824508094974186,6.798135986779625e-5,25.66227272727273
2008-08-01,coffee_arabic,coffee_arabic,NA,3.228225066,1.1719324710254906,-0.00633107393983087,4.008249723160565e-5,22.25952380952381
2008-09-01,coffee_arabic,coffee_arabic,NA,3.158559074,1.1501159343636058,-0.02181653666188489,4.759612719193677e-4,33.21142857142857
2008-10-01,coffee_arabic,coffee_arabic,NA,2.724689858,1.002354608059969,-0.14776132630363675,0.02183340955100981,65.44652173913043
2008-11-01,coffee_arabic,coffee_arabic,NA,2.687211318,0.98850397112607,-0.01385063693389893,1.9184014347468537e-4,65.42684210526316
2008-12-01,coffee_arabic,coffee_arabic,NA,2.622836414,0.9642563329467596,-0.02424763817931051,5.879479572747569e-4,55.07545454545455
2009-01-01,coffee_arabic,coffee_arabic,NA,2.82852746,1.0397562440799155,0.07549991113315606,0.00570023658111446,44.2915
2009-02-01,coffee_arabic,coffee_arabic,NA,2.854541976,1.0489114015163683,0.00915515743645291,8.381690768623904e-5,45.38947368421053
2009-03-01,coffee_arabic,coffee_arabic,NA,2.833377624,1.0414695067059827,-0.00744189481038588,5.53817983688483e-5,46.09045454545455
2009-04-01,coffee_arabic,coffee_arabic,NA,2.973591456,1.0897704667118702,0.04830096000588745,0.00233298273749033,38.89857142857143
2009-05-01,coffee_arabic,coffee_arabic,NA,3.328755738,1.2025985819147031,0.11282811520283302,0.01273018358022376,32.11
2009-06-01,coffee_arabic,coffee_arabic,NA,3.302300298,1.1946192856389526,-0.00797929627575062,6.366916905620784e-5,27.935454545454547
2009-07-01,coffee_arabic,coffee_arabic,NA,3.10630958,1.1334353913629596,-0.06118389427599309,0.0037434689187759,25.924545454545456
2009-08-01,coffee_arabic,coffee_arabic,NA,3.301638912,1.1944189851876068,0.06098359382464749,0.00371899871576958,24.306190476190476
2009-09-01,coffee_arabic,coffee_arabic,NA,3.274522086,1.1861719304997664,-0.00824705468784048,6.801391102423168e-5,23.85761904761905
2009-10-01,coffee_arabic,coffee_arabic,NA,3.407681134,1.2260320406225522,0.0398601101227859,0.00158882837900061,23.250454545454545
2009-11-01,coffee_arabic,coffee_arabic,NA,3.355652102,1.2106461187499005,-0.01538592187265179,2.3672659187134491e-4,22.546
2009-12-01,coffee_arabic,coffee_arabic,NA,3.4868159689,1.2489889899601,0.03834287121019966,0.00147017577264195,19.845454545454544
2010-01-01,coffee_arabic,coffee_arabic,NA,3.50314118,1.2536600460009952,0.00467105604089531,2.181876453718461e-5,19.527368421052632
2010-02-01,coffee_arabic,coffee_arabic,NA,3.480213132,1.2470935367385811,-0.00656650926241399,4.311904389336875e-5,21.771052631578947
2010-03-01,coffee_arabic,coffee_arabic,NA,3.6265999,1.2882955426637517,0.04120200592517033,0.00169760529225777,16.925217391304347
2010-04-01,coffee_arabic,coffee_arabic,NA,3.731098888,1.3167027983101915,0.02840725564644018,8.069721733622076e-4,16.136666666666667
2010-05-01,coffee_arabic,coffee_arabic,NA,3.820165536,1.3402937557110055,0.0235909574008138,5.565332710870117e-4,30.0335
2010-06-01,coffee_arabic,coffee_arabic,NA,4.20861958,1.4371347031900268,0.0968409474790214,0.00937816910863458,28.94090909090909
2010-07-01,coffee_arabic,coffee_arabic,NA,4.480008302,1.4996248995501766,0.06249019636014998,0.0039050246411301,25.016666666666666
2010-08-01,coffee_arabic,coffee_arabic,NA,4.664755458,1.5400354123465223,0.04041051279634571,0.00163300954446362,24.15590909090909
2010-09-01,coffee_arabic,coffee_arabic,NA,4.909909202,1.5912554491710829,0.05122003682456053,0.00262349217230933,21.322380952380954
2010-10-01,coffee_arabic,coffee_arabic,NA,4.798134968,1.5682272940760495,-0.02302815509503334,5.302959270809099e-4,19.86095238095238
2010-11-01,coffee_arabic,coffee_arabic,NA,5.147346776,1.6384813927939152,0.07025409871786566,0.00493563838665961,19.395238095238096
2010-12-01,coffee_arabic,coffee_arabic,NA,5.471205454,1.6994989676575178,0.06101757486360269,0.00372314444223535,16.58681818181818
2011-01-01,coffee_arabic,coffee_arabic,NA,5.815126174,1.760462483757585,0.06096351610006721,0.00371655029528315,15.723
2011-02-01,coffee_arabic,coffee_arabic,NA,6.346880518,1.8479634351904688,0.08750095143288374,0.00765641650165987,15.72
2011-03-01,coffee_arabic,coffee_arabic,NA,6.439033634,1.8623784720243113,0.01441503683384249,2.077932869210359e-4,19.893478260869564
2011-04-01,coffee_arabic,coffee_arabic,NA,6.616505544,1.8895673671358528,0.02718889511154152,7.392360173864063e-4,15.208
2011-05-01,coffee_arabic,coffee_arabic,NA,6.4174283580000004,1.8590174701636428,-0.03054989697221011,9.332962050126524e-4,16.293809523809525
2011-06-01,coffee_arabic,coffee_arabic,NA,6.062264076,1.8020833402074128,-0.05693412995623018,0.0032414951538729,18.918636363636363
2011-07-01,coffee_arabic,coffee_arabic,NA,5.908822524,1.7764465770504072,-0.02563676315700546,6.572436251683928e-4,18.7405
2011-08-01,coffee_arabic,coffee_arabic,NA,5.962174328,1.785435234680802,0.00898865763039477,8.079596599645415e-5,35.068695652173915
2011-09-01,coffee_arabic,coffee_arabic,NA,6.060059456,1.8017196112542155,0.01628437657341358,2.6518092038474125e-4,36.64380952380952
2011-10-01,coffee_arabic,coffee_arabic,NA,5.463489284,1.6980876486466716,-0.10363196260754388,0.01073958367389137,32.00857142857143
2011-11-01,coffee_arabic,coffee_arabic,NA,5.403303158,1.68701046248646,-0.01107718616021178,1.2270405322798746e-4,31.412380952380953
2011-12-01,coffee_arabic,coffee_arabic,NA,5.218556002,1.6522207356566243,-0.03478972682983553,0.00121032509289457,25.03952380952381
2012-01-01,coffee_arabic,coffee_arabic,NA,5.229508955,1.6543173836115228,0.00209664795489859,4.3959326467804745e-6,18.9415
2012-02-01,coffee_arabic,coffee_arabic,NA,4.941876192,1.5977450550470218,-0.05657232856450113,0.00320042835920987,16.691
2012-03-01,coffee_arabic,coffee_arabic,NA,4.437018212,1.489982576963512,-0.10776247808350968,0.0116127516826989,14.962727272727273
2012-04-01,coffee_arabic,coffee_arabic,NA,4.22074499,1.4400116503816285,-0.0499709265818836,0.002497093503452,17.177
2012-05-01,coffee_arabic,coffee_arabic,NA,4.07083083,1.4038471137568973,-0.03616453662473122,0.00130787370928152,20.547272727272727
2012-06-01,coffee_arabic,coffee_arabic,NA,3.718973478,1.313447683430545,-0.0903994303263522,0.008172057003329,20.750476190476192
2012-07-01,coffee_arabic,coffee_arabic,NA,4.19869879,1.434774665382938,0.12132698195239304,0.0147202365496763,16.954761904761906
2012-08-01,coffee_arabic,coffee_arabic,NA,3.85421253704,1.3491667156018818,-0.08560794978105615,0.00732872106571583,14.969130434782608
2012-09-01,coffee_arabic,coffee_arabic,NA,3.945828876,1.3726590402130372,0.02349232461115525,5.51889315635891e-4,14.31421052631579
2012-10-01,coffee_arabic,coffee_arabic,NA,3.821047384,1.3405245693300336,-0.03213447088300358,0.0010326242189306,15.469047619047618
2012-11-01,coffee_arabic,coffee_arabic,NA,3.525407842,1.2599961294296755,-0.08052843990035799,0.00648482963278556,17.155714285714286
2012-12-01,coffee_arabic,coffee_arabic,NA,3.367336588,1.214122101918563,-0.0458740275111126,0.00210442640009031,17.351
2013-01-01,coffee_arabic,coffee_arabic,NA,3.467646798,1.243476207710876,0.02935410579231309,8.616635268663089e-4,13.121904761904762
2013-02-01,coffee_arabic,coffee_arabic,NA,3.295025052,1.192413770960469,-0.05106243675040698,0.00260737244688931,13.512105263157894
2013-03-01,coffee_arabic,coffee_arabic,NA,3.302079836,1.194552523279546,0.00213875231907693,4.574261482356952e-6,12.3915
2013-04-01,coffee_arabic,coffee_arabic,NA,3.302741222,1.1947527969876155,2.002737080694441e-4,4.010955814388492e-8,13.251363636363635
2013-05-01,coffee_arabic,coffee_arabic,NA,3.24489391026,1.1770826563273171,-0.01767014066029847,3.1223387095473333e-4,12.914090909090907
2013-06-01,coffee_arabic,coffee_arabic,NA,3.0480965889,1.114517326593959,-0.06256532973335804,0.00391442048464381,17.156
2013-07-01,coffee_arabic,coffee_arabic,NA,3.05091610617,1.11544190819817,9.245816042108832e-4,8.548511428451701e-7,13.626818181818182
2013-08-01,coffee_arabic,coffee_arabic,NA,2.979634119,1.0918005141203115,-0.02364139407785851,5.589155139446037e-4,13.863636363636363
2013-09-01,coffee_arabic,coffee_arabic,NA,2.91630283057,1.0703166601156864,-0.02148385400462518,4.615559828920497e-4,14.2915
2013-10-01,coffee_arabic,coffee_arabic,NA,2.83734594,1.042869087060406,-0.02744757305528043,7.533692666249562e-4,14.32304347826087
2013-11-01,coffee_arabic,coffee_arabic,NA,2.69003533124,0.9895543278174564,-0.05331475924294944,0.00284246355313366,11.9565
2013-12-01,coffee_arabic,coffee_arabic,NA,2.777159814,1.0214287558225366,0.03187442800508013,0.00101597916065103,12.995238095238095
2014-01-01,coffee_arabic,coffee_arabic,NA,2.926192126,1.073701962096436,0.05227320627389942,0.00273248809415363,13.057142857142855
2014-02-01,coffee_arabic,coffee_arabic,NA,3.828102168,1.3423691628897176,0.2686672007932819,0.07218206478209764,14.179473684210526
2014-03-01,coffee_arabic,coffee_arabic,NA,4.719870958,1.551781459816956,0.20941229692723803,0.04385351010434171,13.592380952380951
2014-04-01,coffee_arabic,coffee_arabic,NA,4.926884776,1.5947068970492728,0.04292543723231711,0.00184259316158559,13.485238095238095
2014-05-01,coffee_arabic,coffee_arabic,NA,4.72229604,1.5522951304719732,-0.04241176657729957,0.00179875794420734,11.76142857142857
2014-06-01,coffee_arabic,coffee_arabic,NA,4.362722518,1.4730962932191372,-0.07919883725283607,0.00627245582220121,10.298571428571428
2014-07-01,coffee_arabic,coffee_arabic,NA,4.34089678,1.4680809581034049,-0.00501533511573251,2.5153586323099695e-5,10.638636363636364
2014-08-01,coffee_arabic,coffee_arabic,NA,4.695179214,1.5465362831777292,0.07845532507432446,0.00615523803251792,12.414761904761905
2014-09-01,coffee_arabic,coffee_arabic,NA,4.641386486,1.535013133240789,-0.01152314993694034,1.3278298446920832e-4,11.91190476190476
2014-10-01,coffee_arabic,coffee_arabic,NA,4.966788398,1.6027734336473765,0.06776030040658754,0.00459145831119098,16.911304347826086
2014-11-01,coffee_arabic,coffee_arabic,NA,4.616033356,1.529535755349534,-0.07323767829784264,0.00536375752245829,12.243684210526316
2014-12-01,coffee_arabic,coffee_arabic,NA,4.339133084,1.4676745779291644,-0.06186117742036932,0.00382680527183441,14.90681818181818
2015-01-01,coffee_arabic,coffee_arabic,NA,4.188778,1.4324090446188111,-0.03526553331035333,0.00124365783966364,17.9875
2015-02-01,coffee_arabic,coffee_arabic,NA,3.943844718,1.3721560642614492,-0.06025298035736195,0.00363042164194464,15.321052631578947
2015-03-01,coffee_arabic,coffee_arabic,NA,3.543706188,1.2651731252428973,-0.10698293901855184,0.01144534924104718,15.016818181818184
2015-04-01,coffee_arabic,coffee_arabic,NA,3.6155768,1.2852514002825233,0.02007827503962605,4.0313712856687056e-4,13.758571428571427
2015-05-01,coffee_arabic,coffee_arabic,NA,3.493881776,1.2510133748486203,-0.03423802543390296,0.00117224238561258,13.6325
2015-06-01,coffee_arabic,coffee_arabic,NA,3.522100912,1.2590576615658846,0.00804428671726443,6.471054878955705e-5,14.83090909090909
2015-07-01,coffee_arabic,coffee_arabic,NA,3.40503559,1.2252553918229157,-0.03380226974296908,0.00114259343977644,14.55090909090909
2015-08-01,coffee_arabic,coffee_arabic,NA,3.459489704,1.2411210937996768,0.01586570197676113,2.5172049921540223e-4,19.58809523809524
2015-09-01,coffee_arabic,coffee_arabic,NA,3.22205213,1.1700184640155795,-0.07110262978409697,0.00505558396221435,24.604285714285716
2015-10-01,coffee_arabic,coffee_arabic,NA,3.37858015,1.2174555472746458,0.04743708325906592,0.00225027686812755,16.977272727272727
2015-11-01,coffee_arabic,coffee_arabic,NA,3.262396676,1.1824621019557298,-0.03499344531891594,0.00122454121528796,16.008
2015-12-01,coffee_arabic,coffee_arabic,NA,3.277388092,1.1870467917554723,0.00458468979974254,2.1019380559863316e-5,18.304545454545455
2016-01-01,coffee_arabic,coffee_arabic,NA,3.197360386,1.1623255900304836,-0.02472120172498861,6.1113781472758e-4,24.33105263157895
2016-02-01,coffee_arabic,coffee_arabic,NA,3.25622374,1.180568161995659,0.01824257196517525,3.327914319045983e-4,24.109
2016-03-01,coffee_arabic,coffee_arabic,NA,3.4722765,1.2448104307240129,0.06424226872835366,0.004127069091366,16.398636363636363
2016-04-01,coffee_arabic,coffee_arabic,NA,3.399964964,1.2237651268631395,-0.02104530386087321,4.4290481459648487e-4,14.347142857142858
2016-05-01,coffee_arabic,coffee_arabic,NA,3.421349778,1.2300351451418583,0.00627001827871892,3.9313129215469455e-5,14.791904761904762
2016-06-01,coffee_arabic,coffee_arabic,NA,3.64754379,1.294054006825946,0.06401886168408773,0.00409841465132635,16.635
2016-07-01,coffee_arabic,coffee_arabic,NA,3.786655312,1.3314831260288509,0.03742911920290458,0.00140093896430524,12.3075
2016-08-01,coffee_arabic,coffee_arabic,NA,3.693620348,1.3066071011839884,-0.0248760248448622,6.188166120822014e-4,11.22391304347826
2016-09-01,coffee_arabic,coffee_arabic,NA,3.88674506,1.3575720618621494,0.05096496067816117,0.00259742721692651,13.593333333333334
2016-10-01,coffee_arabic,coffee_arabic,NA,3.945387952,1.3725472896401991,0.01497522777804967,2.2425744700447055e-4,14.816190476190476
2016-11-01,coffee_arabic,coffee_arabic,NA,4.059146344,1.4009726914073657,0.02842540176716669,8.080034656248432e-4,15.33952380952381
2016-12-01,coffee_arabic,coffee_arabic,NA,3.566634236,1.2716223600481316,-0.12935033135923416,0.01673150822274367,11.956190476190477
2017-01-01,coffee_arabic,coffee_arabic,NA,3.717209782,1.3129733282482141,0.04135096820008268,0.00170990257108424,10.7905
2017-02-01,coffee_arabic,coffee_arabic,NA,3.66738537,1.2994789749228106,-0.0134943533254035,1.820975716708285e-4,10.510526315789471
2017-03-01,coffee_arabic,coffee_arabic,NA,3.53069893,1.261495848513492,-0.03798312640931865,0.00144271789182628,10.640869565217391
2017-04-01,coffee_arabic,coffee_arabic,NA,3.42597948,1.231387410391872,-0.03010843812162005,9.065180461234238e-4,11.57315789473684
2017-05-01,coffee_arabic,coffee_arabic,NA,3.30693,1.1960202665545807,-0.03536714383729136,0.00125083486320765,9.971363636363636
2017-06-01,coffee_arabic,coffee_arabic,NA,3.157456764,1.1497668820371187,-0.04625338451746204,0.00213937557932019,9.42318181818182
2017-07-01,coffee_arabic,coffee_arabic,NA,3.299434292,1.1937510271105374,0.0439841450734187,0.00193460501783954,8.8765
2017-08-01,coffee_arabic,coffee_arabic,NA,3.304284456,1.1952199463838116,0.00146891927327407,2.1577238313960326e-6,10.177391304347823
2017-09-01,coffee_arabic,coffee_arabic,NA,3.231091072,1.172819873384145,-0.02240007299966654,5.017632703903901e-4,8.6015
2017-10-01,coffee_arabic,coffee_arabic,NA,3.102120802,1.1320860072584893,-0.04073386612565579,0.00165924784954284,8.02
2017-11-01,coffee_arabic,coffee_arabic,NA,3.10630958,1.1334353913629596,0.00134938410447015,1.8208374613967253e-6,9.127142857142855
2017-12-01,coffee_arabic,coffee_arabic,NA,3.029588804,1.1084269020612547,-0.02500848930170472,6.254245371534795e-4,8.8275
2018-01-01,coffee_arabic,coffee_arabic,NA,3.060233022,1.1184910640453427,0.01006416198408795,1.012873564419611e-4,10.367619047619048
2018-02-01,coffee_arabic,coffee_arabic,NA,3.004456136,1.1000965652510908,-0.0183944987942521,3.38357585891742e-4,20.133157894736843
2018-03-01,coffee_arabic,coffee_arabic,NA,2.976898386,1.090881948431276,-0.00921461681981486,8.490916313601503e-5,18.04904761904762
2018-04-01,coffee_arabic,coffee_arabic,NA,2.961686508,1.0857588722970437,-0.00512307613423246,2.6245909077142265e-5,18.777142857142856
2018-05-01,coffee_arabic,coffee_arabic,NA,2.989685182,1.095168091558179,0.00940921926113557,8.853340710412466e-5,13.694545454545455
2018-06-01,coffee_arabic,coffee_arabic,NA,2.954852186,1.0834486279487303,-0.01171946360944858,1.3734582729318974e-4,12.694761904761904
2018-07-01,coffee_arabic,coffee_arabic,NA,2.87923372,1.0575241893006555,-0.02592443864807453,6.720765192177805e-4,11.917619047619048
2018-08-01,coffee_arabic,coffee_arabic,NA,2.760404702,1.0153773001391813,-0.04214688916147441,0.0017763602659896,10.972608695652172
2018-09-01,coffee_arabic,coffee_arabic,NA,2.671558516,0.982662015975168,-0.03271528416401328,0.00107028981793213,11.564736842105264
2018-10-01,coffee_arabic,coffee_arabic,NA,3.027825108,1.1078445756508553,0.12518255967568737,0.01567067324695702,19.855217391304347
2018-11-01,coffee_arabic,coffee_arabic,NA,3.022754482,1.1061684958268885,-0.00167607982396677,2.8092435763084854e-6,20.95047619047619
2018-12-01,coffee_arabic,coffee_arabic,NA,2.80207202,1.0303591506537333,-0.07580934517315513,0.00574705681558257,27.11578947368421
2019-01-01,coffee_arabic,coffee_arabic,NA,2.832054852,1.0410025442879711,0.0106433936342381,1.1328182805334012e-4,20.525238095238095
2019-02-01,coffee_arabic,coffee_arabic,NA,2.83183439,1.0409246960142176,-7.784827375384993e-5,6.0603537264543605e-9,15.287368421052632
2019-03-01,coffee_arabic,coffee_arabic,NA,2.731303718,1.0047790475859724,-0.03614564842824512,0.00130650790029829,14.717619047619047
2019-04-01,coffee_arabic,coffee_arabic,NA,2.670456206,0.9822493214870356,-0.02252972609893663,5.075885580931063e-4,12.57
2019-05-01,coffee_arabic,coffee_arabic,NA,2.65766941,0.977449577085505,-0.00479974440153067,2.3037546320025033e-5,17.937272727272727
2019-06-01,coffee_arabic,coffee_arabic,NA,2.860053526,1.050840340041246,0.07339076295574108,0.00538620408722577,16.889
2019-07-01,coffee_arabic,coffee_arabic,NA,2.986598714,1.0941351860509698,0.04329484600972397,0.00187444369100571,13.022272727272728
2019-08-01,coffee_arabic,coffee_arabic,NA,2.782891826,1.0234906122230951,-0.07064457382787459,0.00499065581132202,20.66590909090909
2019-09-01,coffee_arabic,coffee_arabic,NA,2.841534718,1.0443442998750132,0.02085368765191778,4.348762886837483e-4,16.092
2019-10-01,coffee_arabic,coffee_arabic,NA,2.799646938,1.029493315659267,-0.01485098421574626,2.2055173217634468e-4,16.411739130434782
2019-11-01,coffee_arabic,coffee_arabic,NA,3.108073276,1.1340030088040545,0.1045096931447874,0.01092227596121762,12.7645
2019-12-01,coffee_arabic,coffee_arabic,NA,3.455080464,1.2398457460946102,0.10584273729055577,0.0112026850371576,13.598571428571429
2020-01-01,coffee_arabic,coffee_arabic,NA,3.134749178,1.142549163866608,-0.09729658222800232,0.00946662491325041,14.055714285714286
2020-02-01,coffee_arabic,coffee_arabic,NA,2.9872601,1.0943566127780804,-0.04819255108852749,0.00232252198042033,20.178421052631577
2020-03-01,coffee_arabic,coffee_arabic,NA,3.270112846,1.184824493793846,0.09046788101576544,0.00818443749548269,63.317727272727275
2020-04-01,coffee_arabic,coffee_arabic,NA,3.406578824,1.2257085102564054,0.04088401646255963,0.00167150280211084,43.6047619047619
2020-05-01,coffee_arabic,coffee_arabic,NA,3.303402608,1.194953030594158,-0.03075547966224747,9.458995292549184e-4,31.078
2020-06-01,coffee_arabic,coffee_arabic,NA,3.119978224,1.1378260223098549,-0.05712700828430315,0.00326349507551484,29.99681818181818
2020-07-01,coffee_arabic,coffee_arabic,NA,3.235941236,1.1743198395752417,0.03649381726538693,0.00133179869859945,24.80090909090909
2020-08-01,coffee_arabic,coffee_arabic,NA,3.59904215,1.2806677406148654,0.10634790103962365,0.01130987605553358,20.337619047619047
2020-09-01,coffee_arabic,coffee_arabic,NA,3.672015072,1.3007405773249838,0.02007283671011841,4.029187735910775e-4,28.017142857142854
2020-10-01,coffee_arabic,coffee_arabic,NA,3.352345172,1.2096601522586157,-0.0910804250663682,0.00829564383027031,30.815
2020-11-01,coffee_arabic,coffee_arabic,NA,3.323023726,1.200875129280763,-0.0087850229778527,7.717662872139994e-5,25.357
2020-12-01,coffee_arabic,coffee_arabic,NA,3.479110822,1.2467767502183662,0.04590162093760344,0.00210695880469943,21.704090909090908
2021-01-01,coffee_arabic,coffee_arabic,NA,3.542383416,1.2647997819494063,0.01802303173103999,3.248296727780745e-4,23.288947368421052
2021-02-01,coffee_arabic,coffee_arabic,NA,3.669149066,1.29995977305696,0.03515999110755383,0.00123622497468326,21.877894736842105
2021-03-01,coffee_arabic,coffee_arabic,NA,3.68281771,1.3036781412610905,0.00371836820413051,1.3826262101488778e-5,21.119565217391305
2021-04-01,coffee_arabic,coffee_arabic,NA,3.71809163,1.313210533965984,0.00953239270489367,9.086651068031015e-5,16.409523809523808
2021-05-01,coffee_arabic,coffee_arabic,NA,4.110734452,1.4136017113268724,0.1003911773608884,0.01007838849190535,18.599
2021-06-01,coffee_arabic,coffee_arabic,NA,4.243011652,1.4452733123865795,0.03167160105970712,0.00100309031368524,14.940454545454545
2021-07-01,coffee_arabic,coffee_arabic,NA,4.503818198,1.504925525457887,0.05965221307130739,0.00355838652430465,15.47095238095238
2021-08-01,coffee_arabic,coffee_arabic,NA,4.767270288,1.561773874426517,0.05684834896863005,0.00323173478045914,15.008181818181818
2021-09-01,coffee_arabic,coffee_arabic,NA,4.972299948,1.6038824992624665,0.04210862483594951,0.00177313628557474,17.5625
1990-01-01,copper,Copper,NA,2366.64,7.769226506692183,-0.02171763265899178,4.716555683109066e-4,23.49909090909091
1990-02-01,copper,Copper,NA,2360.16,7.766484692331739,-0.00274181436044446,7.517545987139467e-6,23.326842105263157
1990-03-01,copper,Copper,NA,2625.61,7.873068528981833,0.1065838366500949,0.01136011423505411,18.831363636363637
1990-04-01,copper,Copper,NA,2686.15,7.895864220646762,0.02279569166492761,5.196435584824504e-4,20.4575
1990-05-01,copper,Copper,NA,2741.95,7.91642462509094,0.02056040444417907,4.227302309082187e-4,18.151818181818182
1990-06-01,copper,Copper,NA,2584.56,7.857310559688735,-0.05911406540220527,0.0034944727283762,17.582857142857144
1990-07-01,copper,Copper,NA,2769.49,7.926418466706575,0.06910790701783952,0.00477590281238635,18.93285714285714
1990-08-01,copper,Copper,NA,2957.03,7.9919406652186655,0.06552219851209112,0.00429315849785787,27.77521739130435
1990-09-01,copper,Copper,NA,3031.37,8.01676994153109,0.02482927631242379,6.164929621986891e-4,28.818947368421053
1990-10-01,copper,Copper,NA,2743.56,7.917011626134136,-0.09975831539695376,0.0099517214908381,30.130434782608695
1990-11-01,copper,Copper,NA,2585.89,7.857825021690818,-0.05918660444331816,0.0035030541455298,25.106666666666666
1990-12-01,copper,Copper,NA,2485.38,7.818180844345069,-0.03964417734574842,0.00157166079742115,22.5845
1991-01-01,copper,Copper,NA,2448.52,7.803239039375297,-0.01494180496977204,2.2325753575470463e-4,26.93181818181818
1991-02-01,copper,Copper,NA,2449.38,7.803590210288888,3.5117091359071836e-4,1.2332101055213978e-7,22.11263157894737
1991-03-01,copper,Copper,NA,2409.63,7.787228487727274,-0.01636172256161358,2.67705965183215e-4,19.041052631578943
1991-04-01,copper,Copper,NA,2472.04,7.81279899967644,0.02557051194916565,6.538510813424235e-4,18.92727272727273
1991-05-01,copper,Copper,NA,2305.88,7.743217661313654,-0.06958133836278615,0.00484156264835653,17.180454545454545
1991-06-01,copper,Copper,NA,2219.28,7.704938097937493,-0.03827956337616107,0.00146532497226953,17.575
1991-07-01,copper,Copper,NA,2236.28,7.712569050048764,0.00763095211127036,5.8231430124501566e-5,17.669545454545453
1991-08-01,copper,Copper,NA,2233.19,7.711186335546904,-0.00138271450186009,1.911899393654201e-6,15.932727272727272
1991-09-01,copper,Copper,NA,2324.57,7.751290354680234,0.04010401913333016,0.00160833235064651,17.029
1991-10-01,copper,Copper,NA,2363.64,7.767958082665603,0.01666772798537003,2.7781315619428723e-4,16.846363636363638
1991-11-01,copper,Copper,NA,2379.84,7.774788537514936,0.00683045484933193,4.66551134487622e-5,17.6815
1991-12-01,copper,Copper,NA,2223.14,7.706675889938883,-0.06811264757605245,0.00463933275981952,18.018571428571427
1992-01-01,copper,Copper,NA,2139.23,7.668201230183525,-0.03847465975535773,0.00148029944329054,17.499545454545455
1992-02-01,copper,Copper,NA,2205.97,7.698922600446271,0.03072137026274603,9.438025908207362e-4,17.050526315789472
1992-03-01,copper,Copper,NA,2227.33,7.708558837689555,0.00963623724328422,9.28570682088579e-5,16.222727272727273
1992-04-01,copper,Copper,NA,2215.33,7.703156655580838,-0.00540218210871746,2.9183571535747096e-5,16.18857142857143
1992-05-01,copper,Copper,NA,2216.52,7.703693677379229,5.370217983907085e-4,2.883924119467908e-7,14.728
1992-06-01,copper,Copper,NA,2299.2,7.740316515324761,0.03662283794553158,0.00134123225918466,14.75318181818182
1992-07-01,copper,Copper,NA,2520.32,7.832141156570652,0.0918246412458911,0.0084317647399366,13.303636363636365
1992-08-01,copper,Copper,NA,2521.64,7.832664762481907,5.236059112558681e-4,2.74163150302088e-7,14.422380952380951
1992-09-01,copper,Copper,NA,2414.06,7.789065256361024,-0.04359950612088361,0.00190091693398496,14.258571428571427
1992-10-01,copper,Copper,NA,2249.15,7.7183076460446864,-0.07075761031633694,0.00500663941767859,17.478636363636365
1992-11-01,copper,Copper,NA,2158.32,7.67708542027437,-0.0412222257703169,0.00169927189745897,14.594
1992-12-01,copper,Copper,NA,2206.82,7.69930784425371,0.02222242397933982,4.938361275175374e-4,12.781363636363636
1993-01-01,copper,Copper,NA,2256.85,7.721725314706453,0.02241747045274333,5.025429814996204e-4,12.5745
1993-02-01,copper,Copper,NA,2212.6,7.70192357360081,-0.01980174110564256,3.9210895081489417e-4,13.505263157894737
1993-03-01,copper,Copper,NA,2152.59,7.674427047274485,-0.02749652632632551,7.560589600143117e-4,13.657391304347826
1993-04-01,copper,Copper,NA,1949.88,7.575523111202685,-0.09890393607179966,0.00978198857049463,13.49952380952381
1993-05-01,copper,Copper,NA,1794.5,7.492481710587662,-0.08304140061502326,0.00689587421610478,13.535
1993-06-01,copper,Copper,NA,1853.42,7.52478786007311,0.03230614948544869,0.00104368729457615,13.002272727272729
1993-07-01,copper,Copper,NA,1927.16,7.563802695585056,0.03901483551194498,0.00152215739002412,11.99952380952381
1993-08-01,copper,Copper,NA,1947.45,7.574276103474372,0.01047340788931634,1.096922728159939e-4,11.952272727272728
1993-09-01,copper,Copper,NA,1861.86,7.52933126704033,-0.0449448364340417,0.00202003832208276,12.621428571428572
1993-10-01,copper,Copper,NA,1646.4,7.406346365079785,-0.12298490196054522,0.01512528611024491,11.377142857142855
1993-11-01,copper,Copper,NA,1630.02,7.396347563664183,-0.00999880141560201,9.997602974864474e-5,13.370952380952382
1993-12-01,copper,Copper,NA,1724.19,7.452512653967799,0.05616509030361508,0.00315451736881323,10.864545454545455
1994-01-01,copper,Copper,NA,1805.35,7.498509757786852,0.04599710381905432,0.00211573355974086,10.605238095238096
1994-02-01,copper,Copper,NA,1866.4,7.53176672070722,0.0332569629203675,0.00110602558268669,12.885263157894736
1994-03-01,copper,Copper,NA,1914.87,7.557405014192954,0.02563829348573362,6.573220928606114e-4,14.240869565217391
1994-04-01,copper,Copper,NA,1881.82,7.539994672638198,-0.01741034155475596,3.0311999305326226e-4,15.334736842105263
1994-05-01,copper,Copper,NA,2150.6,7.673502151956426,0.13350747931822796,0.01782424703390706,13.39
1994-06-01,copper,Copper,NA,2364.2,7.768194977316276,0.0946928253598506,0.00896673117463116,12.94590909090909
1994-07-01,copper,Copper,NA,2458.19,7.807180585755358,0.03898560843908102,0.00151987766536534,12.1635
1994-08-01,copper,Copper,NA,2406.23,7.78581648631324,-0.02136409944211723,4.5642474497267386e-4,11.39304347826087
1994-09-01,copper,Copper,NA,2505.93,7.826415202104987,0.04059871579174683,0.00164825572393903,12.612380952380953
1994-10-01,copper,Copper,NA,2547.67,7.842934494960677,0.01651929285569026,2.728870364520595e-4,15.04952380952381
1994-11-01,copper,Copper,NA,2802.45,7.938249313573956,0.09531481861327844,0.00908491464728217,16.249523809523808
1994-12-01,copper,Copper,NA,2985.3,8.001455523289227,0.06320620971527001,0.00399502494657069,13.806666666666668
1995-01-01,copper,Copper,NA,3008.93,8.009339812816739,0.00788428952751332,6.21620213536563e-5,11.711904761904762
1995-02-01,copper,Copper,NA,2877.65,7.96472926782123,-0.04461054499550902,0.00199010072479633,11.197368421052632
1995-03-01,copper,Copper,NA,2924.04,7.980721500666661,0.01599223284543064,2.5575151138247085e-4,11.971304347826086
1995-04-01,copper,Copper,NA,2903.5,7.973672184812105,-0.00704931585455654,4.969285401730233e-5,12.51684210526316
1995-05-01,copper,Copper,NA,2773.31,7.9277968316502125,-0.04587535316189185,0.0021045480277283,12.458636363636364
1995-06-01,copper,Copper,NA,2994.64,8.00457930299102,0.07678247134080814,0.00589554790520202,13.17909090909091
1995-07-01,copper,Copper,NA,3075.67,8.031278042685734,0.02669873969471314,7.128227012860513e-4,14.0765
1995-08-01,copper,Copper,NA,3036.84,8.01857278008861,-0.01270526259712496,1.6142369766190264e-4,13.348695652173912
1995-09-01,copper,Copper,NA,2915.52,7.977803470525494,-0.04076930956311538,0.00166213660225313,12.237
1995-10-01,copper,Copper,NA,2813.55,7.94220231017446,-0.03560116035103365,0.00126744261834001,14.237727272727271
1995-11-01,copper,Copper,NA,2977.36,7.99879228081251,0.05658997063804984,0.00320242477681534,12.971904761904762
1995-12-01,copper,Copper,NA,2926.26,7.981480436142298,-0.01731184467021246,2.996999658855636e-4,12.288
1996-01-01,copper,Copper,NA,2616.41,7.869558428125313,-0.11192200801698486,0.01252653587855402,14.150454545454544
1996-02-01,copper,Copper,NA,2537.71,7.839017378546426,-0.03054104957888573,9.327557093799564e-4,16.238
1996-03-01,copper,Copper,NA,2561.02,7.848160895618466,0.0091435170720387,8.360390444666316e-5,19.081904761904763
1996-04-01,copper,Copper,NA,2595.78,7.861642328470144,0.01348143285167838,1.8174903173431327e-4,17.512857142857143
1996-05-01,copper,Copper,NA,2658.26,7.8854270523975325,0.02378472392738905,5.657130923021135e-4,16.96681818181818
1996-06-01,copper,Copper,NA,2173.4,7.684048040628752,-0.2013790117687815,0.04055350638097104,17.6755
1996-07-01,copper,Copper,NA,1985.57,7.593661305552964,-0.09038673507578666,0.00816976187766044,19.341818181818184
1996-08-01,copper,Copper,NA,2008.57,7.605178305071536,0.01151699951857175,1.326412779107821e-4,16.478181818181817
1996-09-01,copper,Copper,NA,1941.45,7.571190395556557,-0.03398790951497938,0.00115517799319842,17.2785
1996-10-01,copper,Copper,NA,1961.17,7.581296512902994,0.01010611734643738,1.0213360781996253e-4,17.401304347826088
1996-11-01,copper,Copper,NA,2230.86,7.710142440334446,0.12884592743145107,0.01660127301567075,17.1635
1996-12-01,copper,Copper,NA,2268.08,7.726688937594159,0.01654649725971353,2.7378657156570756e-4,20.118
1997-01-01,copper,Copper,NA,2434.93,7.79767328767021,0.07098435007605115,0.00503877795571938,21.031363636363636
1997-02-01,copper,Copper,NA,2405.85,7.785658550451497,-0.01201473721871319,1.4435391043473214e-4,21.647894736842105
1997-03-01,copper,Copper,NA,2421.29,7.792055734977104,0.0063971845256081,4.092396985467984e-5,22.3035
1997-04-01,copper,Copper,NA,2391.18,7.779542246933412,-0.0125134880436934,1.5658738301965774e-4,21.507727272727273
1997-05-01,copper,Copper,NA,2514.33,7.829761645452175,0.05021939851876388,0.00252198798758642,21.927619047619046
1997-06-01,copper,Copper,NA,2612.62,7.868108828232532,0.03834718278035675,0.00147050642719008,22.743333333333332
1997-07-01,copper,Copper,NA,2450.46,7.80403104101703,-0.0640777872155016,0.0041059628144351,23.24772727272727
1997-08-01,copper,Copper,NA,2251.2,7.719218686360125,-0.08481235465690569,0.00719313550244875,25.153809523809525
1997-09-01,copper,Copper,NA,2107.3,7.653162786203168,-0.0660559001569573,0.00436338194554591,25.59285714285714
1997-10-01,copper,Copper,NA,2052.26,7.626696903917199,-0.02646588228596879,7.004429251747568e-4,25.615652173913045
1997-11-01,copper,Copper,NA,1917.45,7.55875145728214,-0.06794544663505794,0.0046165837184375,31.545263157894738
1997-12-01,copper,Copper,NA,1762.33,7.4743920761337375,-0.08435938114840259,0.00711650518774146,26.473181818181818
1998-01-01,copper,Copper,NA,1688.45,7.431566227305447,-0.04282584882829111,0.00183405332786364,24.4275
1998-02-01,copper,Copper,NA,1664.8,7.417460275079424,-0.01410595222602206,1.9897788820281696e-4,20.386315789473684
1998-03-01,copper,Copper,NA,1747.98,7.466216114502427,0.04875583942300268,0.00237713187784162,20.543181818181814
1998-04-01,copper,Copper,NA,1800.9,7.4960418189259075,0.02982570442347981,8.89572644356783e-4,22.53809523809524
1998-05-01,copper,Copper,NA,1732.53,7.457338046931453,-0.03870377199445338,0.00149798196659863,21.4485
1998-06-01,copper,Copper,NA,1660.52,7.414886085309156,-0.04245196162229764,0.00180216904558103,21.996363636363636
1998-07-01,copper,Copper,NA,1651.04,7.409160671367404,-0.00572541394175193,3.278036480440745e-5,20.25181818181818
1998-08-01,copper,Copper,NA,1620.93,7.39075533758302,-0.0184053337843846,3.387563117146093e-4,31.48857142857143
1998-09-01,copper,Copper,NA,1647.64,7.407099240004541,0.01634390242152157,2.671231463642188e-4,39.247142857142855
1998-10-01,copper,Copper,NA,1586.39,7.369216273605285,-0.0378829663992562,0.00143511914320717,37.45409090909091
1998-11-01,copper,Copper,NA,1573.95,7.36134366227203,-0.00787261133325524,6.197800920449884e-5,25.038
1998-12-01,copper,Copper,NA,1473.57,7.29544330698762,-0.06590035528440938,0.00434285682661138,25.47681818181818
1999-01-01,copper,Copper,NA,1431.18,7.266254557809557,-0.02918874917806352,8.519830785799037e-4,28.616842105263157
1999-02-01,copper,Copper,NA,1410.78,7.25189802190757,-0.01435653590198722,2.0611012310504823e-4,29.93842105263158
1999-03-01,copper,Copper,NA,1378.35,7.228642410615004,-0.02325561129256609,5.408234565909276e-4,26.475652173913044
1999-04-01,copper,Copper,NA,1466,7.290292882446597,0.06165047183159326,0.00380078067705807,24.693809523809524
1999-05-01,copper,Copper,NA,1511.16,7.320632846805755,0.03033996435915861,9.205134373150152e-4,27.3765
1999-06-01,copper,Copper,NA,1422.48,7.260157106147693,-0.06047574065806298,0.00365731520814129,24.123636363636365
1999-07-01,copper,Copper,NA,1640,7.402451520818244,0.14229441467055168,0.02024770044643491,21.486666666666668
1999-08-01,copper,Copper,NA,1647.62,7.4070871013569075,0.00463558053866348,2.1488606930435683e-5,24.90909090909091
1999-09-01,copper,Copper,NA,1750.34,7.46756533376082,0.06047823240391273,0.00365761659470168,25.58
1999-10-01,copper,Copper,NA,1724.12,7.452472054369728,-0.01509327939109157,2.278070827775496e-4,25.37
1999-11-01,copper,Copper,NA,1727.55,7.454459498783026,0.00198744441329753,3.949935295947566e-6,22.22952380952381
1999-12-01,copper,Copper,NA,1764.75,7.475764316275582,0.02130481749255542,4.538952483910955e-4,23.222272727272728
2000-01-01,copper,Copper,NA,1843.98,7.519681558070737,0.04391724179515461,0.00192872412689407,24.9385
2000-02-01,copper,Copper,NA,1800.83,7.496002948716308,-0.02367860935442776,5.60676540959594e-4,25.456
2000-03-01,copper,Copper,NA,1739.39,7.461289756030251,-0.03471319268605793,0.00120500574645938,24.810434782608695
2000-04-01,copper,Copper,NA,1678.75,7.425804747837447,-0.03548500819280317,0.0012591858064433,29.833157894736843
2000-05-01,copper,Copper,NA,1785.62,7.48752097284111,0.06171622500366279,0.00380889242870273,29.42909090909091
2000-06-01,copper,Copper,NA,1753.18,7.469186560767973,-0.01833441207313745,3.361506660676085e-4,24.31772727272727
2000-07-01,copper,Copper,NA,1799.36,7.495186325103837,0.02599976433586408,6.759877455204698e-4,22.66
2000-08-01,copper,Copper,NA,1855.86,7.5261034794666,0.03091715436276276,9.558704338909004e-4,20.484347826086957
2000-09-01,copper,Copper,NA,1960.41,7.580908914022179,0.05480543455557894,0.00300363565682584,22.3365
2000-10-01,copper,Copper,NA,1898.59,7.548866784394956,-0.03204212962722194,0.00102669807104769,28.21409090909091
2000-11-01,copper,Copper,NA,1795.11,7.492821580381802,-0.05604520401315428,0.00314106489287608,29.21190476190476
2000-12-01,copper,Copper,NA,1850.55,7.523238171185583,0.03041659080378124,9.251689961246696e-4,30.1045
2001-01-01,copper,Copper,NA,1787.5,7.488573274568163,-0.03466489661742061,0.00120165505749645,27.83
2001-02-01,copper,Copper,NA,1765.65,7.476274173526599,-0.01229910104156329,1.5126788643058322e-4,26.159473684210525
2001-03-01,copper,Copper,NA,1738.77,7.460933245687675,-0.01534092783892479,2.3534406695909773e-4,32.42318181818182
2001-04-01,copper,Copper,NA,1664.16,7.417075770604823,-0.04385747508285154,0.00192347812064294,32.245
2001-05-01,copper,Copper,NA,1682.21,7.42786368410703,0.01078791350220666,1.1637907773109275e-4,26.095
2001-06-01,copper,Copper,NA,1608.45,7.383026261334264,-0.04483742277276546,0.0020103944809037,23.30047619047619
2001-07-01,copper,Copper,NA,1525.21,7.329887384479093,-0.05313887685517148,0.00282374023342908,24.85904761904762
2001-08-01,copper,Copper,NA,1464.43,7.289221367242196,-0.04066601723689657,0.00165372495791156,24.260434782608694
2001-09-01,copper,Copper,NA,1426.33,7.262859990751352,-0.026361376490845,6.949221704920754e-4,38.55133333333333
2001-10-01,copper,Copper,NA,1377.28,7.227865818653256,-0.03499417209809591,0.00122459208083115,34.44695652173913
2001-11-01,copper,Copper,NA,1427.73,7.263841049392227,0.03597523073897159,0.00129421722672224,28.25428571428571
2001-12-01,copper,Copper,NA,1471.74,7.294200653253046,0.03035960386081942,9.217055465858816e-4,24.5395
2002-01-01,copper,Copper,NA,1503.96,7.315856908411432,0.02165625515838452,4.689933874850564e-4,23.615238095238094
2002-02-01,copper,Copper,NA,1561.9,7.353658307863677,0.03780139945224568,0.00142894580054824,24.66842105263158
2002-03-01,copper,Copper,NA,1604.88,7.380804266413833,0.02714595855015598,7.369030656067868e-4,21.014
2002-04-01,copper,Copper,NA,1590.33,7.371696820849154,-0.00910744556467861,8.294556471358415e-5,21.814545454545453
2002-05-01,copper,Copper,NA,1595.68,7.375055256653558,0.00335843580440348,1.1279091052299304e-5,22.63
2002-06-01,copper,Copper,NA,1647.53,7.407032475619067,0.0319772189655094,0.00102254253276813,28.599
2002-07-01,copper,Copper,NA,1589.46,7.371149614887937,-0.03588286073112982,0.00128757969424965,38.49727272727273
2002-08-01,copper,Copper,NA,1479.55,7.299493266470301,-0.07165634841763653,0.00513463226854972,37.25272727272727
2002-09-01,copper,Copper,NA,1478.71,7.298925365053538,-5.679014167624436e-4,3.225120191607907e-7,41.656
2002-10-01,copper,Copper,NA,1483.76,7.302334685581031,0.00340932052749311,1.1623466459185927e-5,41.39739130434783
2002-11-01,copper,Copper,NA,1582.29,7.366628443790917,0.06429375820988605,0.00413368734475129,32.005
2002-12-01,copper,Copper,NA,1595.68,7.375055256653558,0.00842681286264029,7.101117502195995e-5,31.830952380952382
2003-01-01,copper,Copper,NA,1647.66,7.40711137850483,0.03205612185127179,0.00102759494814358,30.66857142857143
2003-02-01,copper,Copper,NA,1683.8,7.428808422903564,0.021697044398734,4.707617356406344e-4,36.54052631578948
2003-03-01,copper,Copper,NA,1658.976,7.413955823539691,-0.0148525993638726,2.20599707863709e-4,35.194761904761904
2003-04-01,copper,Copper,NA,1587.475,7.369899982611349,-0.0440558409283419,0.00194091711990336,27.14238095238095
2003-05-01,copper,Copper,NA,1648.275,7.407484565480384,0.03758458286903526,0.00141260086943937,22.548571428571428
2003-06-01,copper,Copper,NA,1686.5,7.430410654501705,0.02292608902132065,5.256055578135194e-4,22.34904761904762
2003-07-01,copper,Copper,NA,1710,7.444248649496705,0.01383799499500061,1.9149010548166195e-4,21.206818181818186
2003-08-01,copper,Copper,NA,1760.275,7.473225325826438,0.02897667632973206,8.396477711180545e-4,20.829047619047618
2003-09-01,copper,Copper,NA,1789.523,7.48970438287565,0.01647905704921233,2.715593212311946e-4,20.682380952380953
2003-10-01,copper,Copper,NA,1920.543,7.560363237537911,0.0706588546622607,0.00499267374218248,19.184347826086956
2003-11-01,copper,Copper,NA,2055.425,7.6282379181996145,0.06787468066170421,0.00460697227492832,17.838947368421053
2003-12-01,copper,Copper,NA,2201.286,7.696797014020808,0.06855909582119289,0.0047003496198195,16.375454545454545
2004-01-01,copper,Copper,NA,2423.571,7.792997351328342,0.09620033730753429,0.00925450489808337,15.834
2004-02-01,copper,Copper,NA,2759.525,7.922813842450767,0.1298164911224246,0.01685232136733854,15.924736842105265
2004-03-01,copper,Copper,NA,3008.717,8.009269021027162,0.08645517857639524,0.00747449790267639,17.73304347826087
2004-04-01,copper,Copper,NA,2948.725,7.989128152517229,-0.02014086850993238,4.056545843343861e-4,15.788095238095238
2004-05-01,copper,Copper,NA,2733.5,7.913338118335054,-0.07579003418217532,0.0057441292813353,18.076
2004-06-01,copper,Copper,NA,2686.705,7.896070814720852,-0.01726730361420201,2.98159774105034e-4,15.045238095238096
2004-07-01,copper,Copper,NA,2808.432,7.940381599466442,0.04431078474559014,0.00196344564477002,15.668571428571427
2004-08-01,copper,Copper,NA,2846.095,7.953703158275404,0.01332155880896242,1.774639291006445e-4,16.592727272727274
2004-09-01,copper,Copper,NA,2894.864,7.97069341135612,0.01699025308071612,2.8866869974678364e-4,13.880476190476193
2004-10-01,copper,Copper,NA,3012.238,8.010438603062362,0.0397451917062403,0.00157968026376579,15.184761904761904
2004-11-01,copper,Copper,NA,3122.795,8.046483713117661,0.03604511005529981,0.00129924995889867,14.05
2004-12-01,copper,Copper,NA,3145.452,8.053712878998562,0.00722916588090217,5.226083933360013e-5,13.014090909090909
2005-01-01,copper,Copper,NA,3170,8.061486866871327,0.00777398787276353,6.0434887445874577e-5,13.512
2005-02-01,copper,Copper,NA,3253.7,8.087548089306338,0.02606122243501281,6.791873148072152e-4,11.562631578947368
2005-03-01,copper,Copper,NA,3379.49,8.125480089518424,0.03793200021208551,0.00143883664008965,12.880454545454546
2005-04-01,copper,Copper,NA,3394.476,8.129904683455992,0.00442459393756676,1.9577031512352575e-5,14.057142857142855
2005-05-01,copper,Copper,NA,3249.1,8.086133313896585,-0.04377136955940697,0.00191593279310617,13.17904761904762
2005-06-01,copper,Copper,NA,3524.068,8.167371283124156,0.08123796922757182,0.0065996076442199,11.241818181818182
2005-07-01,copper,Copper,NA,3614.214,8.192629683566212,0.0252584004420557,6.379867928912396e-4,10.489
2005-08-01,copper,Copper,NA,3797.75,8.242164065087772,0.04953438152156002,0.00245365495272346,11.985217391304348
2005-09-01,copper,Copper,NA,3857.841,8.257862979552629,0.01569891446485713,2.464559153749005e-4,11.959047619047618
2005-10-01,copper,Copper,NA,4059.762,8.308879630187864,0.05101665063523424,0.00260269864203754,14.582380952380952
2005-11-01,copper,Copper,NA,4269.341,8.359214761759484,0.05033513157161972,0.00253362547033226,11.606190476190475
2005-12-01,copper,Copper,NA,4576.775,8.42874988060764,0.06953511884815693,0.0048351327532273,10.923809523809524
2006-01-01,copper,Copper,NA,4734.333,8.462596129805355,0.03384624919771534,0.00114556858475384,11.7115
2006-02-01,copper,Copper,NA,4982.4,8.513666981639679,0.05107085183432378,0.00260823190708345,11.867368421052632
2006-03-01,copper,Copper,NA,5102.848,8.53755409422019,0.02388711258051195,5.705941474340524e-4,11.19086956521739
2006-04-01,copper,Copper,NA,6387.778,8.762141756069775,0.2245876618495845,0.05043961785506332,11.163684210526316
2006-05-01,copper,Copper,NA,8045.857,8.992912579545433,0.2307708234756564,0.05325517296763256,13.488181818181818
2006-06-01,copper,Copper,NA,7197.614,8.881504861193825,-0.11140771835160589,0.01241167970831074,15.891363636363636
2006-07-01,copper,Copper,NA,7712.095,8.95054515467924,0.06904029348541427,0.00476656212455213,14.522
2006-08-01,copper,Copper,NA,7695.659,8.948411682632074,-0.00213347204716745,4.551702976044898e-6,12.560434782608697
2006-09-01,copper,Copper,NA,7602.357,8.936213609772512,-0.01219807285956041,1.4879298148714435e-4,11.397
2006-10-01,copper,Copper,NA,7500.386,8.922709764866704,-0.01350384490580723,1.8235382724009593e-4,10.808636363636364
2006-11-01,copper,Copper,NA,7029.182,8.857825619570812,-0.06488414529589266,0.00420995231077851,10.484285714285717
2006-12-01,copper,Copper,NA,6675.105,8.80614021348181,-0.05168540608900404,0.00267138120258525,10.499
2007-01-01,copper,Copper,NA,5669.659,8.642884253819775,-0.16325595966203316,0.0266525083651714,10.627
2007-02-01,copper,Copper,NA,5676.45,8.644081316321278,0.00119706250150342,1.4329586325056358e-6,10.920526315789472
2007-03-01,copper,Copper,NA,6452.477,8.772219367076536,0.12813805075525747,0.01641936005135694,14.921363636363637
2007-04-01,copper,Copper,NA,7766.474,8.957571543711033,0.1853521766344979,0.03435542938314611,12.246
2007-05-01,copper,Copper,NA,7681.42,8.946559704883922,-0.01101183882711076,1.2126059435426422e-4,12.965
2007-06-01,copper,Copper,NA,7474.38,8.919236451675102,-0.02732325320882162,7.465601659133809e-4,14.881904761904762
2007-07-01,copper,Copper,NA,7972.57,8.983762179027542,0.06452572735244051,0.00416356949036149,17.247619047619047
2007-08-01,copper,Copper,NA,7513.5,8.92445668146578,-0.05930549756176113,0.00351714204104805,25.12
2007-09-01,copper,Copper,NA,7648.975,8.942326930915426,0.01787024944964548,3.1934581539255465e-4,22.182105263157897
2007-10-01,copper,Copper,NA,8008.435,8.988250640199063,0.04592370928363597,0.00210898707436791,18.859565217391303
2007-11-01,copper,Copper,NA,6966.705,8.848897651662,-0.13935298853706352,0.01941925541421095,26.65714285714286
2007-12-01,copper,Copper,NA,6587.667,8.792954543571929,-0.05594310809007023,0.00312963134277728,23.0965
2008-01-01,copper,Copper,NA,7061.023,8.862345220840032,0.06939067726810313,0.00481506609172604,27.98952380952381
2008-02-01,copper,Copper,NA,7887.69,8.973058595307359,0.11071337446732632,0.01225745128594242,27.1565
2008-03-01,copper,Copper,NA,8439.289,9.04065334233531,0.0675947470279515,0.00456904982577275,29.009
2008-04-01,copper,Copper,NA,8684.932,9.069344849053303,0.02869150671799476,8.232025577487386e-4,22.526818181818182
2008-05-01,copper,Copper,NA,8382.75,9.03393130193383,-0.03541354711947416,0.00125411931958321,18.61
2008-06-01,copper,Copper,NA,8260.595,9.019251897819013,-0.0146794041148185,2.1548490516615056e-4,23.19142857142857
2008-07-01,copper,Copper,NA,8414.043,9.037657374667477,0.01840547684846424,3.3876157801935317e-4,25.66227272727273
2008-08-01,copper,Copper,NA,7634.7,8.940458924149908,-0.09719845051756794,0.0094475387830161,22.25952380952381
2008-09-01,copper,Copper,NA,6990.864,8.852359432739583,-0.08809949141032511,0.00776152038675794,33.21142857142857
2008-10-01,copper,Copper,NA,4925.696,8.502220863418442,-0.3501385693211416,0.1225970177262559,65.44652173913043
2008-11-01,copper,Copper,NA,3717,8.220672170297252,-0.2815486931211895,0.07926966659824974,65.42684210526316
2008-12-01,copper,Copper,NA,3071.976,8.030076281737045,-0.19059588856020707,0.03632679273605487,55.07545454545455
2009-01-01,copper,Copper,NA,3220.69,8.077350901296835,0.04727461955979038,0.00223488965452291,44.2915
2009-02-01,copper,Copper,NA,3314.725,8.106129942919475,0.02877904162263974,8.282332367176306e-4,45.38947368421053
2009-03-01,copper,Copper,NA,3749.75,8.22944445007547,0.1233145071559936,0.01520646767512559,46.09045454545455
2009-04-01,copper,Copper,NA,4406.55,8.390847349349276,0.16140289927380733,0.02605089589399079,38.89857142857143
2009-05-01,copper,Copper,NA,4568.632,8.42696909553117,0.03612174618189438,0.0013047805472292,32.11
2009-06-01,copper,Copper,NA,5013.955,8.519980303807602,0.09301120827643072,0.00865108486504157,27.935454545454547
2009-07-01,copper,Copper,NA,5215.543,8.559398484737393,0.03941818092979174,0.00155379298781379,25.924545454545456
2009-08-01,copper,Copper,NA,6165.3,8.726692076214984,0.16729359147759132,0.02798714574947121,24.306190476190476
2009-09-01,copper,Copper,NA,6196.432,8.731728921507814,0.00503684529283051,2.53698105039089e-5,23.85761904761905
2009-10-01,copper,Copper,NA,6287.977,8.746394676341538,0.01466575483372362,2.150843648428878e-4,23.250454545454545
2009-11-01,copper,Copper,NA,6675.595,8.806213617872622,0.05981894153108397,0.00357830576589924,22.546
2009-12-01,copper,Copper,NA,6981.714,8.85104972435106,0.04483610647843829,0.00201027644414585,19.845454545454544
2010-01-01,copper,Copper,NA,7386.25,8.907375442659884,0.05632571830882359,0.00317258654300494,19.527368421052632
2010-02-01,copper,Copper,NA,6848.175,8.8317374724016,-0.07563797025828527,0.00572110254479324,21.771052631578947
2010-03-01,copper,Copper,NA,7462.826,8.917689441838819,0.08595196943721989,0.00738774105013678,16.925217391304347
2010-04-01,copper,Copper,NA,7745.075,8.954812436470965,0.03712299463214536,0.00137811673045829,16.136666666666667
2010-05-01,copper,Copper,NA,6837.684,8.830204356788633,-0.12460807968233133,0.01552717352211823,30.0335
2010-06-01,copper,Copper,NA,6499.295,8.779448988462889,-0.05075536832574418,0.00257610741388195,28.94090909090909
2010-07-01,copper,Copper,NA,6735.25,8.815110207680421,0.03566121921753306,0.00127172255608094,25.016666666666666
2010-08-01,copper,Copper,NA,7283.952,8.893428851039953,0.07831864335953201,0.00613380989767756,24.15590909090909
2010-09-01,copper,Copper,NA,7709.295,8.950182022687796,0.05675317164784219,0.00322092249208943,21.322380952380954
2010-10-01,copper,Copper,NA,8292.405,9.023095314620525,0.07291329193272772,0.00531634814046717,19.86095238095238
2010-11-01,copper,Copper,NA,8469.886,9.04427232828752,0.02117701366699485,4.484659078520868e-4,19.395238095238096
2010-12-01,copper,Copper,NA,9147.262,9.121209878517172,0.07693755022965297,0.00591938663534037,16.58681818181818
2011-01-01,copper,Copper,NA,9555.7,9.164893114064244,0.04368323554707365,0.00190822506786111,15.723
2011-02-01,copper,Copper,NA,9867.6,9.19701194176485,0.03211882770060477,0.00103161909286113,15.72
2011-03-01,copper,Copper,NA,9503.36,9.159400699267644,-0.03761124249720806,0.00141460556218378,19.893478260869564
2011-04-01,copper,Copper,NA,9492.79,9.158287842073856,-0.001112857193786,1.2384511337612587e-6,15.208
2011-05-01,copper,Copper,NA,8959.9,9.100514345192408,-0.05777349688144692,0.00333777694191055,16.293809523809525
2011-06-01,copper,Copper,NA,9066.85,9.11238018399978,0.01186583880737183,1.4079813060253134e-4,18.918636363636363
2011-07-01,copper,Copper,NA,9650.46,9.174760861590713,0.06238067759093108,0.00389134893670369,18.7405
2011-08-01,copper,Copper,NA,9000.76,9.10506429719757,-0.06969656439314266,0.00485761108820748,35.068695652173915
2011-09-01,copper,Copper,NA,8300.14,9.024027661112315,-0.08103663608525499,0.00656693638801405,36.64380952380952
2011-10-01,copper,Copper,NA,7394.19,8.908449835677112,-0.1155778254352027,0.01335823373233018,32.00857142857143
2011-11-01,copper,Copper,NA,7581.02,8.933403034227208,0.02495319855009551,6.226621178804891e-4,31.412380952380953
2011-12-01,copper,Copper,NA,7565.48,8.931351074308724,-0.00205195991848268,4.210539507059474e-6,25.03952380952381
2012-01-01,copper,Copper,NA,8040.47,8.99224281817587,0.06089174386714473,0.00370780447118195,18.9415
2012-02-01,copper,Copper,NA,8441.49,9.04091411229296,0.04867129411709135,0.00236889487103241,16.691
2012-03-01,copper,Copper,NA,8470.78,9.044377873134556,0.00346376084159406,1.1997639167760412e-5,14.962727272727273
2012-04-01,copper,Copper,NA,8289.48,9.022742519985856,-0.02163535314869889,4.68088505868915e-4,17.177
2012-05-01,copper,Copper,NA,7955.64285714286,8.981636749215516,-0.04110577077033995,0.00168968439062373,20.547272727272727
2012-06-01,copper,Copper,NA,7423.02380952381,8.912341774646258,-0.06929497456925757,0.00480179350055405,20.750476190476192
2012-07-01,copper,Copper,NA,7584.26136363636,8.933830505845833,0.02148873119957507,4.617655685675913e-4,16.954761904761906
2012-08-01,copper,Copper,NA,7515.53260869565,8.92472717242298,-0.00910333342285439,8.287067940765792e-5,14.969130434782608
2012-09-01,copper,Copper,NA,8087.74,8.998104613793888,0.07337744137090871,0.00538424890214114,14.31421052631579
2012-10-01,copper,Copper,NA,8062.03,8.99492066483119,-0.00318394896269812,1.013753099706646e-5,15.469047619047618
2012-11-01,copper,Copper,NA,7711.22727272727,8.950432633231747,-0.0444880315994434,0.00197918495559307,17.155714285714286
2012-12-01,copper,Copper,NA,7966.48684210526,8.98299887687606,0.03256624364431307,0.00106056022510076,17.351
2013-01-01,copper,Copper,NA,8047.36,8.993099366314587,0.01010048943852735,1.0201988689780262e-4,13.121904761904762
2013-02-01,copper,Copper,NA,8060.925,8.99478359318375,0.00168422686916245,2.8366201468087506e-6,13.512105263157894
2013-03-01,copper,Copper,NA,7645.58333333333,8.941883418046556,-0.05290017513719372,0.00279842852954576,12.3915
2013-04-01,copper,Copper,NA,7234.27954545454,8.886586055040851,-0.05529736300570349,0.00305779835538454,13.251363636363635
2013-05-01,copper,Copper,NA,7249.41304347826,8.888675785051081,0.00208973001022941,4.366971515653433e-6,12.914090909090907
2013-06-01,copper,Copper,NA,7000.2375,8.853699356033317,-0.03497642901776367,0.00122335058683466,17.156
2013-07-01,copper,Copper,NA,6906.64130434783,8.840238735548157,-0.01346062048516139,1.8118830384554656e-4,13.626818181818182
2013-08-01,copper,Copper,NA,7192.92045454545,8.880852551074865,0.04061381552670847,0.0016494820116375,13.863636363636363
2013-09-01,copper,Copper,NA,7159.26904761905,8.876163166421962,-0.00468938465290292,2.1990328422881445e-5,14.2915
2013-10-01,copper,Copper,NA,7203.02173913043,8.882255902950952,0.00609273652898978,3.712143841168653e-5,14.32304347826087
2013-11-01,copper,Copper,NA,7070.65476190476,8.863708365904403,-0.01854753704654914,3.4401113049311287e-4,11.9565
2013-12-01,copper,Copper,NA,7214.9,8.883903611098061,0.02019524519365754,4.078479284319482e-4,12.995238095238095
2014-01-01,copper,Copper,NA,7291.47,8.894460450765399,0.01055683966733833,1.1144686376188816e-4,13.057142857142855
2014-02-01,copper,Copper,NA,7149.21,8.874757140073148,-0.0197033106922503,3.882204522353453e-4,14.179473684210526
2014-03-01,copper,Copper,NA,6650.04,8.802378148669403,-0.07237899140374474,0.00523871839662335,13.592380952380951
2014-04-01,copper,Copper,NA,6673.56,8.805908729658235,0.00353058098883184,1.2465002118700845e-5,13.485238095238095
2014-05-01,copper,Copper,NA,6891.13,8.837990356365738,0.03208162670750238,0.00102923077219953,11.76142857142857
2014-06-01,copper,Copper,NA,6821.14,8.827781892293816,-0.01020846407192138,1.0421273870770964e-4,10.298571428571428
2014-07-01,copper,Copper,NA,7113.38,8.869732796615974,0.04195090432215814,0.00175987837344686,10.638636363636364
2014-08-01,copper,Copper,NA,7001.84,8.853928250639422,-0.01580454597655297,2.497836735249767e-4,12.414761904761905
2014-09-01,copper,Copper,NA,6872.22,8.835242477121387,-0.0186857735180341,3.491581319672645e-4,11.91190476190476
2014-10-01,copper,Copper,NA,6737.48,8.815441246752735,-0.01980123036865206,3.9208872411242856e-4,16.911304347826086
2014-11-01,copper,Copper,NA,6712.85,8.8117788789848,-0.00366236776793548,1.3412937667612735e-5,12.243684210526316
2014-12-01,copper,Copper,NA,6446.45,8.771284870674068,-0.04049400831073302,0.00163976470906971,14.90681818181818
2015-01-01,copper,Copper,NA,5830.54,8.670864899411942,-0.10041997126212444,0.01008417062828589,17.9875
2015-02-01,copper,Copper,NA,5729.27,8.6533434019418,-0.01752149747014184,3.070028735961871e-4,15.321052631578947
2015-03-01,copper,Copper,NA,5939.67,8.689408855257868,0.03606545331606745,0.00130071692289344,15.016818181818184
2015-04-01,copper,Copper,NA,6042.09,8.706505257565567,0.01709640230769968,2.922869718667191e-4,13.758571428571427
2015-05-01,copper,Copper,NA,6294.78,8.747475997496016,0.04097073993044759,0.00167860153044837,13.6325
2015-06-01,copper,Copper,NA,5833.01,8.671288441135847,-0.07618755636016815,0.00580454374413379,14.83090909090909
2015-07-01,copper,Copper,NA,5456.75,8.604608653419186,-0.06667978771666021,0.00444619408993886,14.55090909090909
2015-08-01,copper,Copper,NA,5127.3,8.54233448382257,-0.06227416959661766,0.00387807219894829,19.58809523809524
2015-09-01,copper,Copper,NA,5217.25,8.55972572213494,0.01739123831237054,3.0245517003766486e-4,24.604285714285716
2015-10-01,copper,Copper,NA,5216.09,8.559503358058857,-2.223640760829107e-4,4.9445782332206515e-8,16.977272727272727
2015-11-01,copper,Copper,NA,4799.9,8.476350363345633,-0.08315299471322495,0.00691442052977761,16.008
2015-12-01,copper,Copper,NA,4638.83,8.442217458251427,-0.03413290509420553,0.00116505521017004,18.304545454545455
2016-01-01,copper,Copper,NA,4471.79,8.405544054877236,-0.03667340337419132,0.00134493851504614,24.33105263157895
2016-02-01,copper,Copper,NA,4598.62,8.433511537468185,0.02796748259094915,7.821800824750441e-4,24.109
2016-03-01,copper,Copper,NA,4953.8,8.50791023781732,0.07439870034913633,0.00553516661364057,16.398636363636363
2016-04-01,copper,Copper,NA,4872.74,8.49141168619741,-0.01649855161991038,2.7220220555484765e-4,14.347142857142858
2016-05-01,copper,Copper,NA,4694.54,8.454155410271525,-0.0372562759258846,0.00138803009586564,14.791904761904762
2016-06-01,copper,Copper,NA,4641.97,8.442894124081917,-0.01126128618960787,1.2681656664425306e-4,16.635
2016-07-01,copper,Copper,NA,4864.9,8.489801439424266,0.04690731534234744,0.00220029623262642,12.3075
2016-08-01,copper,Copper,NA,4751.67,8.46625141418666,-0.02355002523760569,5.54603688691865e-4,11.22391304347826
2016-09-01,copper,Copper,NA,4722.2,8.460030071682864,-0.00622134250379625,3.87051025495419e-5,13.593333333333334
2016-10-01,copper,Copper,NA,4731.26,8.461946830789866,0.001916759107003,3.6739654742789633e-6,14.816190476190476
2016-11-01,copper,Copper,NA,5450.93,8.6035415153014,0.14159468451153412,0.02004905468192088,15.33952380952381
2016-12-01,copper,Copper,NA,5660.35,8.641241006741202,0.03769949143980223,0.00142125165481972,11.956190476190477
2017-01-01,copper,Copper,NA,5754.56,8.657747862976832,0.01650685623562968,2.7247630278374655e-4,10.7905
2017-02-01,copper,Copper,NA,5940.91,8.689617599276174,0.03186973629934191,0.00101568009178959,10.510526315789471
2017-03-01,copper,Copper,NA,5824.63,8.6698507571031591,-0.01976684217301436,3.907280494928593e-4,10.640869565217391
2017-04-01,copper,Copper,NA,5683.9,8.645392895818034,-0.02445786128512562,5.981869786424469e-4,11.57315789473684
2017-05-01,copper,Copper,NA,5599.56,8.630443302207773,-0.01494959361026115,2.2349034911196096e-4,9.971363636363636
2017-06-01,copper,Copper,NA,5719.76,8.651682125451622,0.02123882324384944,4.510876127834793e-4,9.42318181818182
2017-07-01,copper,Copper,NA,5985.12,8.697031667916386,0.04534954246476348,0.00205658100176338,8.8765
2017-08-01,copper,Copper,NA,6485.63,8.777344239294969,0.08031257137858322,0.00645010912144002,10.177391304347823
2017-09-01,copper,Copper,NA,6577.17,8.791359840618211,0.01401560132324193,1.9643708045206115e-4,8.6015
2017-10-01,copper,Copper,NA,6807.6,8.825794914120522,0.03443507350231098,0.00118577428710955,8.02
2017-11-01,copper,Copper,NA,6826.55,8.828574700495551,0.00277978637502945,7.727212290799412e-6,9.127142857142855
2017-12-01,copper,Copper,NA,6833.89,8.829649336555061,0.00107463605950884,1.154842660396706e-6,8.8275
2018-01-01,copper,Copper,NA,7065.85,8.863028599275989,0.033379262720929,0.0011141751797928,10.367619047619048
2018-02-01,copper,Copper,NA,7006.52,8.854596423098455,-0.00843217617753364,7.110159508896597e-5,20.133157894736843
2018-03-01,copper,Copper,NA,6799.18,8.824557295657558,-0.03003912744089738,9.023491774104744e-4,18.04904761904762
2018-04-01,copper,Copper,NA,6851.51,8.832224344919599,0.007667049262041,5.878364438656344e-5,18.777142857142856
2018-05-01,copper,Copper,NA,6825.27,8.828387179710228,-0.00383716520937166,1.4723836844012265e-5,13.694545454545455
2018-06-01,copper,Copper,NA,6965.86,8.84877635310699,0.02038917339676232,4.157183918032404e-4,12.694761904761904
2018-07-01,copper,Copper,NA,6250.75,8.740456735531023,-0.1083196175759667,0.01173313955180367,11.917619047619048
2018-08-01,copper,Copper,NA,6051.05,8.707987089685192,-0.0324696458458321,0.00105427790135376,10.972608695652172
2018-09-01,copper,Copper,NA,6050.76,8.707939162970087,-4.792671510390419e-5,2.296970020650798e-9,11.564736842105264
2018-10-01,copper,Copper,NA,6219.59,8.73545926716193,0.02752010419184284,7.57356134729886e-4,19.855217391304347
2018-11-01,copper,Copper,NA,6195.92,8.731646289897562,-0.00381297726436816,1.4538795618588558e-5,20.95047619047619
2018-12-01,copper,Copper,NA,6075.32,8.711989941718596,-0.01965634817896706,3.86372023732782e-4,27.11578947368421
2019-01-01,copper,Copper,NA,5939.1,8.689312885725595,-0.02267705599299946,5.142488685096329e-4,20.525238095238095
2019-02-01,copper,Copper,NA,6300.49,8.748382687132867,0.05906980140727184,0.00348924143829453,15.287368421052632
2019-03-01,copper,Copper,NA,6439.46,8.770199964651036,0.02181727751816907,4.759935983048055e-4,14.717619047619047
2019-04-01,copper,Copper,NA,6438.36,8.770029128282353,-1.7083636868284524e-4,2.9185064864741025e-8,12.57
2019-05-01,copper,Copper,NA,6017.9,8.702493640235712,-0.06753548804664192,0.00456104214569811,17.937272727272727
2019-06-01,copper,Copper,NA,5882.23,8.679691220695604,-0.02280241954010739,5.199503368830713e-4,16.889
2019-07-01,copper,Copper,NA,5941.2,8.689666412155377,0.0099751914597735,9.95044446591382e-5,13.022272727272728
2019-08-01,copper,Copper,NA,5709.44,8.649876224285364,-0.03979018787001377,0.00158325905073099,20.66590909090909
2019-09-01,copper,Copper,NA,5759.25,8.658562536878762,0.00868631259339882,7.545202647023904e-5,16.092
2019-10-01,copper,Copper,NA,5757.3,8.65822389379231,-3.3864308645121437e-4,1.1467914000120465e-7,16.411739130434782
2019-11-01,copper,Copper,NA,5859.95,8.675896350111449,0.01767245631913742,3.123157123518204e-4,12.7645
2019-12-01,copper,Copper,NA,6077.06,8.712276305379358,0.03637995526790905,0.00132350114529506,13.598571428571429
2020-01-01,copper,Copper,NA,6031.21,8.70470293294095,-0.00757337243840666,5.735597009081764e-5,14.055714285714286
2020-02-01,copper,Copper,NA,5687.75,8.646070018337124,-0.05863291460382783,0.00343781867493976,20.178421052631577
2020-03-01,copper,Copper,NA,5182.63,8.553067928414043,-0.09300208992308054,0.00864938873006076,63.317727272727275
2020-04-01,copper,Copper,NA,5057.97,8.528720496014218,-0.02434743239982392,5.927974644639955e-4,43.6047619047619
2020-05-01,copper,Copper,NA,5239.83,8.56404433404072,0.03532383802649996,0.0012477735329224,31.078
2020-06-01,copper,Copper,NA,5754.6,8.65775481396196,0.09371047992124172,0.00878165404706944,29.99681818181818
2020-07-01,copper,Copper,NA,6372.46,8.759740859259209,0.10198604529724832,0.01040115343537238,24.80090909090909
2020-08-01,copper,Copper,NA,6498.94,8.779394365662164,0.01965350640295529,3.8626031393100454e-4,20.337619047619047
2020-09-01,copper,Copper,NA,6704.9,8.810593881361457,0.03119951569929392,9.73409779870488e-4,28.017142857142854
2020-10-01,copper,Copper,NA,6713.81,8.811921878062998,0.00132799670153922,1.7635752392990604e-6,30.815
2020-11-01,copper,Copper,NA,7068.91,8.863461574444694,0.05153969638169713,0.00265634030311752,25.357
2020-12-01,copper,Copper,NA,7772.24,8.958313690102898,0.09485211565820326,0.00899692384483716,21.704090909090908
2021-01-01,copper,Copper,NA,7972.15,8.983709497011164,0.0253958069082658,6.449470085219212e-4,23.288947368421052
2021-02-01,copper,Copper,NA,8470.94,9.044396761417444,0.06068726440628159,0.00368294406111793,21.877894736842105
2021-03-01,copper,Copper,NA,8988.25,9.103673447782658,0.05927668636521185,0.00351372554643969,21.119565217391305
2021-04-01,copper,Copper,NA,9324.82,9.14043494137665,0.03676149359399317,0.0013514074112612,16.409523809523808
2021-05-01,copper,Copper,NA,10161.97,9.22640759997455,0.08597265859790042,0.00739129802639114,18.599
2021-06-01,copper,Copper,NA,9631.5,9.172794255902213,-0.05361334407233802,0.0028743906626189,14.940454545454545
2021-07-01,copper,Copper,NA,9450.82,9.153856789210046,-0.01893746669216631,3.5862764471690853e-4,15.47095238095238
2021-08-01,copper,Copper,NA,9370.14,9.145283316422876,-0.00857347278717106,7.350443563236284e-5,15.008181818181818
2021-09-01,copper,Copper,NA,9324.71,9.140423144832717,-0.00486017159015967,2.3621267885795252e-5,17.5625
1990-01-01,cotton_a_indx,cotton_a_indx,NA,1.6551,0.5038614299643578,-0.03327500859143001,0.00110722619675974,23.49909090909091
1990-02-01,cotton_a_indx,cotton_a_indx,NA,1.6802,0.5189128339486097,0.01505140398425192,2.265447618971547e-4,23.326842105263157
1990-03-01,cotton_a_indx,cotton_a_indx,NA,1.7392,0.553425237384808,0.03451240343619826,0.0011911059909429,18.831363636363637
1990-04-01,cotton_a_indx,cotton_a_indx,NA,1.8263,0.6022920622158591,0.04886682483105098,0.00238796656906862,20.4575
1990-05-01,cotton_a_indx,cotton_a_indx,NA,1.8866,0.6347762672336158,0.03248420501775678,0.00105522357563565,18.151818181818182
1990-06-01,cotton_a_indx,cotton_a_indx,NA,1.9861,0.6861729168226088,0.05139664958899305,0.00264161558897373,17.582857142857144
1990-07-01,cotton_a_indx,cotton_a_indx,NA,2.0125,0.6993777303105815,0.01320481348797271,1.743670992521462e-4,18.93285714285714
1990-08-01,cotton_a_indx,cotton_a_indx,NA,1.7919,0.5832765094242329,-0.11610122088634856,0.0134794934913007,27.77521739130435
1990-09-01,cotton_a_indx,cotton_a_indx,NA,1.7918,0.5832207011813411,-5.580824289199808e-5,3.114559974692254e-9,28.818947368421053
1990-10-01,cotton_a_indx,cotton_a_indx,NA,1.7937,0.5842805255728314,0.00105982439149042,1.1232277407980536e-6,30.130434782608695
1990-11-01,cotton_a_indx,cotton_a_indx,NA,1.8199,0.5987815545242241,0.0145010289513927,2.1027984064912947e-4,25.106666666666666
1990-12-01,cotton_a_indx,cotton_a_indx,NA,1.8464,0.6132377973316434,0.0144562428074193,2.0898295610706223e-4,22.5845
1991-01-01,cotton_a_indx,cotton_a_indx,NA,1.8466,0.6133461103563905,1.0831302474718688e-4,1.1731711329884716e-8,26.93181818181818
1991-02-01,cotton_a_indx,cotton_a_indx,NA,1.8712,0.6265799362878322,0.01323382593144176,1.751341487837006e-4,22.11263157894737
1991-03-01,cotton_a_indx,cotton_a_indx,NA,1.857,0.6189622823705687,-0.00761765391726347,5.8028651203199614e-5,19.041052631578943
1991-04-01,cotton_a_indx,cotton_a_indx,NA,1.8262,0.6022373052001027,-0.01672497717046607,2.797248613526112e-4,18.92727272727273
1991-05-01,cotton_a_indx,cotton_a_indx,NA,1.8153,0.5962507433142483,-0.00598656188585436,3.583892321316415e-5,17.180454545454545
1991-06-01,cotton_a_indx,cotton_a_indx,NA,1.7849,0.579362391253325,-0.01688835206092341,2.8521643533369615e-4,17.575
1991-07-01,cotton_a_indx,cotton_a_indx,NA,1.6992,0.5301575520654827,-0.04920483918784231,0.00242111619950142,17.669545454545453
1991-08-01,cotton_a_indx,cotton_a_indx,NA,1.6197,0.4822409469102139,-0.04791660515526882,0.00229600104960593,15.932727272727272
1991-09-01,cotton_a_indx,cotton_a_indx,NA,1.5487,0.43741586933999166,-0.04482507757022225,0.00200928757917644,17.029
1991-10-01,cotton_a_indx,cotton_a_indx,NA,1.4978,0.4039973648331297,-0.03341850450686202,0.00111679644347515,16.846363636363638
1991-11-01,cotton_a_indx,cotton_a_indx,NA,1.3991,0.33582917275710317,-0.06816819207602652,0.00464690241091404,17.6815
1991-12-01,cotton_a_indx,cotton_a_indx,NA,1.3632,0.3098348770929142,-0.02599429566418891,6.757034070772704e-4,18.018571428571427
1992-01-01,cotton_a_indx,cotton_a_indx,NA,1.3144,0.27338028774092127,-0.03645458935199289,0.00132893708482243,17.499545454545455
1992-02-01,cotton_a_indx,cotton_a_indx,NA,1.2412,0.21607865359208817,-0.05730163414883317,0.00328347727612672,17.050526315789472
1992-03-01,cotton_a_indx,cotton_a_indx,NA,1.2197,0.19860492686705555,-0.01747372672503265,3.053311256611203e-4,16.222727272727273
1992-04-01,cotton_a_indx,cotton_a_indx,NA,1.2838,0.24982442989554077,0.0512195030284852,0.002623437490485,16.18857142857143
1992-05-01,cotton_a_indx,cotton_a_indx,NA,1.3357,0.2894554990009227,0.03963106910538191,0.00157062163843555,14.728
1992-06-01,cotton_a_indx,cotton_a_indx,NA,1.4085,0.3425253083342903,0.05306980933336752,0.00281640466267998,14.75318181818182
1992-07-01,cotton_a_indx,cotton_a_indx,NA,1.4394,0.3642263600915669,0.02170105175727645,4.709356473719914e-4,13.303636363636365
1992-08-01,cotton_a_indx,cotton_a_indx,NA,1.3173,0.27558418725364436,-0.08864217283792249,0.00785743480542812,14.422380952380951
1992-09-01,cotton_a_indx,cotton_a_indx,NA,1.2489,0.22226316388690232,-0.05332102336674207,0.00284313153287665,14.258571428571427
1992-10-01,cotton_a_indx,cotton_a_indx,NA,1.174,0.16041672140590466,-0.06184644248099764,0.00382498244755535,17.478636363636365
1992-11-01,cotton_a_indx,cotton_a_indx,NA,1.1616,0.14979836508839456,-0.01061835631751007,1.127494908856062e-4,14.594
1992-12-01,cotton_a_indx,cotton_a_indx,NA,1.1951,0.17822986389069828,0.02843149880230373,8.083501241453984e-4,12.781363636363636
1993-01-01,cotton_a_indx,cotton_a_indx,NA,1.261,0.23190505698278244,0.05367519309208422,0.00288102635347252,12.5745
1993-02-01,cotton_a_indx,cotton_a_indx,NA,1.3324,0.28698182733738753,0.05507677035460505,0.0030334506326939,13.505263157894737
1993-03-01,cotton_a_indx,cotton_a_indx,NA,1.3575,0.3056447728259534,0.01866294548856589,3.483055343091819e-4,13.657391304347826
1993-04-01,cotton_a_indx,cotton_a_indx,NA,1.3459,0.297062934257533,-0.0085818385684204,7.364795321442792e-5,13.49952380952381
1993-05-01,cotton_a_indx,cotton_a_indx,NA,1.3272,0.28307145989409765,-0.01399147436343538,1.9576135486266955e-4,13.535
1993-06-01,cotton_a_indx,cotton_a_indx,NA,1.2993,0.26182565790655354,-0.02124580198754412,4.513841020939339e-4,13.002272727272729
1993-07-01,cotton_a_indx,cotton_a_indx,NA,1.2749,0.24286774416193943,-0.01895791374461404,3.594024935482261e-4,11.99952380952381
1993-08-01,cotton_a_indx,cotton_a_indx,NA,1.2236,0.20179733329461136,-0.04107041086732806,0.00168677864881113,11.952272727272728
1993-09-01,cotton_a_indx,cotton_a_indx,NA,1.2167,0.19614227581126625,-0.0056550574833451,3.197967513993741e-5,12.621428571428572
1993-10-01,cotton_a_indx,cotton_a_indx,NA,1.2081,0.1890488775433811,-0.00709339826788519,5.031629898683661e-5,11.377142857142855
1993-11-01,cotton_a_indx,cotton_a_indx,NA,1.2106,0.19111610447544972,0.00206722693206866,4.2734271886700035e-6,13.370952380952382
1993-12-01,cotton_a_indx,cotton_a_indx,NA,1.306,0.26696903085423934,0.07585292637878965,0.00575366644022608,10.864545454545455
1994-01-01,cotton_a_indx,cotton_a_indx,NA,1.5257,0.42245332113701944,0.15548429028278016,0.02417536452473984,10.605238095238096
1994-02-01,cotton_a_indx,cotton_a_indx,NA,1.7781,0.5755453784797652,0.1530920573427456,0.02343717802143451,12.885263157894736
1994-03-01,cotton_a_indx,cotton_a_indx,NA,1.8039,0.5899509877314957,0.01440560925173048,2.075215779135429e-4,14.240869565217391
1994-04-01,cotton_a_indx,cotton_a_indx,NA,1.8507,0.6155639459015656,0.02561295817006992,6.560236262217517e-4,15.334736842105263
1994-05-01,cotton_a_indx,cotton_a_indx,NA,1.8981,0.6408533858388112,0.02528943993724569,6.395557723395573e-4,13.39
1994-06-01,cotton_a_indx,cotton_a_indx,NA,1.8852,0.6340339160674388,-0.00681946977137242,4.650516796266223e-5,12.94590909090909
1994-07-01,cotton_a_indx,cotton_a_indx,NA,1.8011,0.5883975893608747,-0.04563632670656407,0.00208267431526825,12.1635
1994-08-01,cotton_a_indx,cotton_a_indx,NA,1.6903,0.524906027973995,-0.06349156138687971,0.00403117836734391,11.39304347826087
1994-09-01,cotton_a_indx,cotton_a_indx,NA,1.6558,0.5042842757225684,-0.02062175225142659,4.252566659192177e-4,12.612380952380953
1994-10-01,cotton_a_indx,cotton_a_indx,NA,1.6329,0.490357575126127,-0.01392670059644139,1.939529895029212e-4,15.04952380952381
1994-11-01,cotton_a_indx,cotton_a_indx,NA,1.7097,0.5363179165269265,0.04596034140079958,0.00211235298167805,16.249523809523808
1994-12-01,cotton_a_indx,cotton_a_indx,NA,1.9218,0.6532622468610304,0.1169443303341039,0.01367597639729201,13.806666666666668
1995-01-01,cotton_a_indx,cotton_a_indx,NA,2.108,0.745739630679116,0.09247738381808564,0.00855206651783752,11.711904761904762
1995-02-01,cotton_a_indx,cotton_a_indx,NA,2.2254,0.7999366747414631,0.05419704406234715,0.00293731958509599,11.197368421052632
1995-03-01,cotton_a_indx,cotton_a_indx,NA,2.4362,0.8904394482837215,0.09050277354225834,0.00819075201884129,11.971304347826086
1995-04-01,cotton_a_indx,cotton_a_indx,NA,2.5079,0.9194457495674552,0.02900630128373355,8.413655141627225e-4,12.51684210526316
1995-05-01,cotton_a_indx,cotton_a_indx,NA,2.5335,0.9296017459338274,0.01015599636637236,1.0314426219376864e-4,12.458636363636364
1995-06-01,cotton_a_indx,cotton_a_indx,NA,1.9996,0.6929471605572782,-0.23665458537654913,0.05600539277974638,13.17909090909091
1995-07-01,cotton_a_indx,cotton_a_indx,NA,1.9258,0.6553414658240465,-0.03760569473323182,0.00141418827636901,14.0765
1995-08-01,cotton_a_indx,cotton_a_indx,NA,1.8753,0.6287686466237393,-0.02657281920030722,7.06114720252216e-4,13.348695652173912
1995-09-01,cotton_a_indx,cotton_a_indx,NA,2.0102,0.6982342196085025,0.06946557298476316,0.00482546583010145,12.237
1995-10-01,cotton_a_indx,cotton_a_indx,NA,2.0093,0.6977864027083703,-4.478169001321736e-4,2.005399760439892e-7,14.237727272727271
1995-11-01,cotton_a_indx,cotton_a_indx,NA,1.9663,0.6761536041833742,-0.02163279852499614,4.6797797202307543e-4,12.971904761904762
1995-12-01,cotton_a_indx,cotton_a_indx,NA,1.9373,0.6612952511107631,-0.01485835307261107,2.207706560303708e-4,12.288
1996-01-01,cotton_a_indx,cotton_a_indx,NA,1.9003,0.6420117684451749,-0.01928348266558826,3.7185270371404314e-4,14.150454545454544
1996-02-01,cotton_a_indx,cotton_a_indx,NA,1.8749,0.628555324666768,-0.01345644377840697,1.8107587916142776e-4,16.238
1996-03-01,cotton_a_indx,cotton_a_indx,NA,1.8345,0.6067719648131997,-0.02178335985356827,4.7451476651004987e-4,19.081904761904763
1996-04-01,cotton_a_indx,cotton_a_indx,NA,1.825,0.6015799870344548,-0.00519197777874492,2.6956633254981084e-5,17.512857142857143
1996-05-01,cotton_a_indx,cotton_a_indx,NA,1.8288,0.6036600140584092,0.00208002702395444,4.326512420380775e-6,16.96681818181818
1996-06-01,cotton_a_indx,cotton_a_indx,NA,1.8292,0.6038787128017631,2.1869874335386208e-4,4.7829140344558434e-8,17.6755
1996-07-01,cotton_a_indx,cotton_a_indx,NA,1.758,0.5641767992629853,-0.03970191353877774,0.00157624193864058,19.341818181818184
1996-08-01,cotton_a_indx,cotton_a_indx,NA,1.683,0.520577915208669,-0.04359888405431626,0.00190086269078171,16.478181818181817
1996-09-01,cotton_a_indx,cotton_a_indx,NA,1.6612,0.5075402327744615,-0.01303768243420755,1.6998116325524435e-4,17.2785
1996-10-01,cotton_a_indx,cotton_a_indx,NA,1.6616,0.5077809935797655,2.4076080530397936e-4,5.7965765370620655e-8,17.401304347826088
1996-11-01,cotton_a_indx,cotton_a_indx,NA,1.677,0.5170064828410719,0.00922548926130645,8.510965211048077e-5,17.1635
1996-12-01,cotton_a_indx,cotton_a_indx,NA,1.7465,0.5576137852647496,0.04060730242367773,0.00164895301012802,20.118
1997-01-01,cotton_a_indx,cotton_a_indx,NA,1.761,0.5658818295140691,0.00826804424931944,6.836055570870428e-5,21.031363636363636
1997-02-01,cotton_a_indx,cotton_a_indx,NA,1.7731,0.5727294270808058,0.00684759756673671,4.688959243597863e-5,21.647894736842105
1997-03-01,cotton_a_indx,cotton_a_indx,NA,1.7772,0.5750390920796163,0.00230966499881065,5.334552406731016e-6,22.3035
1997-04-01,cotton_a_indx,cotton_a_indx,NA,1.7392,0.553425237384808,-0.02161385469480828,4.6715871476828586e-4,21.507727272727273
1997-05-01,cotton_a_indx,cotton_a_indx,NA,1.7493,0.559215707914083,0.00579047052927489,3.352954895040112e-5,21.927619047619046
1997-06-01,cotton_a_indx,cotton_a_indx,NA,1.7765,0.5746451364789447,0.01542942856486163,2.380672658381681e-4,22.743333333333332
1997-07-01,cotton_a_indx,cotton_a_indx,NA,1.7936,0.5842247733357585,0.00957963685681381,9.176944230842568e-5,23.24772727272727
1997-08-01,cotton_a_indx,cotton_a_indx,NA,1.7895,0.5819362512239435,-0.00228852211181497,5.237333456266085e-6,25.153809523809525
1997-09-01,cotton_a_indx,cotton_a_indx,NA,1.7558,0.5629245935099714,-0.01901165771397212,3.6144312903323584e-4,25.59285714285714
1997-10-01,cotton_a_indx,cotton_a_indx,NA,1.7141,0.5388881615308743,-0.0240364319790971,5.777500622857616e-4,25.615652173913045
1997-11-01,cotton_a_indx,cotton_a_indx,NA,1.7026,0.5321564944678195,-0.00673166706305466,4.531534144781508e-5,31.545263157894738
1997-12-01,cotton_a_indx,cotton_a_indx,NA,1.6391,0.49414731071317736,-0.03800918375464225,0.00144469804969416,26.473181818181818
1998-01-01,cotton_a_indx,cotton_a_indx,NA,1.5904,0.46398555692017257,-0.03016175379300483,9.097313918698414e-4,24.4275
1998-02-01,cotton_a_indx,cotton_a_indx,NA,1.5176,0.41713013963866746,-0.04685541728150508,0.00219543012862396,20.386315789473684
1998-03-01,cotton_a_indx,cotton_a_indx,NA,1.5086,0.4111820684373934,-0.00594807120127397,3.537955101542482e-5,20.543181818181814
1998-04-01,cotton_a_indx,cotton_a_indx,NA,1.4484,0.37045949890934904,-0.04072256952804439,0.0016583276689664,22.53809523809524
1998-05-01,cotton_a_indx,cotton_a_indx,NA,1.4189,0.3498819235311306,-0.02057757537821842,4.2343660844626106e-4,21.4485
1998-06-01,cotton_a_indx,cotton_a_indx,NA,1.5199,0.4186445432202785,0.06876261968914783,0.00472829786651438,21.996363636363636
1998-07-01,cotton_a_indx,cotton_a_indx,NA,1.5401,0.4318473493822828,0.01320280616200426,1.7431409055145765e-4,20.25181818181818
1998-08-01,cotton_a_indx,cotton_a_indx,NA,1.5031,0.40752964215704346,-0.02431770722523935,5.913508846924582e-4,31.48857142857143
1998-09-01,cotton_a_indx,cotton_a_indx,NA,1.4636,0.3808991541629147,-0.02663048799412879,7.09182890805438e-4,39.247142857142855
1998-10-01,cotton_a_indx,cotton_a_indx,NA,1.355,0.3038014543316642,-0.07709769983125048,0.0059440553192696,37.45409090909091
1998-11-01,cotton_a_indx,cotton_a_indx,NA,1.2364,0.21220393127582415,-0.09159752305584004,0.00839010622996514,25.038
1998-12-01,cotton_a_indx,cotton_a_indx,NA,1.2346,0.2107470309776584,-0.0014569002981658,2.122558478795603e-6,25.47681818181818
1999-01-01,cotton_a_indx,cotton_a_indx,NA,1.2297,0.20677023719626453,-0.00397679378139381,1.58148887797325e-5,28.616842105263157
1999-02-01,cotton_a_indx,cotton_a_indx,NA,1.2388,0.2141431691169106,0.00737293192064617,5.4360125106483334e-5,29.93842105263158
1999-03-01,cotton_a_indx,cotton_a_indx,NA,1.2483,0.2217826256748682,0.00763945655795762,5.8361296500921775e-5,26.475652173913044
1999-04-01,cotton_a_indx,cotton_a_indx,NA,1.2729,0.24129776189425176,0.01951513621938346,3.808405416610923e-4,24.693809523809524
1999-05-01,cotton_a_indx,cotton_a_indx,NA,1.3206,0.2780861787783339,0.03678841688408218,0.00135338761683702,27.3765
1999-06-01,cotton_a_indx,cotton_a_indx,NA,1.2897,0.25440963318820853,-0.02367654559012534,5.605788110812841e-4,24.123636363636365
1999-07-01,cotton_a_indx,cotton_a_indx,NA,1.1995,0.18190480329761224,-0.0725048298905964,0.00525695035746432,21.486666666666668
1999-08-01,cotton_a_indx,cotton_a_indx,NA,1.1237,0.11662681193171956,-0.06527799136589271,0.00426121615676556,24.90909090909091
1999-09-01,cotton_a_indx,cotton_a_indx,NA,1.0908,0.0869113719892964,-0.02971543994242319,8.830073709717598e-4,25.58
1999-10-01,cotton_a_indx,cotton_a_indx,NA,1.0457,0.04468651762240609,-0.04222485436689036,0.0017829383263051,25.37
1999-11-01,cotton_a_indx,cotton_a_indx,NA,1.0188,0.01862546412316482,-0.0260610534992413,6.791785094903173e-4,22.22952380952381
1999-12-01,cotton_a_indx,cotton_a_indx,NA,0.9744,-0.02593338202650443,-0.04455884614966923,0.00198549077018989,23.222272727272728
2000-01-01,cotton_a_indx,cotton_a_indx,NA,1.0457,0.04468651762240609,0.07061989964891043,0.00498717022642217,24.9385
2000-02-01,cotton_a_indx,cotton_a_indx,NA,1.1845,0.16932074461670318,0.12463422699429716,0.01553369053846598,25.456
2000-03-01,cotton_a_indx,cotton_a_indx,NA,1.2632,0.23364818395929535,0.0643274393425921,0.00413801945237486,24.810434782608695
2000-04-01,cotton_a_indx,cotton_a_indx,NA,1.2939,0.25766091333977015,0.02401272938047474,5.766111722999149e-4,29.833157894736843
2000-05-01,cotton_a_indx,cotton_a_indx,NA,1.3336,0.2878820524544471,0.03022113911467696,9.133172493886576e-4,29.42909090909091
2000-06-01,cotton_a_indx,cotton_a_indx,NA,1.3111,0.270866479523219,-0.01701557293122808,2.8952972217794186e-4,24.31772727272727
2000-07-01,cotton_a_indx,cotton_a_indx,NA,1.2873000000000001,0.25254700168345173,-0.01831947783976723,3.3560326832172255e-4,22.66
2000-08-01,cotton_a_indx,cotton_a_indx,NA,1.3424,0.2944590567308047,0.04191205504735294,0.00175662035829234,20.484347826086957
2000-09-01,cotton_a_indx,cotton_a_indx,NA,1.3591,0.30682271597916455,0.01236365924835993,1.5286007000955617e-4,22.3365
2000-10-01,cotton_a_indx,cotton_a_indx,NA,1.3425,0.2945335474008827,-0.01228916857828187,1.5102366434543044e-4,28.21409090909091
2000-11-01,cotton_a_indx,cotton_a_indx,NA,1.4105,0.343944251459914,0.04941070405903117,0.00244141767560915,29.21190476190476
2000-12-01,cotton_a_indx,cotton_a_indx,NA,1.452,0.3729419164026043,0.0289976649426903,8.408645721285303e-4,30.1045
2001-01-01,cotton_a_indx,cotton_a_indx,NA,1.4148,0.34698817834918855,-0.02595373805341573,6.735965189453199e-4,27.83
2001-02-01,cotton_a_indx,cotton_a_indx,NA,1.3325,0.2870568770578626,-0.05993130129132593,0.00359176087447168,26.159473684210525
2001-03-01,cotton_a_indx,cotton_a_indx,NA,1.2029,0.18473530801788993,-0.10232156903997264,0.01046970349080188,32.42318181818182
2001-04-01,cotton_a_indx,cotton_a_indx,NA,1.1274,0.11991409666533756,-0.06482121135255232,0.00420178944121225,32.245
2001-05-01,cotton_a_indx,cotton_a_indx,NA,1.1014,0.096582097846244,-0.02333199881909348,5.443821688941797e-4,26.095
2001-06-01,cotton_a_indx,cotton_a_indx,NA,1.0465,0.04545126290391736,-0.05113083494232671,0.00261436228189945,23.30047619047619
2001-07-01,cotton_a_indx,cotton_a_indx,NA,1.0035,0.00349388925425583,-0.04195737364966153,0.00176042120357731,24.85904761904762
2001-08-01,cotton_a_indx,cotton_a_indx,NA,0.955,-0.04604393850140684,-0.04953782775566268,0.0024539963787497,24.260434782608694
2001-09-01,cotton_a_indx,cotton_a_indx,NA,0.9097,-0.09464040415412094,-0.04859646565271407,0.00236161647393541,38.55133333333333
2001-10-01,cotton_a_indx,cotton_a_indx,NA,0.8201,-0.19832899493977144,-0.10368859078565054,0.01075132385911409,34.44695652173913
2001-11-01,cotton_a_indx,cotton_a_indx,NA,0.8378,-0.17697587046920257,0.02135312447056884,4.559559246556059e-4,28.25428571428571
2001-12-01,cotton_a_indx,cotton_a_indx,NA,0.9453,-0.05625294155079841,0.1207229289184041,0.01457402556663804,24.5395
2002-01-01,cotton_a_indx,cotton_a_indx,NA,0.9565,-0.04447449010182947,0.01177845144896885,1.387319185357165e-4,23.615238095238094
2002-02-01,cotton_a_indx,cotton_a_indx,NA,0.9436,-0.0580529314486171,-0.01357844134678757,1.8437406940815032e-4,24.66842105263158
2002-03-01,cotton_a_indx,cotton_a_indx,NA,0.9268,-0.07601748642391595,-0.01796455497529888,3.227252354605359e-4,21.014
2002-04-01,cotton_a_indx,cotton_a_indx,NA,0.9127,-0.09134803945930547,-0.01533055303538949,2.350258563708901e-4,21.814545454545453
2002-05-01,cotton_a_indx,cotton_a_indx,NA,0.8785,-0.12953937135498522,-0.03819133189567972,0.00145857783196596,22.63
2002-06-01,cotton_a_indx,cotton_a_indx,NA,0.9568,-0.04416089578576978,0.08537847556921539,0.0072894840905231,28.599
2002-07-01,cotton_a_indx,cotton_a_indx,NA,1.0268,0.02644717001484823,0.07060806580061799,0.00498549895610439,38.49727272727273
2002-08-01,cotton_a_indx,cotton_a_indx,NA,1.0889,0.0851680123698782,0.0587208423550299,0.00344813732688427,37.25272727272727
2002-09-01,cotton_a_indx,cotton_a_indx,NA,1.0806,0.07751644242782835,-0.00765156994204985,5.854652257808082e-5,41.656
2002-10-01,cotton_a_indx,cotton_a_indx,NA,1.0928,0.08874320983438856,0.01122676740656021,1.260403064010027e-4,41.39739130434783
2002-11-01,cotton_a_indx,cotton_a_indx,NA,1.1484,0.1383696692647719,0.04962645943038327,0.00246278547559547,32.005
2002-12-01,cotton_a_indx,cotton_a_indx,NA,1.2183,0.19745644437822468,0.05908677511345285,0.00349124699330775,31.830952380952382
2003-01-01,cotton_a_indx,cotton_a_indx,NA,1.250115,0.22323554708246937,0.02577910270424474,6.645621362359987e-4,30.66857142857143
2003-02-01,cotton_a_indx,cotton_a_indx,NA,1.292852,0.25685063074805703,0.03361508366558755,0.00112997384984445,36.54052631578948
2003-03-01,cotton_a_indx,cotton_a_indx,NA,1.349503,0.2997363765190237,0.04288574577096672,0.00183918719033198,35.194761904761904
2003-04-01,cotton_a_indx,cotton_a_indx,NA,1.339858,0.2925636381983333,-0.00717273832069037,5.144817501710022e-5,27.14238095238095
2003-05-01,cotton_a_indx,cotton_a_indx,NA,1.275874,0.24363143396537812,-0.04893220423295513,0.00239436061109563,22.548571428571428
2003-06-01,cotton_a_indx,cotton_a_indx,NA,1.285006,0.25076338759698263,0.00713195363160455,5.086476260335733e-5,22.34904761904762
2003-07-01,cotton_a_indx,cotton_a_indx,NA,1.327469,0.28327412169556576,0.03251073409858319,0.00105694783162877,21.206818181818186
2003-08-01,cotton_a_indx,cotton_a_indx,NA,1.33494990095,0.2888937637697661,0.00561964207420026,3.158037704212191e-5,20.829047619047618
2003-09-01,cotton_a_indx,cotton_a_indx,NA,1.413111,0.34579365688027836,0.05689989311051226,0.00323759783598772,20.682380952380953
2003-10-01,cotton_a_indx,cotton_a_indx,NA,1.599452,0.4696610705792147,0.12386741369893624,0.01534313617646342,19.184347826086956
2003-11-01,cotton_a_indx,cotton_a_indx,NA,1.697061,0.5288979313927373,0.05923686081352256,0.00350900567904064,17.838947368421053
2003-12-01,cotton_a_indx,cotton_a_indx,NA,1.624086,0.48494519600240904,-0.04395273539032825,0.00193184294829221,16.375454545454545
2004-01-01,cotton_a_indx,cotton_a_indx,NA,1.673507,0.5149214245108099,0.02997622850840092,8.985742755878685e-4,15.834
2004-02-01,cotton_a_indx,cotton_a_indx,NA,1.629544873,0.48830075681137813,-0.02662066769943175,7.086599487635688e-4,15.924736842105265
2004-03-01,cotton_a_indx,cotton_a_indx,NA,1.58737432652,0.46208128425419304,-0.02621947255718507,6.87460741176981e-4,17.73304347826087
2004-04-01,cotton_a_indx,cotton_a_indx,NA,1.52900418,0.4246166607561381,-0.03746462349805494,0.00140359801385101,15.788095238095238
2004-05-01,cotton_a_indx,cotton_a_indx,NA,1.54150179857,0.4327571351095241,0.00814047435338606,6.626732269813633e-5,18.076
2004-06-01,cotton_a_indx,cotton_a_indx,NA,1.422631265,0.35250816044116623,-0.08024897466835793,0.00643989793532275,15.045238095238096
2004-07-01,cotton_a_indx,cotton_a_indx,NA,1.256282665,0.22815709447725277,-0.12435106596391347,0.01546318760636156,15.668571428571427
2004-08-01,cotton_a_indx,cotton_a_indx,NA,1.194954145,0.17810781226229802,-0.05004928221495475,0.00250493065023218,16.592727272727274
2004-09-01,cotton_a_indx,cotton_a_indx,NA,1.240950535,0.21587764644339005,0.03776983418109203,0.00142656037406718,13.880476190476193
2004-10-01,cotton_a_indx,cotton_a_indx,NA,1.15858030095,0.14719537707597788,-0.06868226936741213,0.00471725412545775,15.184761904761904
2004-11-01,cotton_a_indx,cotton_a_indx,NA,1.08306968,0.07979930574599811,-0.06739607132997971,0.00454223043071571,14.05
2004-12-01,cotton_a_indx,cotton_a_indx,NA,1.07125361391,0.06882956446908622,-0.01096974127691187,1.203352236823842e-4,13.014090909090909
2005-01-01,cotton_a_indx,cotton_a_indx,NA,1.12955280429,0.12182180597924926,0.05299224151016305,0.00280817766027144,13.512
2005-02-01,cotton_a_indx,cotton_a_indx,NA,1.1556066885,0.1446254774955817,0.02280367151633251,5.200074346247946e-4,11.562631578947368
2005-03-01,cotton_a_indx,cotton_a_indx,NA,1.24311812087,0.21762283687122075,0.07299735937563902,0.00532861447581619,12.880454545454546
2005-04-01,cotton_a_indx,cotton_a_indx,NA,1.25726329143,0.2289373678414567,0.011314530970236,1.280186110764297e-4,14.057142857142855
2005-05-01,cotton_a_indx,cotton_a_indx,NA,1.228123655,0.205487520909495,-0.02344984693196178,5.498953211324373e-4,13.17904761904762
2005-06-01,cotton_a_indx,cotton_a_indx,NA,1.193050155,0.17651318330500324,-0.02897433760449171,8.395122396190626e-4,11.241818181818182
2005-07-01,cotton_a_indx,cotton_a_indx,NA,1.21275096381,0.1928913028738564,0.01637811956885313,2.682428006116501e-4,10.489
2005-08-01,cotton_a_indx,cotton_a_indx,NA,1.18915285739,0.1732411690670956,-0.01965013380676073,3.86127758623601e-4,11.985217391304348
2005-09-01,cotton_a_indx,cotton_a_indx,NA,1.21110320435,0.1915316833592192,0.0182905142921236,3.3454291307037794e-4,11.959047619047618
2005-10-01,cotton_a_indx,cotton_a_indx,NA,1.28272140333,0.24898391733866168,0.05745223397944257,0.00330075918922861,14.582380952380952
2005-11-01,cotton_a_indx,cotton_a_indx,NA,1.251783236,0.22456912350315011,-0.0244147938355116,5.960821580305353e-4,11.606190476190475
2005-12-01,cotton_a_indx,cotton_a_indx,NA,1.249378196,0.2226459843482952,-0.00192313915485492,3.6984642089361218e-6,10.923809523809524
2006-01-01,cotton_a_indx,cotton_a_indx,NA,1.28639577,0.2518443311908899,0.02919834684259466,8.525434583404576e-4,11.7115
2006-02-01,cotton_a_indx,cotton_a_indx,NA,1.31505583,0.27387912100225,0.0220347898113602,4.855319620308233e-4,11.867368421052632
2006-03-01,cotton_a_indx,cotton_a_indx,NA,1.26986112,0.23890754016017057,-0.03497158084207944,0.00122301146659409,11.19086956521739
2006-04-01,cotton_a_indx,cotton_a_indx,NA,1.24009875,0.21519101354285447,-0.02371652661731604,5.624736347898604e-4,11.163684210526316
2006-05-01,cotton_a_indx,cotton_a_indx,NA,1.19821097,0.18082958602554347,-0.03436142751731096,0.00118070770102741,13.488181818181818
2006-06-01,cotton_a_indx,cotton_a_indx,NA,1.21584793,0.1954417181578364,0.01461213213229288,2.1351440545158625e-4,15.891363636363636
2006-07-01,cotton_a_indx,cotton_a_indx,NA,1.22135948,0.1999645662115631,0.00452284805372657,2.0456154517098273e-5,14.522
2006-08-01,cotton_a_indx,cotton_a_indx,NA,1.32056738,0.27806147757972854,0.07809691136816538,0.00609912756524707,12.560434782608697
2006-09-01,cotton_a_indx,cotton_a_indx,NA,1.29741887,0.2603768061646107,-0.01768467141511787,3.127476030606871e-4,11.397
2006-10-01,cotton_a_indx,cotton_a_indx,NA,1.25773571,0.2293130487664095,-0.03106375739820117,9.649570236942982e-4,10.808636363636364
2006-11-01,cotton_a_indx,cotton_a_indx,NA,1.26545188,0.23542927578384573,0.00611622701743627,3.740823292881742e-5,10.484285714285717
2006-12-01,cotton_a_indx,cotton_a_indx,NA,1.31064659,0.2705205955951157,0.03509131981126998,0.00123140072609682,10.499
2007-01-01,cotton_a_indx,cotton_a_indx,NA,1.30182811,0.2637695151016962,-0.00675108049341952,4.557708782862955e-5,10.627
2007-02-01,cotton_a_indx,cotton_a_indx,NA,1.27537267,0.24323842609801055,-0.02053108900368568,4.2152561567726304e-4,10.920526315789472
2007-03-01,cotton_a_indx,cotton_a_indx,NA,1.28749808,0.2527008622925063,0.00946243619449579,8.953769873490414e-5,14.921363636363637
2007-04-01,cotton_a_indx,cotton_a_indx,NA,1.25994033,0.23106436269914463,-0.02163649959336165,4.6813811465353905e-4,12.246
2007-05-01,cotton_a_indx,cotton_a_indx,NA,1.22466641,0.2026684885439639,-0.02839587415518073,8.063256690368614e-4,12.965
2007-06-01,cotton_a_indx,cotton_a_indx,NA,1.33599972,0.2896798655335937,0.0870113769896297,0.00757097972563146,14.881904761904762
2007-07-01,cotton_a_indx,cotton_a_indx,NA,1.49583467,0.4026843587392031,0.11300449320560942,0.01277001548465662,17.247619047619047
2007-08-01,cotton_a_indx,cotton_a_indx,NA,1.46827692,0.3840895500046684,-0.01859480873453465,3.457669118739261e-4,25.12
2007-09-01,cotton_a_indx,cotton_a_indx,NA,1.50244853,0.40709613060086647,0.02300658059619811,5.293027507293597e-4,22.182105263157897
2007-10-01,cotton_a_indx,cotton_a_indx,NA,1.52008549,0.4187665766976358,0.0116704460967692,1.361993120975956e-4,18.859565217391303
2007-11-01,cotton_a_indx,cotton_a_indx,NA,1.53662014,0.4295852902248031,0.01081871352716736,1.170445623829142e-4,26.65714285714286
2007-12-01,cotton_a_indx,cotton_a_indx,NA,1.53331321,0.42743089082777685,-0.00215439939702621,4.641436761906914e-6,23.0965
2008-01-01,cotton_a_indx,cotton_a_indx,NA,1.61488415,0.4792632203555016,0.05183232952772471,0.00268659038427064,27.98952380952381
2008-02-01,cotton_a_indx,cotton_a_indx,NA,1.65456731,0.5035395305377959,0.02427631018229437,5.893392360669693e-4,27.1565
2008-03-01,cotton_a_indx,cotton_a_indx,NA,1.76810524,0.5699084873307937,0.06636895679299783,0.00440483842579081,29.009
2008-04-01,cotton_a_indx,cotton_a_indx,NA,1.66228348,0.5081922474722352,-0.06171623985855847,0.00380889426227912,22.526818181818182
2008-05-01,cotton_a_indx,cotton_a_indx,NA,1.63362342,0.4908005047603661,-0.01739174271186922,3.024727145558562e-4,18.61
2008-06-01,cotton_a_indx,cotton_a_indx,NA,1.69865971,0.5298395342244497,0.03903902946408354,0.00152404582149758,23.19142857142857
2008-07-01,cotton_a_indx,cotton_a_indx,NA,1.70417126,0.5330789280517012,0.00323939382725147,1.0493672368034942e-5,25.66227272727273
2008-08-01,cotton_a_indx,cotton_a_indx,NA,1.7206009281,0.542673606609824,0.00959467855812287,9.205785663370289e-5,22.25952380952381
2008-09-01,cotton_a_indx,cotton_a_indx,NA,1.62260032,0.4840299981931555,-0.05864360841666851,0.00343907280812755,33.21142857142857
2008-10-01,cotton_a_indx,cotton_a_indx,NA,1.37347826,0.31734639825173233,-0.16668359994142315,0.0277834224894324,65.44652173913043
2008-11-01,cotton_a_indx,cotton_a_indx,NA,1.21143869,0.19180865330795532,-0.12553774494377704,0.01575972540556881,65.42684210526316
2008-12-01,cotton_a_indx,cotton_a_indx,NA,1.22246179,0.20086668625470103,0.00905803294674563,8.204796086432949e-5,55.07545454545455
2009-01-01,cotton_a_indx,cotton_a_indx,NA,1.27206574,0.24064214597237876,0.03977545971767762,0.00158208719575259,44.2915
2009-02-01,cotton_a_indx,cotton_a_indx,NA,1.21695024,0.1963479257413746,-0.0442942202310041,0.00196197794587269,45.38947368421053
2009-03-01,cotton_a_indx,cotton_a_indx,NA,1.1353793,0.12696678012801546,-0.06938114561335913,0.00481374336662214,46.09045454545455
2009-04-01,cotton_a_indx,cotton_a_indx,NA,1.25222416,0.22492129818543052,0.097954518057415,0.00959508760786044,38.89857142857143
2009-05-01,cotton_a_indx,cotton_a_indx,NA,1.36576209,0.3117125805334764,0.08679128234804595,0.00753272669161823,32.11
2009-06-01,cotton_a_indx,cotton_a_indx,NA,1.35363668,0.30279480761142163,-0.00891777292205476,7.952667388933325e-5,27.935454545454547
2009-07-01,cotton_a_indx,cotton_a_indx,NA,1.42859376,0.35669057581655395,0.05389576820513225,0.00290475383042134,25.924545454545456
2009-08-01,cotton_a_indx,cotton_a_indx,NA,1.41646835,0.34816669623365404,-0.00852387958289992,7.265652314377819e-5,24.306190476190476
2009-09-01,cotton_a_indx,cotton_a_indx,NA,1.41205911,0.34504900080106815,-0.00311769543258591,9.720024810367086e-6,23.85761904761905
2009-10-01,cotton_a_indx,cotton_a_indx,NA,1.47268616,0.387088053000925,0.04203905219985683,0.00176728190986228,23.250454545454545
2009-11-01,cotton_a_indx,cotton_a_indx,NA,1.58291716,0.45926944851250345,0.07218139551157833,0.0052101538579989,22.546
2009-12-01,cotton_a_indx,cotton_a_indx,NA,1.6755112,0.516118312744656,0.05684886423215259,0.00323179336448571,19.845454545454544
2010-01-01,cotton_a_indx,cotton_a_indx,NA,1.70637588,0.5343717530540063,0.0182534403093503,3.3318808312701444e-4,19.527368421052632
2010-02-01,cotton_a_indx,cotton_a_indx,NA,1.76479831,0.5680364119010486,0.03366465884704225,0.00113330925528774,21.771052631578947
2010-03-01,cotton_a_indx,cotton_a_indx,NA,1.89156396,0.6374039789522415,0.06936756705119296,0.00481185935860175,16.925217391304347
2010-04-01,cotton_a_indx,cotton_a_indx,NA,1.941829296,0.6636304648727495,0.02622648592050789,6.878285637385987e-4,16.136666666666667
2010-05-01,cotton_a_indx,cotton_a_indx,NA,1.985701234,0.6859721182539764,0.02234165338122684,4.991494758068847e-4,30.0335
2010-06-01,cotton_a_indx,cotton_a_indx,NA,2.051178448,0.7184144806687339,0.03244236241475749,0.00105250687905046,28.94090909090909
2010-07-01,cotton_a_indx,cotton_a_indx,NA,1.85538815,0.6180939194536764,-0.1003205612150574,0.01006421500250407,25.016666666666666
2010-08-01,cotton_a_indx,cotton_a_indx,NA,1.9917691881,0.6890232830213149,0.07092936356763838,0.00503097461611022,24.15590909090909
2010-09-01,cotton_a_indx,cotton_a_indx,NA,2.308898526,0.8367705822433793,0.14774729922206448,0.02182926442741425,21.322380952380954
2010-10-01,cotton_a_indx,cotton_a_indx,NA,2.78994661,1.026022459449458,0.18925187720607853,0.03581627302602462,19.86095238095238
2010-11-01,cotton_a_indx,cotton_a_indx,NA,3.40970728476,1.2266264473646062,0.20060398791514836,0.04024195996746099,19.395238095238096
2010-12-01,cotton_a_indx,cotton_a_indx,NA,3.7034088608,1.3092537092309104,0.08262726186630406,0.00682726440352278,16.58681818181818
2011-01-01,cotton_a_indx,cotton_a_indx,NA,3.9446714505,1.372365668320151,0.06311195908924055,0.00398311938008197,15.723
2011-02-01,cotton_a_indx,cotton_a_indx,NA,4.699808916,1.5475218517193157,0.17515618339916453,0.03067968858296176,15.72
2011-03-01,cotton_a_indx,cotton_a_indx,NA,5.063350754,1.6220284684866486,0.07450661676733283,0.0055512359421142,19.893478260869564
2011-04-01,cotton_a_indx,cotton_a_indx,NA,4.77557435667,1.5635142508185107,-0.05851421766813789,0.00342391366931422,15.208
2011-05-01,cotton_a_indx,cotton_a_indx,NA,3.649087024,1.2944770058956123,-0.2690372449228981,0.07238103915570346,16.293809523809525
2011-06-01,cotton_a_indx,cotton_a_indx,NA,3.177518806,1.1561006425533364,-0.13837636334227618,0.01914801793183363,18.918636363636363
2011-07-01,cotton_a_indx,cotton_a_indx,NA,2.6896364,0.9894060171915816,-0.16669462536175483,0.0277870981244958,18.7405
2011-08-01,cotton_a_indx,cotton_a_indx,NA,2.51547142,0.9224602293263549,-0.06694578786522658,0.00448173851289591,35.068695652173915
2011-09-01,cotton_a_indx,cotton_a_indx,NA,2.576318932,0.946361609584616,0.02390138025826103,5.712759782499903e-4,36.64380952380952
2011-10-01,cotton_a_indx,cotton_a_indx,NA,2.438530182,0.8913954733724878,-0.05496613621212815,0.00302127613009022,32.00857142857143
2011-11-01,cotton_a_indx,cotton_a_indx,NA,2.307796216,0.83629305012027,-0.05510242325221784,0.00303627704826655,31.412380952380953
2011-12-01,cotton_a_indx,cotton_a_indx,NA,2.10430979,0.7439875226300815,-0.09230552749018849,0.00852031040524194,25.03952380952381
2012-01-01,cotton_a_indx,cotton_a_indx,NA,2.229091282,0.8015940055616327,0.05760648293155125,0.0033185068757431,18.9415
2012-02-01,cotton_a_indx,cotton_a_indx,NA,2.22115465,0.7980271732851173,-0.00356683227651542,1.2722292488792182e-5,16.691
2012-03-01,cotton_a_indx,cotton_a_indx,NA,2.1935969,0.7855426166228721,-0.01248455666224517,1.558641550528103e-4,14.962727272727273
2012-04-01,cotton_a_indx,cotton_a_indx,NA,2.203297228,0.7899549783743838,0.0044123617515118,1.946893622620433e-5,17.177
2012-05-01,cotton_a_indx,cotton_a_indx,NA,1.951840275,0.6687726583109765,-0.12118232006340728,0.01468515469595008,20.547272727272727
2012-06-01,cotton_a_indx,cotton_a_indx,NA,1.811756716,0.5942969359135887,-0.07447572239738785,0.00554663322661277,20.750476190476192
2012-07-01,cotton_a_indx,cotton_a_indx,NA,1.851219414,0.6158445646537968,0.02154762874020801,4.6430030432583847e-4,16.954761904761906
2012-08-01,cotton_a_indx,cotton_a_indx,NA,1.86069928,0.6209523740602363,0.00510780940643954,2.6089716932512323e-5,14.969130434782608
2012-09-01,cotton_a_indx,cotton_a_indx,NA,1.85518773,0.6179858930951398,-0.0029664809650964,8.800009316279302e-6,14.31421052631579
2012-10-01,cotton_a_indx,cotton_a_indx,NA,1.80668609,0.5914942776481635,-0.02649161544697634,7.018056889904755e-4,15.469047619047618
2012-11-01,cotton_a_indx,cotton_a_indx,NA,1.782876194,0.5782278995660557,-0.0132663780821079,1.7599678741743292e-4,17.155714285714286
2012-12-01,cotton_a_indx,cotton_a_indx,NA,1.837991694,0.608673504880847,0.03044560531479122,9.269348829840434e-4,17.351
2013-01-01,cotton_a_indx,cotton_a_indx,NA,1.885170562,0.6340183006261889,0.025344795745342,6.42358671373106e-4,13.121904761904762
2013-02-01,cotton_a_indx,cotton_a_indx,NA,1.977764602,0.6819672180295171,0.04794891740332809,0.00229909868015117,13.512105263157894
2013-03-01,cotton_a_indx,cotton_a_indx,NA,2.08226359,0.7334555664058435,0.0514883483763264,0.00265105001852195,12.3915
2013-04-01,cotton_a_indx,cotton_a_indx,NA,2.034423336,0.7102124057638779,-0.02324316064196563,5.402445166282202e-4,13.251363636363635
2013-05-01,cotton_a_indx,cotton_a_indx,NA,2.043021354,0.7144297680569249,0.00421736229304695,1.7786144710814294e-5,12.914090909090907
2013-06-01,cotton_a_indx,cotton_a_indx,NA,2.052060296,0.718844310892416,0.004414542835491,1.9488188446384935e-5,17.156
2013-07-01,cotton_a_indx,cotton_a_indx,NA,2.041919044,0.7138900735109309,-0.00495423738148508,2.4544468032104234e-5,13.626818181818182
2013-08-01,cotton_a_indx,cotton_a_indx,NA,2.04478505,0.7152926739458696,0.00140260043493875,1.9672879800903795e-6,13.863636363636363
2013-09-01,cotton_a_indx,cotton_a_indx,NA,1.986142158,0.6861941431216736,-0.02909853082419596,8.467244961266824e-4,14.2915
2013-10-01,cotton_a_indx,cotton_a_indx,NA,1.970268894,0.6781700278516255,-0.00802411527004805,6.438642586701837e-5,14.32304347826087
2013-11-01,cotton_a_indx,cotton_a_indx,NA,1.865769906,0.6236737861403395,-0.05449624171128606,0.00296984036065491,11.9565
2013-12-01,cotton_a_indx,cotton_a_indx,NA,1.9287669225,0.6568808984739829,0.03320711233364333,0.0011027123095392,12.995238095238095
2014-01-01,cotton_a_indx,cotton_a_indx,NA,2.005322352,0.6958048219006054,0.03892392342662253,0.00151507181492157,13.057142857142855
2014-02-01,cotton_a_indx,cotton_a_indx,NA,2.07344511,0.7292115282053644,0.03340670630475889,0.00111600802613241,14.179473684210526
2014-03-01,cotton_a_indx,cotton_a_indx,NA,2.13737909,0.7595803541469858,0.0303688259416214,9.222655890724974e-4,13.592380952380951
2014-04-01,cotton_a_indx,cotton_a_indx,NA,2.07675204,0.7308051540406424,-0.02877520010634336,8.280121411601031e-4,13.485238095238095
2014-05-01,cotton_a_indx,cotton_a_indx,NA,2.043903202,0.714861314077216,-0.01594383996342639,2.542060327793525e-4,11.76142857142857
2014-06-01,cotton_a_indx,cotton_a_indx,NA,2.00399958,0.695144973641758,-0.01971634043545801,3.887340801668765e-4,10.298571428571428
2014-07-01,cotton_a_indx,cotton_a_indx,NA,1.848353408,0.614295193031057,-0.08084978061070108,0.00653668702479849,10.638636363636364
2014-08-01,cotton_a_indx,cotton_a_indx,NA,1.6314188,0.4894500656624947,-0.12484512736856214,0.0155863058276725,12.414761904761905
2014-09-01,cotton_a_indx,cotton_a_indx,NA,1.617750156,0.48103639138546095,-0.00841367427703379,7.07899148400201e-5,11.91190476190476
2014-10-01,cotton_a_indx,cotton_a_indx,NA,1.550729708,0.4387255995041613,-0.04231079188129968,0.00179020310962265,16.911304347826086
2014-11-01,cotton_a_indx,cotton_a_indx,NA,1.488559424,0.3978088227460266,-0.04091677675813474,0.00167418262027503,12.243684210526316
2014-12-01,cotton_a_indx,cotton_a_indx,NA,1.50575546,0.40929473903506935,0.01148591628904276,1.3192627299889783e-4,14.90681818181818
2015-01-01,cotton_a_indx,cotton_a_indx,NA,1.48481157,0.3952878753146979,-0.01400686372037148,1.9619223128105896e-4,17.9875
2015-02-01,cotton_a_indx,cotton_a_indx,NA,1.539706608,0.4315918839896716,0.0363040086749737,0.00131798104587256,15.321052631578947
2015-03-01,cotton_a_indx,cotton_a_indx,NA,1.52890397,0.4245511192191655,-0.00704076477050614,4.9572368553600445e-5,15.016818181818184
2015-04-01,cotton_a_indx,cotton_a_indx,NA,1.58071254,0.4578757200638996,0.03332460084473413,0.00111052902146085,13.758571428571427
2015-05-01,cotton_a_indx,cotton_a_indx,NA,1.606286132,0.4739247640387426,0.01604904397484295,2.575718125064429e-4,13.6325
2015-06-01,cotton_a_indx,cotton_a_indx,NA,1.59504257,0.4669004255358178,-0.00702433850292485,4.934133140367256e-5,14.83090909090909
2015-07-01,cotton_a_indx,cotton_a_indx,NA,1.59504257,0.4669004255358178,0,0,14.55090909090909
2015-08-01,cotton_a_indx,cotton_a_indx,NA,1.583358084,0.4595479612562618,-0.00735246427955601,5.405873098214718e-5,19.58809523809524
2015-09-01,cotton_a_indx,cotton_a_indx,NA,1.515455788,0.4157162438800127,-0.04383171737624906,0.00192121944815137,24.604285714285716
2015-10-01,cotton_a_indx,cotton_a_indx,NA,1.521849186,0.4199261651737092,0.00420992129369649,1.7723437299119194e-5,16.977272727272727
2015-11-01,cotton_a_indx,cotton_a_indx,NA,1.526037964,0.4226748106655231,0.00274864549181391,7.555052039668982e-6,16.008
2015-12-01,cotton_a_indx,cotton_a_indx,NA,1.551832018,0.4394361800783652,0.01676136941284213,2.8094350459376e-4,18.304545454545455
2016-01-01,cotton_a_indx,cotton_a_indx,NA,1.51567625,0.4158617090050056,-0.02357447107335951,5.557556863886646e-4,24.33105263157895
2016-02-01,cotton_a_indx,cotton_a_indx,NA,1.467615534,0.38363899807093726,-0.03222271093406843,0.00103830309994053,24.109
2016-03-01,cotton_a_indx,cotton_a_indx,NA,1.443144252,0.36682424153135934,-0.01681475653957784,2.82736037485276e-4,16.398636363636363
2016-04-01,cotton_a_indx,cotton_a_indx,NA,1.527360736,0.4235412367125047,0.05671699518114529,0.00321681754237805,14.347142857142858
2016-05-01,cotton_a_indx,cotton_a_indx,NA,1.549406936,0.4378722357772214,0.01433099906471671,2.0537753419291145e-4,14.791904761904762
2016-06-01,cotton_a_indx,cotton_a_indx,NA,1.63362342,0.4908005047603661,0.05292826898314465,0.00280140165755211,16.635
2016-07-01,cotton_a_indx,cotton_a_indx,NA,1.787064972,0.5805745936584874,0.08977408889812137,0.00805938703748779,12.3075
2016-08-01,cotton_a_indx,cotton_a_indx,NA,1.769428012,0.5706563372970956,-0.0099182563613918,9.837180925028902e-5,11.22391304347826
2016-09-01,cotton_a_indx,cotton_a_indx,NA,1.716517132,0.5402973146406346,-0.03035902265646112,9.216702566555198e-4,13.593333333333334
2016-10-01,cotton_a_indx,cotton_a_indx,NA,1.731067624,0.5487383418665852,0.00844102722595075,7.125094062924181e-5,14.816190476190476
2016-11-01,cotton_a_indx,cotton_a_indx,NA,1.739886104,0.5538196536127395,0.0050813117461543,2.581972906160574e-5,15.33952380952381
2016-12-01,cotton_a_indx,cotton_a_indx,NA,1.7526729,0.5611419941186112,0.0073223405058717,5.361667048392954e-5,11.956190476190477
2017-01-01,cotton_a_indx,cotton_a_indx,NA,1.815063646,0.5961205337686596,0.03497853965004836,0.00122349823605,10.7905
2017-02-01,cotton_a_indx,cotton_a_indx,NA,1.87723393,0.6297993795670223,0.03367884579836261,0.00113426465430988,10.510526315789471
2017-03-01,cotton_a_indx,cotton_a_indx,NA,1.913169236,0.6487611528285296,0.0189617732615074,3.595488452208171e-4,10.640869565217391
2017-04-01,cotton_a_indx,cotton_a_indx,NA,1.918901248,0.6517527555659575,0.00299160273742778,8.949686938585422e-6,11.57315789473684
2017-05-01,cotton_a_indx,cotton_a_indx,NA,1.954175168,0.6699681954572986,0.01821543989134112,3.318022504350614e-4,9.971363636363636
2017-06-01,cotton_a_indx,cotton_a_indx,NA,1.868635912,0.6252087058584233,-0.04475948959887531,0.00200341190915182,9.42318181818182
2017-07-01,cotton_a_indx,cotton_a_indx,NA,1.853864958,0.6172726263031315,-0.00793607955529173,6.298135870791943e-5,8.8765
2017-08-01,cotton_a_indx,cotton_a_indx,NA,1.749145508,0.559127387544509,-0.05814523875862249,0.00338086879029721,10.177391304347823
2017-09-01,cotton_a_indx,cotton_a_indx,NA,1.77692372,0.5748836219709076,0.01575623442639855,2.482589232996268e-4,8.6015
2017-10-01,cotton_a_indx,cotton_a_indx,NA,1.73283132,0.5497566718934859,-0.02512695007742176,6.313636201932453e-4,8.02
2017-11-01,cotton_a_indx,cotton_a_indx,NA,1.772734942,0.5725235190183826,0.02276684712489689,5.183293280084262e-4,9.127142857142855
2017-12-01,cotton_a_indx,cotton_a_indx,NA,1.883186404,0.6329652378716454,0.06044171885326262,0.00365320137793684,8.8275
2018-01-01,cotton_a_indx,cotton_a_indx,NA,2.007526972,0.696903602364961,0.0639383644933157,0.00408811445408009,10.367619047619048
2018-02-01,cotton_a_indx,cotton_a_indx,NA,1.946018074,0.6657852714904664,-0.03111833087449458,9.683505164145228e-4,20.133157894736843
2018-03-01,cotton_a_indx,cotton_a_indx,NA,2.031336868,0.7086941319660958,0.04290886047562949,0.00184117030731703,18.04904761904762
2018-04-01,cotton_a_indx,cotton_a_indx,NA,2.033541488,0.7097788484191285,0.00108471645303281,1.176609783480101e-6,18.777142857142856
2018-05-01,cotton_a_indx,cotton_a_indx,NA,2.082924976,0.7337731443474319,0.02399429592830329,5.757262370949919e-4,13.694545454545455
2018-06-01,cotton_a_indx,cotton_a_indx,NA,2.154134202,0.7673888804145766,0.03361573606714489,0.0011300177113359401,12.694761904761904
2018-07-01,cotton_a_indx,cotton_a_indx,NA,2.120403516,0.7516064083078415,-0.01578247210673508,2.49086425799871e-4,11.917619047619048
2018-08-01,cotton_a_indx,cotton_a_indx,NA,2.08446821,0.7345137675627913,-0.01709264074505019,2.9215836763934994e-4,10.972608695652172
2018-09-01,cotton_a_indx,cotton_a_indx,NA,1.992094632,0.6891866640581275,-0.04532710350466399,0.00205454631212252,11.564736842105264
2018-10-01,cotton_a_indx,cotton_a_indx,NA,1.91361016,0.6489915941246294,-0.04019506993349803,0.00161564364695879,19.855217391304347
2018-11-01,cotton_a_indx,cotton_a_indx,NA,1.912948774,0.6486459122637233,-3.456818609061805e-4,1.1949594895955997e-7,20.95047619047619
2018-12-01,cotton_a_indx,cotton_a_indx,NA,1.8959732,0.6397322687118326,-0.0089136435518906,7.945304137016093e-5,27.11578947368421
2019-01-01,cotton_a_indx,cotton_a_indx,NA,1.81550457,0.5963634290819743,-0.04336883962985834,0.00188085625084037,20.525238095238095
2019-02-01,cotton_a_indx,cotton_a_indx,NA,1.78904913,0.5816842664189251,-0.0146791626630492,2.1547781648825773e-4,15.287368421052632
2019-03-01,cotton_a_indx,cotton_a_indx,NA,1.847692022,0.6139373045691398,0.03225303815021467,0.0010402584699192,14.717619047619047
2019-04-01,cotton_a_indx,cotton_a_indx,NA,1.92353095,0.6541625335408614,0.04022522897172184,0.00161806904582745,12.57
2019-05-01,cotton_a_indx,cotton_a_indx,NA,1.766782468,0.5691600776663234,-0.08500245587453806,0.00722541750470279,17.937272727272727
2019-06-01,cotton_a_indx,cotton_a_indx,NA,1.71188743,0.537596522053021,-0.03156355561330238,9.962580429540323e-4,16.889
2019-07-01,cotton_a_indx,cotton_a_indx,NA,1.665369948,0.5100472897426357,-0.02754923231038528,7.589602008915763e-4,13.022272727272728
2019-08-01,cotton_a_indx,cotton_a_indx,NA,1.560430036,0.4449614473756423,-0.06508584236699334,0.0042361668766211,20.66590909090909
2019-09-01,cotton_a_indx,cotton_a_indx,NA,1.572114522,0.4524215424985371,0.00746009512289475,5.56530192426381e-5,16.092
2019-10-01,cotton_a_indx,cotton_a_indx,NA,1.628773256,0.4878271277893641,0.03540558529082695,0.00125355546978602,16.411739130434782
2019-11-01,cotton_a_indx,cotton_a_indx,NA,1.650378532,0.5010046749346078,0.01317754714524384,1.7364774876512415e-4,12.7645
2019-12-01,cotton_a_indx,cotton_a_indx,NA,1.671763346,0.5138789651711692,0.01287429023656141,1.6574734909522042e-4,13.598571428571429
2020-01-01,cotton_a_indx,cotton_a_indx,NA,1.743193034,0.5557185085411606,0.04183954336999146,0.00175054738940939,14.055714285714286
2020-02-01,cotton_a_indx,cotton_a_indx,NA,1.688077534,0.523590327583357,-0.03212818095780355,0.00103222001165737,20.178421052631577
2020-03-01,cotton_a_indx,cotton_a_indx,NA,1.492307278,0.4003234309788411,-0.12326689660451592,0.01519472779850841,63.317727272727275
2020-04-01,cotton_a_indx,cotton_a_indx,NA,1.400595086,0.33689720773676685,-0.06342622324207436,0.00402288579475345,43.6047619047619
2020-05-01,cotton_a_indx,cotton_a_indx,NA,1.44843534,0.3704838979488898,0.03358669021212303,0.00112806575940512,31.078
2020-06-01,cotton_a_indx,cotton_a_indx,NA,1.49473236,0.4019471674046748,0.03146326945578489,9.899373248473263e-4,29.99681818181818
2020-07-01,cotton_a_indx,cotton_a_indx,NA,1.510605624,0.41251064591424413,0.01056347850956924,1.1158707822213127e-4,24.80090909090909
2020-08-01,cotton_a_indx,cotton_a_indx,NA,1.541911228,0.4330227040935547,0.02051205817931065,4.207445307514252e-4,20.337619047619047
2020-09-01,cotton_a_indx,cotton_a_indx,NA,1.561091422,0.4453852061220075,0.01236250202845291,1.5283145640350234e-4,28.017142857142854
2020-10-01,cotton_a_indx,cotton_a_indx,NA,1.649496684,0.5004702013783251,0.05508499525631746,0.00303435670238851,30.815
2020-11-01,cotton_a_indx,cotton_a_indx,NA,1.713430664,0.5384975969675643,0.03802739558923932,0.00144608281530049,25.357
2020-12-01,cotton_a_indx,cotton_a_indx,NA,1.786183124,0.5800810102328694,0.04158341326530497,0.00172918025879314,21.704090909090908
2021-01-01,cotton_a_indx,cotton_a_indx,NA,1.923090026,0.653933280903452,0.0738522706705826,0.00545415788320099,23.288947368421052
2021-02-01,cotton_a_indx,cotton_a_indx,NA,2.045005512,0.7154004848456558,0.06146720394220381,0.00377821716047247,21.877894736842105
2021-03-01,cotton_a_indx,cotton_a_indx,NA,2.01612499,0.7011773472951995,-0.01422313755045631,2.022976417792005e-4,21.119565217391305
2021-04-01,cotton_a_indx,cotton_a_indx,NA,2.000251726,0.6932730356398625,-0.00790431165533696,6.24781427446958e-5,16.409523809523808
2021-05-01,cotton_a_indx,cotton_a_indx,NA,2.003779118,0.695034956589004,0.00176192094914161,3.104365431024099e-6,18.599
2021-06-01,cotton_a_indx,cotton_a_indx,NA,2.0833659,0.733984806958022,0.03894985036901788,0.00151709084376888,14.940454545454545
2021-07-01,cotton_a_indx,cotton_a_indx,NA,2.15391374,0.767286531507062,0.03330172454904016,0.00110900485794014,15.47095238095238
2021-08-01,cotton_a_indx,cotton_a_indx,NA,2.23328006,0.8034713837129626,0.03618485220590052,0.00130934352916286,15.008181818181818
2021-09-01,cotton_a_indx,cotton_a_indx,NA,2.285750016,0.8266942050622895,0.02322282134932697,5.392994314227567e-4,17.5625
1990-01-01,crude_wti,crude_wti,NA,22.65,3.120159851929043,0.07088681144702204,0.00502494003712565,23.49909090909091
1990-02-01,crude_wti,crude_wti,NA,22.1,3.095577608523707,-0.02458224340533579,6.04286690839175e-4,23.326842105263157
1990-03-01,crude_wti,crude_wti,NA,20.4,3.0155349008501706,-0.0800427076735366,0.00640683505171123,18.831363636363637
1990-04-01,crude_wti,crude_wti,NA,18.6,2.923161580719156,-0.09237332013101504,0.00853283027202699,20.4575
1990-05-01,crude_wti,crude_wti,NA,18.45,2.915064370486536,-0.00809721023261947,6.556481355123752e-5,18.151818181818182
1990-06-01,crude_wti,crude_wti,NA,16.85,2.8243506567983707,-0.09071371368816536,0.00822897785109844,17.582857142857144
1990-07-01,crude_wti,crude_wti,NA,18.65,2.9258461460898246,0.10149548929145374,0.0103013343465116,18.93285714285714
1990-08-01,crude_wti,crude_wti,NA,27.15,3.3013770463799443,0.37553090029011993,0.141023457072708,27.77521739130435
1990-09-01,crude_wti,crude_wti,NA,33.7,3.517497837358316,0.21612079097837172,0.04670819629311704,28.818947368421053
1990-10-01,crude_wti,crude_wti,NA,35.9,3.580737295494233,0.06323945813591697,0.00399922906532439,30.130434782608695
1990-11-01,crude_wti,crude_wti,NA,32.30000000000001,3.4750672302286114,-0.10567006526562188,0.01116616269324078,25.106666666666666
1990-12-01,crude_wti,crude_wti,NA,27.15,3.3013770463799443,-0.17369018384866677,0.03016827996538365,22.5845
1991-01-01,crude_wti,crude_wti,NA,24.7,3.2068032436339315,-0.09457380274601292,0.00894420416584176,26.93181818181818
1991-02-01,crude_wti,crude_wti,NA,20.55,3.022860940942244,-0.18394230269168788,0.03383477071952053,22.11263157894737
1991-03-01,crude_wti,crude_wti,NA,19.9,2.990719731730447,-0.03214120921179698,0.0010330573295965,19.041052631578943
1991-04-01,crude_wti,crude_wti,NA,20.8,3.0349529867072724,0.04423325497682566,0.00195658084584487,18.92727272727273
1991-05-01,crude_wti,crude_wti,NA,21.25,3.056356895370426,0.02140390866315358,4.5812730606062087e-4,17.180454545454545
1991-06-01,crude_wti,crude_wti,NA,20.2,3.005682604407159,-0.05067429096326678,0.00256788376462982,17.575
1991-07-01,crude_wti,crude_wti,NA,21.45,3.065724645374026,0.06004204096686695,0.00360504668346692,17.669545454545453
1991-08-01,crude_wti,crude_wti,NA,21.7,3.077312260546414,0.01158761517238782,1.342728253833526e-4,15.932727272727272
1991-09-01,crude_wti,crude_wti,NA,21.85,3.084200921541599,0.00688866099518531,4.7453650306587545e-5,17.029
1991-10-01,crude_wti,crude_wti,NA,23.25,3.1463051320333655,0.06210421049176617,0.0038569329608056,16.846363636363638
1991-11-01,crude_wti,crude_wti,NA,22.6,3.1179499062782403,-0.02835522575512501,8.040188276241047e-4,17.6815
1991-12-01,crude_wti,crude_wti,NA,19.55,2.972975286431375,-0.1449746198468655,0.02101764039974316,18.018571428571427
1992-01-01,crude_wti,crude_wti,NA,18.8,2.933856869835904,-0.03911841659547125,0.00153025051693684,17.499545454545455
1992-02-01,crude_wti,crude_wti,NA,19,2.9444389791664403,0.010582109330537,1.119810378834384e-4,17.050526315789472
1992-03-01,crude_wti,crude_wti,NA,18.95,2.941803931528435,-0.00263504763800511,6.943476054556329e-6,16.222727272727273
1992-04-01,crude_wti,crude_wti,NA,20.25,3.0081547935525483,0.06635086202411286,0.00440243689134286,16.18857142857143
1992-05-01,crude_wti,crude_wti,NA,21,3.044522437723423,0.03636764417087479,0.00132260554253936,14.728
1992-06-01,crude_wti,crude_wti,NA,22.35,3.106826321059578,0.06230388333615484,0.00388177387876519,14.75318181818182
1992-07-01,crude_wti,crude_wti,NA,21.75,3.079613757534693,-0.02721256352488481,7.405236135958914e-4,13.303636363636365
1992-08-01,crude_wti,crude_wti,NA,21.3,3.0587070727153796,-0.0209066848193136,4.3708947013411777e-4,14.422380952380951
1992-09-01,crude_wti,crude_wti,NA,21.9,3.086486636822455,0.02777956410707567,7.717041819791269e-4,14.258571428571427
1992-10-01,crude_wti,crude_wti,NA,21.7,3.077312260546414,-0.00917437627604127,8.416918005438887e-5,17.478636363636365
1992-11-01,crude_wti,crude_wti,NA,20.35,3.013080911888604,-0.06423134865780976,0.00412566615040111,14.594
1992-12-01,crude_wti,crude_wti,NA,19.4,2.9652730660692823,-0.04780784581932166,0.00228559012188403,12.781363636363636
1993-01-01,crude_wti,crude_wti,NA,19.05,2.94706710157271,-0.01820596449657241,3.3145714325045507e-4,12.5745
1993-02-01,crude_wti,crude_wti,NA,20.05,2.998229153752578,0.05116205217986827,0.00261755558325556,13.505263157894737
1993-03-01,crude_wti,crude_wti,NA,20.35,3.013080911888604,0.01485175813602576,2.2057471973100737e-4,13.657391304347826
1993-04-01,crude_wti,crude_wti,NA,20.3,3.0106208860477417,-0.00246002584086242,6.051727137710871e-6,13.49952380952381
1993-05-01,crude_wti,crude_wti,NA,20,2.995732273553991,-0.01488861249375063,2.2167078198906756e-4,13.535
1993-06-01,crude_wti,crude_wti,NA,19.15,2.952302715626655,-0.0434295579273361,0.00188612650176384,13.002272727272729
1993-07-01,crude_wti,crude_wti,NA,17.9,2.884800712846709,-0.06750200277994568,0.00455652037930379,11.99952380952381
1993-08-01,crude_wti,crude_wti,NA,18,2.8903717578961645,0.00557104504945542,3.103654294306185e-5,11.952272727272728
1993-09-01,crude_wti,crude_wti,NA,17.5,2.862200880929469,-0.02817087696669633,7.935983090727421e-4,12.621428571428572
1993-10-01,crude_wti,crude_wti,NA,18.15,2.8986705607108596,0.03646967978139141,0.00133003754335722,11.377142857142855
1993-11-01,crude_wti,crude_wti,NA,16.75,2.8183982582710754,-0.08027230243978423,0.00644364253898418,13.370952380952382
1993-12-01,crude_wti,crude_wti,NA,15.55,2.744060638625243,-0.07433761964583226,0.00552608169460842,10.864545454545455
1994-01-01,crude_wti,crude_wti,NA,15,2.70805020110221,-0.03601043752303317,0.00129675161060027,10.605238095238096
1994-02-01,crude_wti,crude_wti,NA,14.75,2.691243082785829,-0.01680711831638129,2.824792261008394e-4,12.885263157894736
1994-03-01,crude_wti,crude_wti,NA,14.65,2.6844403354630764,-0.00680274732275252,4.627737113721662e-5,14.240869565217391
1994-04-01,crude_wti,crude_wti,NA,16.3,2.791165107812717,0.10672477234964044,0.01139017703308258,15.334736842105263
1994-05-01,crude_wti,crude_wti,NA,17.85,2.8820035082256483,0.09083840041293154,0.00825161498958008,13.39
1994-06-01,crude_wti,crude_wti,NA,19.05,2.94706710157271,0.06506359334706187,0.00423327117923183,12.94590909090909
1994-07-01,crude_wti,crude_wti,NA,19.65,2.9780773383152703,0.03101023674256021,9.616347828296318e-4,12.1635
1994-08-01,crude_wti,crude_wti,NA,18.35,2.9096295745005794,-0.06844776381469077,0.00468509637123169,11.39304347826087
1994-09-01,crude_wti,crude_wti,NA,17.45,2.859339648648436,-0.05028992585214317,0.00252907664221405,12.612380952380953
1994-10-01,crude_wti,crude_wti,NA,17.65,2.8707357833793057,0.01139613473086958,1.2987188680413194e-4,15.04952380952381
1994-11-01,crude_wti,crude_wti,NA,18.1,2.89591193827178,0.0251761548924744,6.338387751698628e-4,16.249523809523808
1994-12-01,crude_wti,crude_wti,NA,17.16,2.8425810940598164,-0.05333084421196386,0.00284417894436076,13.806666666666668
1995-01-01,crude_wti,crude_wti,NA,17.98999999999999,2.8898160479624413,0.04723495390262498,0.0022311408701831,11.711904761904762
1995-02-01,crude_wti,crude_wti,NA,18.53,2.9193910402972683,0.02957499233482722,8.746801716050888e-4,11.197368421052632
1995-03-01,crude_wti,crude_wti,NA,18.54,2.919930560137709,5.395198404405094e-4,2.910816582289528e-7,11.971304347826086
1995-04-01,crude_wti,crude_wti,NA,19.87,2.9892110565637253,0.06928049642601654,0.00479978718503529,12.51684210526316
1995-05-01,crude_wti,crude_wti,NA,19.64,2.97756830292632,-0.01164275363740567,1.355537122613231e-4,12.458636363636364
1995-06-01,crude_wti,crude_wti,NA,18.5,2.917770732084279,-0.05979757084204067,0.00357574947860887,13.17909090909091
1995-07-01,crude_wti,crude_wti,NA,17.42,2.857618971424357,-0.06015176065992235,0.00361823431048858,14.0765
1995-08-01,crude_wti,crude_wti,NA,17.959999999999997,2.8881470628740535,0.03052809144969654,9.319643675610352e-4,13.348695652173912
1995-09-01,crude_wti,crude_wti,NA,18.03,2.8920370372152258,0.00388997434117251,1.513190037498051e-5,12.237
1995-10-01,crude_wti,crude_wti,NA,17.329999999999995,2.8524391037275145,-0.0395979334877115,0.00156799633649722,14.237727272727271
1995-11-01,crude_wti,crude_wti,NA,17.79,2.8786365016777435,0.02619739795022922,6.863036593626742e-4,12.971904761904762
1995-12-01,crude_wti,crude_wti,NA,18.829999999999995,2.9354513426690607,0.05681484099131714,0.00322792615686865,12.288
1996-01-01,crude_wti,crude_wti,NA,18.89,2.9386326815134183,0.00318133884435743,1.0120916842617504e-5,14.150454545454544
1996-02-01,crude_wti,crude_wti,NA,19.07,2.9481164196123277,0.00948373809890939,8.994128832870555e-5,16.238
1996-03-01,crude_wti,crude_wti,NA,21.16,3.052112606990099,0.10399618737777092,0.01081520698911244,19.081904761904763
1996-04-01,crude_wti,crude_wti,NA,23.2,3.1441522786722644,0.09203967168216567,0.00847130116336085,17.512857142857143
1996-05-01,crude_wti,crude_wti,NA,21.08,3.0483247236731614,-0.09582755499910273,0.00918292029710605,16.96681818181818
1996-06-01,crude_wti,crude_wti,NA,20.27,3.0091419604639085,-0.03918276320925282,0.00153528893271237,17.6755
1996-07-01,crude_wti,crude_wti,NA,21.36,3.061520014091994,0.05237805362808543,0.00274346050186659,19.341818181818184
1996-08-01,crude_wti,crude_wti,NA,21.97,3.089677886396519,0.02815787230452468,7.928657727179182e-4,16.478181818181817
1996-09-01,crude_wti,crude_wti,NA,23.92,3.1747149290824312,0.08503704268591236,0.00723129862876568,17.2785
1996-10-01,crude_wti,crude_wti,NA,24.94,3.2164729402518906,0.04175801116945932,0.00174373149682868,17.401304347826088
1996-11-01,crude_wti,crude_wti,NA,23.66,3.1637858585502405,-0.05268708170164967,0.0027759285782363,17.1635
1996-12-01,crude_wti,crude_wti,NA,25.32,3.2315945972759756,0.06780873872573476,0.00459802504757496,20.118
1997-01-01,crude_wti,crude_wti,NA,24.93,3.2160718975354663,-0.015522699740509,2.409542072339982e-4,21.031363636363636
1997-02-01,crude_wti,crude_wti,NA,21.83,3.0832851705618523,-0.13278672697361404,0.01763231486036512,21.647894736842105
1997-03-01,crude_wti,crude_wti,NA,20.69,3.029650491757452,-0.05363467880440067,0.00287667877045122,22.3035
1997-04-01,crude_wti,crude_wti,NA,19.4,2.9652730660692823,-0.06437742568816941,0.00414445293823577,21.507727272727273
1997-05-01,crude_wti,crude_wti,NA,20.504799999999996,3.0206590050778495,0.05538593900856686,0.00306760223986068,21.927619047619046
1997-06-01,crude_wti,crude_wti,NA,18.87,2.9375733593804587,-0.08308564569739048,0.0069032245209523,22.743333333333332
1997-07-01,crude_wti,crude_wti,NA,19.3,2.9601050959108397,0.02253173653038095,5.076791510745037e-4,23.24772727272727
1997-08-01,crude_wti,crude_wti,NA,19.62,2.976549454137217,0.01644435822637726,2.7041691747742145e-4,25.153809523809525
1997-09-01,crude_wti,crude_wti,NA,19.58523809524,2.9747761240640673,-0.00177333007314989,3.1446995483378135e-6,25.59285714285714
1997-10-01,crude_wti,crude_wti,NA,21.21,3.0544727685765913,0.07969664451252391,0.0063515551465556,25.615652173913045
1997-11-01,crude_wti,crude_wti,NA,19.88,2.989714201228428,-0.0647585673481632,0.00419367204498658,31.545263157894738
1997-12-01,crude_wti,crude_wti,NA,18.09,2.895359299407204,-0.09435490182122422,0.00890284749769286,26.473181818181818
1998-01-01,crude_wti,crude_wti,NA,16.510000000000005,2.803966257932037,-0.09139304147516682,0.00835268803008156,24.4275
1998-02-01,crude_wti,crude_wti,NA,15.81,2.7606426512213806,-0.0433236067106563,0.00187693489841962,20.386315789473684
1998-03-01,crude_wti,crude_wti,NA,14.76,2.6919208191723265,-0.0687218320490542,0.00472269020017841,20.543181818181814
1998-04-01,crude_wti,crude_wti,NA,15.32,2.729159164312445,0.03723834514011879,0.0013866943487746,22.53809523809524
1998-05-01,crude_wti,crude_wti,NA,14.9,2.7013612129514133,-0.02779795136103175,7.727260998702871e-4,21.4485
1998-06-01,crude_wti,crude_wti,NA,13.706,2.617833693163632,-0.08352751978778154,0.00697684656189823,21.996363636363636
1998-07-01,crude_wti,crude_wti,NA,14.112,2.6470254992644353,0.02919180610080349,8.521615434269081e-4,20.25181818181818
1998-08-01,crude_wti,crude_wti,NA,13.402400000000002,2.5954337953971858,-0.0515917038672498,0.00266170390792599,31.48857142857143
1998-09-01,crude_wti,crude_wti,NA,14.98,2.7067159780890733,0.11128218269188768,0.01238372418467066,39.247142857142855
1998-10-01,crude_wti,crude_wti,NA,14.42,2.668616131856803,-0.0380998462322704,0.00145159828292264,37.45409090909091
1998-11-01,crude_wti,crude_wti,NA,12.96,2.561867690924129,-0.10674844093267433,0.01139522964155666,25.038
1998-12-01,crude_wti,crude_wti,NA,11.31,2.425687290128029,-0.13618040079609964,0.01854510156098633,25.47681818181818
1999-01-01,crude_wti,crude_wti,NA,12.49,2.5249283241374862,0.09924103400945712,0.00984878283126622,28.616842105263157
1999-02-01,crude_wti,crude_wti,NA,12.01,2.485739636091892,-0.03918868804559412,0.00153575327073489,29.93842105263158
1999-03-01,crude_wti,crude_wti,NA,14.66,2.6851226964585053,0.19938306036661327,0.03975360476115655,26.475652173913044
1999-04-01,crude_wti,crude_wti,NA,17.34,2.853015971352396,0.1678932748938904,0.02818815175459544,24.693809523809524
1999-05-01,crude_wti,crude_wti,NA,17.75,2.8763855159214247,0.02336954456902896,5.461356133638312e-4,27.3765
1999-06-01,crude_wti,crude_wti,NA,17.89,2.884241897520628,0.00785638159920311,6.172273183229724e-5,24.123636363636365
1999-07-01,crude_wti,crude_wti,NA,20.07,2.9992261628082466,0.114984265287619,0.01322138126373354,21.486666666666668
1999-08-01,crude_wti,crude_wti,NA,21.25,3.056356895370426,0.05713073256217903,0.00326392060309122,24.90909090909091
1999-09-01,crude_wti,crude_wti,NA,23.86,3.17220341666977,0.11584652129934428,0.01342041649715942,25.58
1999-10-01,crude_wti,crude_wti,NA,22.64,3.119718253334982,-0.05248516333478786,0.00275469237027936,25.37
1999-11-01,crude_wti,crude_wti,NA,24.85,3.2128577525426376,0.09313949920765556,0.00867496631265287,22.22952380952381
1999-12-01,crude_wti,crude_wti,NA,26.08,3.261168737058452,0.04831098451581438,0.00233395122488725,23.222272727272728
2000-01-01,crude_wti,crude_wti,NA,27.27,3.305787196857497,0.04461845979904494,0.00199080695483898,24.9385
2000-02-01,crude_wti,crude_wti,NA,29.280999999999995,3.3769388415153747,0.07115164465787728,0.00506255653752083,25.456
2000-03-01,crude_wti,crude_wti,NA,29.92,3.3985271531062766,0.02158831159090205,4.6605519734587586e-4,24.810434782608695
2000-04-01,crude_wti,crude_wti,NA,25.84,3.2519236789144013,-0.1466034741918755,0.0214925786451279,29.833157894736843
2000-05-01,crude_wti,crude_wti,NA,28.83,3.3614165116503107,0.10949283273590962,0.01198868042053388,29.42909090909091
2000-06-01,crude_wti,crude_wti,NA,31.8609,3.46137955267049,0.09996304102017849,0.00999260957000188,24.31772727272727
2000-07-01,crude_wti,crude_wti,NA,29.972899999999996,3.4002936400773898,-0.06108591259309957,0.0037314887173318,22.66
2000-08-01,crude_wti,crude_wti,NA,31.308299999999996,3.4438832381120905,0.04358959803470096,0.0019000530568268,20.484347826086957
2000-09-01,crude_wti,crude_wti,NA,33.885999999999996,3.523001949735914,0.07911871162382382,0.00625977052901379,22.3365
2000-10-01,crude_wti,crude_wti,NA,33.0459,3.497897504139369,-0.02510444559654527,6.302331887099012e-4,28.21409090909091
2000-11-01,crude_wti,crude_wti,NA,34.368,3.5371258988863996,0.03922839474703047,0.00153886695442884,29.21190476190476
2000-12-01,crude_wti,crude_wti,NA,28.402499999999996,3.3464771694619224,-0.1906487294244771,0.03634693803116748,30.1045
2001-01-01,crude_wti,crude_wti,NA,29.55,3.386083743852107,0.03960657439018489,0.00156868073492524,27.83
2001-02-01,crude_wti,crude_wti,NA,29.568499999999997,3.3867096054894583,6.258616373510738e-4,3.9170278910776705e-7,26.159473684210525
2001-03-01,crude_wti,crude_wti,NA,27.23863636364,3.3046364199563114,-0.08207318553314688,0.00673600778355835,32.42318181818182
2001-04-01,crude_wti,crude_wti,NA,27.420499999999997,3.311290908832977,0.00665448887666561,4.428222220966633e-5,32.245
2001-05-01,crude_wti,crude_wti,NA,28.610000000000003,3.353756307062019,0.04246539822904183,0.0018033100467511,26.095
2001-06-01,crude_wti,crude_wti,NA,27.56,3.3163654461454577,-0.03739086091656127,0.00139807648008162,23.30047619047619
2001-07-01,crude_wti,crude_wti,NA,26.44285714286,3.2749860705242466,-0.04137937562121126,0.00171225272680129,24.85904761904762
2001-08-01,crude_wti,crude_wti,NA,27.4452173913,3.312191922950624,0.03720585242637727,0.00138427545477336,24.260434782608694
2001-09-01,crude_wti,crude_wti,NA,26.115,3.262509861888262,-0.04968206106236185,0.00246830719140425,38.55133333333333
2001-10-01,crude_wti,crude_wti,NA,22.175652173909995,3.098994938086054,-0.16351492380220797,0.02673713030604187,34.44695652173913
2001-11-01,crude_wti,crude_wti,NA,19.59,2.9750192319564492,-0.12397570612960468,0.01536997571033409,28.25428571428571
2001-12-01,crude_wti,crude_wti,NA,19.312631578949997,2.960759367784269,-0.01425986417218018,2.03343726209028e-4,24.5395
2002-01-01,crude_wti,crude_wti,NA,19.687619047619997,2.9799899634308074,0.01923059564653824,3.698158089206556e-4,23.615238095238094
2002-02-01,crude_wti,crude_wti,NA,20.72315789474,3.0312518138256532,0.05126185039484567,0.00262777730590353,24.66842105263158
2002-03-01,crude_wti,crude_wti,NA,24.377,3.19364006479994,0.1623882509742866,0.02636994405448789,21.014
2002-04-01,crude_wti,crude_wti,NA,26.24318181817999,3.2674062150394794,0.07376615023953959,0.00544144492116232,21.814545454545453
2002-05-01,crude_wti,crude_wti,NA,27.04454545455,3.297485338177159,0.03007912313768002,9.047536487317177e-4,22.63
2002-06-01,crude_wti,crude_wti,NA,25.5085,3.239011729954501,-0.05847360822265839,0.00341916285857694,28.599
2002-07-01,crude_wti,crude_wti,NA,26.92380952381,3.293011007536085,0.0539992775815838,0.00291592197933293,38.49727272727273
2002-08-01,crude_wti,crude_wti,NA,28.37045454545,3.345348270738584,0.05233726320249923,0.00273918911952768,37.25272727272727
2002-09-01,crude_wti,crude_wti,NA,29.67,3.3901364343027307,0.04478816356414662,0.00200597959544875,41.656
2002-10-01,crude_wti,crude_wti,NA,28.85086956522,3.3621401334087193,-0.02799630089401123,7.837928637480143e-4,41.39739130434783
2002-11-01,crude_wti,crude_wti,NA,26.283157894739997,3.2689283498197383,-0.09321178358898088,0.008688436599839,32.005
2002-12-01,crude_wti,crude_wti,NA,29.43571428570999,3.382208708729367,0.11328035890962888,0.01283243971469433,31.830952380952382
2003-01-01,crude_wti,crude_wti,NA,32.94952380952,3.4949768089327056,0.11276810020333848,0.01271664442347018,30.66857142857143
2003-02-01,crude_wti,crude_wti,NA,35.80263157895,3.578021398496989,0.08304458956428307,0.00689640385590023,36.54052631578948
2003-03-01,crude_wti,crude_wti,NA,33.315714285709994,3.506029186148159,-0.0719922123488298,0.005182878638879,35.194761904761904
2003-04-01,crude_wti,crude_wti,NA,28.221428571429996,3.340081567802137,-0.16594761834602192,0.02753861203471695,27.14238095238095
2003-05-01,crude_wti,crude_wti,NA,28.13238095238,3.3369212599572418,-0.00316030784489518,9.987545674506045e-6,22.548571428571428
2003-06-01,crude_wti,crude_wti,NA,30.71,3.424588334452731,0.0876670744954893,0.00768551595059767,22.34904761904762
2003-07-01,crude_wti,crude_wti,NA,30.749545454549995,3.4258752121774187,0.00128687772468768,1.6560542782973474e-6,21.206818181818186
2003-08-01,crude_wti,crude_wti,NA,31.58380952381,3.4526446324517943,0.02676942027437533,7.166018618261373e-4,20.829047619047618
2003-09-01,crude_wti,crude_wti,NA,28.28380952381,3.3422895393044545,-0.11035509314733964,0.012178246583558,20.682380952380953
2003-10-01,crude_wti,crude_wti,NA,30.321739130429997,3.411864918312243,0.06957537900778867,0.00484073336407744,19.184347826086956
2003-11-01,crude_wti,crude_wti,NA,31.09222222221999,3.436957698589955,0.02509278027771182,6.296476220655235e-4,17.838947368421053
2003-12-01,crude_wti,crude_wti,NA,32.12333333333001,3.4695826611949827,0.03262496260502782,0.00106438818497946,16.375454545454545
2004-01-01,crude_wti,crude_wti,NA,34.24315789474,3.533486775255008,0.06390411406002534,0.00408373579379672,15.834
2004-02-01,crude_wti,crude_wti,NA,34.73000000000001,3.547603866755983,0.01411709150097463,1.992922724468904e-4,15.924736842105265
2004-03-01,crude_wti,crude_wti,NA,36.73130434783001,3.603629370985148,0.05602550422916495,0.00313885712413217,17.73304347826087
2004-04-01,crude_wti,crude_wti,NA,36.705238095240006,3.602919472266675,-7.098987184724851e-4,5.039561904888767e-7,15.788095238095238
2004-05-01,crude_wti,crude_wti,NA,40.285,3.695979191229159,0.09305971896248376,0.00866011129337645,18.076
2004-06-01,crude_wti,crude_wti,NA,38.03095238095001,3.638400364512481,-0.0575788267166789,0.00331532128606933,15.045238095238096
2004-07-01,crude_wti,crude_wti,NA,40.821904761899994,3.709218818759968,0.07081845424748713,0.00501525346200342,15.668571428571427
2004-08-01,crude_wti,crude_wti,NA,44.92363636363999,3.804964078589354,0.09574525982938636,0.0091671547797967,16.592727272727274
2004-09-01,crude_wti,crude_wti,NA,45.93047619048,3.827128866027916,0.02216478743856168,4.912778021966216e-4,13.880476190476193
2004-10-01,crude_wti,crude_wti,NA,53.24619047619,3.974926261677162,0.1477973956492463,0.02184407016069984,15.184761904761904
2004-11-01,crude_wti,crude_wti,NA,48.4465,3.8804600963052978,-0.0944661653718641,0.00892385640006437,14.05
2004-12-01,crude_wti,crude_wti,NA,43.22904761905,3.7665126678805376,-0.11394742842476036,0.01298401644461588,13.014090909090909
2005-01-01,crude_wti,crude_wti,NA,46.82,3.846310462062765,0.07979779418222721,0.00636768795634909,13.512
2005-02-01,crude_wti,crude_wti,NA,47.96263157895,3.870422198940691,0.02411173687792699,5.813758552703848e-4,11.562631578947368
2005-03-01,crude_wti,crude_wti,NA,54.16818181818001,3.9920936847384114,0.12167148579771957,0.01480395045622467,12.880454545454546
2005-04-01,crude_wti,crude_wti,NA,52.96285714286,3.969590859245684,-0.02250282549272743,5.063771551561435e-4,14.057142857142855
2005-05-01,crude_wti,crude_wti,NA,49.81380952380999,3.908292245265058,-0.06129861398062593,0.00375752007594578,13.17904761904762
2005-06-01,crude_wti,crude_wti,NA,56.389090909089994,4.032275716197561,0.1239834709325036,0.01537190106447096,11.241818181818182
2005-07-01,crude_wti,crude_wti,NA,58.66600000000001,4.071860342669112,0.03958462647155062,0.00156694265289218,10.489
2005-08-01,crude_wti,crude_wti,NA,64.95565217390997,4.173704762793104,0.10184442012399168,0.01037228591039212,11.985217391304348
2005-09-01,crude_wti,crude_wti,NA,65.53809523809998,4.182631580262136,0.00892681746903257,7.968807012542515e-5,11.959047619047618
2005-10-01,crude_wti,crude_wti,NA,62.36380952381,4.13298513154452,-0.04964644871761641,0.00246476987027091,14.582380952380952
2005-11-01,crude_wti,crude_wti,NA,58.283,4.065310455637046,-0.0676746759074747,0.00457986175918173,11.606190476190475
2005-12-01,crude_wti,crude_wti,NA,59.41428571428999,4.084534697693624,0.01922424205657949,3.695714826499596e-4,10.923809523809524
2006-01-01,crude_wti,crude_wti,NA,65.4835,4.18179820251001,0.09726350481638532,0.00946018936916701,11.7115
2006-02-01,crude_wti,crude_wti,NA,61.61526315789,4.1209096183846174,-0.06088858412539263,0.00370741967679501,11.867368421052632
2006-03-01,crude_wti,crude_wti,NA,62.88956521738999,4.14138025514926,0.0204706367646421,4.190469695499169e-4,11.19086956521739
2006-04-01,crude_wti,crude_wti,NA,69.41277777777997,4.240070968400596,0.09869071325133688,0.0097398568820576,11.163684210526316
2006-05-01,crude_wti,crude_wti,NA,70.93318181817999,4.2617383327752,0.0216673643746031,4.6947467894181986e-4,13.488181818181818
2006-06-01,crude_wti,crude_wti,NA,70.93181818182,4.261719108352544,-1.922442265573895e-5,3.695784264464892e-10,15.891363636363636
2006-07-01,crude_wti,crude_wti,NA,74.40421052632001,4.309512533333416,0.04779342498087254,0.00228421147140229,14.522
2006-08-01,crude_wti,crude_wti,NA,73.04173913042999,4.291031046660828,-0.01848148667258787,3.415653496290433e-4,12.560434782608697
2006-09-01,crude_wti,crude_wti,NA,63.819,4.156050951658079,-0.1349800950027495,0.01821962604695128,11.397
2006-10-01,crude_wti,crude_wti,NA,58.85045454544999,4.074999557473399,-0.08105139418468048,0.00656932849928045,10.808636363636364
2006-11-01,crude_wti,crude_wti,NA,59.130500000000005,4.079746865741516,0.00474730826811761,2.2536935792537863e-5,10.484285714285717
2006-12-01,crude_wti,crude_wti,NA,61.999,4.12711825588276,0.04737139014124287,0.00224404860391384,10.499
2007-01-01,crude_wti,crude_wti,NA,54.24,3.99341864363214,-0.13369961225061908,0.01787558631596589,10.627
2007-02-01,crude_wti,crude_wti,NA,59.25,4.081765780015241,0.08834713638310035,0.00780521650709413,10.920526315789472
2007-03-01,crude_wti,crude_wti,NA,60.60181818182,4.104324895625518,0.02255911561027732,5.089136971178582e-4,14.921363636363637
2007-04-01,crude_wti,crude_wti,NA,63.9365,4.15789040331583,0.05356550769031239,0.00286926361412091,12.246
2007-05-01,crude_wti,crude_wti,NA,63.450909090909995,4.150266521731673,-0.00762388158415722,5.812357040925162e-5,12.965
2007-06-01,crude_wti,crude_wti,NA,67.49190476190003,4.21200766123304,0.06174113950136635,0.00381196830692718,14.881904761904762
2007-07-01,crude_wti,crude_wti,NA,74.1419047619,4.3059808888128535,0.09397322757981393,0.0088309675017675,17.247619047619047
2007-08-01,crude_wti,crude_wti,NA,72.37826086956998,4.281905990070881,-0.0240748987419718,5.796007494361956e-4,25.12
2007-09-01,crude_wti,crude_wti,NA,79.90631578947001,4.38085489582434,0.09894890575345842,0.00979088594980679,22.182105263157897
2007-10-01,crude_wti,crude_wti,NA,85.90391304348,4.45322938142742,0.07237448560307982,0.0052380661663104,18.859565217391303
2007-11-01,crude_wti,crude_wti,NA,94.75523809524,4.55129712576154,0.09806774433412052,0.00961728247878242,26.65714285714286
2007-12-01,crude_wti,crude_wti,NA,91.35666666666998,4.514771259544511,-0.03652586621702962,0.00133413890290434,23.0965
2008-01-01,crude_wti,crude_wti,NA,92.97571428571,4.532338322338332,0.01756706279382129,3.0860169520206045e-4,27.98952380952381
2008-02-01,crude_wti,crude_wti,NA,95.384,4.5579108495038305,0.02557252716549892,6.539541456301803e-4,27.1565
2008-03-01,crude_wti,crude_wti,NA,105.4725,4.658450255430376,0.10053940592654452,0.01010817214406249,29.009
2008-04-01,crude_wti,crude_wti,NA,112.61818181818,4.724003175300661,0.06555291987028572,0.0042971853035201,22.526818181818182
2008-05-01,crude_wti,crude_wti,NA,125.01300000000002,4.828417731894676,0.10441455659401518,0.01090239962872479,18.61
2008-06-01,crude_wti,crude_wti,NA,133.92714285714004,4.897295942065676,0.06887821017099946,0.00474420783636037,23.19142857142857
2008-07-01,crude_wti,crude_wti,NA,133.37772727273003,4.893185157568284,-0.00411078449739223,1.6898549184000352e-5,25.66227272727273
2008-08-01,crude_wti,crude_wti,NA,116.64047619047996,4.759096350817858,-0.1340888067504257,0.01797980809575301,22.25952380952381
2008-09-01,crude_wti,crude_wti,NA,103.93666666667004,4.6437817392822325,-0.1153146115356256,0.01329745963361223,33.21142857142857
2008-10-01,crude_wti,crude_wti,NA,76.61478260869997,4.338790042575223,-0.3049916967070092,0.09301993506022029,65.44652173913043
2008-11-01,crude_wti,crude_wti,NA,57.29368421053,4.0481903944437505,-0.2905996481314721,0.0844481554941354,65.42684210526316
2008-12-01,crude_wti,crude_wti,NA,41.439047619049994,3.724223615521351,-0.32396677892239906,0.10495447384535458,55.07545454545455
2009-01-01,crude_wti,crude_wti,NA,41.73850000000001,3.731423964251997,0.00720034873064507,5.184502184290212e-5,44.2915
2009-02-01,crude_wti,crude_wti,NA,39.15052631579,3.667413865917074,-0.06401009833492267,0.00409729268884647,45.38947368421053
2009-03-01,crude_wti,crude_wti,NA,47.52090909091,3.861169805572368,0.19375593965529395,0.03754136415170591,46.09045454545455
2009-04-01,crude_wti,crude_wti,NA,49.80904761904999,3.908196646626348,0.04702684105397993,0.00221152377951629,38.89857142857143
2009-05-01,crude_wti,crude_wti,NA,59.12500000000001,4.079653846812097,0.1714572001857492,0.02939757149553607,32.11
2009-06-01,crude_wti,crude_wti,NA,69.62136363636,4.2430714690395055,0.16341762222740805,0.02670531925445985,27.935454545454547
2009-07-01,crude_wti,crude_wti,NA,64.12045454544999,4.160763416697042,-0.08230805234246277,0.00677461548040959,25.924545454545456
2009-08-01,crude_wti,crude_wti,NA,71.06,4.263524590592881,0.10276117389583853,0.01055985886045076,24.306190476190476
2009-09-01,crude_wti,crude_wti,NA,69.44333333333,4.240511072272133,-0.02301351832074832,5.296220254994188e-4,23.85761904761905
2009-10-01,crude_wti,crude_wti,NA,75.77227272726999,4.327732430574209,0.08722135830207638,0.00760756534405918,23.250454545454545
2009-11-01,crude_wti,crude_wti,NA,77.995,4.356644722070832,0.02891229149662277,8.359205995856856e-4,22.546
2009-12-01,crude_wti,crude_wti,NA,74.48727272726998,4.310628274915833,-0.04601644715499927,0.00211751340876884,19.845454545454544
2010-01-01,crude_wti,crude_wti,NA,78.35526315788996,4.361253141503009,0.0506248665871758,0.00256287711696934,19.527368421052632
2010-02-01,crude_wti,crude_wti,NA,76.41315789473998,4.336154905096808,-0.02509823640620053,6.299214707015299e-4,21.771052631578947
2010-03-01,crude_wti,crude_wti,NA,81.25043478261,4.397536172366114,0.06138126726930607,0.00376765997158598,16.925217391304347
2010-04-01,crude_wti,crude_wti,NA,84.47761904762,4.436486635938863,0.03895046357274912,0.00151713861253205,16.136666666666667
2010-05-01,crude_wti,crude_wti,NA,73.73,4.300409772001559,-0.13607686393730395,0.01851691289901153,30.0335
2010-06-01,crude_wti,crude_wti,NA,75.35363636363999,4.32219218354494,0.02178241154338071,4.744734526452054e-4,28.94090909090909
2010-07-01,crude_wti,crude_wti,NA,76.35047619047995,4.335334268586645,0.01314208504170492,1.7271439924340431e-4,25.016666666666666
2010-08-01,crude_wti,crude_wti,NA,76.60181818181998,4.338620812519941,0.00328654393329612,1.0801371025485577e-5,24.15590909090909
2010-09-01,crude_wti,crude_wti,NA,75.29142857143,4.321366297933981,-0.01725451458595986,2.9771827359710177e-4,21.322380952380954
2010-10-01,crude_wti,crude_wti,NA,81.89952380952,4.405493176550546,0.08412687861656436,0.00707733170576615,19.86095238095238
2010-11-01,crude_wti,crude_wti,NA,84.23619047619,4.433624644535713,0.02813146798516678,7.913794910004634e-4,19.395238095238096
2010-12-01,crude_wti,crude_wti,NA,89.14681818181998,4.490284653058876,0.05666000852316336,0.00321035656584494,16.58681818181818
2011-01-01,crude_wti,crude_wti,NA,89.4085,4.493215755959589,0.00293110290071381,8.591364214572914e-6,15.723
2011-02-01,crude_wti,crude_wti,NA,89.53263157894999,4.49460315747836,0.0013874015187701,1.924882974285598e-6,15.72
2011-03-01,crude_wti,crude_wti,NA,102.91608695652,4.633913966447071,0.13931080896871137,0.01940750149551679,19.893478260869564
2011-04-01,crude_wti,crude_wti,NA,109.95950000000002,4.700112116178667,0.06619814973159656,0.00438219502788687,15.208
2011-05-01,crude_wti,crude_wti,NA,101.28285714285998,4.617917168334257,-0.08219494784441048,0.00675600945114535,16.293809523809525
2011-06-01,crude_wti,crude_wti,NA,96.25409090908998,4.566991475216253,-0.05092569311800422,0.00259342621954914,18.918636363636363
2011-07-01,crude_wti,crude_wti,NA,97.3065,4.577865790660589,0.01087431544433586,1.1825073638292142e-4,18.7405
2011-08-01,crude_wti,crude_wti,NA,86.32130434782997,4.458076431445423,-0.119789359215166,0.01434949058118007,35.068695652173915
2011-09-01,crude_wti,crude_wti,NA,85.57714285713999,4.449418224793826,-0.00865820665159701,7.49645424217588e-5,36.64380952380952
2011-10-01,crude_wti,crude_wti,NA,86.40619047619,4.459059322273318,0.00964109747949187,9.295076060906454e-5,32.00857142857143
2011-11-01,crude_wti,crude_wti,NA,97.12333333332997,4.575981648523382,0.11692232625006442,0.0136708303757265,31.412380952380953
2011-12-01,crude_wti,crude_wti,NA,98.56380952380998,4.590704150862618,0.01472250233923572,2.1675207512880144e-4,25.03952380952381
2012-01-01,crude_wti,crude_wti,NA,100.28700000000002,4.608036075401136,0.01733192453851869,3.0039560820890654e-4,18.9415
2012-02-01,crude_wti,crude_wti,NA,102.214,4.627068654689207,0.01903257928807073,3.622390743566992e-4,16.691
2012-03-01,crude_wti,crude_wti,NA,106.15045454545997,4.664857470245231,0.03778881555602356,0.00142799458112716,14.962727272727273
2012-04-01,crude_wti,crude_wti,NA,103.283,4.637472793366718,-0.02738467687851335,7.499205277405836e-4,17.177
2012-05-01,crude_wti,crude_wti,NA,94.68181818182,4.550521987902675,-0.08695080546404213,0.00756044257084569,20.547272727272727
2012-06-01,crude_wti,crude_wti,NA,82.35952380952,4.411094100325487,-0.13942788757718852,0.01944013583423712,20.750476190476192
2012-07-01,crude_wti,crude_wti,NA,87.90142857143,4.4762160567937634,0.06512195646827691,0.00424086921425615,16.954761904761906
2012-08-01,crude_wti,crude_wti,NA,94.11043478261,4.544468930800626,0.06825287400686218,0.0046584548101966,14.969130434782608
2012-09-01,crude_wti,crude_wti,NA,94.50789473684,4.548683373199026,0.00421444239839981,1.7761524729430003e-5,14.31421052631579
2012-10-01,crude_wti,crude_wti,NA,89.51739130435,4.494432922653573,-0.05425045054545259,0.00294311138438459,15.469047619047618
2012-11-01,crude_wti,crude_wti,NA,86.67809523809997,4.462201201785503,-0.03223172086807029,0.00103888383011719,17.155714285714286
2012-12-01,crude_wti,crude_wti,NA,88.2155,4.479782684534266,0.01758148274876313,3.0910853564505554e-4,17.351
2013-01-01,crude_wti,crude_wti,NA,94.74428571429002,4.551181533059859,0.0713988485255934,0.00509779557078063,13.121904761904762
2013-02-01,crude_wti,crude_wti,NA,95.29947368421004,4.557024287918884,0.00584275485902404,3.413778434264913e-5,13.512105263157894
2013-03-01,crude_wti,crude_wti,NA,92.9125,4.531658190051412,-0.02536609786747162,6.434389210221486e-4,12.3915
2013-04-01,crude_wti,crude_wti,NA,92.01909090908998,4.521996065403256,-0.00966212464815611,9.3356652716506e-5,13.251363636363635
2013-05-01,crude_wti,crude_wti,NA,94.75818181817998,4.5513281918775075,0.029332126474252,8.60373643501515e-4,12.914090909090907
2013-06-01,crude_wti,crude_wti,NA,95.7895,4.562153075629638,0.01082488375212999,1.1717810824712796e-4,17.156
2013-07-01,crude_wti,crude_wti,NA,104.69545454546,4.651055702850596,0.08890262722095837,0.00790367712678868,13.626818181818182
2013-08-01,crude_wti,crude_wti,NA,106.54636363636,4.668580229725361,0.01752452687476451,3.0710904218434365e-4,13.863636363636363
2013-09-01,crude_wti,crude_wti,NA,106.247,4.665766572111785,-0.00281365761357537,7.916669166430678e-6,14.2915
2013-10-01,crude_wti,crude_wti,NA,100.50043478261,4.610162053684897,-0.05560451842688828,0.00309186246948615,14.32304347826087
2013-11-01,crude_wti,crude_wti,NA,93.94947368421003,4.542757123759802,-0.06740492992509477,0.00454342457820693,11.9565
2013-12-01,crude_wti,crude_wti,NA,97.85142857143,4.583450293341337,0.04069316958153528,0.00165593405059158,12.995238095238095
2014-01-01,crude_wti,crude_wti,NA,94.86,4.552402120449436,-0.03104817289190174,9.63989039925422e-4,13.057142857142855
2014-02-01,crude_wti,crude_wti,NA,100.73,4.612443669954589,0.06004154950515415,0.00360498766697987,14.179473684210526
2014-03-01,crude_wti,crude_wti,NA,100.57,4.610854002456389,-0.00158966749820079,2.5270427548359897e-6,13.592380952380951
2014-04-01,crude_wti,crude_wti,NA,102.08,4.62575681959648,0.01490281714009083,2.2209395871098511e-4,13.485238095238095
2014-05-01,crude_wti,crude_wti,NA,101.86,4.623599321456458,-0.00215749814002112,4.654798224194617e-6,11.76142857142857
2014-06-01,crude_wti,crude_wti,NA,105.24,4.656243456172092,0.03264413471563349,0.00106563953133242,10.298571428571428
2014-07-01,crude_wti,crude_wti,NA,102.94,4.6341462942246086,-0.02209716194748354,4.882845661333146e-4,10.638636363636364
2014-08-01,crude_wti,crude_wti,NA,96.38,4.5682987112121864,-0.06584758301242176,0.00433590418857777,12.414761904761905
2014-09-01,crude_wti,crude_wti,NA,93.22,4.534962290944595,-0.03333642026759172,0.0011113169162575,11.91190476190476
2014-10-01,crude_wti,crude_wti,NA,84.4,4.4355674016019115,-0.09939488934268334,0.00987934402744426,16.911304347826086
2014-11-01,crude_wti,crude_wti,NA,75.81,4.328230210068212,-0.10733719153369892,0.01152127268634197,12.243684210526316
2014-12-01,crude_wti,crude_wti,NA,59.260000000000005,4.08193454214542,-0.2462956679227933,0.06066155603753487,14.90681818181818
2015-01-01,crude_wti,crude_wti,NA,47.27,3.855875844805145,-0.22605869734027417,0.05110253464318168,17.9875
2015-02-01,crude_wti,crude_wti,NA,50.61,3.9241491852259864,0.06827334042084149,0.0046612490122201,15.321052631578947
2015-03-01,crude_wti,crude_wti,NA,47.78,3.866607141897663,-0.05754204332832306,0.0033110867503986,15.016818181818184
2015-04-01,crude_wti,crude_wti,NA,54.44,3.9970991777832654,0.13049203588560174,0.01702817142956917,13.758571428571427
2015-05-01,crude_wti,crude_wti,NA,59.27,4.082103275799747,0.08500409801648155,0.0072256966795956,13.6325
2015-06-01,crude_wti,crude_wti,NA,59.8,4.091005660956586,0.00890238515683906,7.925246148070857e-5,14.83090909090909
2015-07-01,crude_wti,crude_wti,NA,50.9,3.929862923556477,-0.161142737400109,0.02596698181680049,14.55090909090909
2015-08-01,crude_wti,crude_wti,NA,42.86,3.7579389900454303,-0.171923933511046,0.02955783891391056,19.58809523809524
2015-09-01,crude_wti,crude_wti,NA,45.45,3.816612820623488,0.05867383057805685,0.00344261839470251,24.604285714285716
2015-10-01,crude_wti,crude_wti,NA,46.2,3.832979798087693,0.01636697746420541,2.678779513138078e-4,16.977272727272727
2015-11-01,crude_wti,crude_wti,NA,42.7,3.754198920234579,-0.07878087785311434,0.00620642671530732,16.008
2015-12-01,crude_wti,crude_wti,NA,37.23000000000001,3.6171148878846258,-0.1370840323499531,0.01879203192532298,18.304545454545455
2016-01-01,crude_wti,crude_wti,NA,31.54,3.451256581534892,-0.1658583063497336,0.02750897778520207,24.33105263157895
2016-02-01,crude_wti,crude_wti,NA,30.39,3.414113606928702,-0.03714297460619059,0.00137960056259611,24.109
2016-03-01,crude_wti,crude_wti,NA,37.77,3.6315151367243654,0.21740152979566388,0.04726342515749493,16.398636363636363
2016-04-01,crude_wti,crude_wti,NA,40.96,3.712595980731253,0.08108084400688687,0.00657410326486912,14.347142857142858
2016-05-01,crude_wti,crude_wti,NA,46.73,3.844386356712335,0.13179037598108245,0.01736870320123507,14.791904761904762
2016-06-01,crude_wti,crude_wti,NA,48.75,3.886705197443856,0.0423188407315215,0.00179088428085988,16.635
2016-07-01,crude_wti,crude_wti,NA,44.690000000000005,3.79974976294536,-0.08695543449849588,0.0075612475888222,12.3075
2016-08-01,crude_wti,crude_wti,NA,44.75,3.801091444720865,0.00134168177550409,1.8001099867198289e-6,11.22391304347826
2016-09-01,crude_wti,crude_wti,NA,45.2,3.8110970868381857,0.01000564211732117,1.0011287417991129e-4,13.593333333333334
2016-10-01,crude_wti,crude_wti,NA,49.89,3.909820581872946,0.09872349503476034,0.00974632847187835,14.816190476190476
2016-11-01,crude_wti,crude_wti,NA,45.57,3.8192496052757914,-0.09057097659715482,0.00820310180176236,15.33952380952381
2016-12-01,crude_wti,crude_wti,NA,52.01,3.9514360077849817,0.13218640250918984,0.01747324500832155,11.956190476190477
2017-01-01,crude_wti,crude_wti,NA,52.51,3.961003627649768,0.00956761986478685,9.1539349877064e-5,10.7905
2017-02-01,crude_wti,crude_wti,NA,53.4,3.977810745966149,0.01680711831638119,2.824792261008361e-4,10.510526315789471
2017-03-01,crude_wti,crude_wti,NA,49.58,3.903587526607045,-0.07422321935910475,0.00550908629202978,10.640869565217391
2017-04-01,crude_wti,crude_wti,NA,51.06,3.9330014118133376,0.0294138852062934,8.651766429290061e-4,11.57315789473684
2017-05-01,crude_wti,crude_wti,NA,48.5,3.8815637979434374,-0.05143761386990034,0.00264582812062896,9.971363636363636
2017-06-01,crude_wti,crude_wti,NA,45.17,3.8104331496665127,-0.07113064827692472,0.00505956912429557,9.42318181818182
2017-07-01,crude_wti,crude_wti,NA,46.65,3.8426729272933526,0.03223977762684005,0.00103940326142809,8.8765
2017-08-01,crude_wti,crude_wti,NA,48.03,3.871825815676733,0.02915288838338027,8.498909010938287e-4,10.177391304347823
2017-09-01,crude_wti,crude_wti,NA,49.83,3.908617212293313,0.03679139661658022,0.00135360686499851,8.6015
2017-10-01,crude_wti,crude_wti,NA,51.56,3.9427461780709865,0.03412896577767344,0.0011647863050536,8.02
2017-11-01,crude_wti,crude_wti,NA,56.65,4.036891987474015,0.09414580940302868,0.0088634334281514,9.127142857142855
2017-12-01,crude_wti,crude_wti,NA,57.94,4.059407992341204,0.02251600486718908,5.069704751792823e-4,8.8275
2018-01-01,crude_wti,crude_wti,NA,63.67,4.153713494028934,0.09430550168772968,0.00889352764857438,10.367619047619048
2018-02-01,crude_wti,crude_wti,NA,62.17,4.129872568281246,-0.02384092574768775,5.683897405067609e-4,20.133157894736843
2018-03-01,crude_wti,crude_wti,NA,62.760000000000005,4.139317927864832,0.00944535958358562,8.921481766323283e-5,18.04904761904762
2018-04-01,crude_wti,crude_wti,NA,66.32,4.1944915108270395,0.05517358296220742,0.00304412425688758,18.777142857142856
2018-05-01,crude_wti,crude_wti,NA,69.98,4.248209486939542,0.05371797611250251,0.00288562095762339,13.694545454545455
2018-06-01,crude_wti,crude_wti,NA,67.52,4.212423850287702,-0.03578563665184046,0.00128061179057754,12.694761904761904
2018-07-01,crude_wti,crude_wti,NA,70.84,4.260423812914633,0.04799996262693121,0.00230399641218679,11.917619047619048
2018-08-01,crude_wti,crude_wti,NA,67.99,4.219360635538369,-0.04106317737626469,0.00168618453623457,10.972608695652172
2018-09-01,crude_wti,crude_wti,NA,70.21,4.2514907510291575,0.03213011549078926,0.00103234432145145,11.564736842105264
2018-10-01,crude_wti,crude_wti,NA,70.75,4.259152536523347,0.00766178549418965,5.870295695897504e-5,19.855217391304347
2018-11-01,crude_wti,crude_wti,NA,56.67,4.037244970181528,-0.22190756634181907,0.04924296799974883,20.95047619047619
2018-12-01,crude_wti,crude_wti,NA,48.95,3.890799368976519,-0.14644560120500844,0.02144631411229636,27.11578947368421
2019-01-01,crude_wti,crude_wti,NA,51.52,3.9419700817960983,0.05117071281957885,0.00261844185046381,20.525238095238095
2019-02-01,crude_wti,crude_wti,NA,54.95,4.006423680849631,0.06445359905353218,0.00415426643095348,15.287368421052632
2019-03-01,crude_wti,crude_wti,NA,58.15,4.063025878964673,0.0566021981150429,0.00320380883145456,14.717619047619047
2019-04-01,crude_wti,crude_wti,NA,63.87,4.1568497675734974,0.09382388860882442,0.00880292207368109,12.57
2019-05-01,crude_wti,crude_wti,NA,60.84,4.1082474673910925,-0.04860230018240557,0.00236218358302066,17.937272727272727
2019-06-01,crude_wti,crude_wti,NA,54.68,4.001498011855749,-0.10674945553534342,0.01139544625709226,16.889
2019-07-01,crude_wti,crude_wti,NA,57.52,4.052132713412791,0.05063470155704257,0.00256387300177076,13.022272727272728
2019-08-01,crude_wti,crude_wti,NA,54.84,4.004419854694114,-0.04771285871867764,0.00227651688710849,20.66590909090909
2019-09-01,crude_wti,crude_wti,NA,56.95,4.0421736898931915,0.03775383519907744,0.00142535207223909,16.092
2019-10-01,crude_wti,crude_wti,NA,53.98,3.9886136075898584,-0.05356008230333262,0.00286868241633976,16.411739130434782
2019-11-01,crude_wti,crude_wti,NA,57.06,4.044103345785354,0.05548973819549543,0.00307911104500462,12.7645
2019-12-01,crude_wti,crude_wti,NA,59.8,4.091005660956586,0.04690231517123211,0.00219982716842158,13.598571428571429
2020-01-01,crude_wti,crude_wti,NA,57.52,4.052132713412791,-0.03887294754379471,0.0015111060507426101,14.055714285714286
2020-02-01,crude_wti,crude_wti,NA,50.53,3.9225672193038177,-0.12956549410897406,0.01678721726370259,20.178421052631577
2020-03-01,crude_wti,crude_wti,NA,29.88,3.3971893602646164,-0.5253778590392008,0.2760218947686143,63.317727272727275
2020-04-01,crude_wti,crude_wti,NA,16.52,2.804571768092832,-0.5926175921717846,0.3511956105514836,43.6047619047619
2020-05-01,crude_wti,crude_wti,NA,28.56,3.3520071374713836,0.5474353693785516,0.2996854836466313,31.078
2020-06-01,crude_wti,crude_wti,NA,38.30000000000001,3.6454498961866006,0.2934427587152171,0.0861086526423971,29.99681818181818
2020-07-01,crude_wti,crude_wti,NA,40.75,3.707455839686871,0.06200594350027114,0.00384473702935881,24.80090909090909
2020-08-01,crude_wti,crude_wti,NA,42.36,3.7462045207332055,0.03874868104633407,0.00150146028283052,20.337619047619047
2020-09-01,crude_wti,crude_wti,NA,39.6,3.6788291182604342,-0.06737540247277077,0.00453944485836784,28.017142857142854
2020-10-01,crude_wti,crude_wti,NA,39.53,3.677059877308594,-0.0017692409518407,3.130213545670197e-6,30.815
2020-11-01,crude_wti,crude_wti,NA,41.1,3.716008121502189,0.0389482441935948,0.00151696572576389,25.357
2020-12-01,crude_wti,crude_wti,NA,47.05,3.851210866031389,0.1352027445291997,0.01827978212822803,21.704090909090908
2021-01-01,crude_wti,crude_wti,NA,52.1,3.9531649487593215,0.10195408272793266,0.01039463498489413,23.288947368421052
2021-02-01,crude_wti,crude_wti,NA,59.06,4.078553876315777,0.1253889275564554,0.01572238315375802,21.877894736842105
2021-03-01,crude_wti,crude_wti,NA,62.349999999999994,4.132763672126045,0.05420979581026869,0.00293870196179102,21.119565217391305
2021-04-01,crude_wti,crude_wti,NA,61.71,4.122445992332976,-0.01031767979306985,1.0645451631232197e-4,16.409523809523808
2021-05-01,crude_wti,crude_wti,NA,65.17999999999999,4.177152673409416,0.0547066810764399,0.0029928209543993,18.599
2021-06-01,crude_wti,crude_wti,NA,71.38,4.268017718062014,0.09086504465259876,0.00825645633971876,14.940454545454545
2021-07-01,crude_wti,crude_wti,NA,72.46,4.283034685466931,0.01501696740491687,2.2550931004033576e-4,15.47095238095238
2021-08-01,crude_wti,crude_wti,NA,67.73,4.215529213226812,-0.06750547224011878,0.00455698878236144,15.008181818181818
2021-09-01,crude_wti,crude_wti,NA,71.56,4.270536258640519,0.05500704541370612,0.00302577504514552,17.5625
1990-01-01,gold,Gold,NA,410.11,6.016425416397235,0.00175716945761736,3.087644502783298e-6,23.49909090909091
1990-02-01,gold,Gold,NA,416.81,6.032630482473802,0.01620506607656835,2.626041665459463e-4,23.326842105263157
1990-03-01,gold,Gold,NA,393.06,5.97396227197184,-0.05866821050196281,0.00344195892350261,18.831363636363637
1990-04-01,gold,Gold,NA,374.24,5.924897302835869,-0.04906496913597109,0.00240737119631379,20.4575
1990-05-01,gold,Gold,NA,369.05,5.910932136216061,-0.01396516661980756,1.9502587871898737e-4,18.151818181818182
1990-06-01,gold,Gold,NA,352.33,5.864568236419437,-0.04636389979662408,0.00214961120435139,17.582857142857144
1990-07-01,gold,Gold,NA,362.53,5.893107229491114,0.02853899307167603,8.144741255451724e-4,18.93285714285714
1990-08-01,gold,Gold,NA,394.73,5.978201986874404,0.08509475738329074,0.00724111773412111,27.77521739130435
1990-09-01,gold,Gold,NA,389.32,5.964401627558293,-0.01380035931611131,1.904499172537804e-4,28.818947368421053
1990-10-01,gold,Gold,NA,380.74,5.942116727477643,-0.0222849000806501,4.966167716045589e-4,30.130434782608695
1990-11-01,gold,Gold,NA,381.73,5.944713552418529,0.00259682494088591,6.7434997736071175e-6,25.106666666666666
1990-12-01,gold,Gold,NA,376.95,5.932112552657711,-0.01260099976081789,1.587851949721327e-4,22.5845
1991-01-01,gold,Gold,NA,383.64,5.94970461285975,0.01759206020203952,3.094805821521829e-4,26.93181818181818
1991-02-01,gold,Gold,NA,363.83,5.896686725575843,-0.05301788728390714,0.00281089637204908,22.11263157894737
1991-03-01,gold,Gold,NA,363.34,5.895339035010599,-0.00134769056524432,1.8162698596485792e-6,19.041052631578943
1991-04-01,gold,Gold,NA,358.38,5.8815938759722695,-0.01374515903832928,1.8892939698896523e-4,18.92727272727273
1991-05-01,gold,Gold,NA,356.95,5.87759571594847,-0.00399816002380011,1.5985283575913338e-5,17.180454545454545
1991-06-01,gold,Gold,NA,366.72,5.9045986140863205,0.02700289813785066,7.291565078431385e-4,17.575
1991-07-01,gold,Gold,NA,367.69,5.907240191853642,0.00264157776732202,6.977933100810037e-6,17.669545454545453
1991-08-01,gold,Gold,NA,356.31,5.875801138454259,-0.0314390533993835,9.884140786492871e-4,15.932727272727272
1991-09-01,gold,Gold,NA,348.74,5.854326658889348,-0.02147447956491096,4.6115327258377e-4,17.029
1991-10-01,gold,Gold,NA,358.69,5.882458505699668,0.02813184681031981,7.914008049593013e-4,16.846363636363638
1991-11-01,gold,Gold,NA,360.17,5.8865761422105525,0.00411763651088523,1.6954930435775112e-5,17.6815
1991-12-01,gold,Gold,NA,361.73,5.890898077182945,0.00432193497239264,1.8679121905590652e-5,18.018571428571427
1992-01-01,gold,Gold,NA,354.45,5.870567292301026,-0.02033078488191892,4.133408139148631e-4,17.499545454545455
1992-02-01,gold,Gold,NA,353.91,5.869042643521861,-0.00152464877916562,2.324553899811242e-6,17.050526315789472
1992-03-01,gold,Gold,NA,344.34,5.841629541348326,-0.02741310217353475,7.514781707766558e-4,16.222727272727273
1992-04-01,gold,Gold,NA,338.62,5.824878534700086,-0.01675100664824038,2.8059622372939345e-4,16.18857142857143
1992-05-01,gold,Gold,NA,337.24,5.820794843054475,-0.00408369164561086,1.6676537456431943e-5,14.728
1992-06-01,gold,Gold,NA,340.81,5.831325137247676,0.01053029419320108,1.1088709579536435e-4,14.75318181818182
1992-07-01,gold,Gold,NA,352.72,5.865674541049683,0.03434940380200619,0.00117988154155327,13.303636363636365
1992-08-01,gold,Gold,NA,343.06,5.837905358981679,-0.02776918206800325,7.711274727259131e-4,14.422380952380951
1992-09-01,gold,Gold,NA,345.43,5.84479001776017,0.00688465877849095,4.739852649625256e-5,14.258571428571427
1992-10-01,gold,Gold,NA,344.38,5.841745698858039,-0.00304431890213012,9.267877577866748e-6,17.478636363636365
1992-11-01,gold,Gold,NA,335.02,5.814190231535541,-0.02755546732249922,7.593037793613225e-4,14.594
1992-12-01,gold,Gold,NA,334.82,5.813593073987639,-5.971575479018599e-4,3.565971370161621e-7,12.781363636363636
1993-01-01,gold,Gold,NA,329.01,5.796088145440227,-0.0175049285474115,3.0642252344998224e-4,12.5745
1993-02-01,gold,Gold,NA,329.31,5.796999556367335,9.114109271076612e-4,8.306698780512464e-7,13.505263157894737
1993-03-01,gold,Gold,NA,330.08,5.799335049322941,0.00233549295560685,5.454527345689222e-6,13.657391304347826
1993-04-01,gold,Gold,NA,342.15,5.835249237398506,0.03591418807556505,0.00128982890512705,13.49952380952381
1993-05-01,gold,Gold,NA,367.18,5.90585219103206,0.07060295363355289,0.00498477706178161,13.535
1993-06-01,gold,Gold,NA,371.89,5.918598111620868,0.01274592058880836,1.6245849165620892e-4,13.002272727272729
1993-07-01,gold,Gold,NA,392.19,5.971746416241879,0.05314830462101042,0.00282474228408771,11.99952380952381
1993-08-01,gold,Gold,NA,378.84,5.9371139523579,-0.03463246388397782,0.00119940755467502,11.952272727272728
1993-09-01,gold,Gold,NA,355.28,5.872906210983847,-0.06420774137405381,0.00412263405235738,12.621428571428572
1993-10-01,gold,Gold,NA,364.18,5.897648250903697,0.02474203991985058,6.1216853939548e-4,11.377142857142855
1993-11-01,gold,Gold,NA,373.83,5.923801148622886,0.02615289771918856,6.839740591103382e-4,13.370952380952382
1993-12-01,gold,Gold,NA,383.3,5.948817972386509,0.02501682376362357,6.25841471220201e-4,10.864545454545455
1994-01-01,gold,Gold,NA,386.88,5.958114567426428,0.00929659503991841,8.642667933623558e-5,10.605238095238096
1994-02-01,gold,Gold,NA,381.91,5.945184978753801,-0.01292958867262694,1.6717426324332294e-4,12.885263157894736
1994-03-01,gold,Gold,NA,384.13,5.9509810369620935,0.00579605820829282,3.359429075391864e-5,14.240869565217391
1994-04-01,gold,Gold,NA,377.27,5.932961111484582,-0.01801992547751162,3.2471771421507264e-4,15.334736842105263
1994-05-01,gold,Gold,NA,381.43,5.9439273476503205,0.0109662361657383,1.2025833564274668e-4,13.39
1994-06-01,gold,Gold,NA,385.64,5.954904291796179,0.01097694414585937,1.2049330278131634e-4,12.94590909090909
1994-07-01,gold,Gold,NA,385.49,5.954515252329704,-3.8903946647618785e-4,1.513517064760769e-7,12.1635
1994-08-01,gold,Gold,NA,380.36,5.941118172671244,-0.01339707965845994,1.794817433751213e-4,11.39304347826087
1994-09-01,gold,Gold,NA,391.58,5.970189836829127,0.02907166415788342,8.451616569087636e-4,12.612380952380953
1994-10-01,gold,Gold,NA,389.77,5.965556821566797,-0.00463301526232999,2.146483042098269e-5,15.04952380952381
1994-11-01,gold,Gold,NA,384.39,5.951657662189595,-0.01389915937720249,1.9318663139287595e-4,16.249523809523808
1994-12-01,gold,Gold,NA,379.29,5.938301083991916,-0.01335657819767842,1.783981811506985e-4,13.806666666666668
1995-01-01,gold,Gold,NA,378.55,5.936348164549315,-0.0019529194426004,3.81389434928669e-6,11.711904761904762
1995-02-01,gold,Gold,NA,376.64,5.931289824071912,-0.0050583404774038,2.558680838534176e-5,11.197368421052632
1995-03-01,gold,Gold,NA,382.12,5.945734695401808,0.01444487132989577,2.0865430773724485e-4,11.971304347826086
1995-04-01,gold,Gold,NA,391.03,5.968784283384761,0.02304958798295381,5.312835061839288e-4,12.51684210526316
1995-05-01,gold,Gold,NA,385.22,5.953814599656076,-0.01496968372868498,2.240914309368561e-4,12.458636363636364
1995-06-01,gold,Gold,NA,387.56,5.959870675516803,0.0060560758607269,3.667605483087916e-5,13.17909090909091
1995-07-01,gold,Gold,NA,386.23,5.956433046936053,-0.00343762858075032,1.1817290259191462e-5,14.0765
1995-08-01,gold,Gold,NA,383.67,5.949782808113339,-0.00665023882271464,4.422567639914112e-5,13.348695652173912
1995-09-01,gold,Gold,NA,383.06,5.948191634874515,-0.0015911732388233,2.531832275947435e-6,12.237
1995-10-01,gold,Gold,NA,383.14,5.948400457636955,2.0882276243982097e-4,4.360694611299789e-8,14.237727272727271
1995-11-01,gold,Gold,NA,385.31,5.95404820509755,0.00564774746059481,3.18970513786552e-5,12.971904761904762
1995-12-01,gold,Gold,NA,387.44,5.9595609980949735,0.00551279299742376,3.039088663244454e-5,12.288
1996-01-01,gold,Gold,NA,399.45,5.9900886009280505,0.0305276028330773,9.319345347341092e-4,14.150454545454544
1996-02-01,gold,Gold,NA,404.76,6.003294298861559,0.01320569793350834,1.7439045791106645e-4,16.238
1996-03-01,gold,Gold,NA,396.21,5.981944373723823,-0.02134992513773658,4.558193033869564e-4,19.081904761904763
1996-04-01,gold,Gold,NA,392.85,5.973427859621831,-0.00851651410199193,7.253101244942744e-5,17.512857142857143
1996-05-01,gold,Gold,NA,391.93,5.971083252416115,-0.00234460720571538,5.497182949092514e-6,16.96681818181818
1996-06-01,gold,Gold,NA,385.27,5.953944387194059,-0.01713886522205612,2.9374070109980475e-4,17.6755
1996-07-01,gold,Gold,NA,383.47,5.949261390889543,-0.0046829963045162,2.1930454388112465e-5,19.341818181818184
1996-08-01,gold,Gold,NA,387.35,5.959328677077911,0.01006728618836881,1.0135025119852158e-4,16.478181818181817
1996-09-01,gold,Gold,NA,383.14,5.948400457636955,-0.01092821944095666,1.1942598014970308e-4,17.2785
1996-10-01,gold,Gold,NA,381.07,5.942983085285078,-0.00541737235187784,2.934792319889053e-5,17.401304347826088
1996-11-01,gold,Gold,NA,377.85,5.934497291466729,-0.00848579381834823,7.200869672751709e-5,17.1635
1996-12-01,gold,Gold,NA,369,5.910796644040527,-0.02370064742620179,5.617206884211256e-4,20.118
1997-01-01,gold,Gold,NA,355.11,5.872427600633912,-0.03836904340661522,0.00147218349193872,21.031363636363636
1997-02-01,gold,Gold,NA,346.58,5.848113672212099,-0.02431392842181266,5.911671153010297e-4,21.647894736842105
1997-03-01,gold,Gold,NA,351.81,5.8630912571410825,0.01497758492898355,2.2432805030491533e-4,22.3035
1997-04-01,gold,Gold,NA,344.47,5.8420070039332,-0.02108425320788265,4.4454573333410993e-4,21.507727272727273
1997-05-01,gold,Gold,NA,343.84,5.8401764328942,-0.00183057103899996,3.350990328825396e-6,21.927619047619046
1997-06-01,gold,Gold,NA,340.76,5.83117841717464,-0.0089980157195606,8.096428688945973e-5,22.743333333333332
1997-07-01,gold,Gold,NA,324.1,5.781052110147502,-0.05012630702713791,0.00251264665617889,23.24772727272727
1997-08-01,gold,Gold,NA,324.01,5.780774379513571,-2.777306339311116e-4,7.713430502377713e-8,25.153809523809525
1997-09-01,gold,Gold,NA,322.82,5.777094892345134,-0.00367948716843712,1.353862582269347e-5,25.59285714285714
1997-10-01,gold,Gold,NA,324.87,5.783425102308398,0.0063302099632642,4.0071558179009445e-5,25.615652173913045
1997-11-01,gold,Gold,NA,306.04,5.723715812363651,-0.05970928994474653,0.0035651993057058,31.545263157894738
1997-12-01,gold,Gold,NA,288.74,5.665526629201668,-0.05818918316198264,0.00338598103705876,26.473181818181818
1998-01-01,gold,Gold,NA,289.1,5.666772649022301,0.00124601982063186,1.552565393407465e-6,24.4275
1998-02-01,gold,Gold,NA,297.49,5.695380610975362,0.02860796195306142,8.184154871078101e-4,20.386315789473684
1998-03-01,gold,Gold,NA,295.94,5.690156731074389,-0.00522387990097368,2.7288921219796867e-5,20.543181818181814
1998-04-01,gold,Gold,NA,308.29,5.731040898427028,0.04088416735263962,0.00167151514011864,22.53809523809524
1998-05-01,gold,Gold,NA,299.1,5.700777965635902,-0.0302629327911255,9.158451011201794e-4,21.4485
1998-06-01,gold,Gold,NA,292.32,5.677849092629697,-0.02292887300620581,5.257332173347137e-4,21.996363636363636
1998-07-01,gold,Gold,NA,292.87,5.679728824552481,0.00187973192278463,3.5333921015356043e-6,20.25181818181818
1998-08-01,gold,Gold,NA,284.11,5.649361487114312,-0.03036733743816851,9.221751830835908e-4,31.48857142857143
1998-09-01,gold,Gold,NA,288.98,5.666357481565465,0.01699599445115281,2.888638273836171e-4,39.247142857142855
1998-10-01,gold,Gold,NA,295.93,5.6901229398702355,0.02376545830477011,5.647970084357666e-4,37.45409090909091
1998-11-01,gold,Gold,NA,294.12,5.683987847328021,-0.00613509254221384,3.763936050152799e-5,25.038
1998-12-01,gold,Gold,NA,291.68,5.675657310930353,-0.00833053639766856,6.939783667288074e-5,25.47681818181818
1999-01-01,gold,Gold,NA,287.08,5.659760922561871,-0.01589638836848184,2.5269516316160493e-4,28.616842105263157
1999-02-01,gold,Gold,NA,287.33,5.660631381000218,8.704584383467959e-4,7.576978928891426e-7,29.93842105263158
1999-03-01,gold,Gold,NA,285.96,5.655851940898651,-0.00477944010156683,2.2843047684465217e-5,26.475652173913044
1999-04-01,gold,Gold,NA,282.62,5.6441032391546,-0.0117487017440509,1.3803199267066476e-4,24.693809523809524
1999-05-01,gold,Gold,NA,276.44,5.621993799223193,-0.0221094399314065,4.888273340804725e-4,27.3765
1999-06-01,gold,Gold,NA,261.31,5.565707441981806,-0.05628635724138782,0.00316815401150513,24.123636363636365
1999-07-01,gold,Gold,NA,256.08,5.545489895661608,-0.02021754632019828,4.0874917920936303e-4,21.486666666666668
1999-08-01,gold,Gold,NA,256.69,5.5478691311385475,0.0023792354769404,5.660761454731828e-6,24.90909090909091
1999-09-01,gold,Gold,NA,264.74,5.578748212285625,0.03087908114707682,9.535176524877552e-4,25.58
1999-10-01,gold,Gold,NA,310.72,5.73889218510296,0.16014397281733533,0.02564609202971943,25.37
1999-11-01,gold,Gold,NA,293.18,5.680786754861885,-0.0581054302410751,0.00337624102350044,22.22952380952381
1999-12-01,gold,Gold,NA,283.07,5.645694216880635,-0.03509253798124993,0.00123148622196546,23.222272727272728
2000-01-01,gold,Gold,NA,284.32,5.650100364406341,0.00440614752570616,1.9414136018286584e-5,24.9385
2000-02-01,gold,Gold,NA,299.86,5.703315699066757,0.05321533466041589,0.00283187184302006,25.456
2000-03-01,gold,Gold,NA,286.39,5.657354518275788,-0.04596118079096868,0.0021124301397001,24.810434782608695
2000-04-01,gold,Gold,NA,279.69,5.633681846976712,-0.02367267129907643,5.603953664341171e-4,29.833157894736843
2000-05-01,gold,Gold,NA,275.19,5.617461768189674,-0.01622007878703804,2.630909558577215e-4,29.42909090909091
2000-06-01,gold,Gold,NA,285.73,5.655047308974325,0.03758554078465064,0.00141267287607463,24.31772727272727
2000-07-01,gold,Gold,NA,281.59,5.640452112289707,-0.01459519668461705,2.1301976626265665e-4,22.66
2000-08-01,gold,Gold,NA,274.47,5.614841965359553,-0.02561014693015382,6.558796257840671e-4,20.484347826086957
2000-09-01,gold,Gold,NA,273.68,5.611959540669349,-0.0028824246902044,8.308372094699986e-6,22.3365
2000-10-01,gold,Gold,NA,270,5.598421958998375,-0.01353758167097452,1.8326611749830548e-4,28.21409090909091
2000-11-01,gold,Gold,NA,266.01,5.583533902060025,-0.01488805693834942,2.2165423939953432e-4,29.21190476190476
2000-12-01,gold,Gold,NA,271.45,5.60377796035146,0.02024405829143483,4.098218961070115e-4,30.1045
2001-01-01,gold,Gold,NA,265.49,5.5815771751892305,-0.02220078516222973,4.928748618194797e-4,27.83
2001-02-01,gold,Gold,NA,261.87,5.567848197415368,-0.01372897777386216,1.884848307152012e-4,26.159473684210525
2001-03-01,gold,Gold,NA,263.03,5.572268094113519,0.00441989669815106,1.953548682232668e-5,32.42318181818182
2001-04-01,gold,Gold,NA,260.48,5.562526082814175,-0.00974201129934359,9.490678415653818e-5,32.245
2001-05-01,gold,Gold,NA,272.36,5.607124720614766,0.04459863780059042,0.00198903849366825,26.095
2001-06-01,gold,Gold,NA,270.23,5.599273448230355,-0.00785127238441031,6.164247805420401e-5,23.30047619047619
2001-07-01,gold,Gold,NA,267.53,5.589231709580483,-0.01004173864987286,1.0083651511235047e-4,24.85904761904762
2001-08-01,gold,Gold,NA,272.39,5.607234862881972,0.01800315330148941,3.241135287969292e-4,24.260434782608694
2001-09-01,gold,Gold,NA,283.42,5.646929896396724,0.03969503351475227,0.0015756956857373,38.55133333333333
2001-10-01,gold,Gold,NA,283.06,5.645658889305693,-0.00127100709103153,1.6154590254524458e-6,34.44695652173913
2001-11-01,gold,Gold,NA,276.16,5.620980407895063,-0.02467848141062964,6.090274447347927e-4,28.25428571428571
2001-12-01,gold,Gold,NA,275.85,5.61985723971844,-0.00112316817662331,1.2615067529793408e-6,24.5395
2002-01-01,gold,Gold,NA,281.51,5.640167970927469,0.02031073120902919,4.125258022454326e-4,23.615238095238094
2002-02-01,gold,Gold,NA,295.5,5.688668836846153,0.0485008659186839,0.00235233399486215,24.66842105263158
2002-03-01,gold,Gold,NA,294.06,5.683783828149511,-0.0048850086966417804,2.3863309966265825e-5,21.014
2002-04-01,gold,Gold,NA,302.68,5.7126761418263206,0.02889231367680966,8.347657895991625e-4,21.814545454545453
2002-05-01,gold,Gold,NA,314.49,5.750952279132591,0.03827613730627023,0.00146506268708845,22.63
2002-06-01,gold,Gold,NA,321.18,5.772001713633345,0.02104943450075398,4.43078692801532e-4,28.599
2002-07-01,gold,Gold,NA,313.29,5.747129279159567,-0.0248724344737779,6.186379966523755e-4,38.49727272727273
2002-08-01,gold,Gold,NA,310.26,5.737410655636185,-0.0097186235233819,9.445164318923216e-5,37.25272727272727
2002-09-01,gold,Gold,NA,319.14,5.765629877982281,0.02821922234609601,7.963245098184047e-4,41.656
2002-10-01,gold,Gold,NA,316.56,5.757512797077169,-0.00811708090511227,6.588700242013826e-5,41.39739130434783
2002-11-01,gold,Gold,NA,319.07,5.765410514449022,0.00789771737185302,6.237393968566907e-5,32.005
2002-12-01,gold,Gold,NA,331.92,5.804893976024612,0.03948346157559063,0.00155894373799114,31.830952380952382
2003-01-01,gold,Gold,NA,356.859,5.877340745779999,0.07244676975538623,0.00524853444798994,30.66857142857143
2003-02-01,gold,Gold,NA,358.97,5.883238819536881,0.00589807375688273,3.4787274041628776e-5,36.54052631578948
2003-03-01,gold,Gold,NA,340.55,5.830561957687327,-0.05267686184955395,0.00277485177431699,35.194761904761904
2003-04-01,gold,Gold,NA,328.18,5.793562238347004,-0.03699971934032312,0.00136897923126268,27.14238095238095
2003-05-01,gold,Gold,NA,355.683,5.874039884728224,0.08047764638121964,0.00647665156706063,22.548571428571428
2003-06-01,gold,Gold,NA,356.352,5.87591900639179,0.00187912166356622,3.531098226483908e-6,22.34904761904762
2003-07-01,gold,Gold,NA,351.02,5.860843201899544,-0.01507580449224629,2.2727988108843349e-4,21.206818181818186
2003-08-01,gold,Gold,NA,359.768,5.885459379262133,0.02461617736258866,6.059561879464224e-4,20.829047619047618
2003-09-01,gold,Gold,NA,378.945,5.937391075818175,0.05193169655604227,0.00269690110718885,20.682380952380953
2003-10-01,gold,Gold,NA,378.92,5.937325101007334,-6.597481084107597e-5,4.3526756655157545e-9,19.184347826086956
2003-11-01,gold,Gold,NA,389.91,5.9659159432616065,0.02859084225427298,8.174362608087216e-4,17.838947368421053
2003-12-01,gold,Gold,NA,406.953,6.00869769965889,0.04278175639728259,0.00183027868043643,16.375454545454545
2004-01-01,gold,Gold,NA,413.788,6.025353765374274,0.01665606571538455,2.774245251152087e-4,15.834
2004-02-01,gold,Gold,NA,404.878,6.003585787158392,-0.02176797821588205,4.7384487560711574e-4,15.924736842105265
2004-03-01,gold,Gold,NA,406.667,6.007994668730988,0.00440888157259594,1.9438236721176067e-5,17.73304347826087
2004-04-01,gold,Gold,NA,403.26,5.99958151520993,-0.00841315352105818,7.078115216889375e-5,15.788095238095238
2004-05-01,gold,Gold,NA,383.779,5.950066866078709,-0.04951464913122039,0.00245170047858786,18.076
2004-06-01,gold,Gold,NA,392.373,5.972212917984425,0.02214605190571571,4.904476150106545e-4,15.045238095238096
2004-07-01,gold,Gold,NA,398.091,5.9866806223656415,0.01446770438121675,2.093144700622784e-4,15.668571428571427
2004-08-01,gold,Gold,NA,400.51,5.992738734985712,0.00605811262007102,3.67007285174638e-5,16.592727272727274
2004-09-01,gold,Gold,NA,405.275,6.004565849027637,0.01182711404192423,1.3988062656068148e-4,13.880476190476193
2004-10-01,gold,Gold,NA,420.464,6.0413588633818245,0.03679301435418752,0.00135372590526744,15.184761904761904
2004-11-01,gold,Gold,NA,439.375,6.085353262564929,0.04399439918310508,0.00193550715948239,14.05
2004-12-01,gold,Gold,NA,442.079,6.091488599138527,0.00613533657359771,3.764235487132571e-5,13.014090909090909
2005-01-01,gold,Gold,NA,424.03,6.049804207445942,-0.04168439169258513,0.00173758851078086,13.512
2005-02-01,gold,Gold,NA,423.35,6.048199260088286,-0.00160494735765565,2.5758560208458817e-6,11.562631578947368
2005-03-01,gold,Gold,NA,433.85,6.0726988522394985,0.02449959215121249,6.00230015575753e-4,12.880454545454546
2005-04-01,gold,Gold,NA,429.233,6.0619998950329315,-0.01069895720656745,1.1446768530796156e-4,14.057142857142855
2005-05-01,gold,Gold,NA,421.873,6.044704320874816,-0.017295574158115182,2.991368854588617e-4,13.17904761904762
2005-06-01,gold,Gold,NA,430.657,6.065311949602092,0.0206076287272767,4.246743617612799e-4,11.241818181818182
2005-07-01,gold,Gold,NA,424.479,6.050862534563058,-0.01444941503903424,2.0878559497026895e-4,10.489
2005-08-01,gold,Gold,NA,437.93,6.082059080252694,0.03119654568963563,9.732244629655236e-4,11.985217391304348
2005-09-01,gold,Gold,NA,456.048,6.122598067132503,0.04053898687980918,0.00164340945724134,11.959047619047618
2005-10-01,gold,Gold,NA,469.898,6.152515649874983,0.02991758274248036,8.950617571531589e-4,14.582380952380952
2005-11-01,gold,Gold,NA,476.666,6.166816035983467,0.01430038610848302,2.0450104285169417e-4,11.606190476190475
2005-12-01,gold,Gold,NA,510.097,6.234600903711822,0.06778486772835506,0.00459478829295059,10.923809523809524
2006-01-01,gold,Gold,NA,549.864,6.3096709749223026,0.07507007121048072,0.00563551559154664,11.7115
2006-02-01,gold,Gold,NA,554.995,6.3189591046968445,0.00928812977454171,8.626935470872838e-5,11.867368421052632
2006-03-01,gold,Gold,NA,557.093,6.32273219187872,0.00377308718187661,1.4236186882041593e-5,11.19086956521739
2006-04-01,gold,Gold,NA,610.653,6.414528876402868,0.09179668452414756,0.00842663128962587,11.163684210526316
2006-05-01,gold,Gold,NA,675.393,6.515294743669153,0.100765867266285,0.01015376000592656,13.488181818181818
2006-06-01,gold,Gold,NA,596.145,6.390483926066084,-0.1248108176030694,0.01557774019074666,15.891363636363636
2006-07-01,gold,Gold,NA,633.71,6.451591436542662,0.06110751047657868,0.00373412783664517,14.522
2006-08-01,gold,Gold,NA,632.593,6.449827245366127,-0.00176419117653494,3.1123705073637637e-6,12.560434782608697
2006-09-01,gold,Gold,NA,598.186,6.393901742378016,-0.05592550298811212,0.00312766188447333,11.397
2006-10-01,gold,Gold,NA,585.78,6.372944292465635,-0.02095744991238023,4.3921470682992624e-4,10.808636363636364
2006-11-01,gold,Gold,NA,627.827,6.442264650810239,0.0693203583446037,0.00480531208102426,10.484285714285717
2006-12-01,gold,Gold,NA,629.791,6.4453880183139445,0.00312336750370559,9.75542456320413e-6,10.499
2007-01-01,gold,Gold,NA,631.166,6.4475689024281335,0.00218088411418877,4.7562555195209555e-6,10.627
2007-02-01,gold,Gold,NA,664.745,6.499403508470171,0.05183460604203745,0.00268682638353322,10.920526315789472
2007-03-01,gold,Gold,NA,654.895,6.4844749174414655,-0.01492859102870521,2.2286283010233775e-4,14.921363636363637
2007-04-01,gold,Gold,NA,679.368,6.521162954234535,0.03668803679306964,0.00134601204372963,12.246
2007-05-01,gold,Gold,NA,667.31,6.5032547055608,-0.01790824867373518,3.2070537056033807e-4,12.965
2007-06-01,gold,Gold,NA,655.66,6.485642361901082,-0.01761234365971771,3.1019464918799873e-4,14.881904761904762
2007-07-01,gold,Gold,NA,665.38,6.500358306024146,0.01471594412306392,2.165590114331398e-4,17.247619047619047
2007-08-01,gold,Gold,NA,665.411,6.500404894857413,4.658883326612573e-5,2.1705193850988635e-9,25.12
2007-09-01,gold,Gold,NA,712.653,6.568994625932255,0.06858973107484283,0.00470455120891926,22.182105263157897
2007-10-01,gold,Gold,NA,754.604,6.626193108337788,0.05719848240553283,0.00327166638949604,18.859565217391303
2007-11-01,gold,Gold,NA,806.248,6.692391387486751,0.06619827914896224,0.00438221216228392,26.65714285714286
2007-12-01,gold,Gold,NA,803.203,6.688607483990251,-0.00378390349650018,1.4317925670826342e-5,23.0965
2008-01-01,gold,Gold,NA,889.595,6.790766302976926,0.10215881898667538,0.0104364242967523,27.98952380952381
2008-02-01,gold,Gold,NA,922.298,6.826868381747508,0.03610207877058234,0.00130336009155733,27.1565
2008-03-01,gold,Gold,NA,968.434,6.875680333906482,0.04881195215897391,0.00238260667356995,29.009
2008-04-01,gold,Gold,NA,909.705,6.8131203711303785,-0.06255996277610328,0.00391374894254742,22.526818181818182
2008-05-01,gold,Gold,NA,888.663,6.789718086030525,-0.02340228509985445,5.476669478948697e-4,18.61
2008-06-01,gold,Gold,NA,889.488,6.790646016289763,9.279302592384836e-4,8.610545660103997e-7,23.19142857142857
2008-07-01,gold,Gold,NA,939.772,6.8456372926517775,0.05499127636201459,0.00302404047592346,25.66227272727273
2008-08-01,gold,Gold,NA,839.025,6.732240503401104,-0.11339678925067352,0.01285883181236166,22.25952380952381
2008-09-01,gold,Gold,NA,829.932,6.721343769723542,-0.01089673367756185,1.1873880483971076e-4,33.21142857142857
2008-10-01,gold,Gold,NA,806.62,6.692852677569506,-0.02849109215403661,8.117423321298068e-4,65.44652173913043
2008-11-01,gold,Gold,NA,760.863,6.634453315373801,-0.05839936219570454,0.00341048550486508,65.42684210526316
2008-12-01,gold,Gold,NA,816.092,6.704527093706895,0.07007377833309437,0.00491033440987564,55.07545454545455
2009-01-01,gold,Gold,NA,858.69,6.755407972099974,0.05088087839307868,0.00258886378605126,44.2915
2009-02-01,gold,Gold,NA,943,6.849066282633458,0.09365831053348346,0.00877187913198641,45.38947368421053
2009-03-01,gold,Gold,NA,924.273,6.82900748254904,-0.02005880008441782,4.0235546082664054e-4,46.09045454545455
2009-04-01,gold,Gold,NA,890.2,6.791446156581754,-0.03756132596728564,0.00141085320842068,38.89857142857143
2009-05-01,gold,Gold,NA,928.645,6.833726534459054,0.04228037787730037,0.00178763035344731,32.11
2009-06-01,gold,Gold,NA,945.67,6.851893670984723,0.01816713652566885,3.300448495422912e-4,27.935454545454547
2009-07-01,gold,Gold,NA,934.228,6.8397205197875515,-0.0121731511971716,1.4818561006920038e-4,25.924545454545456
2009-08-01,gold,Gold,NA,949.375,6.8558038733500375,0.01608335356248566,2.586742618159202e-4,24.306190476190476
2009-09-01,gold,Gold,NA,996.591,6.904340455102132,0.04853658175209494,0.00235579976817779,23.85761904761905
2009-10-01,gold,Gold,NA,1043.159,6.9500088882528,0.04566843315066762,0.00208560578643699,23.250454545454545
2009-11-01,gold,Gold,NA,1127.036,7.02734645674167,0.0773375684888705,0.00598109949977073,22.546
2009-12-01,gold,Gold,NA,1134.724,7.034144728538278,0.00679827179660774,4.621649942055223e-5,19.845454545454544
2010-01-01,gold,Gold,NA,1117.963,7.0192635583552345,-0.01488117018304344,2.214492260167013e-4,19.527368421052632
2010-02-01,gold,Gold,NA,1095.413,6.998886740090044,-0.02037681826519005,4.152147226125828e-4,21.771052631578947
2010-03-01,gold,Gold,NA,1113.337,7.015117090710387,0.01623035062034242,2.6342428125924984e-4,16.925217391304347
2010-04-01,gold,Gold,NA,1148.688,7.046375700504993,0.03125860979460641,9.771006862914636e-4,16.136666666666667
2010-05-01,gold,Gold,NA,1205.434,7.094594947055664,0.04821924655067045,0.00232509573791434,30.0335
2010-06-01,gold,Gold,NA,1232.92,7.117140618658741,0.02254567160307796,5.083073080338359e-4,28.94090909090909
2010-07-01,gold,Gold,NA,1192.966,7.084197922110906,-0.03294269654783475,0.00108522125584272,25.016666666666666
2010-08-01,gold,Gold,NA,1215.81,7.103165800317809,0.01896787820690265,3.597804036718927e-4,24.15590909090909
2010-09-01,gold,Gold,NA,1270.977,7.147541175038309,0.04437537472049904,0.0019691738815847,21.322380952380954
2010-10-01,gold,Gold,NA,1342.024,7.201934201127303,0.05439302608899495,0.00295860128711808,19.86095238095238
2010-11-01,gold,Gold,NA,1369.886,7.222482803681054,0.02054860255375129,4.222450669120344e-4,19.395238095238096
2010-12-01,gold,Gold,NA,1390.553,7.23745678873332,0.01497398505226551,2.2422022834547105e-4,16.58681818181818
2011-01-01,gold,Gold,NA,1360.46,7.215578156835553,-0.02187863189776674,4.786745337179762e-4,15.723
2011-02-01,gold,Gold,NA,1374.68,7.225976255742751,0.01039809890719689,1.081204608838492e-4,15.72
2011-03-01,gold,Gold,NA,1423.26,7.260705293979,0.03472903823624995,0.00120610609681491,19.893478260869564
2011-04-01,gold,Gold,NA,1480.89,7.300398537370243,0.03969324339124291,0.00157555357091644,15.208
2011-05-01,gold,Gold,NA,1512.58,7.321572081068218,0.02117354369797446,4.4831895273003393e-4,16.293809523809525
2011-06-01,gold,Gold,NA,1529.36,7.332604626220763,0.01103254515254511,1.2171705254294676e-4,18.918636363636363
2011-07-01,gold,Gold,NA,1572.75,7.360580958450139,0.02797633222937614,7.826751650084305e-4,18.7405
2011-08-01,gold,Gold,NA,1759.01,7.472506429769721,0.11192547131958232,0.01252731113011064,35.068695652173915
2011-09-01,gold,Gold,NA,1772.14,7.479943134816165,0.00743670504644347,5.530458194779789e-5,36.64380952380952
2011-10-01,gold,Gold,NA,1666.43,7.418438892665173,-0.06150424215099148,0.00378277180256779,32.00857142857143
2011-11-01,gold,Gold,NA,1739,7.461065514354283,0.04262662168910971,0.00181702887662647,31.412380952380953
2011-12-01,gold,Gold,NA,1639.97,7.402433227968004,-0.05863228638627889,0.00343774500688262,25.03952380952381
2012-01-01,gold,Gold,NA,1654.05,7.410982104872797,0.00854887690479312,7.308329633330527e-5,18.9415
2012-02-01,gold,Gold,NA,1744.82,7.464406677453544,0.05342457258074693,0.00285418495543549,16.691
2012-03-01,gold,Gold,NA,1675.95,7.424135447661457,-0.04027122979208744,0.00162177194896711,14.962727272727273
2012-04-01,gold,Gold,NA,1649.2,7.408045600832745,-0.01608984682871168,2.5888317097140355e-4,17.177
2012-05-01,gold,Gold,NA,1589.04,7.3708853392847,-0.03716026154804461,0.00138088503831908,20.547272727272727
2012-06-01,gold,Gold,NA,1598.76,7.37698360776012,0.00609826847542054,3.718887839830803e-5,20.750476190476192
2012-07-01,gold,Gold,NA,1594.29,7.374183775048419,-0.00279983271170243,7.839063213518984e-6,16.954761904761906
2012-08-01,gold,Gold,NA,1630.31,7.3965254597671954,0.02234168471877559,4.991508760731708e-4,14.969130434782608
2012-09-01,gold,Gold,NA,1744.81,7.464400946186905,0.06787548641971133,0.00460708165671241,14.31421052631579
2012-10-01,gold,Gold,NA,1746.58,7.465414869095338,0.00101392290843231,1.028039664243835e-6,15.469047619047618
2012-11-01,gold,Gold,NA,1721.64,7.451032603898299,-0.01438226519703882,2.0684955219795424e-4,17.155714285714286
2012-12-01,gold,Gold,NA,1684.762,7.429379586519464,-0.02165301737883487,4.68853161608125e-4,17.351
2013-01-01,gold,Gold,NA,1671.84782608696,7.421684776396818,-0.00769481012264649,5.9210102823582985e-5,13.121904761904762
2013-02-01,gold,Gold,NA,1627.57,7.394843383910477,-0.02684139248634114,7.204603506058108e-4,13.512105263157894
2013-03-01,gold,Gold,NA,1593.08619047619,7.373428414206705,-0.02141496970377167,4.586009274134584e-4,12.3915
2013-04-01,gold,Gold,NA,1487.85727272727,7.305092291926447,-0.06833612228025833,0.00466982560830241,13.251363636363635
2013-05-01,gold,Gold,NA,1414.02695652174,7.254196910293006,-0.05089538163344082,0.00259033987161358,12.914090909090907
2013-06-01,gold,Gold,NA,1343.35,7.202921773143544,-0.05127513714946144,0.00262913968969608,17.156
2013-07-01,gold,Gold,NA,1285.51565217391,7.158915202574183,-0.04400657056936141,0.00193657825327618,13.626818181818182
2013-08-01,gold,Gold,NA,1351.74181818182,7.209149275483907,0.05023407290972433,0.0025234620810995,13.863636363636363
2013-09-01,gold,Gold,NA,1348.6,7.206822296300482,-0.00232697918342573,5.414832120096686e-6,14.2915
2013-10-01,gold,Gold,NA,1316.58,7.182792744275833,-0.02402955202464836,5.774193705052821e-4,14.32304347826087
2013-11-01,gold,Gold,NA,1275.86,7.151375740016951,-0.03141700425888217,9.870281566026204e-4,11.9565
2013-12-01,gold,Gold,NA,1221.5119047619,7.107844636669051,-0.04353110334790038,0.00189495695868558,12.995238095238095
2014-01-01,gold,Gold,NA,1244.27,7.126304291549603,0.0184596548805533,3.407588583091355e-4,13.057142857142855
2014-02-01,gold,Gold,NA,1299.58,7.169796414325958,0.04349212277635472,0.00189156474359351,14.179473684210526
2014-03-01,gold,Gold,NA,1336.08,7.197495232543362,0.02769881821740346,7.67224530640762e-4,13.592380952380951
2014-04-01,gold,Gold,NA,1298.45,7.1689265243930045,-0.02856870815035775,8.161710853803175e-4,13.485238095238095
2014-05-01,gold,Gold,NA,1288.74,7.161420275844227,-0.00750624854877729,5.6343767276021214e-5,11.76142857142857
2014-06-01,gold,Gold,NA,1279.1,7.153911984605347,-0.00750829123887955,5.637443732783541e-5,10.298571428571428
2014-07-01,gold,Gold,NA,1310.59,7.1782326964832,0.02432071187785261,5.914970262455211e-4,10.638636363636364
2014-08-01,gold,Gold,NA,1295.13,7.166366355195677,-0.01186634128752302,1.408100555519737e-4,12.414761904761905
2014-09-01,gold,Gold,NA,1236.55,7.1200805228604676,-0.04628583233520941,0.00214237827496311,11.91190476190476
2014-10-01,gold,Gold,NA,1222.49,7.108645041356471,-0.01143548150399669,1.3077023722825052e-4,16.911304347826086
2014-11-01,gold,Gold,NA,1175.33,7.069304238210812,-0.03934080314565905,0.00154769879214549,12.243684210526316
2014-12-01,gold,Gold,NA,1200.62,7.090593369016492,0.02128913080568035,4.5322709046136816e-4,14.90681818181818
2015-01-01,gold,Gold,NA,1250.75,7.131498650368314,0.04090528135182239,0.00167324204247174,17.9875
2015-02-01,gold,Gold,NA,1227.08,7.112392642259507,-0.01910600810880773,3.650395458538269e-4,15.321052631578947
2015-03-01,gold,Gold,NA,1178.63,7.072108026008257,-0.04028461625124972,0.00162285030651045,15.016818181818184
2015-04-01,gold,Gold,NA,1198.93,7.089184771338233,0.01707674532997544,2.91615231064838e-4,13.758571428571427
2015-05-01,gold,Gold,NA,1198.63,7.088934516911594,-2.502544266384671e-4,6.262727805214794e-8,13.6325
2015-06-01,gold,Gold,NA,1181.5,7.074540096626962,-0.01439442028463146,2.071993353306098e-4,14.83090909090909
2015-07-01,gold,Gold,NA,1128.31,7.0284762169962,-0.04606387963076226,0.00212188100663735,14.55090909090909
2015-08-01,gold,Gold,NA,1117.93,7.019234039948046,-0.00924217704815456,8.541783658943508e-5,19.58809523809524
2015-09-01,gold,Gold,NA,1124.77,7.025333849292462,0.00609980934441601,3.7207674038224945e-5,24.604285714285716
2015-10-01,gold,Gold,NA,1159.25,7.05552852327157,0.03019467397910837,9.11718336704644e-4,16.977272727272727
2015-11-01,gold,Gold,NA,1086.44,6.990661574977886,-0.06486694829368386,0.00420772098093545,16.008
2015-12-01,gold,Gold,NA,1075.74,6.980764075835391,-0.00989749914249545,9.796048927569834e-5,18.304545454545455
2016-01-01,gold,Gold,NA,1097.91,7.001163651496865,0.02039957566147468,4.161426871682303e-4,24.33105263157895
2016-02-01,gold,Gold,NA,1199.5,7.0896600822797495,0.08849643078288355,0.0078316182613097,24.109
2016-03-01,gold,Gold,NA,1245.14,7.127003252376,0.03734317009625089,0.00139451235283752,16.398636363636363
2016-04-01,gold,Gold,NA,1242.26,7.124687580359468,-0.00231567201653197,5.362336888149258e-6,14.347142857142858
2016-05-01,gold,Gold,NA,1260.95,7.139620684108216,0.01493310374874799,2.229975875708715e-4,14.791904761904762
2016-06-01,gold,Gold,NA,1276.4,7.151798894404089,0.01217821029587231,1.483088060104904e-4,16.635
2016-07-01,gold,Gold,NA,1336.66,7.197929244088895,0.04613034968480681,0.00212800916204255,12.3075
2016-08-01,gold,Gold,NA,1340.17,7.20055175056983,0.00262250648093476,6.877540242544833e-6,11.22391304347826
2016-09-01,gold,Gold,NA,1326.61,7.190382095130284,-0.01016965543954608,1.0342189175908933e-4,13.593333333333334
2016-10-01,gold,Gold,NA,1266.55,7.144051947541259,-0.04633014758902466,0.0021464825756208,14.816190476190476
2016-11-01,gold,Gold,NA,1238.35,7.121535127343381,-0.02251682019787847,5.070071918235881e-4,15.33952380952381
2016-12-01,gold,Gold,NA,1157.36,7.053896828321335,-0.06763829902204617,0.00457493949459573,11.956190476190477
2017-01-01,gold,Gold,NA,1192.1,7.083471736723956,0.02957490840262107,8.746752070234267e-4,10.7905
2017-02-01,gold,Gold,NA,1234.2,7.118178265886966,0.03470652916301064,0.0012045431665429,10.510526315789471
2017-03-01,gold,Gold,NA,1231.42,7.115923254021356,-0.00225501186561035,5.085078514043496e-6,10.640869565217391
2017-04-01,gold,Gold,NA,1266.88,7.144312463917766,0.02838920989640973,8.059472385424084e-4,11.57315789473684
2017-05-01,gold,Gold,NA,1246.04,7.127725801560849,-0.01658666235691708,2.7511736814237023e-4,9.971363636363636
2017-06-01,gold,Gold,NA,1260.26,7.1390733278648035,0.01134752630395483,1.2876635321894676e-4,9.42318181818182
2017-07-01,gold,Gold,NA,1236.84,7.120315018836702,-0.01875830902810213,3.5187415759377783e-4,8.8765
2017-08-01,gold,Gold,NA,1283.04,7.156987541058719,0.03667252222201682,0.00134487388612431,10.177391304347823
2017-09-01,gold,Gold,NA,1314.07,7.180884470076162,0.02389692901744329,5.710632164647231e-4,8.6015
2017-10-01,gold,Gold,NA,1279.51,7.154232471122253,-0.02665199895390932,7.103290482391836e-4,8.02
2017-11-01,gold,Gold,NA,1281.9,7.156098631318089,0.00186616019583639,3.4825538765241193e-6,9.127142857142855
2017-12-01,gold,Gold,NA,1264.45,7.142392524007561,-0.01370610731052794,1.8785737760770765e-4,8.8275
2018-01-01,gold,Gold,NA,1331.3,7.193911187437871,0.05151866343031026,0.00265417268164558,10.367619047619048
2018-02-01,gold,Gold,NA,1330.73,7.193482942821011,-4.282446168608626e-4,1.8339345187030706e-7,20.133157894736843
2018-03-01,gold,Gold,NA,1324.66,7.1889111017183565,-0.00457184110265427,2.0901731067919023e-5,18.04904761904762
2018-04-01,gold,Gold,NA,1334.76,7.196506779391938,0.00759567767358192,5.7694319320950975e-5,18.777142857142856
2018-05-01,gold,Gold,NA,1303.45,7.172769874371653,-0.02373690502028526,5.634406599420437e-4,13.694545454545455
2018-06-01,gold,Gold,NA,1281.57,7.155841167800417,-0.0169287065712357,2.8658110617499886e-4,12.694761904761904
2018-07-01,gold,Gold,NA,1237.71,7.121018177015641,-0.03482299078477688,0.00121264068719665,11.917619047619048
2018-08-01,gold,Gold,NA,1201.71,7.0915008214271085,-0.02951735558853146,8.712742809398093e-4,10.972608695652172
2018-09-01,gold,Gold,NA,1198.39,7.088734268268861,-0.002766553158248,7.653816377411982e-6,11.564736842105264
2018-10-01,gold,Gold,NA,1215.39,7.102820291923455,0.01408602365459337,1.9841606239776415e-4,19.855217391304347
2018-11-01,gold,Gold,NA,1220.65,7.107138782732008,0.00431849080855401,1.8649362863565547e-5,20.95047619047619
2018-12-01,gold,Gold,NA,1250.4,7.131218779107267,0.02407999637525873,5.798462254324738e-4,27.11578947368421
2019-01-01,gold,Gold,NA,1291.75,7.163753167167294,0.03253438806002699,0.00105848640644042,20.525238095238095
2019-02-01,gold,Gold,NA,1320.07,7.18544004447739,0.02168687731009593,4.7032064746315393e-4,15.287368421052632
2019-03-01,gold,Gold,NA,1300.9,7.170811611607514,-0.01462843286987655,2.139910482284849e-4,14.717619047619047
2019-04-01,gold,Gold,NA,1285.91,7.159221917900639,-0.01158969370687481,1.343210002191737e-4,12.57
2019-05-01,gold,Gold,NA,1283.7,7.157501812090881,-0.00172010580975771,2.9587639967622303e-6,17.937272727272727
2019-06-01,gold,Gold,NA,1359.04,7.214533847124907,0.05703203503402548,0.00325265302012231,16.889
2019-07-01,gold,Gold,NA,1412.89,7.253392531104986,0.03885868398007958,0.00150999732066369,13.022272727272728
2019-08-01,gold,Gold,NA,1500.41,7.313493683074885,0.06010115196989908,0.0036121484681089,20.66590909090909
2019-09-01,gold,Gold,NA,1510.58,7.320248962019425,0.00675527894454017,4.563379361854781e-5,16.092
2019-10-01,gold,Gold,NA,1494.81,7.309754387447127,-0.01049457457229832,1.1013609545353046e-4,16.411739130434782
2019-11-01,gold,Gold,NA,1470.79,7.293554950383062,-0.0161994370640643,2.624217611925803e-4,12.7645
2019-12-01,gold,Gold,NA,1479.13,7.299209356075922,0.00565440569285904,3.1972303739436765e-5,13.598571428571429
2020-01-01,gold,Gold,NA,1560.67,7.35287049521985,0.05366113914392889,0.00287951785422409,14.055714285714286
2020-02-01,gold,Gold,NA,1597.1,7.375944763662264,0.02307426844241334,5.324218641525525e-4,20.178421052631577
2020-03-01,gold,Gold,NA,1591.93,7.37270239558838,-0.00324236807388367,1.0512950726540107e-5,63.317727272727275
2020-04-01,gold,Gold,NA,1683.17,7.428434199190639,0.05573180360225936,0.00310603393276081,43.6047619047619
2020-05-01,gold,Gold,NA,1715.91,7.447698831120039,0.01926463192939963,3.7112604337524377e-4,31.078
2020-06-01,gold,Gold,NA,1732.22,7.457159101841143,0.00946027072110394,8.949672211657653e-5,29.99681818181818
2020-07-01,gold,Gold,NA,1846.51,7.521052649929185,0.06389354808804244,0.00408238548727899,24.80090909090909
2020-08-01,gold,Gold,NA,1968.63,7.585093148335319,0.06404049840613357,0.00410118543610599,20.337619047619047
2020-09-01,gold,Gold,NA,1921.92,7.561079965354911,-0.0240131829804082,5.766329568505663e-4,28.017142857142854
2020-10-01,gold,Gold,NA,1900.27,7.549751260321694,-0.0113287050332175,1.283395577296476e-4,30.815
2020-11-01,gold,Gold,NA,1866.3,7.531713140189083,-0.01803812013260947,3.253737779184512e-4,25.357
2020-12-01,gold,Gold,NA,1858.42,7.52748194334405,-0.0042311968450339,1.7903026741424875e-5,21.704090909090908
2021-01-01,gold,Gold,NA,1866.98,7.532077431111555,0.00459548776750436,2.111850782128224e-5,23.288947368421052
2021-02-01,gold,Gold,NA,1808.17,7.500070563080576,-0.03200686803097861,0.00102443960115248,21.877894736842105
2021-03-01,gold,Gold,NA,1718.23,7.449049970184227,-0.05102059289634875,0.00260310089949495,21.119565217391305
2021-04-01,gold,Gold,NA,1760.04,7.473091815046664,0.02404184486243745,5.780103043895102e-4,16.409523809523808
2021-05-01,gold,Gold,NA,1850.26,7.523081448738014,0.04998963369135029,0.00249896347659538,18.599
2021-06-01,gold,Gold,NA,1834.57,7.51456540060347,-0.00851604813454466,7.25230758298817e-5,14.940454545454545
2021-07-01,gold,Gold,NA,1807.84,7.499888041460936,-0.01467735914253375,2.154248713989193e-4,15.47095238095238
2021-08-01,gold,Gold,NA,1785.28,7.487330544657164,-0.01255749680377253,1.576907259767575e-4,15.008181818181818
2021-09-01,gold,Gold,NA,1775.14,7.481634572038622,-0.00569597261854108,3.2444104071169756e-5,17.5625
1990-01-01,lead,Lead,NA,707.8,6.562161567911363,-0.00451086189187792,2.034787500759645e-5,23.49909090909091
1990-02-01,lead,Lead,NA,779.8,6.659037476548497,0.09687590863713393,0.00938494167427032,23.326842105263157
1990-03-01,lead,Lead,NA,1062.3,6.968191647785968,0.30915417123747085,0.09557630159352744,18.831363636363637
1990-04-01,lead,Lead,NA,836.1,6.728748223156012,-0.23944342462995544,0.05733315359852115,20.4575
1990-05-01,lead,Lead,NA,825.6,6.716110394727298,-0.01263782842871396,1.5971470739361082e-4,18.151818181818182
1990-06-01,lead,Lead,NA,838,6.731018100482083,0.01490770575478467,2.2223969087124e-4,17.582857142857144
1990-07-01,lead,Lead,NA,875.4,6.774680924756795,0.04366282427471189,0.00190644222364436,18.93285714285714
1990-08-01,lead,Lead,NA,876.1,6.775480239672318,7.993149155232131e-4,6.389043341778812e-7,27.77521739130435
1990-09-01,lead,Lead,NA,838.5,6.731614581263264,-0.04386565840905467,0.00192419598765986,28.818947368421053
1990-10-01,lead,Lead,NA,760.9,6.634501943182477,-0.09711263808078656,0.00943086447500983,30.130434782608695
1990-11-01,lead,Lead,NA,701.2,6.552793153047079,-0.08170879013539749,0.00667632638539043,25.106666666666666
1990-12-01,lead,Lead,NA,624.8,6.437431598525476,-0.11536155452160334,0.01330828826164086,22.5845
1991-01-01,lead,Lead,NA,600.4,6.397596099759307,-0.03983549876616924,0.00158686696194947,26.93181818181818
1991-02-01,lead,Lead,NA,593.8,6.38654256232966,-0.01105353742964754,1.2218068970861924e-4,22.11263157894737
1991-03-01,lead,Lead,NA,603,6.401917196727186,0.01537463439752605,2.3637938285759133e-4,19.041052631578943
1991-04-01,lead,Lead,NA,600.9,6.398428531339882,-0.00348866538730319,1.2170786184567382e-5,18.92727272727273
1991-05-01,lead,Lead,NA,555.2,6.319328409192595,-0.07910012214728734,0.00625682932371577,17.180454545454545
1991-06-01,lead,Lead,NA,549.4,6.308826773661173,-0.01050163553142141,1.1028434883481274e-4,17.575
1991-07-01,lead,Lead,NA,548.1,6.30645775205207,-0.0023690216091027,5.612263384395573e-6,17.669545454545453
1991-08-01,lead,Lead,NA,540.2,6.291939441358515,-0.01451831069355544,2.107813453946063e-4,15.932727272727272
1991-09-01,lead,Lead,NA,539.8,6.291198700583904,-7.407407746111353e-4,5.486968951715047e-7,17.029
1991-10-01,lead,Lead,NA,522.3,6.258242135442253,-0.03295656514165121,0.00108613518593589,16.846363636363638
1991-11-01,lead,Lead,NA,506.2,6.226931848111024,-0.0313102873312293,9.80334092764138e-4,17.6815
1991-12-01,lead,Lead,NA,532.1,6.276831441602324,0.04989959349130003,0.00248996943059699,18.018571428571427
1992-01-01,lead,Lead,NA,514.9,6.243972707052095,-0.03285873455022806,0.00107969643624235,17.499545454545455
1992-02-01,lead,Lead,NA,505,6.22455842927536,-0.01941427777673584,3.7691418159225935e-4,17.050526315789472
1992-03-01,lead,Lead,NA,521.2,6.25613384525069,0.03157541597533026,9.970068940151411e-4,16.222727272727273
1992-04-01,lead,Lead,NA,532.8,6.27814611922618,0.02201227397548919,4.845402055719989e-4,16.18857142857143
1992-05-01,lead,Lead,NA,520.3,6.254405568296257,-0.02374055092992154,5.636137584561987e-4,14.728
1992-06-01,lead,Lead,NA,548.1,6.30645775205207,0.05205218375581297,0.00270942983374891,14.75318181818182
1992-07-01,lead,Lead,NA,626.1,6.439510102751265,0.13305235069919394,0.01770292802658129,13.303636363636365
1992-08-01,lead,Lead,NA,654.5,6.483871585349955,0.04436148259868992,0.00196794113835386,14.422380952380951
1992-09-01,lead,Lead,NA,621.1,6.431492099565257,-0.05237948578469734,0.00274361053106931,14.258571428571427
1992-10-01,lead,Lead,NA,537.4,6.286742696181391,-0.14474940338386655,0.02095238977998531,17.478636363636365
1992-11-01,lead,Lead,NA,460.4,6.132095676847728,-0.1546470193336633,0.02391570058878642,14.594
1992-12-01,lead,Lead,NA,454.6,6.119417911418443,-0.01267776542928461,1.6072573627996418e-4,12.781363636363636
1993-01-01,lead,Lead,NA,436.5,6.0787883752796565,-0.04062953613878595,0.00165075920685291,12.5745
1993-02-01,lead,Lead,NA,414,6.025865973825314,-0.05292240145434255,0.00280078057569459,13.505263157894737
1993-03-01,lead,Lead,NA,405.9,6.006106823844852,-0.01975914998046244,3.904240079504091e-4,13.657391304347826
1993-04-01,lead,Lead,NA,420.7,6.041919990596475,0.03581316675162315,0.00128258291277956,13.49952380952381
1993-05-01,lead,Lead,NA,407.2,6.009304465236313,-0.03261552536016217,0.00106377249451938,13.535
1993-06-01,lead,Lead,NA,393.9,5.97609706997686,-0.03320739525945281,0.00110273109991752,13.002272727272729
1993-07-01,lead,Lead,NA,388.2,5.9615206707349095,-0.01457639924195023,2.1247141486072728e-4,11.99952380952381
1993-08-01,lead,Lead,NA,388.4,5.96203573641717,5.150656822598428e-4,2.652926570417974e-7,11.952272727272728
1993-09-01,lead,Lead,NA,375.7,5.928790952579924,-0.03324478383724656,0.00110521565238524,12.621428571428572
1993-10-01,lead,Lead,NA,384.3,5.951423497570798,0.02263254499087499,5.122320927639809e-4,11.377142857142855
1993-11-01,lead,Lead,NA,400.3,5.992214265998528,0.04079076842772965,0.00166388678892466,13.370952380952382
1993-12-01,lead,Lead,NA,461.2,6.133831788394904,0.14161752239637604,0.02005552264968807,10.864545454545455
1994-01-01,lead,Lead,NA,490.1,6.194609451915502,0.06077766352059792,0.00369392438302301,10.605238095238096
1994-02-01,lead,Lead,NA,485.4,6.184973293292501,-0.00963615862300089,9.28555530076344e-5,12.885263157894736
1994-03-01,lead,Lead,NA,451.5,6.11257537285704,-0.07239792043546082,0.00524145888337931,14.240869565217391
1994-04-01,lead,Lead,NA,439.9,6.086547428354674,-0.02602794450236612,6.77453895018251e-4,15.334736842105263
1994-05-01,lead,Lead,NA,473.5,6.160151912626133,0.07360448427145887,0.00541762010486743,13.39
1994-06-01,lead,Lead,NA,525.1,6.2635887206438134,0.10343680801768064,0.01069917325288652,12.94590909090909
1994-07-01,lead,Lead,NA,580.1,6.363200502472019,0.09961178182820513,0.00992250707898993,12.1635
1994-08-01,lead,Lead,NA,570.8,6.347038885602681,-0.01616161686933738,2.611978598312508e-4,11.39304347826087
1994-09-01,lead,Lead,NA,613.5,6.419180264150966,0.07214137854828495,0.00520437849884694,12.612380952380953
1994-10-01,lead,Lead,NA,641.8,6.464276728675756,0.04509646452479032,0.00203369111263567,15.04952380952381
1994-11-01,lead,Lead,NA,667.2,6.503089851044537,0.03881312236878062,0.00150645846801393,16.249523809523808
1994-12-01,lead,Lead,NA,634.3,6.4525220286398515,-0.05056782240468564,0.00255710466275182,13.806666666666668
1995-01-01,lead,Lead,NA,666.6,6.502190165873639,0.04966813723378804,0.0024669238562744,11.711904761904762
1995-02-01,lead,Lead,NA,579.9,6.362855674882395,-0.13933449099124454,0.0194141003797892,11.197368421052632
1995-03-01,lead,Lead,NA,585.6,6.3726369626471016,0.00978128776470692,9.567359033600536e-5,11.971304347826086
1995-04-01,lead,Lead,NA,608.5,6.410996912427582,0.03835994978048,0.00147148574716094,12.51684210526316
1995-05-01,lead,Lead,NA,596.5,6.3910792415379705,-0.01991767088961106,3.9671361366686e-4,12.458636363636364
1995-06-01,lead,Lead,NA,611.8,6.416405431716803,0.02532619017883211,6.414159089743721e-4,13.17909090909091
1995-07-01,lead,Lead,NA,621.9,6.432779308109843,0.01637387639304065,2.6810382813457416e-4,14.0765
1995-08-01,lead,Lead,NA,623.6,6.4355091371836215,0.00272982907377804,7.451966772043877e-6,13.348695652173912
1995-09-01,lead,Lead,NA,592.7,6.3846883687937925,-0.05082076838982889,0.00258275049973263,12.237
1995-10-01,lead,Lead,NA,639.1,6.4600609366562365,0.07537256786244359,0.00568102398617866,14.237727272727271
1995-11-01,lead,Lead,NA,713.6,6.5703225812658,0.11026164460956354,0.01215763027200569,12.971904761904762
1995-12-01,lead,Lead,NA,731.6,6.595233916516711,0.0249113352509111,6.205746239832864e-4,12.288
1996-01-01,lead,Lead,NA,709.5,6.564560496600097,-0.03067341991661333,9.408586893808914e-4,14.150454545454544
1996-02-01,lead,Lead,NA,769.7,6.646000828540272,0.08144033194017448,0.0066325276665258,16.238
1996-03-01,lead,Lead,NA,817.9,6.7067400797409285,0.06073925120065662,0.00368925663641646,19.081904761904763
1996-04-01,lead,Lead,NA,815,6.703188113240863,-0.00355196650006564,1.2616466017588606e-5,17.512857142857143
1996-05-01,lead,Lead,NA,840.2,6.7336399587352815,0.0304518454944191,9.273148940159732e-4,16.96681818181818
1996-06-01,lead,Lead,NA,796.5,6.680227129350103,-0.05341282938517856,0.00285293034293019,17.6755
1996-07-01,lead,Lead,NA,783.7,6.664026294058819,-0.01620083529128422,2.624670641353203e-4,19.341818181818184
1996-08-01,lead,Lead,NA,815.7,6.704046640306535,0.04002034624771582,0.00160162811378706,16.478181818181817
1996-09-01,lead,Lead,NA,796.4,6.680101572190042,-0.02394506811649354,5.733662871035157e-4,17.2785
1996-10-01,lead,Lead,NA,741.9,6.60921446319548,-0.07088710899456097,0.00502498222160676,17.401304347826088
1996-11-01,lead,Lead,NA,716.6,6.574517804870854,-0.03469665832462673,0.00120385809889588,17.1635
1996-12-01,lead,Lead,NA,688.8,6.534950953113521,-0.03956685175733249,0.00156553575798671,20.118
1997-01-01,lead,Lead,NA,692.3,6.54001938768398,0.00506843457045873,2.5689028995021195e-5,21.031363636363636
1997-02-01,lead,Lead,NA,660.2,6.492542819419093,-0.04747656826488694,0.00225402453421047,21.647894736842105
1997-03-01,lead,Lead,NA,694.6,6.5433361403099735,0.050793320890881,0.002579961447124,22.3035
1997-04-01,lead,Lead,NA,642.5,6.465366816769375,-0.0779693235405988,0.00607921541337857,21.507727272727273
1997-05-01,lead,Lead,NA,618.6,6.42745886025097,-0.03790795651840562,0.00143701316740133,21.927619047619046
1997-06-01,lead,Lead,NA,614.9,6.421459652959424,-0.00599920729154532,3.599048812693055e-5,22.743333333333332
1997-07-01,lead,Lead,NA,634.3,6.4525220286398515,0.03106237568042739,9.648711829120074e-4,23.24772727272727
1997-08-01,lead,Lead,NA,608.1,6.410339342126064,-0.04218268651378727,0.00177937904152045,25.153809523809525
1997-09-01,lead,Lead,NA,634.3,6.4525220286398515,0.04218268651378733,0.00177937904152045,25.59285714285714
1997-10-01,lead,Lead,NA,600.3,6.3974295302577975,-0.05509249838205401,0.00303518337797662,25.615652173913045
1997-11-01,lead,Lead,NA,563.4,6.3339898554422724,-0.06343967481552519,0.00402459234069958,31.545263157894738
1997-12-01,lead,Lead,NA,526.6,6.266441247062209,-0.06754860838006317,0.00456281449408314,26.473181818181818
1998-01-01,lead,Lead,NA,531.6,6.275891326839091,0.00945007977688131,8.930400778942116e-5,24.4275
1998-02-01,lead,Lead,NA,516.4,6.246881658972487,-0.02900966786660296,8.415608297306164e-4,20.386315789473684
1998-03-01,lead,Lead,NA,559.8,6.327579577081353,0.08069791810886563,0.00651215398710518,20.543181818181814
1998-04-01,lead,Lead,NA,572.7,6.350362019399812,0.02278244231845872,5.19039677993899e-4,22.53809523809524
1998-05-01,lead,Lead,NA,543.5,6.298029706561264,-0.05233231283854751,0.0027386709670316,21.4485
1998-06-01,lead,Lead,NA,528.3,6.26966430417027,-0.02836540239099409,8.045960528030136e-4,21.996363636363636
1998-07-01,lead,Lead,NA,546.2,6.302985209039605,0.03332090486933469,0.00111028270131125,20.25181818181818
1998-08-01,lead,Lead,NA,536.7,6.285439279182783,-0.01754592985682146,3.0785965454049885e-4,31.48857142857143
1998-09-01,lead,Lead,NA,520.2,6.254213353014551,-0.03122592616823199,9.750584650638758e-4,39.247142857142855
1998-10-01,lead,Lead,NA,492.8,6.20010341221931,-0.0541099407952412,0.0029278856928645,37.45409090909091
1998-11-01,lead,Lead,NA,494.2,6.2029402935545095,0.00283688133519953,8.047895710003499e-6,25.038
1998-12-01,lead,Lead,NA,501.3,6.2172047242694575,0.01426443071494814,2.0347398362155592e-4,25.47681818181818
1999-01-01,lead,Lead,NA,492.3,6.199088286764155,-0.01811643750530277,3.282053078835409e-4,28.616842105263157
1999-02-01,lead,Lead,NA,513.7,6.241639437473222,0.04255115070906729,0.00181060042666575,29.93842105263158
1999-03-01,lead,Lead,NA,507.8,6.230087669270578,-0.01155176820264423,1.334433486076223e-4,26.475652173913044
1999-04-01,lead,Lead,NA,519.3,6.252481750850273,0.02239408157969514,5.014948897980415e-4,24.693809523809524
1999-05-01,lead,Lead,NA,541.5,6.294343066441045,0.04186131559077205,0.00175236974299021,27.3765
1999-06-01,lead,Lead,NA,496.1,6.206777519307003,-0.087565547134042,0.00766772504488413,24.123636363636365
1999-07-01,lead,Lead,NA,495.8,6.20617261960109,-6.048997059131442e-4,3.6590365421380836e-7,21.486666666666668
1999-08-01,lead,Lead,NA,503.1,6.220788957497273,0.01461633789618271,2.1363733349538696e-4,24.90909090909091
1999-09-01,lead,Lead,NA,507.3,6.229102544572644,0.00831358707537142,6.911573005978287e-5,25.58
1999-10-01,lead,Lead,NA,497.1,6.208791213100627,-0.02031133147201734,4.125501861661624e-4,25.37
1999-11-01,lead,Lead,NA,478.3,6.170238150686251,-0.03855306241437573,0.00148633862152675,22.22952380952381
1999-12-01,lead,Lead,NA,479.1,6.171909343889077,0.00167119320282533,2.7928867211695874e-6,23.222272727272728
2000-01-01,lead,Lead,NA,472.1,6.157190827552241,-0.01471851633683539,2.1663472315769033e-4,24.9385
2000-02-01,lead,Lead,NA,452.4,6.114566744241966,-0.0426240833102758,0.00181681247804133,25.456
2000-03-01,lead,Lead,NA,441.3,6.089724916275501,-0.02484182796646377,6.171164167153818e-4,24.810434782608695
2000-04-01,lead,Lead,NA,421.1,6.0428703351678825,-0.04685458110761944,0.00219535177077048,29.833157894736843
2000-05-01,lead,Lead,NA,412.1,6.021266038344772,-0.02160429682311037,4.667456412210571e-4,29.42909090909091
2000-06-01,lead,Lead,NA,419.6,6.039301876522142,0.01803583817737051,3.252914587602958e-4,24.31772727272727
2000-07-01,lead,Lead,NA,452.1,6.11390339430056,0.07460151777841735,0.00556538645484352,22.66
2000-08-01,lead,Lead,NA,473.1,6.159306782637103,0.04540338833654285,0.00206146767243891,20.484347826086957
2000-09-01,lead,Lead,NA,487.1,6.188469440812497,0.02916265817539456,8.504606318549076e-4,22.3365
2000-10-01,lead,Lead,NA,486.1,6.1864143640514095,-0.00205507676108715,4.223340493960475e-6,28.21409090909091
2000-11-01,lead,Lead,NA,468,6.148468295917647,-0.0379460681337631,0.00143990408681219,29.21190476190476
2000-12-01,lead,Lead,NA,462.3,6.1362140309941795,-0.01225426492346693,1.501670088145121e-4,30.1045
2001-01-01,lead,Lead,NA,478.1,6.169819915632058,0.03360588463787802,0.00112935548229436,27.83
2001-02-01,lead,Lead,NA,501.8,6.218201633932322,0.04838171830026417,0.00234079066568611,26.159473684210525
2001-03-01,lead,Lead,NA,498.4,6.211402967473243,-0.00679866645907864,4.622186562180095e-5,32.42318181818182
2001-04-01,lead,Lead,NA,477.5,6.168564159920785,-0.04283880755245842,0.00183516343251656,32.245
2001-05-01,lead,Lead,NA,466.7,6.14568665295577,-0.022877506965015,5.233803249343101e-4,26.095
2001-06-01,lead,Lead,NA,444.1,6.0960497622980565,-0.04963689065771327,0.00246382091416578,23.30047619047619
2001-07-01,lead,Lead,NA,461.6,6.13469871519389,0.03864895289583317,0.00149374155994433,24.85904761904762
2001-08-01,lead,Lead,NA,483,6.180016653652572,0.04531793845868282,0.00205371554614496,24.260434782608694
2001-09-01,lead,Lead,NA,464.8,6.141607205537701,-0.03840944811487118,0.00147528570448898,38.55133333333333
2001-10-01,lead,Lead,NA,468.1,6.148681948306025,0.00707474276832338,5.005198523794396e-5,34.44695652173913
2001-11-01,lead,Lead,NA,486.5,6.1872369016260595,0.03855495332003485,0.00148648442551006,28.25428571428571
2001-12-01,lead,Lead,NA,483.3,6.180637578851038,-0.00659932277502133,4.3551061088915255e-5,24.5395
2002-01-01,lead,Lead,NA,513.1,6.240470757947919,0.05983317909688084,0.00358000932083941,23.615238095238094
2002-02-01,lead,Lead,NA,480,6.173786103901937,-0.06668465404598259,0.00444684308523238,24.66842105263158
2002-03-01,lead,Lead,NA,480.2,6.174202683787152,4.165798852162978e-4,1.7353880076682392e-7,21.014
2002-04-01,lead,Lead,NA,472.4,6.157826084323207,-0.0163765994639456,2.681930100025033e-4,21.814545454545453
2002-05-01,lead,Lead,NA,451.9,6.1134609164172335,-0.04436516790597319,0.00196826812332519,22.63
2002-06-01,lead,Lead,NA,440,6.0867747269123065,-0.02668618950492709,7.121527102928811e-4,28.599
2002-07-01,lead,Lead,NA,446.1,6.100543142134219,0.01376841522191228,1.895692577229858e-4,38.49727272727273
2002-08-01,lead,Lead,NA,423.2,6.04784488054409,-0.05269826159012953,0.00277710677462172,37.25272727272727
2002-09-01,lead,Lead,NA,421.3,6.043345168984971,-0.00449971155911867,2.0247404115266256e-5,41.656
2002-10-01,lead,Lead,NA,418.2,6.035959786994534,-0.0073853819904377,5.454386714468162e-5,41.39739130434783
2002-11-01,lead,Lead,NA,442.2,6.091762268423346,0.05580248142881271,0.00311391693361298,32.005
2002-12-01,lead,Lead,NA,443.6,6.094923255476212,0.00316098705286614,9.9918391483874e-6,31.830952380952382
2003-01-01,lead,Lead,NA,444.659,6.097307696279515,0.00238444080330261,5.685557944454402e-6,30.66857142857143
2003-02-01,lead,Lead,NA,475.825,6.1650501395738475,0.0677424432943331,0.00458903862348593,36.54052631578948
2003-03-01,lead,Lead,NA,456.667,6.123954460080801,-0.04109567949304597,0.00168885487299515,35.194761904761904
2003-04-01,lead,Lead,NA,437.375,6.080790950687852,-0.04316350939294964,0.00186308854311525,27.14238095238095
2003-05-01,lead,Lead,NA,463.5,6.13880638500591,0.05801543431805767,0.00336579061911286,22.548571428571428
2003-06-01,lead,Lead,NA,468.024,6.148519576654049,0.00971319164813947,9.434609199348644e-5,22.34904761904762
2003-07-01,lead,Lead,NA,514.783,6.243745452643693,0.09522587598964394,0.00906796745799504,21.206818181818186
2003-08-01,lead,Lead,NA,496.525,6.207633834684855,-0.03611161795883801,0.00130404895160507,20.829047619047618
2003-09-01,lead,Lead,NA,521.273,6.256273896839785,0.04864006215492986,0.00236585564643544,20.682380952380953
2003-10-01,lead,Lead,NA,587.326,6.375580031938489,0.11930613509870394,0.01423395387219019,19.184347826086956
2003-11-01,lead,Lead,NA,622.325,6.433462464317972,0.0578824323794827,0.00335037597816538,17.838947368421053
2003-12-01,lead,Lead,NA,692.071,6.539688551510601,0.10622608719262865,0.01128398160025594,16.375454545454545
2004-01-01,lead,Lead,NA,758.381,6.631185897884371,0.09149734637377031,0.0083717643934417,15.834
2004-02-01,lead,Lead,NA,888.475,6.7895065098887715,0.1583206120044006,0.02506541618544795,15.924736842105265
2004-03-01,lead,Lead,NA,886.478,6.787256308511456,-0.00225020137731556,5.063406238472865e-6,17.73304347826087
2004-04-01,lead,Lead,NA,753.675,6.624961240603132,-0.1622950679083238,0.02633968906736743,15.788095238095238
2004-05-01,lead,Lead,NA,808.895,6.695669118771029,0.0707078781678968,0.00499960403500613,18.076
2004-06-01,lead,Lead,NA,870.318,6.768858662104855,0.0731895433338267,0.00535670925341409,15.045238095238096
2004-07-01,lead,Lead,NA,939.591,6.845444674194822,0.07658601208996646,0.00586541724784448,15.668571428571427
2004-08-01,lead,Lead,NA,921.81,6.826339128567769,-0.01910554562705293,3.650218737074015e-4,16.592727272727274
2004-09-01,lead,Lead,NA,935.455,6.841033041938256,0.01469391337048686,2.1591109013937256e-4,13.880476190476193
2004-10-01,lead,Lead,NA,932.762,6.838150077202108,-0.00288296473614763,8.311485669870828e-6,15.184761904761904
2004-11-01,lead,Lead,NA,967.795,6.875020287989187,0.03687021078707899,0.00135941244348363,14.05
2004-12-01,lead,Lead,NA,974.905,6.882340030353226,0.00731974236403855,5.357862827590079e-5,13.014090909090909
2005-01-01,lead,Lead,NA,953.15,6.859772288959985,-0.02256774139324025,5.093029515921696e-4,13.512
2005-02-01,lead,Lead,NA,977.55,6.885049441446499,0.02527715248651331,6.389344378264462e-4,11.562631578947368
2005-03-01,lead,Lead,NA,1004,6.911747300251674,0.02669785880517551,7.127756647810877e-4,12.880454545454546
2005-04-01,lead,Lead,NA,985.762,6.893414946155616,-0.01833235409605843,3.3607520670327057e-4,14.057142857142855
2005-05-01,lead,Lead,NA,988.075,6.895758605797953,0.00234365964233686,5.492740519118542e-6,13.17904761904762
2005-06-01,lead,Lead,NA,986.068,6.893725317741865,-0.00203328805608824,4.134260319031107e-6,11.241818181818182
2005-07-01,lead,Lead,NA,854.476,6.750488415560858,-0.14323690218100632,0.02051681014641117,10.489
2005-08-01,lead,Lead,NA,887.023,6.787870912074866,0.03738249651400723,0.00139745104561976,11.985217391304348
2005-09-01,lead,Lead,NA,933.068,6.838478081364056,0.05060716928919016,0.00256108558346475,11.959047619047618
2005-10-01,lead,Lead,NA,1004.762,6.91250597652746,0.07402789516340412,0.00548012926232395,14.582380952380952
2005-11-01,lead,Lead,NA,1018.409,6.925996884596135,0.01349090806867442,1.820046005174247e-4,11.606190476190475
2005-12-01,lead,Lead,NA,1124.075,7.024715754206205,0.09871886961007031,0.00974541521709006,10.923809523809524
2006-01-01,lead,Lead,NA,1256.333,7.135952439276624,0.1112366850704189,0.01237360010545555,11.7115
2006-02-01,lead,Lead,NA,1277.05,7.152308009533846,0.0163555702572222,2.675046784389316e-4,11.867368421052632
2006-03-01,lead,Lead,NA,1192.087,7.083460831539085,-0.06884717799476052,0.00473993391784223,11.19086956521739
2006-04-01,lead,Lead,NA,1170.417,7.065115374549164,-0.01834545698992175,3.365557921690689e-4,11.163684210526316
2006-05-01,lead,Lead,NA,1166.857,7.0620690883601895,-0.00304628618897448,9.279859545136671e-6,13.488181818181818
2006-06-01,lead,Lead,NA,963.864,6.870950205819816,-0.1911188825403735,0.03652642726348109,15.891363636363636
2006-07-01,lead,Lead,NA,1052.381,6.9588104950312895,0.0878602892114731,0.00771943042032369,14.522
2006-08-01,lead,Lead,NA,1174.136,7.068287836949597,0.10947734191830792,0.0119852883934981,12.560434782608697
2006-09-01,lead,Lead,NA,1342.381,7.202200181858307,0.13391234490870985,0.01793251611894926,11.397
2006-10-01,lead,Lead,NA,1531.136,7.333765222541983,0.1315650406836755,0.01730935993009719,10.808636363636364
2006-11-01,lead,Lead,NA,1624.523,7.392969513211453,0.05920429066946998,0.00350514803367509,10.484285714285717
2006-12-01,lead,Lead,NA,1725.5,7.453272142538058,0.06030262932660572,0.003636407103702,10.499
2007-01-01,lead,Lead,NA,1666.091,7.418235443083809,-0.03503669945424949,0.0012275703086474,10.627
2007-02-01,lead,Lead,NA,1779.6,7.484143898931887,0.0659084558480782,0.00434392455227807,10.920526315789472
2007-03-01,lead,Lead,NA,1914.045,7.556974082708308,0.07283018377642128,0.00530423566890729,14.921363636363637
2007-04-01,lead,Lead,NA,2000.947,7.601375847476332,0.04440176476802353,0.00197151671451489,12.246
2007-05-01,lead,Lead,NA,2101.25,7.650287684722826,0.04891183724649402,0.00239236782282752,12.965
2007-06-01,lead,Lead,NA,2425.2,7.793669274197575,0.1433815894747501,0.02055828020030577,14.881904761904762
2007-07-01,lead,Lead,NA,3082.76,8.033580578602324,0.23991130440474892,0.0575574339811881,17.247619047619047
2007-08-01,lead,Lead,NA,3119.455,8.04541358605811,0.01183300745578542,1.4002006544867337e-4,25.12
2007-09-01,lead,Lead,NA,3226.55,8.079168733924039,0.03375514786592871,0.00113941000745071,22.182105263157897
2007-10-01,lead,Lead,NA,3719.717,8.221402869104505,0.14223413518046632,0.02023054921053516,18.859565217391303
2007-11-01,lead,Lead,NA,3328.182,8.110181487945793,-0.1112213811587127,0.01237019562685165,26.65714285714286
2007-12-01,lead,Lead,NA,2596.028,7.861737863590159,-0.24844362435563327,0.06172423448296301,23.0965
2008-01-01,lead,Lead,NA,2608.136,7.866391068926188,0.00465320533602825,2.165231989924182e-5,27.98952380952381
2008-02-01,lead,Lead,NA,3079.881,8.03264623885758,0.1662551699313928,0.0276407815289163,27.1565
2008-03-01,lead,Lead,NA,3008.579,8.00922315324867,-0.02342308560891032,5.486409394423421e-4,29.009
2008-04-01,lead,Lead,NA,2822.75,7.945466866060632,-0.06375628718803826,0.00406486415600361,22.526818181818182
2008-05-01,lead,Lead,NA,2234.625,7.711828707735252,-0.23363815832537888,0.0545867890256748,18.61
2008-06-01,lead,Lead,NA,1863.048,7.529969135165009,-0.18185957257024332,0.0330729041354316,23.19142857142857
2008-07-01,lead,Lead,NA,1944.913,7.572972524975006,0.04300338980999676,0.00184929153515053,25.66227272727273
2008-08-01,lead,Lead,NA,1923.575,7.561940712854091,-0.01103181212091483,1.2170087867116352e-4,22.25952380952381
2008-09-01,lead,Lead,NA,1868.364,7.53281846061959,-0.02912225223450121,8.481055752099108e-4,33.21142857142857
2008-10-01,lead,Lead,NA,1480.109,7.299871012694881,-0.23294744792470928,0.05426451349463514,65.44652173913043
2008-11-01,lead,Lead,NA,1291.1,7.163249847180673,-0.13662116551420786,0.01866534286646058,65.42684210526316
2008-12-01,lead,Lead,NA,962.881,6.869929831992155,-0.2933200151885182,0.08603663131019254,55.07545454545455
2009-01-01,lead,Lead,NA,1132.738,7.032392989803206,0.1624631578110518,0.02639427764593872,44.2915
2009-02-01,lead,Lead,NA,1100.525,7.003542617655333,-0.02885037214787362,8.323439730708018e-4,45.38947368421053
2009-03-01,lead,Lead,NA,1238.909,7.121986432604145,0.11844381494881248,0.01402893729962853,46.09045454545455
2009-04-01,lead,Lead,NA,1383.1,7.232082635630662,0.11009620302651676,0.012121173920856,38.89857142857143
2009-05-01,lead,Lead,NA,1440.158,7.272508108773225,0.04042547314256359,0.00163421887880013,32.11
2009-06-01,lead,Lead,NA,1674.455,7.423243018179515,0.1507349094062895,0.0227210129137223,27.935454545454547
2009-07-01,lead,Lead,NA,1678.609,7.42572075324522,0.00247773506570482,6.139171055823271e-6,25.924545454545456
2009-08-01,lead,Lead,NA,1900.1,7.549661795348486,0.1239410421032663,0.01536138191764363,24.306190476190476
2009-09-01,lead,Lead,NA,2204.545,7.6982764173816705,0.14861462203318432,0.02208630588206623,23.85761904761905
2009-10-01,lead,Lead,NA,2240.773,7.714576174605187,0.01629975722351692,2.65682085545592e-4,23.250454545454545
2009-11-01,lead,Lead,NA,2308.762,7.7444667291177005,0.02989055451251348,8.934452490655403e-4,22.546
2009-12-01,lead,Lead,NA,2328.524,7.752989869433948,0.00852314031624757,7.264392085044488e-5,19.845454545454544
2010-01-01,lead,Lead,NA,2368.375,7.769959344952526,0.01696947551857794,2.879630993756161e-4,19.527368421052632
2010-02-01,lead,Lead,NA,2123.675,7.660903357471444,-0.10905598748108224,0.01189320840547396,21.771052631578947
2010-03-01,lead,Lead,NA,2172.087,7.683443735500255,0.02254037802881082,5.080686416816978e-4,16.925217391304347
2010-04-01,lead,Lead,NA,2264.85,7.725263810558588,0.04182007505833363,0.00174891867788465,16.136666666666667
2010-05-01,lead,Lead,NA,1882.684,7.540453697261452,-0.1848101132971355,0.03415477797690006,30.0335
2010-06-01,lead,Lead,NA,1703.955,7.440707298589848,-0.09974639867160534,0.00994934404795483,28.94090909090909
2010-07-01,lead,Lead,NA,1836.977,7.515876564723027,0.07516926613317919,0.00565041857100072,25.016666666666666
2010-08-01,lead,Lead,NA,2075.238,7.637831124882576,0.12195456015954877,0.014872914743709,24.15590909090909
2010-09-01,lead,Lead,NA,2184.227,7.689017269192582,0.05118614431000646,0.0026200213693248,21.322380952380954
2010-10-01,lead,Lead,NA,2379.667,7.774715840909982,0.08569857171740002,0.00734424519440235,19.86095238095238
2010-11-01,lead,Lead,NA,2376.727,7.77347961011227,-0.00123623079771159,1.528266585210654e-6,19.395238095238096
2010-12-01,lead,Lead,NA,2412.929,7.788596641238554,0.01511703112628386,2.2852463007303503e-4,16.58681818181818
2011-01-01,lead,Lead,NA,2601.65,7.863901138110999,0.07530449687244538,0.00567076724921213,15.723
2011-02-01,lead,Lead,NA,2586.675,7.85812854615345,-0.00577259195754957,3.332281790836601e-5,15.72
2011-03-01,lead,Lead,NA,2624.02,7.872462771986152,0.01433422583270235,2.054700302229115e-4,19.893478260869564
2011-04-01,lead,Lead,NA,2701.17,7.901440291463979,0.0289775194778274,8.396966350878663e-4,15.208
2011-05-01,lead,Lead,NA,2428.32,7.794954939211736,-0.1064853522522438,0.01133913024428444,16.293809523809525
2011-06-01,lead,Lead,NA,2524.99,7.833992381305579,0.03903744209384242,0.0015239218852301,18.918636363636363
2011-07-01,lead,Lead,NA,2681.02,7.893952598111156,0.05996021680557741,0.00359522759937184,18.7405
2011-08-01,lead,Lead,NA,2397.28,7.782090040294834,-0.11186255781632144,0.01251323184120985,35.068695652173915
2011-09-01,lead,Lead,NA,2287.67,7.7352891113282,-0.04680092896663396,0.00219032695213991,36.64380952380952
2011-10-01,lead,Lead,NA,1960.38,7.58089361098376,-0.15439550034444036,0.02383797052661008,32.00857142857143
2011-11-01,lead,Lead,NA,1994.22,7.598008275428747,0.01711466444498635,2.9291173906448e-4,31.412380952380953
2011-12-01,lead,Lead,NA,2022.35,7.612015480545652,0.01400720511690517,1.962017951870545e-4,25.03952380952381
2012-01-01,lead,Lead,NA,2096.16,7.64786237840536,0.03584689785970894,0.0012850000861644,18.9415
2012-02-01,lead,Lead,NA,2121.26,7.659765530738857,0.01190315233349594,1.4168503547440988e-4,16.691
2012-03-01,lead,Lead,NA,2056.69,7.628853173385768,-0.03091235735308854,9.555738371250472e-4,14.962727272727273
2012-04-01,lead,Lead,NA,2071.07,7.635820660920945,0.00696748753517766,4.854588255285618e-5,17.177
2012-05-01,lead,Lead,NA,2012.82142857143,7.607292712599804,-0.02852794832114123,8.138438354137047e-4,20.547272727272727
2012-06-01,lead,Lead,NA,1854.15238095238,7.525182933121809,-0.08210977947799551,0.00674201588592505,20.750476190476192
2012-07-01,lead,Lead,NA,1881.47727272727,7.539812530623449,0.0146295975016399,2.1402512305998864e-4,16.954761904761906
2012-08-01,lead,Lead,NA,1900.61956521739,7.549935198956256,0.01012266833280751,1.0246841417602416e-4,14.969130434782608
2012-09-01,lead,Lead,NA,2177.67,7.686010776861811,0.13607557790555416,0.01851656290233054,14.31421052631579
2012-10-01,lead,Lead,NA,2141.97,7.669481245307374,-0.01652953155443682,2.732254134091226e-4,15.469047619047618
2012-11-01,lead,Lead,NA,2181.96590909091,7.68798154257294,0.01850029726556645,3.4226099891432544e-4,17.155714285714286
2012-12-01,lead,Lead,NA,2279.80263157895,7.731844153104561,0.04386261053162035,0.00192392860264861,17.351
2013-01-01,lead,Lead,NA,2333.68,7.755201699762271,0.02335754665771004,5.455749858671018e-4,13.121904761904762
2013-02-01,lead,Lead,NA,2365.7875,7.768866226472689,0.01366452671041821,1.8671929021973275e-4,13.512105263157894
2013-03-01,lead,Lead,NA,2169.41666666667,7.682213593192385,-0.08665263328030397,0.00750867885441084,12.3915
2013-04-01,lead,Lead,NA,2027.38636363636,7.6145027368905405,-0.06771085630184383,0.00458476006112894,13.251363636363635
2013-05-01,lead,Lead,NA,2032.97826086957,7.617257120442582,0.00275438355204074,7.5866287517525804e-6,12.914090909090907
2013-06-01,lead,Lead,NA,2099.6875,7.649543803114469,0.03228668267188766,0.00104242987795517,17.156
2013-07-01,lead,Lead,NA,2047.72826086957,7.6244862922336685,-0.02505751088080052,6.278788515414367e-4,13.626818181818182
2013-08-01,lead,Lead,NA,2174.18181818182,7.684407697202425,0.05992140496875665,0.00359057477342973,13.863636363636363
2013-09-01,lead,Lead,NA,2084.91904761905,7.64248530739716,-0.04192238980526561,0.00175748676698463,14.2915
2013-10-01,lead,Lead,NA,2115.42826086957,7.65701255839135,0.0145272509941903,2.110410214482033e-4,14.32304347826087
2013-11-01,lead,Lead,NA,2089.55952380952,7.644708568588954,-0.01230398980239612,1.5138816505746772e-4,11.9565
2013-12-01,lead,Lead,NA,2136.7275,7.667030731980156,0.02232216339120246,4.982789784635396e-4,12.995238095238095
2014-01-01,lead,Lead,NA,2143.17,7.670041320372071,0.00301058839191472,9.063642465531702e-6,13.057142857142855
2014-02-01,lead,Lead,NA,2108.03,7.653509141059037,-0.01653217931303365,2.7331295283829796e-4,14.179473684210526
2014-03-01,lead,Lead,NA,2053.08,7.627096383624558,-0.02641275743448005,6.976337552926816e-4,13.592380952380951
2014-04-01,lead,Lead,NA,2087.09,7.643526030248965,0.01642964662440721,2.6993328820289545e-4,13.485238095238095
2014-05-01,lead,Lead,NA,2097.32,7.648415618210767,0.00488958796180208,2.3908070436199823e-5,11.76142857142857
2014-06-01,lead,Lead,NA,2106.94,7.652991936891844,0.00457631868107717,2.0942692670775935e-5,10.298571428571428
2014-07-01,lead,Lead,NA,2193.24,7.693135181554351,0.04014324466250722,0.00161148009203391,10.638636363636364
2014-08-01,lead,Lead,NA,2236.84,7.712819434569155,0.01968425301480329,3.874698167507925e-4,12.414761904761905
2014-09-01,lead,Lead,NA,2117.24,7.657868632682749,-0.05495080188640488,0.00301959062795891,11.91190476190476
2014-10-01,lead,Lead,NA,2034.26,7.617887395381324,-0.03998123730142532,0.00159849933615288,16.911304347826086
2014-11-01,lead,Lead,NA,2030.18,7.615879738055624,-0.00200765732569985,4.0306879374362795e-6,12.243684210526316
2014-12-01,lead,Lead,NA,1938.11,7.569468550385873,-0.04641118766975119,0.00215399834091686,14.90681818181818
2015-01-01,lead,Lead,NA,1843.13,7.519220492349856,-0.05024805803601736,0.00252486733639096,17.9875
2015-02-01,lead,Lead,NA,1795.66,7.493127921363988,-0.02609257098586794,6.808222606525574e-4,15.321052631578947
2015-03-01,lead,Lead,NA,1792.47,7.491349835932047,-0.0017780854319411,3.161587803281201e-6,15.016818181818184
2015-04-01,lead,Lead,NA,2005.36,7.603578874745491,0.11222903881344384,0.01259535715298948,13.758571428571427
2015-05-01,lead,Lead,NA,1991.78,7.596783990278334,-0.00679488446715629,4.617045492200184e-5,13.6325
2015-06-01,lead,Lead,NA,1829.5,7.511797984459261,-0.0849860058190727,0.00722262118507945,14.83090909090909
2015-07-01,lead,Lead,NA,1763.04,7.474794870739467,-0.03700311371979467,0.00136923042496005,14.55090909090909
2015-08-01,lead,Lead,NA,1703.6,7.440498938049059,-0.03429593269040851,0.00117621099910503,19.58809523809524
2015-09-01,lead,Lead,NA,1684.25,7.429075639840769,-0.01142329820828915,1.304917419555022e-4,24.604285714285716
2015-10-01,lead,Lead,NA,1720.11,7.450143521250934,0.02106788141016432,4.438556271127476e-4,16.977272727272727
2015-11-01,lead,Lead,NA,1618.35,7.389162390665459,-0.06098113058547484,0.00371869828748273,16.008
2015-12-01,lead,Lead,NA,1706.58,7.442246646826033,0.0530842561605736,0.00281793825212139,18.304545454545455
2016-01-01,lead,Lead,NA,1646.2,7.406224880538543,-0.03602176628748882,0.00129756764647046,24.33105263157895
2016-02-01,lead,Lead,NA,1765.75,7.476330808289032,0.07010592775048805,0.00491484110575665,24.109
2016-03-01,lead,Lead,NA,1802.19,7.496757871011821,0.02042706272278982,4.1726489148078945e-4,16.398636363636363
2016-04-01,lead,Lead,NA,1732.27,7.457187966118426,-0.0395699048933947,0.0015657773732723,14.347142857142858
2016-05-01,lead,Lead,NA,1707.8,7.442961271473505,-0.014226694644921,2.0239884051982397e-4,14.791904761904762
2016-06-01,lead,Lead,NA,1712.77,7.445867221942258,0.00290595046875232,8.444548126841828e-6,16.635
2016-07-01,lead,Lead,NA,1834.79,7.514685312522858,0.06881809058060032,0.0047359295911597,12.3075
2016-08-01,lead,Lead,NA,1835.52,7.5150830990910915,3.977865682331444e-4,1.582341538667021e-7,11.22391304347826
2016-09-01,lead,Lead,NA,1947.64,7.574373662195814,0.05929056310472277,0.00351537087327511,13.593333333333334
2016-10-01,lead,Lead,NA,2024.49,7.613073095968784,0.03869943377296993,0.00149764617434848,14.816190476190476
2016-11-01,lead,Lead,NA,2180.58,7.687346175442639,0.07427307947385484,0.00551649033452955,15.33952380952381
2016-12-01,lead,Lead,NA,2209.84,7.700675393700878,0.01332921825823907,1.7766805937577382e-4,11.956190476190477
2017-01-01,lead,Lead,NA,2242.62,7.715400104206936,0.01472471050605871,2.168170994872358e-4,10.7905
2017-02-01,lead,Lead,NA,2311.5,7.74565194342828,0.03025183922134353,9.151737762740188e-4,10.510526315789471
2017-03-01,lead,Lead,NA,2280.92,7.732334149332645,-0.01331779409563532,1.7736363957373904e-4,10.640869565217391
2017-04-01,lead,Lead,NA,2220.61,7.7055372118974255,-0.02679693743521945,7.180758559070658e-4,11.57315789473684
2017-05-01,lead,Lead,NA,2125.11,7.661578844724653,-0.04395836717277196,0.00193233804449623,9.971363636363636
2017-06-01,lead,Lead,NA,2132.93,7.665251900305086,0.00367305558043263,1.3491337296947326e-5,9.42318181818182
2017-07-01,lead,Lead,NA,2269.86,7.727473434564718,0.06222153425963196,0.00387151932562255,8.8765
2017-08-01,lead,Lead,NA,2348.47,7.761519331274325,0.03404589670960736,0.00115912308276125,10.177391304347823
2017-09-01,lead,Lead,NA,2374.39,7.772495841373896,0.01097651009957077,1.204837739659792e-4,8.6015
2017-10-01,lead,Lead,NA,2498.22,7.823333757263913,0.05083791589001705,0.00258449369204044,8.02
2017-11-01,lead,Lead,NA,2461.43,7.808497760849546,-0.014835996414366691,2.201067896071014e-4,9.127142857142855
2017-12-01,lead,Lead,NA,2509.92,7.828006159107931,0.01950839825838395,3.8057760260771817e-4,8.8275
2018-01-01,lead,Lead,NA,2584.09,7.857128694017314,0.02912253490938384,8.481220395482806e-4,10.367619047619048
2018-02-01,lead,Lead,NA,2581.06,7.855955446251976,-0.00117324776533853,1.3765103188718748e-6,20.133157894736843
2018-03-01,lead,Lead,NA,2390,7.779048644925556,-0.07690680132641932,0.00591465609026133,18.04904761904762
2018-04-01,lead,Lead,NA,2352.41,7.76319561355449,-0.01585303137106598,2.5131860365200213e-4,18.777142857142856
2018-05-01,lead,Lead,NA,2360.93,7.766810888191944,0.00361527463745347,1.307021070421432e-5,13.694545454545455
2018-06-01,lead,Lead,NA,2436.29,7.79823166936323,0.03142078117128583,9.872654894138304e-4,12.694761904761904
2018-07-01,lead,Lead,NA,2207.02,7.699398468290891,-0.09883320107233852,0.0097680016342053,11.917619047619048
2018-08-01,lead,Lead,NA,2053.53,7.627315542493698,-0.07208292579719287,0.00519594819148361,10.972608695652172
2018-09-01,lead,Lead,NA,2022.91,7.61229234779452,-0.01502319469917906,2.2569637896944185e-4,11.564736842105264
2018-10-01,lead,Lead,NA,1987.55,7.594658003444754,-0.0176343443497658,3.109701006461171e-4,19.855217391304347
2018-11-01,lead,Lead,NA,1937.11,7.568952450643305,-0.02570555280144814,6.607754448280385e-4,20.95047619047619
2018-12-01,lead,Lead,NA,1972.32,7.586965793803209,0.01801334315990397,3.2448053179645923e-4,27.11578947368421
2019-01-01,lead,Lead,NA,1997.14,7.5994714361163,0.01250564231309085,1.5639108966296832e-4,20.525238095238095
2019-02-01,lead,Lead,NA,2062.79,7.631814714385336,0.03234327826903638,0.00104608764918832,15.287368421052632
2019-03-01,lead,Lead,NA,2046.46,7.623866750175841,-0.00794796420949555,6.317013507542236e-5,14.717619047619047
2019-04-01,lead,Lead,NA,1938.99,7.569922497931777,-0.05394425224406402,0.0029099823501712,12.57
2019-05-01,lead,Lead,NA,1815.19,7.50394542441564,-0.06597707351613677,0.00435297422975371,17.937272727272727
2019-06-01,lead,Lead,NA,1899.7,7.549451257951003,0.04550583353536337,0.0020707808857482,16.889
2019-07-01,lead,Lead,NA,1975.64,7.588647675475067,0.03919641752406383,0.00153635914672073,13.022272727272728
2019-08-01,lead,Lead,NA,2044.55,7.622932995362835,0.0342853198877678,0.00117548315980656,20.66590909090909
2019-09-01,lead,Lead,NA,2071.85,7.636197206936421,0.01326421157358543,1.7593930866883773e-4,16.092
2019-10-01,lead,Lead,NA,2184.09,7.688954544806945,0.05275733787052496,0.00278333669918472,16.411739130434782
2019-11-01,lead,Lead,NA,2021.15,7.611421935332233,-0.07753260947471281,0.00601130553195832,12.7645
2019-12-01,lead,Lead,NA,1900.54,7.549893335300687,-0.06152860003154598,0.00378576862184196,13.598571428571429
2020-01-01,lead,Lead,NA,1923.93,7.562125248027408,0.0122319127267219,1.4961968895414125e-4,14.055714285714286
2020-02-01,lead,Lead,NA,1872.54,7.535051076978968,-0.02707417104844021,7.330107379601985e-4,20.178421052631577
2020-03-01,lead,Lead,NA,1734.44,7.458439873710014,-0.07661120326895483,0.00586927646631711,63.317727272727275
2020-04-01,lead,Lead,NA,1657.55,7.413095887517555,-0.04534398619245936,0.00205607708382194,43.6047619047619
2020-05-01,lead,Lead,NA,1626.34,7.394087370339982,-0.01900851717757283,3.613237252900816e-4,31.078
2020-06-01,lead,Lead,NA,1744.84,7.46441813988828,0.07033076954829842,0.00494641714525586,29.99681818181818
2020-07-01,lead,Lead,NA,1817.93,7.505453770145746,0.04103563025746692,0.00168392295062753,24.80090909090909
2020-08-01,lead,Lead,NA,1935.73,7.568239795300763,0.06278602515501608,0.00394208495476631,20.337619047619047
2020-09-01,lead,Lead,NA,1872.91,7.5352486500349185,-0.03299114526584462,0.00108841566595206,28.017142857142854
2020-10-01,lead,Lead,NA,1776.27,7.482270939024205,-0.05297771101071338,0.00280663786393466,30.815
2020-11-01,lead,Lead,NA,1915.62,7.557796609006977,0.07552566998277231,0.00570412682634663,25.357
2020-12-01,lead,Lead,NA,2020.47,7.6110854365983505,0.05328882759137326,0.0028396991460631,21.704090909090908
2021-01-01,lead,Lead,NA,2014.73,7.608240470365425,-0.00284496623292501,8.093832866483564e-6,23.288947368421052
2021-02-01,lead,Lead,NA,2080.11,7.640176055912407,0.03193558554698084,0.00101988162422853,21.877894736842105
2021-03-01,lead,Lead,NA,1948,7.57455848420248,-0.06561757170992599,0.00430566571710728,21.119565217391305
2021-04-01,lead,Lead,NA,2011.92,7.606844768997712,0.03228628479523122,0.00104240418587877,16.409523809523808
2021-05-01,lead,Lead,NA,2181.81,7.687910086524681,0.08106531752696926,0.00657158570574834,18.599
2021-06-01,lead,Lead,NA,2191.03,7.692127031879637,0.00421694535495558,1.7782628126681497e-5,14.940454545454545
2021-07-01,lead,Lead,NA,2337.51,7.756841539228557,0.06471450734892108,0.00418796746141356,15.47095238095238
2021-08-01,lead,Lead,NA,2414.47,7.789235080303708,0.03239354107515057,0.00104934150338746,15.008181818181818
2021-09-01,lead,Lead,NA,2248.3,7.717929654066957,-0.07130542623675129,0.00508446381080477,17.5625
1990-01-01,maize,maize,NA,105.6,4.659658371272161,-0.03324792902001712,0.00110542478412009,23.49909090909091
1990-02-01,maize,maize,NA,106.07,4.664099253517379,0.0044408822452177,1.9721435115889865e-5,23.326842105263157
1990-03-01,maize,maize,NA,109.7,4.697749367281185,0.03365011376380586,0.00113233015631707,18.831363636363637
1990-04-01,maize,maize,NA,118.82,4.777609742927595,0.07986037564641076,0.00637767959838583,20.4575
1990-05-01,maize,maize,NA,121.04,4.7961210694801,0.01851132655250526,3.4266921073348636e-4,18.151818181818182
1990-06-01,maize,maize,NA,120.86,4.794632850933413,-0.00148821854668802,2.2147944427062276e-6,17.582857142857144
1990-07-01,maize,maize,NA,114.91,4.744149213269543,-0.05048363766387017,0.00254859767177693,18.93285714285714
1990-08-01,maize,maize,NA,110.05,4.70093480797247,-0.04321440529707163,0.00186748482517957,27.77521739130435
1990-09-01,maize,maize,NA,101.52,4.620255823406132,-0.0806789845663385,0.00650909855065548,28.818947368421053
1990-10-01,maize,maize,NA,100.34,4.608564419056107,-0.01169140435002523,1.3668893567578906e-4,30.130434782608695
1990-11-01,maize,maize,NA,100.39,4.609062600703435,4.981816473283533e-4,2.481849537347919e-7,25.106666666666666
1990-12-01,maize,maize,NA,102.01,4.6250708476944276,0.01600824699099236,2.562639717246161e-4,22.5845
1991-01-01,maize,maize,NA,105.67,4.660321030452939,0.03525018275851185,0.00124257538450848,26.93181818181818
1991-02-01,maize,maize,NA,106.1,4.664382045619937,0.00406101516699787,1.64918441865868e-5,22.11263157894737
1991-03-01,maize,maize,NA,109.54,4.696289779355575,0.03190773373563801,0.00101810347214437,19.041052631578943
1991-04-01,maize,maize,NA,110.33,4.703475874772215,0.00718609541663935,5.163996733704508e-5,18.92727272727273
1991-05-01,maize,maize,NA,105.7,4.660604892876192,-0.04287098189602269,0.0018379210887291,17.180454545454545
1991-06-01,maize,maize,NA,104.21,4.646408094004336,-0.01419679887185597,2.0154909820793105e-4,17.575
1991-07-01,maize,maize,NA,105.11,4.655007420835263,0.00859932683092696,7.394842194510034e-5,17.669545454545453
1991-08-01,maize,maize,NA,110.43,4.7043818360590395,0.04937441522377658,0.0024378328786899,15.932727272727272
1991-09-01,maize,maize,NA,108.85,4.689970787680556,-0.01441104837848313,2.0767831536698135e-4,17.029
1991-10-01,maize,maize,NA,109.7,4.697749367281185,0.00777857960062829,6.050630060331057e-5,16.846363636363638
1991-11-01,maize,maize,NA,106.49,4.668051084027292,-0.02969828325389227,8.819880282284181e-4,17.6815
1991-12-01,maize,maize,NA,106.91,4.671987359025408,0.00393627499811615,1.549426086079432e-5,18.018571428571427
1992-01-01,maize,maize,NA,109.31,4.694187882305744,0.02220052328033571,4.928632339207281e-4,17.499545454545455
1992-02-01,maize,maize,NA,113.62,4.732859547128981,0.03867166482323679,0.00149549766020076,17.050526315789472
1992-03-01,maize,maize,NA,117,4.762173934797756,0.0293143876687753,8.593333243952458e-4,16.222727272727273
1992-04-01,maize,maize,NA,108.52,4.686934487790731,-0.07523944700702516,0.00566097438592294,16.18857142857143
1992-05-01,maize,maize,NA,109.64,4.697202271434585,0.01026778364385402,1.0542738095699617e-4,14.728
1992-06-01,maize,maize,NA,110.9,4.7086288943563215,0.01142662292173636,1.3056771139555086e-4,14.75318181818182
1992-07-01,maize,maize,NA,102.75,4.632298853376344,-0.07633004097997738,0.00582627515600502,13.303636363636365
1992-08-01,maize,maize,NA,96.96,4.574298522321004,-0.05800033105533978,0.00336403840252901,14.422380952380951
1992-09-01,maize,maize,NA,98.05,4.585477552642355,0.01117903032135096,1.2497071892568425e-4,14.258571428571427
1992-10-01,maize,maize,NA,95.11,4.555034116494294,-0.03044343614806112,9.268028045010748e-4,17.478636363636365
1992-11-01,maize,maize,NA,94.48,4.548388171889107,-0.00664594460518718,4.416857969521671e-5,14.594
1992-12-01,maize,maize,NA,94.61,4.549763178716353,0.00137500682724603,1.8906437749732029e-6,12.781363636363636
1993-01-01,maize,maize,NA,94.21,4.545526333060576,-0.00423684565577655,1.7950861110872704e-5,12.5745
1993-02-01,maize,maize,NA,94.38,4.547329186298241,0.00180285323766504,3.2502797965593285e-6,13.505263157894737
1993-03-01,maize,maize,NA,97.14,4.576153236917599,0.02882405061935734,8.308258941072744e-4,13.657391304347826
1993-04-01,maize,maize,NA,100.55,4.610655116218661,0.03450187930106228,0.00119037967530506,13.49952380952381
1993-05-01,maize,maize,NA,98.59,4.59096983658695,-0.01968527963171101,3.8751023417865664e-4,13.535
1993-06-01,maize,maize,NA,92.76,4.530015512387331,-0.06095432419961901,0.00371542963863226,13.002272727272729
1993-07-01,maize,maize,NA,101.25,4.617592705986649,0.08757719359931751,0.00766976483873234,11.99952380952381
1993-08-01,maize,maize,NA,100.31,4.608265390895394,-0.00932731509125471,8.699880681154795e-5,11.952272727272728
1993-09-01,maize,maize,NA,100.9,4.6141299273595635,0.00586453646416944,3.439278793957308e-5,12.621428571428572
1993-10-01,maize,maize,NA,106.53,4.668426635623106,0.05429670826354293,0.00294813252825629,11.377142857142855
1993-11-01,maize,maize,NA,116.67,4.759349436835766,0.09092280121265936,0.00826695578035677,13.370952380952382
1993-12-01,maize,maize,NA,121.79,4.802298250099019,0.04294881326325362,0.00184460056072183,10.864545454545455
1994-01-01,maize,maize,NA,127.23,4.845996472154609,0.0436982220555898,0.00190953461081963,10.605238095238096
1994-02-01,maize,maize,NA,123.22,4.813971375586425,-0.03202509656818448,0.00102560681020154,12.885263157894736
1994-03-01,maize,maize,NA,119.4,4.782479200958502,-0.03149217462792291,9.917570627955917e-4,14.240869565217391
1994-04-01,maize,maize,NA,113.23,4.729421148325948,-0.05305805263255352,0.00281515694915882,15.334736842105263
1994-05-01,maize,maize,NA,109.59,4.696746129475301,-0.03267501885064738,0.00106765685689016,13.39
1994-06-01,maize,maize,NA,112.16,4.71992642328628,0.02318029381097897,5.373260211633099e-4,12.94590909090909
1994-07-01,maize,maize,NA,97.83,4.583231278469338,-0.1366951448169425,0.01868556261652488,12.1635
1994-08-01,maize,maize,NA,95.99,4.564244019375446,-0.01898725909389194,3.6051600789858214e-4,11.39304347826087
1994-09-01,maize,maize,NA,97.51,4.579954936847027,0.01571091747158223,2.4683292779886784e-4,12.612380952380953
1994-10-01,maize,maize,NA,96.48,4.5693357329788755,-0.01061920386815229,1.1276749079338076e-4,15.04952380952381
1994-11-01,maize,maize,NA,95.47,4.558812062009942,-0.01052367096893349,1.1074765066237371e-4,16.249523809523808
1994-12-01,maize,maize,NA,102.49,4.6297652328434715,0.0709531708335298,0.00503435245133206,13.806666666666668
1995-01-01,maize,maize,NA,106.96,4.672454932793688,0.04268969995021608,0.00182241048183947,11.711904761904762
1995-02-01,maize,maize,NA,106.69,4.66992743320337,-0.00252749959031775,6.388254179056407e-6,11.197368421052632
1995-03-01,maize,maize,NA,109.7,4.697749367281185,0.02782193407781469,7.740600158302665e-4,11.971304347826086
1995-04-01,maize,maize,NA,109.3,4.694096395182493,-0.0036529720986917,1.3344205153820054e-5,12.51684210526316
1995-05-01,maize,maize,NA,111.97,4.718230978272105,0.02413458308961277,5.82478100909423e-4,12.458636363636364
1995-06-01,maize,maize,NA,119.86,4.786324395030039,0.06809341675793355,0.00463671340576962,13.17909090909091
1995-07-01,maize,maize,NA,126.99,4.844108343200942,0.05778394817090284,0.00333898466621758,14.0765
1995-08-01,maize,maize,NA,126.44,4.839767887347417,-0.00434045585352496,1.8839557016399172e-5,13.348695652173912
1995-09-01,maize,maize,NA,130.48,4.871219958312758,0.03145207096534137,9.8923276800887e-4,12.237
1995-10-01,maize,maize,NA,140.86,4.947766489317265,0.0765465310045061,0.00585937140882381,14.237727272727271
1995-11-01,maize,maize,NA,143.95,4.969466017058185,0.0216995277409204,4.708695041789742e-4,12.971904761904762
1995-12-01,maize,maize,NA,148.65,5.001594549444107,0.03212853238592184,0.00103224259327322,12.288
1996-01-01,maize,maize,NA,156.13,5.050688993553429,0.04909444410932206,0.00241026444240334,14.150454545454544
1996-02-01,maize,maize,NA,164.81,5.104793295246089,0.05410430169265973,0.00292727546165034,16.238
1996-03-01,maize,maize,NA,184.86,5.219598781836631,0.11480548659054292,0.01318029975129133,19.081904761904763
1996-04-01,maize,maize,NA,190.37,5.248969546917698,0.02937076508106583,8.626418414471563e-4,17.512857142857143
1996-05-01,maize,maize,NA,204.02,5.318218028254373,0.06924848133667545,0.00479535216743588,16.96681818181818
1996-06-01,maize,maize,NA,197.55,5.2859917168574,-0.0322263113969731,0.00103853514625467,17.6755
1996-07-01,maize,maize,NA,197.8,5.287256419188612,0.00126470233121198,1.599471986573034e-6,19.341818181818184
1996-08-01,maize,maize,NA,185.5,5.22305488204749,-0.06420153714112198,0.00412183737128286,16.478181818181817
1996-09-01,maize,maize,NA,145.39,4.9794197869433345,-0.2436350951041557,0.059358059566411,17.2785
1996-10-01,maize,maize,NA,127.85,4.850857701737196,-0.1285620852061386,0.01652820975255044,17.401304347826088
1996-11-01,maize,maize,NA,117.74,4.768478803600115,-0.08237889813708028,0.00678628285827944,17.1635
1996-12-01,maize,maize,NA,117.69,4.768054048889571,-4.247547105443808e-4,1.8041656412964077e-07,20.118
1997-01-01,maize,maize,NA,118.36,4.773730827532009,0.0056767786424381,3.222581575524138e-5,21.031363636363636
1997-02-01,maize,maize,NA,121.67,4.801312461799358,0.02758163426734888,7.607465488577941e-4,21.647894736842105
1997-03-01,maize,maize,NA,127.6,4.848900370910689,0.04758790911133177,0.00226460909358837,22.3035
1997-04-01,maize,maize,NA,124.4,4.823502180305079,-0.02539819060561034,6.450680860389136e-4,21.507727272727273
1997-05-01,maize,maize,NA,118.77,4.777188849786149,-0.04631333051893022,0.00214492458375567,21.927619047619046
1997-06-01,maize,maize,NA,112.05,4.718945200246936,-0.05824364953921291,0.00339232271164665,22.743333333333332
1997-07-01,maize,maize,NA,106.06,4.664004971708984,-0.054940228537952,0.00301842871180239,23.24772727272727
1997-08-01,maize,maize,NA,112.92,4.726679603385288,0.06267463167630473,0.00392810945576046,25.153809523809525
1997-09-01,maize,maize,NA,112.24,4.720639435794205,-0.00604016759108317,3.648362452837155e-5,25.59285714285714
1997-10-01,maize,maize,NA,120.36,4.790487251761845,0.06984781596763892,0.00487871739544915,25.615652173913045
1997-11-01,maize,maize,NA,117.22,4.764052511048283,-0.02643474071356134,6.987955165932175e-4,31.545263157894738
1997-12-01,maize,maize,NA,113.45,4.731362211225851,-0.03269029982243234,0.00106865570248052,26.473181818181818
1998-01-01,maize,maize,NA,114.71,4.742407204293176,0.01104499306732555,1.2199187185726952e-4,24.4275
1998-02-01,maize,maize,NA,113.38,4.730745008896157,-0.01166219539701864,1.360068014782429e-4,20.386315789473684
1998-03-01,maize,maize,NA,114.21,4.738038859062516,0.00729385016635801,5.320025024928085e-5,20.543181818181814
1998-04-01,maize,maize,NA,107.12,4.673949701382917,-0.0640891576795985,0.00410742013208043,22.53809523809524
1998-05-01,maize,maize,NA,106.1,4.664382045619937,-0.00956765576297966,9.154003679887796e-5,21.4485
1998-06-01,maize,maize,NA,104.23,4.646599995751231,-0.01778204986870641,3.162012975331618e-4,21.996363636363636
1998-07-01,maize,maize,NA,100.51,4.610257225036649,-0.03634277071458243,0.00132079698321271,20.25181818181818
1998-08-01,maize,maize,NA,87.86,4.475744638547633,-0.134512586489015,0.01809363592396474,31.48857142857143
1998-09-01,maize,maize,NA,86.31,4.457945466231566,-0.01779917231606728,3.1681053513705603e-4,39.247142857142855
1998-10-01,maize,maize,NA,95.53,4.559440334281917,0.10149486805035078,0.01030120824055811,37.45409090909091
1998-11-01,maize,maize,NA,98.12,4.5861912193902885,0.02675088510837167,7.156098540813016e-4,25.038
1998-12-01,maize,maize,NA,95.76,4.561845061249718,-0.02434615814057086,5.92735416205685e-4,25.47681818181818
1999-01-01,maize,maize,NA,97.44,4.579236803961587,0.01739174271186902,3.024727145558492e-4,28.616842105263157
1999-02-01,maize,maize,NA,94.19,4.545314018834726,-0.03392278512686114,0.00115075535076319,29.93842105263158
1999-03-01,maize,maize,NA,96.18,4.566221435849517,0.0209074170147909,4.371200862303681e-4,26.475652173913044
1999-04-01,maize,maize,NA,94.13,4.544676805559129,-0.02154463029038784,4.641710943494973e-4,24.693809523809524
1999-05-01,maize,maize,NA,92.49,4.527100530566169,-0.01757627499296017,3.089254426281571e-4,27.3765
1999-06-01,maize,maize,NA,93.65,4.539564428890097,0.01246389832392904,1.5534876142924114e-4,24.123636363636365
1999-07-01,maize,maize,NA,83.99,4.430697744137536,-0.10886668475256192,0.01185195504901369,21.486666666666668
1999-08-01,maize,maize,NA,85.65,4.450269224770129,0.01957148063259329,3.8304285415197446e-4,24.90909090909091
1999-09-01,maize,maize,NA,86.47,4.459797532972339,0.00952830820220983,9.078865719629916e-5,25.58
1999-10-01,maize,maize,NA,85.8,4.4520190064939165,-0.00777852647842228,6.050547417551656e-5,25.37
1999-11-01,maize,maize,NA,85.43,4.447697327163527,-0.00432167933038922,1.8676912234713413e-5,22.22952380952381
1999-12-01,maize,maize,NA,87.18,4.467974946810247,0.02027761964671924,4.111818585370144e-4,23.222272727272728
2000-01-01,maize,maize,NA,93.29,4.53571292097287,0.06773797416262313,0.00458843314365619,24.9385
2000-02-01,maize,maize,NA,95.15,4.555454593742159,0.01974167276928884,3.8973364372968047e-4,25.456
2000-03-01,maize,maize,NA,95.05,4.554403068934438,-0.00105152480772038,1.1057044212514022e-6,24.810434782608695
2000-04-01,maize,maize,NA,95.2,4.55597994179732,0.00157687286288159,2.486528025692403e-6,29.833157894736843
2000-05-01,maize,maize,NA,96.35,4.567987394860375,0.01200745306305572,1.4417892906148631e-4,29.42909090909091
2000-06-01,maize,maize,NA,84.33,4.43473767358655,-0.13324972127382512,0.01775548821955208,24.31772727272727
2000-07-01,maize,maize,NA,75.27,4.321081649046441,-0.11365602454010967,0.01291769191426201,22.66
2000-08-01,maize,maize,NA,75.58,4.325191697921343,0.00411004887490224,1.6892501754085248e-5,20.484347826086957
2000-09-01,maize,maize,NA,80.43,4.387387240915977,0.06219554299463479,0.00386828556839746,22.3365
2000-10-01,maize,maize,NA,85.03,4.443004135397701,0.05561689448172344,0.00309323895179115,28.21409090909091
2000-11-01,maize,maize,NA,89.17,4.490544660146788,0.04754052474908694,0.00226010149341854,29.21190476190476
2000-12-01,maize,maize,NA,97.56,4.580467573347719,0.08992291320093146,0.00808613031854225,30.1045
2001-01-01,maize,maize,NA,95.15,4.555454593742159,-0.02501297960556097,6.256491487482094e-4,27.83
2001-02-01,maize,maize,NA,91.97,4.521462436914606,-0.03399215682755231,0.00115546672578891,26.159473684210525
2001-03-01,maize,maize,NA,90.25,4.502583597212991,-0.01887883970161595,3.564105884793108e-4,32.42318181818182
2001-04-01,maize,maize,NA,87.99,4.477223171657469,-0.02536042555552105,6.431511843571254e-4,32.245
2001-05-01,maize,maize,NA,84.09,4.431887653844806,-0.04533551781266269,0.00205530917534225,26.095
2001-06-01,maize,maize,NA,83.31,4.422568589986818,-0.00931906385798879,8.684495118927307e-5,23.30047619047619
2001-07-01,maize,maize,NA,91.73,4.518849479521564,0.09628088953474628,0.00927000968960201,24.85904761904762
2001-08-01,maize,maize,NA,93.14,4.534103737554231,0.01525425803266691,2.3269238812718312e-4,24.260434782608694
2001-09-01,maize,maize,NA,90.08,4.50069816439138,-0.03340557316285095,0.00111593231833858,38.55133333333333
2001-10-01,maize,maize,NA,86.56,4.460837815098172,-0.03986034929320885,0.00158884744577661,34.44695652173913
2001-11-01,maize,maize,NA,89.54,4.49468545281282,0.03384763771464805,0.00114566257886206,28.25428571428571
2001-12-01,maize,maize,NA,91.88,4.520483377820898,0.025797925008078,6.655329347224166e-4,24.5395
2002-01-01,maize,maize,NA,91.98,4.521571162111778,0.00108778429088041,1.183274663486213e-6,23.615238095238094
2002-02-01,maize,maize,NA,90.82,4.508879525669805,-0.0126916364419728,1.6107763557521204e-4,24.66842105263158
2002-03-01,maize,maize,NA,89.61,4.495466920896128,-0.0134126047736769,1.7989796681486047e-4,21.014
2002-04-01,maize,maize,NA,87.13,4.467401256243195,-0.02806566465293268,7.876815324108749e-4,21.814545454545453
2002-05-01,maize,maize,NA,90.27,4.502805179310063,0.03540392306686809,0.00125343776852471,22.63
2002-06-01,maize,maize,NA,94.09,4.544251771018675,0.04144659170861085,0.00171781996426029,28.599
2002-07-01,maize,maize,NA,98.69,4.591983624183916,0.04773185316524148,0.00227832980658817,38.49727272727273
2002-08-01,maize,maize,NA,108.93,4.690705474094354,0.0987218499104383,0.0097460036497391,37.25272727272727
2002-09-01,maize,maize,NA,114.14,4.737425765108562,0.04672029101420782,0.00218278559245226,41.656
2002-10-01,maize,maize,NA,109.7,4.697749367281185,-0.03967639782737742,0.00157421654455631,41.39739130434783
2002-11-01,maize,maize,NA,108.93,4.690705474094354,-0.00704389318683045,4.961643122747653e-5,32.005
2002-12-01,maize,maize,NA,106.96,4.672454932793688,-0.0182505413006665,3.330822577673337e-4,31.830952380952382
2003-01-01,maize,maize,NA,106.1361,4.664722232801554,-0.00773269999213367,5.9794649168344104e-5,30.66857142857143
2003-02-01,maize,maize,NA,105.8507,4.662029610690798,-0.00269262211075618,7.250213831333086e-6,36.54052631578948
2003-03-01,maize,maize,NA,105.6047,4.659702877857486,-0.0023267328333119,5.413685677611635e-6,35.194761904761904
2003-04-01,maize,maize,NA,105.457,4.65830328689323,-0.00139959096425588,1.958854867226722e-6,27.14238095238095
2003-05-01,maize,maize,NA,107.4943,4.677437822906121,0.01913453601289104,3.661304684286244e-4,22.548571428571428
2003-06-01,maize,maize,NA,107.327,4.675880248924184,-0.00155757398193748,2.4260367092085952e-6,22.34904761904762
2003-07-01,maize,maize,NA,96.80591,4.572708046137837,-0.10317220278634634,0.01064450342778697,21.206818181818186
2003-08-01,maize,maize,NA,100.6591,4.611739560318774,0.03903151418093637,0.00152345909925663,20.829047619047618
2003-09-01,maize,maize,NA,104.0791,4.645151186972397,0.03341162665362324,0.0011163367956411,20.682380952380953
2003-10-01,maize,maize,NA,105.3881,4.657649726507406,0.01249853953500968,1.562134905082e-4,19.184347826086956
2003-11-01,maize,maize,NA,108.4834,4.68659716588382,0.028947439376413812,8.37954246451153e-4,17.838947368421053
2003-12-01,maize,maize,NA,111.1555,4.710930121867039,0.02433295598321942,5.920927468812939e-4,16.375454545454545
2004-01-01,maize,maize,NA,115.520475,4.749447786978168,0.03851766511112805,0.00148361052561301,15.834
2004-02-01,maize,maize,NA,123.541705,4.81657879137051,0.06713100439234203,0.00450657175072464,15.924736842105265
2004-03-01,maize,maize,NA,127.84758,4.850838773126295,0.03425998175578466,0.00117374634990669,17.73304347826087
2004-04-01,maize,maize,NA,133.496888,4.894078166707179,0.04323939358088423,0.00186964515724261,15.788095238095238
2004-05-01,maize,maize,NA,128.216655,4.853721450245019,-0.04035671646215961,0.00162866456360714,18.076
2004-06-01,maize,maize,NA,123.32026,4.814784711351764,-0.0389367388932557,0.00151606963564157,15.045238095238096
2004-07-01,maize,maize,NA,104.846826,4.652500485072847,-0.16228422627891656,0.02633617009894659,15.668571428571427
2004-08-01,maize,maize,NA,104.054545,4.644915232808293,-0.00758525226455381,5.7536051916918714e-5,16.592727272727274
2004-09-01,maize,maize,NA,97.868848,4.583628296652196,-0.0612869361560966,0.00375608854340146,13.880476190476193
2004-10-01,maize,maize,NA,93.79426,4.541103660109897,-0.04252463654229925,0.00180834471305465,15.184761904761904
2004-11-01,maize,maize,NA,93.74505,4.540578863456552,-5.247966533459796e-4,2.754115273631403e-7,14.05
2004-12-01,maize,maize,NA,95.388664,4.557959745398066,0.01738088194151461,3.020950570648688e-4,13.014090909090909
2005-01-01,maize,maize,NA,96.25476,4.566998426490512,0.0090386810924466,8.169775589095176e-5,13.512
2005-02-01,maize,maize,NA,94.13873,4.544769545336003,-0.02222888115450982,4.941231573813221e-4,11.562631578947368
2005-03-01,maize,maize,NA,99.876616,4.603935584180822,0.05916603884481934,0.00350062015258667,12.880454545454546
2005-04-01,maize,maize,NA,96.279365,4.567254017546217,-0.03668156663460498,0.00134553733076896,14.057142857142855
2005-05-01,maize,maize,NA,95.41819,4.558269231138402,-0.00898478640781541,8.072638679406454e-5,13.17904761904762
2005-06-01,maize,maize,NA,97.101172,4.575753445255333,0.01748421411693147,3.056977432867057e-4,11.241818181818182
2005-07-01,maize,maize,NA,107.52385,4.67771268342544,0.10195923817010728,0.01039568624822866,10.489
2005-08-01,maize,maize,NA,101.66786,4.621711225575334,-0.05600145785010658,0.00313616328133726,11.985217391304348
2005-09-01,maize,maize,NA,96.35318,4.568020398986206,-0.05369082658912831,0.00288270485982384,11.959047619047618
2005-10-01,maize,maize,NA,101.938515,4.624369837413206,0.05634943842700086,0.00317525921103836,14.582380952380952
2005-11-01,maize,maize,NA,95.36898,4.557753368346461,-0.06661646906674498,0.00443775395092059,11.606190476190475
2005-12-01,maize,maize,NA,102.140276,4.626347123389334,0.06859375504287318,0.00470510323088169,10.923809523809524
2006-01-01,maize,maize,NA,102.65206,4.631345211456468,0.00499808806713318,2.4980884326819128e-5,11.7115
2006-02-01,maize,maize,NA,107.13017,4.674044637130297,0.04269942567382968,0.0018232409528749,11.867368421052632
2006-03-01,maize,maize,NA,105.250348,4.656341778970327,-0.01770285815997102,3.133911870320528e-4,11.19086956521739
2006-04-01,maize,maize,NA,107.72069,4.679541673418613,0.02319989444828642,5.382351024116314e-4,11.163684210526316
2006-05-01,maize,maize,NA,110.648685,4.706360182106512,0.02681850868789912,7.19232408242921e-4,13.488181818181818
2006-06-01,maize,maize,NA,109.403672,4.6950444543240435,-0.01131572778246809,1.2804569524692028e-4,15.891363636363636
2006-07-01,maize,maize,NA,113.99108,4.736120199719113,0.04107574539506883,0.00168721685976051,14.522
2006-08-01,maize,maize,NA,116.588332,4.75864920029856,0.0225290005794473,5.075558671087367e-4,12.560434782608697
2006-09-01,maize,maize,NA,121.74554,4.801933128848183,0.04328392854962317,0.00187349847068888,11.397
2006-10-01,maize,maize,NA,142.16769,4.957007276361985,0.15507414751380189,0.02404799122713238,10.808636363636364
2006-11-01,maize,maize,NA,164.538556,5.103144925720751,0.14613764935876578,0.02135621256010557,10.484285714285717
2006-12-01,maize,maize,NA,160.37539,5.077517254733311,-0.02562767098743948,6.567775202404472e-4,10.499
2007-01-01,maize,maize,NA,164.774764,5.1045794746816515,0.02706221994833978,7.323637485323199e-4,10.627
2007-02-01,maize,maize,NA,177.3489032,5.17811899681934,0.07353952213768913,0.00540806131623967,10.920526315789472
2007-03-01,maize,maize,NA,170.5067448,5.138774854885419,-0.03934414193392158,0.00154796150451656,14.921363636363637
2007-04-01,maize,maize,NA,152.74784,5.028788457198859,-0.10998639768655943,0.012097007676066,12.246
2007-05-01,maize,maize,NA,160.22776,5.076596303018181,0.04780784581932159,0.00228559012188402,12.965
2007-06-01,maize,maize,NA,165.24718,5.107442413533236,0.03084611051505512,9.514825339069944e-4,14.881904761904762
2007-07-01,maize,maize,NA,146.84264,4.989361537219401,-0.11808087631383468,0.01394309335104312,17.247619047619047
2007-08-01,maize,maize,NA,151.17312,5.018425670163313,0.02906413294391155,8.447238237813647e-4,25.12
2007-09-01,maize,maize,NA,159.4404,5.071670184682125,0.05324451451881228,0.00283497832634401,22.182105263157897
2007-10-01,maize,maize,NA,164.16456,5.100869339374387,0.02919915469226213,8.525906347426538e-4,18.859565217391303
2007-11-01,maize,maize,NA,171.2508,5.143129148664269,0.0422598092898826,0.00178589148121724,26.65714285714286
2007-12-01,maize,maize,NA,180.2542616,5.194368418604021,0.05123926993975061,0.00262546278395863,23.0965
2008-01-01,maize,maize,NA,206.662316,5.331086137536536,0.13671771893251558,0.01869173467011033,27.98952380952381
2008-02-01,maize,maize,NA,220.06712,5.393932590730685,0.06284645319414883,0.00394967667908434,27.1565
2008-03-01,maize,maize,NA,234.357704,5.45684859773493,0.06291600700424538,0.00395842393735825,29.009
2008-04-01,maize,maize,NA,246.44368,5.507133488675684,0.05028489094075412,0.00252857025692353,22.526818181818182
2008-05-01,maize,maize,NA,243.4556488,5.494934785481313,-0.01219870319437162,1.4880835962437236e-4,18.61
2008-06-01,maize,maize,NA,287.110824,5.659868287565773,0.16493350208446036,0.02720306010984469,23.19142857142857
2008-07-01,maize,maize,NA,265.34032,5.581013228487893,-0.07885505907788018,0.00621812034217597,25.66227272727273
2008-08-01,maize,maize,NA,235.02696,5.4597002309681875,-0.12131299751970497,0.01471684336721594,22.25952380952381
2008-09-01,maize,maize,NA,233.84592,5.45466243693823,-0.00503779402995718,2.5379368688272212e-5,33.21142857142857
2008-10-01,maize,maize,NA,183.0612,5.209820523162942,-0.24484191377528855,0.05994756274114583,65.44652173913043
2008-11-01,maize,maize,NA,163.77088,5.098468377836849,-0.11135214532609312,0.01239930026872336,65.42684210526316
2008-12-01,maize,maize,NA,158.25936,5.064235206194606,-0.03423317164224233,0.00117191004068722,55.07545454545455
2009-01-01,maize,maize,NA,172.82552,5.152282530650757,0.08804732445615036,0.00775233134388661,44.2915
2009-02-01,maize,maize,NA,163.3772,5.096061637806284,-0.05622089284447323,0.00316078879222974,45.38947368421053
2009-03-01,maize,maize,NA,164.55824,5.103264550100342,0.00720291229405823,5.188194551589529e-5,46.09045454545455
2009-04-01,maize,maize,NA,168.49504,5.126906313157383,0.02364176305704027,5.589329604452344e-4,38.89857142857143
2009-05-01,maize,maize,NA,179.91176,5.19246650846979,0.06556019531240793,0.00429813920940107,32.11
2009-06-01,maize,maize,NA,179.51808,5.190275927089972,-0.00219058137981858,4.7986467816079014e-6,27.935454545454547
2009-07-01,maize,maize,NA,151.5668,5.02102645186337,-0.16924947522660183,0.02864538486448011,25.924545454545456
2009-08-01,maize,maize,NA,151.96048,5.023620487040416,0.00259403517704652,6.729018499754811e-6,24.306190476190476
2009-09-01,maize,maize,NA,150.38576,5.013203726182161,-0.0104167608582556,1.0850890677808603e-4,23.85761904761905
2009-10-01,maize,maize,NA,167.314,5.119872286500002,0.10666856031784158,0.011378181760281,23.250454545454545
2009-11-01,maize,maize,NA,171.64448,5.14542536092462,0.02555307442461748,6.529596125500403e-4,22.546
2009-12-01,maize,maize,NA,164.55824,5.103264550100342,-0.04216081082427786,0.00177753396936054,19.845454545454544
2010-01-01,maize,maize,NA,167.314,5.119872286500002,0.01660773639966033,2.7581690832060267e-4,19.527368421052632
2010-02-01,maize,maize,NA,161.80248,5.08637633207182,-0.03349595442818212,0.00112197896305485,21.771052631578947
2010-03-01,maize,maize,NA,159.04672,5.069197995536736,-0.01717833653508463,2.9509524611262333e-4,16.925217391304347
2010-04-01,maize,maize,NA,157.07832,5.056744534465449,-0.01245346107128662,1.550886926540514e-4,16.136666666666667
2010-05-01,maize,maize,NA,163.3772,5.096061637806284,0.03931710334083484,0.00154583461511388,30.0335
2010-06-01,maize,maize,NA,152.74784,5.028788457198859,-0.06727318060742475,0.00452568082903918,28.94090909090909
2010-07-01,maize,maize,NA,163.75682,5.098382522503034,0.06959406530417446,0.00484333392556169,25.016666666666666
2010-08-01,maize,maize,NA,175.58128,5.168102069595649,0.06971954709261606,0.0048608152467995,24.15590909090909
2010-09-01,maize,maize,NA,205.89464,5.327364581640508,0.15926251204485897,0.02536454774283885,21.322380952380954
2010-10-01,maize,maize,NA,235.81432,5.463044715691035,0.13568013405052648,0.01840909877596883,19.86095238095238
2010-11-01,maize,maize,NA,238.1764,5.473011575606427,0.00996685991539207,9.933829657304933e-5,19.395238095238096
2010-12-01,maize,maize,NA,250.38048,5.5229816809157075,0.04997010530928068,0.0024970114246206,16.58681818181818
2011-01-01,maize,maize,NA,264.94664,5.579528447220314,0.05654676630460559,0.00319753677950767,15.723
2011-02-01,maize,maize,NA,292.89792,5.679824152408678,0.10029570518836411,0.01005922847923125,15.72
2011-03-01,maize,maize,NA,290.53584,5.6717269421760586,-0.00809721023261936,6.55648135512357e-5,19.893478260869564
2011-04-01,maize,maize,NA,319.27448,5.766051171690998,0.09432422951494024,0.00889706027358712,15.208
2011-05-01,maize,maize,NA,307.85776,5.729637858120896,-0.03641331357010181,0.00132592940515456,16.293809523809525
2011-06-01,maize,maize,NA,310.61352,5.73854943842146,0.00891158030056315,7.941626345338519e-5,18.918636363636363
2011-07-01,maize,maize,NA,300.77152,5.706350906742106,-0.03219853167935372,0.00103674544230634,18.7405
2011-08-01,maize,maize,NA,310.21984,5.7372812074334645,0.03093030069135855,9.566835008578556e-4,35.068695652173915
2011-09-01,maize,maize,NA,295.26,5.687856324105942,-0.04942488332752298,0.00244281909193925,36.64380952380952
2011-10-01,maize,maize,NA,274.78864,5.6160022203379585,-0.07185410376798368,0.00516301222830016,32.00857142857143
2011-11-01,maize,maize,NA,274.39496,5.614568528336109,-0.00143369200184847,2.0554727561642858e-6,31.412380952380953
2011-12-01,maize,maize,NA,258.64776,5.555467136060196,-0.05910139227591347,0.0034929745689514,25.03952380952381
2012-01-01,maize,maize,NA,272.844845,5.60890330028902,0.05343616422882426,0.00285542364748987,18.9415
2012-02-01,maize,maize,NA,279.458669,5.632854406884214,0.02395110659519433,5.736555071343616e-4,16.691
2012-03-01,maize,maize,NA,280.69384,5.637264537989882,0.00441013110566703,1.944925636917194e-5,14.962727272727273
2012-04-01,maize,maize,NA,274.00128,5.613132777910005,-0.02413176007987631,5.823418445527122e-4,17.177
2012-05-01,maize,maize,NA,269.27712,5.595741035198136,-0.0173917427118691,3.024727145558522e-4,20.547272727272727
2012-06-01,maize,maize,NA,267.30872,5.5884042451342815,-0.00733679006385443,5.382848844107311e-5,20.750476190476192
2012-07-01,maize,maize,NA,333.05328,5.808302477181809,0.2198982320475272,0.04835523245762811,16.954761904761906
2012-08-01,maize,maize,NA,331.99205565217,5.805111039871667,-0.00319143731014177,1.0185272104564986e-5,14.969130434782608
2012-09-01,maize,maize,NA,320.8492,5.770971230816448,-0.03413980905521866,0.00116552656232679,14.31421052631579
2012-10-01,maize,maize,NA,321.24288,5.772197472539693,0.00122624172324429,1.5036687638251346e-6,15.469047619047618
2012-11-01,maize,maize,NA,321.63656,5.773422212435588,0.00122473989589564,1.499987812598483e-6,17.155714285714286
2012-12-01,maize,maize,NA,308.64512,5.732192137925994,-0.04123007450959492,0.00169991904406674,17.351
2013-01-01,maize,maize,NA,303.1336,5.714173632423315,-0.01801850550267836,3.246665405500505e-4,13.121904761904762
2013-02-01,maize,maize,NA,302.73992,5.71287408708123,-0.00129954534208561,1.6888180961364172e-6,13.512105263157894
2013-03-01,maize,maize,NA,309.0388,5.733466835357994,0.02059274827676454,4.240612815901892e-4,12.3915
2013-04-01,maize,maize,NA,279.90648,5.634455547378827,-0.09901128797916751,0.00980323514729364,13.251363636363635
2013-05-01,maize,maize,NA,295.5375444,5.688795882582608,0.05434033520378156,0.00295287203005934,12.914090909090907
2013-06-01,maize,maize,NA,298.40944,5.698466503217958,0.00967062063534938,9.352090347284526e-5,17.156
2013-07-01,maize,maize,NA,279.5128,5.6330480876109466,-0.06541841560701056,0.00427956910053156,13.626818181818182
2013-08-01,maize,maize,NA,238.73560454546,5.475356682445468,-0.15769140516547953,0.02486657926306342,13.863636363636363
2013-09-01,maize,maize,NA,207.405387,5.334675269421465,-0.14068141302400228,0.01979125997042992,14.2915
2013-10-01,maize,maize,NA,201.72521090909,5.3069064292617965,-0.02776884015966854,7.711084838132206e-4,14.32304347826087
2013-11-01,maize,maize,NA,199.13474,5.293981681032706,-0.01292474822909021,1.670491167853706e-4,11.9565
2013-12-01,maize,maize,NA,197.391152,5.285187303299779,-0.00879437773292767,7.73410797094141e-5,12.995238095238095
2014-01-01,maize,maize,NA,198.0643448,5.288591951639381,0.00340464833960238,1.1591630316357303e-5,13.057142857142855
2014-02-01,maize,maize,NA,209.3235928,5.343881345507287,0.05528939386790659,0.0030569170742805,14.179473684210526
2014-03-01,maize,maize,NA,222.33078,5.404166272923699,0.06028492741641075,0.00363427247360191,13.592380952380951
2014-04-01,maize,maize,NA,222.3583376,5.404290213892544,1.2394096884578987e-4,1.5361363758433057e-8,13.485238095238095
2014-05-01,maize,maize,NA,217.2956128,5.381258697458939,-0.02303151643360489,5.304507492314123e-4,11.76142857142857
2014-06-01,maize,maize,NA,202.3948248,5.310220367916453,-0.07103832954248612,0.00504644426418685,10.298571428571428
2014-07-01,maize,maize,NA,182.726572,5.2079908934215275,-0.102229474494926,0.01045086545550872,10.638636363636364
2014-08-01,maize,maize,NA,176.4237552,5.172888801172616,-0.03510209224891138,0.00123215688025108,12.414761904761905
2014-09-01,maize,maize,NA,163.0583192,5.094107923319502,-0.07878087785311422,0.0062064267153073,11.91190476190476
2014-10-01,maize,maize,NA,163.121308,5.094494144870637,3.862215511354075e-4,1.491670865614402e-7,16.911304347826086
2014-11-01,maize,maize,NA,178.7425304,5.1859463927289475,0.0914522478583102,0.0083635136383378,12.243684210526316
2014-12-01,maize,maize,NA,178.7346568,5.185902341806074,-4.405092287383111e-5,1.9404838060362172e-9,14.90681818181818
2015-01-01,maize,maize,NA,174.7073104,5.163112061713856,-0.02279028009221721,5.193968666817121e-4,17.9875
2015-02-01,maize,maize,NA,173.6955528,5.157304070155917,-0.00580799155793849,3.373276593708485e-5,15.321052631578947
2015-03-01,maize,maize,NA,174.2270208,5.160359166051979,0.00305509589606123,9.333610934130229e-6,15.016818181818184
2015-04-01,maize,maize,NA,172.0539072,5.147807841663048,-0.01255132438893118,1.5753574391617878e-4,13.758571428571427
2015-05-01,maize,maize,NA,166.2943688,5.113759523929831,-0.03404831773321666,0.00115928794046207,13.6325
2015-06-01,maize,maize,NA,166.7195432,5.116313018638024,0.00255349470819263,6.520335224767764e-6,14.83090909090909
2015-07-01,maize,maize,NA,179.596816,5.190714427425873,0.0744014087878494,0.00553556962961667,14.55090909090909
2015-08-01,maize,maize,NA,162.5937768,5.091254923318547,-0.09945950410732604,0.0098921929572752,19.58809523809524
2015-09-01,maize,maize,NA,165.621176,5.109703108172061,0.01844818485351366,3.403355243894108e-4,24.604285714285716
2015-10-01,maize,maize,NA,171.388588,5.1439334228502105,0.0342303146781494,0.00117171444296513,16.977272727272727
2015-11-01,maize,maize,NA,166.1565808,5.112930601599753,-0.03100282125045775,9.61174925487835e-4,16.008
2015-12-01,maize,maize,NA,163.948036,5.099549523956935,-0.01338107764281733,1.7905323888310585e-4,18.304545454545455
2016-01-01,maize,maize,NA,161.0269304,5.081571620561687,-0.01797790339524874,3.232050104888962e-4,24.33105263157895
2016-02-01,maize,maize,NA,159.676608,5.073150569852559,-0.00842105070912745,7.091409504569605e-5,24.109
2016-03-01,maize,maize,NA,159.1372664,5.069767140473718,-0.00338342937884113,1.1447594361605337e-5,16.398636363636363
2016-04-01,maize,maize,NA,164.4125784,5.102378990644171,0.03261185017045329,0.00106353277154009,14.347142857142858
2016-05-01,maize,maize,NA,168.9556456,5.129636228405496,0.02725723776132434,7.429570103773658e-4,14.791904761904762
2016-06-01,maize,maize,NA,179.872392,5.192247666144811,0.062611437739316,0.00392019213578424,16.635
2016-07-01,maize,maize,NA,161.7591752,5.086108656347194,-0.10613900979761808,0.01126548940081886,12.3075
2016-08-01,maize,maize,NA,150.1534888,5.011658029590636,-0.0744506267565572,0.00554289582444419,11.22391304347826
2016-09-01,maize,maize,NA,148.4252336,5.000081354014352,-0.01157667557628427,1.3401941739853677e-4,13.593333333333334
2016-10-01,maize,maize,NA,152.2596768,5.0255874631909325,0.02550610917658053,6.505616053276456e-4,14.816190476190476
2016-11-01,maize,maize,NA,151.803008,5.0225836803119766,-0.00300378287895614,9.022711583910052e-6,15.33952380952381
2016-12-01,maize,maize,NA,152.4486432,5.026827773427456,0.0042440931154802,1.8012326372866446e-5,11.956190476190477
2017-01-01,maize,maize,NA,159.9876152,5.075096407237905,0.04826863381044882,0.0023298610099272,10.7905
2017-02-01,maize,maize,NA,162.8575424,5.092875845663552,0.0177794384256465,3.1610843073135537e-4,10.510526315789471
2017-03-01,maize,maize,NA,158.9640472,5.0686780584126545,-0.02419778725089735,5.855329078396903e-4,10.640869565217391
2017-04-01,maize,maize,NA,156.4405584,5.0526761193005285,-0.01600193911212573,2.5606205534817926e-4,11.57315789473684
2017-05-01,maize,maize,NA,158.5900512,5.066322578355529,0.01364645905500089,1.8622584473981595e-4,9.971363636363636
2017-06-01,maize,maize,NA,157.9326056,5.062168395194545,-0.00415418316098454,1.725723773500756e-5,9.42318181818182
2017-07-01,maize,maize,NA,157.511368,5.059497633438775,-0.0026707617557699,7.132968356083163e-6,8.8765
2017-08-01,maize,maize,NA,148.496096,5.000558668334888,-0.05893896510388704,0.00347380160751721,10.177391304347823
2017-09-01,maize,maize,NA,147.2914352,4.992413176496344,-0.00814549183854387,6.634903729178487e-5,8.6015
2017-10-01,maize,maize,NA,148.6220736,5.001406664993718,0.0089934884973735,8.08828353523896e-5,8.02
2017-11-01,maize,maize,NA,148.7047464,5.001962772257305,5.561072635869597e-4,3.0925528861417624e-7,9.127142857142855
2017-12-01,maize,maize,NA,148.9803224,5.003814232794654,0.00185146053734974,3.4279061213634228e-6,8.8275
2018-01-01,maize,maize,NA,155.838228,5.048818469193028,0.04500423639837406,0.00202538129380073,10.367619047619048
2018-02-01,maize,maize,NA,163.357516,5.095941148620042,0.04712267942701432,0.00222054691638115,20.133157894736843
2018-03-01,maize,maize,NA,171.998792,5.1474874535329755,0.05154630491293325,0.00265702155017708,18.04904761904762
2018-04-01,maize,maize,NA,175.6049008,5.168236589695398,0.02074913616242152,4.305266514867087e-4,18.777142857142856
2018-05-01,maize,maize,NA,179.085032,5.187860732151544,0.01962414245614665,3.851069671391376e-4,13.694545454545455
2018-06-01,maize,maize,NA,165.070024,5.106369771752303,-0.08149096039924157,0.00664077662679075,12.694761904761904
2018-07-01,maize,maize,NA,156.4602424,5.052801935533505,-0.05356783621879756,0.00286951307716391,11.917619047619048
2018-08-01,maize,maize,NA,162.373316,5.0898981038823266,0.03709616834882133,0.00137612570616409,10.972608695652172
2018-09-01,maize,maize,NA,154.8028496,5.04215236925493,-0.04774573462739587,0.0022796551751097,11.564736842105264
2018-10-01,maize,maize,NA,160.2553176,5.076768278401557,0.03461590914662652,0.0011982611660475,19.855217391304347
2018-11-01,maize,maize,NA,160.6883656,5.079466871864963,0.00269859346340663,7.282406680741039e-6,20.95047619047619
2018-12-01,maize,maize,NA,167.4399776,5.120624944358471,0.04115807249350755,0.00169398693138082,27.11578947368421
2019-01-01,maize,maize,NA,166.743164,5.116454688453146,-0.00417025590532542,1.739103431590162e-5,20.525238095238095
2019-02-01,maize,maize,NA,169.5225448,5.132985925645386,0.01653123719223981,2.732818031060928e-4,15.287368421052632
2019-03-01,maize,maize,NA,166.2235064,5.113333306836809,-0.01965261880857616,3.862254260352015e-4,14.717619047619047
2019-04-01,maize,maize,NA,161.487536,5.084427963213866,-0.02890534362294352,8.35518889960442e-4,12.57
2019-05-01,maize,maize,NA,171.0815176,5.142140154023128,0.0577121908092618,0.00333069696800464,17.937272727272727
2019-06-01,maize,maize,NA,195.0802504,5.273411014416997,0.13127086039386918,0.01723203878854669,16.889
2019-07-01,maize,maize,NA,189.419132,5.243962189377996,-0.02944882503900147,8.672332961777202e-4,13.022272727272728
2019-08-01,maize,maize,NA,163.5858504,5.097337931430703,-0.1466242579472929,0.02149867301859428,20.66590909090909
2019-09-01,maize,maize,NA,157.2594128,5.057896752612612,-0.03944117881809122,0.00155560658656064,16.092
2019-10-01,maize,maize,NA,167.1486544,5.118883562579441,0.06098680996682995,0.00371939098993022,16.411739130434782
2019-11-01,maize,maize,NA,166.3337368,5.11399623273177,-0.00488732984767179,2.3885993039943576e-5,12.7645
2019-12-01,maize,maize,NA,166.9557512,5.117728814433639,0.00373258170186989,1.3932166161133933e-5,13.598571428571429
2020-01-01,maize,maize,NA,171.7862048,5.146250708305142,0.02852189387150235,8.134984300172432e-4,14.055714285714286
2020-02-01,maize,maize,NA,168.711564,5.128190534920478,-0.01806017338466418,3.261698626841325e-4,20.178421052631577
2020-03-01,maize,maize,NA,162.4205576,5.090189005923116,-0.03800152899736123,0.00144411620613728,63.317727272727275
2020-04-01,maize,maize,NA,146.9095656,4.989817197465569,-0.10037180845754752,0.01007449993303861,43.6047619047619
2020-05-01,maize,maize,NA,143.9057872,4.969158829901882,-0.02065836756368698,4.267681503963943e-4,31.078
2020-06-01,maize,maize,NA,147.9882488,4.997132870611768,0.0279740407098865,7.825469536383872e-4,29.99681818181818
2020-07-01,maize,maize,NA,152.5549368,5.027524772487619,0.03039190187585138,9.236676996313789e-4,24.80090909090909
2020-08-01,maize,maize,NA,149.342508,5.006242379359669,-0.02128239312794994,4.529402572526108e-4,20.337619047619047
2020-09-01,maize,maize,NA,166.0817816,5.112480327280294,0.10623794792062476,0.01128650157838537,28.017142857142854
2020-10-01,maize,maize,NA,186.7460448,5.2297496446721805,0.1172693173918857,0.01375209280155882,30.815
2020-11-01,maize,maize,NA,190.3757744,5.248999878968051,0.01925023429587042,3.705715204459058e-4,25.357
2020-12-01,maize,maize,NA,198.769032,5.292143507440456,0.04314362847240503,0.00186137267776491,21.704090909090908
2021-01-01,maize,maize,NA,234.4679501472,5.45731890539944,0.16517539795898412,0.02728291209090877,23.288947368421052
2021-02-01,maize,maize,NA,245.2350824,5.50221727049967,0.04489836510023008,0.00201586318867355,21.877894736842105
2021-03-01,maize,maize,NA,245.1720936,5.501960386818398,-2.568836812713305e-4,6.598922570351051e-8,21.119565217391305
2021-04-01,maize,maize,NA,268.233868,5.591859241771416,0.08989885495301671,0.00808180412186353,16.409523809523808
2021-05-01,maize,maize,NA,305.3106504,5.721329784163481,0.12947054239206512,0.01676262134729553,18.599
2021-06-01,maize,maize,NA,292.5593552,5.678667569846354,-0.04266221431712682,0.00182006453044046,14.940454545454545
2021-07-01,maize,maize,NA,278.4341168,5.629181466929131,-0.04948610291722227,0.00244887438193391,15.47095238095238
2021-08-01,maize,maize,NA,256.6124344,5.547566909308328,-0.08161455762080352,0.00666093601563945,15.008181818181818
2021-09-01,maize,maize,NA,235.61748,5.4622096425736135,-0.08535726673471432,0.00728586298442116,17.5625
1990-01-01,ngas_us,ngas_us,NA,2.39,0.8712933659434193,0.06481750007647069,0.00420130831616327,23.49909090909091
1990-02-01,ngas_us,ngas_us,NA,1.9,0.6418538861723947,-0.22943947977102455,0.0526424748775984,23.326842105263157
1990-03-01,ngas_us,ngas_us,NA,1.55,0.4382549309311553,-0.20359895524123944,0.04145253457532421,18.831363636363637
1990-04-01,ngas_us,ngas_us,NA,1.49,0.3987761199573678,-0.039478810973787463,0.00155857651590404,20.4575
1990-05-01,ngas_us,ngas_us,NA,1.47,0.3852624007906449,-0.01351371916672282,1.8262060571705172e-4,18.151818181818182
1990-06-01,ngas_us,ngas_us,NA,1.47,0.3852624007906449,0,0,17.582857142857144
1990-07-01,ngas_us,ngas_us,NA,1.41,0.34358970439007686,-0.04167269640056807,0.00173661362529391,18.93285714285714
1990-08-01,ngas_us,ngas_us,NA,1.36,0.3074846997479607,-0.03610500464211609,0.00130357136020722,27.77521739130435
1990-09-01,ngas_us,ngas_us,NA,1.44,0.3646431135879093,0.05715841383994841,0.0032670842726988,28.818947368421053
1990-10-01,ngas_us,ngas_us,NA,1.69,0.5247285289349821,0.1600854153470729,0.02562734020684484,30.130434782608695
1990-11-01,ngas_us,ngas_us,NA,2.1,0.7419373447293773,0.2172088157943953,0.04717966965880355,25.106666666666666
1990-12-01,ngas_us,ngas_us,NA,2.11,0.7466879474879751,0.00475060275859779,2.2568226569997015e-5,22.5845
1991-01-01,ngas_us,ngas_us,NA,1.67,0.5128236264286637,-0.2338643210593113,0.05469252066453263,26.93181818181818
1991-02-01,ngas_us,ngas_us,NA,1.36,0.3074846997479607,-0.205338926680703,0.04216407481038312,22.11263157894737
1991-03-01,ngas_us,ngas_us,NA,1.34,0.29266961396282004,-0.0148150857851407,2.19486766821078e-4,19.041052631578943
1991-04-01,ngas_us,ngas_us,NA,1.33,0.28517894223366247,-0.00749067172915762,5.6110162954001295e-5,18.92727272727273
1991-05-01,ngas_us,ngas_us,NA,1.31,0.2700271372130602,-0.01515180502060222,2.2957719538234663e-4,17.180454545454545
1991-06-01,ngas_us,ngas_us,NA,1.2,0.1823215567939546,-0.08770558041910557,0.00769226883665219,17.575
1991-07-01,ngas_us,ngas_us,NA,1.19,0.17395330712343798,-0.00836824967051658,7.002760254810084e-5,17.669545454545453
1991-08-01,ngas_us,ngas_us,NA,1.31,0.2700271372130602,0.09607383008962224,0.0092301808280896,15.932727272727272
1991-09-01,ngas_us,ngas_us,NA,1.63,0.4885800148186709,0.21855287760561076,0.04776536030969307,17.029
1991-10-01,ngas_us,ngas_us,NA,1.77,0.5709795465857378,0.08239953176706696,0.00678968283543187,16.846363636363638
1991-11-01,ngas_us,ngas_us,NA,1.81,0.5933268452777344,0.02234729869199661,4.994017588293137e-4,17.6815
1991-12-01,ngas_us,ngas_us,NA,1.92,0.6523251860396901,0.05899834076195576,0.00348080421266385,18.018571428571427
1992-01-01,ngas_us,ngas_us,NA,1.28,0.2468600779315258,-0.4054651081081643,0.16440195389316534,17.499545454545455
1992-02-01,ngas_us,ngas_us,NA,1.21,0.1906203596086497,-0.05623971832287608,0.00316290591703644,17.050526315789472
1992-03-01,ngas_us,ngas_us,NA,1.28,0.2468600779315258,0.05623971832287611,0.00316290591703644,16.222727272727273
1992-04-01,ngas_us,ngas_us,NA,1.47,0.3852624007906449,0.13840232285911913,0.01915520297279985,16.18857142857143
1992-05-01,ngas_us,ngas_us,NA,1.59,0.4637340162321402,0.07847161544149531,0.00615779442999792,14.728
1992-06-01,ngas_us,ngas_us,NA,1.56,0.44468582126144574,-0.01904819497069447,3.6283373164159026e-4,14.75318181818182
1992-07-01,ngas_us,ngas_us,NA,1.75,0.5596157879354227,0.11492996667397702,0.01320889723968146,13.303636363636365
1992-08-01,ngas_us,ngas_us,NA,1.97,0.6780335427498971,0.1184177548144744,0.01402276465530097,14.422380952380951
1992-09-01,ngas_us,ngas_us,NA,2.33,0.8458682675776092,0.16783472482771214,0.02816849485799385,14.258571428571427
1992-10-01,ngas_us,ngas_us,NA,2.42,0.883767540168595,0.03789927259098573,0.00143635486292584,17.478636363636365
1992-11-01,ngas_us,ngas_us,NA,2.24,0.8064758658669485,-0.0772916743016464,0.00597400291635178,14.594
1992-12-01,ngas_us,ngas_us,NA,2.16,0.7701082216960737,-0.03636764417087483,0.00132260554253936,12.781363636363636
1993-01-01,ngas_us,ngas_us,NA,1.88,0.6312717768418578,-0.13883644485421595,0.01927555841975774,12.5745
1993-02-01,ngas_us,ngas_us,NA,1.69,0.5247285289349821,-0.10654324790687572,0.01135146367454598,13.505263157894737
1993-03-01,ngas_us,ngas_us,NA,2.18,0.7793248768009977,0.25459634786601565,0.06481930034671325,13.657391304347826
1993-04-01,ngas_us,ngas_us,NA,2.35,0.8544153281560676,0.07509045135506982,0.0056385758847081,13.49952380952381
1993-05-01,ngas_us,ngas_us,NA,2.17,0.7747271675523681,-0.07968816060369953,0.00635020294040101,13.535
1993-06-01,ngas_us,ngas_us,NA,1.97,0.6780335427498971,-0.09669362480247096,0.00934965707744103,13.002272727272729
1993-07-01,ngas_us,ngas_us,NA,2.06,0.7227059828014898,0.0446724400515926,0.00199562690016313,11.99952380952381
1993-08-01,ngas_us,ngas_us,NA,2.26,0.8153648132841944,0.09265883048270476,0.00858565886642261,11.952272727272728
1993-09-01,ngas_us,ngas_us,NA,2.27,0.8197798314933114,0.00441501820911691,1.949238578683393e-5,12.621428571428572
1993-10-01,ngas_us,ngas_us,NA,2.02,0.7030975114131134,-0.11668232008019788,0.01361476381929775,11.377142857142855
1993-11-01,ngas_us,ngas_us,NA,2.26,0.8153648132841944,0.112267301871081,0.01260394706941243,13.370952380952382
1993-12-01,ngas_us,ngas_us,NA,2.34,0.85015092936961,0.0347861160854156,0.00121007387230801,10.864545454545455
1994-01-01,ngas_us,ngas_us,NA,2.34,0.85015092936961,0,0,10.605238095238096
1994-02-01,ngas_us,ngas_us,NA,2.71,0.9969486348916096,0.14679770552199956,0.02154956634652369,12.885263157894736
1994-03-01,ngas_us,ngas_us,NA,2.21,0.7929925155296614,-0.20395611936194816,0.04159809862518524,14.240869565217391
1994-04-01,ngas_us,ngas_us,NA,2.04,0.712949807856125,-0.08004270767353637,0.00640683505171119,15.334736842105263
1994-05-01,ngas_us,ngas_us,NA,1.92,0.6523251860396901,-0.06062462181643485,0.00367534477038574,13.39
1994-06-01,ngas_us,ngas_us,NA,1.9,0.6418538861723947,-0.01047129986729536,1.0964812091081994e-4,12.94590909090909
1994-07-01,ngas_us,ngas_us,NA,1.96,0.6729444732424258,0.03109058707003118,9.6662460435919e-4,12.1635
1994-08-01,ngas_us,ngas_us,NA,1.66,0.5068176023684519,-0.16612687087397407,0.02759813722637805,11.39304347826087
1994-09-01,ngas_us,ngas_us,NA,1.49,0.3987761199573678,-0.10804148241108402,0.01167296192158457,12.612380952380953
1994-10-01,ngas_us,ngas_us,NA,1.51,0.412109650826833,0.01333353086946516,1.7778304544698056e-4,15.04952380952381
1994-11-01,ngas_us,ngas_us,NA,1.58,0.4574248470388755,0.04531519621204249,0.00205346700773591,16.249523809523808
1994-12-01,ngas_us,ngas_us,NA,1.72,0.5423242908253617,0.08489944378648627,0.00720791555525474,13.806666666666668
1995-01-01,ngas_us,ngas_us,NA,1.51,0.412109650826833,-0.1302146399985287,0.01695585246994643,11.711904761904762
1995-02-01,ngas_us,ngas_us,NA,1.58,0.4574248470388755,0.04531519621204249,0.00205346700773591,11.197368421052632
1995-03-01,ngas_us,ngas_us,NA,1.54,0.43178241642553783,-0.02564243061333767,6.575342477598369e-4,11.971304347826086
1995-04-01,ngas_us,ngas_us,NA,1.62,0.4824261492442928,0.05064373281875493,0.00256478767381743,12.51684210526316
1995-05-01,ngas_us,ngas_us,NA,1.64,0.494696241836107,0.01227009259181418,1.5055517221169328e-4,12.458636363636364
1995-06-01,ngas_us,ngas_us,NA,1.62,0.4824261492442928,-0.01227009259181424,1.5055517221169485e-4,13.17909090909091
1995-07-01,ngas_us,ngas_us,NA,1.44,0.3646431135879093,-0.11778303565638353,0.01387284348843291,14.0765
1995-08-01,ngas_us,ngas_us,NA,1.56,0.44468582126144574,0.08004270767353656,0.00640683505171122,13.348695652173912
1995-09-01,ngas_us,ngas_us,NA,1.64,0.494696241836107,0.0500104205746612,0.00250104216605449,12.237
1995-10-01,ngas_us,ngas_us,NA,1.77,0.5709795465857378,0.07628330474963078,0.00581914258352504,14.237727272727271
1995-11-01,ngas_us,ngas_us,NA,2.04,0.712949807856125,0.14197026127038728,0.02015555508518202,12.971904761904762
1995-12-01,ngas_us,ngas_us,NA,2.71,0.9969486348916096,0.28399882703548446,0.08065533375753102,12.288
1996-01-01,ngas_us,ngas_us,NA,2.93,1.075002423028976,0.07805378813736641,0.00609239384259288,14.150454545454544
1996-02-01,ngas_us,ngas_us,NA,4.4,1.4816045409242156,0.4066021178952397,0.16532528227689436,16.238
1996-03-01,ngas_us,ngas_us,NA,2.95,1.0818051703517284,-0.3997993705724871,0.15983953671015683,19.081904761904763
1996-04-01,ngas_us,ngas_us,NA,2.23,0.8020015854720274,-0.27980358487970114,0.07829004611153212,17.512857142857143
1996-05-01,ngas_us,ngas_us,NA,2.24,0.8064758658669485,0.0044742803949211,2.0019185052375376e-5,16.96681818181818
1996-06-01,ngas_us,ngas_us,NA,2.49,0.9122827104766164,0.1058068446096677,0.01119508836625436,17.6755
1996-07-01,ngas_us,ngas_us,NA,2.48,0.9082585601768908,-0.00402415029972549,1.6193785634780758e-5,19.341818181818184
1996-08-01,ngas_us,ngas_us,NA,2.03,0.7080357930536959,-0.20022276712319492,0.04008915647446914,16.478181818181817
1996-09-01,ngas_us,ngas_us,NA,1.84,0.6097655716208943,-0.0982702214328016,0.00965703642045185,17.2785
1996-10-01,ngas_us,ngas_us,NA,2.37,0.8628899551470398,0.25312438352614564,0.06407195353549126,17.401304347826088
1996-11-01,ngas_us,ngas_us,NA,3.03,1.1085626195212777,0.2456726643742379,0.06035505802073694,17.1635
1996-12-01,ngas_us,ngas_us,NA,3.82,1.3402504226184837,0.231687803097206,0.05367923810400969,20.118
1997-01-01,ngas_us,ngas_us,NA,3.31,1.1969481893889715,-0.14330223322951222,0.02053553004856551,21.031363636363636
1997-02-01,ngas_us,ngas_us,NA,2.22,0.7975071958841882,-0.39944099350478335,0.15955310729208838,21.647894736842105
1997-03-01,ngas_us,ngas_us,NA,1.89,0.636576829071551,-0.16093036681263723,0.02589858296244997,22.3035
1997-04-01,ngas_us,ngas_us,NA,2.031,0.7085282825982477,0.07195145352669678,0.0051770116646044,21.507727272727273
1997-05-01,ngas_us,ngas_us,NA,2.24,0.8064758658669485,0.09794758326870089,0.00959372906817909,21.927619047619046
1997-06-01,ngas_us,ngas_us,NA,2.2,0.7884573603642703,-0.01801850550267836,3.246665405500505e-4,22.743333333333332
1997-07-01,ngas_us,ngas_us,NA,2.19,0.7839015438284094,-0.0045558165358608,2.0755464308422717e-5,23.24772727272727
1997-08-01,ngas_us,ngas_us,NA,2.47,0.904218150639886,0.12031660681147656,0.01447608587462745,25.153809523809525
1997-09-01,ngas_us,ngas_us,NA,2.84,1.043804052173115,0.1395859015332286,0.01948422390684419,25.59285714285714
1997-10-01,ngas_us,ngas_us,NA,3.04,1.1118575154181305,0.06805346324501578,0.00463127385964071,25.615652173913045
1997-11-01,ngas_us,ngas_us,NA,3.02,1.1052568313867783,-0.00660068403135202,4.356902968174561e-5,31.545263157894738
1997-12-01,ngas_us,ngas_us,NA,2.33,0.8458682675776092,-0.259388563809169,0.06728242703498336,26.473181818181818
1998-01-01,ngas_us,ngas_us,NA,2.1,0.7419373447293773,-0.10393092284823188,0.01080163672408512,24.4275
1998-02-01,ngas_us,ngas_us,NA,2.22,0.7975071958841882,0.05556985115481078,0.00308800835736782,20.386315789473684
1998-03-01,ngas_us,ngas_us,NA,2.23,0.8020015854720274,0.00449438958783926,2.019953776727802e-5,20.543181818181814
1998-04-01,ngas_us,ngas_us,NA,2.42,0.883767540168595,0.08176595469656767,0.00668567134744115,22.53809523809524
1998-05-01,ngas_us,ngas_us,NA,2.14,0.7608058290337602,-0.12296171113483484,0.01511958240520657,21.4485
1998-06-01,ngas_us,ngas_us,NA,2.17,0.7747271675523681,0.01392133851860801,1.938036661496792e-4,21.996363636363636
1998-07-01,ngas_us,ngas_us,NA,2.17,0.7747271675523681,0,0,20.25181818181818
1998-08-01,ngas_us,ngas_us,NA,1.85,0.6151856390902335,-0.15954152846213462,0.02545349930403411,31.48857142857143
1998-09-01,ngas_us,ngas_us,NA,2.01,0.6981347220709843,0.08294908298075074,0.00688055036734747,39.247142857142855
1998-10-01,ngas_us,ngas_us,NA,1.89,0.636576829071551,-0.06155789299943332,0.00378937419052968,37.45409090909091
1998-11-01,ngas_us,ngas_us,NA,2.103,0.7433648967205628,0.10678806764901196,0.01140369139220995,25.038
1998-12-01,ngas_us,ngas_us,NA,1.74,0.5538851132264376,-0.18947978349412525,0.03590258835298057,25.47681818181818
1999-01-01,ngas_us,ngas_us,NA,1.86,0.62057648772511,0.06669137449867235,0.00444773943252216,28.616842105263157
1999-02-01,ngas_us,ngas_us,NA,1.77,0.5709795465857378,-0.04959694113937218,0.00245985657038234,29.93842105263158
1999-03-01,ngas_us,ngas_us,NA,1.79,0.5822156198526637,0.01123607326692597,1.2624934245972845e-4,26.475652173913044
1999-04-01,ngas_us,ngas_us,NA,2.15,0.7654678421395714,0.18325222228690785,0.03358137697309028,24.693809523809524
1999-05-01,ngas_us,ngas_us,NA,2.25,0.8109302162163288,0.04546237407675741,0.00206682745669502,27.3765
1999-06-01,ngas_us,ngas_us,NA,2.3,0.8329091229351039,0.02197890671877516,4.830723405526202e-4,24.123636363636365
1999-07-01,ngas_us,ngas_us,NA,2.31,0.8372475245337022,0.00433840159859836,1.8821728430720824e-5,21.486666666666668
1999-08-01,ngas_us,ngas_us,NA,2.79,1.0260415958332745,0.18879407129957215,0.03564320135786793,24.90909090909091
1999-09-01,ngas_us,ngas_us,NA,2.54,0.9321640810304452,-0.093877514802829,0.00881298778555537,25.58
1999-10-01,ngas_us,ngas_us,NA,2.72,1.000631880307906,0.06846779927746083,0.00468783953789866,25.37
1999-11-01,ngas_us,ngas_us,NA,2.36,0.8586616190375187,-0.14197026127038734,0.02015555508518204,22.22952380952381
1999-12-01,ngas_us,ngas_us,NA,2.36,0.8586616190375187,0,0,23.222272727272728
2000-01-01,ngas_us,ngas_us,NA,2.42,0.883767540168595,0.02510592113107626,6.303072758398216e-4,24.9385
2000-02-01,ngas_us,ngas_us,NA,2.65,0.9745596399981308,0.09079209982953584,0.0082432053914564,25.456
2000-03-01,ngas_us,ngas_us,NA,2.79,1.0260415958332745,0.05148195583514341,0.00265039177661165,24.810434782608695
2000-04-01,ngas_us,ngas_us,NA,3.03,1.1085626195212777,0.08252102368800344,0.00680971935051602,29.833157894736843
2000-05-01,ngas_us,ngas_us,NA,3.58,1.275362800412609,0.16680018089133122,0.02782230034538082,29.42909090909091
2000-06-01,ngas_us,ngas_us,NA,4.28,1.4539530095937054,0.17859020918109644,0.03189446281534779,24.31772727272727
2000-07-01,ngas_us,ngas_us,NA,3.96,1.3762440252663892,-0.07770898432731625,0.00603868624518308,22.66
2000-08-01,ngas_us,ngas_us,NA,4.41,1.483874689458755,0.10763066419236555,0.01158435987448976,20.484347826086957
2000-09-01,ngas_us,ngas_us,NA,5.06,1.6213664832993742,0.13749179384061938,0.01890399337351138,22.3365
2000-10-01,ngas_us,ngas_us,NA,5.02,1.6134299337036375,-0.0079365495957363,6.298881948558208e-5,28.21409090909091
2000-11-01,ngas_us,ngas_us,NA,5.55,1.713797927758343,0.10036799405470544,0.01007373423056538,29.21190476190476
2000-12-01,ngas_us,ngas_us,NA,8.95,2.191653532286764,0.4778556045284209,0.22834597877922255,30.1045
2001-01-01,ngas_us,ngas_us,NA,8.17,2.1004689088719113,-0.09118462341485238,0.00831463554730844,27.83
2001-02-01,ngas_us,ngas_us,NA,5.63,1.728109442151599,-0.3723594667203125,0.13865157245623547,26.159473684210525
2001-03-01,ngas_us,ngas_us,NA,5.16,1.6409365794934714,-0.08717286265812764,0.00759910798401278,32.42318181818182
2001-04-01,ngas_us,ngas_us,NA,5.17,1.6428726885203375,0.0019361090268664,3.748518163913561e-6,32.245
2001-05-01,ngas_us,ngas_us,NA,4.21,1.43746264769429,-0.20541004082604775,0.0421932848721586,26.095
2001-06-01,ngas_us,ngas_us,NA,3.71,1.3110318766193438,-0.1264307710749462,0.01598473987460545,23.30047619047619
2001-07-01,ngas_us,ngas_us,NA,3.1,1.1314021114911006,-0.1796297651282432,0.03226685252002781,24.85904761904762
2001-08-01,ngas_us,ngas_us,NA,2.95,1.0818051703517284,-0.04959694113937206,0.00245985657038233,24.260434782608694
2001-09-01,ngas_us,ngas_us,NA,2.15,0.7654678421395714,-0.3163373282121571,0.100069305220406,38.55133333333333
2001-10-01,ngas_us,ngas_us,NA,2.45,0.8960880245566357,0.13062018241706422,0.01706163205466713,34.44695652173913
2001-11-01,ngas_us,ngas_us,NA,2.36,0.8586616190375187,-0.03742640551911703,0.00140073583008139,28.25428571428571
2001-12-01,ngas_us,ngas_us,NA,2.41,0.8796267475025636,0.02096512846504509,4.3953661155584386e-4,24.5395
2002-01-01,ngas_us,ngas_us,NA,2.25,0.8109302162163288,-0.06869653128623497,0.00471921341076066,23.615238095238094
2002-02-01,ngas_us,ngas_us,NA,2.31,0.8372475245337022,0.02631730831737335,6.92600717071689e-4,24.66842105263158
2002-03-01,ngas_us,ngas_us,NA,3.03,1.1085626195212777,0.2713150949875755,0.07361188076811712,21.014
2002-04-01,ngas_us,ngas_us,NA,3.42,1.229640551074514,0.12107793155323612,0.01465986550921012,21.814545454545453
2002-05-01,ngas_us,ngas_us,NA,3.49,1.249901736214336,0.02026118513982214,4.105156232701497e-4,22.63
2002-06-01,ngas_us,ngas_us,NA,3.22,1.169381359556317,-0.08052037665801881,0.00648353105714922,28.599
2002-07-01,ngas_us,ngas_us,NA,2.98,1.091923300517313,-0.0774580590390039,0.00599975091008981,38.49727272727273
2002-08-01,ngas_us,ngas_us,NA,3.09,1.128171090909654,0.0362477903923409,0.00131390230832708,37.25272727272727
2002-09-01,ngas_us,ngas_us,NA,3.57,1.2725655957915476,0.14439450488189357,0.02084977304008718,41.656
2002-10-01,ngas_us,ngas_us,NA,4.12,1.415853163361435,0.14328756756988742,0.02053132702009505,41.39739130434783
2002-11-01,ngas_us,ngas_us,NA,4.04,1.396244691973059,-0.01960847138837631,3.844921501887725e-4,32.005
2002-12-01,ngas_us,ngas_us,NA,4.74,1.556037135706985,0.15979244373392637,0.02553362507446002,31.830952380952382
2003-01-01,ngas_us,ngas_us,NA,5.405869,1.687485215226205,0.13144807951921966,0.01727859760929109,30.66857142857143
2003-02-01,ngas_us,ngas_us,NA,7.773684,2.0507441832889706,0.3632589680627656,0.13195707787802538,36.54052631578948
2003-03-01,ngas_us,ngas_us,NA,5.946857,1.7828628446980066,-0.26788133859096386,0.07176041156528662,35.194761904761904
2003-04-01,ngas_us,ngas_us,NA,5.289318,1.6656893150637146,-0.117173529634292,0.0137296360469583,27.14238095238095
2003-05-01,ngas_us,ngas_us,NA,5.838044,1.764395809231202,0.09870649416748745,0.00974297199083623,22.548571428571428
2003-06-01,ngas_us,ngas_us,NA,5.771905,1.7530021820097188,-0.01139362722148319,1.2981474126212277e-4,22.34904761904762
2003-07-01,ngas_us,ngas_us,NA,5.005,1.610437412767184,-0.1425647692425348,0.0203247134291772,21.206818181818186
2003-08-01,ngas_us,ngas_us,NA,4.970714,1.6035634917619754,-0.00687392100520834,4.7250789985844505e-5,20.829047619047618
2003-09-01,ngas_us,ngas_us,NA,4.612727,1.5288192222478127,-0.07474426951416276,0.0055867058252058,20.682380952380953
2003-10-01,ngas_us,ngas_us,NA,4.635652,1.5337768579490512,0.00495763570123841,2.45781517461937e-5,19.184347826086956
2003-11-01,ngas_us,ngas_us,NA,4.5275,1.5101699107754314,-0.0236069471736199,5.572879548580806e-4,17.838947368421053
2003-12-01,ngas_us,ngas_us,NA,6.126522,1.8126272153582332,0.3024573045828019,0.0914804210954938,16.375454545454545
2004-01-01,ngas_us,ngas_us,NA,6.09477272727,1.807431473849162,-0.00519574150907098,2.6995729829083217e-5,15.834
2004-02-01,ngas_us,ngas_us,NA,5.3795,1.682595433051827,-0.12483604079733544,0.015584037081954,15.924736842105265
2004-03-01,ngas_us,ngas_us,NA,5.39686956522,1.6858190753288904,0.00322364227706366,1.0391869530472184e-5,17.73304347826087
2004-04-01,ngas_us,ngas_us,NA,5.71652173913,1.743360532866793,0.05754145753790247,0.00331101933558623,15.788095238095238
2004-05-01,ngas_us,ngas_us,NA,6.33595238095,1.8462401388509908,0.10287960598419783,0.01058421332746379,18.076
2004-06-01,ngas_us,ngas_us,NA,6.27159090909,1.8360300559671043,-0.0102100828838866,1.0424579249583429e-4,15.045238095238096
2004-07-01,ngas_us,ngas_us,NA,5.92863636364,1.7797942310244892,-0.05623582494261501,0.00316246800697644,15.668571428571427
2004-08-01,ngas_us,ngas_us,NA,5.39568181818,1.6855989703689784,-0.09419526065551082,0.00887274712995962,16.592727272727274
2004-09-01,ngas_us,ngas_us,NA,5.13886363636,1.6368319726045195,-0.04876699776445896,0.00237822007095874,13.880476190476193
2004-10-01,ngas_us,ngas_us,NA,6.41166666667,1.8581192475366688,0.2212872749321493,0.04896805804689663,15.184761904761904
2004-11-01,ngas_us,ngas_us,NA,6.08704545455,1.8061628169637811,-0.05195643057288767,0.00269947067787529,14.05
2004-12-01,ngas_us,ngas_us,NA,6.58130434783,1.884232954845919,0.0780701378821376,0.00609494642893597,13.014090909090909
2005-01-01,ngas_us,ngas_us,NA,6.15452380952,1.8171873901966875,-0.06704556464923098,0.00449510773913421,13.512
2005-02-01,ngas_us,ngas_us,NA,6.14475,1.8155980587078968,-0.00158933148879084,2.5259745812621377e-6,11.562631578947368
2005-03-01,ngas_us,ngas_us,NA,6.96804347826,1.9413344792350975,0.1257364205272008,0.01580964744699308,12.880454545454546
2005-04-01,ngas_us,ngas_us,NA,7.15261904762,1.967478590000749,0.02614411076565136,6.835145277266475e-4,14.057142857142855
2005-05-01,ngas_us,ngas_us,NA,6.46931818182,1.867070721479111,-0.1004078685216382,0.01008174006105858,13.17904761904762
2005-06-01,ngas_us,ngas_us,NA,7.18613636364,1.972153664804071,0.1050829433249602,0.01104242497783679,11.241818181818182
2005-07-01,ngas_us,ngas_us,NA,7.62619047619,2.031588438331682,0.05943477352761065,0.00353249230427836,10.489
2005-08-01,ngas_us,ngas_us,NA,9.6297826087,2.2648606511730898,0.23327221284140803,0.05441592528392717,11.985217391304348
2005-09-01,ngas_us,ngas_us,NA,12.87568181818,2.5553404018994854,0.2904797507263954,0.08437848558206883,11.959047619047618
2005-10-01,ngas_us,ngas_us,NA,13.52261904762,2.6043637683941325,0.04902336649464745,0.00240329046246852,14.582380952380952
2005-11-01,ngas_us,ngas_us,NA,10.43090909091,2.3447734263754416,-0.25959034201869113,0.06738714566938105,11.606190476190475
2005-12-01,ngas_us,ngas_us,NA,12.8275,2.551591303833983,0.20681787745854133,0.04277363443645621,10.923809523809524
2006-01-01,ngas_us,ngas_us,NA,8.66090909091,2.158819692920422,-0.3927716109135604,0.15426953833963328,11.7115
2006-02-01,ngas_us,ngas_us,NA,7.48785714286,2.013282660849604,-0.14553703207081817,0.02118102770398235,11.867368421052632
2006-03-01,ngas_us,ngas_us,NA,6.89891304348,1.9313638692636363,-0.08191879158596806,0.00671068841490527,11.19086956521739
2006-04-01,ngas_us,ngas_us,NA,7.094,1.9592493563514304,0.02788548708779396,7.776003901235237e-4,11.163684210526316
2006-05-01,ngas_us,ngas_us,NA,6.19804347826,1.8242336742263991,-0.13501568212503098,0.01822923441968741,13.488181818181818
2006-06-01,ngas_us,ngas_us,NA,6.19318181818,1.823448980184744,-7.846940416551361e-4,6.157447390090724e-7,15.891363636363636
2006-07-01,ngas_us,ngas_us,NA,6.25,1.8325814637483104,0.00913248356356598,8.340225603880292e-5,14.522
2006-08-01,ngas_us,ngas_us,NA,6.995,1.9451956081174444,0.11261414436913436,0.01268194551199223,12.560434782608697
2006-09-01,ngas_us,ngas_us,NA,4.86238095238,1.5815282258438277,-0.3636673822736168,0.13225396492974492,11.397
2006-10-01,ngas_us,ngas_us,NA,5.9625,1.7854898562144597,0.203961630370632,0.04160034666344631,10.808636363636364
2006-11-01,ngas_us,ngas_us,NA,7.45363636364,2.008702015810204,0.22321215959574411,0.04982366819139594,10.484285714285717
2006-12-01,ngas_us,ngas_us,NA,6.5780952381,1.883745225938128,-0.12495678987207588,0.01561419933513412,10.499
2007-01-01,ngas_us,ngas_us,NA,6.58434782609,1.88469529097238,9.500650342522328e-4,9.026235693086964e-7,10.627
2007-02-01,ngas_us,ngas_us,NA,7.9725,2.0759981199020756,0.1913028289296956,0.03659677235650438,10.920526315789472
2007-03-01,ngas_us,ngas_us,NA,7.12318181818,1.9633545101765535,-0.11264360972552206,0.01268858281199573,14.921363636363637
2007-04-01,ngas_us,ngas_us,NA,7.58738095238,2.0264864662961357,0.06313195611958228,0.00398564388348486,12.246
2007-05-01,ngas_us,ngas_us,NA,7.61347826087,2.0299201319547167,0.00343366565858093,1.1790059854918042e-5,12.965
2007-06-01,ngas_us,ngas_us,NA,7.3041428571399996,1.9884417018555047,-0.04147843009921206,0.00172046016349522,14.881904761904762
2007-07-01,ngas_us,ngas_us,NA,6.22090909091,1.827916052166182,-0.1605256496893227,0.02576848420817915,17.247619047619047
2007-08-01,ngas_us,ngas_us,NA,6.19543478261,1.8238126954448792,-0.00410335672130271,1.6837536382260126e-5,25.12
2007-09-01,ngas_us,ngas_us,NA,6.0965,1.8077148360181825,-0.01609785942669695,2.5914107812169613e-4,22.182105263157897
2007-10-01,ngas_us,ngas_us,NA,6.79804347826,1.9166348469963372,0.1089200109781548,0.01186356879148136,18.859565217391303
2007-11-01,ngas_us,ngas_us,NA,7.13772727273,1.9653944165389288,0.0487595695425916,0.00237749562197882,26.65714285714286
2007-12-01,ngas_us,ngas_us,NA,7.14976190476,1.9670790561178917,0.00168463957896275,2.8380105110077947e-6,23.0965
2008-01-01,ngas_us,ngas_us,NA,8,2.0794415416798357,0.11236248556194456,0.0126253281616582,27.98952380952381
2008-02-01,ngas_us,ngas_us,NA,8.55,2.145931282948669,0.066489741268833,0.00442088569399635,27.1565
2008-03-01,ngas_us,ngas_us,NA,9.40142857143,2.2408616534128663,0.09493037046419742,0.00901177523646976,29.009
2008-04-01,ngas_us,ngas_us,NA,10.13227272727,2.3157256491942557,0.07486399578138964,0.00560461786435592,22.526818181818182
2008-05-01,ngas_us,ngas_us,NA,11.23045454545,2.4186292439285495,0.10290359473429345,0.0105891498092397,18.61
2008-06-01,ngas_us,ngas_us,NA,12.67619047619,2.5397254682375507,0.12109622430900138,0.01466429554189597,23.19142857142857
2008-07-01,ngas_us,ngas_us,NA,11.1487826087,2.4113303088689886,-0.1283951593685621,0.01648531694927846,25.66227272727273
2008-08-01,ngas_us,ngas_us,NA,8.25,2.1102132003465894,-0.301117108522399,0.0906715130448902,22.25952380952381
2008-09-01,ngas_us,ngas_us,NA,7.6945,2.040505787921769,-0.06970741242482029,0.00485912334696399,33.21142857142857
2008-10-01,ngas_us,ngas_us,NA,6.7335,1.9070950679079597,-0.1334107200138098,0.01779842021460315,65.44652173913043
2008-11-01,ngas_us,ngas_us,NA,6.6745,1.89829429511365,-0.00880077279430941,7.745360177705673e-5,65.42684210526316
2008-12-01,ngas_us,ngas_us,NA,5.7948,1.7569609636853596,-0.14133333142829055,0.01997511057261902,55.07545454545455
2009-01-01,ngas_us,ngas_us,NA,5.2414,1.6565886382204325,-0.100372325464927,0.01007460371923723,44.2915
2009-02-01,ngas_us,ngas_us,NA,4.519,1.5082907304291426,-0.1482979077912898,0.02199226945527389,45.38947368421053
2009-03-01,ngas_us,ngas_us,NA,3.9502,1.3737662105426205,-0.13452451988652228,0.01809684645069933,46.09045454545455
2009-04-01,ngas_us,ngas_us,NA,3.4998,1.2527058240055098,-0.12106038653711045,0.01465561718851458,38.89857142857143
2009-05-01,ngas_us,ngas_us,NA,3.81,1.3376291891386096,0.08492336513309973,0.00721197794552977,32.11
2009-06-01,ngas_us,ngas_us,NA,3.8043,1.3361320059268265,-0.00149718321178306,2.2415575696450685e-6,27.935454545454547
2009-07-01,ngas_us,ngas_us,NA,3.3902,1.220888916702249,-0.11524308922457768,0.01328096961402396,25.924545454545456
2009-08-01,ngas_us,ngas_us,NA,3.1479,1.146735563849838,-0.07415335285241098,0.00549871973925416,24.306190476190476
2009-09-01,ngas_us,ngas_us,NA,2.9616,1.085729662837096,-0.061005901012742,0.00372171995837647,23.85761904761905
2009-10-01,ngas_us,ngas_us,NA,4.0232,1.392077605875618,0.30634794303852203,0.09384906220393352,23.250454545454545
2009-11-01,ngas_us,ngas_us,NA,3.6907,1.3058161419583252,-0.08626146391729275,0.00744104015715439,22.546
2009-12-01,ngas_us,ngas_us,NA,5.3652,1.679933654045798,0.374117512087473,0.1399639128505205,19.845454545454544
2010-01-01,ngas_us,ngas_us,NA,5.8069,1.759046865645804,0.07911321160000584,0.00625890024966729,19.527368421052632
2010-02-01,ngas_us,ngas_us,NA,5.3357,1.6744200851437574,-0.08462678050204656,0.00716169197814156,21.771052631578947
2010-03-01,ngas_us,ngas_us,NA,4.2924,1.4568460170708353,-0.21757406807292215,0.04733847509780057,16.925217391304347
2010-04-01,ngas_us,ngas_us,NA,4.0059,1.3877682743758908,-0.06907774269494443,0.00477173453582894,16.136666666666667
2010-05-01,ngas_us,ngas_us,NA,4.156,1.4245530732369809,0.03678479886109007,0.00135312142725085,30.0335
2010-06-01,ngas_us,ngas_us,NA,4.7948,1.5675319973508075,0.14297892411382687,0.02044297274074746,28.94090909090909
2010-07-01,ngas_us,ngas_us,NA,4.6266,1.5318222570848328,-0.03570974026597492,0.00127518554986339,25.016666666666666
2010-08-01,ngas_us,ngas_us,NA,4.305,1.459777137879694,-0.07204511920513883,0.00519049920128266,24.15590909090909
2010-09-01,ngas_us,ngas_us,NA,3.9039,1.3619760534686842,-0.0978010844110097,0.00956505211196944,21.322380952380954
2010-10-01,ngas_us,ngas_us,NA,3.4315,1.2329974833665525,-0.12897857010213193,0.01663547154559056,19.86095238095238
2010-11-01,ngas_us,ngas_us,NA,3.72725,1.3156706963263716,0.0826732129598191,0.0068348601410996,19.395238095238096
2010-12-01,ngas_us,ngas_us,NA,4.2370952381,1.443877949111887,0.12820725278551542,0.01643709966680905,16.58681818181818
2011-01-01,ngas_us,ngas_us,NA,4.4934,1.5026096535012394,0.05873170438935234,0.00344941310047826,15.723
2011-02-01,ngas_us,ngas_us,NA,4.0749,1.4048462065144178,-0.09776344698682164,0.00955769156674508,15.72
2011-03-01,ngas_us,ngas_us,NA,3.9713,1.379093497016506,-0.0257527094979117,6.632020464838319e-4,19.893478260869564
2011-04-01,ngas_us,ngas_us,NA,4.2424,1.4451291468407832,0.06603564982427712,0.00436070704771455,15.208
2011-05-01,ngas_us,ngas_us,NA,4.30895454545,1.4606953098312534,0.01556616299047039,2.4230543024589027e-4,16.293809523809525
2011-06-01,ngas_us,ngas_us,NA,4.549,1.5149074285878672,0.05421211875661361,0.00293895382008117,18.918636363636363
2011-07-01,ngas_us,ngas_us,NA,4.4131,1.4845773903524455,-0.03033003823542165,9.199112193621396e-4,18.7405
2011-08-01,ngas_us,ngas_us,NA,4.0539,1.399679380730013,-0.08489800962243257,0.00720767203785065,35.068695652173915
2011-09-01,ngas_us,ngas_us,NA,3.9013,1.3613098309257212,-0.03836954980429181,0.00147222235218403,36.64380952380952
2011-10-01,ngas_us,ngas_us,NA,3.568,1.272005214717763,-0.08930461620795813,0.00797531447605069,32.00857142857143
2011-11-01,ngas_us,ngas_us,NA,3.24245,1.1763292168891066,-0.09567599782865628,0.00915389656050903,31.412380952380953
2011-12-01,ngas_us,ngas_us,NA,3.16423809524,1.1519122984142431,-0.0244169184748635,5.961859078081306e-4,25.03952380952381
2012-01-01,ngas_us,ngas_us,NA,2.6797,0.985704847958475,-0.1662074504557682,0.02762491658700664,18.9415
2012-02-01,ngas_us,ngas_us,NA,2.5192,0.923941390804678,-0.06176345715379711,0.00381472463958893,16.691
2012-03-01,ngas_us,ngas_us,NA,2.1661,0.7729283155647955,-0.1510130752398824,0.02280494889340638,14.962727272727273
2012-04-01,ngas_us,ngas_us,NA,1.9467,0.6661356313130955,-0.10679268425169997,0.01140467740968328,17.177
2012-05-01,ngas_us,ngas_us,NA,2.4374,0.8909318974072649,0.22479626609416944,0.05053336124988062,20.547272727272727
2012-06-01,ngas_us,ngas_us,NA,2.4552,0.8982082243233894,0.00727632691612464,5.294493339031993e-5,20.750476190476192
2012-07-01,ngas_us,ngas_us,NA,2.9455,1.080278581979605,0.18207035765621568,0.0331496151370623,16.954761904761906
2012-08-01,ngas_us,ngas_us,NA,2.8383,1.043205281396371,-0.03707330058323388,0.0013744296161348,14.969130434782608
2012-09-01,ngas_us,ngas_us,NA,2.8415,1.044332081755039,0.00112680035866788,1.2696790482940673e-6,14.31421052631579
2012-10-01,ngas_us,ngas_us,NA,3.3174,1.199181343589805,0.1548492618347661,0.02397829389077195,15.469047619047618
2012-11-01,ngas_us,ngas_us,NA,3.538,1.2635615957375934,0.06438025214778816,0.00414481686661278,17.155714285714286
2012-12-01,ngas_us,ngas_us,NA,3.3395,1.2058210951835535,-0.05774050055403978,0.00333396540423106,17.351
2013-01-01,ngas_us,ngas_us,NA,3.328,1.2023715229589622,-0.00344957222459153,1.1899548532673387e-5,13.121904761904762
2013-02-01,ngas_us,ngas_us,NA,3.3292,1.202732034889803,3.6051193084094154e-4,1.2996885227866384e-7,13.512105263157894
2013-03-01,ngas_us,ngas_us,NA,3.8069,1.3368152096532122,0.13408317476340914,0.01797829775463491,12.3915
2013-04-01,ngas_us,ngas_us,NA,4.1669,1.4271723540722043,0.09035714441899204,0.00816441354755458,13.251363636363635
2013-05-01,ngas_us,ngas_us,NA,4.0403,1.396318946641855,-0.03085340743034911,9.519327500631216e-4,12.914090909090907
2013-06-01,ngas_us,ngas_us,NA,3.8254,1.3416630369742966,-0.05465590966755847,0.00298726846158831,17.156
2013-07-01,ngas_us,ngas_us,NA,3.6227,1.2872196041786506,-0.05444343279564621,0.00296408737457404,13.626818181818182
2013-08-01,ngas_us,ngas_us,NA,3.4251,1.231130668368254,-0.0560889358103964,0.00314596872034276,13.863636363636363
2013-09-01,ngas_us,ngas_us,NA,3.6154,1.285202499558617,0.05407183119036284,0.00292376292827909,14.2915
2013-10-01,ngas_us,ngas_us,NA,3.6739,1.301253768131818,0.01605126857320112,2.5764322280903413e-4,14.32304347826087
2013-11-01,ngas_us,ngas_us,NA,3.6174,1.2857555357412778,-0.01549823239054042,2.4019520723119633e-4,11.9565
2013-12-01,ngas_us,ngas_us,NA,4.2366,1.4437610607682192,0.15800552502694123,0.02496574593903935,12.995238095238095
2014-01-01,ngas_us,ngas_us,NA,4.7008,1.5477327069974212,0.10397164622920194,0.01081010321961032,13.057142857142855
2014-02-01,ngas_us,ngas_us,NA,5.9733,1.7872995385059616,0.23956683150854052,0.05739226675904144,14.179473684210526
2014-03-01,ngas_us,ngas_us,NA,4.8783,1.5847967985176494,-0.2025027399883122,0.04100735970277398,13.592380952380951
2014-04-01,ngas_us,ngas_us,NA,4.6339,1.5333988461485104,-0.051397952369139,0.00264174950774028,13.485238095238095
2014-05-01,ngas_us,ngas_us,NA,4.5625,1.5178707189086098,-0.01552812723990055,2.4112273557854152e-4,11.76142857142857
2014-06-01,ngas_us,ngas_us,NA,4.5692,1.5193381348776551,0.00146741596904513,2.153309626208665e-6,10.298571428571428
2014-07-01,ngas_us,ngas_us,NA,4.0099,1.388766303351669,-0.13057183152598614,0.01704900318805051,10.638636363636364
2014-08-01,ngas_us,ngas_us,NA,3.884,1.3568655504290783,-0.03190075292259056,0.00101765803702817,12.414761904761905
2014-09-01,ngas_us,ngas_us,NA,3.917,1.3653260546836945,0.00846050425461573,7.158013224237101e-5,11.91190476190476
2014-10-01,ngas_us,ngas_us,NA,3.7719,1.3275788532851085,-0.03774720139858603,0.00142485121342541,16.911304347826086
2014-11-01,ngas_us,ngas_us,NA,4.1003,1.411060141765122,0.08348128848001388,0.00696912552628329,12.243684210526316
2014-12-01,ngas_us,ngas_us,NA,3.4328,1.233376254695178,-0.17768388706994415,0.03157156372428466,14.90681818181818
2015-01-01,ngas_us,ngas_us,NA,2.9743,1.090008717193942,-0.14336753750123576,0.02055425080916824,17.9875
2015-02-01,ngas_us,ngas_us,NA,2.8478,1.0465467663647572,-0.04346195082918503,0.00188894116987849,15.321052631578947
2015-03-01,ngas_us,ngas_us,NA,2.8006,1.0298336799395398,-0.01671308642521743,2.793272578567871e-4,15.016818181818184
2015-04-01,ngas_us,ngas_us,NA,2.5797,0.9476731131028234,-0.08216056683671633,0.00675035874293053,13.758571428571427
2015-05-01,ngas_us,ngas_us,NA,2.8383,1.043205281396371,0.0955321682935478,0.00912639517886674,13.6325
2015-06-01,ngas_us,ngas_us,NA,2.7692,1.0185584698217334,-0.02464681157463783,6.074653207957014e-4,14.83090909090909
2015-07-01,ngas_us,ngas_us,NA,2.83,1.0402767116551463,0.02171824183341301,4.71682028334611e-4,14.55090909090909
2015-08-01,ngas_us,ngas_us,NA,2.763,1.0163170459412794,-0.02395966571386678,5.740655811202436e-4,19.58809523809524
2015-09-01,ngas_us,ngas_us,NA,2.6461,0.9730868578735664,-0.04323018806771318,0.00186884916036985,24.604285714285716
2015-10-01,ngas_us,ngas_us,NA,2.3152,0.8394960768950823,-0.13359078097848393,0.01784649676244126,16.977272727272727
2015-11-01,ngas_us,ngas_us,NA,2.0775,0.7311652477474663,-0.10833082914761603,0.01173556854380997,16.008
2015-12-01,ngas_us,ngas_us,NA,1.9228,0.6537824570376686,-0.07738279070979766,0.00598809629803634,18.304545454545455
2016-01-01,ngas_us,ngas_us,NA,2.2744,0.8217162813546529,0.16793382431698434,0.02820176934972776,24.33105263157895
2016-02-01,ngas_us,ngas_us,NA,1.9572,0.6715148804328315,-0.15020140092182155,0.02256046083887777,24.109
2016-03-01,ngas_us,ngas_us,NA,1.7017,0.531627751395254,-0.1398871290375775,0.01956840887037585,16.398636363636363
2016-04-01,ngas_us,ngas_us,NA,1.9047,0.6443245158623769,0.11269676446712304,0.0127005607213582,14.347142857142858
2016-05-01,ngas_us,ngas_us,NA,1.922,0.6533663105481007,0.00904179468572383,8.175405113878376e-5,14.791904761904762
2016-06-01,ngas_us,ngas_us,NA,2.5666,0.9425820658282236,0.28921575528012305,0.08364575310225203,16.635
2016-07-01,ngas_us,ngas_us,NA,2.7879,1.0252886242492665,0.08270655842104252,0.00684037480585332,12.3075
2016-08-01,ngas_us,ngas_us,NA,2.7913,1.026507437133154,0.00121881288388768,1.485504845930627e-6,11.22391304347826
2016-09-01,ngas_us,ngas_us,NA,2.9689,1.0881915138401923,0.06168407670703853,0.00380492531919981,13.593333333333334
2016-10-01,ngas_us,ngas_us,NA,2.9492,1.0815339471333585,-0.00665756670683408,4.432319445594564e-5,14.816190476190476
2016-11-01,ngas_us,ngas_us,NA,2.5009,0.9166506670897028,-0.16488328004365543,0.0271864960379545,15.33952380952381
2016-12-01,ngas_us,ngas_us,NA,3.5818,1.275865467350502,0.359214800260799,0.12903527272640572,11.956190476190477
2017-01-01,ngas_us,ngas_us,NA,3.2608,1.1819725640462686,-0.09389290330423326,0.00881587729089809,10.7905
2017-02-01,ngas_us,ngas_us,NA,2.8233,1.0379064135507148,-0.14406615049555382,0.02075505571860756,10.510526315789471
2017-03-01,ngas_us,ngas_us,NA,2.8875,1.060391075847912,0.02248466229719705,5.055600386189947e-4,10.640869565217391
2017-04-01,ngas_us,ngas_us,NA,3.082,1.125578736897924,0.06518766105001202,0.00424943115317125,11.57315789473684
2017-05-01,ngas_us,ngas_us,NA,3.1248,1.1393702811402775,0.01379154424235356,1.9020669258879572e-4,9.971363636363636
2017-06-01,ngas_us,ngas_us,NA,2.941,1.078749659571858,-0.06062062156841946,0.00367485975934152,9.42318181818182
2017-07-01,ngas_us,ngas_us,NA,2.9614,1.0856621294924813,0.00691246992062336,4.778224040352273e-5,8.8765
2017-08-01,ngas_us,ngas_us,NA,2.8757,1.056296122874162,-0.02936600661831934,8.623623447071753e-4,10.177391304347823
2017-09-01,ngas_us,ngas_us,NA,2.963,1.0862022685914283,0.02990614571726622,8.943775516623609e-4,8.6015
2017-10-01,ngas_us,ngas_us,NA,2.8638,1.0521494142577688,-0.0340528543336594,0.00115959688826942,8.02
2017-11-01,ngas_us,ngas_us,NA,2.9913,1.0957080755207198,0.04355866126295097,0.0018973569710205,9.127142857142855
2017-12-01,ngas_us,ngas_us,NA,2.7583,1.0146145479298527,-0.08109352759086709,0.00657616021713072,8.8275
2018-01-01,ngas_us,ngas_us,NA,3.8556,1.349526636927676,0.3349120889978234,0.11216610735688597,10.367619047619048
2018-02-01,ngas_us,ngas_us,NA,2.6708,0.9823780530015768,-0.36714858392609945,0.13479808267894008,20.133157894736843
2018-03-01,ngas_us,ngas_us,NA,2.6989,0.9928442825899308,0.01046622958835403,1.0954196179613746e-4,18.04904761904762
2018-04-01,ngas_us,ngas_us,NA,2.7791,1.0221271342799187,0.02928285168998786,8.574854030978251e-4,18.777142857142856
2018-05-01,ngas_us,ngas_us,NA,2.7972,1.0286189168475748,0.00649178256765616,4.214324090572448e-5,13.694545454545455
2018-06-01,ngas_us,ngas_us,NA,2.9523,1.0825845275909125,0.05396561074333779,0.00291228714290145,12.694761904761904
2018-07-01,ngas_us,ngas_us,NA,2.8251,1.0385437622019902,-0.04404076538892235,0.0019395890160421,11.917619047619048
2018-08-01,ngas_us,ngas_us,NA,2.9572,1.084242874700808,0.0456991124988178,0.0020884088831796,10.972608695652172
2018-09-01,ngas_us,ngas_us,NA,2.9847,1.0934992392812868,0.00925636458047875,8.56802852467416e-5,11.564736842105264
2018-10-01,ngas_us,ngas_us,NA,3.284,1.1890621915901818,0.09556295230889496,0.00913227785399213,19.855217391304347
2018-11-01,ngas_us,ngas_us,NA,4.1293,1.4181079010822055,0.2290457094920241,0.0524619370367047,20.95047619047619
2018-12-01,ngas_us,ngas_us,NA,3.9825,1.3819097628020665,-0.0361981382801393,0.00131030521494808,27.11578947368421
2019-01-01,ngas_us,ngas_us,NA,3.0795,1.124767246144961,-0.25714251665710564,0.06612227387274985,20.525238095238095
2019-02-01,ngas_us,ngas_us,NA,2.7171,0.9995651350668754,-0.12520211107808552,0.01567556861840926,15.287368421052632
2019-03-01,ngas_us,ngas_us,NA,2.935,1.0767074532800598,0.0771423182131844,0.0059509372593042,14.717619047619047
2019-04-01,ngas_us,ngas_us,NA,2.646,0.973049065692764,-0.10365838758729584,0.01074506131719805,12.57
2019-05-01,ngas_us,ngas_us,NA,2.6279,0.9661850481479972,-0.00686401754476662,4.7114736854864095e-5,17.937272727272727
2019-06-01,ngas_us,ngas_us,NA,2.3965,0.8740093396175489,-0.09217570853044832,0.00849636124309016,16.889
2019-07-01,ngas_us,ngas_us,NA,2.36,0.8586616190375187,-0.01534772058003034,2.3555252700268705e-4,13.022272727272728
2019-08-01,ngas_us,ngas_us,NA,2.2243,0.7994422593775474,-0.05921935965997121,0.00350693255853702,20.66590909090909
2019-09-01,ngas_us,ngas_us,NA,2.58,0.947789398933526,0.1483471395559787,0.02200687381444101,16.092
2019-10-01,ngas_us,ngas_us,NA,2.3313,0.8464260519011693,-0.10136334703235682,0.01027452812160199,16.411739130434782
2019-11-01,ngas_us,ngas_us,NA,2.6505,0.9747483014457238,0.12832224954455454,0.01646659972817493,12.7645
2019-12-01,ngas_us,ngas_us,NA,2.2425,0.8075913149508142,-0.16715698649490962,0.02794145813405939,13.598571428571429
2020-01-01,ngas_us,ngas_us,NA,2.0305,0.7082820681442155,-0.09930924680659876,0.00986232650129394,14.055714285714286
2020-02-01,ngas_us,ngas_us,NA,1.9158,0.6501352899666543,-0.05814677817756115,0.0033810478124305,20.178421052631577
2020-03-01,ngas_us,ngas_us,NA,1.7927,0.5837228632786557,-0.0664124266879984,0.00441061041858876,63.317727272727275
2020-04-01,ngas_us,ngas_us,NA,1.7386,0.5530801916628268,-0.03064267161582894,9.38973323755529e-4,43.6047619047619
2020-05-01,ngas_us,ngas_us,NA,1.7525,0.561043339926608,0.00796314826378127,6.341173027096273e-5,31.078
2020-06-01,ngas_us,ngas_us,NA,1.6128,0.4779717988949124,-0.0830715410316957,0.0069008809293807,29.99681818181818
2020-07-01,ngas_us,ngas_us,NA,1.7352,0.5511226805305276,0.0731508816356152,0.00535105148406778,24.80090909090909
2020-08-01,ngas_us,ngas_us,NA,2.3017,0.8336479803475112,0.28252529981698365,0.0798205450366765,20.337619047619047
2020-09-01,ngas_us,ngas_us,NA,1.9186,0.6515957534017102,-0.18205222694580095,0.03314301333592541,28.017142857142854
2020-10-01,ngas_us,ngas_us,NA,2.2473,0.8097294956398099,0.15813374223809973,0.02500628043422576,30.815
2020-11-01,ngas_us,ngas_us,NA,2.5881,0.9509240157685056,0.14119452012869585,0.01993589251437269,25.357
2020-12-01,ngas_us,ngas_us,NA,2.5387,0.9316521389868544,-0.01927187678165134,3.714052346871522e-4,21.704090909090908
2021-01-01,ngas_us,ngas_us,NA,2.6655,0.9803916572806788,0.04873951829382451,0.00237554064351405,23.288947368421052
2021-02-01,ngas_us,ngas_us,NA,5.0651,1.6223738808423736,0.6419822235616948,0.41214117536921785,21.877894736842105
2021-03-01,ngas_us,ngas_us,NA,2.5645,0.941763527847186,-0.6806103529951876,0.46323045260423384,21.119565217391305
2021-04-01,ngas_us,ngas_us,NA,2.61,0.959350221334602,0.01758669348741601,3.0929178782032087e-4,16.409523809523808
2021-05-01,ngas_us,ngas_us,NA,2.8884,1.0607027155948894,0.1013524942602875,0.01027232809278161,18.599
2021-06-01,ngas_us,ngas_us,NA,3.2318,1.1730392575560105,0.11233654196112096,0.01261949865978269,14.940454545454545
2021-07-01,ngas_us,ngas_us,NA,3.8036,1.335947986683152,0.16290872912714172,0.02653925402582043,15.47095238095238
2021-08-01,ngas_us,ngas_us,NA,4.0486,1.39837114234534,0.06242315566218792,0.00389665036282574,15.008181818181818
2021-09-01,ngas_us,ngas_us,NA,5.1111,1.6314146452374694,0.23304350289212927,0.05430927424023386,17.5625
1990-01-01,nickel,Nickel,NA,7055.9,8.861619425250598,-0.22193248365413829,0.04925402730089436,23.49909090909091
1990-02-01,nickel,Nickel,NA,6976.9,8.850359971028723,-0.01125945422187393,1.2677530937447464e-4,23.326842105263157
1990-03-01,nickel,Nickel,NA,9266.8,9.134193399396311,0.2838334283675902,0.08056141505889995,18.831363636363637
1990-04-01,nickel,Nickel,NA,8939.5,9.098234938191874,-0.03595846120443915,0.00129301093219115,20.4575
1990-05-01,nickel,Nickel,NA,8698,9.070848393157585,-0.02738654503429102,7.500228489152501e-4,18.151818181818182
1990-06-01,nickel,Nickel,NA,8422.1,9.0386144823155945,-0.03223391084198922,0.00103902500816931,17.582857142857144
1990-07-01,nickel,Nickel,NA,9318.2,9.139724755979838,0.10111027366424348,0.0102232874404582,18.93285714285714
1990-08-01,nickel,Nickel,NA,10957.4,9.30177030608203,0.16204555010219204,0.02625876030792203,27.77521739130435
1990-09-01,nickel,Nickel,NA,10844,9.291367210618557,-0.01040309546347385,1.0822439522215036e-4,28.818947368421053
1990-10-01,nickel,Nickel,NA,9145.4,9.121006299616909,-0.17036091100164852,0.0290228399973116,30.130434782608695
1990-11-01,nickel,Nickel,NA,8587.4,9.058051291630198,-0.06295500798670996,0.00396333303060671,25.106666666666666
1990-12-01,nickel,Nickel,NA,8157.6,9.006705287050016,-0.05134600458018158,0.00263641218634802,22.5845
1991-01-01,nickel,Nickel,NA,8568.8,9.05588297845042,0.04917769140040388,0.00241844533147335,26.93181818181818
1991-02-01,nickel,Nickel,NA,8672.3,9.067889317177006,0.01200633872658647,1.4415216961753018e-4,22.11263157894737
1991-03-01,nickel,Nickel,NA,8700.8,9.071170254438153,0.00328093726114504,1.0764549311569935e-5,19.041052631578943
1991-04-01,nickel,Nickel,NA,9021,9.10731047165664,0.03614021721848721,0.00130611530059943,18.92727272727273
1991-05-01,nickel,Nickel,NA,8452.4,9.042205703692773,-0.06510476796386669,0.00423863081162892,17.180454545454545
1991-06-01,nickel,Nickel,NA,8280,9.021598247379304,-0.02060745631346666,4.246672557114368e-4,17.575
1991-07-01,nickel,Nickel,NA,8541.3,9.052668500021948,0.03107025264264313,9.653605992776728e-4,17.669545454545453
1991-08-01,nickel,Nickel,NA,8144.7,9.005122687945292,-0.04754581207665607,0.00226060424602869,15.932727272727272
1991-09-01,nickel,Nickel,NA,7680.7,8.946465967821522,-0.05865672012377038,0.00344061081567832,17.029
1991-10-01,nickel,Nickel,NA,7443,8.915029272359911,-0.03143669546161138,9.882658215460975e-4,16.846363636363638
1991-11-01,nickel,Nickel,NA,7244.6,8.888011642740635,-0.0270176296192762,7.299523102443907e-4,17.6815
1991-12-01,nickel,Nickel,NA,7117.8,8.870353967895113,-0.01765767484552189,3.1179348095017654e-4,18.018571428571427
1992-01-01,nickel,Nickel,NA,7517.3,8.924962309919485,0.05460834202437156,0.00298207101865074,17.499545454545455
1992-02-01,nickel,Nickel,NA,7861.9,8.969783586491094,0.04482127657160963,0.00200894683350872,17.050526315789472
1992-03-01,nickel,Nickel,NA,7417.7,8.91162431506403,-0.05815927142706447,0.00338250085292695,16.222727272727273
1992-04-01,nickel,Nickel,NA,7420.6,8.912015195425921,3.9088036189098145e-4,1.5278745731202464e-7,16.18857142857143
1992-05-01,nickel,Nickel,NA,7326.8,8.899294137486063,-0.01272105793985855,1.618253151092384e-4,14.728
1992-06-01,nickel,Nickel,NA,7192.8,8.880835804670562,-0.01845833281549875,3.4071005032771827e-4,14.75318181818182
1992-07-01,nickel,Nickel,NA,7497.9,8.922378260317084,0.04154245564651982,0.00172577562114306,13.303636363636365
1992-08-01,nickel,Nickel,NA,7268,8.891236429516061,-0.03114183080102104,9.698136256394232e-4,14.422380952380951
1992-09-01,nickel,Nickel,NA,6917.5,8.841809711661082,-0.04942671785498083,0.00244300043791588,14.258571428571427
1992-10-01,nickel,Nickel,NA,6305.3,8.749145828551761,-0.09266388310931974,0.00858659523289767,17.478636363636365
1992-11-01,nickel,Nickel,NA,5564.88,8.624230700134834,-0.12491512841692629,0.01560378930741718,14.594
1992-12-01,nickel,Nickel,NA,5724.07,8.652435369811908,0.02820466967707277,7.955033915927883e-4,12.781363636363636
1993-01-01,nickel,Nickel,NA,5930.93,8.687936309374878,0.03550093956297016,0.00126031670985366,12.5745
1993-02-01,nickel,Nickel,NA,6038.68,8.705940723998491,0.01800441462361366,3.241589459389937e-4,13.505263157894737
1993-03-01,nickel,Nickel,NA,5971.3,8.694719938125258,-0.01122078587323315,1.259060356129486e-4,13.657391304347826
1993-04-01,nickel,Nickel,NA,5972.33,8.694892415002482,1.7247687722301392e-4,2.9748273176602618e-8,13.49952380952381
1993-05-01,nickel,Nickel,NA,5762.55,8.65913536405685,-0.03575705094563265,0.00127856669232856,13.535
1993-06-01,nickel,Nickel,NA,5532.43,8.618382419337253,-0.04075294471959544,0.0016608025033184,13.002272727272729
1993-07-01,nickel,Nickel,NA,5036.2,8.524407108434433,-0.09397531090282106,0.00883135905928187,11.99952380952381
1993-08-01,nickel,Nickel,NA,4721.81,8.459947479648289,-0.06445962878614357,0.00415504374324742,11.952272727272728
1993-09-01,nickel,Nickel,NA,4352.89,8.378595271304222,-0.08135220834406574,0.00661818180245628,12.621428571428572
1993-10-01,nickel,Nickel,NA,4448.9,8.400412153592317,0.02181688228809342,4.759763527725244e-4,11.377142857142855
1993-11-01,nickel,Nickel,NA,4633.89,8.441151967118866,0.04073981352655092,0.00165973240617814,13.370952380952382
1993-12-01,nickel,Nickel,NA,5119.12,8.540737828261353,0.0995858611424859,0.00991734373949048,10.864545454545455
1994-01-01,nickel,Nickel,NA,5577.95,8.626576604360956,0.08583877609960298,0.00736829548227777,10.605238095238096
1994-02-01,nickel,Nickel,NA,5824.95,8.669905694706074,0.04332909034511806,0.0018774100701354,12.885263157894736
1994-03-01,nickel,Nickel,NA,5587.54,8.628294397732889,-0.04161129697318516,0.0017315000357906,14.240869565217391
1994-04-01,nickel,Nickel,NA,5407.97,8.595629070370135,-0.03266532736275347,0.00106702361171585,15.334736842105263
1994-05-01,nickel,Nickel,NA,6086.65,8.71385312725147,0.11822405688133548,0.01397692762548124,13.39
1994-06-01,nickel,Nickel,NA,6281.84,8.745418210178567,0.03156508292709516,9.963544601943944e-4,12.94590909090909
1994-07-01,nickel,Nickel,NA,6226.76,8.736611412295748,-0.0088067978828185,7.755968894881649e-5,12.1635
1994-08-01,nickel,Nickel,NA,5859.5,8.675819554698657,-0.06079185759709049,0.00369564995010492,11.39304347826087
1994-09-01,nickel,Nickel,NA,6364.75,8.758530232922412,0.08271067822375466,0.00684105629223348,12.612380952380953
1994-10-01,nickel,Nickel,NA,6748.29,8.817044418438932,0.05851418551652104,0.00342390990666184,15.04952380952381
1994-11-01,nickel,Nickel,NA,7556.14,8.930115756771617,0.11307133833268362,0.0127851275523442,16.249523809523808
1994-12-01,nickel,Nickel,NA,8555.5,9.054329629972026,0.1242138732004088,0.01542908629544723,13.806666666666668
1995-01-01,nickel,Nickel,NA,9592.55,9.168742034513048,0.1144124045410228,0.01309019831285865,11.711904761904762
1995-02-01,nickel,Nickel,NA,8505.45,9.048462413483184,-0.1202796210298632,0.01446718723508751,11.197368421052632
1995-03-01,nickel,Nickel,NA,7531.91,8.926903940688128,-0.12155847279505708,0.01477646230826663,11.971304347826086
1995-04-01,nickel,Nickel,NA,7397.83,8.908941992944811,-0.01796194774331703,3.226315667336517e-4,12.51684210526316
1995-05-01,nickel,Nickel,NA,7232.19,8.8862971738508,-0.02264481909401071,5.127878318004719e-4,12.458636363636364
1995-06-01,nickel,Nickel,NA,7871.57,8.971012813256406,0.08471563940560539,0.00717673955990056,13.17909090909091
1995-07-01,nickel,Nickel,NA,8596.57,9.059118565475584,0.08810575221917742,0.00776262357410708,14.0765
1995-08-01,nickel,Nickel,NA,8944.66,9.098811985158932,0.03969341968334913,0.00157556756615848,13.348695652173912
1995-09-01,nickel,Nickel,NA,8405.21,9.036607030658493,-0.06220495450043915,0.0038694563644017,12.237
1995-10-01,nickel,Nickel,NA,8061.73,8.994883452667274,-0.04172357799121952,0.00174085696038937,14.237727272727271
1995-11-01,nickel,Nickel,NA,8505.91,9.048516494991084,0.05363304232381108,0.00287650322890771,12.971904761904762
1995-12-01,nickel,Nickel,NA,8090.89,8.99849401636256,-0.05002247862852357,0.00250224836814109,12.288
1996-01-01,nickel,Nickel,NA,7862.05,8.969802665666492,-0.02869135069606833,8.23193604764781e-4,14.150454545454544
1996-02-01,nickel,Nickel,NA,8215.55,9.01378397893021,0.04398131326371701,0.0019343559164012,16.238
1996-03-01,nickel,Nickel,NA,8021.74,8.989910634934647,-0.02387334399556204,5.699365535304383e-4,19.081904761904763
1996-04-01,nickel,Nickel,NA,8042.85,8.992538776972607,0.00262814203795959,6.90713057169043e-6,17.512857142857143
1996-05-01,nickel,Nickel,NA,8026.55,8.990510075765295,-0.00202870120731268,4.115628588551938e-6,16.96681818181818
1996-06-01,nickel,Nickel,NA,7709.48,8.950206019406084,-0.0403040563592106,0.00162441695900642,17.6755
1996-07-01,nickel,Nickel,NA,7203.65,8.882343120995667,-0.0678628984104171,0.00460537298066259,19.341818181818184
1996-08-01,nickel,Nickel,NA,7054.36,8.861401144367592,-0.02094197662807385,4.3856638509079155e-4,16.478181818181817
1996-09-01,nickel,Nickel,NA,7318.05,8.898099178023699,0.0366980336561055,0.00134674567422465,17.2785
1996-10-01,nickel,Nickel,NA,7031.39,8.858139689299719,-0.03995948872398009,0.00159676073908189,17.401304347826088
1996-11-01,nickel,Nickel,NA,6943.38,8.845543966639694,-0.01259572266002449,1.5865222932825464e-4,17.1635
1996-12-01,nickel,Nickel,NA,6580.75,8.791903999586854,-0.05363996705284044,0.0028772460654298,20.118
1997-01-01,nickel,Nickel,NA,7071.55,8.863834971071208,0.07193097148435469,0.00517406465868304,21.031363636363636
1997-02-01,nickel,Nickel,NA,7734.53,8.95344999839439,0.08961502732318176,0.00803085312213461,21.647894736842105
1997-03-01,nickel,Nickel,NA,7895.87,8.974095116945362,0.02064511855097258,4.2622091998371247e-4,22.3035
1997-04-01,nickel,Nickel,NA,7315.52,8.897753397735606,-0.07634171920975603,0.00582805809190123,21.507727272727273
1997-05-01,nickel,Nickel,NA,7482.85,8.920369014443123,0.02261561670751752,5.114661190613459e-4,21.927619047619046
1997-06-01,nickel,Nickel,NA,7062.48,8.86255154359228,-0.05781747085084429,0.00334285993558822,22.743333333333332
1997-07-01,nickel,Nickel,NA,6835.5,8.829884899372047,-0.03266664422023261,0.00106710964461125,23.24772727272727
1997-08-01,nickel,Nickel,NA,6761.3,8.818970458240564,-0.01091444113148332,1.19125025212615e-4,25.153809523809525
1997-09-01,nickel,Nickel,NA,6503.84,8.780148050679053,-0.03882240756151051,0.00150717932887202,25.59285714285714
1997-10-01,nickel,Nickel,NA,6380.33,8.76097509913912,-0.01917295153993363,3.6760207075264335e-4,25.615652173913045
1997-11-01,nickel,Nickel,NA,6139.5,8.722498584600567,-0.03847651453855213,0.00148044217103541,31.545263157894738
1997-12-01,nickel,Nickel,NA,5945.36,8.690366362379807,-0.0321322222207611,0.00103247970484437,26.473181818181818
1998-01-01,nickel,Nickel,NA,5491.75,8.611002245094296,-0.07936411728551117,0.00629866311250837,24.4275
1998-02-01,nickel,Nickel,NA,5386.88,8.591721646583157,-0.01928059851113858,3.7174147894771946e-4,20.386315789473684
1998-03-01,nickel,Nickel,NA,5395.8,8.593376152148524,0.00165450556536827,2.737388665834604e-6,20.543181818181814
1998-04-01,nickel,Nickel,NA,5393.88,8.593020256511164,-3.55895637361988e-4,1.2666170469329568e-7,22.53809523809524
1998-05-01,nickel,Nickel,NA,5020,8.521185212685776,-0.07183504382538791,0.0051602735213954,21.4485
1998-06-01,nickel,Nickel,NA,4475.7,8.406418043056911,-0.11476716962886271,0.01317150322462014,21.996363636363636
1998-07-01,nickel,Nickel,NA,4325.43,8.372266836389262,-0.03415120666765058,0.00116630491685658,20.25181818181818
1998-08-01,nickel,Nickel,NA,4080.63,8.314006667242644,-0.05826016914661777,0.00339424730899251,31.48857142857143
1998-09-01,nickel,Nickel,NA,4102.16,8.319268943234874,0.00526227599223002,2.7691548618400475e-5,39.247142857142855
1998-10-01,nickel,Nickel,NA,3871.93,8.261508369720653,-0.05776057351422132,0.00333628385269176,37.45409090909091
1998-11-01,nickel,Nickel,NA,4131.91,8.326495048782567,0.06498667906191398,0.0042232684554962,25.038
1998-12-01,nickel,Nickel,NA,3878.21,8.263128985961,-0.06336606282156707,0.00401525791750678,25.47681818181818
1999-01-01,nickel,Nickel,NA,4268.75,8.3590763233191,0.09594733735810056,0.00920589154610916,28.616842105263157
1999-02-01,nickel,Nickel,NA,4626.38,8.439529983818929,0.08045366049982834,0.00647279148782163,29.93842105263158
1999-03-01,nickel,Nickel,NA,5011.3,8.519450641457453,0.07992065763852414,0.00638731151737418,26.475652173913044
1999-04-01,nickel,Nickel,NA,5102.63,8.537511372066454,0.01806073060900237,3.2618999013095526e-4,24.693809523809524
1999-05-01,nickel,Nickel,NA,5399.34,8.594032002860398,0.05652063079394407,0.00319458170534533,27.3765
1999-06-01,nickel,Nickel,NA,5195,8.555451903533328,-0.03858009932707128,0.00148842406408668,24.123636363636365
1999-07-01,nickel,Nickel,NA,5700.11,8.648240751882046,0.092788848348719,0.00860977037788157,21.486666666666668
1999-08-01,nickel,Nickel,NA,6448.69,8.771632288386868,0.1233915365048221,0.01522547128102084,24.90909090909091
1999-09-01,nickel,Nickel,NA,7028.41,8.857715785681656,0.08608349729478604,0.00741036850650143,25.58
1999-10-01,nickel,Nickel,NA,7321.19,8.898528162048573,0.0408123763669183,0.00166565006471499,25.37
1999-11-01,nickel,Nickel,NA,7949.55,8.980870602272738,0.08234244022416572,0.0067802774620703,22.22952380952381
1999-12-01,nickel,Nickel,NA,8083.38,8.99756538087673,0.01669477860399231,2.787156326363195e-4,23.222272727272728
2000-01-01,nickel,Nickel,NA,8309.5,9.025154717567576,0.02758933669084682,7.611714990409067e-4,24.9385
2000-02-01,nickel,Nickel,NA,9653.33,9.175058212527617,0.14990349496003796,0.02247105780123412,25.456
2000-03-01,nickel,Nickel,NA,10280.11,9.237966239341011,0.06290802681339641,0.003957419837555,24.810434782608695
2000-04-01,nickel,Nickel,NA,9727.5,9.182712204858708,-0.0552540344823038,0.00305300832657161,29.833157894736843
2000-05-01,nickel,Nickel,NA,10130.24,9.223280288966029,0.04056808410731805,0.00164576944813843,29.42909090909091
2000-06-01,nickel,Nickel,NA,8410.91,9.037284951631738,-0.18599533733428908,0.03459426551009599,24.31772727272727
2000-07-01,nickel,Nickel,NA,8164.41,9.007539743148886,-0.02974520848285139,8.847774276882943e-4,22.66
2000-08-01,nickel,Nickel,NA,8006.71,8.988035219107756,-0.01950452404113074,3.8042645807104703e-4,20.484347826086957
2000-09-01,nickel,Nickel,NA,8637.98,9.06392403816719,0.07588881905943481,0.00575911285823563,22.3365
2000-10-01,nickel,Nickel,NA,7678.07,8.946123492476724,-0.11780054569046544,0.01387696856497143,28.21409090909091
2000-11-01,nickel,Nickel,NA,7339.77,8.901062785967742,-0.04506070650898333,0.00203046727108873,29.21190476190476
2000-12-01,nickel,Nickel,NA,7314.34,8.897592083819744,-0.00347070214799756,1.204577340011494e-5,30.1045
2001-01-01,nickel,Nickel,NA,6994.77,8.85291800592998,-0.04467407788976279,0.00199577323530059,27.83
2001-02-01,nickel,Nickel,NA,6524.13,8.783262889967881,-0.06965511596209938,0.00485183517969351,26.159473684210525
2001-03-01,nickel,Nickel,NA,6133.52,8.721524089248447,-0.06173880071943423,0.00381167951427401,32.42318181818182
2001-04-01,nickel,Nickel,NA,6329.87,8.75303497780253,0.03151088855408214,9.92936097467785e-4,32.245
2001-05-01,nickel,Nickel,NA,7060.83,8.862317887316589,0.10928290951406004,0.01194275431185823,26.095
2001-06-01,nickel,Nickel,NA,6641.19,8.801046443280525,-0.06127144403606462,0.00375418985426459,23.30047619047619
2001-07-01,nickel,Nickel,NA,5937.05,8.688967655997045,-0.11207878728347984,0.01256165455893552,24.85904761904762
2001-08-01,nickel,Nickel,NA,5520.8,8.616278056306392,-0.07268959969065311,0.00528377790318739,24.260434782608694
2001-09-01,nickel,Nickel,NA,5027,8.522578663692576,-0.09369939261381684,0.00877957617619819,38.55133333333333
2001-10-01,nickel,Nickel,NA,4825.33,8.481634405216722,-0.0409442584758536,0.0016764323021375,34.44695652173913
2001-11-01,nickel,Nickel,NA,5078.41,8.532753499454286,0.05111909423756308,0.00261316179566885,28.25428571428571
2001-12-01,nickel,Nickel,NA,5263.82,8.568612277891631,0.03585877843734668,0.00128585199101871,24.5395
2002-01-01,nickel,Nickel,NA,6043.18,8.706685642447818,0.13807336455618652,0.01906425399986558,23.615238095238094
2002-02-01,nickel,Nickel,NA,6029.25,8.70437790387618,-0.00230773857163802,5.325657315025925e-6,24.66842105263158
2002-03-01,nickel,Nickel,NA,6537.5,8.785310108373178,0.08093220449699852,0.00655002172474398,21.014
2002-04-01,nickel,Nickel,NA,6958.21,8.847677536342967,0.06236742796978822,0.00388969607156672,21.814545454545453
2002-05-01,nickel,Nickel,NA,6761.36,8.81897933223429,-0.02869820410867698,8.235869190632842e-4,22.63
2002-06-01,nickel,Nickel,NA,7119.86,8.870643341291355,0.05166400905706567,0.00266916983184856,28.599
2002-07-01,nickel,Nickel,NA,7142.72,8.873848935170647,0.00320559387929218,1.027583211895554e-5,38.49727272727273
2002-08-01,nickel,Nickel,NA,6717.14,8.812417747687743,-0.06143118748290514,0.00377379079555984,37.25272727272727
2002-09-01,nickel,Nickel,NA,6640.24,8.800903386395593,-0.01151436129214902,1.3258051596613972e-4,41.656
2002-10-01,nickel,Nickel,NA,6804.46,8.825333558520311,0.0244301721247189,5.968333100433926e-4,41.39739130434783
2002-11-01,nickel,Nickel,NA,7313.93,8.897536027977173,0.0722024694568603,0.00521319659566884,32.005
2002-12-01,nickel,Nickel,NA,7193.16,8.88088585346815,-0.01665017450902112,2.772283111808568e-4,31.830952380952382
2003-01-01,nickel,Nickel,NA,8026.02,8.990444042725079,0.10955818925692676,0.01200299683325658,30.66857142857143
2003-02-01,nickel,Nickel,NA,8623,9.062188330952324,0.07174428822724634,0.00514724289323419,36.54052631578948
2003-03-01,nickel,Nickel,NA,8378.81,9.033461178619229,-0.02872715233309788,8.25249281169011e-4,35.194761904761904
2003-04-01,nickel,Nickel,NA,7910.125,8.975898863418127,-0.05756231520110008,0.00331342013131079,27.14238095238095
2003-05-01,nickel,Nickel,NA,8330.625,9.027693762358282,0.05179489894015623,0.00268271155622099,22.548571428571428
2003-06-01,nickel,Nickel,NA,8874.762,9.09096679708263,0.06327303472434602,0.00400347692322829,22.34904761904762
2003-07-01,nickel,Nickel,NA,8797.391,9.082210479235496,-0.00875631784713334,7.667310224002598e-5,21.206818181818186
2003-08-01,nickel,Nickel,NA,9351.375,9.143278670294173,0.06106819105867797,0.00372932395917919,20.829047619047618
2003-09-01,nickel,Nickel,NA,9965.341,9.206868451830603,0.06358978153643101,0.00404366031585102,20.682380952380953
2003-10-01,nickel,Nickel,NA,11047.17,9.309929565547206,0.10306111371660204,0.01062159316050637,19.184347826086956
2003-11-01,nickel,Nickel,NA,12086.5,9.399844406246157,0.08991484069894917,0.0080846785779174,17.838947368421053
2003-12-01,nickel,Nickel,NA,14162.5,9.558352905336262,0.15850849909010628,0.02512494428379822,16.375454545454545
2004-01-01,nickel,Nickel,NA,15326.548,9.637341767122352,0.07898886178609005,0.00623924028626203,15.834
2004-02-01,nickel,Nickel,NA,15145.125,9.625433976976304,-0.01190779014604851,1.4179546616233004e-4,15.924736842105265
2004-03-01,nickel,Nickel,NA,13715,9.526245403371703,-0.09918857360459984,0.00983837313371512,17.73304347826087
2004-04-01,nickel,Nickel,NA,12848.125,9.460953165279935,-0.06529223809176612,0.00426307635503187,15.788095238095238
2004-05-01,nickel,Nickel,NA,11118.289,9.316346689059372,-0.14460647622056572,0.02091103296492904,18.076
2004-06-01,nickel,Nickel,NA,13533.523,9.512925071601831,0.19657838254246152,0.03864306048301035,15.045238095238096
2004-07-01,nickel,Nickel,NA,15023.295,9.617357275426908,0.10443220382507463,0.01090608519576193,15.668571428571427
2004-08-01,nickel,Nickel,NA,13679.524,9.523655395249532,-0.09370188017737506,0.00878004234877515,16.592727272727274
2004-09-01,nickel,Nickel,NA,13270.909,9.493329625357,-0.030325769892533522,9.196523195748928e-4,13.880476190476193
2004-10-01,nickel,Nickel,NA,14404.286,9.575281080167311,0.08195145481031481,0.00671604094552707,15.184761904761904
2004-11-01,nickel,Nickel,NA,14045.455,9.550054134884023,-0.02522694528328829,6.363987683260214e-4,14.05
2004-12-01,nickel,Nickel,NA,13768.81,9.530161168235212,-0.01989296664881358,3.957301220908094e-4,13.014090909090909
2005-01-01,nickel,Nickel,NA,14505,9.582248696555505,0.05208752832029243,0.00271311060651726,13.512
2005-02-01,nickel,Nickel,NA,15349.5,9.63883817919492,0.05658948263941531,0.00320236954539668,11.562631578947368
2005-03-01,nickel,Nickel,NA,16190.65,9.692189194105415,0.0533510149104961,0.00284633079197997,12.880454545454546
2005-04-01,nickel,Nickel,NA,16141.905,9.689173964598757,-0.00301522950666081,9.091608977838044e-6,14.057142857142855
2005-05-01,nickel,Nickel,NA,16931.5,9.736931071320557,0.04775710672180069,0.00228074124243746,13.17904761904762
2005-06-01,nickel,Nickel,NA,16159.545,9.690266175738106,-0.04666489558244947,0.00217761247972091,11.241818181818182
2005-07-01,nickel,Nickel,NA,14580.714,9.587454975557016,-0.10281120018109131,0.01057014288267643,10.489
2005-08-01,nickel,Nickel,NA,14892.727,9.60862825195844,0.02117327640142501,4.483076335711412e-4,11.985217391304348
2005-09-01,nickel,Nickel,NA,14228.182,9.562979924664914,-0.04564832729352641,0.0020837697846969,11.959047619047618
2005-10-01,nickel,Nickel,NA,12402.857,9.425682128280188,-0.13729779638472586,0.01885068489210164,14.582380952380952
2005-11-01,nickel,Nickel,NA,12115.682,9.402255925516783,-0.02342620276340258,5.487869759120509e-4,11.606190476190475
2005-12-01,nickel,Nickel,NA,13429.25,9.505190442835026,0.10293451731824176,0.01059551485553941,10.923809523809524
2006-01-01,nickel,Nickel,NA,14555.238,9.585706207815186,0.08051576498015918,0.00648278841034022,11.7115
2006-02-01,nickel,Nickel,NA,14978.75,9.614387808996726,0.02868160118154001,8.226342463369177e-4,11.867368421052632
2006-03-01,nickel,Nickel,NA,14897.391,9.608941375930495,-0.00544643306622914,2.9663633144914217e-5,11.19086956521739
2006-04-01,nickel,Nickel,NA,17942.222,9.794911985245225,0.18597060931472575,0.03458506752889037,11.163684210526316
2006-05-01,nickel,Nickel,NA,21077.143,9.955944462160804,0.1610324769155798,0.02593145862156674,13.488181818181818
2006-06-01,nickel,Nickel,NA,20754.545,9.940520537818507,-0.01542392434229434,2.378974421168201e-4,15.891363636363636
2006-07-01,nickel,Nickel,NA,26586.19,10.188147187020528,0.24762664920202,0.06131895739502027,14.522
2006-08-01,nickel,Nickel,NA,30743.636,10.33343829246603,0.1452911054455003,0.02110950532157549,12.560434782608697
2006-09-01,nickel,Nickel,NA,30130.714,10.31330032915522,-0.02013796331080934,4.055375663075033e-4,11.397
2006-10-01,nickel,Nickel,NA,32702.955,10.395220719774972,0.08192039061975347,0.00671095039929299,10.808636363636364
2006-11-01,nickel,Nickel,NA,32113.864,10.37704311618754,-0.01817760358743226,3.3042527218183026e-4,10.484285714285717
2006-12-01,nickel,Nickel,NA,34570.263,10.450749140639118,0.07370602445157705,0.00543257804045647,10.499
2007-01-01,nickel,Nickel,NA,36811.136,10.5135556870759,0.06280654643677992,0.00394466227531539,10.627
2007-02-01,nickel,Nickel,NA,41184.25,10.625811180696,0.11225549362010148,0.01260129584789264,10.920526315789472
2007-03-01,nickel,Nickel,NA,46324.773,10.743432150979656,0.11762097028365588,0.01383469265046865,14.921363636363637
2007-04-01,nickel,Nickel,NA,50266.842,10.82510093394546,0.0816687829658052,0.00666979011111579,12.246
2007-05-01,nickel,Nickel,NA,52179.048,10.862436313986148,0.03733538004068839,0.00139393060278263,12.965
2007-06-01,nickel,Nickel,NA,41718.571,10.638701656370852,-0.2237346576152971,0.05005719701823422,14.881904761904762
2007-07-01,nickel,Nickel,NA,33425.682,10.417079805651293,-0.22162185071955973,0.04911624471636281,17.247619047619047
2007-08-01,nickel,Nickel,NA,27652.273,10.227463209720025,-0.1896165959312691,0.03595445345256217,25.12
2007-09-01,nickel,Nickel,NA,29537.5,10.293415921495164,0.06595271177514057,0.00434976019049476,22.182105263157897
2007-10-01,nickel,Nickel,NA,31055.435,10.343529112301516,0.05011319080635212,0.00251133189279385,18.859565217391303
2007-11-01,nickel,Nickel,NA,30610.227,10.329089447789125,-0.01443966451239038,2.0850391123038625e-4,26.65714285714286
2007-12-01,nickel,Nickel,NA,25991.944,10.165541922837535,-0.1635475249515895,0.02674779291779079,23.0965
2008-01-01,nickel,Nickel,NA,27689.545,10.22881018410512,0.06326826126758378,0.00400287288382324,27.98952380952381
2008-02-01,nickel,Nickel,NA,27955.476,10.238368380681193,0.00955819657607115,9.13591217868183e-5,27.1565
2008-03-01,nickel,Nickel,NA,31225.263,10.348982757696495,0.11061437701530752,0.01223554040248459,29.009
2008-04-01,nickel,Nickel,NA,28763.182,10.266851445492325,-0.08213131220417497,0.00674555244437966,22.526818181818182
2008-05-01,nickel,Nickel,NA,25735,10.155607212086856,-0.11124423340546807,0.01237527946597026,18.61
2008-06-01,nickel,Nickel,NA,22549.048,10.02344812674475,-0.1321590853421059,0.01746602383846203,23.19142857142857
2008-07-01,nickel,Nickel,NA,20160.217,9.911466486016264,-0.11198164072848547,0.01253988786024359,25.66227272727273
2008-08-01,nickel,Nickel,NA,18927.75,9.848384378185042,-0.06308210783122156,0.00397935232842986,22.25952380952381
2008-09-01,nickel,Nickel,NA,17794.545,9.786647228637351,-0.06173714954769158,0.00381147563427403,33.21142857142857
2008-10-01,nickel,Nickel,NA,12139.783,9.404243189659663,-0.3824040389776865,0.14623284902644798,65.44652173913043
2008-11-01,nickel,Nickel,NA,10701.5,9.278139197540618,-0.126103992119046,0.01590221682836041,65.42684210526316
2008-12-01,nickel,Nickel,NA,9686.429,9.178481112711257,-0.09965808482936175,0.00993173387185626,55.07545454545455
2009-01-01,nickel,Nickel,NA,11306.905,9.333168880025005,0.15468776731374845,0.02392830535651238,44.2915
2009-02-01,nickel,Nickel,NA,10408.75,9.25040207755003,-0.08276680247497546,0.0068503435919316,45.38947368421053
2009-03-01,nickel,Nickel,NA,9696.364,9.179506248858566,-0.07089582869146328,0.0050262185258493,46.09045454545455
2009-04-01,nickel,Nickel,NA,11166,9.320628725870304,0.14112247701173997,0.01991555351792907,38.89857142857143
2009-05-01,nickel,Nickel,NA,12634.737,9.444205204409773,0.12357647853946507,0.01527114604821487,32.11
2009-06-01,nickel,Nickel,NA,14960.455,9.61316566550446,0.16896046109469046,0.02854763741333041,27.935454545454547
2009-07-01,nickel,Nickel,NA,15984.565,9.679378848111462,0.06621318260700096,0.00438418555094805,25.924545454545456
2009-08-01,nickel,Nickel,NA,19641.75,9.885412681808596,0.20603383369713452,0.04244994062793848,24.306190476190476
2009-09-01,nickel,Nickel,NA,17473.182,9.7684225273553,-0.11699015445329636,0.01368669623900614,23.85761904761905
2009-10-01,nickel,Nickel,NA,18525.227,9.826888703800412,0.05846617644511225,0.00341829378811099,23.250454545454545
2009-11-01,nickel,Nickel,NA,16991.19,9.740450253413911,-0.08643845038649904,0.00747160570521925,22.546
2009-12-01,nickel,Nickel,NA,17066.429,9.744868596481275,0.00441834306736128,1.952175546089949e-5,19.845454545454544
2010-01-01,nickel,Nickel,NA,18439.25,9.822236823832244,0.07736822735097033,0.00598584260343143,19.527368421052632
2010-02-01,nickel,Nickel,NA,18976,9.850930301797453,0.02869347796520674,8.233156777398051e-4,21.771052631578947
2010-03-01,nickel,Nickel,NA,22461.304,10.019549285378238,0.1686189835807856,0.02843236162381724,16.925217391304347
2010-04-01,nickel,Nickel,NA,26030.75,10.16703381048171,0.14748452510347235,0.02175168514499676,16.136666666666667
2010-05-01,nickel,Nickel,NA,22008.158,9.9991684817862,-0.16786532869550913,0.02817876857805132,30.0335
2010-06-01,nickel,Nickel,NA,19388.636,9.872442400223395,-0.12672608156280452,0.01605949974826258,28.94090909090909
2010-07-01,nickel,Nickel,NA,19517.5,9.879066777994446,0.00662437777104966,4.388238085357688e-5,25.016666666666666
2010-08-01,nickel,Nickel,NA,21413.333,9.971769044385908,0.09270226639146228,0.00859371019411363,24.15590909090909
2010-09-01,nickel,Nickel,NA,22643.409,10.027624095186908,0.05585505080100017,0.00311978669998231,21.322380952380954
2010-10-01,nickel,Nickel,NA,23807.381,10.077750937630842,0.05012684244393437,0.00251270033339902,19.86095238095238
2010-11-01,nickel,Nickel,NA,22909.318,10.039299006344471,-0.03845193128637082,0.00147855101965178,19.395238095238096
2010-12-01,nickel,Nickel,NA,24111.19,10.090431327070425,0.05113232072595347,0.00261451422282177,16.58681818181818
2011-01-01,nickel,Nickel,NA,25646.25,10.152152641080416,0.06172131400998999,0.00380952060311978,15.723
2011-02-01,nickel,Nickel,NA,28252.25,10.248928379420713,0.0967757383402949,0.00936554353130922,15.72
2011-03-01,nickel,Nickel,NA,26710.35,10.19280640972463,-0.05612196969607978,0.00314967548256769,19.893478260869564
2011-04-01,nickel,Nickel,NA,26408.33,10.18143476966822,-0.01137164005640997,1.2931419757254776e-4,15.208
2011-05-01,nickel,Nickel,NA,24236.73,10.095624530093197,-0.08581023957502597,0.00736339721592335,16.293809523809525
2011-06-01,nickel,Nickel,NA,22420.93,10.01775017658654,-0.07787435350665352,0.00606441493407923,18.918636363636363
2011-07-01,nickel,Nickel,NA,23847.95,10.079453538743834,0.06170336215729311,0.00380730490151407,18.7405
2011-08-01,nickel,Nickel,NA,21845.09,9.99173146131296,-0.08772207743087282,0.00769516286878804,35.068695652173915
2011-09-01,nickel,Nickel,NA,20377.59,9.922191046594854,-0.06954041471810665,0.00483586927916626,36.64380952380952
2011-10-01,nickel,Nickel,NA,19039.05,9.85424741214258,-0.06794363445227657,0.00461633746258458,32.00857142857143
2011-11-01,nickel,Nickel,NA,17873,9.79104647319038,-0.06320093895219965,0.00399435868443966,31.412380952380953
2011-12-01,nickel,Nickel,NA,18266.76,9.812838293743996,0.02179182055361623,4.7488344304101105e-4,25.03952380952381
2012-01-01,nickel,Nickel,NA,19854.77,9.896199559514374,0.08336126577037907,0.00694910063083977,18.9415
2012-02-01,nickel,Nickel,NA,20393.67,9.92297983756348,0.02678027804910601,7.171832923874293e-4,16.691
2012-03-01,nickel,Nickel,NA,18660.81,9.834180881819348,-0.08879895574413209,0.00788525454124832,14.962727272727273
2012-04-01,nickel,Nickel,NA,17939.79,9.794776429858656,-0.03940445196069154,0.00155271083432244,17.177
2012-05-01,nickel,Nickel,NA,17068.1904761905,9.744971804088044,-0.04980462577061197,0.0024805007481507,20.547272727272727
2012-06-01,nickel,Nickel,NA,16549.1428571429,9.714089588354812,-0.03088221573323162,9.537112485938584e-4,20.750476190476192
2012-07-01,nickel,Nickel,NA,16128.4090909091,9.688337535809143,-0.02575205254566961,6.631682103149289e-4,16.954761904761906
2012-08-01,nickel,Nickel,NA,15735.2065217391,9.66365593440374,-0.02468160140540467,6.09181447935274e-4,14.969130434782608
2012-09-01,nickel,Nickel,NA,17287.96,9.757765584440408,0.09410965003666956,0.00885662623002441,14.31421052631579
2012-10-01,nickel,Nickel,NA,17168.74,9.75084556738983,-0.00692001705057922,4.788663598030718e-5,15.469047619047618
2012-11-01,nickel,Nickel,NA,16335.3636363636,9.701087584966675,-0.0497579824231508,0.00247585681482258,17.155714285714286
2012-12-01,nickel,Nickel,NA,17448.5,9.767008964050424,0.06592137908374573,0.0043456282203029,17.351
2013-01-01,nickel,Nickel,NA,17472.5,9.768383495351284,0.00137453130086026,1.8893362970446229e-6,13.121904761904762
2013-02-01,nickel,Nickel,NA,17690.1,9.780760440049102,0.0123769446978184,1.5318876005285508e-4,13.512105263157894
2013-03-01,nickel,Nickel,NA,16724.9285714286,9.724655614220708,-0.05610482582839388,0.00314775148123441,12.3915
2013-04-01,nickel,Nickel,NA,15672.9545454545,9.659691865468307,-0.06496374875240034,0.00422028865196499,13.251363636363635
2013-05-01,nickel,Nickel,NA,14947.9565217391,9.612329881967153,-0.04736198350115516,0.00224315748116369,12.914090909090907
2013-06-01,nickel,Nickel,NA,14280.275,9.566634493411229,-0.04569538855592382,0.00208806853527685,17.156
2013-07-01,nickel,Nickel,NA,13750.3152173913,9.528817027733131,-0.03781746567809811,0.00143016071031412,13.626818181818182
2013-08-01,nickel,Nickel,NA,14314.9318181818,9.569058454557672,0.04024142682454162,0.00161937243287493,13.863636363636363
2013-09-01,nickel,Nickel,NA,13801.3928571429,9.532524797729058,-0.03653365682861416,0.00133470808127094,14.2915
2013-10-01,nickel,Nickel,NA,14117.652173913,9.555181220586684,0.02265642285762527,5.133134967035249e-4,14.32304347826087
2013-11-01,nickel,Nickel,NA,13684.0119047619,9.52398341607387,-0.03119780451281348,9.733030064197252e-4,11.9565
2013-12-01,nickel,Nickel,NA,13924.55,9.541408748294856,0.01742533222098559,3.036422030117188e-4,12.995238095238095
2014-01-01,nickel,Nickel,NA,14101.25,9.55401872491913,0.01260997662427388,1.5901151046473388e-4,13.057142857142855
2014-02-01,nickel,Nickel,NA,14203.55,9.56124721234456,0.0072284874254293,5.2251030459589534e-5,14.179473684210526
2014-03-01,nickel,Nickel,NA,15678.1,9.660020113092914,0.09877290074835378,0.00975608592224414,13.592380952380951
2014-04-01,nickel,Nickel,NA,17373.6,9.76270709164704,0.10268697855412816,0.01054461556457598,13.485238095238095
2014-05-01,nickel,Nickel,NA,19401.08,9.87308401360499,0.1103769219579484,0.01218306490091103,11.76142857142857
2014-06-01,nickel,Nickel,NA,18628.81,9.832464586085838,-0.04061942751915274,0.0016499378919837,10.298571428571428
2014-07-01,nickel,Nickel,NA,19117.65,9.8583672711018,0.02590268501596364,6.709490910362276e-4,10.638636363636364
2014-08-01,nickel,Nickel,NA,18600.2,9.830927612331656,-0.02743965877014554,7.52934873422025e-4,12.414761904761905
2014-09-01,nickel,Nickel,NA,18034.8,9.80005850372805,-0.03086910860360607,9.529018659812264e-4,11.91190476190476
2014-10-01,nickel,Nickel,NA,15812.37,9.668547824092208,-0.1315106796358418,0.01729505885828101,16.911304347826086
2014-11-01,nickel,Nickel,NA,15807.05,9.668211322027958,-3.365020642504625e-4,1.132336392448224e-7,12.243684210526316
2014-12-01,nickel,Nickel,NA,15962.05,9.677969308870592,0.0097579868426353,9.521830722104373e-5,14.90681818181818
2015-01-01,nickel,Nickel,NA,14849.19,9.605700597288642,-0.0722687115819491,0.00522276667371494,17.9875
2015-02-01,nickel,Nickel,NA,14573.84,9.586983419715182,-0.0187171775734615,3.5033273631649033e-4,15.321052631578947
2015-03-01,nickel,Nickel,NA,13755.5,9.529194023116045,-0.05778939659913708,0.00333961435929235,15.016818181818184
2015-04-01,nickel,Nickel,NA,12830.92,9.45961316197573,-0.0695808611403149,0.00484149623702778,13.758571428571427
2015-05-01,nickel,Nickel,NA,13511.34,9.511284611823964,0.05167144984823517,0.00266993872941868,13.6325
2015-06-01,nickel,Nickel,NA,12825.23,9.45916960360136,-0.05211500822260463,0.00271597408204214,14.83090909090909
2015-07-01,nickel,Nickel,NA,11413.1,9.342517097453356,-0.11665250614800468,0.01360780719061027,14.55090909090909
2015-08-01,nickel,Nickel,NA,10386,9.248214024404264,-0.09430307304909094,0.00889306958650218,19.58809523809524
2015-09-01,nickel,Nickel,NA,9937.55,9.20407579039647,-0.04413823400779385,0.00194818370132676,24.604285714285716
2015-10-01,nickel,Nickel,NA,10316.83,9.241531821306385,0.03745603090991332,0.00140295425152438,16.977272727272727
2015-11-01,nickel,Nickel,NA,9244.33,9.131765669588756,-0.10976615171762594,0.01204860806289687,16.008
2015-12-01,nickel,Nickel,NA,8707.79,9.071973306308022,-0.0597923632807362,0.00357512670669553,18.304545454545455
2016-01-01,nickel,Nickel,NA,8507.29,9.04867872196814,-0.02329458433988096,5.426376595678275e-4,24.33105263157895
2016-02-01,nickel,Nickel,NA,8298.5,9.023830054560774,-0.02484866740736726,6.174562719219559e-4,24.109
2016-03-01,nickel,Nickel,NA,8717.25,9.073059100191928,0.04922904563115356,0.0024234989337542,16.398636363636363
2016-04-01,nickel,Nickel,NA,8878.86,9.091428449366628,0.01836934917470103,3.374329891020895e-4,14.347142857142858
2016-05-01,nickel,Nickel,NA,8660.35,9.066510416444176,-0.02491803292245176,6.209083647243898e-4,14.791904761904762
2016-06-01,nickel,Nickel,NA,8928.35,9.096986886361654,0.03047646991747829,9.288152186309592e-4,16.635
2016-07-01,nickel,Nickel,NA,10262.86,9.236286832317166,0.1392999459555112,0.01940447494320834,12.3075
2016-08-01,nickel,Nickel,NA,10335.99,9.243387258529657,0.00710042621248926,5.041605239900461e-5,11.22391304347826
2016-09-01,nickel,Nickel,NA,10191.78,9.229336792021671,-0.01405046650798164,1.97415609091914e-4,13.593333333333334
2016-10-01,nickel,Nickel,NA,10259.74,9.235982777273064,0.00664598525139114,4.416911996170857e-5,14.816190476190476
2016-11-01,nickel,Nickel,NA,11128.91,9.317301505960764,0.08131872868769868,0.00661273563538354,15.33952380952381
2016-12-01,nickel,Nickel,NA,10972.27,9.303126459848048,-0.0141750461127148,2.00931932297591e-4,11.956190476190477
2017-01-01,nickel,Nickel,NA,9971.46,9.207482291552648,-0.09564416829540068,0.00914780692891892,10.7905
2017-02-01,nickel,Nickel,NA,10643.3,9.27268586518489,0.06520357363224226,0.00425150601441523,10.510526315789471
2017-03-01,nickel,Nickel,NA,10204.66,9.230599757687452,-0.04208610749743811,0.00177124044428591,10.640869565217391
2017-04-01,nickel,Nickel,NA,9609.28,9.170484577201252,-0.06011518048619887,0.00361383492488826,11.57315789473684
2017-05-01,nickel,Nickel,NA,9155.12,9.122068564614189,-0.04841601258706525,0.00234411027483086,9.971363636363636
2017-06-01,nickel,Nickel,NA,8931.76,9.097368742917013,-0.02469982169717743,6.100811918723574e-4,9.42318181818182
2017-07-01,nickel,Nickel,NA,9491.39,9.158140350846685,0.06077160792967275,0.00369318833035786,8.8765
2017-08-01,nickel,Nickel,NA,10889.98,9.295598379378028,0.13745802853134573,0.01889470960772425,10.177391304347823
2017-09-01,nickel,Nickel,NA,11215.79,9.325077885846593,0.02947950646856404,8.690413016301095e-4,8.6015
2017-10-01,nickel,Nickel,NA,11335.77,9.335718491821002,0.01064060597440836,1.1322249550261503e-4,8.02
2017-11-01,nickel,Nickel,NA,11972,9.390325868972589,0.05460737715158857,0.00298196563937583,9.127142857142855
2017-12-01,nickel,Nickel,NA,11495.11,9.349677006529486,-0.04064886244310332,0.00165233001791833,8.8275
2018-01-01,nickel,Nickel,NA,12864.88,9.462256397039228,0.11257939050974249,0.01267411916754509,10.367619047619048
2018-02-01,nickel,Nickel,NA,13595.88,9.517522084651723,0.05526568761249639,0.00305429622728203,20.133157894736843
2018-03-01,nickel,Nickel,NA,13392.5,9.502450127755116,-0.01507195689660968,2.2716388469326017e-4,18.04904761904762
2018-04-01,nickel,Nickel,NA,13938.1,9.542381376603233,0.03993124884811765,0.00159450463457029,18.777142857142856
2018-05-01,nickel,Nickel,NA,14366.49,9.572653690364362,0.03027231376112901,9.164129804522412e-4,13.694545454545455
2018-06-01,nickel,Nickel,NA,15105.65,9.622824125003492,0.05017043463912878,0.00251707251187909,12.694761904761904
2018-07-01,nickel,Nickel,NA,13793.86,9.531978844599438,-0.0908452804040522,0.00825286497169087,11.917619047619048
2018-08-01,nickel,Nickel,NA,13411.35,9.503856642349664,-0.0281222022497742,7.908582593772054e-4,10.972608695652172
2018-09-01,nickel,Nickel,NA,12510.35,9.434311580687496,-0.06954506166216833,0.00483651560159479,11.564736842105264
2018-10-01,nickel,Nickel,NA,12314.91,9.418566002367154,-0.01574557832034226,2.479232366420323e-4,19.855217391304347
2018-11-01,nickel,Nickel,NA,11239.72,9.327209212105368,-0.0913567902617854,0.00834606312693584,20.95047619047619
2018-12-01,nickel,Nickel,NA,10835.08,9.290544297422668,-0.03666491468270229,0.00134431596868983,27.11578947368421
2019-01-01,nickel,Nickel,NA,11523.09,9.352108127449537,0.06156383002687109,0.00379010516757747,20.525238095238095
2019-02-01,nickel,Nickel,NA,12685.23,9.448193603520563,0.09608547607102526,0.00923241871179556,15.287368421052632
2019-03-01,nickel,Nickel,NA,13026.27,9.474723366666748,0.02652976314618557,7.038283325927064e-4,14.717619047619047
2019-04-01,nickel,Nickel,NA,12772.79,9.455072405977536,-0.01965096068921185,3.861602560089496e-4,12.57
2019-05-01,nickel,Nickel,NA,12016.31,9.394020172605885,-0.06105223337165367,0.00372737519966686,17.937272727272727
2019-06-01,nickel,Nickel,NA,11943.94,9.387979315763676,-0.00604085684220675,3.64919513880362e-5,16.889
2019-07-01,nickel,Nickel,NA,13546.3,9.513868726288804,0.1258894105251279,0.01584814368236417,13.022272727272728
2019-08-01,nickel,Nickel,NA,15748.64,9.664509291319122,0.15064056503031847,0.02269257983265361,20.66590909090909
2019-09-01,nickel,Nickel,NA,17656.88,9.778880788108214,0.1143714967890915,0.01308083927777716,16.092
2019-10-01,nickel,Nickel,NA,17046.22,9.743683757252624,-0.03519703085558959,0.00123883098104932,16.411739130434782
2019-11-01,nickel,Nickel,NA,15171.81,9.627194379661564,-0.11648937759106036,0.01356977509155263,12.7645
2019-12-01,nickel,Nickel,NA,13829.42,9.534553485963048,-0.09264089369851644,0.00858233518525982,13.598571428571429
2020-01-01,nickel,Nickel,NA,13506.86,9.51095298351112,-0.02360050245192863,5.569837159834893e-4,14.055714285714286
2020-02-01,nickel,Nickel,NA,12715.55,9.45058093291756,-0.06037205059355874,0.00364478449287121,20.178421052631577
2020-03-01,nickel,Nickel,NA,11846.23,9.379764952484996,-0.07081598043256558,0.00501490308462551,63.317727272727275
2020-04-01,nickel,Nickel,NA,11804.01,9.37619458323292,-0.00357036925207292,1.2747536596147788e-5,43.6047619047619
2020-05-01,nickel,Nickel,NA,12179.61,9.407518521046812,0.031323937813891,9.811890801685109e-4,31.078
2020-06-01,nickel,Nickel,NA,12727.15,9.451492785889435,0.04397426484262239,0.00193373596844909,29.99681818181818
2020-07-01,nickel,Nickel,NA,13402.3,9.50318161300128,0.05168882711184539,0.00267173484819824,24.80090909090909
2020-08-01,nickel,Nickel,NA,14537.75,9.584503993583612,0.08132238058233139,0.00661332958357754,20.337619047619047
2020-09-01,nickel,Nickel,NA,14857.49,9.606259394179846,0.02175540059623348,4.732974551025962e-4,28.017142857142854
2020-10-01,nickel,Nickel,NA,15239.36,9.631636833608177,0.02537743942833148,6.440144319386333e-4,30.815
2020-11-01,nickel,Nickel,NA,15807.73,9.668254339882273,0.03661750627409382,0.0013408417657333,25.357
2020-12-01,nickel,Nickel,NA,16823.04,9.730504654413537,0.06225031453126328,0.0038751016592412,21.704090909090908
2021-01-01,nickel,Nickel,NA,17863.18,9.79049689009296,0.05999223567942501,0.00359906834181567,23.288947368421052
2021-02-01,nickel,Nickel,NA,18584.38,9.830076721938138,0.03957983184517831,0.00156656308889259,21.877894736842105
2021-03-01,nickel,Nickel,NA,16406.66,9.705442628937968,-0.12463409300016942,0.01553365713797488,21.119565217391305
2021-04-01,nickel,Nickel,NA,16521.25,9.712402710072016,0.00696008113404855,4.8442729392538584e-5,16.409523809523808
2021-05-01,nickel,Nickel,NA,17577.06,9.774349921758873,0.06194721168685647,0.0038374570357762,18.599
2021-06-01,nickel,Nickel,NA,17979.57,9.796991392278008,0.02264147051913516,5.126361872688669e-4,14.940454545454545
2021-07-01,nickel,Nickel,NA,18818.51,9.842596238910591,0.04560484663258572,0.00207980203638166,15.47095238095238
2021-08-01,nickel,Nickel,NA,19141.3,9.859603583285608,0.01700734437501481,2.8924976269034805e-4,15.008181818181818
2021-09-01,nickel,Nickel,NA,19376.88,9.871835881772288,0.01223229848667849,1.4962912626719708e-4,17.5625
1990-01-01,platinum,Platinum,NA,497.66,6.209917112934068,-0.01821906696781526,3.3193440117773717e-4,23.49909090909091
1990-02-01,platinum,Platinum,NA,516.1,6.246300545154681,0.03638343222061318,0.00132375414015195,23.326842105263157
1990-03-01,platinum,Platinum,NA,497.06,6.208710743156108,-0.03758980199857376,0.00141299321429197,18.831363636363637
1990-04-01,platinum,Platinum,NA,478.15,6.169924490795552,-0.03878625236055614,0.00150437337217674,20.4575
1990-05-01,platinum,Platinum,NA,488.55,6.191441820390352,0.02151732959480059,4.6299547289128126e-4,18.151818181818182
1990-06-01,platinum,Platinum,NA,481.11,6.176095934188827,-0.015345886201525,2.354962233101555e-4,17.582857142857144
1990-07-01,platinum,Platinum,NA,478.79,6.17126208791851,-0.00483384627031651,2.3366069765052916e-5,18.93285714285714
1990-08-01,platinum,Platinum,NA,492.73,6.199961356675353,0.02869926875684281,8.236480271774939e-4,27.77521739130435
1990-09-01,platinum,Platinum,NA,461.66,6.134828689415852,-0.0651326672595014,0.00424226434433692,28.818947368421053
1990-10-01,platinum,Platinum,NA,424.95,6.051971514944635,-0.08285717447121702,0.00686531136135369,30.130434782608695
1990-11-01,platinum,Platinum,NA,422.24,6.045573872755014,-0.00639764218962124,4.092982558642176e-5,25.106666666666666
1990-12-01,platinum,Platinum,NA,420.07,6.040421364056734,-0.00515250869827921,2.6548345885842937e-5,22.5845
1991-01-01,platinum,Platinum,NA,407.84,6.010874940627805,-0.02954642342892954,8.729911374415967e-4,26.93181818181818
1991-02-01,platinum,Platinum,NA,386.79,5.9578819100908555,-0.05299303053694927,0.00280826128549003,22.11263157894737
1991-03-01,platinum,Platinum,NA,399.99,5.991439546795477,0.03355763670462092,0.00112611498119932,19.041052631578943
1991-04-01,platinum,Platinum,NA,396.88,5.983633967992794,-0.00780557880268334,6.0927060444899616e-5,18.92727272727273
1991-05-01,platinum,Platinum,NA,389.64,5.965223235902755,-0.01841073209003856,3.389550560911756e-4,17.180454545454545
1991-06-01,platinum,Platinum,NA,376.05,5.929722113272412,-0.03550112263034275,0.00126032970801463,17.575
1991-07-01,platinum,Platinum,NA,376.03,5.929668927441105,-5.3185831307141654e-5,2.8287326518317295e-9,17.669545454545453
1991-08-01,platinum,Platinum,NA,346.35,5.847449824468614,-0.08221910297249077,0.00675998089360104,15.932727272727272
1991-09-01,platinum,Platinum,NA,349.34,5.856045660000246,0.0085958355316326,7.388838848687754e-5,17.029
1991-10-01,platinum,Platinum,NA,362.48,5.8929693003588826,0.03692364035863599,0.00136335521733389,16.846363636363638
1991-11-01,platinum,Platinum,NA,365.11,5.90019867804273,0.00722937768384702,5.226390169570539e-5,17.6815
1991-12-01,platinum,Platinum,NA,353.3,5.8673175543650995,-0.03288112367763025,0.00108116829430361,18.018571428571427
1992-01-01,platinum,Platinum,NA,341.19,5.832439506864463,-0.03487804750063668,0.00121647819745666,17.499545454545455
1992-02-01,platinum,Platinum,NA,362.12,5.891975648607239,0.05953614174277671,0.003544552173616,17.050526315789472
1992-03-01,platinum,Platinum,NA,356.94,5.8775677004278695,-0.01440794817937034,2.0758897073942125e-4,16.222727272727273
1992-04-01,platinum,Platinum,NA,347.3,5.850188959750028,-0.02737874067784098,7.495954411044645e-4,16.18857142857143
1992-05-01,platinum,Platinum,NA,358.59,5.8821796745579995,0.03199071480797091,0.00102340583392492,14.728
1992-06-01,platinum,Platinum,NA,369.13,5.911148885519248,0.02896921096124878,8.392151837173367e-4,14.75318181818182
1992-07-01,platinum,Platinum,NA,383.12,5.948348256034354,0.03719937051510581,0.00138379316672012,13.303636363636365
1992-08-01,platinum,Platinum,NA,359.55,5.884853249548503,-0.0634950064858508,0.00403161584863823,14.422380952380951
1992-09-01,platinum,Platinum,NA,362.14,5.8920308773924965,0.00717762784399347,5.15183414668704e-5,14.258571428571427
1992-10-01,platinum,Platinum,NA,358.07,5.880728498013316,-0.01130237937918012,1.2774377963091618e-4,17.478636363636365
1992-11-01,platinum,Platinum,NA,356.11,5.875239671888878,-0.00548882612443788,3.0127212224311764e-5,14.594
1992-12-01,platinum,Platinum,NA,361.97,5.891561335463443,0.01632166357456495,2.663967018412805e-4,12.781363636363636
1993-01-01,platinum,Platinum,NA,359.14,5.883712284613752,-0.00784905084969173,6.160759924104647e-5,12.5745
1993-02-01,platinum,Platinum,NA,359.02,5.883378097242924,-3.341873708277568e-4,1.1168119882076865e-7,13.505263157894737
1993-03-01,platinum,Platinum,NA,350.46,5.859246577280273,-0.02413151996265108,5.82330255707828e-4,13.657391304347826
1993-04-01,platinum,Platinum,NA,368.01,5.90811011171277,0.04886353443249738,0.00238764499723585,13.49952380952381
1993-05-01,platinum,Platinum,NA,385.16,5.953658832372083,0.04554872065931292,0.00207468595370011,13.535
1993-06-01,platinum,Platinum,NA,383.02,5.948087207138413,-0.00557162523366983,3.104300774446646e-5,13.002272727272729
1993-07-01,platinum,Platinum,NA,403.65,6.000548165841025,0.05246095870261094,0.00275215218799705,11.99952380952381
1993-08-01,platinum,Platinum,NA,391.9,5.9710067052055855,-0.02954146063543873,8.726978964751762e-4,11.952272727272728
1993-09-01,platinum,Platinum,NA,362.46,5.892914123378705,-0.07809258182688089,0.00609845133638808,12.621428571428572
1993-10-01,platinum,Platinum,NA,367.91,5.90783834304059,0.01492421966188527,2.2273233251620295e-4,11.377142857142855
1993-11-01,platinum,Platinum,NA,374.41,5.925351453648457,0.01751311060786668,3.067090431633726e-4,13.370952380952382
1993-12-01,platinum,Platinum,NA,383.17,5.948478754931823,0.02312730128336672,5.348720646516161e-4,10.864545454545455
1994-01-01,platinum,Platinum,NA,387.8,5.9604897428085515,0.012010987876728,1.4426382977490707e-4,10.605238095238096
1994-02-01,platinum,Platinum,NA,394.02,5.9764016694309365,0.01591192662238465,2.5318940883615337e-4,12.885263157894736
1994-03-01,platinum,Platinum,NA,400.28,5.992164302222255,0.01576263279131914,2.4846059251396946e-4,14.240869565217391
1994-04-01,platinum,Platinum,NA,397.9,5.986200717432883,-0.00596358478937239,3.556434354003376e-5,15.334736842105263
1994-05-01,platinum,Platinum,NA,398.01,5.986477130596935,2.7641316405216984e-4,7.640423726133175e-8,13.39
1994-06-01,platinum,Platinum,NA,401.09,5.9941858410266695,0.00770871042973462,5.942421648949931e-5,12.94590909090909
1994-07-01,platinum,Platinum,NA,411.95,6.020901982761599,0.02671614173492944,7.13752229200839e-4,12.1635
1994-08-01,platinum,Platinum,NA,412.19,6.0214844080941505,5.824253325512571e-4,3.3921926799744237e-7,11.39304347826087
1994-09-01,platinum,Platinum,NA,417.28,6.033757459298234,0.01227305120408318,1.5062778585804774e-4,12.612380952380953
1994-10-01,platinum,Platinum,NA,419.4,6.03882511846782,0.00506765916958606,2.5681169459089763e-5,15.04952380952381
1994-11-01,platinum,Platinum,NA,412.37,6.0219210045889096,-0.01690411387891025,2.8574906603116634e-4,16.249523809523808
1994-12-01,platinum,Platinum,NA,410.85,6.018228184377197,-0.00369282021171234,1.3636921116031244e-5,13.806666666666668
1995-01-01,platinum,Platinum,NA,413.9,6.025624398754687,0.00739621437748967,5.470398711778498e-5,11.711904761904762
1995-02-01,platinum,Platinum,NA,413.97,6.0257935074315725,1.6910867688621866e-4,2.8597744598207513e-8,11.197368421052632
1995-03-01,platinum,Platinum,NA,416.89,6.032822398031547,0.00702889059997395,4.9405303066402193e-5,11.971304347826086
1995-04-01,platinum,Platinum,NA,448.29,6.105440344421411,0.07261794638986473,0.00527336613788126,12.51684210526316
1995-05-01,platinum,Platinum,NA,437.35,6.080733789865864,-0.02470655455554753,6.104138380062466e-4,12.458636363636364
1995-06-01,platinum,Platinum,NA,438.53,6.083428224523346,0.00269443465748202,7.2599781234403e-6,13.17909090909091
1995-07-01,platinum,Platinum,NA,433.63,6.072191635923926,-0.01123658859942029,1.2626092335262212e-4,14.0765
1995-08-01,platinum,Platinum,NA,425.34,6.052888849094981,-0.01930278682894472,3.725975793636821e-4,13.348695652173912
1995-09-01,platinum,Platinum,NA,429.65,6.062970923759232,0.01008207466425082,1.016482295355283e-4,12.237
1995-10-01,platinum,Platinum,NA,412.66,6.0226240093570835,-0.04034691440214801,0.00162787350177425,14.237727272727271
1995-11-01,platinum,Platinum,NA,413.12,6.023738107658278,0.00111409830119372,1.241215024722736e-6,12.971904761904762
1995-12-01,platinum,Platinum,NA,408.71,6.01300585809571,-0.01073224956256809,1.1518118067324304e-4,12.288
1996-01-01,platinum,Platinum,NA,415.48,6.029434478359611,0.01642862026390116,2.698995637754638e-4,14.150454545454544
1996-02-01,platinum,Platinum,NA,420.21,6.040754586319065,0.0113201079594542,1.281448442136983e-4,16.238
1996-03-01,platinum,Platinum,NA,411.19,6.019055394779095,-0.02169919153997079,4.708549134883402e-4,19.081904761904763
1996-04-01,platinum,Platinum,NA,404.39,6.0023797588484875,-0.01667563593060682,2.780768336901451e-4,17.512857142857143
1996-05-01,platinum,Platinum,NA,401.42,5.995008260731347,-0.00737149811714039,5.433898449100442e-5,16.96681818181818
1996-06-01,platinum,Platinum,NA,392.25,5.9718993916131415,-0.02310886911820512,5.340198319223342e-4,17.6755
1996-07-01,platinum,Platinum,NA,393.66,5.975487592584841,0.0035882009716993,1.2875186213303804e-5,19.341818181818184
1996-08-01,platinum,Platinum,NA,400.03,5.991539544295622,0.01605195171078121,2.5766515372525195e-4,16.478181818181817
1996-09-01,platinum,Platinum,NA,389.86,5.965787700317999,-0.0257518439776236,6.631574682478692e-4,17.2785
1996-10-01,platinum,Platinum,NA,384.18,5.951111192758765,-0.01467650755923316,2.1539987413622807e-4,17.401304347826088
1996-11-01,platinum,Platinum,NA,381.98,5.945368251215008,-0.00574294154375735,3.298137757501405e-5,17.1635
1996-12-01,platinum,Platinum,NA,370.7,5.915393110156686,-0.02997514105832199,8.985090814663012e-4,20.118
1997-01-01,platinum,Platinum,NA,360.1,5.88638177065483,-0.0290113395018569,8.41657819692003e-4,21.031363636363636
1997-02-01,platinum,Platinum,NA,365.01,5.899924750467467,0.01354297981263769,1.8341230220551223e-4,21.647894736842105
1997-03-01,platinum,Platinum,NA,378.9,5.937272318024555,0.03734756755708763,0.00139484080243122,22.3035
1997-04-01,platinum,Platinum,NA,371.08,5.91641767278507,-0.02085464523948431,4.3491622806474583e-4,21.507727272727273
1997-05-01,platinum,Platinum,NA,387.5,5.959715848793402,0.04329817600833095,0.0018747320456484,21.927619047619046
1997-06-01,platinum,Platinum,NA,430.76,6.06555109046068,0.10583524166727852,0.01120109837877125,22.743333333333332
1997-07-01,platinum,Platinum,NA,415.52,6.029530747914438,-0.03602034254624183,0.00129746507714859,23.24772727272727
1997-08-01,platinum,Platinum,NA,424.55,6.051029784445372,0.02149903653093418,4.622085717584424e-4,25.153809523809525
1997-09-01,platinum,Platinum,NA,424.73,6.051453672921953,4.238884765806277e-4,1.796814405778453e-7,25.59285714285714
1997-10-01,platinum,Platinum,NA,423.12,6.047655826757724,-0.00379784616422863,1.4423635487146154e-5,25.615652173913045
1997-11-01,platinum,Platinum,NA,392.29,5.9720013621947174,-0.07565446456300688,0.00572359800831526,31.545263157894738
1997-12-01,platinum,Platinum,NA,365.42,5.901047376983519,-0.07095398521119828,0.00503446801735094,26.473181818181818
1998-01-01,platinum,Platinum,NA,373.86,5.923881395784186,0.02283401880066619,5.213924145891772e-4,24.4275
1998-02-01,platinum,Platinum,NA,386.08,5.956044601876721,0.03216320609253598,0.0010344718261509401,20.386315789473684
1998-03-01,platinum,Platinum,NA,398.99,5.988936353919148,0.0328917520424267,0.00108186735242048,20.543181818181814
1998-04-01,platinum,Platinum,NA,413.75,6.025261926691273,0.03632557277212449,0.00131954723722291,22.53809523809524
1998-05-01,platinum,Platinum,NA,388.9,5.963322241161702,-0.0619396855295711,0.00383652464350215,21.4485
1998-06-01,platinum,Platinum,NA,355.43,5.873328324088284,-0.08999391707341764,0.00809890511021717,21.996363636363636
1998-07-01,platinum,Platinum,NA,378.43,5.936031115219069,0.06270279113078457,0.00393164001559079,20.25181818181818
1998-08-01,platinum,Platinum,NA,369.18,5.911284329980454,-0.02474678523861468,6.124033796461176e-4,31.48857142857143
1998-09-01,platinum,Platinum,NA,361.15,5.889293384496856,-0.02199094548359817,4.8360168326258687e-4,39.247142857142855
1998-10-01,platinum,Platinum,NA,342.6,5.83656358589002,-0.05272979860683612,0.00278043166111749,37.45409090909091
1998-11-01,platinum,Platinum,NA,347.18,5.849843377440403,0.01327979155038356,1.7635286362163862e-4,25.038
1998-12-01,platinum,Platinum,NA,351.79,5.863034406657839,0.0131910292174353,1.740032518152318e-4,25.47681818181818
1999-01-01,platinum,Platinum,NA,355.11,5.872427600633912,0.00939319397607352,8.823209307214403e-5,28.616842105263157
1999-02-01,platinum,Platinum,NA,364.07,5.897346156840294,0.02491855620638237,6.209344434106374e-4,29.93842105263158
1999-03-01,platinum,Platinum,NA,369.93,5.913313798550549,0.01596764171025436,2.549655817870548e-4,26.475652173913044
1999-04-01,platinum,Platinum,NA,357.15,5.878155861600981,-0.03515793694956743,0.00123608053054975,24.693809523809524
1999-05-01,platinum,Platinum,NA,356.01,5.8749588203451575,-0.00319704125582407,1.0221072791441209e-5,27.3765
1999-06-01,platinum,Platinum,NA,356.78,5.877119345323122,0.00216052497796411,4.667868180406834e-6,24.123636363636365
1999-07-01,platinum,Platinum,NA,349.06,5.8552438271966905,-0.02187551812643089,4.7853829329980657e-4,21.486666666666668
1999-08-01,platinum,Platinum,NA,350.06,5.858104568362689,0.002860741165999,8.183840018841356e-6,24.90909090909091
1999-09-01,platinum,Platinum,NA,370.93,5.9160133655599845,0.057908797197294463,0.00335342879283737,25.58
1999-10-01,platinum,Platinum,NA,421.14,6.042965319970385,0.126951954410401,0.01611679872862053,25.37
1999-11-01,platinum,Platinum,NA,434.02,6.073090615987927,0.03012529601754195,9.075334601445292e-4,22.22952380952381
1999-12-01,platinum,Platinum,NA,439.13,6.084795496800701,0.01170488081277408,1.3700423484124696e-4,23.222272727272728
2000-01-01,platinum,Platinum,NA,441,6.089044875446846,0.00424937864614498,1.805721887831302e-5,24.9385
2000-02-01,platinum,Platinum,NA,519.71,6.253270963699584,0.16422608825273757,0.02697020806279594,25.456
2000-03-01,platinum,Platinum,NA,479.33,6.1723892954857815,-0.08088166821380201,0.00654184425304755,24.810434782608695
2000-04-01,platinum,Platinum,NA,497.55,6.209696054061171,0.03730675857538945,0.00139179423540239,29.833157894736843
2000-05-01,platinum,Platinum,NA,525.89,6.265092065392643,0.05539601133147215,0.00306871807143659,29.42909090909091
2000-06-01,platinum,Platinum,NA,559.73,6.327454524603811,0.06236245921116788,0.00388907631886457,24.31772727272727
2000-07-01,platinum,Platinum,NA,560.29,6.328454506830316,9.999822265047075e-4,9.999644533253122e-7,22.66
2000-08-01,platinum,Platinum,NA,577.61,6.358898900448138,0.03044439361782247,9.268611027569098e-4,20.484347826086957
2000-09-01,platinum,Platinum,NA,591.9,6.3833377016966795,0.02443880124854078,5.972550064656788e-4,22.3365
2000-10-01,platinum,Platinum,NA,579.72,6.362545228354316,-0.0207924733423637,4.3232694769290535e-4,28.21409090909091
2000-11-01,platinum,Platinum,NA,593.34,6.385767590509954,0.02322236215563882,5.392781040876463e-4,29.21190476190476
2000-12-01,platinum,Platinum,NA,609.5,6.412638948921326,0.0268713584113718,7.220699028724022e-4,30.1045
2001-01-01,platinum,Platinum,NA,620.47,6.430477255369489,0.01783830644816244,3.1820517693855366e-4,27.83
2001-02-01,platinum,Platinum,NA,600.92,6.398461814194222,-0.03201544117526583,0.0010249884736469,26.159473684210525
2001-03-01,platinum,Platinum,NA,584.23,6.370294740911775,-0.02816707328244765,7.933840172987764e-4,32.42318181818182
2001-04-01,platinum,Platinum,NA,594.86,6.388326083741979,0.01803134283020354,3.251293242603326e-4,32.245
2001-05-01,platinum,Platinum,NA,610.7,6.414605840229089,0.02627975648711025,6.906256010218132e-4,26.095
2001-06-01,platinum,Platinum,NA,579.72,6.362545228354316,-0.05206061187477353,0.00271030730877581,23.30047619047619
2001-07-01,platinum,Platinum,NA,530.84,6.2744606575690485,-0.08808457078526713,0.00775889161042473,24.85904761904762
2001-08-01,platinum,Platinum,NA,451.7,6.113018242660559,-0.16144241490849015,0.02606365333148508,24.260434782608694
2001-09-01,platinum,Platinum,NA,457.9,6.12665081966305,0.01363257700249133,1.858471557288555e-4,38.55133333333333
2001-10-01,platinum,Platinum,NA,431.39,6.067012553343319,-0.0596382663197311,0.00355672280962317,34.44695652173913
2001-11-01,platinum,Platinum,NA,429.89,6.063529362008149,-0.00348319133516959,1.2132621877400527e-5,28.25428571428571
2001-12-01,platinum,Platinum,NA,461.73,6.1349803046599725,0.0714509426518234,0.00510523720583415,24.5395
2002-01-01,platinum,Platinum,NA,472.11,6.157212009280883,0.0222317046209104,4.942486903514092e-4,23.615238095238094
2002-02-01,platinum,Platinum,NA,471.15,6.155176514652765,-0.00203549462811755,4.143238381095427e-6,24.66842105263158
2002-03-01,platinum,Platinum,NA,512.05,6.2384222765214465,0.08324576186868136,0.0069298568690972,21.014
2002-04-01,platinum,Platinum,NA,539.2,6.290086559598097,0.05166428307665074,0.0026691981458243,21.814545454545453
2002-05-01,platinum,Platinum,NA,533.85,6.280114900624311,-0.00997165897378598,9.943398268948647e-5,22.63
2002-06-01,platinum,Platinum,NA,554.7,6.318427427061189,0.03831252643687755,0.00146784968197644,28.599
2002-07-01,platinum,Platinum,NA,526.2,6.2656813686061925,-0.05274605845499644,0.0027821466825379,38.49727272727273
2002-08-01,platinum,Platinum,NA,544.84,6.300492173579141,0.03481080497294855,0.00121179214286465,37.25272727272727
2002-09-01,platinum,Platinum,NA,556.33,6.321361643364032,0.0208694697848911,4.355347691024828e-4,41.656
2002-10-01,platinum,Platinum,NA,580.2,6.363372871687304,0.04201122832327152,0.00176494330523005,41.39739130434783
2002-11-01,platinum,Platinum,NA,588.1,6.3768970014659105,0.01352412977860651,1.829020862685916e-4,32.005
2002-12-01,platinum,Platinum,NA,595.44,6.389300628051656,0.01240362658574508,1.538499524786022e-4,31.830952380952382
2003-01-01,platinum,Platinum,NA,627.91,6.442396844096128,0.05309621604447202,0.00281920815824124,30.66857142857143
2003-02-01,platinum,Platinum,NA,681.7,6.52458967836874,0.08219283427261237,0.00675566200576512,36.54052631578948
2003-03-01,platinum,Platinum,NA,674.33,6.513719605333686,-0.01087007303505336,1.1815848778739431e-4,35.194761904761904
2003-04-01,platinum,Platinum,NA,624.91,6.437607639367406,-0.07611196596628032,0.00579303136325221,27.14238095238095
2003-05-01,platinum,Platinum,NA,650.36,6.477526055727354,0.03991841635994839,0.00159347996468619,22.548571428571428
2003-06-01,platinum,Platinum,NA,661.67,6.494766942223867,0.01724088649651232,2.972481671856209e-4,22.34904761904762
2003-07-01,platinum,Platinum,NA,681.52,6.524325597734585,0.02955865551071825,8.737141156013143e-4,21.206818181818186
2003-08-01,platinum,Platinum,NA,692.19,6.539860484405182,0.01553488667059687,2.413327038682885e-4,20.829047619047618
2003-09-01,platinum,Platinum,NA,705.25,6.558552349882105,0.01869186547692377,3.493858350074147e-4,20.682380952380953
2003-10-01,platinum,Platinum,NA,732.48,6.596436036764202,0.03788368688209612,0.0014351737317807,19.184347826086956
2003-11-01,platinum,Platinum,NA,760.38,6.633818308322028,0.03738227155782588,0.00139743422682303,17.838947368421053
2003-12-01,platinum,Platinum,NA,807.87,6.694401154487627,0.06058284616559892,0.00367028124952462,16.375454545454545
2004-01-01,platinum,Platinum,NA,849.93,6.745153993151996,0.05075283866436912,0.00257585063249148,15.834
2004-02-01,platinum,Platinum,NA,846.32,6.740897538678519,-0.0042564544734768,1.811740468478072e-5,15.924736842105265
2004-03-01,platinum,Platinum,NA,899.76,6.802128061095766,0.06123052241724706,0.00374917687548899,17.73304347826087
2004-04-01,platinum,Platinum,NA,880.64,6.7806489158648695,-0.02147914523089677,4.6135367984995537e-4,15.788095238095238
2004-05-01,platinum,Platinum,NA,809.83,6.696824349096111,-0.08382456676875855,0.00702655799397005,18.076
2004-06-01,platinum,Platinum,NA,807.55,6.694004972684522,-0.00281937641158872,7.948883350222938e-6,15.045238095238096
2004-07-01,platinum,Platinum,NA,809.52,6.696441479421504,0.00243650673698235,5.9365650793603965e-6,15.668571428571427
2004-08-01,platinum,Platinum,NA,848.68,6.743682201244916,0.04724072182341112,0.00223168579839691,16.592727272727274
2004-09-01,platinum,Platinum,NA,847.89,6.742750910396796,-9.312908481199342e-4,8.673026437919464e-7,13.880476190476193
2004-10-01,platinum,Platinum,NA,841.43,6.735102825381747,-0.00764808501504871,5.849320439741267e-5,15.184761904761904
2004-11-01,platinum,Platinum,NA,854.41,6.750411172257288,0.01530834687554071,2.3434548406187712e-4,14.05
2004-12-01,platinum,Platinum,NA,848.24,6.743163614617543,-0.00724755763974513,5.2527091741428114e-5,13.014090909090909
2005-01-01,platinum,Platinum,NA,859.07,6.75585040876889,0.01268679415134739,1.6095474583866236e-4,13.512
2005-02-01,platinum,Platinum,NA,864.32,6.761943070604251,0.00609266183536063,3.712052824005998e-5,11.562631578947368
2005-03-01,platinum,Platinum,NA,866.83,6.764842879123281,0.00289980851902962,8.408889447036793e-6,12.880454545454546
2005-04-01,platinum,Platinum,NA,864.86,6.762567644121819,-0.00227523500146167,5.176694311876322e-6,14.057142857142855
2005-05-01,platinum,Platinum,NA,866.23,6.764150462214492,0.00158281809267361,2.505313114494933e-6,13.17904761904762
2005-06-01,platinum,Platinum,NA,880.09,6.780024174970026,0.01587371275553351,2.5197475664518745e-4,11.241818181818182
2005-07-01,platinum,Platinum,NA,873.67,6.772702729985675,-0.0073214449843505,5.36035566588711e-5,10.489
2005-08-01,platinum,Platinum,NA,898.43,6.80064879556484,0.02794606557916398,7.80982581354934e-4,11.985217391304348
2005-09-01,platinum,Platinum,NA,914.64,6.818530545233714,0.01788174966887485,3.197569712203059e-4,11.959047619047618
2005-10-01,platinum,Platinum,NA,931,6.836259277277067,0.01772873204335257,3.1430793986499616e-4,14.582380952380952
2005-11-01,platinum,Platinum,NA,962.61,6.869648345346111,0.03338906806904315,0.00111482986651919,11.606190476190475
2005-12-01,platinum,Platinum,NA,976.59,6.884066911968335,0.01441856662222543,2.0789506343955335e-4,10.923809523809524
2006-01-01,platinum,Platinum,NA,1026.05,6.933471757486774,0.04940484551843764,0.00244083876070068,11.7115
2006-02-01,platinum,Platinum,NA,1041.5,6.948417260701027,0.0149455032142535,2.233680663272618e-4,11.867368421052632
2006-03-01,platinum,Platinum,NA,1041.09,6.948023520209334,-3.937404916926019e-4,1.5503157479833197e-7,11.19086956521739
2006-04-01,platinum,Platinum,NA,1098.75,7.0019284489993865,0.05390492879005252,0.00290574134786063,11.163684210526316
2006-05-01,platinum,Platinum,NA,1260.83,7.139525513236776,0.13759706423738882,0.0189329520867481,13.488181818181818
2006-06-01,platinum,Platinum,NA,1188.55,7.080489355751266,-0.05903615748551013,0.00348526789065395,15.891363636363636
2006-07-01,platinum,Platinum,NA,1228.83,7.113817776157889,0.03332842040662383,0.00111078360680066,14.522
2006-08-01,platinum,Platinum,NA,1233.52,7.117627149863098,0.00380937370520786,1.4511328025929116e-5,12.560434782608697
2006-09-01,platinum,Platinum,NA,1183.6,7.076315920526055,-0.04131122933704272,0.00170661766933773,11.397
2006-10-01,platinum,Platinum,NA,1082.45,6.986982269433439,-0.08933365109261504,0.00798050121753708,10.808636363636364
2006-11-01,platinum,Platinum,NA,1183,7.075808863978387,0.08882659454494737,0.00789016389845247,10.484285714285717
2006-12-01,platinum,Platinum,NA,1121.19,7.022145900235518,-0.05366296374286889,0.00287971367766846,10.499
2007-01-01,platinum,Platinum,NA,1146.65,7.0445999267099815,0.02245402647446313,5.041833049158914e-4,10.627
2007-02-01,platinum,Platinum,NA,1204.55,7.093861332193783,0.04926140548380226,0.00242668607023958,10.920526315789472
2007-03-01,platinum,Platinum,NA,1218.77,7.105597432433821,0.01173610024003703,1.377360488441973e-4,14.921363636363637
2007-04-01,platinum,Platinum,NA,1275.81,7.151336549996293,0.04573911756247235,0.00209206687539366,12.246
2007-05-01,platinum,Platinum,NA,1300.65,7.170619418491279,0.0192828684949864,3.718290173949391e-4,12.965
2007-06-01,platinum,Platinum,NA,1286.24,7.159478512579651,-0.01114090591162851,1.2411978453175917e-4,14.881904761904762
2007-07-01,platinum,Platinum,NA,1303.02,7.172439926201215,0.01296141362156396,1.6799824306926395e-4,17.247619047619047
2007-08-01,platinum,Platinum,NA,1263.61,7.141727982793418,-0.03071194340779658,9.432234678837e-4,25.12
2007-09-01,platinum,Platinum,NA,1307.65,7.175986912112272,0.03425892931885416,0.00117367423807424,22.182105263157897
2007-10-01,platinum,Platinum,NA,1410.7,7.251841314080456,0.07585440196818442,0.0057538902979509,18.859565217391303
2007-11-01,platinum,Platinum,NA,1448.73,7.278442589554357,0.02660127547390085,7.076278568383591e-4,26.65714285714286
2007-12-01,platinum,Platinum,NA,1492.9,7.308475816059545,0.0300332265051871,9.019946943118732e-4,23.0965
2008-01-01,platinum,Platinum,NA,1583.3,7.367266555507388,0.05879073944784396,0.00345635104482427,27.98952380952381
2008-02-01,platinum,Platinum,NA,1999.67,7.600737445928085,0.2334708904206965,0.05450865667383285,27.1565
2008-03-01,platinum,Platinum,NA,2025.19,7.61341880229964,0.0126813563715558,1.6081679942239887e-4,29.009
2008-04-01,platinum,Platinum,NA,1988.41,7.595090603377052,-0.0183281989225881,3.3592287574595975e-4,22.526818181818182
2008-05-01,platinum,Platinum,NA,2052.45,7.626789480493929,0.03169887711687613,0.00100481881047081,18.61
2008-06-01,platinum,Platinum,NA,2039.24,7.620332468405028,-0.00645701208890102,4.169300511621394e-5,23.19142857142857
2008-07-01,platinum,Platinum,NA,1904.43,7.551938030189356,-0.06839443821567243,0.00467779917883743,25.66227272727273
2008-08-01,platinum,Platinum,NA,1485.55,7.303540353036995,-0.24839767715236016,0.06170140601468815,22.25952380952381
2008-09-01,platinum,Platinum,NA,1223.18,7.109209303925262,-0.1943310491117332,0.03776455664886687,33.21142857142857
2008-10-01,platinum,Platinum,NA,912.57,6.816264794843174,-0.2929445090820883,0.08581648540134572,65.44652173913043
2008-11-01,platinum,Platinum,NA,840.3,6.733758970934172,-0.082505823909001,0.00680721097890308,65.42684210526316
2008-12-01,platinum,Platinum,NA,839.7,6.733044685189517,-7.142857446548653e-4,5.102041250171554e-7,55.07545454545455
2009-01-01,platinum,Platinum,NA,947.41,6.853731945637661,0.12068726044814354,0.01456541483447803,44.2915
2009-02-01,platinum,Platinum,NA,1033.25,6.940464453391842,0.08673250775418063,0.007522527901329,45.38947368421053
2009-03-01,platinum,Platinum,NA,1081.77,6.986353867494286,0.04588941410244456,0.00210583832666563,46.09045454545455
2009-04-01,platinum,Platinum,NA,1165.45,7.060862557512679,0.0745086900183925,0.0055515448882569,38.89857142857143
2009-05-01,platinum,Platinum,NA,1128.67,7.028795227357881,-0.03206733015479762,0.00102831366325679,32.11
2009-06-01,platinum,Platinum,NA,1217.86,7.104850499134708,0.07605527177682696,0.00578440436504701,27.935454545454547
2009-07-01,platinum,Platinum,NA,1162.26,7.05812166453454,-0.04672883460016763,0.00218358398308982,25.924545454545456
2009-08-01,platinum,Platinum,NA,1244.57,7.126545367714767,0.06842370318022713,0.00468180315689582,24.306190476190476
2009-09-01,platinum,Platinum,NA,1288.7,7.161389237294346,0.03484386957957824,0.00121409524727865,23.85761904761905
2009-10-01,platinum,Platinum,NA,1332.77,7.195014762155646,0.0336255248612998,0.00113067592219789,23.250454545454545
2009-11-01,platinum,Platinum,NA,1400.62,7.244670274713925,0.04965551255827898,0.0024656699274254,22.546
2009-12-01,platinum,Platinum,NA,1437.48,7.27064685953124,0.02597658481731568,6.747829587711958e-4,19.845454545454544
2010-01-01,platinum,Platinum,NA,1557.9,7.351094039518383,0.08044717998714307,0.00647174876788379,19.527368421052632
2010-02-01,platinum,Platinum,NA,1520.35,7.326695850491725,-0.0243981890266583,5.952716277805498e-4,21.771052631578947
2010-03-01,platinum,Platinum,NA,1599.43,7.377402594755766,0.05070674426404153,0.0025711739138589,16.925217391304347
2010-04-01,platinum,Platinum,NA,1710.5,7.444541004417659,0.06713840966189313,0.00450756605192818,16.136666666666667
2010-05-01,platinum,Platinum,NA,1624.86,7.393176937206229,-0.05136406721143124,0.00263826740050042,30.0335
2010-06-01,platinum,Platinum,NA,1553.23,7.348091912633638,-0.04508502457258966,0.00203265944071101,28.94090909090909
2010-07-01,platinum,Platinum,NA,1525.59,7.330136499466614,-0.01795541316702421,3.223968619985465e-4,25.016666666666666
2010-08-01,platinum,Platinum,NA,1540.59,7.339920738920258,0.00978423945364347,9.573134168623356e-5,24.15590909090909
2010-09-01,platinum,Platinum,NA,1591.75,7.372589318897135,0.03266857997687697,0.0010672361177056,21.322380952380954
2010-10-01,platinum,Platinum,NA,1688.69,7.431708359405628,0.05911904050849374,0.00349506095064492,19.86095238095238
2010-11-01,platinum,Platinum,NA,1692.77,7.434121519389739,0.00241315998411092,5.823341108914258e-6,19.395238095238096
2010-12-01,platinum,Platinum,NA,1711.39,7.445061184797548,0.01093966540780873,1.19676279234807e-4,16.58681818181818
2011-01-01,platinum,Platinum,NA,1785.43,7.4874145615614145,0.04235337676386611,0.00179380852330199,15.723
2011-02-01,platinum,Platinum,NA,1825.9,7.509828295142687,0.02241373358127316,5.023754530522923e-4,15.72
2011-03-01,platinum,Platinum,NA,1770.17,7.478830866153571,-0.03099742898911698,9.6084060393535e-4,19.893478260869564
2011-04-01,platinum,Platinum,NA,1797.9,7.494374596132249,0.01554372997867895,2.416075416500829e-4,15.208
2011-05-01,platinum,Platinum,NA,1786.55,7.488041664757235,-0.00633293137501439,4.0106019800641655e-5,16.293809523809525
2011-06-01,platinum,Platinum,NA,1768.5,7.477887008645535,-0.01015465611169959,1.0311704074687798e-4,18.918636363636363
2011-07-01,platinum,Platinum,NA,1759.76,7.472932715097468,-0.00495429354806751,2.4545024560423373e-5,18.7405
2011-08-01,platinum,Platinum,NA,1804.7,7.498149651967252,0.0252169368697846,6.35893905094702e-4,35.068695652173915
2011-09-01,platinum,Platinum,NA,1748.11,7.466290483297315,-0.03185916866993711,0.0010150066283395,36.64380952380952
2011-10-01,platinum,Platinum,NA,1535.19,7.336409430862999,-0.12988105243431572,0.01686908778144547,32.00857142857143
2011-11-01,platinum,Platinum,NA,1596.98,7.375869624655065,0.03946019379206547,0.00155710689410736,31.412380952380953
2011-12-01,platinum,Platinum,NA,1454.59,7.282479352954612,-0.09339027170045318,0.00872174284828446,25.03952380952381
2012-01-01,platinum,Platinum,NA,1499.32,7.312766950970347,0.03028759801573502,9.17338593562756e-4,18.9415
2012-02-01,platinum,Platinum,NA,1657.76,7.413222572503441,0.1004556215330948,0.01009133189760038,16.691
2012-03-01,platinum,Platinum,NA,1655.41,7.411803991269101,-0.0014185812343402,2.01237271842218e-6,14.962727272727273
2012-04-01,platinum,Platinum,NA,1585.81,7.368850596783859,-0.04295339448524216,0.00184499409780483,17.177
2012-05-01,platinum,Platinum,NA,1470.7,7.293493756906268,-0.07535683987759118,0.00567865331633691,20.547272727272727
2012-06-01,platinum,Platinum,NA,1443.86,7.275075361843947,-0.01841839506232091,3.3923727667172724e-4,20.750476190476192
2012-07-01,platinum,Platinum,NA,1425.82,7.262502365797941,-0.01257299604600673,1.5808022957290084e-4,16.954761904761906
2012-08-01,platinum,Platinum,NA,1453.26,7.28156458768629,0.01906222188834965,3.6336830332067666e-4,14.969130434782608
2012-09-01,platinum,Platinum,NA,1623.65,7.392431980253067,0.11086739256677586,0.01229157873455558,14.31421052631579
2012-10-01,platinum,Platinum,NA,1635.83,7.399905599783028,0.00747361952996221,5.5854988878632664e-5,15.469047619047618
2012-11-01,platinum,Platinum,NA,1576.36,7.362873670728427,-0.0370319290546018,0.00137136376950506,17.155714285714286
2012-12-01,platinum,Platinum,NA,1582.25,7.366603163655415,0.00372949292698816,1.3909117492454754e-5,17.351
2013-01-01,platinum,Platinum,NA,1638.89130434783,7.401775258270014,0.03517209461459967,0.00123707623957835,13.121904761904762
2013-02-01,platinum,Platinum,NA,1674.55,7.423299751448068,0.02152449317805401,4.633038065720938e-4,13.512105263157894
2013-03-01,platinum,Platinum,NA,1582.95238095238,7.367046977907632,-0.05625277354043653,0.00316437453099163,12.3915
2013-04-01,platinum,Platinum,NA,1493.06818181818,7.30858846415766,-0.05845851374997182,0.00341739782985564,13.251363636363635
2013-05-01,platinum,Platinum,NA,1475.17391304348,7.296531168971541,-0.01205729518611922,1.453783672052137e-4,12.914090909090907
2013-06-01,platinum,Platinum,NA,1430.23,7.265590549481561,-0.03094061948997979,9.573219344237176e-4,17.156
2013-07-01,platinum,Platinum,NA,1401.47826086957,7.245282859153517,-0.02030769032804397,4.124022864597309e-4,13.626818181818182
2013-08-01,platinum,Platinum,NA,1496.09090909091,7.310610924797013,0.06532806564349562,0.00426775616072087,13.863636363636363
2013-09-01,platinum,Platinum,NA,1456.86,7.284038713726721,-0.0265722110702916,7.060824011641275e-4,14.2915
2013-10-01,platinum,Platinum,NA,1413.48,7.253810027758694,-0.03022868596802781,9.137734553536416e-4,14.32304347826087
2013-11-01,platinum,Platinum,NA,1420.1,7.258482570650967,0.00467254289227376,2.183265708013811e-5,11.9565
2013-12-01,platinum,Platinum,NA,1355.66666666667,7.212048617239117,-0.04643395341185005,0.00215611202945386,12.995238095238095
2014-01-01,platinum,Platinum,NA,1420.95,7.259080940989653,0.04703232375053601,0.00221203947737523,13.057142857142855
2014-02-01,platinum,Platinum,NA,1409.53,7.251011594470976,-0.00806934651867693,6.511435323848351e-5,14.179473684210526
2014-03-01,platinum,Platinum,NA,1451.62,7.280435453144249,0.02942385867327255,8.657634592247163e-4,13.592380952380951
2014-04-01,platinum,Platinum,NA,1430.33,7.265660465861599,-0.01477498728264975,2.1830024920246207e-4,13.485238095238095
2014-05-01,platinum,Platinum,NA,1456.27,7.283633651125281,0.01797318526368188,3.2303538852263155e-4,11.76142857142857
2014-06-01,platinum,Platinum,NA,1452.76,7.28122047442834,-0.00241317669694064,5.823421770657367e-6,10.298571428571428
2014-07-01,platinum,Platinum,NA,1492.18,7.307993416918508,0.0267729424901679,7.167904495818379e-4,10.638636363636364
2014-08-01,platinum,Platinum,NA,1446.33,7.276784592449088,-0.03120882446942017,9.739907247630792e-4,12.414761904761905
2014-09-01,platinum,Platinum,NA,1359.48,7.214857552673397,-0.06192703977569033,0.00383495825537993,11.91190476190476
2014-10-01,platinum,Platinum,NA,1259.76,7.138676505612154,-0.07618104706124348,0.00580355193134739,16.911304347826086
2014-11-01,platinum,Platinum,NA,1208.32,7.096986244077026,-0.04169026153512757,0.00173807790686733,12.243684210526316
2014-12-01,platinum,Platinum,NA,1215.32,7.102762695583274,0.00577645150624768,3.3367392004031185e-5,14.90681818181818
2015-01-01,platinum,Platinum,NA,1242.45,7.124840515712383,0.02207782012910859,4.8743014165327273e-4,17.9875
2015-02-01,platinum,Platinum,NA,1197.16,7.087707364127358,-0.03713315158502559,0.00137887094663648,15.321052631578947
2015-03-01,platinum,Platinum,NA,1138.64,7.03758984676237,-0.05011751736498725,0.00251176554682979,15.016818181818184
2015-04-01,platinum,Platinum,NA,1151.29,7.048638331808491,0.01104848504612091,1.2206902181435746e-4,13.758571428571427
2015-05-01,platinum,Platinum,NA,1140.4,7.039134357038517,-0.0095039747699739,9.032553642830047e-5,13.6325
2015-06-01,platinum,Platinum,NA,1088.82,6.992849820014987,-0.04628453702352949,0.00214225836748247,14.83090909090909
2015-07-01,platinum,Platinum,NA,1009.27,6.916982576232268,-0.07586724378271945,0.00575583867918658,14.55090909090909
2015-08-01,platinum,Platinum,NA,984.1,6.89172751790494,-0.02525505832732827,6.378179711167531e-4,19.58809523809524
2015-09-01,platinum,Platinum,NA,964.38,6.8714854078091046,-0.02024211009583525,4.097430211319155e-4,24.604285714285716
2015-10-01,platinum,Platinum,NA,976.91,6.884394529068783,0.01290912125967866,1.6664541169708776e-4,16.977272727272727
2015-11-01,platinum,Platinum,NA,885.2,6.785813608176895,-0.0985809208918886,0.00971819796389279,16.008
2015-12-01,platinum,Platinum,NA,859.82,6.7567230650151835,-0.02909054316171107,8.46259701443375e-4,18.304545454545455
2016-01-01,platinum,Platinum,NA,855.25,6.751393823857714,-0.00532924115746946,2.8400811314466444e-5,24.33105263157895
2016-02-01,platinum,Platinum,NA,919.35,6.823666898599851,0.07227307474213646,0.00522339733268244,24.109
2016-03-01,platinum,Platinum,NA,967.73,6.874953122749757,0.05128622414990624,0.00263027678755442,16.398636363636363
2016-04-01,platinum,Platinum,NA,994.19,6.9019283352716245,0.02697521252186762,7.276620905999238e-4,14.347142857142858
2016-05-01,platinum,Platinum,NA,1035.86,6.942987278552718,0.04105894328109377,0.00168583682336007,14.791904761904762
2016-06-01,platinum,Platinum,NA,984.14,6.891768163354687,-0.05121911519803083,0.00262339776166915,16.635
2016-07-01,platinum,Platinum,NA,1087.5,6.991636762962839,0.0998685996081518,0.00997373718769333,12.3075
2016-08-01,platinum,Platinum,NA,1121.65,7.022556094459315,0.03091933149647542,9.56005060188937e-4,11.22391304347826
2016-09-01,platinum,Platinum,NA,1046.71,6.953407190651066,-0.06914890380824885,0.00478157089788245,13.593333333333334
2016-10-01,platinum,Platinum,NA,959.14,6.866037049630067,-0.08737014102099933,0.0076335415420293,14.816190476190476
2016-11-01,platinum,Platinum,NA,955.14,6.8618579265951,-0.00417912303496679,1.746506934139003e-5,15.33952380952381
2016-12-01,platinum,Platinum,NA,918.38,6.822611248324695,-0.03924667827040428,0.00154030175526062,11.956190476190477
2017-01-01,platinum,Platinum,NA,971.15,6.878480936278142,0.05586968795344665,0.0031214220320155,10.7905
2017-02-01,platinum,Platinum,NA,1007.63,6.915356317754957,0.03687538147681499,0.00135979375906063,10.510526315789471
2017-03-01,platinum,Platinum,NA,962.87,6.8699184078776145,-0.04543790987734241,0.00206460365402149,10.640869565217391
2017-04-01,platinum,Platinum,NA,960.84,6.867807901872543,-0.00211050600507152,4.4542355974429685e-6,11.57315789473684
2017-05-01,platinum,Platinum,NA,930.27,6.835474866592501,-0.03233303528004145,0.0010454251704204,9.971363636363636
2017-06-01,platinum,Platinum,NA,930.73,6.835969224474681,4.943578821799083e-4,2.443897156734041e-7,9.42318181818182
2017-07-01,platinum,Platinum,NA,918.9,6.823177302506839,-0.01279192196784192,1.6363326763135685e-4,8.8765
2017-08-01,platinum,Platinum,NA,972.7,6.880075709875395,0.05689840736855539,0.00323742876107807,10.177391304347823
2017-09-01,platinum,Platinum,NA,964.1,6.871195023670334,-0.00888068620505995,7.88665874727421e-5,8.6015
2017-10-01,platinum,Platinum,NA,921,6.825460036255307,-0.04573498741502786,0.00209168907385275,8.02
2017-11-01,platinum,Platinum,NA,934.05,6.839529969986571,0.01406993373126385,1.979630352021564e-4,9.127142857142855
2017-12-01,platinum,Platinum,NA,907.2,6.810362932973487,-0.02916703701308299,8.507160481225533e-4,8.8275
2018-01-01,platinum,Platinum,NA,990.12,6.897826147904252,0.08746321493076449,0.0076498139660251,10.367619047619048
2018-02-01,platinum,Platinum,NA,987.26,6.894933429262078,-0.00289271864217341,8.367821142777614e-6,20.133157894736843
2018-03-01,platinum,Platinum,NA,954.57,6.861260977302352,-0.0336724519597268,0.0011338340209801,18.04904761904762
2018-04-01,platinum,Platinum,NA,924.05,6.828766182731766,-0.03249479457058676,0.00105591167418463,18.777142857142856
2018-05-01,platinum,Platinum,NA,904.73,6.8076365566455,-0.02112962608626514,4.464610985453763e-4,13.694545454545455
2018-06-01,platinum,Platinum,NA,884.9,6.785474644273305,-0.02216191237219561,4.91150359992877e-4,12.694761904761904
2018-07-01,platinum,Platinum,NA,832,6.723832440821209,-0.06164220345209593,0.00379976124642958,11.917619047619048
2018-08-01,platinum,Platinum,NA,804.91,6.690730469926103,-0.03310197089510598,0.00109574047714044,10.972608695652172
2018-09-01,platinum,Platinum,NA,804.79,6.6905813738209625,-1.4909610514043218e-4,2.2229648568046805e-8,11.564736842105264
2018-10-01,platinum,Platinum,NA,829.87,6.721269062017408,0.03068768819644538,9.417342068422532e-4,19.855217391304347
2018-11-01,platinum,Platinum,NA,846.19,6.740743920678915,0.01947485866150692,3.79270119885671e-4,20.95047619047619
2018-12-01,platinum,Platinum,NA,791.16,6.6735002229132085,-0.06724369776570568,0.00452171488920557,27.11578947368421
2019-01-01,platinum,Platinum,NA,806.77,6.693038621452177,0.01953839853896911,3.817490174675903e-4,20.525238095238095
2019-02-01,platinum,Platinum,NA,818.15,6.707045693874904,0.01400707242272704,1.961980778555205e-4,15.287368421052632
2019-03-01,platinum,Platinum,NA,842.81,6.736741547070843,0.029695853195939,8.818436970347606e-4,14.717619047619047
2019-04-01,platinum,Platinum,NA,887.29,6.788171873632399,0.05143032656155504,0.00264507849022819,12.57
2019-05-01,platinum,Platinum,NA,833.55,6.72569368839404,-0.06247818523835875,0.00390352363067866,17.937272727272727
2019-06-01,platinum,Platinum,NA,808.2,6.694809552644373,-0.0308841357496665,9.538298410038284e-4,16.889
2019-07-01,platinum,Platinum,NA,843.95,6.738093251134937,0.04328369849056357,0.00187347855502201,13.022272727272728
2019-08-01,platinum,Platinum,NA,859.14,6.7559318889139695,0.01783863777903296,3.182169978115421e-4,20.66590909090909
2019-09-01,platinum,Platinum,NA,944.7,6.850867416775088,0.09493552786111888,0.00901275445026928,16.092
2019-10-01,platinum,Platinum,NA,897.26,6.799345675131394,-0.05152174164369458,0.00265448986199961,16.411739130434782
2019-11-01,platinum,Platinum,NA,901.8,6.804392765986984,0.00504709085558971,2.5473126104577313e-5,12.7645
2019-12-01,platinum,Platinum,NA,924.25,6.828982597816741,0.0245898318297576,6.046598294157603e-4,13.598571428571429
2020-01-01,platinum,Platinum,NA,987.36,6.895034714572756,0.06605211675601541,0.00436288212795029,14.055714285714286
2020-02-01,platinum,Platinum,NA,961.1,6.8680784618292385,-0.02695625274351805,7.266395619724245e-4,20.178421052631577
2020-03-01,platinum,Platinum,NA,759,6.63200177739563,-0.2360766844336087,0.05573220093316568,63.317727272727275
2020-04-01,platinum,Platinum,NA,753.86,6.625206674375388,-0.00679510302024224,4.617342505570523e-5,43.6047619047619
2020-05-01,platinum,Platinum,NA,790.22,6.6723113877050855,0.047104713329698,0.00221885401787302,31.078
2020-06-01,platinum,Platinum,NA,820.77,6.710242924040946,0.03793153633586021,0.00143880144879868,29.99681818181818
2020-07-01,platinum,Platinum,NA,864.64,6.76231323533178,0.05207031129083353,0.0027113173179243,24.80090909090909
2020-08-01,platinum,Platinum,NA,940.33,6.8462308774853495,0.08391764215356984,0.0070421706646146,20.337619047619047
2020-09-01,platinum,Platinum,NA,907.62,6.810825788802163,-0.03540508868318619,0.00125352030466427,28.017142857142854
2020-10-01,platinum,Platinum,NA,876.27,6.775674262624701,-0.03515152617746224,0.00123562979260481,30.815
2020-11-01,platinum,Platinum,NA,911.55,6.815146447249474,0.03947218462477312,0.00155805335905217,25.357
2020-12-01,platinum,Platinum,NA,1028,6.93537044601511,0.12022399876563652,0.01445380987919977,21.704090909090908
2021-01-01,platinum,Platinum,NA,1090.95,6.9948041552686595,0.05943370925354898,0.00353236579563539,23.288947368421052
2021-02-01,platinum,Platinum,NA,1206.7,7.095644640079555,0.1008404848108956,0.01016880337689646,21.877894736842105
2021-03-01,platinum,Platinum,NA,1181,7.074116816197362,-0.02152782388219279,4.634472011027102e-4,21.119565217391305
2021-04-01,platinum,Platinum,NA,1208.81,7.097391683591419,0.02327486739405703,5.417194522109395e-4,16.409523809523808
2021-05-01,platinum,Platinum,NA,1214,7.101675971619444,0.00428428802802425,1.835512390707195e-5,18.599
2021-06-01,platinum,Platinum,NA,1124,7.024649030453636,-0.07702694116580713,0.00593314966536071,14.940454545454545
2021-07-01,platinum,Platinum,NA,1086.48,6.990698391795813,-0.03395063865782358,0.0011526458652741,15.47095238095238
2021-08-01,platinum,Platinum,NA,1008.73,6.916447392869642,-0.07425099892617006,0.0055132108415341,15.008181818181818
2021-09-01,platinum,Platinum,NA,973.19,6.880579335476386,-0.0358680573932563,0.00128651754116592,17.5625
1990-01-01,silver,Silver,NA,5.2462,1.6575040050031395,-0.05967558586918024,0.0035611755488299,23.49909090909091
1990-02-01,silver,Silver,NA,5.2893,1.665685911972687,0.00818190696954759,6.694360165833155e-5,23.326842105263157
1990-03-01,silver,Silver,NA,5.0766,1.6246417461763731,-0.04104416579631388,0.0016846235459153,18.831363636363637
1990-04-01,silver,Silver,NA,5.0655,1.622452849511595,-0.00218889666477812,4.791268609076791e-6,20.4575
1990-05-01,silver,Silver,NA,5.0791,1.6251340805404246,0.00268123102882954,7.1889998299583486e-6,18.151818181818182
1990-06-01,silver,Silver,NA,4.9182,1.5929426099049029,-0.03219147063552181,0.00103629078167766,17.582857142857144
1990-07-01,silver,Silver,NA,4.8749,1.5840995914189069,-0.0088430184859959,7.819897594366524e-5,18.93285714285714
1990-08-01,silver,Silver,NA,5.008,1.6110366337977975,0.02693704237889041,7.256042521221383e-4,27.77521739130435
1990-09-01,silver,Silver,NA,4.8038,1.569407271377747,-0.04162936242005047,0.00173300381549991,28.818947368421053
1990-10-01,silver,Silver,NA,4.3891,1.4791241946798508,-0.0902830766978961,0.00815103393803819,30.130434782608695
1990-11-01,silver,Silver,NA,4.1729,1.4286112377469191,-0.05051295693293165,0.0025515588181082,25.106666666666666
1990-12-01,silver,Silver,NA,4.0751,1.4048952862690287,-0.02371595147789034,5.624463545016493e-4,22.5845
1991-01-01,silver,Silver,NA,4.0517,1.3991365461331855,-0.00575874013584325,3.316308795217198e-5,26.93181818181818
1991-02-01,silver,Silver,NA,3.7376,1.318443694211716,-0.08069285192146934,0.00651133635122017,22.11263157894737
1991-03-01,silver,Silver,NA,3.9428,1.3718911308091468,0.05344743659743067,0.00285662847883637,19.041052631578943
1991-04-01,silver,Silver,NA,3.9755,1.3801505263594012,0.00825939555025422,6.821761485555929e-5,18.92727272727273
1991-05-01,silver,Silver,NA,4.0462,1.3977781690611764,0.01762764270177516,3.107337872214472e-4,17.180454545454545
1991-06-01,silver,Silver,NA,4.3898,1.4792836679627186,0.08150549890154224,0.0066431463511893,17.575
1991-07-01,silver,Silver,NA,4.3475,1.469600967246301,-0.00968270071641738,9.37546931637098e-5,17.669545454545453
1991-08-01,silver,Silver,NA,3.9573,1.3755619745408467,-0.09403899270545436,0.00884333214905649,15.932727272727272
1991-09-01,silver,Silver,NA,4.0375,1.3956256885487748,0.02006371400792804,4.025526197919279e-4,17.029
1991-10-01,silver,Silver,NA,4.1154,1.4147360347511937,0.01911034620241879,3.652053319763025e-4,16.846363636363638
1991-11-01,silver,Silver,NA,4.0723,1.404207950404769,-0.01052808434642429,1.108405600054242e-4,17.6815
1991-12-01,silver,Silver,NA,3.9427,1.3718657678010928,-0.03234218260367671,0.00104601677556956,18.018571428571427
1992-01-01,silver,Silver,NA,4.11,1.4134230285081433,0.04155726070705051,0.00172700591747376,17.499545454545455
1992-02-01,silver,Silver,NA,4.1457,1.4220716524954116,0.00864862398726821,7.479869687315106e-5,17.050526315789472
1992-03-01,silver,Silver,NA,4.1101,1.413447359112395,-0.00862429338301655,7.437843635634309e-5,16.222727272727273
1992-04-01,silver,Silver,NA,4.0505,1.398840330288409,-0.01460702882398598,2.1336529106475737e-4,16.18857142857143
1992-05-01,silver,Silver,NA,4.0715,1.404011481925049,0.00517115163664007,2.674080924912534e-5,14.728
1992-06-01,silver,Silver,NA,4.0639,1.4021431036742282,-0.00186837825082078,3.490837288140123e-6,14.75318181818182
1992-07-01,silver,Silver,NA,3.9675,1.378136173418427,-0.02400693025580126,5.76332700306906e-4,13.303636363636365
1992-08-01,silver,Silver,NA,3.8123,1.3382326815411143,-0.03990349187731278,0.00159228866400276,14.422380952380951
1992-09-01,silver,Silver,NA,3.7719,1.3275788532851085,-0.01065382825600607,1.1350405650847348e-4,14.258571428571427
1992-10-01,silver,Silver,NA,3.7525,1.32242228452548,-0.00515656875962819,2.659020137277347e-5,17.478636363636365
1992-11-01,silver,Silver,NA,3.771,1.32734021827622,0.00491793375073998,2.4186072376667416e-5,14.594
1992-12-01,silver,Silver,NA,3.7252,1.3151205416653655,-0.01221967661085433,1.4932049647386044e-4,12.781363636363636
1993-01-01,silver,Silver,NA,3.6835,1.3038633871407312,-0.01125715452463444,1.267235279914978e-4,12.5745
1993-02-01,silver,Silver,NA,3.6555,1.2962328827512335,-0.00763050438949768,5.8224597238143486e-5,13.505263157894737
1993-03-01,silver,Silver,NA,3.647,1.293904911826543,-0.00232797092469037,5.419448626203766e-6,13.657391304347826
1993-04-01,silver,Silver,NA,3.9516,1.3741205601881818,0.0802156483616387,0.00643455024207807,13.49952380952381
1993-05-01,silver,Silver,NA,4.464,1.49604522507901,0.12192466489082802,0.01486562390874071,13.535
1993-06-01,silver,Silver,NA,4.3757,1.4760665070109429,-0.01997871806806696,3.991491756433054e-4,13.002272727272729
1993-07-01,silver,Silver,NA,5.0194,1.6133104046479745,0.13724389763703126,0.01883588743860391,11.99952380952381
1993-08-01,silver,Silver,NA,4.8377,1.576439401170525,-0.03687100347744942,0.00135947089743408,11.952272727272728
1993-09-01,silver,Silver,NA,4.2185,1.4394796146235442,-0.13695978654698057,0.01875798313099448,12.621428571428572
1993-10-01,silver,Silver,NA,4.343,1.4685653535526848,0.02908573892914043,8.459802090541151e-4,11.377142857142855
1993-11-01,silver,Silver,NA,4.5332,1.5114280918766565,0.04286273832397156,0.00183721433662926,13.370952380952382
1993-12-01,silver,Silver,NA,4.9717,1.6037618339358646,0.0923337420592082,0.00852551992265639,10.864545454545455
1994-01-01,silver,Silver,NA,5.1458,1.6381808479663122,0.03441901403044769,0.00118466852682815,10.605238095238096
1994-02-01,silver,Silver,NA,5.2473,1.6577136585989902,0.01953281063267791,3.815306912120554e-4,12.885263157894736
1994-03-01,silver,Silver,NA,5.435,1.692859520573173,0.03514586197418265,0.00123523161390829,14.240869565217391
1994-04-01,silver,Silver,NA,5.352,1.6774703228259271,-0.01538919774724525,2.3682740730381855e-4,15.334736842105263
1994-05-01,silver,Silver,NA,5.4195,1.6900035602736676,0.01253323744774016,1.570820409214365e-4,13.39
1994-06-01,silver,Silver,NA,5.3876,1.6841000167425226,-0.00590354353114486,3.485182622412235e-5,12.94590909090909
1994-07-01,silver,Silver,NA,5.2823,1.6643616089299995,-0.01973840781252309,3.896047429734728e-4,12.1635
1994-08-01,silver,Silver,NA,5.1972,1.6481200190264442,-0.01624158990355545,2.6378924259527433e-4,11.39304347826087
1994-09-01,silver,Silver,NA,5.5237,1.7090479256001656,0.06092790657372144,0.00371220979945612,12.612380952380953
1994-10-01,silver,Silver,NA,5.4541,1.6963676194221595,-0.01268030617800581,1.6079016476797236e-4,15.04952380952381
1994-11-01,silver,Silver,NA,5.1924,1.6471960180367025,-0.0491716013854574,0.00241784638281031,16.249523809523808
1994-12-01,silver,Silver,NA,4.7795,1.5643359385216802,-0.08286007951502228,0.00686579277723581,13.806666666666668
1995-01-01,silver,Silver,NA,4.7731,1.5629959889880285,-0.00133994953365168,1.7954647527333563e-6,11.711904761904762
1995-02-01,silver,Silver,NA,4.7215,1.5521265457209867,-0.01086944326704171,1.1814479693543844e-4,11.197368421052632
1995-03-01,silver,Silver,NA,4.6485,1.5365445869137755,-0.01558195880721116,2.4279744026962555e-4,11.971304347826086
1995-04-01,silver,Silver,NA,5.4777,1.70068530482866,0.16414071791488427,0.02694217527761361,12.51684210526316
1995-05-01,silver,Silver,NA,5.5598,1.7155621363924896,0.0148768315638297,2.2132011737855975e-4,12.458636363636364
1995-06-01,silver,Silver,NA,5.3637,1.679654035443747,-0.03590810094874244,0.00128939171374507,13.17909090909091
1995-07-01,silver,Silver,NA,5.1648,1.6418663796534378,-0.03778765579030915,0.00142790693012688,14.0765
1995-08-01,silver,Silver,NA,5.3982,1.686065564668991,0.04419918501555319,0.0019535679560391,13.348695652173912
1995-09-01,silver,Silver,NA,5.4295,1.691847048674818,0.00578148400582713,3.342555730963495e-5,12.237
1995-10-01,silver,Silver,NA,5.3741,1.681591118133308,-0.01025593054150996,1.0518411127227682e-4,14.237727272727271
1995-11-01,silver,Silver,NA,5.3151,1.6705518262923644,-0.01103929184094379,1.2186596434952816e-4,12.971904761904762
1995-12-01,silver,Silver,NA,5.1769,1.6442064215269068,-0.02634540476545752,6.940803522557919e-4,12.288
1996-01-01,silver,Silver,NA,5.4605,1.697540360655646,0.05333393912873901,0.00284450906298803,14.150454545454544
1996-02-01,silver,Silver,NA,5.6567,1.7328406833125782,0.03530032265693211,0.00124611277968351,16.238
1996-03-01,silver,Silver,NA,5.5241,1.709120338207232,-0.02372034510534617,5.6265477191672e-4,19.081904761904763
1996-04-01,silver,Silver,NA,5.4209,1.6902618533270204,-0.01885848488021165,3.556424519771715e-4,17.512857142857143
1996-05-01,silver,Silver,NA,5.3652,1.679933654045798,-0.01032819928122228,1.0667170039264047e-4,16.96681818181818
1996-06-01,silver,Silver,NA,5.1615,1.6412272349235075,-0.03870641912229038,0.0014981868812704,17.6755
1996-07-01,silver,Silver,NA,5.0653,1.6224133659564903,-0.01881386896701722,3.5396166550809386e-4,19.341818181818184
1996-08-01,silver,Silver,NA,5.1354,1.636157737133482,0.01374437117699145,1.8890773905091347e-4,16.478181818181817
1996-09-01,silver,Silver,NA,5.0388,1.6171679584960108,-0.01898977863747101,3.606116927001502e-4,17.2785
1996-10-01,silver,Silver,NA,4.9276,1.594852054105682,-0.02231590439032891,4.979995887583013e-4,17.401304347826088
1996-11-01,silver,Silver,NA,4.8332,1.575508774171016,-0.01934327993466598,3.741624786308516e-4,17.1635
1996-12-01,silver,Silver,NA,4.8264,1.5741008481444148,-0.00140792602660112,1.9822556963808204e-6,20.118
1997-01-01,silver,Silver,NA,4.7747,1.56333114473385,-0.01076970341056485,1.159865115515322e-4,21.031363636363636
1997-02-01,silver,Silver,NA,5.0722,1.623774648534153,0.06044350380030314,0.00365341715165726,21.647894736842105
1997-03-01,silver,Silver,NA,5.1962,1.647927589214624,0.02415294068047115,5.833645435143581e-4,22.3035
1997-04-01,silver,Silver,NA,4.7726,1.5628912297769788,-0.08503635943764518,0.00723118242640838,21.507727272727273
1997-05-01,silver,Silver,NA,4.7496,1.5580604039743289,-0.00483082580265031,2.3336877935552092e-5,21.927619047619046
1997-06-01,silver,Silver,NA,4.7569,1.5595961955768844,0.00153579160255578,2.358655846480874e-6,22.743333333333332
1997-07-01,silver,Silver,NA,4.3724,1.4753120574375431,-0.08428413813934119,0.00710381594189154,23.24772727272727
1997-08-01,silver,Silver,NA,4.4964,1.503277076605505,0.02796501916796168,7.820422970644643e-4,25.153809523809525
1997-09-01,silver,Silver,NA,4.7319,1.554326813179401,0.05104973657389611,0.00260607560426418,25.59285714285714
1997-10-01,silver,Silver,NA,5.0348,1.6163738034352129,0.06204699025581176,0.0038498289998048,25.615652173913045
1997-11-01,silver,Silver,NA,5.0779,1.624897790296143,0.0085239868609303,7.265835200531245e-5,31.545263157894738
1997-12-01,silver,Silver,NA,5.8368,1.7641827014578206,0.13928491116167752,0.01940028647731639,26.473181818181818
1998-01-01,silver,Silver,NA,5.8871,1.7727635164824551,0.00858081502463484,7.363038648699913e-5,24.4275
1998-02-01,silver,Silver,NA,6.8069,1.9179368035983917,0.14517328711593655,0.02107528329204614,20.386315789473684
1998-03-01,silver,Silver,NA,6.2429,1.8314448180112255,-0.08649198558716627,0.00748086357081057,20.543181818181814
1998-04-01,silver,Silver,NA,6.341,1.8470364847178944,0.01559166670666913,2.4310007069185477e-4,22.53809523809524
1998-05-01,silver,Silver,NA,5.575,1.7182923173461826,-0.1287441673717121,0.01657506063223542,21.4485
1998-06-01,silver,Silver,NA,5.263,1.660701206371642,-0.05759111097454064,0.00331673606328185,21.996363636363636
1998-07-01,silver,Silver,NA,5.4552,1.696569282224306,0.03586807585266414,0.00128651886537246,20.25181818181818
1998-08-01,silver,Silver,NA,5.1792,1.6446506041898428,-0.05191867803446316,0.00269554912884624,31.48857142857143
1998-09-01,silver,Silver,NA,4.9992,1.6092778996327348,-0.03537270455710795,0.00125122822768444,39.247142857142855
1998-10-01,silver,Silver,NA,5.0092,1.6112762217077403,0.00199832207500548,3.9932911154542125e-6,37.45409090909091
1998-11-01,silver,Silver,NA,4.9733,1.6040836036721753,-0.00719261803556511,5.173375420553656e-5,25.038
1998-12-01,silver,Silver,NA,4.8775,1.5846327935151292,-0.0194508101570459,3.783340157654401e-4,25.47681818181818
1999-01-01,silver,Silver,NA,5.1393,1.6369168834223855,0.0522840899072563,0.00273362605743005,28.616842105263157
1999-02-01,silver,Silver,NA,5.5306,1.7102963087444831,0.07337942532209757,0.00538454006060129,29.93842105263158
1999-03-01,silver,Silver,NA,5.1942,1.647542618467646,-0.06275369027683694,0.00393802564336118,26.475652173913044
1999-04-01,silver,Silver,NA,5.0603,1.6214257700794277,-0.02611684838821841,6.820897697331866e-4,24.693809523809524
1999-05-01,silver,Silver,NA,5.2619,1.6604921782565991,0.03906640817717174,0.00152618424786539,27.3765
1999-06-01,silver,Silver,NA,5.0269,1.6148034919325107,-0.04568868632408874,0.00208745605802097,24.123636363636365
1999-07-01,silver,Silver,NA,5.1797,1.644747139536335,0.02994364760382435,8.966220318220156e-4,21.486666666666668
1999-08-01,silver,Silver,NA,5.2603,1.6601880593437617,0.01544091980742654,2.3842200449937737e-4,24.90909090909091
1999-09-01,silver,Silver,NA,5.2089,1.6503687010360648,-0.00981935830769669,9.6419797574932e-5,25.58
1999-10-01,silver,Silver,NA,5.4123,1.68867414114473,0.0383054401086652,0.00146730674191853,25.37
1999-11-01,silver,Silver,NA,5.1538,1.6397343066654506,-0.04893983447927941,0.00239510739885926,22.22952380952381
1999-12-01,silver,Silver,NA,5.1573,1.6404131867334206,6.78880067969977e-4,4.608781466869205e-7,23.222272727272728
2000-01-01,silver,Silver,NA,5.1882,1.6463868162123023,0.00597362947888193,3.568424915096729e-5,24.9385
2000-02-01,silver,Silver,NA,5.2467,1.6575993075411182,0.01121249132881564,1.2571996179876609e-4,25.456
2000-03-01,silver,Silver,NA,5.0649,1.6223343941691206,-0.03526491337199759,0.00124361411513449,24.810434782608695
2000-04-01,silver,Silver,NA,5.0645,1.6222554161447147,-7.89780244057942e-5,6.237528339042225e-9,29.833157894736843
2000-05-01,silver,Silver,NA,4.9796,1.6053495665254938,-0.01690584961922102,2.8580775134771545e-4,29.42909090909091
2000-06-01,silver,Silver,NA,4.9976,1.608957797197223,0.00360823067172943,1.3019328580409057e-5,24.31772727272727
2000-07-01,silver,Silver,NA,4.9692,1.6032588613573848,-0.00569893583983836,3.247786970659423e-5,22.66
2000-08-01,silver,Silver,NA,4.8864,1.5864558360421763,-0.01680302531520848,2.823416597435373e-4,20.484347826086957
2000-09-01,silver,Silver,NA,4.8904,1.5872740997323784,8.182636902021707e-4,6.695554667032739e-7,22.3365
2000-10-01,silver,Silver,NA,4.8302,1.574887874674694,-0.01238622505768453,1.5341857117961234e-4,28.21409090909091
2000-11-01,silver,Silver,NA,4.6814,1.543597210493667,-0.03129066418102706,9.791056648898102e-4,29.21190476190476
2000-12-01,silver,Silver,NA,4.6398,1.5346712618609075,-0.00892594863275923,7.967255899465637e-5,30.1045
2001-01-01,silver,Silver,NA,4.6571,1.538392936821018,0.00372167496011023,1.3850864508711498e-5,27.83
2001-02-01,silver,Silver,NA,4.5574,1.5167522854758684,-0.02164065134514956,4.683177906423235e-4,26.159473684210525
2001-03-01,silver,Silver,NA,4.404,1.4825132188604335,-0.03423906661543499,0.00117231368269619,32.42318181818182
2001-04-01,silver,Silver,NA,4.365,1.4736181892915656,-0.00889502956886793,7.912155103103493e-5,32.245
2001-05-01,silver,Silver,NA,4.4333,1.4891442277343396,0.01552603844277411,2.4105786972649976e-4,26.095
2001-06-01,silver,Silver,NA,4.3738,1.4756321964720858,-0.01351203126225393,1.825749888321276e-4,23.30047619047619
2001-07-01,silver,Silver,NA,4.2543,1.4479302361532729,-0.02770196031881272,7.67398605505075e-4,24.85904761904762
2001-08-01,silver,Silver,NA,4.2208,1.4400246835408583,-0.00790555261241462,6.249776210765575e-5,24.260434782608694
2001-09-01,silver,Silver,NA,4.353,1.4708652625701604,0.03084057902930211,9.51141314862629e-4,38.55133333333333
2001-10-01,silver,Silver,NA,4.4012,1.4818772310136206,0.01101196844346024,1.2126344899976412e-4,34.44695652173913
2001-11-01,silver,Silver,NA,4.1226,1.4164840322829484,-0.06539319873067229,0.0042762704402292,28.25428571428571
2001-12-01,silver,Silver,NA,4.3695,1.474648586085462,0.05816455380251364,0.0033831153190455,24.5395
2002-01-01,silver,Silver,NA,4.5149,1.507383038229428,0.03273445214396592,0.00107154435716559,23.615238095238094
2002-02-01,silver,Silver,NA,4.4232,1.486863416041586,-0.02051962218784188,4.21054894731773e-4,24.66842105263158
2002-03-01,silver,Silver,NA,4.5393,1.5127728151434976,0.02590939910191153,6.71296961822134e-4,21.014
2002-04-01,silver,Silver,NA,4.5757,1.5207596924878233,0.00798687734432568,6.379020971330293e-5,21.814545454545453
2002-05-01,silver,Silver,NA,4.6992,1.5473922814622183,0.02663258897439521,7.092947954790776e-4,22.63
2002-06-01,silver,Silver,NA,4.9044,1.590132761376095,0.04274047991387613,0.00182674862326844,28.599
2002-07-01,silver,Silver,NA,4.9186,1.5930239371658454,0.00289117578975064,8.358897447240275e-6,38.49727272727273
2002-08-01,silver,Silver,NA,4.5403,1.5129930891652703,-0.08003084800057514,0.00640493663169116,37.25272727272727
2002-09-01,silver,Silver,NA,4.5536,1.5159181289133965,0.00292503974812575,8.5558575281156e-6,41.656
2002-10-01,silver,Silver,NA,4.4013,1.481899951831571,-0.03401817708182523,0.00115723637197041,41.39739130434783
2002-11-01,silver,Silver,NA,4.5108,1.5064745213759956,0.02457456954442453,6.039094682937581e-4,32.005
2002-12-01,silver,Silver,NA,4.6313,1.5328376062253035,0.02636308484930834,6.95012242771831e-4,31.830952380952382
2003-01-01,silver,Silver,NA,4.8062,1.569906751096768,0.03706914487146397,0.00137412150150158,30.66857142857143
2003-02-01,silver,Silver,NA,4.6551,1.537963392775411,-0.03194335832135684,0.00102037814084659,36.54052631578948
2003-03-01,silver,Silver,NA,4.5283,1.510346593123116,-0.02761679965229502,7.626876230350028e-4,35.194761904761904
2003-04-01,silver,Silver,NA,4.4932,1.502565142785277,-0.00778145033783885,6.055096936025238e-5,27.14238095238095
2003-05-01,silver,Silver,NA,4.7413,1.5563113597075222,0.05374621692224507,0.00288865583345302,22.548571428571428
2003-06-01,silver,Silver,NA,4.5262,1.509882735364509,-0.04642862434301322,0.00215561715838464,22.34904761904762
2003-07-01,silver,Silver,NA,4.797,1.5679907225199268,0.05810798715541774,0.00337653817125419,21.206818181818186
2003-08-01,silver,Silver,NA,4.9893,1.6072956193620669,0.03930489684214015,0.00154487491577127,20.829047619047618
2003-09-01,silver,Silver,NA,5.1708,1.6430274154276556,0.03573179606558864,0.00127676125007281,20.682380952380953
2003-10-01,silver,Silver,NA,5.0022,1.6098778156624858,-0.0331495997651698,0.00109889596459094,19.184347826086956
2003-11-01,silver,Silver,NA,5.1777,1.64436094222333,0.03448312656084433,0.0011890860174112,17.838947368421053
2003-12-01,silver,Silver,NA,5.6276,1.727683063520921,0.08332212129759106,0.00694257589753047,16.375454545454545
2004-01-01,silver,Silver,NA,6.3005,1.840628995327611,0.1129459318066898,0.01275678351168142,15.834
2004-02-01,silver,Silver,NA,6.4406,1.8626217034782848,0.02199270815067394,4.8367921180071985e-4,15.924736842105265
2004-03-01,silver,Silver,NA,7.2254,1.977602595787803,0.11498089230951812,0.013220605596293,17.73304347826087
2004-04-01,silver,Silver,NA,7.1486,1.966916533337968,-0.01068606244983508,1.141919306817754e-4,15.788095238095238
2004-05-01,silver,Silver,NA,5.8674,1.7694116055641471,-0.19750492777382048,0.03900819649494204,18.076
2004-06-01,silver,Silver,NA,5.8618,1.7684567236582192,-9.548819059282458e-4,9.117994542691591e-7,15.045238095238096
2004-07-01,silver,Silver,NA,6.3141,1.8427852278310988,0.07432850417287953,0.00552472653257777,15.668571428571427
2004-08-01,silver,Silver,NA,6.66,1.8961194845522975,0.05333425672119907,0.00284454294000276,16.592727272727274
2004-09-01,silver,Silver,NA,6.4034,1.8568290993023029,-0.0392903852499951,0.00154373437309303,13.880476190476193
2004-10-01,silver,Silver,NA,7.095,1.959390310612006,0.1025612113097032,0.01051880206531359,15.184761904761904
2004-11-01,silver,Silver,NA,7.4926,2.0139158667996284,0.05452555618762261,0.00297303627756959,14.05
2004-12-01,silver,Silver,NA,7.085,1.9579798731426437,-0.05593599365698477,0.00312883538639424,13.014090909090909
2005-01-01,silver,Silver,NA,6.619,1.8899443011367856,-0.06803557200585802,0.00462883905816429,13.512
2005-02-01,silver,Silver,NA,7.03,1.9501867058225737,0.06024240468578788,0.00362914732232623,11.562631578947368
2005-03-01,silver,Silver,NA,7.2282,1.9779900425187251,0.02780333669615143,7.730255314395609e-4,12.880454545454546
2005-04-01,silver,Silver,NA,7.1188,1.9627391718936935,-0.01525087062503144,2.3258905482144695e-4,14.057142857142855
2005-05-01,silver,Silver,NA,7.0224,1.9491050399518328,-0.01363413194186102,1.858895538080752e-4,13.17904761904762
2005-06-01,silver,Silver,NA,7.3105,1.9893116708753555,0.04020663092352309,0.0016165731702204,11.241818181818182
2005-07-01,silver,Silver,NA,7.0145,1.94797943517669,-0.04133223569866566,0.00170835370785005,10.489
2005-08-01,silver,Silver,NA,7.0334,1.9506702304419743,0.0026907952652846,7.240379159678058e-6,11.985217391304348
2005-09-01,silver,Silver,NA,7.1536,1.967615726497579,0.01694549605560461,2.871498365705113e-4,11.959047619047618
2005-10-01,silver,Silver,NA,7.6705,2.037381802302691,0.06976607580511192,0.00486730533324462,14.582380952380952
2005-11-01,silver,Silver,NA,7.8725,2.0633756739930424,0.02599387169035156,6.756813654544602e-4,11.606190476190475
2005-12-01,silver,Silver,NA,8.627,2.1548968200944416,0.09152114610139923,0.00837612018371366,10.923809523809524
2006-01-01,silver,Silver,NA,9.1391,2.212561912346405,0.05766509225196341,0.00332526286442745,11.7115
2006-02-01,silver,Silver,NA,9.5349,2.254958751320407,0.04239683897400153,0.00179749195498741,11.867368421052632
2006-03-01,silver,Silver,NA,10.3838,2.340246899375634,0.08528814805522723,0.00727406819869036,11.19086956521739
2006-04-01,silver,Silver,NA,12.6144,2.5348390185362093,0.1945921191605752,0.03786609283940349,11.163684210526316
2006-05-01,silver,Silver,NA,13.3772,2.593551765237043,0.05871274670083355,0.00344718662515624,13.488181818181818
2006-06-01,silver,Silver,NA,10.7964,2.3792127452289362,-0.21433902000810648,0.04594121549803547,15.891363636363636
2006-07-01,silver,Silver,NA,11.2324,2.4188024591849566,0.03958971395602015,0.00156734545111949,14.522
2006-08-01,silver,Silver,NA,12.1874,2.5004026311620984,0.08160017197714171,0.0066585880666991,12.560434782608697
2006-09-01,silver,Silver,NA,11.6769,2.457612531213455,-0.0427900999486432,0.00183099265361487,11.397
2006-10-01,silver,Silver,NA,11.5586,2.447429748643718,-0.01018278256973662,1.0368906086253209e-4,10.808636363636364
2006-11-01,silver,Silver,NA,12.9311,2.559635262637768,0.11220551399404972,0.01259007737066888,10.484285714285717
2006-12-01,silver,Silver,NA,13.2786,2.5861537168042843,0.02651845416651624,7.032284113816224e-4,10.499
2007-01-01,silver,Silver,NA,12.8413,2.552666539242693,-0.03348717756159122,0.00112139106104153,10.627
2007-02-01,silver,Silver,NA,13.91,2.6326080059353516,0.07994146669265843,0.00639063809697341,10.920526315789472
2007-03-01,silver,Silver,NA,13.1843,2.579026727762597,-0.05358127817275453,0.0028709533706261,14.921363636363637
2007-04-01,silver,Silver,NA,13.7233,2.6190951181576323,0.04006839039503555,0.00160547590884897,12.246
2007-05-01,silver,Silver,NA,13.1478,2.576254444247276,-0.04284067391035676,0.00183532334109352,12.965
2007-06-01,silver,Silver,NA,13.1443,2.575988204576753,-2.6623967052267746e-4,7.088356216002386e-8,14.881904761904762
2007-07-01,silver,Silver,NA,12.9093,2.5579479818548156,-0.01804022272193715,3.254496358570977e-4,17.247619047619047
2007-08-01,silver,Silver,NA,12.3343,2.5123839992830685,-0.04556398257174723,0.00207607650779848,25.12
2007-09-01,silver,Silver,NA,12.8335,2.552058939554285,0.0396749402712168,0.00157410088552462,22.182105263157897
2007-10-01,silver,Silver,NA,13.6704,2.6152329114635746,0.06317397190928929,0.00399095072679567,18.859565217391303
2007-11-01,silver,Silver,NA,14.7016,2.6879563313990773,0.07272341993550291,0.0052886958071155,26.65714285714286
2007-12-01,silver,Silver,NA,14.3036,2.660511253834336,-0.02744507756474145,7.532322825346744e-4,23.0965
2008-01-01,silver,Silver,NA,15.9089,2.766878701053143,0.10636744721880684,0.01131403382784566,27.98952380952381
2008-02-01,silver,Silver,NA,17.569,2.866135985382917,0.0992572843297742,0.00985200849252164,27.1565
2008-03-01,silver,Silver,NA,19.3174,2.9610062441589093,0.09487025877599208,0.0090003660002237,29.009
2008-04-01,silver,Silver,NA,17.5,2.862200880929469,-0.0988053632294409,0.00976249980290175,22.526818181818182
2008-05-01,silver,Silver,NA,17.06,2.836736542063533,-0.02546433886593541,6.48432553879189e-4,18.61
2008-06-01,silver,Silver,NA,16.969,2.831388149990689,-0.00534839207284387,2.860529776485924e-5,23.19142857142857
2008-07-01,silver,Silver,NA,18.0339,2.892253319980828,0.06086516999013898,0.00370456891792851,25.66227272727273
2008-08-01,silver,Silver,NA,14.635,2.683415920143849,-0.20883739983697905,0.04361305957067026,22.25952380952381
2008-09-01,silver,Silver,NA,12.373,2.515516679231838,-0.16789924091201058,0.02819015509882937,33.21142857142857
2008-10-01,silver,Silver,NA,10.4413,2.3457690957751844,-0.16974758345665428,0.0288142420893738,65.44652173913043
2008-11-01,silver,Silver,NA,9.8652,2.2890134129639508,-0.05675568281123341,0.00322120753136933,65.42684210526316
2008-12-01,silver,Silver,NA,10.2857,2.3307545810708885,0.04174116810693766,0.00174232511493162,55.07545454545455
2009-01-01,silver,Silver,NA,11.2682,2.4219845992353797,0.0912300181644909,0.00832291621429334,44.2915
2009-02-01,silver,Silver,NA,13.4125,2.596187107956817,0.1742025087214372,0.0303465140448424,45.38947368421053
2009-03-01,silver,Silver,NA,13.1168,2.5738938513278815,-0.02229325662893546,4.969892911235749e-4,46.09045454545455
2009-04-01,silver,Silver,NA,12.4793,2.524071271624603,-0.049822579703278,0.00248228944828948,38.89857142857143
2009-05-01,silver,Silver,NA,13.9838,2.637899516751408,0.11382824512680435,0.01295686938864786,32.11
2009-06-01,silver,Silver,NA,14.6543,2.6847338077542324,0.04683429100282464,0.00219345081373726,27.935454545454547
2009-07-01,silver,Silver,NA,13.3617,2.5923924055224585,-0.09234140223177358,0.00852693456613019,25.924545454545456
2009-08-01,silver,Silver,NA,14.3567,2.664216732196932,0.07182432667447365,0.0051587339022415,24.306190476190476
2009-09-01,silver,Silver,NA,16.3895,2.796640885884063,0.13242415368713092,0.01753615647975287,23.85761904761905
2009-10-01,silver,Silver,NA,17.2361,2.847006021546926,0.05036513566286262,0.00253664689033855,23.250454545454545
2009-11-01,silver,Silver,NA,17.8213,2.880394371121433,0.03338834957450706,0.00111478188730948,22.546
2009-12-01,silver,Silver,NA,17.6422,2.8702937593554703,-0.01010061176596259,1.0202235804670208e-4,19.845454545454544
2010-01-01,silver,Silver,NA,17.749,2.8763291763062093,0.00603541695073891,3.642625776926667e-5,19.527368421052632
2010-02-01,silver,Silver,NA,15.873,2.7646195525901045,-0.11170962371610504,0.01247904003079377,21.771052631578947
2010-03-01,silver,Silver,NA,17.1061,2.8394351250435257,0.07481557245342121,0.00559736988153311,16.925217391304347
2010-04-01,silver,Silver,NA,18.0623,2.8938268931469886,0.05439176810346327,0.00295846443742092,16.136666666666667
2010-05-01,silver,Silver,NA,18.4333,2.9141588115402803,0.02033191839329159,4.133869055514692e-4,30.0335
2010-06-01,silver,Silver,NA,18.4548,2.915324499251741,0.00116568771146076,1.3588278406506331e-6,28.94090909090909
2010-07-01,silver,Silver,NA,17.9605,2.8881749021301903,-0.0271495971215506,7.371006238625086e-4,25.016666666666666
2010-08-01,silver,Silver,NA,18.3877,2.911681962822855,0.02350706069266454,5.525819024086144e-4,24.15590909090909
2010-09-01,silver,Silver,NA,20.5498,3.0228512085347865,0.1111692457119316,0.01235860119215982,21.322380952380954
2010-10-01,silver,Silver,NA,23.3933,3.1524496565785634,0.1295984480437765,0.01679575773535543,19.86095238095238
2010-11-01,silver,Silver,NA,26.5409,3.2786869394067124,0.12623728282814947,0.0159358515758342,19.395238095238096
2010-12-01,silver,Silver,NA,29.3248,3.37843357439693,0.09974663499021742,0.00994939119187166,16.58681818181818
2011-01-01,silver,Silver,NA,28.5086,3.350205796141872,-0.02822777825505816,7.968074652167346e-4,15.723
2011-02-01,silver,Silver,NA,30.7785,3.426816394279775,0.07661059813790311,0.00586918374704728,15.72
2011-03-01,silver,Silver,NA,35.8135,3.578324917296282,0.15150852301650705,0.02295483254664344,19.893478260869564
2011-04-01,silver,Silver,NA,42.6952,3.7540865017378704,0.17576158444158851,0.03089213456541765,15.208
2011-05-01,silver,Silver,NA,37.3359,3.619955330263812,-0.13413117147405856,0.0179911711610033,16.293809523809525
2011-06-01,silver,Silver,NA,35.795,3.5778082188481486,-0.04214711141566354,0.00177637900068435,18.918636363636363
2011-07-01,silver,Silver,NA,37.9171,3.635402197669073,0.05759397882092453,0.0033170663964251,18.7405
2011-08-01,silver,Silver,NA,40.3313,3.6971278424347016,0.0617256447656286,0.00381005522173257,35.068695652173915
2011-09-01,silver,Silver,NA,38.1545,3.6416437062133262,-0.05548413622137513,0.00307848937223211,36.64380952380952
2011-10-01,silver,Silver,NA,31.9748,3.464948092558714,-0.17669561365461234,0.03122133988478002,32.00857142857143
2011-11-01,silver,Silver,NA,33.0818,3.4989832822180538,0.03403518965933954,0.00115839413514721,31.412380952380953
2011-12-01,silver,Silver,NA,30.3032,3.411253317499977,-0.08772996471807677,0.00769654670943499,25.03952380952381
2012-01-01,silver,Silver,NA,30.6509,3.4226620257357787,0.01140870823580153,1.3015862360964576e-4,18.9415
2012-02-01,silver,Silver,NA,34.1405,3.530484362836085,0.10782233710030643,0.01162565637777212,16.691
2012-03-01,silver,Silver,NA,32.9532,3.4950883730766833,-0.03539598975940141,0.00125287609104764,14.962727272727273
2012-04-01,silver,Silver,NA,31.5255,3.4507967421534396,-0.04429163092324391,0.00196174856984085,17.177
2012-05-01,silver,Silver,NA,28.7196,3.357579816506432,-0.09321692564700736,0.0086893952270797,20.547272727272727
2012-06-01,silver,Silver,NA,27.9836,3.3316186242918695,-0.02596119221456288,6.739835012014802e-4,20.750476190476192
2012-07-01,silver,Silver,NA,27.4318,3.3117029243787193,-0.01991569991315006,3.966351030306455e-4,16.954761904761906
2012-08-01,silver,Silver,NA,28.8002,3.3603823315622323,0.04867940718351289,0.00236968468373824,14.969130434782608
2012-09-01,silver,Silver,NA,33.6085,3.514779011166554,0.15439667960432168,0.02383833467283956,14.31421052631579
2012-10-01,silver,Silver,NA,33.1874,3.5021702858149437,-0.0126087253516101,1.5897995499233528e-4,15.469047619047618
2012-11-01,silver,Silver,NA,32.7732,3.4896111082331434,-0.0125591775818002,1.577329415311928e-4,17.155714285714286
2012-12-01,silver,Silver,NA,31.8745,3.4618063170810496,-0.02780479115209381,7.731064110115545e-4,17.351
2013-01-01,silver,Silver,NA,31.06173913043,3.435976808761835,-0.02582950831921457,6.67163500012375e-4,13.121904761904762
2013-02-01,silver,Silver,NA,30.3288,3.4120977561304437,-0.02387905263139132,5.702091545727566e-4,13.512105263157894
2013-03-01,silver,Silver,NA,28.79095238095,3.360061184346135,-0.05203657178430851,0.00270780480306349,12.3915
2013-04-01,silver,Silver,NA,25.355,3.2329759492469825,-0.1270852350991528,0.01615065698020693,13.251363636363635
2013-05-01,silver,Silver,NA,23.03826086957,3.137156349887119,-0.09581959935986378,0.0091813956214848,12.914090909090907
2013-06-01,silver,Silver,NA,21.109,3.049699489823934,-0.08745686006318515,0.00764870237211154,17.156
2013-07-01,silver,Silver,NA,19.7102173913,2.9811371505964477,-0.06856233922748581,0.00470079436034483,13.626818181818182
2013-08-01,silver,Silver,NA,21.89386363636,3.086206398306342,0.10506924770989412,0.01103954681432309,13.863636363636363
2013-09-01,silver,Silver,NA,22.5638,3.116346852161794,0.03014045385545213,9.084469586126392e-4,14.2915
2013-10-01,silver,Silver,NA,21.917,3.087262591399582,-0.02908426076221201,8.458942240843453e-4,14.32304347826087
2013-11-01,silver,Silver,NA,20.7576,3.0329124446782747,-0.05435014672130729,0.00295393844862763,11.9565
2013-12-01,silver,Silver,NA,19.67,2.979094632400968,-0.05381781227730697,0.00289635691831545,12.995238095238095
2014-01-01,silver,Silver,NA,19.875,2.9894626605403962,0.01036802813942777,1.074960074999662e-4,13.057142857142855
2014-02-01,silver,Silver,NA,20.845,3.03711411133276,0.04765145079236465,0.00227066076261715,14.179473684210526
2014-03-01,silver,Silver,NA,20.716,3.030906348561645,-0.0062077627711151,3.853631862244266e-5,13.592380952380951
2014-04-01,silver,Silver,NA,19.736,2.9824443792270556,-0.04846196933458946,0.00234856247178668,13.485238095238095
2014-05-01,silver,Silver,NA,19.342,2.9622788972947713,-0.0201654819322842,4.066466615612807e-4,11.76142857142857
2014-06-01,silver,Silver,NA,19.892,2.990317640852492,0.02803874355772065,7.861711402956216e-4,10.298571428571428
2014-07-01,silver,Silver,NA,20.923,3.040849032357114,0.05053139150462187,0.00255342152739337,10.638636363636364
2014-08-01,silver,Silver,NA,19.736,2.9824443792270556,-0.0584046531300584,0.00341110350724244,12.414761904761905
2014-09-01,silver,Silver,NA,18.369,2.910664461163927,-0.0717799180631285,0.00515235663714944,11.91190476190476
2014-10-01,silver,Silver,NA,17.163,2.8427559039545014,-0.06790855720942568,0.00461157214226584,16.911304347826086
2014-11-01,silver,Silver,NA,15.966,2.770461461223607,-0.07229444273089432,0.00522648644977055,12.243684210526316
2014-12-01,silver,Silver,NA,16.295,2.790858312289525,0.02039685106591796,4.160315334052386e-4,14.90681818181818
2015-01-01,silver,Silver,NA,17.236,2.8470002197535917,0.05614190746406673,0.00315191377370383,17.9875
2015-02-01,silver,Silver,NA,16.787,2.820604777340277,-0.02639544241331474,6.96719380194615e-4,15.321052631578947
2015-03-01,silver,Silver,NA,16.24,2.787477334733532,-0.03312744260674506,0.00109742745366318,15.016818181818184
2015-04-01,silver,Silver,NA,16.341,2.7936772870696474,0.00619995233611539,3.843940897010268e-5,13.758571428571427
2015-05-01,silver,Silver,NA,16.833,2.8233412454369446,0.02966395836729738,8.799504260167527e-4,13.6325
2015-06-01,silver,Silver,NA,16.075,2.777265270123683,-0.04607597531326149,0.00212299550106828,14.83090909090909
2015-07-01,silver,Silver,NA,15.053,2.711577306878367,-0.0656879632453161,0.00431490851531799,14.55090909090909
2015-08-01,silver,Silver,NA,14.941,2.704109111868948,-0.00746819500941917,5.577393669871342e-5,19.58809523809524
2015-09-01,silver,Silver,NA,14.75,2.691243082785829,-0.01286602908311897,1.655347043676632e-4,24.604285714285716
2015-10-01,silver,Silver,NA,15.813,2.7608323865411797,0.06958930375535069,0.00484267119715446,16.977272727272727
2015-11-01,silver,Silver,NA,14.452,2.6708328132853936,-0.08999957325578582,0.00809992318622356,16.008
2015-12-01,silver,Silver,NA,14.127,2.648087859929527,-0.0227449533558665,5.173329031605431e-4,18.304545454545455
2016-01-01,silver,Silver,NA,14.106,2.6466002387859873,-0.0014876211435397601,2.213016666706548e-6,24.33105263157895
2016-02-01,silver,Silver,NA,15.167,2.7191220150692597,0.07252177628327247,0.00525940803528102,24.109
2016-03-01,silver,Silver,NA,15.465,2.738579406137033,0.019457391067773,3.785900671642526e-4,16.398636363636363
2016-04-01,silver,Silver,NA,16.36,2.794839331174601,0.05625992503756805,0.00316517916523277,14.347142857142858
2016-05-01,silver,Silver,NA,16.947,2.830090827011235,0.03525149583663374,0.0012426679587202,14.791904761904762
2016-06-01,silver,Silver,NA,17.286,2.8498969253304467,0.01980609831921184,3.9228153063028615e-4,16.635
2016-07-01,silver,Silver,NA,19.992,2.995332193532651,0.14543526820220484,0.02115141723704725,12.3075
2016-08-01,silver,Silver,NA,19.587,2.974866080872606,-0.02046611266004524,4.1886176741366416e-4,11.22391304347826
2016-09-01,silver,Silver,NA,19.357,2.9630541111634088,-0.01181196970919745,1.395226284109982e-4,13.593333333333334
2016-10-01,silver,Silver,NA,17.655,2.8710190293803497,-0.09203508178305882,0.00847045627881432,14.816190476190476
2016-11-01,silver,Silver,NA,17.407,2.856872424170572,-0.01414660520977755,2.0012643896130544e-4,15.33952380952381
2016-12-01,silver,Silver,NA,16.432,2.799230653186202,-0.05764177098436981,0.00332257376221453,11.956190476190477
2017-01-01,silver,Silver,NA,16.902,2.82743195812229,0.02820130493608819,7.953136000982325e-4,10.7905
2017-02-01,silver,Silver,NA,17.933,2.886642590966287,0.05921063284399644,0.00350589904178655,10.510526315789471
2017-03-01,silver,Silver,NA,17.631,2.869658716298623,-0.01698387466766403,2.8845199872692e-4,10.640869565217391
2017-04-01,silver,Silver,NA,18.033,2.892203412725135,0.02254469642651161,5.082633369635657e-4,11.57315789473684
2017-05-01,silver,Silver,NA,16.745,2.818099706246168,-0.07410370647896677,0.00549135931392086,9.971363636363636
2017-06-01,silver,Silver,NA,16.931,2.8291462611460947,0.011046554899926911,1.2202637515709936e-4,9.42318181818182
2017-07-01,silver,Silver,NA,16.152,2.7820438810105363,-0.04710238013555838,0.00221863421443464,8.8765
2017-08-01,silver,Silver,NA,16.952,2.830385820965998,0.04834193995546162,0.00233694315865745,10.177391304347823
2017-09-01,silver,Silver,NA,17.432,2.8583075976423187,0.02792177667632071,7.796256127623274e-4,8.6015
2017-10-01,silver,Silver,NA,16.941,2.8297367193588094,-0.02857087828350938,8.162950858911083e-4,8.02
2017-11-01,silver,Silver,NA,16.977,2.8318594868284963,0.00212276746968713,4.506141730361939e-6,9.127142857142855
2017-12-01,silver,Silver,NA,16.165,2.782848411177397,-0.04901107565110015,0.00240208553647786,8.8275
2018-01-01,silver,Silver,NA,17.127,2.840656165650232,0.05780775447283539,0.00334173647719162,10.367619047619048
2018-02-01,silver,Silver,NA,16.582,2.808317769694027,-0.03233839595620476,0.00104577185302028,20.133157894736843
2018-03-01,silver,Silver,NA,16.473,2.8017226769648453,-0.00659509272918181,4.349524810650683e-5,18.04904761904762
2018-04-01,silver,Silver,NA,16.648,2.8122900890913334,0.01056741212648799,1.1167019905104544e-4,18.777142857142856
2018-05-01,silver,Silver,NA,16.49,2.8027541365715076,-0.00953595251982587,9.09343904603734e-5,13.694545454545455
2018-06-01,silver,Silver,NA,16.541,2.8058421472600843,0.00308801068857676,9.535810012764358e-6,12.694761904761904
2018-07-01,silver,Silver,NA,15.723,2.755124608488139,-0.0507175387719452,0.00257226873908376,11.917619047619048
2018-08-01,silver,Silver,NA,14.987,2.707183158662859,-0.04794144982527985,0.00229838261134982,10.972608695652172
2018-09-01,silver,Silver,NA,14.272,2.6582995758376535,-0.04888358282520548,0.00238960466982872,11.564736842105264
2018-10-01,silver,Silver,NA,14.597,2.680816028148441,0.0225164523107874,5.069906246639632e-4,19.855217391304347
2018-11-01,silver,Silver,NA,14.353,2.663958979589243,-0.0168570485591977,2.841600861271493e-4,20.95047619047619
2018-12-01,silver,Silver,NA,14.772,2.692733496990317,0.02877451740107353,8.279728516646835e-4,27.11578947368421
2019-01-01,silver,Silver,NA,15.624,2.748808193574378,0.05607469658406096,0.00314437159699449,20.525238095238095
2019-02-01,silver,Silver,NA,15.815,2.760958856757612,0.01215066318323425,1.4763861579240436e-4,15.287368421052632
2019-03-01,silver,Silver,NA,15.296,2.7275913563090453,-0.03336750044856675,0.0011133900861851,14.717619047619047
2019-04-01,silver,Silver,NA,15.055,2.711710161933697,-0.01588119437534831,2.52212334787595e-4,12.57
2019-05-01,silver,Silver,NA,14.662,2.6852591128013947,-0.02645104913230221,6.996580001994656e-4,17.937272727272727
2019-06-01,silver,Silver,NA,15.036,2.7104473257019315,0.02518821290053672,6.344460691227648e-4,16.889
2019-07-01,silver,Silver,NA,15.791,2.759440157484506,0.04899283178257463,0.00240029756607565,13.022272727272728
2019-08-01,silver,Silver,NA,17.224,2.846303760062062,0.08686360257755582,0.00754528545275156,20.66590909090909
2019-09-01,silver,Silver,NA,18.16,2.8992213731731473,0.05291761311108525,0.0028002737773745,16.092
2019-10-01,silver,Silver,NA,17.645,2.870452457127233,-0.02876891604591385,8.276505304568399e-4,16.411739130434782
2019-11-01,silver,Silver,NA,17.165,2.8428724269096555,-0.02758003021757807,7.606580668025198e-4,12.7645
2019-12-01,silver,Silver,NA,17.138,2.841298220246927,-0.00157420666272821,2.4781266169778996e-6,13.598571428571429
2020-01-01,silver,Silver,NA,17.972,2.8888149912079135,0.04751677096098643,0.00225784352255884,14.055714285714286
2020-02-01,silver,Silver,NA,17.88,2.883682769745368,-0.00513222146254553,2.6339697140613056e-5,20.178421052631577
2020-03-01,silver,Silver,NA,14.884,2.700286810484376,-0.18339595926099192,0.03363407787325941,63.317727272727275
2020-04-01,silver,Silver,NA,15.065,2.7123741725822645,0.01208736209788848,1.461043224854712e-4,43.6047619047619
2020-05-01,silver,Silver,NA,16.256,2.7884620713960713,0.07608789881380686,0.00578936834590011,31.078
2020-06-01,silver,Silver,NA,17.713,2.87429883327046,0.08583676187438845,0.00736794968908046,29.99681818181818
2020-07-01,silver,Silver,NA,20.647,3.0275700304027424,0.15327119713228238,0.02349205987036296,24.80090909090909
2020-08-01,silver,Silver,NA,27.003,3.295947970943058,0.26837794054031566,0.07202671896866121,20.337619047619047
2020-09-01,silver,Silver,NA,25.742,3.248123899227186,-0.04782407171587186,0.00228714183548485,28.017142857142854
2020-10-01,silver,Silver,NA,24.23,3.1875915348284343,-0.0605323643987516,0.00366416713970325,30.815
2020-11-01,silver,Silver,NA,24.079,3.1813400913390963,-0.00625144348933797,3.908054570038611e-5,25.357
2020-12-01,silver,Silver,NA,24.968,3.2175950049684783,0.03625491362938195,0.00131441876227394,21.704090909090908
2021-01-01,silver,Silver,NA,25.88,3.2534704696327,0.03587546466422152,0.0012870489648738,23.288947368421052
2021-02-01,silver,Silver,NA,27.293,3.3066302590557735,0.05315978942307388,0.00282596321150555,21.877894736842105
2021-03-01,silver,Silver,NA,25.648,3.2444655958671973,-0.06216466318857643,0.00386444534934914,21.119565217391305
2021-04-01,silver,Silver,NA,25.687,3.2459850273468187,0.0015194314796214,2.3086720212644992e-6,16.409523809523808
2021-05-01,silver,Silver,NA,27.504,3.3143314486404933,0.06834642129367494,0.0046712333036525,18.599
2021-06-01,silver,Silver,NA,26.995,3.29565166367025,-0.0186797849702432,3.489343665345237e-4,14.940454545454545
2021-07-01,silver,Silver,NA,25.677,3.245595649567582,-0.05005601410266808,0.0025056045478465,15.47095238095238
2021-08-01,silver,Silver,NA,23.986,3.1774703268095292,-0.06812532275805298,0.00464105960088889,15.008181818181818
2021-09-01,silver,Silver,NA,23.185,3.143505517843424,-0.03396480896610519,0.00115360824810402,17.5625
1990-01-01,soybeans,Soybeans,NA,242,5.488937726156687,-0.02449102000829574,5.998100610467431e-4,23.49909090909091
1990-02-01,soybeans,Soybeans,NA,240,5.480638923341991,-0.00829880281469506,6.887012815719075e-5,23.326842105263157
1990-03-01,soybeans,Soybeans,NA,242,5.488937726156687,0.00829880281469506,6.887012815719072e-5,18.831363636363637
1990-04-01,soybeans,Soybeans,NA,247,5.5093883366279774,0.02045061047129084,4.182274686484706e-4,20.4575
1990-05-01,soybeans,Soybeans,NA,259,5.556828061699537,0.04743972507156056,0.00225052751486525,18.151818181818182
1990-06-01,soybeans,Soybeans,NA,249,5.517452896464707,-0.03937516523483017,0.00155040363727017,17.582857142857144
1990-07-01,soybeans,Soybeans,NA,252,5.529429087511423,0.01197619104671562,1.434291519874314e-4,18.93285714285714
1990-08-01,soybeans,Soybeans,NA,250,5.521460917862246,-0.00796816964917684,6.349172755806304e-5,27.77521739130435
1990-09-01,soybeans,Soybeans,NA,250,5.521460917862246,0,0,28.818947368421053
1990-10-01,soybeans,Soybeans,NA,247,5.5093883366279774,-0.01207258123426924,1.4574721765803005e-4,30.130434782608695
1990-11-01,soybeans,Soybeans,NA,239,5.476463551931511,-0.0329247846964665,0.00108404144730867,25.106666666666666
1990-12-01,soybeans,Soybeans,NA,244,5.497168225293202,0.0207046733616912,4.286834990143252e-4,22.5845
1991-01-01,soybeans,Soybeans,NA,239,5.476463551931511,-0.02070467336169116,4.286834990143238e-4,26.93181818181818
1991-02-01,soybeans,Soybeans,NA,241,5.484796933490655,0.00833338155914424,6.944524821028529e-5,22.11263157894737
1991-03-01,soybeans,Soybeans,NA,244,5.497168225293202,0.01237129180254682,1.5304886086376236e-4,19.041052631578943
1991-04-01,soybeans,Soybeans,NA,245,5.501258210544727,0.00408998525152506,1.672797935769256e-5,18.92727272727273
1991-05-01,soybeans,Soybeans,NA,241,5.484796933490655,-0.01646127705407196,2.709736422509161e-4,17.180454545454545
1991-06-01,soybeans,Soybeans,NA,241,5.484796933490655,0,0,17.575
1991-07-01,soybeans,Soybeans,NA,229,5.43372200355424,-0.05107492993641539,0.00260864846800974,17.669545454545453
1991-08-01,soybeans,Soybeans,NA,241,5.484796933490655,0.05107492993641525,0.00260864846800972,15.932727272727272
1991-09-01,soybeans,Soybeans,NA,246,5.5053315359323625,0.02053460244170773,4.216698974389893e-4,17.029
1991-10-01,soybeans,Soybeans,NA,237,5.4680601411351315,-0.03727139479723165,0.0013891568701311,16.846363636363638
1991-11-01,soybeans,Soybeans,NA,237,5.4680601411351315,0,0,17.6815
1991-12-01,soybeans,Soybeans,NA,234,5.455321115357702,-0.01273902577742971,1.6228277775801872e-4,18.018571428571427
1992-01-01,soybeans,Soybeans,NA,236,5.4638318050256105,0.00851068966790861,7.243183862344637e-5,17.499545454545455
1992-02-01,soybeans,Soybeans,NA,237,5.4680601411351315,0.0042283361095211,1.7878826255080072e-5,17.050526315789472
1992-03-01,soybeans,Soybeans,NA,240,5.480638923341991,0.01257878220686018,1.582257618076224e-4,16.222727272727273
1992-04-01,soybeans,Soybeans,NA,235,5.459585514144159,-0.02105340919783238,4.432460388513731e-4,16.18857142857143
1992-05-01,soybeans,Soybeans,NA,247,5.5093883366279774,0.0498028224838183,0.00248032112735471,14.728
1992-06-01,soybeans,Soybeans,NA,253,5.53338948872752,0.02400115209954304,5.760553021053995e-4,14.75318181818182
1992-07-01,soybeans,Soybeans,NA,237,5.4680601411351315,-0.06532934759238901,0.00426792365684718,13.303636363636365
1992-08-01,soybeans,Soybeans,NA,229,5.43372200355424,-0.03433813758089157,0.00117910769252423,14.422380952380951
1992-09-01,soybeans,Soybeans,NA,227,5.424950017481403,-0.00877198607283699,7.694773966204619e-5,14.258571428571427
1992-10-01,soybeans,Soybeans,NA,221,5.3981627015177525,-0.02678731596364984,7.175602965364097e-4,17.478636363636365
1992-11-01,soybeans,Soybeans,NA,229,5.43372200355424,0.03555930203648692,0.0012644639613221,14.594
1992-12-01,soybeans,Soybeans,NA,235,5.459585514144159,0.02586351058991937,6.689211800348715e-4,12.781363636363636
1993-01-01,soybeans,Soybeans,NA,239,5.476463551931511,0.01687803778735173,2.8486815955127293e-4,12.5745
1993-02-01,soybeans,Soybeans,NA,236,5.4638318050256105,-0.01263174690590057,1.5956102989472874e-4,13.505263157894737
1993-03-01,soybeans,Soybeans,NA,238,5.472270673671475,0.0084388686458646,7.121450402215669e-5,13.657391304347826
1993-04-01,soybeans,Soybeans,NA,244,5.497168225293202,0.02489755162172708,6.19888076756565e-4,13.49952380952381
1993-05-01,soybeans,Soybeans,NA,246,5.5053315359323625,0.00816331063916083,6.663964059143649e-5,13.535
1993-06-01,soybeans,Soybeans,NA,245,5.501258210544727,-0.00407332538763578,1.659197971355823e-5,13.002272727272729
1993-07-01,soybeans,Soybeans,NA,287,5.659482215759621,0.1582240052148942,0.02503483582624286,11.99952380952381
1993-08-01,soybeans,Soybeans,NA,274,5.6131281063880705,-0.04635410937155084,0.00214870345562969,11.952272727272728
1993-09-01,soybeans,Soybeans,NA,260,5.560681631015528,-0.05244647537254254,0.00275063277900271,12.621428571428572
1993-10-01,soybeans,Soybeans,NA,249,5.517452896464707,-0.04322873455082007,0.00186872349086526,11.377142857142855
1993-11-01,soybeans,Soybeans,NA,267,5.58724865840025,0.06979576193554192,0.00487144838416284,13.370952380952382
1993-12-01,soybeans,Soybeans,NA,276,5.62040086571715,0.03315220731690055,0.00109906884998275,10.864545454545455
1994-01-01,soybeans,Soybeans,NA,282,5.641907070938114,0.02150620522096368,4.625168630062055e-4,10.605238095238096
1994-02-01,soybeans,Soybeans,NA,273,5.60947179518496,-0.03243527575315384,0.00105204711318312,12.885263157894736
1994-03-01,soybeans,Soybeans,NA,274,5.6131281063880705,0.00365631120311047,1.33686116139912e-5,14.240869565217391
1994-04-01,soybeans,Soybeans,NA,261,5.564520407322694,-0.04860769906537681,0.00236270840843023,15.334736842105263
1994-05-01,soybeans,Soybeans,NA,256,5.545177444479562,-0.01934296284313098,3.74150211550746e-4,13.39
1994-06-01,soybeans,Soybeans,NA,265,5.579729825986222,0.03455238150665973,0.00119386706778176,12.94590909090909
1994-07-01,soybeans,Soybeans,NA,237,5.4680601411351315,-0.111669684851091,0.01247011851474198,12.1635
1994-08-01,soybeans,Soybeans,NA,232,5.44673737166631,-0.02132276946882119,4.546604978204932e-4,11.39304347826087
1994-09-01,soybeans,Soybeans,NA,233,5.4510384535657,0.0043010818993907,1.8499305505266325e-5,12.612380952380953
1994-10-01,soybeans,Soybeans,NA,227,5.424950017481403,-0.02608843608429785,6.806064973244942e-4,15.04952380952381
1994-11-01,soybeans,Soybeans,NA,239,5.476463551931511,0.05151353445010796,0.00265364423154245,16.249523809523808
1994-12-01,soybeans,Soybeans,NA,243,5.493061443340548,0.01659789140903783,2.7548999922621183e-4,13.806666666666668
1995-01-01,soybeans,Soybeans,NA,243,5.493061443340548,0,0,11.711904761904762
1995-02-01,soybeans,Soybeans,NA,238,5.472270673671475,-0.02079076966907378,4.3225610343247824e-4,11.197368421052632
1995-03-01,soybeans,Soybeans,NA,246,5.5053315359323625,0.03306086226088821,0.00109302061343342,11.971304347826086
1995-04-01,soybeans,Soybeans,NA,249,5.517452896464707,0.01212136053234482,1.469273811550867e-4,12.51684210526316
1995-05-01,soybeans,Soybeans,NA,250,5.521460917862246,0.00400802139753886,1.606423552312942e-5,12.458636363636364
1995-06-01,soybeans,Soybeans,NA,252,5.529429087511423,0.00796816964917688,6.349172755806362e-5,13.17909090909091
1995-07-01,soybeans,Soybeans,NA,261,5.564520407322694,0.03509131981127019,0.00123140072609684,14.0765
1995-08-01,soybeans,Soybeans,NA,257,5.54907608489522,-0.01544432242747363,2.3852709524376496e-4,13.348695652173912
1995-09-01,soybeans,Soybeans,NA,266,5.583496308781699,0.03442022388647937,0.00118475181239536,12.237
1995-10-01,soybeans,Soybeans,NA,271,5.602118820879701,0.01862251209800185,3.467979568402253e-4,14.237727272727271
1995-11-01,soybeans,Soybeans,NA,282,5.641907070938114,0.03978825005841258,0.00158310484271076,12.971904761904762
1995-12-01,soybeans,Soybeans,NA,296,5.69035945432406,0.04845238338594675,0.00234763345577876,12.288
1996-01-01,soybeans,Soybeans,NA,305,5.720311776607412,0.02995232228335132,8.971416101657444e-4,14.150454545454544
1996-02-01,soybeans,Soybeans,NA,299,5.700443573390687,-0.01986820321672517,3.947454990610885e-4,16.238
1996-03-01,soybeans,Soybeans,NA,295,5.68697535633982,-0.01346821705086659,1.8139287052925364e-4,19.081904761904763
1996-04-01,soybeans,Soybeans,NA,316,5.755742213586912,0.06876685724709228,0.00472888065564196,17.512857142857143
1996-05-01,soybeans,Soybeans,NA,322,5.7745515455444085,0.01880933195749629,3.5379096868729134e-4,16.96681818181818
1996-06-01,soybeans,Soybeans,NA,308,5.730099782973574,-0.04445176257083381,0.00197595919565378,17.6755
1996-07-01,soybeans,Soybeans,NA,312,5.7430031878094825,0.01290340483590778,1.6649785635932835e-4,19.341818181818184
1996-08-01,soybeans,Soybeans,NA,317,5.75890177387728,0.0158985860677982,2.527650389551872e-4,16.478181818181817
1996-09-01,soybeans,Soybeans,NA,319,5.765191102784844,0.00628932890756391,3.9555658107519154e-5,17.2785
1996-10-01,soybeans,Soybeans,NA,290,5.66988092298052,-0.0953101798043249,0.00908403037433274,17.401304347826088
1996-11-01,soybeans,Soybeans,NA,286,5.655991810819852,-0.01388911216066715,1.929074366115921e-4,17.1635
1996-12-01,soybeans,Soybeans,NA,289,5.666426688112432,0.01043487729257949,1.0888666411119116e-4,20.118
1997-01-01,soybeans,Soybeans,NA,301,5.707110264748875,0.04068357663644354,0.00165515340793337,21.031363636363636
1997-02-01,soybeans,Soybeans,NA,308,5.730099782973574,0.02298951822469878,5.285179482037574e-4,21.647894736842105
1997-03-01,soybeans,Soybeans,NA,332,5.805134968916488,0.0750351859429141,0.00563027912948769,22.3035
1997-04-01,soybeans,Soybeans,NA,338,5.823045895483019,0.01791092656653024,3.208012904716389e-4,21.507727272727273
1997-05-01,soybeans,Soybeans,NA,298,5.697093486505405,-0.1259524089776144,0.01586400932726424,21.927619047619046
1997-06-01,soybeans,Soybeans,NA,278,5.627621113690637,-0.0694723728147674,0.00482641058451403,22.743333333333332
1997-07-01,soybeans,Soybeans,NA,306,5.723585101952381,0.09596398826174374,0.00920908704310009,23.24772727272727
1997-08-01,soybeans,Soybeans,NA,265,5.579729825986222,-0.14385527596615852,0.02069434042329962,25.153809523809525
1997-09-01,soybeans,Soybeans,NA,269,5.594711379601839,0.01498155361561689,2.2444694873760364e-4,25.59285714285714
1997-10-01,soybeans,Soybeans,NA,278,5.627621113690637,0.03290973408879796,0.00108305059779539,25.615652173913045
1997-11-01,soybeans,Soybeans,NA,288,5.662960480135946,0.03533936644530886,0.00124887082075582,31.545263157894738
1997-12-01,soybeans,Soybeans,NA,284,5.648974238161206,-0.01398624197473984,1.9561496457597456e-4,26.473181818181818
1998-01-01,soybeans,Soybeans,NA,273,5.60947179518496,-0.03950244297624625,0.00156044300109158,24.4275
1998-02-01,soybeans,Soybeans,NA,273,5.60947179518496,0,0,20.386315789473684
1998-03-01,soybeans,Soybeans,NA,265,5.579729825986222,-0.02974196919873753,8.845847318186519e-4,20.543181818181814
1998-04-01,soybeans,Soybeans,NA,259,5.556828061699537,-0.02290176428668445,5.244908074428556e-4,22.53809523809524
1998-05-01,soybeans,Soybeans,NA,247,5.5093883366279774,-0.04743972507156057,0.00225052751486525,21.4485
1998-06-01,soybeans,Soybeans,NA,242,5.488937726156687,-0.02045061047129076,4.182274686484676e-4,21.996363636363636
1998-07-01,soybeans,Soybeans,NA,238,5.472270673671475,-0.01666705248521164,2.7779063854479975e-4,20.25181818181818
1998-08-01,soybeans,Soybeans,NA,219,5.389071729816501,-0.08319894385497392,0.0069220642585831,31.48857142857143
1998-09-01,soybeans,Soybeans,NA,216,5.375278407684165,-0.01379332213233587,1.9025573544638664e-4,39.247142857142855
1998-10-01,soybeans,Soybeans,NA,223,5.407171771460119,0.03189336377595379,0.00101718665294532,37.45409090909091
1998-11-01,soybeans,Soybeans,NA,234,5.455321115357702,0.04814934389758259,0.00231835931776767,25.038
1998-12-01,soybeans,Soybeans,NA,230,5.438079308923196,-0.0172418064345061,2.972798891249761e-4,25.47681818181818
1999-01-01,soybeans,Soybeans,NA,221,5.3981627015177525,-0.03991660740544255,0.00159333554676023,28.616842105263157
1999-02-01,soybeans,Soybeans,NA,205,5.3230099791384085,-0.0751527223793446,0.00564793168102684,29.93842105263158
1999-03-01,soybeans,Soybeans,NA,205,5.3230099791384085,0,0,26.475652173913044
1999-04-01,soybeans,Soybeans,NA,207,5.332718793265369,0.0097088141269609,9.42610717518756e-5,24.693809523809524
1999-05-01,soybeans,Soybeans,NA,199,5.293304824724492,-0.03941396854087663,0.00155346091614121,27.3765
1999-06-01,soybeans,Soybeans,NA,194,5.267858159063328,-0.02544666566116426,6.475327932710765e-4,24.123636363636365
1999-07-01,soybeans,Soybeans,NA,183,5.209486152841421,-0.05837200622190721,0.00340729111037037,21.486666666666668
1999-08-01,soybeans,Soybeans,NA,199,5.293304824724492,0.08381867188307154,0.007025569756242,24.90909090909091
1999-09-01,soybeans,Soybeans,NA,207,5.332718793265369,0.03941396854087663,0.00155346091614121,25.58
1999-10-01,soybeans,Soybeans,NA,203,5.313205979041787,-0.01951281422358171,3.807499189240129e-4,25.37
1999-11-01,soybeans,Soybeans,NA,198,5.288267030694535,-0.02493894834725206,6.219511446669065e-4,22.22952380952381
1999-12-01,soybeans,Soybeans,NA,199,5.293304824724492,0.00503779402995708,2.537936868827121e-5,23.222272727272728
2000-01-01,soybeans,Soybeans,NA,208,5.337538079701318,0.04423325497682566,0.00195658084584487,24.9385
2000-02-01,soybeans,Soybeans,NA,214,5.365976015021851,0.02843793532053341,8.087161652948416e-4,25.456
2000-03-01,soybeans,Soybeans,NA,221,5.3981627015177525,0.03218668649590128,0.00103598278758543,24.810434782608695
2000-04-01,soybeans,Soybeans,NA,229,5.43372200355424,0.03555930203648692,0.0012644639613221,29.833157894736843
2000-05-01,soybeans,Soybeans,NA,229,5.43372200355424,0,0,29.42909090909091
2000-06-01,soybeans,Soybeans,NA,211,5.351858133476067,-0.08186387007817311,0.006701693224176,24.31772727272727
2000-07-01,soybeans,Soybeans,NA,197,5.2832037287379885,-0.068654404738078,0.00471342728993982,22.66
2000-08-01,soybeans,Soybeans,NA,198,5.288267030694535,0.00506330195654663,2.563702670316898e-5,20.484347826086957
2000-09-01,soybeans,Soybeans,NA,209,5.342334251964811,0.05406722127027579,0.00292326441588896,22.3365
2000-10-01,soybeans,Soybeans,NA,203,5.313205979041787,-0.02912827292302371,8.484562834781565e-4,28.21409090909091
2000-11-01,soybeans,Soybeans,NA,206,5.327876168789581,0.01467018974779384,2.1521446723627547e-4,29.21190476190476
2000-12-01,soybeans,Soybeans,NA,217,5.37989735354046,0.05202118475087845,0.00270620366288502,30.1045
2001-01-01,soybeans,Soybeans,NA,210,5.3471075307174685,-0.03278982282299084,0.00107517248076313,27.83
2001-02-01,soybeans,Soybeans,NA,200,5.298317366548036,-0.04879016416943205,0.00238048011968013,26.159473684210525
2001-03-01,soybeans,Soybeans,NA,195,5.272999558563747,-0.02531780798428989,6.409914011293733e-4,32.42318181818182
2001-04-01,soybeans,Soybeans,NA,186,5.225746673713202,-0.0472528848505455,0.00223283512669891,32.245
2001-05-01,soybeans,Soybeans,NA,184,5.214935757608986,-0.01081091610421561,1.1687590701238858e-4,26.095
2001-06-01,soybeans,Soybeans,NA,188,5.236441962829949,0.02150620522096368,4.625168630062055e-4,23.30047619047619
2001-07-01,soybeans,Soybeans,NA,208,5.337538079701318,0.1010961168713688,0.01022042484646946,24.85904761904762
2001-08-01,soybeans,Soybeans,NA,212,5.356586274672012,0.01904819497069441,3.628337316415879e-4,24.260434782608694
2001-09-01,soybeans,Soybeans,NA,202,5.308267697401205,-0.04831857727080768,0.00233468490947501,38.55133333333333
2001-10-01,soybeans,Soybeans,NA,187,5.231108616854587,-0.07715908054661809,0.00595352371079949,34.44695652173913
2001-11-01,soybeans,Soybeans,NA,189,5.241747015059643,0.01063839820505579,1.131755163693344e-4,28.25428571428571
2001-12-01,soybeans,Soybeans,NA,189,5.241747015059643,0,0,24.5395
2002-01-01,soybeans,Soybeans,NA,188,5.236441962829949,-0.00530505222969322,2.8143579159773103e-5,23.615238095238094
2002-02-01,soybeans,Soybeans,NA,187,5.231108616854587,-0.00533334597536261,2.8444579292916625e-5,24.66842105263158
2002-03-01,soybeans,Soybeans,NA,191,5.25227342804663,0.02116481119204333,4.4794923279484265e-4,21.014
2002-04-01,soybeans,Soybeans,NA,195,5.272999558563747,0.02072613051711695,4.295724862125666e-4,21.814545454545453
2002-05-01,soybeans,Soybeans,NA,197,5.2832037287379885,0.01020417017424166,1.0412508894488323e-4,22.63
2002-06-01,soybeans,Soybeans,NA,200,5.298317366548036,0.0151136378100481,2.284220478533157e-4,28.599
2002-07-01,soybeans,Soybeans,NA,218,5.384495062789089,0.08617769624105241,0.00742659532941509,38.49727272727273
2002-08-01,soybeans,Soybeans,NA,227,5.424950017481403,0.04045495469231375,0.00163660335915715,37.25272727272727
2002-09-01,soybeans,Soybeans,NA,236,5.4638318050256105,0.03888178754420748,0.00151179340263288,41.656
2002-10-01,soybeans,Soybeans,NA,229,5.43372200355424,-0.03010980147137045,9.066001446453424e-4,41.39739130434783
2002-11-01,soybeans,Soybeans,NA,243,5.493061443340548,0.05933943978630873,0.00352116911415296,32.005
2002-12-01,soybeans,Soybeans,NA,241,5.484796933490655,-0.00826450984989342,6.830212305898543e-5,31.830952380952382
2003-01-01,soybeans,Soybeans,NA,244,5.497168225293202,0.01237129180254682,1.5304886086376236e-4,30.66857142857143
2003-02-01,soybeans,Soybeans,NA,243,5.493061443340548,-0.00410678195265335,1.6865658006639338e-5,36.54052631578948
2003-03-01,soybeans,Soybeans,NA,241,5.484796933490655,-0.00826450984989342,6.830212305898543e-5,35.194761904761904
2003-04-01,soybeans,Soybeans,NA,251,5.5254529391317835,0.04065600564112896,0.00165291079469151,27.14238095238095
2003-05-01,soybeans,Soybeans,NA,250,5.521460917862246,-0.00399202126953745,1.5936233816439393e-5,22.548571428571428
2003-06-01,soybeans,Soybeans,NA,239,5.476463551931511,-0.0449973659307358,0.00202476294070454,22.34904761904762
2003-07-01,soybeans,Soybeans,NA,230,5.438079308923196,-0.03838424300831534,0.0014733501113214,21.206818181818186
2003-08-01,soybeans,Soybeans,NA,237,5.4680601411351315,0.02998083221193585,8.988503001202507e-4,20.829047619047618
2003-09-01,soybeans,Soybeans,NA,264,5.575949103146316,0.10788896201118492,0.0116400281238509,20.682380952380953
2003-10-01,soybeans,Soybeans,NA,310,5.736572297479192,0.16062319433287583,0.02579981055769679,19.184347826086956
2003-11-01,soybeans,Soybeans,NA,327,5.7899601708972535,0.05338787341806154,0.00285026502810296,17.838947368421053
2003-12-01,soybeans,Soybeans,NA,332,5.805134968916488,0.01517479801923513,2.302744949245825e-4,16.375454545454545
2004-01-01,soybeans,Soybeans,NA,350,5.857933154483459,0.05279818556697083,0.00278764839916428,15.834
2004-02-01,soybeans,Soybeans,NA,368,5.908082938168931,0.05014978368547151,0.00251500080369958,15.924736842105265
2004-03-01,soybeans,Soybeans,NA,413,6.023447592961033,0.11536465479210176,0.01330900357530081,17.73304347826087
2004-04-01,soybeans,Soybeans,NA,358,5.8805329864007,-0.1429146065603324,0.0204245847682946,15.788095238095238
2004-05-01,soybeans,Soybeans,NA,316,5.755742213586912,-0.12479077281378824,0.01557273697946251,18.076
2004-06-01,soybeans,Soybeans,NA,295,5.68697535633982,-0.0687668572470923,0.00472888065564197,15.045238095238096
2004-07-01,soybeans,Soybeans,NA,279,5.631211781821365,-0.05576357451845423,0.00310957624307519,15.668571428571427
2004-08-01,soybeans,Soybeans,NA,265,5.579729825986222,-0.05148195583514345,0.00265039177661166,16.592727272727274
2004-09-01,soybeans,Soybeans,NA,260,5.560681631015528,-0.01904819497069447,3.6283373164159026e-4,13.880476190476193
2004-10-01,soybeans,Soybeans,NA,249,5.517452896464707,-0.04322873455082007,0.00186872349086526,15.184761904761904
2004-11-01,soybeans,Soybeans,NA,260,5.560681631015528,0.04322873455082021,0.00186872349086527,14.05
2004-12-01,soybeans,Soybeans,NA,265,5.579729825986222,0.01904819497069441,3.628337316415879e-4,13.014090909090909
2005-01-01,soybeans,Soybeans,NA,261.5,5.566434283504978,-0.01329554248124461,1.7677144987058018e-4,13.512
2005-02-01,soybeans,Soybeans,NA,261,5.564520407322694,-0.00191387618228416,3.662922041114608e-6,11.562631578947368
2005-03-01,soybeans,Soybeans,NA,290,5.66988092298052,0.10536051565782636,0.01110083825968307,12.880454545454546
2005-04-01,soybeans,Soybeans,NA,283,5.645446897643238,-0.02443402533728213,5.970215941829453e-4,14.057142857142855
2005-05-01,soybeans,Soybeans,NA,283,5.645446897643238,0,0,13.17904761904762
2005-06-01,soybeans,Soybeans,NA,306,5.723585101952381,0.07813820430914306,0.00610557897265738,11.241818181818182
2005-07-01,soybeans,Soybeans,NA,298,5.697093486505405,-0.02649161544697634,7.018056889904755e-4,10.489
2005-08-01,soybeans,Soybeans,NA,274,5.6131281063880705,-0.08396538011733422,0.00705018505824842,11.985217391304348
2005-09-01,soybeans,Soybeans,NA,263,5.572154032177765,-0.04097407421030568,0.00167887475739163,11.959047619047618
2005-10-01,soybeans,Soybeans,NA,257,5.54907608489522,-0.02307794728254472,5.325916507759134e-4,14.582380952380952
2005-11-01,soybeans,Soybeans,NA,255.75,5.544200404831736,-0.00487568006348391,2.3772256081454543e-5,11.606190476190475
2005-12-01,soybeans,Soybeans,NA,264,5.575949103146316,0.03174869831458027,0.00100797984467023,10.923809523809524
2006-01-01,soybeans,Soybeans,NA,257,5.54907608489522,-0.02687301825109634,7.22159109923757e-4,11.7115
2006-02-01,soybeans,Soybeans,NA,257,5.54907608489522,0,0,11.867368421052632
2006-03-01,soybeans,Soybeans,NA,257,5.54907608489522,0,0,11.19086956521739
2006-04-01,soybeans,Soybeans,NA,258,5.552959584921617,0.00388350002639761,1.5081572455030256e-5,11.163684210526316
2006-05-01,soybeans,Soybeans,NA,266,5.583496308781699,0.0305367238600817,9.324915041068832e-4,13.488181818181818
2006-06-01,soybeans,Soybeans,NA,267,5.58724865840025,0.00375234961855037,1.4080127659835122e-5,15.891363636363636
2006-07-01,soybeans,Soybeans,NA,271.75,5.604882526001319,0.01763386760106939,3.1095328657204484e-4,14.522
2006-08-01,soybeans,Soybeans,NA,262,5.568344503761097,-0.03653802224022197,0.00133502706922695,12.560434782608697
2006-09-01,soybeans,Soybeans,NA,258,5.552959584921617,-0.01538491883947945,2.3669572769736987e-4,11.397
2006-10-01,soybeans,Soybeans,NA,273,5.60947179518496,0.0565122102633424,0.00319362990884822,10.808636363636364
2006-11-01,soybeans,Soybeans,NA,300,5.703782474656201,0.09431067947124142,0.00889450426232723,10.484285714285717
2006-12-01,soybeans,Soybeans,NA,297,5.6937321388027,-0.01005033585350145,1.0100925076817673e-4,10.499
2007-01-01,soybeans,Soybeans,NA,306,5.723585101952381,0.02985296314968113,8.911994088162194e-4,10.627
2007-02-01,soybeans,Soybeans,NA,325,5.783825182329737,0.06024008037735672,0.00362886728387039,10.920526315789472
2007-03-01,soybeans,Soybeans,NA,322,5.7745515455444085,-0.00927363678532921,8.600033922621117e-5,14.921363636363637
2007-04-01,soybeans,Soybeans,NA,319.75,5.767539440458952,-0.00701210508545623,4.916961772948117e-5,12.246
2007-05-01,soybeans,Soybeans,NA,334,5.811140992976701,0.04360155251774828,0.00190109538195796,12.965
2007-06-01,soybeans,Soybeans,NA,361,5.8888779583328805,0.07773696535618053,0.00604303578278801,14.881904761904762
2007-07-01,soybeans,Soybeans,NA,375.5,5.928258471204189,0.03938051287130847,0.00155082479400729,17.247619047619047
2007-08-01,soybeans,Soybeans,NA,385,5.953243334287785,0.02498486308359476,6.242433833059766e-4,25.12
2007-09-01,soybeans,Soybeans,NA,426,6.054439346269371,0.10119601198158612,0.01024063284097732,22.182105263157897
2007-10-01,soybeans,Soybeans,NA,450,6.1092475827643655,0.05480823649499495,0.00300394278769129,18.859565217391303
2007-11-01,soybeans,Soybeans,NA,489,6.192362489474872,0.08311490671050659,0.00690808771749621,26.65714285714286
2007-12-01,soybeans,Soybeans,NA,503.99,6.222556426604687,0.03019393712981476,9.116738393992064e-4,23.0965
2008-01-01,soybeans,Soybeans,NA,528.5,6.270042805310292,0.04748637870560546,0.00225495616257218,27.98952380952381
2008-02-01,soybeans,Soybeans,NA,574.01,6.3526468177706,0.08260401246030709,0.00682342287454256,27.1565
2008-03-01,soybeans,Soybeans,NA,558.86,6.325898994560764,-0.0267478232098358,7.154460464646309e-4,29.009
2008-04-01,soybeans,Soybeans,NA,549.11,6.30829878573801,-0.01760020882275326,3.0976735060452183e-4,22.526818181818182
2008-05-01,soybeans,Soybeans,NA,566.12,6.3388060698656385,0.03050728412762771,9.30694384843806e-4,18.61
2008-06-01,soybeans,Soybeans,NA,634.85,6.4533887505158,0.11458268065016232,0.01312919070497708,23.19142857142857
2008-07-01,soybeans,Soybeans,NA,637.25,6.457162043256225,0.00377329274042442,1.4237738104939632e-5,25.66227272727273
2008-08-01,soybeans,Soybeans,NA,557.28,6.323067806617691,-0.1340942366385338,0.0179812642996711,22.25952380952381
2008-09-01,soybeans,Soybeans,NA,525.48,6.264312130601307,-0.0587556760163837,0.00345222946414224,33.21142857142857
2008-10-01,soybeans,Soybeans,NA,399.87,5.991139494284036,-0.27317263631727084,0.07462328923252792,65.44652173913043
2008-11-01,soybeans,Soybeans,NA,371.76,5.918248484776723,-0.07289100950731366,0.00531309926699528,65.42684210526316
2008-12-01,soybeans,Soybeans,NA,359.35,5.884296843914452,-0.03395164086227122,0.00115271391724064,55.07545454545455
2009-01-01,soybeans,Soybeans,NA,400.92,5.993761906156665,0.10946506224221378,0.01198259985169173,44.2915
2009-02-01,soybeans,Soybeans,NA,374.45,5.925458282695376,-0.06830362346128949,0.00466538497794161,45.38947368421053
2009-03-01,soybeans,Soybeans,NA,372.75,5.920907953644848,-0.00455032905052825,2.070549446808136e-5,46.09045454545455
2009-04-01,soybeans,Soybeans,NA,387.55,5.959844872727521,0.03893691908267267,0.00151608366765059,38.89857142857143
2009-05-01,soybeans,Soybeans,NA,425.72,6.053781853172843,0.09393698044532307,0.00882415629518501,32.11
2009-06-01,soybeans,Soybeans,NA,442.09,6.09151348125948,0.0377316280866366,0.00142367575806826,27.935454545454547
2009-07-01,soybeans,Soybeans,NA,430.61,6.0652028080698,-0.02631067318968026,6.9225152369416e-4,25.924545454545456
2009-08-01,soybeans,Soybeans,NA,497.53,6.209655856288122,0.14445304821832233,0.02086668313956495,24.306190476190476
2009-09-01,soybeans,Soybeans,NA,425.01,6.05211269805937,-0.15754315822875306,0.02481984670468992,23.85761904761905
2009-10-01,soybeans,Soybeans,NA,430.08,6.06397123789473,0.01185853983536067,1.406249670268359e-4,23.250454545454545
2009-11-01,soybeans,Soybeans,NA,447.41,6.103475400169675,0.03950416227494442,0.00156057883704514,22.546
2009-12-01,soybeans,Soybeans,NA,449.35,6.1078020941043825,0.004326693934708,1.8720280404638992e-5,19.845454545454544
2010-01-01,soybeans,Soybeans,NA,435.88,6.077366976108685,-0.03043511799569714,9.26296407412008e-4,19.527368421052632
2010-02-01,soybeans,Soybeans,NA,411.86,6.0206834857772025,-0.05668349033148331,0.00321301807615936,21.771052631578947
2010-03-01,soybeans,Soybeans,NA,409.36,6.014594964496837,-0.00608852128036564,3.7070091381465304e-5,16.925217391304347
2010-04-01,soybeans,Soybeans,NA,402.6,5.9979435132056915,-0.01665145129114528,2.7727083010138404e-4,16.136666666666667
2010-05-01,soybeans,Soybeans,NA,402.87,5.998613929261194,6.704160555023671e-4,4.49457687475353e-7,30.0335
2010-06-01,soybeans,Soybeans,NA,401.33,5.994784031518324,-0.00382989774286956,1.46681167208374e-5,28.94090909090909
2010-07-01,soybeans,Soybeans,NA,427.53,6.058024461353231,0.06324042983490641,0.00399935196570372,25.016666666666666
2010-08-01,soybeans,Soybeans,NA,449.84,6.108891963983946,0.05086750263071585,0.00258750282388588,24.15590909090909
2010-09-01,soybeans,Soybeans,NA,468.26,6.149023697209347,0.04013173322540048,0.00161055601167471,21.322380952380954
2010-10-01,soybeans,Soybeans,NA,495.79,6.20615244997453,0.05712875276518343,0.00326369439250545,19.86095238095238
2010-11-01,soybeans,Soybeans,NA,514.15,6.242515051675199,0.03636260170066936,0.00132223880244152,19.395238095238096
2010-12-01,soybeans,Soybeans,NA,545.75,6.302160995430054,0.05964594375485368,0.00355763860640716,16.58681818181818
2011-01-01,soybeans,Soybeans,NA,567.62,6.34145218074686,0.03929118531680579,0.00154379724359957,15.723
2011-02-01,soybeans,Soybeans,NA,566.05,6.338682413524118,-0.00276976722274078,7.6716104681692e-6,15.72
2011-03-01,soybeans,Soybeans,NA,552.75,6.314905819737556,-0.02377659378656268,5.653264120912113e-4,19.893478260869564
2011-04-01,soybeans,Soybeans,NA,556.58,6.321810915999205,0.00690509626164942,4.768035438264486e-5,15.208
2011-05-01,soybeans,Soybeans,NA,556.8,6.32220610902021,3.951930210048991e-4,1.561775238509787e-7,16.293809523809525
2011-06-01,soybeans,Soybeans,NA,556.22,6.321163899441766,-0.00104220957844353,1.086200805399444e-6,18.918636363636363
2011-07-01,soybeans,Soybeans,NA,556.5,6.3216671707156,5.032712738333317e-4,2.5328197506582433e-07,18.7405
2011-08-01,soybeans,Soybeans,NA,552.96,6.315285666175636,-0.00638150453996331,4.072360019357244e-5,35.068695652173915
2011-09-01,soybeans,Soybeans,NA,531.95,6.276549499962375,-0.03873616621326105,0.00150049057290138,36.64380952380952
2011-10-01,soybeans,Soybeans,NA,491.42,6.197299159299555,-0.07925034066282044,0.00628061649517309,32.00857142857143
2011-11-01,soybeans,Soybeans,NA,478.35,6.1703426821241765,-0.02695647717537825,7.266516617066889e-4,31.412380952380953
2011-12-01,soybeans,Soybeans,NA,483.03,6.180078763524957,0.00973608140078045,9.479128104262306e-5,25.03952380952381
2012-01-01,soybeans,Soybeans,NA,503.18,6.220947958968371,0.04086919544341468,0.00167029113619202,18.9415
2012-02-01,soybeans,Soybeans,NA,522.96,6.259504979304475,0.03855702033610284,0.00148664381719864,16.691
2012-03-01,soybeans,Soybeans,NA,547.46,6.3052893996609605,0.04578442035648614,0.00209621314737942,14.962727272727273
2012-04-01,soybeans,Soybeans,NA,583.83,6.369609844561183,0.06432044490022329,0.00413711963216266,17.177
2012-05-01,soybeans,Soybeans,NA,577.48,6.358673809761614,-0.01093603479956964,1.1959685713739826e-4,20.547272727272727
2012-06-01,soybeans,Soybeans,NA,578.01,6.359591169560779,9.17359799164646e-4,8.415490011233999e-7,20.750476190476192
2012-07-01,soybeans,Soybeans,NA,670.19,6.507561254272764,0.1479700847119849,0.02189514596967198,16.954761904761906
2012-08-01,soybeans,Soybeans,NA,684.02,6.527987156961158,0.02042590268839525,4.172175006357926e-4,14.969130434782608
2012-09-01,soybeans,Soybeans,NA,677.32,6.51814383479714,-0.00984332216401879,9.689099122466366e-5,14.31421052631579
2012-10-01,soybeans,Soybeans,NA,625.76,6.438966911007204,-0.07917692378993589,0.00626898526083731,15.469047619047618
2012-11-01,soybeans,Soybeans,NA,584.59,6.3709107468175326,-0.06805616418967103,0.00463164148421146,17.155714285714286
2012-12-01,soybeans,Soybeans,NA,591.29,6.382306590794719,0.01139584397718555,1.298652599523562e-4,17.351
2013-01-01,soybeans,Soybeans,NA,595.3,6.389065480159345,0.00675888936462579,4.568258544325171e-5,13.121904761904762
2013-02-01,soybeans,Soybeans,NA,610.73,6.414654962978663,0.02558948281931856,6.548216309602002e-4,13.512105263157894
2013-03-01,soybeans,Soybeans,NA,584.7,6.371098895181625,-0.04355606779703815,0.00189713104194018,12.3915
2013-04-01,soybeans,Soybeans,NA,563.88,6.334841462902725,-0.03625743227890023,0.00131460139545903,13.251363636363635
2013-05-01,soybeans,Soybeans,NA,498.01,6.210620157144331,-0.12422130575839348,0.01543093280432028,12.914090909090907
2013-06-01,soybeans,Soybeans,NA,524.66,6.262750433748206,0.05213027660387475,0.00271756573879649,17.156
2013-07-01,soybeans,Soybeans,NA,511.3,6.236956502085953,-0.0257939316622522,6.653269105969369e-4,13.626818181818182
2013-08-01,soybeans,Soybeans,NA,511.71,6.237758058320892,8.015562349376359e-4,6.424923977673986e-7,13.863636363636363
2013-09-01,soybeans,Soybeans,NA,560.18,6.328258160653527,0.09050010233263582,0.00819026852221755,14.2915
2013-10-01,soybeans,Soybeans,NA,540.85,6.293141976076298,-0.0351161845772284,0.00123314641926197,14.32304347826087
2013-11-01,soybeans,Soybeans,NA,551.32,6.312315402826238,0.01917342674993959,3.676202933352992e-4,11.9565
2013-12-01,soybeans,Soybeans,NA,564.03,6.335107441572803,0.02279203874656516,5.194770302249276e-4,12.995238095238095
2014-01-01,soybeans,Soybeans,NA,565.5,6.3377102955561755,0.00260285398337173,6.774848858754082e-6,13.057142857142855
2014-02-01,soybeans,Soybeans,NA,490.73,6.195894078378067,-0.1418162171781081,0.02011183945470832,14.179473684210526
2014-03-01,soybeans,Soybeans,NA,530.81,6.274404141768158,0.0785100633900902,0.00616383005351598,13.592380952380951
2014-04-01,soybeans,Soybeans,NA,516.18,6.2464555418613115,-0.02794859990684572,7.81124236752937e-4,13.485238095238095
2014-05-01,soybeans,Soybeans,NA,519.42,6.252712804455737,0.00625726259442561,3.9153335175598033e-5,11.76142857142857
2014-06-01,soybeans,Soybeans,NA,511.14,6.236643525282804,-0.01606927917293326,2.582217331376668e-4,10.298571428571428
2014-07-01,soybeans,Soybeans,NA,471.74,6.156427986355729,-0.08021553892707473,0.00643453268536104,10.638636363636364
2014-08-01,soybeans,Soybeans,NA,458.57,6.128112951799098,-0.02831503455663108,8.017411819432125e-4,12.414761904761905
2014-09-01,soybeans,Soybeans,NA,430.17,6.064180479395057,-0.06393247240404068,0.00408736102769342,11.91190476190476
2014-10-01,soybeans,Soybeans,NA,425.81,6.053993237387927,-0.01018724200713025,1.0377989971183917e-4,16.911304347826086
2014-11-01,soybeans,Soybeans,NA,449.9,6.109025335847127,0.05503209845919929,0.003028531860823,12.243684210526316
2014-12-01,soybeans,Soybeans,NA,448.32,6.105507263148642,-0.00351807269848436,1.237683551182104e-5,14.90681818181818
2015-01-01,soybeans,Soybeans,NA,433.21,6.071222598886258,-0.03428466426238463,0.00117543820358443,17.9875
2015-02-01,soybeans,Soybeans,NA,423.55,6.04867157087756,-0.02255102800869757,5.085488642490627e-4,15.321052631578947
2015-03-01,soybeans,Soybeans,NA,409.79,6.015644833359673,-0.03302673751788677,0.00109076539107539,15.016818181818184
2015-04-01,soybeans,Soybeans,NA,394.73,5.978201986874404,-0.03744284648526912,0.00140196675291943,13.758571428571427
2015-05-01,soybeans,Soybeans,NA,388.2,5.9615206707349095,-0.01668131613949421,2.782663081457501e-4,13.6325
2015-06-01,soybeans,Soybeans,NA,391.48,5.969934428557619,0.00841375782270887,7.079132069919477e-5,14.83090909090909
2015-07-01,soybeans,Soybeans,NA,405.87,6.006032911283379,0.03609848272575983,0.00130310045510198,14.55090909090909
2015-08-01,soybeans,Soybeans,NA,378.78,5.936955561607589,-0.06907734967578942,0.00477168023823128,19.58809523809524
2015-09-01,soybeans,Soybeans,NA,367.49,5.906696107398314,-0.03025945420927436,9.15634569043172e-4,24.604285714285716
2015-10-01,soybeans,Soybeans,NA,375.95,5.9294561558240355,0.02276004842572113,5.18019804341171e-4,16.977272727272727
2015-11-01,soybeans,Soybeans,NA,368,5.908082938168931,-0.02137321765510495,4.568144329324902e-4,16.008
2015-12-01,soybeans,Soybeans,NA,368.42,5.909223591724071,0.0011406535551402,1.3010905328539986e-6,18.304545454545455
2016-01-01,soybeans,Soybeans,NA,373.08,5.921792873858663,0.01256928213459156,1.5798685337896278e-4,24.33105263157895
2016-02-01,soybeans,Soybeans,NA,373.75,5.923587124704897,0.00179425084623347,3.2193360992095407e-6,24.109
2016-03-01,soybeans,Soybeans,NA,380.97,5.942720631869052,0.0191335071641555,3.660910964007901e-4,16.398636363636363
2016-04-01,soybeans,Soybeans,NA,395.14,5.979240132485259,0.03651950061620712,0.00133367392525715,14.347142857142858
2016-05-01,soybeans,Soybeans,NA,422.55,6.046307782990492,0.06706765050523227,0.00449806974429198,14.791904761904762
2016-06-01,soybeans,Soybeans,NA,457.4,6.125558281588681,0.07925049859818929,0.0062806415280616,16.635
2016-07-01,soybeans,Soybeans,NA,431.08,6.066293687728631,-0.05926459386004984,0.00351229208539665,12.3075
2016-08-01,soybeans,Soybeans,NA,412.17,6.0214358856039665,-0.04485780212466436,0.00201222241145554,11.22391304347826
2016-09-01,soybeans,Soybeans,NA,403.53,6.000250834388599,-0.02118505121536677,4.4880639499771303e-4,13.593333333333334
2016-10-01,soybeans,Soybeans,NA,401.87,5.996128653234859,-0.00412218115374108,1.699237746425816e-5,14.816190476190476
2016-11-01,soybeans,Soybeans,NA,397.76,5.985848808322347,-0.01027984491251248,1.056752114253088e-4,15.33952380952381
2016-12-01,soybeans,Soybeans,NA,416.07,6.030853515336354,0.04500470701400721,0.00202542365341662,11.956190476190477
2017-01-01,soybeans,Soybeans,NA,412,6.021023349349527,-0.00983016598682701,9.66321633285708e-5,10.7905
2017-02-01,soybeans,Soybeans,NA,394.5312,5.977698224611153,-0.043325124738373653,0.00187706643359563,10.510526315789471
2017-03-01,soybeans,Soybeans,NA,383.681592,5.949813021121617,-0.02788520348953566,7.775845736528119e-4,10.640869565217391
2017-04-01,soybeans,Soybeans,NA,387.44,5.9595609980949735,0.00974797697335663,9.502305507309116e-5,11.57315789473684
2017-05-01,soybeans,Soybeans,NA,389.72,5.965428532557141,0.00586753446216696,3.442796066471701e-5,9.971363636363636
2017-06-01,soybeans,Soybeans,NA,378.59,5.936453825325493,-0.02897470723164831,8.395336591597329e-4,9.42318181818182
2017-07-01,soybeans,Soybeans,NA,410.23,6.016717978020113,0.0802641526946204,0.00644233420778533,8.8765
2017-08-01,soybeans,Soybeans,NA,392.87,5.973478768342505,-0.04323920967760725,0.00186962925354408,10.177391304347823
2017-09-01,soybeans,Soybeans,NA,393.95,5.976223997691697,0.00274522934919172,7.536284179663635e-6,8.6015
2017-10-01,soybeans,Soybeans,NA,396.52,5.982726481164697,0.00650248347299961,4.228229131663308e-5,8.02
2017-11-01,soybeans,Soybeans,NA,393.85,5.975970126149333,-0.00675635501536334,4.5648333093625376e-5,9.127142857142855
2017-12-01,soybeans,Soybeans,NA,387.15455,5.958823967314363,-0.01714615883497063,2.9399076279404136e-4,8.8275
2018-01-01,soybeans,Soybeans,NA,389.53,5.964940884167625,0.00611691685326172,3.741667178971737e-5,10.367619047619048
2018-02-01,soybeans,Soybeans,NA,416.28,6.031358110769658,0.06641722660203422,0.00441124798950596,20.133157894736843
2018-03-01,soybeans,Soybeans,NA,430.11,6.064040989926286,0.03268287915662768,0.00106817058996672,18.04904761904762
2018-04-01,soybeans,Soybeans,NA,439.07,6.084658853666806,0.02061786374051964,4.2509630522263473e-4,18.777142857142856
2018-05-01,soybeans,Soybeans,NA,430.32,6.064529117964987,-0.0201297357018188,4.052062594250785e-4,13.694545454545455
2018-06-01,soybeans,Soybeans,NA,394.44,5.9774670374641286,-0.08706208050085874,0.007579805861138,12.694761904761904
2018-07-01,soybeans,Soybeans,NA,377.17,5.932696014192324,-0.04477102327180447,0.00200444452480445,11.917619047619048
2018-08-01,soybeans,Soybeans,NA,376.77,5.931634921698145,-0.00106109249417892,1.1259172812028534e-6,10.972608695652172
2018-09-01,soybeans,Soybeans,NA,356.87,5.877371569804246,-0.05426335189389932,0.00294451135876114,11.564736842105264
2018-10-01,soybeans,Soybeans,NA,367.96,5.907974236608957,0.0306026668047108,9.365232155601488e-4,19.855217391304347
2018-11-01,soybeans,Soybeans,NA,374.04,5.924362743567246,0.01638850695828955,2.685831603219051e-4,20.95047619047619
2018-12-01,soybeans,Soybeans,NA,380.53,5.941565017820552,0.01720227425330591,2.9591823948595146e-4,27.11578947368421
2019-01-01,soybeans,Soybeans,NA,381.96,5.945315891082002,0.00375087326144983,1.4069050223459316e-5,20.525238095238095
2019-02-01,soybeans,Soybeans,NA,380.33,5.941039296913667,-0.00427659416833509,1.828925768063773e-5,15.287368421052632
2019-03-01,soybeans,Soybeans,NA,369.53,5.912231927890838,-0.02880736902282856,8.29864510017423e-4,14.717619047619047
2019-04-01,soybeans,Soybeans,NA,359.84,5.885659488211005,-0.02657243967983258,7.060945505383409e-4,12.57
2019-05-01,soybeans,Soybeans,NA,339.81,5.828386637880732,-0.05727285033027352,0.00328017938495391,17.937272727272727
2019-06-01,soybeans,Soybeans,NA,358.95,5.883183103022492,0.05479646514176001,0.00300265259203211,16.889
2019-07-01,soybeans,Soybeans,NA,369.58,5.912367225749279,0.02918412272678752,8.517130193321959e-4,13.022272727272728
2019-08-01,soybeans,Soybeans,NA,360.93,5.888684033713543,-0.02368319203573657,5.608935850015764e-4,20.66590909090909
2019-09-01,soybeans,Soybeans,NA,366.07,5.902824571944711,0.01414053823116858,1.999548214671404e-4,16.092
2019-10-01,soybeans,Soybeans,NA,381.65,5.944503958244479,0.04167938629976789,0.00173717124232527,16.411739130434782
2019-11-01,soybeans,Soybeans,NA,375.51,5.928285102008042,-0.01621885623643747,2.6305129761822687e-4,12.7645
2019-12-01,soybeans,Soybeans,NA,383.2,5.948557046096705,0.02027194408866375,4.109517171339093e-4,13.598571428571429
2020-01-01,soybeans,Soybeans,NA,387.23,5.959018831739896,0.01046178564319047,1.0944895884406628e-4,14.055714285714286
2020-02-01,soybeans,Soybeans,NA,375.63,5.928604616348966,-0.03041421539093001,9.25024497845884e-4,20.178421052631577
2020-03-01,soybeans,Soybeans,NA,372.61,5.92053229623998,-0.00807232010898663,6.516235194194992e-5,63.317727272727275
2020-04-01,soybeans,Soybeans,NA,361.26,5.889597920704412,-0.03093437553556791,9.569355897755428e-4,43.6047619047619
2020-05-01,soybeans,Soybeans,NA,359.17,5.883795814009186,-0.00580210669522466,3.366444210277087e-5,31.078
2020-06-01,soybeans,Soybeans,NA,369.58,5.912367225749279,0.02857141174009267,8.163255688219052e-4,29.99681818181818
2020-07-01,soybeans,Soybeans,NA,381.07,5.942983085285078,0.03061585953579773,9.373308551156968e-4,24.80090909090909
2020-08-01,soybeans,Soybeans,NA,384.55236292428,5.952079964131903,0.00909687884682537,8.275320475381889e-5,20.337619047619047
2020-09-01,soybeans,Soybeans,NA,423.41,6.048340976749679,0.09626101261777638,0.0092661825501997,28.017142857142854
2020-10-01,soybeans,Soybeans,NA,454.25,6.11864770727628,0.0703067305266017,0.00494303635734018,30.815
2020-11-01,soybeans,Soybeans,NA,499.98,6.214568097622171,0.09592039034588998,0.0092007212841079,25.357
2020-12-01,soybeans,Soybeans,NA,510.93573705179,6.236243823101205,0.02167572547903467,4.6983707504247275e-4,21.704090909090908
2021-01-01,soybeans,Soybeans,NA,576.37,6.356749815581414,0.12050599248020816,0.01452169422363998,23.288947368421052
2021-02-01,soybeans,Soybeans,NA,578.26,6.360023594520166,0.00327377893875309,1.0717628539823335e-5,21.877894736842105
2021-03-01,soybeans,Soybeans,NA,585.71,6.372824786537145,0.01280119201697901,1.638705170555673e-4,21.119565217391305
2021-04-01,soybeans,Soybeans,NA,597.13,6.3921348451312126,0.01931005859406743,3.728783629063175e-4,16.409523809523808
2021-05-01,soybeans,Soybeans,NA,646.8,6.472037127702952,0.07990228257173894,0.00638437476017401,18.599
2021-06-01,soybeans,Soybeans,NA,614.68,6.4211018071871315,-0.05093532051582013,0.00259440687604932,14.940454545454545
2021-07-01,soybeans,Soybeans,NA,600.44,6.397662719791976,-0.02343908739515609,5.493908179177651e-4,15.47095238095238
2021-08-01,soybeans,Soybeans,NA,585.8,6.372978434393633,-0.02468428539834236,6.093139456268182e-4,15.008181818181818
2021-09-01,soybeans,Soybeans,NA,557.55,6.323552185411371,-0.04942624898226226,0.00244295408845658,17.5625
1990-01-01,sugar_wld,sugar_wld,NA,0.313,-1.161552088441984,0.05719600146610667,0.00327138258371087,23.49909090909091
1990-02-01,sugar_wld,sugar_wld,NA,0.3229,-1.1304126012179074,0.03113948722407642,9.696676645784188e-4,23.326842105263157
1990-03-01,sugar_wld,sugar_wld,NA,0.3386,-1.082935809283102,0.04747679193480543,0.0022540457724208,18.831363636363637
1990-04-01,sugar_wld,sugar_wld,NA,0.336,-1.0906441190189329,-0.0077083097358307,5.941803898350243e-5,20.4575
1990-05-01,sugar_wld,sugar_wld,NA,0.3225,-1.1316521427463098,-0.04100802372737713,0.00168165801002512,18.151818181818182
1990-06-01,sugar_wld,sugar_wld,NA,0.286,-1.2517634681622845,-0.12011132541597466,0.01442673049318216,17.582857142857144
1990-07-01,sugar_wld,sugar_wld,NA,0.2643,-1.3306704573718935,-0.0789069892096091,0.00622631294612536,18.93285714285714
1990-08-01,sugar_wld,sugar_wld,NA,0.241,-1.422958345491482,-0.09228788811958843,0.00851705429357367,27.77521739130435
1990-09-01,sugar_wld,sugar_wld,NA,0.243,-1.4146938356415886,0.00826450984989343,6.830212305898555e-5,28.818947368421053
1990-10-01,sugar_wld,sugar_wld,NA,0.2164,-1.5306267320098106,-0.11593289636822192,0.01344043646032488,30.130434782608695
1990-11-01,sugar_wld,sugar_wld,NA,0.2217,-1.5064301623598713,0.02419656964993935,5.854739828243664e-4,25.106666666666666
1990-12-01,sugar_wld,sugar_wld,NA,0.2147,-1.5385135740974016,-0.03208341173753044,0.0010293453087199,22.5845
1991-01-01,sugar_wld,sugar_wld,NA,0.1941,-1.6393817888071724,-0.10086821470977084,0.01017439673873643,26.93181818181818
1991-02-01,sugar_wld,sugar_wld,NA,0.1876,-1.6734432424100127,-0.03406145360284034,0.00116018262153844,22.11263157894737
1991-03-01,sugar_wld,sugar_wld,NA,0.2015,-1.6019658975953994,0.07147734481461354,0.00510901082174716,19.041052631578943
1991-04-01,sugar_wld,sugar_wld,NA,0.1875,-1.6739764335716716,-0.07201053597627227,0.00518551729159,18.92727272727273
1991-05-01,sugar_wld,sugar_wld,NA,0.1671,-1.7891628433807891,-0.11518640980911748,0.01326790900471395,17.180454545454545
1991-06-01,sugar_wld,sugar_wld,NA,0.2028,-1.5955350072651089,0.1936278361156802,0.0374917389188407,17.575
1991-07-01,sugar_wld,sugar_wld,NA,0.2273,-1.4814845481236396,0.11405045914146932,0.01300750723037996,17.669545454545453
1991-08-01,sugar_wld,sugar_wld,NA,0.2086,-1.567336736415465,-0.08585218829182538,0.00737059823449503,15.932727272727272
1991-09-01,sugar_wld,sugar_wld,NA,0.2048,-1.5857213858167842,-0.01838464940131929,3.3799533360942985e-4,17.029
1991-10-01,sugar_wld,sugar_wld,NA,0.2011,-1.6039529822035308,-0.01823159638674635,3.323911068092228e-4,16.846363636363638
1991-11-01,sugar_wld,sugar_wld,NA,0.1903,-1.6591535046800332,-0.05520052247650258,0.00304709768167886,17.6815
1991-12-01,sugar_wld,sugar_wld,NA,0.1984,-1.6174700841313647,0.04168342054866865,0.00173750754863717,18.018571428571427
1992-01-01,sugar_wld,sugar_wld,NA,0.1833,-1.6966311241364778,-0.07916104000511315,0.00626647025469112,17.499545454545455
1992-02-01,sugar_wld,sugar_wld,NA,0.1728,-1.7556204226121817,-0.05898929847570396,0.00347973733465569,17.050526315789472
1992-03-01,sugar_wld,sugar_wld,NA,0.1812,-1.708153885373258,0.04746653723892375,0.00225307215745413,16.222727272727273
1992-04-01,sugar_wld,sugar_wld,NA,0.2086,-1.567336736415465,0.14081714895779313,0.01982946944060129,16.18857142857143
1992-05-01,sugar_wld,sugar_wld,NA,0.2114,-1.5540032055459998,0.01333353086946516,1.7778304544698056e-4,14.728
1992-06-01,sugar_wld,sugar_wld,NA,0.2284,-1.476656801200282,0.07734640434571784,0.00598246626521127,14.75318181818182
1992-07-01,sugar_wld,sugar_wld,NA,0.2273,-1.4814845481236396,-0.00482774692335754,2.330714035598824e-5,13.303636363636365
1992-08-01,sugar_wld,sugar_wld,NA,0.2162,-1.5315513737770292,-0.05006682565338961,0.00250668703100691,14.422380952380951
1992-09-01,sugar_wld,sugar_wld,NA,0.2053,-1.5832829549572491,-0.05173158118021997,0.00267615649140568,14.258571428571427
1992-10-01,sugar_wld,sugar_wld,NA,0.192,-1.6502599069543555,-0.06697695199710638,0.00448591209882269,17.478636363636365
1992-11-01,sugar_wld,sugar_wld,NA,0.1889,-1.666537504474673,-0.01627759752031764,2.6496018103345126e-4,14.594
1992-12-01,sugar_wld,sugar_wld,NA,0.1797,-1.7164664851926237,-0.04992898071795064,0.00249290311553348,12.781363636363636
1993-01-01,sugar_wld,sugar_wld,NA,0.1817,-1.7053983035800115,0.01106818161261224,1.2250464420976784e-4,12.5745
1993-02-01,sugar_wld,sugar_wld,NA,0.1887,-1.6675968266076324,0.03780147697237897,0.00142895166129329,13.505263157894737
1993-03-01,sugar_wld,sugar_wld,NA,0.2341,-1.452006904485272,0.2155899221223606,0.04647901452072551,13.657391304347826
1993-04-01,sugar_wld,sugar_wld,NA,0.2458,-1.403237081850203,0.04876982263506933,0.00237849559985612,13.49952380952381
1993-05-01,sugar_wld,sugar_wld,NA,0.2608,-1.3440014489296392,0.05923563292056341,0.00350886020749973,13.535
1993-06-01,sugar_wld,sugar_wld,NA,0.2291,-1.4735966895226873,-0.12959524059304797,0.01679492638436999,13.002272727272729
1993-07-01,sugar_wld,sugar_wld,NA,0.2134,-1.544586940114484,-0.07099025059179682,0.0050396156790861,11.99952380952381
1993-08-01,sugar_wld,sugar_wld,NA,0.2059,-1.5803646649483931,-0.03577772483390922,0.00128004559429092,11.952272727272728
1993-09-01,sugar_wld,sugar_wld,NA,0.2103,-1.559220196273483,0.02114446867491027,4.470885555442616e-4,12.621428571428572
1993-10-01,sugar_wld,sugar_wld,NA,0.2269,-1.483245887196341,0.07597430907714198,0.00577209563974909,11.377142857142855
1993-11-01,sugar_wld,sugar_wld,NA,0.2231,-1.5001351775436502,-0.0168892903473092,2.852481284357118e-4,13.370952380952382
1993-12-01,sugar_wld,sugar_wld,NA,0.2319,-1.461449034720651,0.03868614282299908,0.00149661764652148,10.864545454545455
1994-01-01,sugar_wld,sugar_wld,NA,0.2271,-1.4823648298706242,-0.02091579514997312,4.374704867556393e-4,10.605238095238096
1994-02-01,sugar_wld,sugar_wld,NA,0.2385,-1.4333859686537411,0.04897886121688311,0.00239892884610269,12.885263157894736
1994-03-01,sugar_wld,sugar_wld,NA,0.2586,-1.35247281264438,0.08091315600936118,0.00654693881539522,14.240869565217391
1994-04-01,sugar_wld,sugar_wld,NA,0.2427,-1.4159291662495814,-0.06345635360520141,0.00402670881286835,15.334736842105263
1994-05-01,sugar_wld,sugar_wld,NA,0.2553,-1.365315954734699,0.05061321151488246,0.00256169717985023,13.39
1994-06-01,sugar_wld,sugar_wld,NA,0.2657,-1.3253874262163692,0.03992852851832958,0.00159428738963905,12.94590909090909
1994-07-01,sugar_wld,sugar_wld,NA,0.2596,-1.3486132941522022,-0.02322586793583286,5.394409413727489e-4,12.1635
1994-08-01,sugar_wld,sugar_wld,NA,0.2668,-1.3212559649406683,0.02735732921153371,7.484234615882356e-4,11.39304347826087
1994-09-01,sugar_wld,sugar_wld,NA,0.2777,-1.2812138846693832,0.04004208027128537,0.00160336819245206,12.612380952380953
1994-10-01,sugar_wld,sugar_wld,NA,0.2811,-1.269044801069651,0.01216908359973244,1.4808659565727716e-4,15.04952380952381
1994-11-01,sugar_wld,sugar_wld,NA,0.3073,-1.179930809845698,0.08911399122395283,0.00794130343186274,16.249523809523808
1994-12-01,sugar_wld,sugar_wld,NA,0.3234,-1.1288653318391306,0.05106547800656755,0.00260768304403923,13.806666666666668
1995-01-01,sugar_wld,sugar_wld,NA,0.3254,-1.1227000841971997,0.00616524764193106,3.801027848633649e-5,11.711904761904762
1995-02-01,sugar_wld,sugar_wld,NA,0.3177,-1.1466477377066666,-0.02394765350946705,5.734901086094895e-4,11.197368421052632
1995-03-01,sugar_wld,sugar_wld,NA,0.3217,-1.1341358447371563,0.01251189296951015,1.5654746568047751e-4,11.971304347826086
1995-04-01,sugar_wld,sugar_wld,NA,0.302,-1.1973282616072674,-0.06319241687011103,0.00399328154988589,12.51684210526316
1995-05-01,sugar_wld,sugar_wld,NA,0.2981,-1.2103262782981117,-0.01299801669084393,1.6894843789545748e-4,12.458636363636364
1995-06-01,sugar_wld,sugar_wld,NA,0.3091,-1.1740904298440664,0.03623584845404481,0.0013130367131845,13.17909090909091
1995-07-01,sugar_wld,sugar_wld,NA,0.2996,-1.2053070273390727,-0.03121659749500619,9.74475959165227e-4,14.0765
1995-08-01,sugar_wld,sugar_wld,NA,0.2862,-1.2510644118597865,-0.04575738452071374,0.00209373823817645,13.348695652173912
1995-09-01,sugar_wld,sugar_wld,NA,0.2577,-1.3559591613238178,-0.1048947494640313,0.01100290846512189,12.237
1995-10-01,sugar_wld,sugar_wld,NA,0.2604,-1.3455363686477229,0.01042279267609483,1.0863460716885608e-4,14.237727272727271
1995-11-01,sugar_wld,sugar_wld,NA,0.2641,-1.3314274596790503,0.01410890896867225,1.9906131228628025e-4,12.971904761904762
1995-12-01,sugar_wld,sugar_wld,NA,0.2714,-1.3041615315813684,0.02726592809768204,7.434308350279672e-4,12.288
1996-01-01,sugar_wld,sugar_wld,NA,0.2762,-1.2866300380069453,0.01753149357442298,3.0735326695003446e-4,14.150454545454544
1996-02-01,sugar_wld,sugar_wld,NA,0.2824,-1.26443077336305,0.02219926464389518,4.928073507296949e-4,16.238
1996-03-01,sugar_wld,sugar_wld,NA,0.2846,-1.256670593326385,0.0077601800366652,6.022039420145714e-5,19.081904761904763
1996-04-01,sugar_wld,sugar_wld,NA,0.2641,-1.3314274596790503,-0.07475686635266554,0.00558858906687029,17.512857142857143
1996-05-01,sugar_wld,sugar_wld,NA,0.2511,-1.3819040128185978,-0.05047655313954721,0.00254788241684953,16.96681818181818
1996-06-01,sugar_wld,sugar_wld,NA,0.2683,-1.3156495215505586,0.06625449126803902,0.00438965761318665,17.6755
1996-07-01,sugar_wld,sugar_wld,NA,0.2824,-1.26443077336305,0.05121874818750865,0.00262336016589542,19.341818181818184
1996-08-01,sugar_wld,sugar_wld,NA,0.2727,-1.299382989130594,-0.03495221576754412,0.00122165738706095,16.478181818181817
1996-09-01,sugar_wld,sugar_wld,NA,0.2628,-1.3363619923716816,-0.03697900324108751,0.00136744668070436,17.2785
1996-10-01,sugar_wld,sugar_wld,NA,0.2452,-1.4056810749200808,-0.06931908254839898,0.00480513520535175,17.401304347826088
1996-11-01,sugar_wld,sugar_wld,NA,0.2363,-1.4426530947892748,-0.03697201986919415,0.00136693025320808,17.1635
1996-12-01,sugar_wld,sugar_wld,NA,0.2368,-1.4405393759722864,0.00211371881698848,4.46780723729122e-6,20.118
1997-01-01,sugar_wld,sugar_wld,NA,0.2357,-1.4451954690400517,-0.00465609306776531,2.1679202655692205e-5,21.031363636363636
1997-02-01,sugar_wld,sugar_wld,NA,0.2383,-1.4342248948774403,0.01097057416261109,1.203534974573501e-4,21.647894736842105
1997-03-01,sugar_wld,sugar_wld,NA,0.2449,-1.406905315024015,0.02731957985342562,7.463594433676989e-4,22.3035
1997-04-01,sugar_wld,sugar_wld,NA,0.2491,-1.3899008567140023,0.0170044583100127,2.891516024169602e-4,21.507727272727273
1997-05-01,sugar_wld,sugar_wld,NA,0.2447,-1.407722308533511,-0.01782145181950867,3.176041449550692e-4,21.927619047619046
1997-06-01,sugar_wld,sugar_wld,NA,0.252,-1.3783261914707137,0.02939611706279742,8.641316983696897e-4,22.743333333333332
1997-07-01,sugar_wld,sugar_wld,NA,0.2474,-1.3967488190237496,-0.01842262755303571,3.3939320595787067e-4,23.24772727272727
1997-08-01,sugar_wld,sugar_wld,NA,0.2579,-1.3551833660948378,0.04156545292891164,0.00172768687718556,25.153809523809525
1997-09-01,sugar_wld,sugar_wld,NA,0.2498,-1.3870946812906595,-0.03191131519582183,0.00101833203752708,25.59285714285714
1997-10-01,sugar_wld,sugar_wld,NA,0.2509,-1.3827008256097604,0.00439385568089932,1.930596774457125e-5,25.615652173913045
1997-11-01,sugar_wld,sugar_wld,NA,0.2648,-1.328780454919284,0.05392037069047632,0.00290740637539837,31.545263157894738
1997-12-01,sugar_wld,sugar_wld,NA,0.2723,-1.3008508793024232,0.02792957561686069,7.800611941379391e-4,26.473181818181818
1998-01-01,sugar_wld,sugar_wld,NA,0.254,-1.3704210119636004,-0.06957013266117726,0.0048400033584938,24.4275
1998-02-01,sugar_wld,sugar_wld,NA,0.2363,-1.4426530947892748,-0.07223208282567443,0.00521747378933509,20.386315789473684
1998-03-01,sugar_wld,sugar_wld,NA,0.2169,-1.5283188611493084,-0.08566576636003342,0.00733862352605183,20.543181818181814
1998-04-01,sugar_wld,sugar_wld,NA,0.2134,-1.544586940114484,-0.01626807896517575,2.6465039321719395e-4,22.53809523809524
1998-05-01,sugar_wld,sugar_wld,NA,0.2035,-1.5920892740994874,-0.04750233398500337,0.0022564717340228,21.4485
1998-06-01,sugar_wld,sugar_wld,NA,0.1786,-1.7226066105397384,-0.13051733644025088,0.01703477511145764,21.996363636363636
1998-07-01,sugar_wld,sugar_wld,NA,0.1901,-1.6602050294877535,0.06240158105198476,0.00389395731778742,20.25181818181818
1998-08-01,sugar_wld,sugar_wld,NA,0.1882,-1.6702500518308578,-0.01004502234310418,1.0090247387346228e-4,31.48857142857143
1998-09-01,sugar_wld,sugar_wld,NA,0.1594,-1.8363385126260223,-0.16608846079516468,0.02758537680930695,39.247142857142855
1998-10-01,sugar_wld,sugar_wld,NA,0.1645,-1.8048447087767103,0.03149380384931197,9.918596808989378e-4,37.45409090909091
1998-11-01,sugar_wld,sugar_wld,NA,0.1777,-1.7276585438215315,0.07718616495517906,0.00595770406048811,25.038
1998-12-01,sugar_wld,sugar_wld,NA,0.1781,-1.7254100886865211,0.00224845513501048,5.055550494155025e-6,25.47681818181818
1999-01-01,sugar_wld,sugar_wld,NA,0.1788,-1.7214874162427234,0.00392267244379761,1.538735910132916e-5,28.616842105263157
1999-02-01,sugar_wld,sugar_wld,NA,0.1504,-1.8944568674663975,-0.17296945122367427,0.02991843105661903,29.93842105263158
1999-03-01,sugar_wld,sugar_wld,NA,0.1329,-2.0181583132629375,-0.12370144579653994,0.0153020476921543,26.475652173913044
1999-04-01,sugar_wld,sugar_wld,NA,0.1195,-2.1244389076105716,-0.10628059434763422,0.01129556473488637,24.693809523809524
1999-05-01,sugar_wld,sugar_wld,NA,0.1263,-2.0690952496256916,0.05534365798488008,0.00306292047914738,27.3765
1999-06-01,sugar_wld,sugar_wld,NA,0.1332,-2.015903520875848,0.05319172874984351,0.00282936000739692,24.123636363636365
1999-07-01,sugar_wld,sugar_wld,NA,0.1186,-2.131998792418512,-0.11609527154266384,0.01347811207456485,21.486666666666668
1999-08-01,sugar_wld,sugar_wld,NA,0.1263,-2.0690952496256916,0.06290354279282043,0.00395685569588819,24.90909090909091
1999-09-01,sugar_wld,sugar_wld,NA,0.147,-1.9173226922034008,0.15177255742229076,0.02303490918650254,25.58
1999-10-01,sugar_wld,sugar_wld,NA,0.1488,-1.9051521565831455,0.01217053562025511,1.4812193728389855e-4,25.37
1999-11-01,sugar_wld,sugar_wld,NA,0.1435,-1.9414202437824613,-0.03626808719931571,0.00131537414909716,22.22952380952381
1999-12-01,sugar_wld,sugar_wld,NA,0.1318,-2.02646965691373,-0.08504941313126888,0.00723340267397325,23.222272727272728
2000-01-01,sugar_wld,sugar_wld,NA,0.1241,-2.0866675867715756,-0.06019792985784525,0.00362379075917005,24.9385
2000-02-01,sugar_wld,sugar_wld,NA,0.1173,-2.1430205233227073,-0.05635293655113174,0.00317565345793588,25.456
2000-03-01,sugar_wld,sugar_wld,NA,0.1127,-2.1830258579364066,-0.04000533461369925,0.00160042679755404,24.810434782608695
2000-04-01,sugar_wld,sugar_wld,NA,0.1325,-2.02117263355586,0.16185322438054645,0.02619646624237951,29.833157894736843
2000-05-01,sugar_wld,sugar_wld,NA,0.1526,-1.8799351601317804,0.14123747342407977,0.01994802389921764,29.42909090909091
2000-06-01,sugar_wld,sugar_wld,NA,0.1845,-1.6901058155015551,0.18982934463022508,0.03603518008274076,24.31772727272727
2000-07-01,sugar_wld,sugar_wld,NA,0.2125,-1.5488132906176657,0.14129252488388958,0.01996357758806455,22.66
2000-08-01,sugar_wld,sugar_wld,NA,0.2302,-1.468806782694355,0.08000650792331067,0.00640104131008277,20.484347826086957
2000-09-01,sugar_wld,sugar_wld,NA,0.2211,-1.5091401911187363,-0.04033340842438163,0.00162678383512797,22.3365
2000-10-01,sugar_wld,sugar_wld,NA,0.237,-1.439695137847006,0.06944505327173058,0.00482261542391349,28.21409090909091
2000-11-01,sugar_wld,sugar_wld,NA,0.2189,-1.5191402744533198,-0.0794451366063138,0.00631152973039586,29.21190476190476
2000-12-01,sugar_wld,sugar_wld,NA,0.2209,-1.5100451685560654,0.00909510589725433,8.272095128227057e-5,30.1045
2001-01-01,sugar_wld,sugar_wld,NA,0.2275,-1.480605040591132,0.02944012796493355,8.667211345916627e-4,27.83
2001-02-01,sugar_wld,sugar_wld,NA,0.2176,-1.5250967640003494,-0.04449172340921766,0.00197951345192232,26.159473684210525
2001-03-01,sugar_wld,sugar_wld,NA,0.2044,-1.5876764206525875,-0.0625796566522382,0.00391621342671202,32.42318181818182
2001-04-01,sugar_wld,sugar_wld,NA,0.1939,-1.640412716733531,-0.05273629608094334,0.00278111692433692,32.245
2001-05-01,sugar_wld,sugar_wld,NA,0.2113,-1.554476354360126,0.08593636237340481,0.00738505837797314,26.095
2001-06-01,sugar_wld,sugar_wld,NA,0.1993,-1.612944051763388,-0.05846769740326185,0.00341847163963939,23.30047619047619
2001-07-01,sugar_wld,sugar_wld,NA,0.1938,-1.640928579525471,-0.02798452776208321,7.831337940668063e-4,24.85904761904762
2001-08-01,sugar_wld,sugar_wld,NA,0.1788,-1.7214874162427234,-0.08055883671725221,0.0064897261732369,24.260434782608694
2001-09-01,sugar_wld,sugar_wld,NA,0.1662,-1.7945633965607892,-0.0730759803180659,0.00534009889944635,38.55133333333333
2001-10-01,sugar_wld,sugar_wld,NA,0.1497,-1.8991219875565544,-0.1045585909957651,0.01093249895101969,34.44695652173913
2001-11-01,sugar_wld,sugar_wld,NA,0.1695,-1.774902352161632,0.1242196353949224,0.01543051781764745,28.25428571428571
2001-12-01,sugar_wld,sugar_wld,NA,0.1727,-1.756199293829504,0.01870305833212774,3.4980439097497315e-4,24.5395
2002-01-01,sugar_wld,sugar_wld,NA,0.1713,-1.7643388736520629,-0.00813957982255863,6.625275968780358e-5,23.615238095238094
2002-02-01,sugar_wld,sugar_wld,NA,0.1437,-1.9400274858971576,-0.17568861224509508,0.03086648847260737,24.66842105263158
2002-03-01,sugar_wld,sugar_wld,NA,0.1477,-1.912572089444803,0.02745539645235494,7.537987943559845e-4,21.014
2002-04-01,sugar_wld,sugar_wld,NA,0.1519,-1.8845328693804095,0.02803922006439312,7.86197861819466e-4,21.814545454545453
2002-05-01,sugar_wld,sugar_wld,NA,0.134,-2.0099154790312257,-0.12538260965081585,0.01572079880284886,22.63
2002-06-01,sugar_wld,sugar_wld,NA,0.1268,-2.0651442369790116,-0.05522875794778593,0.00305021570445512,28.599
2002-07-01,sugar_wld,sugar_wld,NA,0.1409,-1.9597048600775024,0.10543937690150897,0.01111746220137846,38.49727272727273
2002-08-01,sugar_wld,sugar_wld,NA,0.1387,-1.9754419516613513,-0.01573709158384865,2.476560515184401e-4,37.25272727272727
2002-09-01,sugar_wld,sugar_wld,NA,0.1534,-1.874706390048981,0.10073556161236996,0.01014765337335958,41.656
2002-10-01,sugar_wld,sugar_wld,NA,0.1656,-1.7981800370309775,0.07652635301800341,0.00585628270623607,41.39739130434783
2002-11-01,sugar_wld,sugar_wld,NA,0.1726,-1.7567785003328094,0.04140153669816822,0.00171408724096977,32.005
2002-12-01,sugar_wld,sugar_wld,NA,0.1753,-1.741256487054948,0.01552201327786118,2.4093289619809893e-4,31.830952380952382
2003-01-01,sugar_wld,sugar_wld,NA,0.1805584,-1.7117010078324553,0.02955547922249306,8.735263520712191e-4,30.66857142857143
2003-02-01,sugar_wld,sugar_wld,NA,0.1986363,-1.616279764617001,0.09542124321545396,0.00910521365678281,36.54052631578948
2003-03-01,sugar_wld,sugar_wld,NA,0.1814402,-1.7068291561505884,-0.0905493915335872,0.00819919230710287,35.194761904761904
2003-04-01,sugar_wld,sugar_wld,NA,0.1708581,-1.7669218915358755,-0.06009273538528705,0.00361113684608613,27.14238095238095
2003-05-01,sugar_wld,sugar_wld,NA,0.1580713,-1.8447090819221852,-0.07778719038630974,0.00605084698819599,22.548571428571428
2003-06-01,sugar_wld,sugar_wld,NA,0.1483709,-1.908040059121542,-0.06333097719935692,0.00401081267302546,22.34904761904762
2003-07-01,sugar_wld,sugar_wld,NA,0.150796,-1.8918273489590196,0.01621271016252253,2.628519708139615e-4,21.206818181818186
2003-08-01,sugar_wld,sugar_wld,NA,0.1505755,-1.8932906594535155,-0.00146331049449588,2.1412776033017825e-6,20.829047619047618
2003-09-01,sugar_wld,sugar_wld,NA,0.1318363,-2.0261942775351742,-0.1329036180816589,0.01766337169919545,20.682380952380953
2003-10-01,sugar_wld,sugar_wld,NA,0.1320567,-2.0245239031694595,0.00167037436571468,2.790150521636743e-6,19.184347826086956
2003-11-01,sugar_wld,sugar_wld,NA,0.1340409,-2.009610301721961,0.01491360144749855,2.22415508134831e-4,17.838947368421053
2003-12-01,sugar_wld,sugar_wld,NA,0.138383,-1.9777300757130232,0.03188022600893769,0.00101634881038094,16.375454545454545
2004-01-01,sugar_wld,sugar_wld,NA,0.128088422,-2.055034456677855,-0.07730438096483172,0.00597596731635583,15.834
2004-02-01,sugar_wld,sugar_wld,NA,0.128749808,-2.0498842307015392,0.00515022597631564,2.6524827607116385e-5,15.924736842105265
2004-03-01,sugar_wld,sugar_wld,NA,0.142418452,-1.9489857097471648,0.10089852095437488,0.01018051153078042,17.73304347826087
2004-04-01,sugar_wld,sugar_wld,NA,0.145063996,-1.930580282204449,0.01840542754271534,3.3875976303014455e-4,15.788095238095238
2004-05-01,sugar_wld,sugar_wld,NA,0.139772908,-1.9677362590925405,-0.03715597688809128,0.00138056661850837,18.076
2004-06-01,sugar_wld,sugar_wld,NA,0.152780166,-1.8787552143398631,0.08898104475267718,0.00791762632527793,15.045238095238096
2004-07-01,sugar_wld,sugar_wld,NA,0.174385442,-1.7464872457621126,0.13226796857775067,0.01749481551168483,15.668571428571427
2004-08-01,sugar_wld,sugar_wld,NA,0.166969902,-1.7899417103532278,-0.04345446459111515,0.00188829049290048,16.592727272727274
2004-09-01,sugar_wld,sugar_wld,NA,0.169535278,-1.7746942440241225,0.01524746632910529,2.3248522945719968e-4,13.880476190476193
2004-10-01,sugar_wld,sugar_wld,NA,0.18629039,-1.6804485861725926,0.09424565785152976,0.00888224402386761,15.184761904761904
2004-11-01,sugar_wld,sugar_wld,NA,0.179896992,-1.7153708585656593,-0.03492227239306683,0.00121956510909555,14.05
2004-12-01,sugar_wld,sugar_wld,NA,0.18188115,-1.7044018271950856,0.01096903137057393,1.2031964920863512e-4,13.014090909090909
2005-01-01,sugar_wld,sugar_wld,NA,0.192242864,-1.6489957896207867,0.05540603757429878,0.0030698289996846,13.512
2005-02-01,sugar_wld,sugar_wld,NA,0.20062042,-1.6063406140188707,0.0426551756019159,0.00181946400563028,11.562631578947368
2005-03-01,sugar_wld,sugar_wld,NA,0.195770256,-1.6308134705375965,-0.02447285651872557,5.989207061861289e-4,12.880454545454546
2005-04-01,sugar_wld,sugar_wld,NA,0.189376858,-1.664016291545511,-0.03320282100791463,0.00110242732288361,14.057142857142855
2005-05-01,sugar_wld,sugar_wld,NA,0.189376858,-1.664016291545511,0,0,13.17904761904762
2005-06-01,sugar_wld,sugar_wld,NA,0.19951811,-1.6118502698298405,0.05216602171567071,0.00272129382163982,11.241818181818182
2005-07-01,sugar_wld,sugar_wld,NA,0.212525368,-1.5486939189192208,0.06315635091061952,0.00398872466034531,10.489
2005-08-01,sugar_wld,sugar_wld,NA,0.218918766,-1.519054549484594,0.02963936943462687,8.784922204822938e-4,11.985217391304348
2005-09-01,sugar_wld,sugar_wld,NA,0.227296322,-1.4815007295128064,0.03755381997178731,0.00141028939447341,11.959047619047618
2005-10-01,sugar_wld,sugar_wld,NA,0.245153744,-1.4058697387192387,0.07563099079356791,0.00572004676841675,14.582380952380952
2005-11-01,sugar_wld,sugar_wld,NA,0.250885756,-1.38275759884349,0.02311213987574862,5.341710096361694e-4,11.606190476190475
2005-12-01,sugar_wld,sugar_wld,NA,0.293434922,-1.2260993951346548,0.15665820370883535,0.02454179278927895,10.923809523809524
2006-01-01,sugar_wld,sugar_wld,NA,0.34722765,-1.057774662270033,0.1683247328646219,0.02833321569394633,11.7115
2006-02-01,sugar_wld,sugar_wld,NA,0.397713448,-0.9220235129071974,0.13575114936283555,0.01842837455333089,11.867368421052632
2006-03-01,sugar_wld,sugar_wld,NA,0.380076488,-0.967382762306128,-0.04535924939893064,0.00205746150603438,11.19086956521739
2006-04-01,sugar_wld,sugar_wld,NA,0.385588038,-0.9529857385111644,0.01439702379496379,2.0727429415275355e-4,11.163684210526316
2006-05-01,sugar_wld,sugar_wld,NA,0.370817084,-0.992046372996873,-0.0390606344857087,0.00152573316642613,13.488181818181818
2006-06-01,sugar_wld,sugar_wld,NA,0.33951148,-1.0802475181220916,-0.08820114512521865,0.00777944200139988,15.891363636363636
2006-07-01,sugar_wld,sugar_wld,NA,0.35384151,-1.03890617796565,0.04134134015644154,0.0017091064059306,14.522
2006-08-01,sugar_wld,sugar_wld,NA,0.29797835626,-1.2107344251144188,-0.17182824714876854,0.02952494651821828,12.560434782608697
2006-09-01,sugar_wld,sugar_wld,NA,0.266318096,-1.323063835035006,-0.11232940992058746,0.01261789633310737,11.397
2006-10-01,sugar_wld,sugar_wld,NA,0.256617768,-1.3601675852383832,-0.03710375020337708,0.0013766882791546,10.808636363636364
2006-11-01,sugar_wld,sugar_wld,NA,0.259704236,-1.3482118493182345,0.01195573592014862,1.4293962139233198e-4,10.484285714285717
2006-12-01,sugar_wld,sugar_wld,NA,0.255074534,-1.3661994863360898,-0.01798763701785533,3.235550854861194e-4,10.499
2007-01-01,sugar_wld,sugar_wld,NA,0.24140589,-1.4212755712791652,-0.05507608494307537,0.00303337513265685,10.627
2007-02-01,sugar_wld,sugar_wld,NA,0.233028334,-1.4565952276595289,-0.03531965638036361,0.00124747812682695,10.920526315789472
2007-03-01,sugar_wld,sugar_wld,NA,0.230162328,-1.4689704450871823,-0.01237521742765358,1.531460063817011e-4,14.921363636363637
2007-04-01,sugar_wld,sugar_wld,NA,0.214289064,-1.5404294090693271,-0.07145896398214498,0.00510638353340149,12.246
2007-05-01,sugar_wld,sugar_wld,NA,0.207895666,-1.570718930896309,-0.03028952182698152,9.174551325071904e-4,12.965
2007-06-01,sugar_wld,sugar_wld,NA,0.204809198,-1.585676474715928,-0.01495754381961902,2.237281171158233e-4,14.881904761904762
2007-07-01,sugar_wld,sugar_wld,NA,0.224430316,-1.4941900164192985,0.0914864582966294,0.00836977205166091,17.247619047619047
2007-08-01,sugar_wld,sugar_wld,NA,0.216273222,-1.5312127539644034,-0.03702273754510497,0.00137068309533372,25.12
2007-09-01,sugar_wld,sugar_wld,NA,0.215170912,-1.5363226271166739,-0.00510987315227059,2.6110803632295783e-5,22.182105263157897
2007-10-01,sugar_wld,sugar_wld,NA,0.220462,-1.5120299345476294,0.02429269256904448,5.90134912254109e-4,18.859565217391303
2007-11-01,sugar_wld,sugar_wld,NA,0.22266662,-1.5020796036944613,0.00995033085316809,9.900908408750883e-5,26.65714285714286
2007-12-01,sugar_wld,sugar_wld,NA,0.235232954,-1.4471789622280131,0.05490064146644807,0.00301408043342747,23.0965
2008-01-01,sugar_wld,sugar_wld,NA,0.263893014,-1.332211507971793,0.1149674542562198,0.01321751553815599,27.98952380952381
2008-02-01,sugar_wld,sugar_wld,NA,0.297844162,-1.2111848755695676,0.1210266324022258,0.01464744575062349,27.1565
2008-03-01,sugar_wld,sugar_wld,NA,0.29100984,-1.23439819794935,-0.0232133223797823,5.38858335907702e-4,29.009
2008-04-01,sugar_wld,sugar_wld,NA,0.276900272,-1.2840978665016225,-0.04969966855227265,0.00247005705420575,22.526818181818182
2008-05-01,sugar_wld,sugar_wld,NA,0.266097634,-1.3238919924322348,-0.03979412593061238,0.00158357245858143,18.61
2008-06-01,sugar_wld,sugar_wld,NA,0.267420406,-1.3189333045857163,0.00495868784651858,2.4588585159211104e-5,23.19142857142857
2008-07-01,sugar_wld,sugar_wld,NA,0.313717426,-1.159262615439914,0.1596706891458023,0.02549472897229542,25.66227272727273
2008-08-01,sugar_wld,sugar_wld,NA,0.322094982,-1.132908801779067,0.02635381366084687,6.945234944706395e-4,22.25952380952381
2008-09-01,sugar_wld,sugar_wld,NA,0.298285086,-1.2097055853589784,-0.07679678357991143,0.00589774596821975,33.21142857142857
2008-10-01,sugar_wld,sugar_wld,NA,0.26234978,-1.3380766274241915,-0.128371042065213,0.01647912444090868,65.44652173913043
2008-11-01,sugar_wld,sugar_wld,NA,0.266979482,-1.3205834699766743,0.01749315744751733,3.060105574836313e-4,65.42684210526316
2008-12-01,sugar_wld,sugar_wld,NA,0.25904285,-1.3507617869515072,-0.03017831697483286,9.107308154334856e-4,55.07545454545455
2009-01-01,sugar_wld,sugar_wld,NA,0.277561658,-1.2817121794854194,0.06904960746608789,0.00476784829122082,44.2915
2009-02-01,sugar_wld,sugar_wld,NA,0.292553074,-1.2291091791975588,0.05260300028786051,0.00276707563928465,45.38947368421053
2009-03-01,sugar_wld,sugar_wld,NA,0.29541908,-1.2193603205848094,0.00974885861274945,9.50402442513792e-5,46.09045454545455
2009-04-01,sugar_wld,sugar_wld,NA,0.30093063,-1.2008755059107064,0.01848481467410294,3.4168837353593145e-4,38.89857142857143
2009-05-01,sugar_wld,sugar_wld,NA,0.353621048,-1.0395294251033067,0.16134608080739973,0.02603255779190796,32.11
2009-06-01,sugar_wld,sugar_wld,NA,0.362219066,-1.0155060954924984,0.02402332961080829,5.771203655895383e-4,27.935454545454547
2009-07-01,sugar_wld,sugar_wld,NA,0.406311466,-0.9006352558599431,0.11487083963255527,0.01319530979788823,25.924545454545456
2009-08-01,sugar_wld,sugar_wld,NA,0.494716728,-0.7037699468871795,0.1968653089727637,0.0387559498769417,24.306190476190476
2009-09-01,sugar_wld,sugar_wld,NA,0.508385372,-0.676515512700762,0.02725443418641736,7.428041828217556e-4,23.85761904761905
2009-10-01,sugar_wld,sugar_wld,NA,0.499125968,-0.6948967742066929,-0.01838126150593085,3.378707745494152e-4,23.250454545454545
2009-11-01,sugar_wld,sugar_wld,NA,0.490748412,-0.7118236816942762,-0.01692690748758331,2.8652019709320386e-4,22.546
2009-12-01,sugar_wld,sugar_wld,NA,0.518747086,-0.656338824802404,0.05548485689187228,0.00307856934431154,19.845454545454544
2010-01-01,sugar_wld,sugar_wld,NA,0.583562914,-0.5386030113026651,0.11773581349973886,0.01386172178044529,19.527368421052632
2010-02-01,sugar_wld,sugar_wld,NA,0.559753018,-0.580259631825088,-0.04165662052242293,0.00173527403334914,21.771052631578947
2010-03-01,sugar_wld,sugar_wld,NA,0.411382092,-0.8882328321224774,-0.3079732002973894,0.09484749210141592,16.925217391304347
2010-04-01,sugar_wld,sugar_wld,NA,0.36265999,-1.0142895503302942,-0.12605671820781686,0.01589029620532494,16.136666666666667
2010-05-01,sugar_wld,sugar_wld,NA,0.33510224,-1.0933195996894445,-0.07903004935915017,0.00624574870170971,30.0335
2010-06-01,sugar_wld,sugar_wld,NA,0.350093656,-1.0495545717226855,0.04376502796675898,0.00191537767293119,28.94090909090909
2010-07-01,sugar_wld,sugar_wld,NA,0.384926652,-0.9547024771302188,0.0948520945924666,0.00899691984857823,25.016666666666666
2010-08-01,sugar_wld,sugar_wld,NA,0.408075162,-0.896303900956269,0.05839857617395,0.00341039369914464,24.15590909090909
2010-09-01,sugar_wld,sugar_wld,NA,0.496259962,-0.7006553726230342,0.1956485283332348,0.03827834663896058,21.322380952380954
2010-10-01,sugar_wld,sugar_wld,NA,0.542556982,-0.6114621631387105,0.08919320948432373,0.00795542861811445,19.86095238095238
2010-11-01,sugar_wld,sugar_wld,NA,0.58091737,-0.5431467525543038,0.06831541058440672,0.00466699532331607,19.395238095238096
2010-12-01,sugar_wld,sugar_wld,NA,0.616872718,-0.4830925680920136,0.06005418446229028,0.00360650507143078,16.58681818181818
2011-01-01,sugar_wld,sugar_wld,NA,0.652787982,-0.4265028854281752,0.05658968266383837,0.00320239218399392,15.723
2011-02-01,sugar_wld,sugar_wld,NA,0.649701514,-0.43124223079207175,-0.00473934536389655,2.2461394478287804e-5,15.72
2011-03-01,sugar_wld,sugar_wld,NA,0.578492288,-0.5473300634657868,-0.11608783267371511,0.01347638489488047,19.893478260869564
2011-04-01,sugar_wld,sugar_wld,NA,0.537045432,-0.6216725846999788,-0.07434252123419202,0.00552681046345629,15.208
2011-05-01,sugar_wld,sugar_wld,NA,0.48391409,-0.7258478880204947,-0.10417530332051587,0.01085249382192148,16.293809523809525
2011-06-01,sugar_wld,sugar_wld,NA,0.555784702,-0.5873742863418466,0.13847360167864797,0.01917493836185685,18.918636363636363
2011-07-01,sugar_wld,sugar_wld,NA,0.622143764,-0.47458408111700706,0.11279020522483955,0.01272163039466142,18.7405
2011-08-01,sugar_wld,sugar_wld,NA,0.61178205,-0.4913791873492316,-0.01679510623222458,2.8207559335170903e-4,35.068695652173915
2011-09-01,sugar_wld,sugar_wld,NA,0.587751692,-0.5314507127911124,-0.04007152544188083,0.0016057271512393,36.64380952380952
2011-10-01,sugar_wld,sugar_wld,NA,0.56107579,-0.5778992845451434,-0.04644857175403096,0.00215746981798936,32.00857142857143
2011-11-01,sugar_wld,sugar_wld,NA,0.529549724,-0.6357282108898376,-0.05782892634469415,0.00334418472218006,31.412380952380953
2011-12-01,sugar_wld,sugar_wld,NA,0.507944448,-0.6773831917139845,-0.04165498082414694,0.00173513742746004,25.03952380952381
2012-01-01,sugar_wld,sugar_wld,NA,0.519408472,-0.6550646687582892,0.02231852295569522,4.981164669238947e-4,18.9415
2012-02-01,sugar_wld,sugar_wld,NA,0.531754344,-0.6315736556826904,0.02349101307559873,5.518276953179509e-4,16.691
2012-03-01,sugar_wld,sugar_wld,NA,0.53131342,-0.6324031870450657,-8.295313623753225e-4,6.881222811642585e-7,14.962727272727273
2012-04-01,sugar_wld,sugar_wld,NA,0.50155105,-0.6900498821447156,-0.05764669509964991,0.003323141455912,17.177
2012-05-01,sugar_wld,sugar_wld,NA,0.458781422,-0.779181387136132,-0.08913150499141632,0.00794442518203487,20.547272727272727
2012-06-01,sugar_wld,sugar_wld,NA,0.451285714,-0.7956546278684768,-0.01647324073234489,2.713676602257868e-4,20.750476190476192
2012-07-01,sugar_wld,sugar_wld,NA,0.504417056,-0.684351861030078,0.11130276683839896,0.012388305905883,16.954761904761906
2012-08-01,sugar_wld,sugar_wld,NA,0.460324656,-0.7758232645272372,-0.09147140349715915,0.0083670176577401,14.969130434782608
2012-09-01,sugar_wld,sugar_wld,NA,0.44065712495,-0.819488200385297,-0.0436649358580599,0.00190662662348848,14.31421052631579
2012-10-01,sugar_wld,sugar_wld,NA,0.44778707791,-0.8034374320672568,0.01605076831804022,2.5762716359940363e-4,15.469047619047618
2012-11-01,sugar_wld,sugar_wld,NA,0.42635251162,-0.8524887828298423,-0.04905135076258561,0.0024060350116342,17.155714285714286
2012-12-01,sugar_wld,sugar_wld,NA,0.425712122,-0.8539919311012519,-0.00150314827140956,2.259454725841552e-6,17.351
2013-01-01,sugar_wld,sugar_wld,NA,0.416101983,-0.8768248973232706,-0.02283296622201872,5.213443464958479e-4,13.121904761904762
2013-02-01,sugar_wld,sugar_wld,NA,0.40283306556,-0.9092330322317956,-0.03240813490852493,0.00105028720824915,13.512105263157894
2013-03-01,sugar_wld,sugar_wld,NA,0.40773866737,-0.8971288309512463,0.01210420128054926,1.4651168864005047e-4,12.3915
2013-04-01,sugar_wld,sugar_wld,NA,0.392512549,-0.9351867702962444,-0.03805793934499801,0.00144840674718754,13.251363636363635
2013-05-01,sugar_wld,sugar_wld,NA,0.38851417,-0.9454256362231076,-0.01023886592686312,1.048343754682787e-4,12.914090909090907
2013-06-01,sugar_wld,sugar_wld,NA,0.3768356966,-0.975946004567544,-0.03052036834443656,9.314928838800856e-4,17.156
2013-07-01,sugar_wld,sugar_wld,NA,0.371187861,-0.991046980652229,-0.01510097608468487,2.2803947871022449e-4,13.626818181818182
2013-08-01,sugar_wld,sugar_wld,NA,0.37548687,-0.9795317751003492,0.01151520555187968,1.325999589020407e-4,13.863636363636363
2013-09-01,sugar_wld,sugar_wld,NA,0.3835928569,-0.958173557366252,0.02135821773409742,4.5617346477711386e-4,14.2915
2013-10-01,sugar_wld,sugar_wld,NA,0.41145877443,-0.8880464475289296,0.07012710983732225,0.00491781153413585,14.32304347826087
2013-11-01,sugar_wld,sugar_wld,NA,0.38937788476,-0.9432049807744448,-0.05515853324551512,0.00304246378979659,11.9565
2013-12-01,sugar_wld,sugar_wld,NA,0.36489610457,-1.0081426109324254,-0.06493763015798061,0.00421689581053467,12.995238095238095
2014-01-01,sugar_wld,sugar_wld,NA,0.344582106,-1.06542288310829,-0.05728027217586447,0.00328102958054111,13.057142857142855
2014-02-01,sugar_wld,sugar_wld,NA,0.366187382,-1.0046101039164717,0.06081277919181823,0.00369819411303284,14.179473684210526
2014-03-01,sugar_wld,sugar_wld,NA,0.39462698,-0.9298143146949656,0.07479578922150587,0.00559441008526793,13.592380952380951
2014-04-01,sugar_wld,sugar_wld,NA,0.39132005,-0.9382295116202504,-0.00841519692528458,7.081553929131913e-5,13.485238095238095
2014-05-01,sugar_wld,sugar_wld,NA,0.402784074,-0.9093546571517598,0.02887485446849068,8.337572205765161e-4,11.76142857142857
2014-06-01,sugar_wld,sugar_wld,NA,0.400579454,-0.9148431451335952,-0.00548848798183556,3.012350032675339e-5,10.298571428571428
2014-07-01,sugar_wld,sugar_wld,NA,0.402563612,-0.9099021523748526,0.00494099275874262,2.4413409441947084e-5,10.638636363636364
2014-08-01,sugar_wld,sugar_wld,NA,0.379635564,-0.9685435285420904,-0.05864137616723777,0.00343881099878748,12.414761904761905
2014-09-01,sugar_wld,sugar_wld,NA,0.353400586,-1.0401530609202134,-0.07160953237812302,0.00512792512741345,11.91190476190476
2014-10-01,sugar_wld,sugar_wld,NA,0.36927385,-0.9962167692705995,0.0439362916496138,0.00193039772391992,16.911304347826086
2014-11-01,sugar_wld,sugar_wld,NA,0.356927978,-1.0302212598521314,-0.03400449058153178,0.00115630537970948,12.243684210526316
2014-12-01,sugar_wld,sugar_wld,NA,0.33796824600000003,-1.0848033346579522,-0.0545820748058209,0.00297920289010822,14.90681818181818
2015-01-01,sugar_wld,sugar_wld,NA,0.338188708,-1.084151231602565,6.521030553872041e-4,4.25238394845327e-7,17.9875
2015-02-01,sugar_wld,sugar_wld,NA,0.321654058,-1.1342786650069807,-0.05012743340441581,0.00251275957971414,15.321052631578947
2015-03-01,sugar_wld,sugar_wld,NA,0.290127992,-1.237433101644504,-0.10315443663752324,0.01064083779800479,15.016818181818184
2015-04-01,sugar_wld,sugar_wld,NA,0.288364296,-1.2435306815126224,-0.00609757986811844,3.718048024808335e-5,13.758571428571427
2015-05-01,sugar_wld,sugar_wld,NA,0.294096308,-1.2238479870541974,0.01968269445842486,3.874084611437089e-4,13.6325
2015-06-01,sugar_wld,sugar_wld,NA,0.274695652,-1.292091514182368,-0.0682435271281704,0.00465717899489333,14.83090909090909
2015-07-01,sugar_wld,sugar_wld,NA,0.282852746,-1.26282884891413,0.02926266526823781,8.563035786009317e-4,14.55090909090909
2015-08-01,sugar_wld,sugar_wld,NA,0.2535313,-1.3722679921724703,-0.1094391432583406,0.01197692607711959,19.58809523809524
2015-09-01,sugar_wld,sugar_wld,NA,0.261467932,-1.3414436339720957,0.03082435820037509,9.501410584650314e-4,24.604285714285716
2015-10-01,sugar_wld,sugar_wld,NA,0.306662642,-1.1820070216063236,0.1594366123657721,0.02542003336267347,16.977272727272727
2015-11-01,sugar_wld,sugar_wld,NA,0.32077221,-1.1370240339241735,0.04498298768214997,0.00202346918081245,16.008
2015-12-01,sugar_wld,sugar_wld,NA,0.322756368,-1.1308575190085095,0.00616651491566395,3.8025906205106075e-5,18.304545454545455
2016-01-01,sugar_wld,sugar_wld,NA,0.30974911,-1.1719926317619205,-0.04113511275341074,0.00169209750123581,24.33105263157895
2016-02-01,sugar_wld,sugar_wld,NA,0.292773536,-1.2283558834933872,-0.056363251731467,0.00317681614574471,24.109
2016-03-01,sugar_wld,sugar_wld,NA,0.340393328,-1.077653482945045,0.15070240054834233,0.02271121353103301,16.398636363636363
2016-04-01,sugar_wld,sugar_wld,NA,0.335763626,-1.0913478606346048,-0.01369437768955971,1.87535980304311e-4,14.347142857142858
2016-05-01,sugar_wld,sugar_wld,NA,0.375005862,-0.9808136211339046,0.11053423950070008,0.01221781810199812,14.791904761904762
2016-06-01,sugar_wld,sugar_wld,NA,0.42879859,-0.8467679574772198,0.13404566365668483,0.01796823994516107,16.635
2016-07-01,sugar_wld,sugar_wld,NA,0.43210552,-0.8390854613052035,0.00768249617201643,5.902074743304712e-5,12.3075
2016-08-01,sugar_wld,sugar_wld,NA,0.443790006,-0.8124037878899749,0.0266816734152285,7.119116962369116e-4,11.22391304347826
2016-09-01,sugar_wld,sugar_wld,NA,0.474654686,-0.7451677161654034,0.06723607172457154,0.00452068934095172,13.593333333333334
2016-10-01,sugar_wld,sugar_wld,NA,0.489866564,-0.7136222433301911,0.03154547283521224,9.951168563971137e-4,14.816190476190476
2016-11-01,sugar_wld,sugar_wld,NA,0.446215088,-0.8069541831224103,-0.09333193979221922,0.00871085098537843,15.33952380952381
2016-12-01,sugar_wld,sugar_wld,NA,0.407634238,-0.8973849821426416,-0.09043079902023132,0.00817772941143747,11.956190476190477
2017-01-01,sugar_wld,sugar_wld,NA,0.448199246,-0.8025173999014198,0.09486758224122176,0.00899985816029497,10.7905
2017-02-01,sugar_wld,sugar_wld,NA,0.447317398,-0.8044868737039518,-0.00196947380253194,3.878827058859632e-6,10.510526315789471
2017-03-01,sugar_wld,sugar_wld,NA,0.398595296,-0.9198086725776446,-0.11532179887369295,0.01329911729546448,10.640869565217391
2017-04-01,sugar_wld,sugar_wld,NA,0.362880452,-1.0136818322927512,-0.09387315971510662,0.00881217011489791,11.57315789473684
2017-05-01,sugar_wld,sugar_wld,NA,0.354061972,-1.0382833190230594,-0.02460148673030823,6.05233149341532e-4,9.971363636363636
2017-06-01,sugar_wld,sugar_wld,NA,0.30644218,-1.182726187405029,-0.1444428683819695,0.02086374222641096,9.42318181818182
2017-07-01,sugar_wld,sugar_wld,NA,0.322315444,-1.1322245732200429,0.0505016141849864,0.00255041303528921,8.8765
2017-08-01,sugar_wld,sugar_wld,NA,0.316803894,-1.1494723274507417,-0.01724775423069896,2.97485026002594e-4,10.177391304347823
2017-09-01,sugar_wld,sugar_wld,NA,0.317244818,-1.1480815066423986,0.00139082080834302,1.9343825209199512e-6,8.6015
2017-10-01,sugar_wld,sugar_wld,NA,0.316142508,-1.1515621923702009,-0.00348068572780211,1.2115173135725315e-5,8.02
2017-11-01,sugar_wld,sugar_wld,NA,0.330472538,-1.1072317154271687,0.04433047694303207,0.00196519118599669,9.127142857142855
2017-12-01,sugar_wld,sugar_wld,NA,0.317024356,-1.1487766752487745,-0.04154495982160563,0.00172598368657882,8.8275
2018-01-01,sugar_wld,sugar_wld,NA,0.310630958,-1.169149701631086,-0.02037302638231176,4.1506020397437106e-4,10.367619047619048
2018-02-01,sugar_wld,sugar_wld,NA,0.298946472,-1.2074907450294254,-0.03834104339833933,0.00147003560887334,20.133157894736843
2018-03-01,sugar_wld,sugar_wld,NA,0.275136576,-1.290487664600393,-0.08299691957096791,0.00688848865826971,18.04904761904762
2018-04-01,sugar_wld,sugar_wld,NA,0.265215786,-1.3272114975550875,-0.0367238329546942,0.00134863990688428,18.777142857142856
2018-05-01,sugar_wld,sugar_wld,NA,0.27227057,-1.3009589644676889,0.02625253308739852,6.891954935049541e-4,13.694545454545455
2018-06-01,sugar_wld,sugar_wld,NA,0.2755775,-1.2888863832334196,0.01207258123426924,1.457472176580298e-4,12.694761904761904
2018-07-01,sugar_wld,sugar_wld,NA,0.258381464,-1.3533182433928086,-0.06443186015938877,0.00415146460359903,11.917619047619048
2018-08-01,sugar_wld,sugar_wld,NA,0.244492358,-1.4085712261793994,-0.05525298278659097,0.00305289210681531,10.972608695652172
2018-09-01,sugar_wld,sugar_wld,NA,0.250665294,-1.3836367197792303,0.02493450640016902,6.217296094200699e-4,11.564736842105264
2018-10-01,sugar_wld,sugar_wld,NA,0.292773536,-1.2283558834933872,0.15528083628584316,0.02411213811763082,19.855217391304347
2018-11-01,sugar_wld,sugar_wld,NA,0.28439598,-1.2573877161740488,-0.02903183268066138,8.428473087979184e-4,20.95047619047619
2018-12-01,sugar_wld,sugar_wld,NA,0.27888443,-1.2769578123681458,-0.01957009619409711,3.829886650462143e-4,27.11578947368421
2019-01-01,sugar_wld,sugar_wld,NA,0.281970898,-1.2659514119509236,0.01100640041722201,1.21140850144225e-4,20.525238095238095
2019-02-01,sugar_wld,sugar_wld,NA,0.286159676,-1.2512053162657313,0.01474609568519237,2.174473379568491e-4,15.287368421052632
2019-03-01,sugar_wld,sugar_wld,NA,0.280207202,-1.2722259423403124,-0.02102062607458119,4.418667205673626e-4,14.717619047619047
2019-04-01,sugar_wld,sugar_wld,NA,0.282411822,-1.2643889116330322,0.00783703070728014,6.141905030685195e-5,12.57
2019-05-01,sugar_wld,sugar_wld,NA,0.27337288,-1.296918554930684,-0.03252964329765173,0.00105817769307245,17.937272727272727
2019-06-01,sugar_wld,sugar_wld,NA,0.284836904,-1.2558385291872192,0.04108002574346466,0.00168756851508371,16.889
2019-07-01,sugar_wld,sugar_wld,NA,0.282852746,-1.26282884891413,-0.00699031972691081,4.8864569884438446e-5,13.022272727272728
2019-08-01,sugar_wld,sugar_wld,NA,0.271609184,-1.3033910694363011,-0.04056222052217132,0.00164529373368925,20.66590909090909
2019-09-01,sugar_wld,sugar_wld,NA,0.261908856,-1.339758713607176,-0.03636764417087471,0.00132260554253935,16.092
2019-10-01,sugar_wld,sugar_wld,NA,0.277120734,-1.2833020049395192,0.05645670866765707,0.0031873599535847,16.411739130434782
2019-11-01,sugar_wld,sugar_wld,NA,0.28219136,-1.2651698566161036,0.01813214832341547,3.287748028223385e-4,12.7645
2019-12-01,sugar_wld,sugar_wld,NA,0.295639542,-1.218614330248088,0.04655552636801563,0.00216741703540299,13.598571428571429
2020-01-01,sugar_wld,sugar_wld,NA,0.31195373,-1.1649004034524284,0.05371392679565956,0.00288518593180947,14.055714285714286
2020-02-01,sugar_wld,sugar_wld,NA,0.325842836,-1.121340112021619,0.04356029143080926,0.00189749898953703,20.178421052631577
2020-03-01,sugar_wld,sugar_wld,NA,0.260806546,-1.3439763495513797,-0.22263623752976053,0.04956689426140795,63.317727272727275
2020-04-01,sugar_wld,sugar_wld,NA,0.225091702,-1.4912473953651009,-0.1472710458137211,0.02168876093506714,43.6047619047619
2020-05-01,sugar_wld,sugar_wld,NA,0.241626352,-1.4203627460218056,0.0708846493432952,0.00502463351252192,31.078
2020-06-01,sugar_wld,sugar_wld,NA,0.26675902,-1.3214095749389796,0.09895317108282609,0.00979173006734704,29.99681818181818
2020-07-01,sugar_wld,sugar_wld,NA,0.270727336,-1.3066431048226788,0.01476647011630099,2.1804863969561032e-4,24.80090909090909
2020-08-01,sugar_wld,sugar_wld,NA,0.28880522,-1.2420027973345693,0.06464030748810948,0.00417836935215734,20.337619047619047
2020-09-01,sugar_wld,sugar_wld,NA,0.281309512,-1.2682997496250312,-0.02629695229046199,6.915296997668341e-4,28.017142857142854
2020-10-01,sugar_wld,sugar_wld,NA,0.302694326,-1.1950318077617954,0.073267941863236,0.00536819130487453,30.815
2020-11-01,sugar_wld,sugar_wld,NA,0.311512806,-1.1663148308452391,0.02871697691655617,8.246647632260203e-4,25.357
2020-12-01,sugar_wld,sugar_wld,NA,0.310410496,-1.1698596768117788,-0.00354484596653976,1.2565932926493252e-5,21.704090909090908
2021-01-01,sugar_wld,sugar_wld,NA,0.335543164,-1.0920046751081354,0.07785500170364351,0.00606140129027433,23.288947368421052
2021-02-01,sugar_wld,sugar_wld,NA,0.356927978,-1.0302212598521314,0.06178341525600393,0.00381719040069581,21.877894736842105
2021-03-01,sugar_wld,sugar_wld,NA,0.342597948,-1.0711976826021736,-0.04097642275004231,0.00167906722139018,21.119565217391305
2021-04-01,sugar_wld,sugar_wld,NA,0.356266592,-1.0320759744487258,0.039121708153448,0.00153050804884356,16.409523809523808
2021-05-01,sugar_wld,sugar_wld,NA,0.380517412,-0.96622334188639325,0.06585263256233252,0.00433656921538957,18.599
2021-06-01,sugar_wld,sugar_wld,NA,0.383824342,-0.9575702737615774,0.00865306812481568,7.487558797270116e-5,14.940454545454545
2021-07-01,sugar_wld,sugar_wld,NA,0.39021774,-0.9410503879618916,0.01651988579968571,2.7290662683465764e-4,15.47095238095238
2021-08-01,sugar_wld,sugar_wld,NA,0.429459976,-0.8452267293272859,0.0958236586346057,0.00918217355412144,15.008181818181818
2021-09-01,sugar_wld,sugar_wld,NA,0.431664596,-0.8401063904393107,0.00512033888797533,2.621787032771245e-5,17.5625
1990-01-01,tin,Tin,NA,109.5,4.695924549256556,-0.14035735769492247,0.01970018785910041,23.49909090909091
1990-02-01,tin,Tin,NA,112,4.718498871295094,0.02257432203853897,5.096000154996665e-4,23.326842105263157
1990-03-01,tin,Tin,NA,112,4.718498871295094,0,0,18.831363636363637
1990-04-01,tin,Tin,NA,127.5,4.848116364598481,0.12961749330338634,0.0168006945702534,20.4575
1990-05-01,tin,Tin,NA,127.5,4.848116364598481,0,0,18.151818181818182
1990-06-01,tin,Tin,NA,130,4.867534450455582,0.01941808585710151,3.7706205835376594e-4,17.582857142857144
1990-07-01,tin,Tin,NA,131,4.875197323201151,0.00766287274556909,5.8719618714785675e-5,18.93285714285714
1990-08-01,tin,Tin,NA,135.6,4.909709375506295,0.03451205230514368,0.00119108175431297,27.77521739130435
1990-09-01,tin,Tin,NA,144.25,4.971547905388209,0.06183852988191375,0.00382400377795633,28.818947368421053
1990-10-01,tin,Tin,NA,149.5,5.0072963928307415,0.03574848744253209,0.00127795435442887,30.130434782608695
1990-11-01,tin,Tin,NA,152.5,5.0271645960474665,0.01986820321672518,3.9474549906108895e-4,25.106666666666666
1990-12-01,tin,Tin,NA,150.5,5.01396308418893,-0.01320151185853584,1.7427991535106247e-4,22.5845
1991-01-01,tin,Tin,NA,152.5,5.0271645960474665,0.01320151185853598,1.7427991535106613e-4,26.93181818181818
1991-02-01,tin,Tin,NA,152.5,5.0271645960474665,0,0,22.11263157894737
1991-03-01,tin,Tin,NA,147.5,4.993828175779875,-0.03333642026759183,0.0011113169162575,19.041052631578943
1991-04-01,tin,Tin,NA,143.25,4.964591355594849,-0.02923682018502556,8.547916545315181e-4,18.92727272727273
1991-05-01,tin,Tin,NA,130.6,4.8721392168423305,-0.09245213875251827,0.00854739795991489,17.180454545454545
1991-06-01,tin,Tin,NA,129.5,4.863680881139593,-0.00845833570273823,7.154344286021627e-5,17.575
1991-07-01,tin,Tin,NA,131,4.875197323201151,0.01151644206155908,1.3262843775724718e-4,17.669545454545453
1991-08-01,tin,Tin,NA,127,4.844187086458591,-0.03101023674256032,9.616347828296382e-4,15.932727272727272
1991-09-01,tin,Tin,NA,122.5,4.808111029984782,-0.03607605647380964,0.0013014818507015,17.029
1991-10-01,tin,Tin,NA,121.1,4.796616650559047,-0.01149437942573513,1.3212075838276314e-4,16.846363636363638
1991-11-01,tin,Tin,NA,120,4.787491742782046,-0.00912490777700049,8.326394193876415e-5,17.6815
1991-12-01,tin,Tin,NA,120,4.787491742782046,0,0,18.018571428571427
1992-01-01,tin,Tin,NA,120,4.787491742782046,0,0,17.499545454545455
1992-02-01,tin,Tin,NA,120,4.787491742782046,0,0,17.050526315789472
1992-03-01,tin,Tin,NA,120,4.787491742782046,0,0,16.222727272727273
1992-04-01,tin,Tin,NA,120.2,4.789157022101107,0.00166527931906124,2.7731552104930963e-6,16.18857142857143
1992-05-01,tin,Tin,NA,120.5,4.791649752930709,0.00249273082960247,6.213706988850663e-6,14.728
1992-06-01,tin,Tin,NA,120.5,4.791649752930709,0,0,14.75318181818182
1992-07-01,tin,Tin,NA,120.5,4.791649752930709,0,0,13.303636363636365
1992-08-01,tin,Tin,NA,120.75,4.793722292532682,0.00207253960197237,4.295420401743811e-6,14.422380952380951
1992-09-01,tin,Tin,NA,121.5,4.799914262780603,0.00619197024792098,3.8340495551138606e-05,14.258571428571427
1992-10-01,tin,Tin,NA,121.5,4.799914262780603,0,0,17.478636363636365
1992-11-01,tin,Tin,NA,121.5,4.799914262780603,0,0,14.594
1992-12-01,tin,Tin,NA,121.88,4.803036954117508,0.0031226913369052,9.751201185582835e-6,12.781363636363636
1993-01-01,tin,Tin,NA,121.88,4.803036954117508,0,0,12.5745
1993-02-01,tin,Tin,NA,121.5,4.799914262780603,-0.00312269133690511,9.751201185582229e-6,13.505263157894737
1993-03-01,tin,Tin,NA,111,4.709530201312334,-0.09038406146826906,0.00816927856749984,13.657391304347826
1993-04-01,tin,Tin,NA,109.6,4.696837374513915,-0.01269282679841907,1.611078521346653e-4,13.49952380952381
1993-05-01,tin,Tin,NA,107.5,4.677490847567717,-0.01934652694619763,3.742881048799511e-4,13.535
1993-06-01,tin,Tin,NA,105.5,4.658710952916121,-0.01877989465159636,3.526844431250575e-4,13.002272727272729
1993-07-01,tin,Tin,NA,105.1,4.6549122778829055,-0.00379867503321578,1.4429932007976938e-5,11.99952380952381
1993-08-01,tin,Tin,NA,107.5,4.677490847567717,0.02257856968481201,5.097918090119118e-4,11.952272727272728
1993-09-01,tin,Tin,NA,107.5,4.677490847567717,0,0,12.621428571428572
1993-10-01,tin,Tin,NA,111.25,4.711779921046349,0.03428907347863216,0.00117574056002303,11.377142857142855
1993-11-01,tin,Tin,NA,112.5,4.722953221644475,0.01117330059812525,1.2484264625606617e-4,13.370952380952382
1993-12-01,tin,Tin,NA,122.5,4.808111029984782,0.08515780834030677,0.00725185232132442,10.864545454545455
1994-01-01,tin,Tin,NA,125,4.8283137373023015,0.02020270731751947,4.081493829573547e-4,10.605238095238096
1994-02-01,tin,Tin,NA,125.63,4.833341079016327,0.00502734171402529,2.5274164709578806e-5,12.885263157894736
1994-03-01,tin,Tin,NA,127.5,4.848116364598481,0.01477528558215446,2.1830906403422145e-4,14.240869565217391
1994-04-01,tin,Tin,NA,130,4.867534450455582,0.01941808585710151,3.7706205835376594e-4,15.334736842105263
1994-05-01,tin,Tin,NA,132.5,4.886582645426277,0.01904819497069441,3.628337316415879e-4,13.39
1994-06-01,tin,Tin,NA,132.5,4.886582645426277,0,0,12.94590909090909
1994-07-01,tin,Tin,NA,132.5,4.886582645426277,0,0,12.1635
1994-08-01,tin,Tin,NA,132.5,4.886582645426277,0,0,11.39304347826087
1994-09-01,tin,Tin,NA,132.5,4.886582645426277,0,0,12.612380952380953
1994-10-01,tin,Tin,NA,136.63,4.917276542350397,0.03069389692411946,9.421153083884702e-4,15.04952380952381
1994-11-01,tin,Tin,NA,139,4.9344739331306915,0.01719739078029539,2.9575024965018904e-4,16.249523809523808
1994-12-01,tin,Tin,NA,139,4.9344739331306915,0,0,13.806666666666668
1995-01-01,tin,Tin,NA,142.38,4.958499539675727,0.02402560654503539,5.772297698568474e-4,11.711904761904762
1995-02-01,tin,Tin,NA,147.5,4.993828175779875,0.0353286361041473,0.00124811252897926,11.197368421052632
1995-03-01,tin,Tin,NA,147.5,4.993828175779875,0,0,11.971304347826086
1995-04-01,tin,Tin,NA,147.5,4.993828175779875,0,0,12.51684210526316
1995-05-01,tin,Tin,NA,147.5,4.993828175779875,0,0,12.458636363636364
1995-06-01,tin,Tin,NA,147.5,4.993828175779875,0,0,13.17909090909091
1995-07-01,tin,Tin,NA,147.5,4.993828175779875,0,0,14.0765
1995-08-01,tin,Tin,NA,147.5,4.993828175779875,0,0,13.348695652173912
1995-09-01,tin,Tin,NA,147.5,4.993828175779875,0,0,12.237
1995-10-01,tin,Tin,NA,150,5.0106352940962555,0.01680711831638119,2.824792261008361e-4,14.237727272727271
1995-11-01,tin,Tin,NA,160.7,5.0795392727434665,0.06890397864721107,0.00474775827341531,12.971904761904762
1995-12-01,tin,Tin,NA,162.5,5.090678001769792,0.01113872902632532,1.2407128432190227e-4,12.288
1996-01-01,tin,Tin,NA,162.5,5.090678001769792,0,0,14.150454545454544
1996-02-01,tin,Tin,NA,169.1,5.130490255904535,0.03981225413474233,0.0015850155792893,16.238
1996-03-01,tin,Tin,NA,173.5,5.156177599386914,0.02568734348237929,6.598396151817342e-4,19.081904761904763
1996-04-01,tin,Tin,NA,173.5,5.156177599386914,0,0,17.512857142857143
1996-05-01,tin,Tin,NA,173.5,5.156177599386914,0,0,16.96681818181818
1996-06-01,tin,Tin,NA,174.63,5.162669449951753,0.00649185056483995,4.214412375621284e-5,17.6755
1996-07-01,tin,Tin,NA,175.63,5.168379509433644,0.00571005948189042,3.260477928672673e-5,19.341818181818184
1996-08-01,tin,Tin,NA,178.6,5.185148668442399,0.0167691590087544,2.812046938608888e-4,16.478181818181817
1996-09-01,tin,Tin,NA,181.5,5.201255653704905,0.01610698526250677,2.5943497424661053e-4,17.2785
1996-10-01,tin,Tin,NA,182.5,5.206750173022546,0.00549451931764078,3.01897425319277e-5,17.401304347826088
1996-11-01,tin,Tin,NA,182.5,5.206750173022546,0,0,17.1635
1996-12-01,tin,Tin,NA,182.5,5.206750173022546,0,0,20.118
1997-01-01,tin,Tin,NA,181.9,5.203457085524077,-0.00329308749846956,1.0844425272576548e-5,21.031363636363636
1997-02-01,tin,Tin,NA,181,5.198497031265826,-0.0049600542582509,2.4602138244792905e-5,21.647894736842105
1997-03-01,tin,Tin,NA,181,5.198497031265826,0,0,22.3035
1997-04-01,tin,Tin,NA,177.63,5.179702735211794,-0.01879429605403135,3.5322556416657856e-4,21.507727272727273
1997-05-01,tin,Tin,NA,170,5.135798437050262,-0.04390429816153264,0.00192758739705675,21.927619047619046
1997-06-01,tin,Tin,NA,170,5.135798437050262,0,0,22.743333333333332
1997-07-01,tin,Tin,NA,168.2,5.125153747538848,-0.01064468951141411,1.1330941479440964e-4,23.24772727272727
1997-08-01,tin,Tin,NA,163.5,5.096812990337308,-0.02834075720153955,8.031985187566161e-4,25.153809523809525
1997-09-01,tin,Tin,NA,163.5,5.096812990337308,0,0,25.59285714285714
1997-10-01,tin,Tin,NA,164.3,5.101694025043223,0.00488103470591438,2.3824499800340757e-5,25.615652173913045
1997-11-01,tin,Tin,NA,169.38,5.132144711493453,0.03045068645023047,9.272443052902496e-4,31.545263157894738
1997-12-01,tin,Tin,NA,172.5,5.150397236471415,0.01825252497796158,3.3315466807111145e-4,26.473181818181818
1998-01-01,tin,Tin,NA,172.5,5.150397236471415,0,0,24.4275
1998-02-01,tin,Tin,NA,172.5,5.150397236471415,0,0,20.386315789473684
1998-03-01,tin,Tin,NA,172.5,5.150397236471415,0,0,20.543181818181814
1998-04-01,tin,Tin,NA,173.7,5.157329673247059,0.00693243677564467,4.805867964831074e-5,22.53809523809524
1998-05-01,tin,Tin,NA,176.34,5.172413949658881,0.01508427641182177,2.2753539486824277e-4,21.4485
1998-06-01,tin,Tin,NA,177.5,5.178970608915471,0.00655665925658937,4.298978060701918e-5,21.996363636363636
1998-07-01,tin,Tin,NA,177.5,5.178970608915471,0,0,20.25181818181818
1998-08-01,tin,Tin,NA,175,5.1647859739235145,-0.01418463499195641,2.012038698550343e-4,31.48857142857143
1998-09-01,tin,Tin,NA,172.5,5.150397236471415,-0.01438873745209955,2.070357654654524e-4,39.247142857142855
1998-10-01,tin,Tin,NA,171.55,5.144874769304459,-0.00552246716695567,3.0497643610103475e-5,37.45409090909091
1998-11-01,tin,Tin,NA,167.5,5.120983351265121,-0.02389141803933766,5.707998559303893e-4,25.038
1998-12-01,tin,Tin,NA,167.5,5.120983351265121,0,0,25.47681818181818
1999-01-01,tin,Tin,NA,166.38,5.114274328855742,-0.00670902240937949,4.501098168955627e-5,28.616842105263157
1999-02-01,tin,Tin,NA,163,5.093750200806762,-0.02052412804897929,4.212398321708984e-4,29.93842105263158
1999-03-01,tin,Tin,NA,163,5.093750200806762,0,0,26.475652173913044
1999-04-01,tin,Tin,NA,163,5.093750200806762,0,0,24.693809523809524
1999-05-01,tin,Tin,NA,163,5.093750200806762,0,0,27.3765
1999-06-01,tin,Tin,NA,161.75,5.08605193338101,-0.00769826742575234,5.926332135839962e-5,24.123636363636365
1999-07-01,tin,Tin,NA,153.88,5.0361730778840945,-0.04987885549691556,0.00248790022568218,21.486666666666668
1999-08-01,tin,Tin,NA,151.25,5.018934096910951,-0.01723898097314346,2.9718246499240244e-4,24.90909090909091
1999-09-01,tin,Tin,NA,147.5,4.993828175779875,-0.02510592113107635,6.303072758398264e-4,25.58
1999-10-01,tin,Tin,NA,145.13,4.9776298924822715,-0.01619828329760309,2.6238438178940744e-4,25.37
1999-11-01,tin,Tin,NA,138,4.927253685157205,-0.05037620732506672,0.0025377622644581,22.22952380952381
1999-12-01,tin,Tin,NA,138,4.927253685157205,0,0,23.222272727272728
2000-01-01,tin,Tin,NA,138,4.927253685157205,0,0,24.9385
2000-02-01,tin,Tin,NA,138,4.927253685157205,0,0,25.456
2000-03-01,tin,Tin,NA,138,4.927253685157205,0,0,24.810434782608695
2000-04-01,tin,Tin,NA,138,4.927253685157205,0,0,29.833157894736843
2000-05-01,tin,Tin,NA,138,4.927253685157205,0,0,29.42909090909091
2000-06-01,tin,Tin,NA,138,4.927253685157205,0,0,24.31772727272727
2000-07-01,tin,Tin,NA,140.25,4.943426544402806,0.01617285924560096,2.615613761780207e-4,22.66
2000-08-01,tin,Tin,NA,142.5,4.959341999708705,0.01591545530589958,2.5330171759408717e-4,20.484347826086957
2000-09-01,tin,Tin,NA,142.5,4.959341999708705,0,0,22.3365
2000-10-01,tin,Tin,NA,141.25,4.9505313700265505,-0.00881062968215492,7.76271953960693e-5,28.21409090909091
2000-11-01,tin,Tin,NA,129,4.859812404361672,-0.09071896566487817,0.00822993073130534,29.21190476190476
2000-12-01,tin,Tin,NA,129,4.859812404361672,0,0,30.1045
2001-01-01,tin,Tin,NA,129,4.859812404361672,0,0,27.83
2001-02-01,tin,Tin,NA,129,4.859812404361672,0,0,26.159473684210525
2001-03-01,tin,Tin,NA,129,4.859812404361672,0,0,32.42318181818182
2001-04-01,tin,Tin,NA,129,4.859812404361672,0,0,32.245
2001-05-01,tin,Tin,NA,125.5,4.832305758571839,-0.02750664578983358,7.566155626073698e-4,26.095
2001-06-01,tin,Tin,NA,122.5,4.808111029984782,-0.02419472858705688,5.853848914013475e-4,23.30047619047619
2001-07-01,tin,Tin,NA,123.75,4.8182634014487995,0.0101523714640179,1.0307064634340512e-4,24.85904761904762
2001-08-01,tin,Tin,NA,125,4.8283137373023015,0.0100503358535015,1.0100925076817784e-4,24.260434782608694
2001-09-01,tin,Tin,NA,124.38,4.823341395675743,-0.00497234162655797,2.472418125120125e-5,38.55133333333333
2001-10-01,tin,Tin,NA,124.38,4.823341395675743,0,0,34.44695652173913
2001-11-01,tin,Tin,NA,130,4.867534450455582,0.04419305477983927,0.00195302609077387,28.25428571428571
2001-12-01,tin,Tin,NA,131,4.875197323201151,0.00766287274556909,5.8719618714785675e-5,24.5395
2002-01-01,tin,Tin,NA,131,4.875197323201151,0,0,23.615238095238094
2002-02-01,tin,Tin,NA,138,4.927253685157205,0.05205636195605313,0.00270986482009961,24.66842105263158
2002-03-01,tin,Tin,NA,138,4.927253685157205,0,0,21.014
2002-04-01,tin,Tin,NA,132,4.882801922586371,-0.04445176257083381,0.00197595919565378,21.814545454545453
2002-05-01,tin,Tin,NA,136.1,4.91338990965742,0.03058798707104948,9.356249530586904e-4,22.63
2002-06-01,tin,Tin,NA,128.88,4.858881738868719,-0.0545081707887014,0.00297114068273024,28.599
2002-07-01,tin,Tin,NA,127.38,4.84717474494322,-0.01170699392549924,1.3705370677167611e-4,38.49727272727273
2002-08-01,tin,Tin,NA,133.3,4.892602227184663,0.04542748224144339,0.00206365614279665,37.25272727272727
2002-09-01,tin,Tin,NA,135.5,4.908971640319756,0.01636941313509247,2.6795768638733817e-4,41.656
2002-10-01,tin,Tin,NA,133.1,4.891100725401066,-0.01787091491868973,3.1936960003104743e-4,41.39739130434783
2002-11-01,tin,Tin,NA,132,4.882801922586371,-0.00829880281469506,6.887012815719075e-5,32.005
2002-12-01,tin,Tin,NA,131.5,4.879006851617819,-0.0037950709685516,1.4402563656343253e-5,31.830952380952382
2003-01-01,tin,Tin,NA,128.6,4.856706811803519,-0.02230003981430026,4.972917757193769e-4,30.66857142857143
2003-02-01,tin,Tin,NA,136,4.912654885736052,0.05594807393253311,0.00313018697676019,36.54052631578948
2003-03-01,tin,Tin,NA,143.75,4.96807567967746,0.05542079394140772,0.00307146440109597,35.194761904761904
2003-04-01,tin,Tin,NA,145,4.976733742420574,0.00865806274311453,7.496205046370792e-5,27.14238095238095
2003-05-01,tin,Tin,NA,146,4.983606621708336,0.00687287928776205,4.723646970414859e-5,22.548571428571428
2003-06-01,tin,Tin,NA,148.25,4.998900037877835,0.0152934161694984,2.3388857813347512e-4,22.34904761904762
2003-07-01,tin,Tin,NA,150.9,5.016617365773803,0.01771732789596842,3.139037077732608e-4,21.206818181818186
2003-08-01,tin,Tin,NA,150,5.0106352940962555,-0.00598207167754754,3.578518155531644e-5,20.829047619047618
2003-09-01,tin,Tin,NA,153.625,5.034514567886199,0.02387927378994314,5.702197167350657e-4,20.682380952380953
2003-10-01,tin,Tin,NA,164,5.099866427824199,0.06535185993799955,0.00427086559735591,19.184347826086956
2003-11-01,tin,Tin,NA,163,5.093750200806762,-0.00611622701743609,3.7408232928815225e-5,17.838947368421053
2003-12-01,tin,Tin,NA,162.875,5.092983035445009,-7.671653617531956e-4,5.885426922739115e-7,16.375454545454545
2004-01-01,tin,Tin,NA,171.625,5.145311864088135,0.05232882864312597,0.00273830630716164,15.834
2004-02-01,tin,Tin,NA,177.125,5.1768556980108444,0.03154383392270932,9.950134585434672e-4,15.924736842105265
2004-03-01,tin,Tin,NA,177.5,5.178970608915471,0.00211491090462603,4.47284813450611e-6,17.73304347826087
2004-04-01,tin,Tin,NA,177.5,5.178970608915471,0,0,15.788095238095238
2004-05-01,tin,Tin,NA,177.5,5.178970608915471,0,0,18.076
2004-06-01,tin,Tin,NA,177.5,5.178970608915471,0,0,15.045238095238096
2004-07-01,tin,Tin,NA,191.5,5.2548878086207,0.0759171997052301,0.00576342121108379,15.668571428571427
2004-08-01,tin,Tin,NA,195,5.272999558563747,0.0181117499430461,3.280354859994305e-4,16.592727272727274
2004-09-01,tin,Tin,NA,195,5.272999558563747,0,0,13.880476190476193
2004-10-01,tin,Tin,NA,195,5.272999558563747,0,0,15.184761904761904
2004-11-01,tin,Tin,NA,198.5,5.290789100127245,0.01778954156349824,3.164677890394314e-4,14.05
2004-12-01,tin,Tin,NA,202,5.308267697401205,0.01747859727395976,3.0550136266527364e-4,13.014090909090909
2005-01-01,tin,Tin,NA,202,5.308267697401205,0,0,13.512
2005-02-01,tin,Tin,NA,202,5.308267697401205,0,0,11.562631578947368
2005-03-01,tin,Tin,NA,202,5.308267697401205,0,0,12.880454545454546
2005-04-01,tin,Tin,NA,202,5.308267697401205,0,0,14.057142857142855
2005-05-01,tin,Tin,NA,201.625,5.306409536445373,-0.00185816095583177,3.4527621377776486e-6,13.17904761904762
2005-06-01,tin,Tin,NA,201.5,5.305789381386738,-6.201550586352605e-4,3.845922967509035e-7,11.241818181818182
2005-07-01,tin,Tin,NA,201.25,5.304547916298673,-0.00124146508806487,1.5412355648839329e-6,10.489
2005-08-01,tin,Tin,NA,201.375,5.305168841497139,6.209251984656003e-4,3.8554810208954515e-7,11.985217391304348
2005-09-01,tin,Tin,NA,201,5.303304908059076,-0.00186393343806275,3.474247861528436e-6,11.959047619047618
2005-10-01,tin,Tin,NA,201,5.303304908059076,0,0,14.582380952380952
2005-11-01,tin,Tin,NA,201,5.303304908059076,0,0,11.606190476190475
2005-12-01,tin,Tin,NA,201,5.303304908059076,0,0,10.923809523809524
2006-01-01,tin,Tin,NA,201,5.303304908059076,0,0,11.7115
2006-02-01,tin,Tin,NA,201,5.303304908059076,0,0,11.867368421052632
2006-03-01,tin,Tin,NA,200.6,5.301312875527835,-0.00199203253124065,3.968193605521041e-6,11.19086956521739
2006-04-01,tin,Tin,NA,200.5,5.300814246746624,-4.986287812112197e-4,2.486306614521864e-7,11.163684210526316
2006-05-01,tin,Tin,NA,200.5,5.300814246746624,0,0,13.488181818181818
2006-06-01,tin,Tin,NA,200.5,5.300814246746624,0,0,15.891363636363636
2006-07-01,tin,Tin,NA,202,5.308267697401205,0.00745345065458097,5.555392666027352e-5,14.522
2006-08-01,tin,Tin,NA,202,5.308267697401205,0,0,12.560434782608697
2006-09-01,tin,Tin,NA,202,5.308267697401205,0,0,11.397
2006-10-01,tin,Tin,NA,202,5.308267697401205,0,0,10.808636363636364
2006-11-01,tin,Tin,NA,202,5.308267697401205,0,0,10.484285714285717
2006-12-01,tin,Tin,NA,205.5,5.32544603393629,0.01717833653508455,2.9509524611262073e-4,10.499
2007-01-01,tin,Tin,NA,207.5,5.335131339670753,0.00968530573446367,9.380514717003504e-5,10.627
2007-02-01,tin,Tin,NA,215,5.3706380281276624,0.03550668845690982,0.00126072492517605,10.920526315789472
2007-03-01,tin,Tin,NA,254.5,5.539300835990577,0.16866280786291468,0.02844714275620247,14.921363636363637
2007-04-01,tin,Tin,NA,300,5.703782474656201,0.16448163866562365,0.02705420945812878,12.246
2007-05-01,tin,Tin,NA,338.125,5.823415649600746,0.119633174944545,0.01431209654731211,12.965
2007-06-01,tin,Tin,NA,355,5.872117789475416,0.04870213987466979,0.0023718984283719,14.881904761904762
2007-07-01,tin,Tin,NA,355,5.872117789475416,0,0,17.247619047619047
2007-08-01,tin,Tin,NA,377.5,5.933570568689079,0.06145277921366351,0.00377644407308327,25.12
2007-09-01,tin,Tin,NA,392.5,5.972536537222463,0.03896596853338371,0.00151834670374464,22.182105263157897
2007-10-01,tin,Tin,NA,402.9,5.998688392197302,0.02615185497483832,6.839195186249759e-4,18.859565217391303
2007-11-01,tin,Tin,NA,423.75,6.04914365869466,0.05045526649735839,0.00254573391731945,26.65714285714286
2007-12-01,tin,Tin,NA,446.875,6.102278913448272,0.05313525475361213,0.00282335529773126,23.0965
2008-01-01,tin,Tin,NA,539.2,6.290086559598097,0.18780764614982537,0.035271711952338,27.98952380952381
2008-02-01,tin,Tin,NA,729.375,6.59218800304082,0.3021014434427231,0.09126528213017684,27.1565
2008-03-01,tin,Tin,NA,875.625,6.774937917091272,0.18274991405045105,0.03339753108544723,29.009
2008-04-01,tin,Tin,NA,1029,6.9363427358340495,0.16140481874277815,0.02605151551338906,22.526818181818182
2008-05-01,tin,Tin,NA,1037,6.9440872082295275,0.00774447239547776,5.9976852684317065e-5,18.61
2008-06-01,tin,Tin,NA,1043.125,6.9499762944161,0.0058890861865721,3.4681336112874406e-5,23.19142857142857
2008-07-01,tin,Tin,NA,1112.5,7.014365014040395,0.06438871962429576,0.00414590721485617,25.66227272727273
2008-08-01,tin,Tin,NA,1131.5,7.031299465073592,0.01693445103319688,2.8677563179574297e-4,22.25952380952381
2008-09-01,tin,Tin,NA,1079.25,6.984021634435587,-0.0472778306380052,0.0022351932698359,33.21142857142857
2008-10-01,tin,Tin,NA,965,6.872128101338986,-0.11189353309660097,0.01252016274884013,65.44652173913043
2008-11-01,tin,Tin,NA,606,6.406879986069314,-0.4652481152696714,0.21645580876198145,65.42684210526316
2008-12-01,tin,Tin,NA,405,6.003887067106539,-0.4029929189627752,0.16240329273413792,55.07545454545455
2009-01-01,tin,Tin,NA,350,5.857933154483459,-0.14595391262307983,0.02130254460998562,44.2915
2009-02-01,tin,Tin,NA,320,5.768320995793772,-0.08961215868968717,0.00803033898502567,45.38947368421053
2009-03-01,tin,Tin,NA,295,5.68697535633982,-0.0813456394539524,0.00661711305817241,46.09045454545455
2009-04-01,tin,Tin,NA,278,5.627621113690637,-0.05935424264918274,0.00352292612045806,38.89857142857143
2009-05-01,tin,Tin,NA,245,5.501258210544727,-0.12636290314591012,0.01596758329146266,32.11
2009-06-01,tin,Tin,NA,220,5.393627546352362,-0.10763066419236544,0.01158435987448973,27.935454545454547
2009-07-01,tin,Tin,NA,224,5.41164605185504,0.01801850550267821,3.2466654055004503e-4,25.924545454545456
2009-08-01,tin,Tin,NA,225,5.41610040220442,0.00445435034938037,1.9841237035025067e-5,24.306190476190476
2009-09-01,tin,Tin,NA,225,5.41610040220442,0,0,23.85761904761905
2009-10-01,tin,Tin,NA,246.5,5.5073619934827445,0.09126159127832471,0.00832867804265199,23.250454545454545
2009-11-01,tin,Tin,NA,228.5,5.43153621033426,-0.07582578314848547,0.00574954939008114,22.546
2009-12-01,tin,Tin,NA,232,5.44673737166631,0.01520116133205055,2.3107530584302904e-4,19.845454545454544
2010-01-01,tin,Tin,NA,296.25,5.691203692449341,0.2444663207830309,0.05976378199719177,19.527368421052632
2010-02-01,tin,Tin,NA,300,5.703782474656201,0.01257878220686018,1.582257618076224e-4,21.771052631578947
2010-03-01,tin,Tin,NA,354.375,5.870355674482017,0.1665731998258154,0.02774663090021102,16.925217391304347
2010-04-01,tin,Tin,NA,372.5,5.920237037819614,0.04988136333759763,0.00248815040841742,16.136666666666667
2010-05-01,tin,Tin,NA,352.75,5.865759590732924,-0.05447744708669087,0.0029677922410832,30.0335
2010-06-01,tin,Tin,NA,346.8,5.848748244906387,-0.01701134582653656,2.893858868300229e-4,28.94090909090909
2010-07-01,tin,Tin,NA,360,5.886104031450156,0.03735578654376882,0.00139545478830361,25.016666666666666
2010-08-01,tin,Tin,NA,380.75,5.942142991775271,0.05603896032511542,0.00314036507431986,24.15590909090909
2010-09-01,tin,Tin,NA,428,6.059123195581797,0.11698020380652556,0.01368436808261625,21.322380952380954
2010-10-01,tin,Tin,NA,455,6.12029741895095,0.0611742233691536,0.00374228560481909,19.86095238095238
2010-11-01,tin,Tin,NA,463.75,6.139345613921645,0.01904819497069441,3.628337316415879e-4,19.395238095238096
2010-12-01,tin,Tin,NA,472.5,6.158037746933798,0.01869213301215254,3.49395836544003e-4,16.58681818181818
2011-01-01,tin,Tin,NA,475,6.163314804034641,0.00527705710084381,2.7847331645566176e-5,15.723
2011-02-01,tin,Tin,NA,490,6.194405391104672,0.03109058707003118,9.6662460435919e-4,15.72
2011-03-01,tin,Tin,NA,494,6.202535517187923,0.0081301260832503,6.609895012954701e-5,19.893478260869564
2011-04-01,tin,Tin,NA,535.625,6.283434289352044,0.0808987721641217,0.00654461133766247,15.208
2011-05-01,tin,Tin,NA,547.5,6.305362461690656,0.02192817233861157,4.808447421118497e-4,16.293809523809525
2011-06-01,tin,Tin,NA,549.5,6.309008773843676,0.0036463121530200702,1.3295592317261925e-5,18.918636363636363
2011-07-01,tin,Tin,NA,555,6.318968113746434,0.00995933990275848,9.918845129867744e-5,18.7405
2011-08-01,tin,Tin,NA,560,6.327936783729195,0.00896866998276031,8.043704125966593e-5,35.068695652173915
2011-09-01,tin,Tin,NA,560,6.327936783729195,0,0,36.64380952380952
2011-10-01,tin,Tin,NA,592.5,6.384350873009287,0.05641408928009124,0.0031825494693021,32.00857142857143
2011-11-01,tin,Tin,NA,570,6.345636360828596,-0.03871451218069039,0.00149881345338882,31.412380952380953
2011-12-01,tin,Tin,NA,530,6.272877006546167,-0.07275935428242832,0.00529392363559591,25.03952380952381
2012-01-01,tin,Tin,NA,435,6.075346031088684,-0.19753097545748335,0.0390184862651849,18.9415
2012-02-01,tin,Tin,NA,445,6.09807428216624,0.02272825107755609,5.165733970444297e-4,16.691
2012-03-01,tin,Tin,NA,441.25,6.089611608247506,-0.00846267391873365,7.161684985481482e-5,14.962727272727273
2012-04-01,tin,Tin,NA,441.25,6.089611608247506,0,0,17.177
2012-05-01,tin,Tin,NA,485,6.184148890937483,0.09453728268997676,0.00893729781840457,20.547272727272727
2012-06-01,tin,Tin,NA,485,6.184148890937483,0,0,20.750476190476192
2012-07-01,tin,Tin,NA,485,6.184148890937483,0,0,16.954761904761906
2012-08-01,tin,Tin,NA,485,6.184148890937483,0,0,14.969130434782608
2012-09-01,tin,Tin,NA,485,6.184148890937483,0,0,14.31421052631579
2012-10-01,tin,Tin,NA,474,6.161207321695077,-0.02294156924240673,5.263155993041426e-4,15.469047619047618
2012-11-01,tin,Tin,NA,447.5,6.10367653771491,-0.05753078398016648,0.00330979110537258,17.155714285714286
2012-12-01,tin,Tin,NA,435,6.075346031088684,-0.02833050662622599,8.026176056986351e-4,17.351
2013-01-01,tin,Tin,NA,428,6.059123195581797,-0.01622283550688726,2.63180391883522e-4,13.121904761904762
2013-02-01,tin,Tin,NA,419,6.037870919922137,-0.02125227565965909,4.516592207141383e-4,13.512105263157894
2013-03-01,tin,Tin,NA,415,6.028278520230698,-0.0095923996914394,9.201413184032688e-5,12.3915
2013-04-01,tin,Tin,NA,409,6.013715156042802,-0.01456336418789655,2.120915764693079e-4,13.251363636363635
2013-05-01,tin,Tin,NA,410,6.016157159698354,0.0024420036555518,5.963381853728398e-6,12.914090909090907
2013-06-01,tin,Tin,NA,410,6.016157159698354,0,0,17.156
2013-07-01,tin,Tin,NA,410,6.016157159698354,0,0,13.626818181818182
2013-08-01,tin,Tin,NA,360,5.886104031450156,-0.1300531282481978,0.01691381616714218,13.863636363636363
2013-09-01,tin,Tin,NA,344,5.840641657373398,-0.04546237407675729,0.00206682745669501,14.2915
2013-10-01,tin,Tin,NA,324,5.780743515792329,-0.05989814158106896,0.00358778736486578,14.32304347826087
2013-11-01,tin,Tin,NA,320,5.768320995793772,-0.0124225199985572,1.543190031145538e-4,11.9565
2013-12-01,tin,Tin,NA,320,5.768320995793772,0,0,12.995238095238095
2014-01-01,tin,Tin,NA,333,5.808142489980444,0.03982149418667151,0.00158575139925911,13.057142857142855
2014-02-01,tin,Tin,NA,367,5.905361848054571,0.09721935807412638,0.0094516035843452,14.179473684210526
2014-03-01,tin,Tin,NA,384,5.950642552587727,0.04528070453315649,0.00205034220301901,13.592380952380951
2014-04-01,tin,Tin,NA,383,5.948034989180646,-0.00260756340708083,6.799386921946988e-6,13.485238095238095
2014-05-01,tin,Tin,NA,385,5.953243334287785,0.00520834510713826,2.712685875505105e-5,11.76142857142857
2014-06-01,tin,Tin,NA,389,5.963579343618446,0.01033600933066207,1.0683308888353344e-4,10.298571428571428
2014-07-01,tin,Tin,NA,390,5.966146739123692,0.00256739550524573,6.591519680355994e-6,10.638636363636364
2014-08-01,tin,Tin,NA,391,5.968707559985366,0.00256082086167365,6.557803485582978e-6,12.414761904761905
2014-09-01,tin,Tin,NA,398,5.986452005284438,0.01774444529907191,3.1486533897175523e-4,11.91190476190476
2014-10-01,tin,Tin,NA,398,5.986452005284438,0,0,16.911304347826086
2014-11-01,tin,Tin,NA,385,5.953243334287785,-0.03320867099665346,0.00110281582936397,12.243684210526316
2014-12-01,tin,Tin,NA,381,5.942799375126701,-0.01044395916108326,1.09076282958375e-4,14.90681818181818
2015-01-01,tin,Tin,NA,381.5,5.9441108507245115,0.00131147559781065,1.719968243652816e-6,17.9875
2015-02-01,tin,Tin,NA,382.5,5.94672865326659,0.00261780254207888,6.8528901493146454e-6,15.321052631578947
2015-03-01,tin,Tin,NA,383,5.948034989180646,0.00130633591405545,1.7065135203511064e-6,15.016818181818184
2015-04-01,tin,Tin,NA,380,5.940171252720432,-0.00786373646021457,6.183835111570807e-5,13.758571428571427
2015-05-01,tin,Tin,NA,380,5.940171252720432,0,0,13.6325
2015-06-01,tin,Tin,NA,380,5.940171252720432,0,0,14.83090909090909
2015-07-01,tin,Tin,NA,380,5.940171252720432,0,0,14.55090909090909
2015-08-01,tin,Tin,NA,378.8,5.937008361311923,-0.00316289140850819,1.0003882062014956e-5,19.58809523809524
2015-09-01,tin,Tin,NA,379,5.937536205082426,5.278437705031224e-4,2.78619046058953e-7,24.604285714285716
2015-10-01,tin,Tin,NA,380,5.940171252720432,0.00263504763800503,6.943476054555897e-6,16.977272727272727
2015-11-01,tin,Tin,NA,366.4,5.903725632799975,-0.03644561992045632,0.00132828321138636,16.008
2015-12-01,tin,Tin,NA,360,5.886104031450156,-0.01762160134981944,3.105208341319585e-4,18.304545454545455
2016-01-01,tin,Tin,NA,334,5.811140992976701,-0.07496303847345523,0.00561945713717272,24.33105263157895
2016-02-01,tin,Tin,NA,286.25,5.65686555486845,-0.15427543810825106,0.0238009108034928,24.109
2016-03-01,tin,Tin,NA,291.25,5.674182004879911,0.01731645001146095,2.998594409994262e-4,16.398636363636363
2016-04-01,tin,Tin,NA,295,5.68697535633982,0.01279335145990954,1.636698415767696e-4,14.347142857142858
2016-05-01,tin,Tin,NA,295,5.68697535633982,0,0,14.791904761904762
2016-06-01,tin,Tin,NA,285,5.652489180268651,-0.03448617607116932,0.00118929634001169,16.635
2016-07-01,tin,Tin,NA,281,5.638354669333745,-0.0141345109349048,1.997843993689435e-4,12.3075
2016-08-01,tin,Tin,NA,281.25,5.63924395351863,8.892841848840366e-4,7.908263614848654e-7,11.22391304347826
2016-09-01,tin,Tin,NA,287,5.659482215759621,0.02023826224099126,4.0958725853513264e-4,13.593333333333334
2016-10-01,tin,Tin,NA,285,5.652489180268651,-0.00699303549097063,4.8902545377974945e-5,14.816190476190476
2016-11-01,tin,Tin,NA,285,5.652489180268651,0,0,15.33952380952381
2016-12-01,tin,Tin,NA,277.5,5.625820933186489,-0.02666824708216129,7.111954024352044e-4,11.956190476190477
2017-01-01,tin,Tin,NA,270,5.598421958998375,-0.02739897418811438,7.507037865609585e-4,10.7905
2017-02-01,tin,Tin,NA,278.75,5.630315322774329,0.03189336377595379,0.00101718665294532,10.510526315789471
2017-03-01,tin,Tin,NA,288,5.662960480135946,0.03264515736161746,0.00106570629916476,10.640869565217391
2017-04-01,tin,Tin,NA,285,5.652489180268651,-0.01047129986729536,1.0964812091081994e-4,11.57315789473684
2017-05-01,tin,Tin,NA,275,5.616771097666572,-0.03571808260207923,0.00127578142476895,9.971363636363636
2017-06-01,tin,Tin,NA,275,5.616771097666572,0,0,9.42318181818182
2017-07-01,tin,Tin,NA,275.75,5.619494658133612,0.00272356046704052,7.4177816176259794e-6,8.8765
2017-08-01,tin,Tin,NA,280.5,5.636573724962751,0.01707906682913914,2.91694523754201e-4,10.177391304347823
2017-09-01,tin,Tin,NA,283.2,5.6461533618195645,0.00957963685681359,9.176944230842144e-5,8.6015
2017-10-01,tin,Tin,NA,283.5,5.647212123167807,0.00105876134824211,1.1209755925314678e-6,8.02
2017-11-01,tin,Tin,NA,295,5.68697535633982,0.03976323317201311,0.00158111471229188,9.127142857142855
2017-12-01,tin,Tin,NA,308.75,5.732531887942187,0.04555653160236722,0.00207539757163748,8.8275
2018-01-01,tin,Tin,NA,320,5.768320995793772,0.03578910785158529,0.0012808602408124,10.367619047619048
2018-02-01,tin,Tin,NA,320,5.768320995793772,0,0,20.133157894736843
2018-03-01,tin,Tin,NA,324,5.780743515792329,0.01242251999855711,1.5431900311455135e-4,18.04904761904762
2018-04-01,tin,Tin,NA,325,5.783825182329737,0.00308166653740811,9.496668647780916e-6,18.777142857142856
2018-05-01,tin,Tin,NA,326,5.786897381366708,0.00307219903697005,9.438406922759757e-6,13.694545454545455
2018-06-01,tin,Tin,NA,335.2,5.814727368607928,0.02782998724122038,7.745081898464896e-4,12.694761904761904
2018-07-01,tin,Tin,NA,344.25,5.8413681376087645,0.02664076900083638,7.097305729559249e-4,11.917619047619048
2018-08-01,tin,Tin,NA,357.6,5.8794150432993595,0.03804690569059486,0.00144756703262901,10.972608695652172
2018-09-01,tin,Tin,NA,376.25,5.930253816063085,0.05083877276372636,0.0025845808161218,11.564736842105264
2018-10-01,tin,Tin,NA,385,5.953243334287785,0.02298951822469878,5.285179482037574e-4,19.855217391304347
2018-11-01,tin,Tin,NA,379.2,5.938063770380866,-0.01517956390691753,2.3041916040419353e-4,20.95047619047619
2018-12-01,tin,Tin,NA,368.33,5.908979275469038,-0.02908449491182837,8.459078442761703e-4,27.11578947368421
2019-01-01,tin,Tin,NA,355,5.872117789475416,-0.03686148599362258,0.00135876914965803,20.525238095238095
2019-02-01,tin,Tin,NA,343.75,5.839914648980781,-0.0322031404946347,0.00103704225771718,15.287368421052632
2019-03-01,tin,Tin,NA,321,5.771441123130016,-0.06847352585076524,0.00468862374243541,14.717619047619047
2019-04-01,tin,Tin,NA,310,5.736572297479192,-0.03486882565082393,0.00121583500226755,12.57
2019-05-01,tin,Tin,NA,305,5.720311776607412,-0.01626052087178029,2.6440453902160246e-4,17.937272727272727
2019-06-01,tin,Tin,NA,293.75,5.682729065458369,-0.03758271114904289,0.00141246017731239,16.889
2019-07-01,tin,Tin,NA,283.75,5.648093568795613,-0.03463549666275634,0.0011996176290758,13.022272727272728
2019-08-01,tin,Tin,NA,275,5.616771097666572,-0.03132247112904116,9.810971976296169e-4,20.66590909090909
2019-09-01,tin,Tin,NA,270,5.598421958998375,-0.01834913866819654,3.366908898647055e-4,16.092
2019-10-01,tin,Tin,NA,270,5.598421958998375,0,0,16.411739130434782
2019-11-01,tin,Tin,NA,264,5.575949103146316,-0.02247285585205863,5.050292501474058e-4,12.7645
2019-12-01,tin,Tin,NA,243.33,5.494418546750363,-0.08153055639595307,0.00664723162623368,13.598571428571429
2020-01-01,tin,Tin,NA,239,5.476463551931511,-0.01795499481885239,3.223818389450163e-4,14.055714285714286
2020-02-01,tin,Tin,NA,245,5.501258210544727,0.02479465861321627,6.1477509574594e-4,20.178421052631577
2020-03-01,tin,Tin,NA,245,5.501258210544727,0,0,63.317727272727275
2020-04-01,tin,Tin,NA,245,5.501258210544727,0,0,43.6047619047619
2020-05-01,tin,Tin,NA,243,5.493061443340548,-0.00819676720417851,6.718699259949647e-5,31.078
2020-06-01,tin,Tin,NA,240,5.480638923341991,-0.0124225199985572,1.543190031145538e-4,29.99681818181818
2020-07-01,tin,Tin,NA,262.2,5.569107571329599,0.08846864798760819,0.00782670167675533,24.80090909090909
2020-08-01,tin,Tin,NA,276.25,5.621306252831962,0.05219868150236323,0.00272470235058515,20.337619047619047
2020-09-01,tin,Tin,NA,282.5,5.643678550586496,0.02237229775453298,5.005197068174815e-4,28.017142857142854
2020-10-01,tin,Tin,NA,290,5.66988092298052,0.02620237239402411,6.865643190751171e-4,30.815
2020-11-01,tin,Tin,NA,292.5,5.678464666671911,0.00858374369139143,7.368065575950225e-5,25.357
2020-12-01,tin,Tin,NA,320,5.768320995793772,0.08985632912186114,0.00807415988325623,21.704090909090908
2021-01-01,tin,Tin,NA,337.6,5.821861762721802,0.05354076692802997,0.00286661372324162,23.288947368421052
2021-02-01,tin,Tin,NA,453.75,6.11754638557906,0.2956846228572584,0.08742939619423913,21.877894736842105
2021-03-01,tin,Tin,NA,458,6.126869184114185,0.00932279853512436,8.691457252651695e-5,21.119565217391305
2021-04-01,tin,Tin,NA,478,6.169610732491456,0.04274154837727111,0.0018268399576866,16.409523809523808
2021-05-01,tin,Tin,NA,527.5,6.268148865350222,0.0985381328587656,0.00970976362729173,18.599
2021-06-01,tin,Tin,NA,550,6.309918278226516,0.04176941287629514,0.00174468385203041,14.940454545454545
2021-07-01,tin,Tin,NA,555,6.318968113746434,0.00904983551991785,8.189952293756689e-5,15.47095238095238
2021-08-01,tin,Tin,NA,555,6.318968113746434,0,0,15.008181818181818
2021-09-01,tin,Tin,NA,573.75,6.352193761374755,0.03322564762832038,0.00110394366032131,17.5625
1990-01-01,wheat_us_hrw,wheat_us_hrw,NA,167.92,5.1234876755123775,0.01990863577338374,3.963537783572548e-4,23.49909090909091
1990-02-01,wheat_us_hrw,wheat_us_hrw,NA,160.94,5.081031624717987,-0.04245605079439076,0.00180251624905588,23.326842105263157
1990-03-01,wheat_us_hrw,wheat_us_hrw,NA,156.53,5.053247684900132,-0.02778393981785516,7.719473118021976e-4,18.831363636363637
1990-04-01,wheat_us_hrw,wheat_us_hrw,NA,159.47,5.071855816759881,0.01860813185974932,3.462625713098177e-4,20.4575
1990-05-01,wheat_us_hrw,wheat_us_hrw,NA,149.18,5.005153630527017,-0.0667021862328636,0.00444918164824361,18.151818181818182
1990-06-01,wheat_us_hrw,wheat_us_hrw,NA,135.58,4.909561872002819,-0.09559175852419764,0.00913778429774851,17.582857142857144
1990-07-01,wheat_us_hrw,wheat_us_hrw,NA,124.93,4.827753580443738,-0.0818082915590817,0.00669259656781571,18.93285714285714
1990-08-01,wheat_us_hrw,wheat_us_hrw,NA,116.84,4.76080547751954,-0.06694810292419766,0.00448204848514896,27.77521739130435
1990-09-01,wheat_us_hrw,wheat_us_hrw,NA,114.27,4.738564069158622,-0.0222414083609179,4.94680245877109e-4,28.818947368421053
1990-10-01,wheat_us_hrw,wheat_us_hrw,NA,114.64,4.741796783519916,0.00323271436129398,1.0450442141716377e-5,30.130434782608695
1990-11-01,wheat_us_hrw,wheat_us_hrw,NA,112.8,4.725616339063959,-0.01618044445595789,2.618067827923385e-4,25.106666666666666
1990-12-01,wheat_us_hrw,wheat_us_hrw,NA,113.17,4.72889111297785,0.00327477391389169,1.0724144187105527e-5,22.5845
1991-01-01,wheat_us_hrw,wheat_us_hrw,NA,111.33,4.712498763740616,-0.01639234923723437,2.687091135154584e-4,26.93181818181818
1991-02-01,wheat_us_hrw,wheat_us_hrw,NA,113.91,4.735408662911821,0.02290989917120478,5.248634800347698e-4,22.11263157894737
1991-03-01,wheat_us_hrw,wheat_us_hrw,NA,119.42,4.782646691118846,0.04723802820702583,0.00223143130888776,19.041052631578943
1991-04-01,wheat_us_hrw,wheat_us_hrw,NA,120.89,4.794881041213901,0.01223435009505408,1.4967932224834989e-4,18.92727272727273
1991-05-01,wheat_us_hrw,wheat_us_hrw,NA,121.99,4.803939074160646,0.00905803294674563,8.204796086432949e-5,17.180454545454545
1991-06-01,wheat_us_hrw,wheat_us_hrw,NA,120.15,4.788740962182478,-0.0151981119781682,2.3098260770093996e-4,17.575
1991-07-01,wheat_us_hrw,wheat_us_hrw,NA,118.31,4.7733082982655715,-0.01543266391690656,2.381671155721899e-4,17.669545454545453
1991-08-01,wheat_us_hrw,wheat_us_hrw,NA,125.3,4.8307108619020225,0.05740256363645109,0.00329505431203681,15.932727272727272
1991-09-01,wheat_us_hrw,wheat_us_hrw,NA,135.22,4.906903081662532,0.076192219760509175,0.00580525435203372,17.029
1991-10-01,wheat_us_hrw,wheat_us_hrw,NA,146.97,4.990228484318593,0.08332540265606132,0.00694312272779475,16.846363636363638
1991-11-01,wheat_us_hrw,wheat_us_hrw,NA,149.55,5.007630785075957,0.01740230075736392,3.02840071649749e-4,17.6815
1991-12-01,wheat_us_hrw,wheat_us_hrw,NA,160.94,5.081031624717987,0.07340083964202972,0.00538768326015496,18.018571428571427
1992-01-01,wheat_us_hrw,wheat_us_hrw,NA,170.12,5.136504070385433,0.05547244566744615,0.00307719222832776,17.499545454545455
1992-02-01,wheat_us_hrw,wheat_us_hrw,NA,177.1,5.176714544788788,0.04021047440335498,0.00161688225174286,17.050526315789472
1992-03-01,wheat_us_hrw,wheat_us_hrw,NA,169.39,5.1322037485982905,-0.04451079619049737,0.00198121097751199,16.222727272727273
1992-04-01,wheat_us_hrw,wheat_us_hrw,NA,159.83,5.074110750380562,-0.05809299821772827,0.00337479644192498,16.18857142857143
1992-05-01,wheat_us_hrw,wheat_us_hrw,NA,149.55,5.007630785075957,-0.06647996530460508,0.00441958578690149,14.728
1992-06-01,wheat_us_hrw,wheat_us_hrw,NA,148.81,5.002670324441959,-0.00496046063399825,2.4606169701446324e-5,14.75318181818182
1992-07-01,wheat_us_hrw,wheat_us_hrw,NA,136.32,4.915005063081005,-0.08766526136095333,0.00768519804948425,13.303636363636365
1992-08-01,wheat_us_hrw,wheat_us_hrw,NA,128.24,4.853903508301298,-0.06110155477970802,0.00373339999649766,14.422380952380951
1992-09-01,wheat_us_hrw,wheat_us_hrw,NA,138.89,4.9336822529281275,0.07977874462682989,0.00636464809423294,14.258571428571427
1992-10-01,wheat_us_hrw,wheat_us_hrw,NA,140.73,4.946843161008476,0.01316090808034878,1.7320950149938996e-4,17.478636363636365
1992-11-01,wheat_us_hrw,wheat_us_hrw,NA,147.71,4.995250892052509,0.04840773104403216,0.00234330842483135,14.594
1992-12-01,wheat_us_hrw,wheat_us_hrw,NA,147.71,4.995250892052509,0,0,12.781363636363636
1993-01-01,wheat_us_hrw,wheat_us_hrw,NA,155.79,5.048508946524337,0.05325805447182875,0.00283642036612427,12.5745
1993-02-01,wheat_us_hrw,wheat_us_hrw,NA,148.81,5.002670324441959,-0.04583862208237827,0.00210117927441109,13.505263157894737
1993-03-01,wheat_us_hrw,wheat_us_hrw,NA,148.08,4.9977526682652424,-0.0049176561767167604,2.4183342272400515e-5,13.657391304347826
1993-04-01,wheat_us_hrw,wheat_us_hrw,NA,141.83,4.954629157306516,-0.04312351095872592,0.00185963719740735,13.49952380952381
1993-05-01,wheat_us_hrw,wheat_us_hrw,NA,136.69,4.917715588164562,-0.03691356914195472,0.00136261158679787,13.535
1993-06-01,wheat_us_hrw,wheat_us_hrw,NA,121.99,4.803939074160646,-0.11377651400391547,0.01294509513888317,13.002272727272729
1993-07-01,wheat_us_hrw,wheat_us_hrw,NA,127.5,4.848116364598481,0.04417729043783465,0.00195163299042879,11.99952380952381
1993-08-01,wheat_us_hrw,wheat_us_hrw,NA,129.71,4.865301189352582,0.01718482475410096,2.953182018291614e-4,11.952272727272728
1993-09-01,wheat_us_hrw,wheat_us_hrw,NA,131.17,4.876494191827054,0.01119300247447255,1.2528330439354863e-4,12.621428571428572
1993-10-01,wheat_us_hrw,wheat_us_hrw,NA,135.95,4.9122871710784795,0.03579297925142549,0.00128113736369297,11.377142857142855
1993-11-01,wheat_us_hrw,wheat_us_hrw,NA,146.61,4.987775999950173,0.07548882887169352,0.00569856328441982,13.370952380952382
1993-12-01,wheat_us_hrw,wheat_us_hrw,NA,158.73,5.06720464558415,0.07942864563397678,0.00630890974724785,10.864545454545455
1994-01-01,wheat_us_hrw,wheat_us_hrw,NA,153.22,5.031874797088675,-0.03532984849547513,0.00124819819471322,10.605238095238096
1994-02-01,wheat_us_hrw,wheat_us_hrw,NA,146.97,4.990228484318593,-0.04164631277008174,0.00173441536734347,12.885263157894736
1994-03-01,wheat_us_hrw,wheat_us_hrw,NA,141.1,4.9494688588587685,-0.04075962545982487,0.0016613470676252,14.240869565217391
1994-04-01,wheat_us_hrw,wheat_us_hrw,NA,140.36,4.944210550715014,-0.00525830814375383,2.7649804534667893e-5,15.334736842105263
1994-05-01,wheat_us_hrw,wheat_us_hrw,NA,139.99,4.941570991486734,-0.00263955922828056,6.967272919601079e-6,13.39
1994-06-01,wheat_us_hrw,wheat_us_hrw,NA,139.26,4.936342689514401,-0.00522830197233333,2.7335141513904675e-5,12.94590909090909
1994-07-01,wheat_us_hrw,wheat_us_hrw,NA,137.42,4.92304192960293,-0.01330075991147078,1.769102142225882e-4,12.1635
1994-08-01,wheat_us_hrw,wheat_us_hrw,NA,145.87,4.982715814098122,0.05967388449519218,0.00356097249074553,11.39304347826087
1994-09-01,wheat_us_hrw,wheat_us_hrw,NA,158.73,5.06720464558415,0.08448883148602816,0.00713836264587446,12.612380952380953
1994-10-01,wheat_us_hrw,wheat_us_hrw,NA,167.18,5.11907107627101,0.05186643068686017,0.00269012663219487,15.04952380952381
1994-11-01,wheat_us_hrw,wheat_us_hrw,NA,162.04,5.0878432183344895,-0.03122785793652032,9.751791113034956e-4,16.249523809523808
1994-12-01,wheat_us_hrw,wheat_us_hrw,NA,164.61,5.103579039738994,0.0157358214045041,2.4761607527444963e-4,13.806666666666668
1995-01-01,wheat_us_hrw,wheat_us_hrw,NA,156.16,5.050881122664783,-0.0526979170742115,0.00277707046396047,11.711904761904762
1995-02-01,wheat_us_hrw,wheat_us_hrw,NA,154.32,5.0390283685974735,-0.01185275406730873,1.404877789801038e-4,11.197368421052632
1995-03-01,wheat_us_hrw,wheat_us_hrw,NA,150.28,5.0125002207057685,-0.02652814789170543,7.037426305641953e-4,11.971304347826086
1995-04-01,wheat_us_hrw,wheat_us_hrw,NA,148.81,5.002670324441959,-0.00982989626380927,9.66268605572516e-5,12.51684210526316
1995-05-01,wheat_us_hrw,wheat_us_hrw,NA,158.73,5.06720464558415,0.06453432114219099,0.00416467860528343,12.458636363636364
1995-06-01,wheat_us_hrw,wheat_us_hrw,NA,170.12,5.136504070385433,0.06929942480128289,0.00480241027778866,13.17909090909091
1995-07-01,wheat_us_hrw,wheat_us_hrw,NA,190.7,5.250701512606374,0.11419744222094048,0.01304105580980503,14.0765
1995-08-01,wheat_us_hrw,wheat_us_hrw,NA,184.45,5.217378424042685,-0.03332308856368879,0.00111042823142344,13.348695652173912
1995-09-01,wheat_us_hrw,wheat_us_hrw,NA,193.64,5.266000765071493,0.04862234102880886,0.00236413204712178,12.237
1995-10-01,wheat_us_hrw,wheat_us_hrw,NA,203.73,5.31679558779381,0.05079482272231612,0.00258011401539152,14.237727272727271
1995-11-01,wheat_us_hrw,wheat_us_hrw,NA,203.93,5.317776797704256,9.812099104460183e-4,9.627728883574835e-7,12.971904761904762
1995-12-01,wheat_us_hrw,wheat_us_hrw,NA,208.92,5.341951403568098,0.02417460586384207,5.844115686721077e-4,12.288
1996-01-01,wheat_us_hrw,wheat_us_hrw,NA,206.88,5.332138915023547,-0.0098124885445506,9.628493143693682e-5,14.150454545454544
1996-02-01,wheat_us_hrw,wheat_us_hrw,NA,218.89,5.388569320525063,0.05643040550151586,0.00318439066506551,16.238
1996-03-01,wheat_us_hrw,wheat_us_hrw,NA,215.32,5.372125293692757,-0.0164440268323067,2.7040601846162296e-4,19.081904761904763
1996-04-01,wheat_us_hrw,wheat_us_hrw,NA,257.61,5.551446813352503,0.17932151965974655,0.03215620741308087,17.512857142857143
1996-05-01,wheat_us_hrw,wheat_us_hrw,NA,262.11,5.568764262978113,0.01731744962560977,2.9989406153553213e-4,16.96681818181818
1996-06-01,wheat_us_hrw,wheat_us_hrw,NA,227.34,5.426446694258565,-0.1423175687195485,0.02025429036624341,17.6755
1996-07-01,wheat_us_hrw,wheat_us_hrw,NA,202.6,5.311233591814583,-0.11521310244398147,0.01327405897476737,19.341818181818184
1996-08-01,wheat_us_hrw,wheat_us_hrw,NA,191.63,5.255566429480404,-0.05566716233417916,0.00309883296233985,16.478181818181817
1996-09-01,wheat_us_hrw,wheat_us_hrw,NA,178.71,5.185764380308706,-0.06980204917169798,0.00487232606856814,17.2785
1996-10-01,wheat_us_hrw,wheat_us_hrw,NA,178,5.181783550292085,-0.00398083001662068,1.5847007621228273e-5,17.401304347826088
1996-11-01,wheat_us_hrw,wheat_us_hrw,NA,176.41,5.172810831308315,-0.00897271898377064,8.050968596171804e-5,17.1635
1996-12-01,wheat_us_hrw,wheat_us_hrw,NA,175.7,5.168777995193051,-0.004032836115263,1.6263767132569636e-5,20.118
1997-01-01,wheat_us_hrw,wheat_us_hrw,NA,175.73,5.168948726206755,1.7073101370326566e-4,2.9149079040144687e-8,21.031363636363636
1997-02-01,wheat_us_hrw,wheat_us_hrw,NA,172.35,5.149527292962874,-0.01942143324388035,3.77192069246501e-4,21.647894736842105
1997-03-01,wheat_us_hrw,wheat_us_hrw,NA,176.61,5.17394391170828,0.02441661874540544,5.961712709584843e-4,22.3035
1997-04-01,wheat_us_hrw,wheat_us_hrw,NA,183.49,5.212160170096862,0.03821625838858242,0.0014604824052228901,21.507727272727273
1997-05-01,wheat_us_hrw,wheat_us_hrw,NA,172.59,5.150918839543312,-0.06124133055355046,0.00375050056796923,21.927619047619046
1997-06-01,wheat_us_hrw,wheat_us_hrw,NA,148.39,4.999843943018035,-0.1510748965252768,0.02282362436012309,22.743333333333332
1997-07-01,wheat_us_hrw,wheat_us_hrw,NA,136.21,4.914197812459251,-0.0856461305587846,0.00733525967969237,23.24772727272727
1997-08-01,wheat_us_hrw,wheat_us_hrw,NA,150.61,5.014693714223758,0.10049590176450704,0.01009942627146145,25.153809523809525
1997-09-01,wheat_us_hrw,wheat_us_hrw,NA,151.74,5.022168529909929,0.00747481568617156,5.587286954223653e-5,25.59285714285714
1997-10-01,wheat_us_hrw,wheat_us_hrw,NA,151.59,5.021179507971927,-9.890219380019668e-4,9.78164393849166e-7,25.615652173913045
1997-11-01,wheat_us_hrw,wheat_us_hrw,NA,149.88,5.009834973925487,-0.01134453404644028,1.286984527308429e-4,31.545263157894738
1997-12-01,wheat_us_hrw,wheat_us_hrw,NA,144.62,4.974109612746806,-0.0357253611786808,0.00127630143134719,26.473181818181818
1998-01-01,wheat_us_hrw,wheat_us_hrw,NA,137.1,4.920710586568268,-0.0533990261785371,0.00285145599681609,24.4275
1998-02-01,wheat_us_hrw,wheat_us_hrw,NA,140.05,4.941999501706118,0.02128891513784901,4.532179077465368e-4,20.386315789473684
1998-03-01,wheat_us_hrw,wheat_us_hrw,NA,138.92,4.933898227875873,-0.00810127383024442,6.563063767260316e-5,20.543181818181814
1998-04-01,wheat_us_hrw,wheat_us_hrw,NA,130.15,4.868687631440574,-0.0652105964352988,0.0042524218874474,22.53809523809524
1998-05-01,wheat_us_hrw,wheat_us_hrw,NA,128.92,4.859192056947237,-0.00949557449333741,9.016593495852006e-5,21.4485
1998-06-01,wheat_us_hrw,wheat_us_hrw,NA,120.64,4.792810904259646,-0.06638115268759105,0.00440645743213327,21.996363636363636
1998-07-01,wheat_us_hrw,wheat_us_hrw,NA,118.9,4.778282803696737,-0.01452810056290974,2.110657059660184e-4,20.25181818181818
1998-08-01,wheat_us_hrw,wheat_us_hrw,NA,107.95,4.681668156960816,-0.09661464673591988,0.00933438996390659,31.48857142857143
1998-09-01,wheat_us_hrw,wheat_us_hrw,NA,107.93,4.681482868837255,-1.8528812356139043e-4,3.4331688732901093e-8,39.247142857142855
1998-10-01,wheat_us_hrw,wheat_us_hrw,NA,126.54,4.840558463718739,0.15907559488148337,0.02530504488689781,37.45409090909091
1998-11-01,wheat_us_hrw,wheat_us_hrw,NA,130.21,4.869148531740637,0.02859006802189878,8.173919894967995e-4,25.038
1998-12-01,wheat_us_hrw,wheat_us_hrw,NA,126.21,4.837947186270539,-0.03120134547009783,9.735239591443945e-4,25.47681818181818
1999-01-01,wheat_us_hrw,wheat_us_hrw,NA,125.29,4.830631050257462,-0.00731613601307779,5.3525846161853774e-5,28.616842105263157
1999-02-01,wheat_us_hrw,wheat_us_hrw,NA,117.03,4.762430312186675,-0.0682007380707865,0.00465134067340002,29.93842105263158
1999-03-01,wheat_us_hrw,wheat_us_hrw,NA,117.34,4.765075703497714,0.00264539131103891,6.998095188520187e-6,26.475652173913044
1999-04-01,wheat_us_hrw,wheat_us_hrw,NA,113.87,4.7350574468225135,-0.03001825667520017,9.010957338182e-4,24.693809523809524
1999-05-01,wheat_us_hrw,wheat_us_hrw,NA,113,4.727387818712341,-0.00766962811017313,5.882319534835788e-5,27.3765
1999-06-01,wheat_us_hrw,wheat_us_hrw,NA,111.41,4.713217090071225,-0.01417072864111548,2.008095502201306e-4,24.123636363636365
1999-07-01,wheat_us_hrw,wheat_us_hrw,NA,103.02,4.6349231441374394,-0.07829394593378605,0.00612994196988261,21.486666666666668
1999-08-01,wheat_us_hrw,wheat_us_hrw,NA,111.3,4.712229258281499,0.07730611414405991,0.00597623528405442,24.90909090909091
1999-09-01,wheat_us_hrw,wheat_us_hrw,NA,113.19,4.729067822644328,0.01683856436282974,2.835372498011598e-4,25.58
1999-10-01,wheat_us_hrw,wheat_us_hrw,NA,108.1,4.683056724645162,-0.04601109799916624,0.00211702113908888,25.37
1999-11-01,wheat_us_hrw,wheat_us_hrw,NA,108.8,4.689511334421843,0.00645460977667969,4.166198736920907e-5,22.22952380952381
1999-12-01,wheat_us_hrw,wheat_us_hrw,NA,102.16,4.626540211724284,-0.0629711226975584,0.00396536229379095,23.222272727272728
2000-01-01,wheat_us_hrw,wheat_us_hrw,NA,105.83,4.661834033105633,0.03529382138134937,0.00124565382769859,24.9385
2000-02-01,wheat_us_hrw,wheat_us_hrw,NA,107.93,4.681482868837255,0.01964883573162201,3.8607674560826595e-4,25.456
2000-03-01,wheat_us_hrw,wheat_us_hrw,NA,105.7,4.660604892876192,-0.02087797596106306,4.3588988023072713e-4,24.810434782608695
2000-04-01,wheat_us_hrw,wheat_us_hrw,NA,105.11,4.655007420835263,-0.00559747204092896,3.1331693248981524e-5,29.833157894736843
2000-05-01,wheat_us_hrw,wheat_us_hrw,NA,112.14,4.719748090695527,0.06474066986026356,0.00419135433395563,29.42909090909091
2000-06-01,wheat_us_hrw,wheat_us_hrw,NA,113.51,4.731890938767248,0.01214284807172156,1.4744875929291218e-4,24.31772727272727
2000-07-01,wheat_us_hrw,wheat_us_hrw,NA,108.98,4.691164379154952,-0.04072655961229575,0.00165865265785387,22.66
2000-08-01,wheat_us_hrw,wheat_us_hrw,NA,108.36,4.685459017216894,-0.00570536193805793,3.2551154844240166e-5,20.484347826086957
2000-09-01,wheat_us_hrw,wheat_us_hrw,NA,117.49,4.766353223579481,0.0808942063625868,0.00654387262303277,22.3365
2000-10-01,wheat_us_hrw,wheat_us_hrw,NA,128.18,4.853435526076081,0.08708230249659973,0.0075833274081093,28.21409090909091
2000-11-01,wheat_us_hrw,wheat_us_hrw,NA,127.73,4.849918661054685,-0.00351686502139538,1.2368339578714351e-5,29.21190476190476
2000-12-01,wheat_us_hrw,wheat_us_hrw,NA,128.09,4.852733141843045,0.00281448078835925,7.921302108043352e-6,30.1045
2001-01-01,wheat_us_hrw,wheat_us_hrw,NA,132.84,4.889145396508546,0.03641225466550104,0.0013258522898253,27.83
2001-02-01,wheat_us_hrw,wheat_us_hrw,NA,128.11,4.852889269868342,-0.03625612664020344,0.00131450671895047,26.159473684210525
2001-03-01,wheat_us_hrw,wheat_us_hrw,NA,130.2,4.869071729774468,0.01618245990612634,2.6187200861338677e-4,32.42318181818182
2001-04-01,wheat_us_hrw,wheat_us_hrw,NA,129.67,4.864992761560793,-0.00407896821367599,1.663798168817916e-5,32.245
2001-05-01,wheat_us_hrw,wheat_us_hrw,NA,134.86,4.904237203306436,0.03924444174564322,0.00154012620792718,26.095
2001-06-01,wheat_us_hrw,wheat_us_hrw,NA,127.23,4.845996472154609,-0.05824073115182694,0.00339198276509938,23.30047619047619
2001-07-01,wheat_us_hrw,wheat_us_hrw,NA,123.79,4.818586581543719,-0.0274098906108901,7.513021033009616e-4,24.85904761904762
2001-08-01,wheat_us_hrw,wheat_us_hrw,NA,121.92,4.803365091938336,-0.0152214896053828,2.316937458067768e-4,24.260434782608694
2001-09-01,wheat_us_hrw,wheat_us_hrw,NA,122.03,4.804266916143749,9.01824205412026e-4,8.132868974670319e-7,38.55133333333333
2001-10-01,wheat_us_hrw,wheat_us_hrw,NA,123.34,4.814944769563347,0.01067785341959871,1.1401655365043588e-4,34.44695652173913
2001-11-01,wheat_us_hrw,wheat_us_hrw,NA,125.27,4.8304714078561,0.01552663829275373,2.4107649667400673e-4,28.25428571428571
2001-12-01,wheat_us_hrw,wheat_us_hrw,NA,122.44,4.807621114077212,-0.02285029377888881,5.221359257815248e-4,24.5395
2002-01-01,wheat_us_hrw,wheat_us_hrw,NA,125.31,4.830790667177194,0.0231695530999819,5.368281908528809e-4,23.615238095238094
2002-02-01,wheat_us_hrw,wheat_us_hrw,NA,123.28,4.814458191011861,-0.01633247616533338,2.667497776911832e-4,24.66842105263158
2002-03-01,wheat_us_hrw,wheat_us_hrw,NA,122.54,4.8084375072975085,-0.00602068371435181,3.624863238826115e-5,21.014
2002-04-01,wheat_us_hrw,wheat_us_hrw,NA,123.72,4.818020947816869,0.00958344051936023,9.184233218811562e-5,21.814545454545453
2002-05-01,wheat_us_hrw,wheat_us_hrw,NA,121.46,4.799584990469429,-0.01843595734743963,3.3988452331661334e-4,22.63
2002-06-01,wheat_us_hrw,wheat_us_hrw,NA,132.03,4.88302916949111,0.08344417902168054,0.00696293101260227,28.599
2002-07-01,wheat_us_hrw,wheat_us_hrw,NA,149.31,5.006024681538572,0.12299551204746276,0.01512789598381755,38.49727272727273
2002-08-01,wheat_us_hrw,wheat_us_hrw,NA,161.26,5.0830179692568755,0.07699328771830333,0.00592796635367343,37.25272727272727
2002-09-01,wheat_us_hrw,wheat_us_hrw,NA,187.84,5.235590536639732,0.1525725673828558,0.02327838831779607,41.656
2002-10-01,wheat_us_hrw,wheat_us_hrw,NA,190.32,5.248706865994702,0.01311632935497053,1.7203809574806183e-4,41.39739130434783
2002-11-01,wheat_us_hrw,wheat_us_hrw,NA,177.38,5.178294323948307,-0.07041254204639595,0.00495792607743547,32.005
2002-12-01,wheat_us_hrw,wheat_us_hrw,NA,162.48,5.090554917272129,-0.08773940667617713,0.00769820348388759,31.830952380952382
2003-01-01,wheat_us_hrw,wheat_us_hrw,NA,149.608,5.008018540046419,-0.08253637722571024,0.00681225356554473,30.66857142857143
2003-02-01,wheat_us_hrw,wheat_us_hrw,NA,150.8382,5.016207739144731,0.00818919909831215,6.706298187179652e-5,36.54052631578948
2003-03-01,wheat_us_hrw,wheat_us_hrw,NA,141.8087,4.954478966235692,-0.06172877290903884,0.00381044140485568,35.194761904761904
2003-04-01,wheat_us_hrw,wheat_us_hrw,NA,138.6155,4.931703913114835,-0.0227750531208572,5.187030446578673e-4,27.14238095238095
2003-05-01,wheat_us_hrw,wheat_us_hrw,NA,141.9618,4.955558007325974,0.02385409421113906,5.690178106338983e-4,22.548571428571428
2003-06-01,wheat_us_hrw,wheat_us_hrw,NA,131.3528,4.877886832996083,-0.07767117432989167,0.00603281132178442,22.34904761904762
2003-07-01,wheat_us_hrw,wheat_us_hrw,NA,131.6174,4.87989922899606,0.00201239599997807,4.0497376607277506e-6,21.206818181818186
2003-08-01,wheat_us_hrw,wheat_us_hrw,NA,148.7172,5.0020465159094325,0.12214728691337194,0.0149199597002976,20.829047619047618
2003-09-01,wheat_us_hrw,wheat_us_hrw,NA,145.623,4.981021090320074,-0.02102542558935794,4.4206852121362786e-4,20.682380952380953
2003-10-01,wheat_us_hrw,wheat_us_hrw,NA,147.4558,4.993528469855591,0.01250737953551682,1.5643454284546506e-4,19.184347826086956
2003-11-01,wheat_us_hrw,wheat_us_hrw,NA,160.5453,5.078576145737665,0.08504767588207347,0.00723310717294222,17.838947368421053
2003-12-01,wheat_us_hrw,wheat_us_hrw,NA,165.5735,5.109415204991339,0.03083905925367381,9.510475756516042e-4,16.375454545454545
2004-01-01,wheat_us_hrw,wheat_us_hrw,NA,166.32713871053,5.113956564168638,0.00454135917729898,2.062394317723771e-5,15.834
2004-02-01,wheat_us_hrw,wheat_us_hrw,NA,161.3914671875,5.083832886950705,-0.03012367721793247,9.07435929130184e-4,15.924736842105265
2004-03-01,wheat_us_hrw,wheat_us_hrw,NA,166.279804218,5.113671936960121,0.02983905000941565,8.903689054644082e-4,17.73304347826087
2004-04-01,wheat_us_hrw,wheat_us_hrw,NA,166.58442673929,5.115502248408458,0.0018303114483367,3.3500399979124004e-6,15.788095238095238
2004-05-01,wheat_us_hrw,wheat_us_hrw,NA,163.73438647875,5.098245520221194,-0.01725672818726398,2.9779466772911147e-4,18.076
2004-06-01,wheat_us_hrw,wheat_us_hrw,NA,154.74334165714,5.041767884190834,-0.05647763603035891,0.00318972337157769,15.045238095238096
2004-07-01,wheat_us_hrw,wheat_us_hrw,NA,150.60093028929,5.0146334925664355,-0.02713439162439912,7.362752088262613e-4,15.668571428571427
2004-08-01,wheat_us_hrw,wheat_us_hrw,NA,141.29480849743,4.950848548020681,-0.06378494454575409,0.00406851915070492,16.592727272727274
2004-09-01,wheat_us_hrw,wheat_us_hrw,NA,151.034855535,5.017510641535082,0.06666209351440022,0.00444383471172264,13.880476190476193
2004-10-01,wheat_us_hrw,wheat_us_hrw,NA,150.14600866071,5.011608211729769,-0.00590242980531261,3.4838677606642686e-5,15.184761904761904
2004-11-01,wheat_us_hrw,wheat_us_hrw,NA,156.56866837624,5.0534946893133865,0.04188647758361782,0.00175447700436291,14.05
2004-12-01,wheat_us_hrw,wheat_us_hrw,NA,153.8743247,5.036136195867855,-0.01735849344553156,3.013172946985623e-4,13.014090909090909
2005-01-01,wheat_us_hrw,wheat_us_hrw,NA,153.59313355875,5.03430711632079,-0.00182907954706443,3.34553198948942e-6,13.512
2005-02-01,wheat_us_hrw,wheat_us_hrw,NA,151.1686798489,5.018396298431699,-0.01591081788909125,2.531541258998263e-4,11.562631578947368
2005-03-01,wheat_us_hrw,wheat_us_hrw,NA,150.985863975,5.017186216373065,-0.00121008205863452,1.4642985886291755e-6,12.880454545454546
2005-04-01,wheat_us_hrw,wheat_us_hrw,NA,140.87698047857,4.9478870306715566,-0.0692991857015082,0.00480237713889211,14.057142857142855
2005-05-01,wheat_us_hrw,wheat_us_hrw,NA,143.33005787571,4.965150067728456,0.01726303705689991,2.9801244842789964e-4,13.17904761904762
2005-06-01,wheat_us_hrw,wheat_us_hrw,NA,141.93077620909,4.955339447253373,-0.0098106204750829,9.624827410611598e-5,11.241818181818182
2005-07-01,wheat_us_hrw,wheat_us_hrw,NA,143.869839885,4.968909001133886,0.01356955388051213,1.841327925161219e-4,10.489
2005-08-01,wheat_us_hrw,wheat_us_hrw,NA,149.35902467283,5.006352969169498,0.03744396803561194,0.00140205074225192,11.985217391304348
2005-09-01,wheat_us_hrw,wheat_us_hrw,NA,159.70865813438,5.073351268744374,0.06699829957487613,0.00448877214592484,11.959047619047618
2005-10-01,wheat_us_hrw,wheat_us_hrw,NA,167.826712725,5.122931975195055,0.04958070645068114,0.00245824645214861,14.582380952380952
2005-11-01,wheat_us_hrw,wheat_us_hrw,NA,161.11635164432,5.082126784996898,-0.04080519019815697,0.00166506354710776,11.606190476190475
2005-12-01,wheat_us_hrw,wheat_us_hrw,NA,164.44104598929,5.1025521229270465,0.02042533793014811,4.1719442956074734e-4,10.923809523809524
2006-01-01,wheat_us_hrw,wheat_us_hrw,NA,167.16073370625,5.118955826815416,0.0164037038883695,2.6908150125730883e-4,11.7115
2006-02-01,wheat_us_hrw,wheat_us_hrw,NA,179.84092587632,5.192072715025703,0.07311688821028786,0.00534607934155573,11.867368421052632
2006-03-01,wheat_us_hrw,wheat_us_hrw,NA,174.43598036625,5.161557799635521,-0.03051491539018324,9.31160061270042e-4,11.19086956521739
2006-04-01,wheat_us_hrw,wheat_us_hrw,NA,180.34605464495,5.194877531007961,0.03331973137244105,0.00111020449873163,11.163684210526316
2006-05-01,wheat_us_hrw,wheat_us_hrw,NA,193.16672228571,5.26355366204458,0.06867613103661882,0.00471641097415883,13.488181818181818
2006-06-01,wheat_us_hrw,wheat_us_hrw,NA,195.164003205,5.273840247162961,0.01028658511838131,1.0581383339770385e-4,15.891363636363636
2006-07-01,wheat_us_hrw,wheat_us_hrw,NA,202.42861353947,5.310387298663779,0.03654705150081729,0.00133568697340339,14.522
2006-08-01,wheat_us_hrw,wheat_us_hrw,NA,189.91466889546,5.246574860203375,-0.06381243846040398,0.00407202730226284,12.560434782608697
2006-09-01,wheat_us_hrw,wheat_us_hrw,NA,195.9815498625,5.278020521445103,0.03144566124172823,9.888296109295293e-4,11.397
2006-10-01,wheat_us_hrw,wheat_us_hrw,NA,212.09408658214,5.3570299808526,0.07900945940749704,0.00624249467586492,10.808636363636364
2006-11-01,wheat_us_hrw,wheat_us_hrw,NA,209.68065367105,5.345585676480008,-0.01144430437259279,1.3097210257254657e-4,10.484285714285717
2006-12-01,wheat_us_hrw,wheat_us_hrw,NA,204.30628759688,5.3196202776440735,-0.0259653988359341,6.742019367091279e-4,10.499
2007-01-01,wheat_us_hrw,wheat_us_hrw,NA,196.06615699737,5.278452137979025,-0.04116813966504808,0.0016948157234809,10.627
2007-02-01,wheat_us_hrw,wheat_us_hrw,NA,199.98225866842,5.2982286559554685,0.01977651797644332,3.91110663272586e-4,10.920526315789472
2007-03-01,wheat_us_hrw,wheat_us_hrw,NA,199.09820044286,5.293798172570539,-0.00443048338492943,1.9629183024135772e-5,14.921363636363637
2007-04-01,wheat_us_hrw,wheat_us_hrw,NA,198.3077916102,5.2898203267871216,-0.00397784578341748,1.5823257076652274e-5,12.246
2007-05-01,wheat_us_hrw,wheat_us_hrw,NA,195.7212822,5.276691617595049,-0.01312870919207224,1.7236300505000233e-4,12.965
2007-06-01,wheat_us_hrw,wheat_us_hrw,NA,223.0391801875,5.407347451935472,0.13065583434042283,0.01707094704719201,14.881904761904762
2007-07-01,wheat_us_hrw,wheat_us_hrw,NA,238.40670983625,5.473978080081407,0.06663062814593516,0.00443964060712188,17.247619047619047
2007-08-01,wheat_us_hrw,wheat_us_hrw,NA,259.72730786209,5.5596322647082035,0.0856541846267967,0.00733663934408137,25.12
2007-09-01,wheat_us_hrw,wheat_us_hrw,NA,326.54486304474,5.788567345233477,0.22893508052527292,0.0524112710951132,22.182105263157897
2007-10-01,wheat_us_hrw,wheat_us_hrw,NA,335.14620304891,5.814566863630169,0.02599951839669268,6.759749568599614e-4,18.859565217391303
2007-11-01,wheat_us_hrw,wheat_us_hrw,NA,321.81330975,5.773971594019936,-0.04059526961023387,0.00164797591472757,26.65714285714286
2007-12-01,wheat_us_hrw,wheat_us_hrw,NA,368.62006231324,5.909766472168116,0.1357948781481799,0.01844024893127902,23.0965
2008-01-01,wheat_us_hrw,wheat_us_hrw,NA,370.6609570425,5.91528778236146,0.0055213101933449,3.048486625113438e-5,27.98952380952381
2008-02-01,wheat_us_hrw,wheat_us_hrw,NA,424.995659055,6.052078954884018,0.1367911725225581,0.01871182488009625,27.1565
2008-03-01,wheat_us_hrw,wheat_us_hrw,NA,439.71609184875,6.08612927285335,0.03405031796933184,0.0011594241538126,29.009
2008-04-01,wheat_us_hrw,wheat_us_hrw,NA,362.22924711171,5.892277290703159,-0.19385198215019095,0.03757859098355795,22.526818181818182
2008-05-01,wheat_us_hrw,wheat_us_hrw,NA,328.76171271686,5.795333210893387,-0.0969440798097724,0.00939815461016352,18.61
2008-06-01,wheat_us_hrw,wheat_us_hrw,NA,348.55307816786,5.853790523245757,0.05845731235237002,0.00341725736746255,23.19142857142857
2008-07-01,wheat_us_hrw,wheat_us_hrw,NA,328.18360435568,5.793573221148781,-0.06021730209697597,0.00362612347183846,25.66227272727273
2008-08-01,wheat_us_hrw,wheat_us_hrw,NA,329.34415053553,5.797103254296006,0.00353003314722503,1.2461134020507475e-5,22.25952380952381
2008-09-01,wheat_us_hrw,wheat_us_hrw,NA,295.55033419286,5.688839158018716,-0.10826409627729022,0.01172111454273836,33.21142857142857
2008-10-01,wheat_us_hrw,wheat_us_hrw,NA,237.38407758587,5.469679409942577,-0.2191597480761384,0.04803099517679646,65.44652173913043
2008-11-01,wheat_us_hrw,wheat_us_hrw,NA,226.8462326625,5.424272398797728,-0.04540701114484925,0.00206179666110846,65.42684210526316
2008-12-01,wheat_us_hrw,wheat_us_hrw,NA,220.1354096,5.3942428551928625,-0.03002954360486531,9.017734891165074e-4,55.07545454545455
2009-01-01,wheat_us_hrw,wheat_us_hrw,NA,239.11426721842,5.476941543191886,0.08269868799902348,0.00683907299675983,44.2915
2009-02-01,wheat_us_hrw,wheat_us_hrw,NA,224.68754205,5.414710735064166,-0.06223080812772003,0.0038726734802291,45.38947368421053
2009-03-01,wheat_us_hrw,wheat_us_hrw,NA,230.981732721,5.442338628265004,0.02762789320083805,7.633004827169135e-4,46.09045454545455
2009-04-01,wheat_us_hrw,wheat_us_hrw,NA,233.47312851686,5.453066989188347,0.01072836092334295,1.150977281015122e-4,38.89857142857143
2009-05-01,wheat_us_hrw,wheat_us_hrw,NA,261.48173459625,5.5663644324851465,0.11329744329679896,0.01283631065759137,32.11
2009-06-01,wheat_us_hrw,wheat_us_hrw,NA,256.6449314908,5.547693540090478,-0.01867089239466855,3.486022228132919e-4,27.935454545454547
2009-07-01,wheat_us_hrw,wheat_us_hrw,NA,224.85038331477,5.415435217972968,-0.13225832211750907,0.01749226376933878,25.924545454545456
2009-08-01,wheat_us_hrw,wheat_us_hrw,NA,210.37290809743,5.3488817087773,-0.06655350919566759,0.00442936958625781,24.306190476190476
2009-09-01,wheat_us_hrw,wheat_us_hrw,NA,191.09332947857,5.252761944716384,-0.09611976406091674,0.0092390090431263,23.85761904761905
2009-10-01,wheat_us_hrw,wheat_us_hrw,NA,198.84886839643,5.292545080897905,0.03978313618152045,0.0015826979244374,23.250454545454545
2009-11-01,wheat_us_hrw,wheat_us_hrw,NA,211.03834934118,5.35203986739359,0.05949478649568592,0.00353962962016725,22.546
2009-12-01,wheat_us_hrw,wheat_us_hrw,NA,206.2514056275,5.329095840355204,-0.02294402703838683,5.264283767382262e-4,19.845454545454544
2010-01-01,wheat_us_hrw,wheat_us_hrw,NA,201.19093202368,5.304254367745115,-0.0248414726100894,6.17098761437822e-4,19.527368421052632
2010-02-01,wheat_us_hrw,wheat_us_hrw,NA,194,5.267858159063328,-0.03639620868178608,0.00132468400640812,21.771052631578947
2010-03-01,wheat_us_hrw,wheat_us_hrw,NA,191.07507175435,5.252666396658643,-0.01519176240468499,2.3078964496040048e-4,16.925217391304347
2010-04-01,wheat_us_hrw,wheat_us_hrw,NA,192.87,5.262016386821705,0.00934999016306194,8.742231604935513e-5,16.136666666666667
2010-05-01,wheat_us_hrw,wheat_us_hrw,NA,181.605588975,5.201837241987666,-0.06017914483403978,0.00362152947295633,30.0335
2010-06-01,wheat_us_hrw,wheat_us_hrw,NA,157.67209847046,5.060517550417245,-0.1413196915704205,0.01997125522555878,28.94090909090909
2010-07-01,wheat_us_hrw,wheat_us_hrw,NA,195.81769059129,5.27718407632809,0.2166665259108449,0.04694438345027482,25.016666666666666
2010-08-01,wheat_us_hrw,wheat_us_hrw,NA,246.24722445586,5.506336008743439,0.22915193241534895,0.05251060812968867,24.15590909090909
2010-09-01,wheat_us_hrw,wheat_us_hrw,NA,271.67359754743,5.604601336691844,0.09826532794840512,0.0096560746768076,21.322380952380954
2010-10-01,wheat_us_hrw,wheat_us_hrw,NA,270.23219586429,5.599281574105974,-0.00531976258586975,2.829987397001968e-5,19.86095238095238
2010-11-01,wheat_us_hrw,wheat_us_hrw,NA,274.08076079559,5.613422810387741,0.01414123628176699,1.9997456357676304e-4,19.395238095238096
2010-12-01,wheat_us_hrw,wheat_us_hrw,NA,306.5201043804,5.725283346635879,0.11186053624813835,0.01251277956972107,16.58681818181818
2011-01-01,wheat_us_hrw,wheat_us_hrw,NA,326.55656760729,5.78860318824959,0.06331984161371078,0.00400940234198542,15.723
2011-02-01,wheat_us_hrw,wheat_us_hrw,NA,348.1203485495,5.852548249154582,0.06394506090499172,0.0040889708141431,15.72
2011-03-01,wheat_us_hrw,wheat_us_hrw,NA,316.74657066378,5.758101992508954,-0.09444625664562764,0.00892009539437176,19.893478260869564
2011-04-01,wheat_us_hrw,wheat_us_hrw,NA,336.12429558105,5.817481018881515,0.05937902637256057,0.00352586877295324,15.208
2011-05-01,wheat_us_hrw,wheat_us_hrw,NA,355.27788556364,5.872900259501489,0.05541924061997444,0.00307129223089462,16.293809523809525
2011-06-01,wheat_us_hrw,wheat_us_hrw,NA,326.42992919659,5.788215313728731,-0.0846849457727584,0.00717154004053503,18.918636363636363
2011-07-01,wheat_us_hrw,wheat_us_hrw,NA,303.88392977625,5.716645818551699,-0.07156949517703134,0.00512219263989511,18.7405
2011-08-01,wheat_us_hrw,wheat_us_hrw,NA,327.06658952609,5.7901637878603776,0.073517969308678,0.00540489181127172,35.068695652173915
2011-09-01,wheat_us_hrw,wheat_us_hrw,NA,315.91622907614,5.755477080581946,-0.03468670727843088,0.00120316766181954,36.64380952380952
2011-10-01,wheat_us_hrw,wheat_us_hrw,NA,289.01083578214,5.666464181465395,-0.08901289911655108,0.0079232962091333,32.00857142857143
2011-11-01,wheat_us_hrw,wheat_us_hrw,NA,281.0064022425,5.638377452855338,-0.02808672861005736,7.888643240150147e-4,31.412380952380953
2011-12-01,wheat_us_hrw,wheat_us_hrw,NA,269.0300071375,5.5948229240775484,-0.04355452877778931,0.00189699697705527,25.03952380952381
2012-01-01,wheat_us_hrw,wheat_us_hrw,NA,274.89317414625,5.6163825645473535,0.02155964046980464,4.648180971872382e-4,18.9415
2012-02-01,wheat_us_hrw,wheat_us_hrw,NA,277.7729592825,5.626804086786619,0.01042152223926567,1.086081257835091e-4,16.691
2012-03-01,wheat_us_hrw,wheat_us_hrw,NA,283.87825408636,5.648545463455962,0.02174137666934306,4.7268745947825504e-4,14.962727272727273
2012-04-01,wheat_us_hrw,wheat_us_hrw,NA,266.32392179211,5.584713319022381,-0.06383214443358108,0.00407454266298955,17.177
2012-05-01,wheat_us_hrw,wheat_us_hrw,NA,264.35872401848,5.577306983909109,-0.00740633511327204,5.485379981008645e-5,20.547272727272727
2012-06-01,wheat_us_hrw,wheat_us_hrw,NA,276.1899195,5.621088743205608,0.04378175929649922,0.00191684244709659,20.750476190476192
2012-07-01,wheat_us_hrw,wheat_us_hrw,NA,345.68794675714,5.8455364801269125,0.22444773692130485,0.05037678660909527,16.954761904761906
2012-08-01,wheat_us_hrw,wheat_us_hrw,NA,349.40035068261,5.856218401370345,0.01068192124343244,1.1410344145089328e-4,14.969130434782608
2012-09-01,wheat_us_hrw,wheat_us_hrw,NA,353.42092377237,5.867659765185475,0.01144136381512886,1.3090480595014017e-4,14.31421052631579
2012-10-01,wheat_us_hrw,wheat_us_hrw,NA,358.195666995,5.881079392945407,0.01341962775993234,1.8008640921514675e-4,15.469047619047618
2012-11-01,wheat_us_hrw,wheat_us_hrw,NA,360.8228394,5.888387088291405,0.00730769534599835,5.340241126992606e-5,17.155714285714286
2012-12-01,wheat_us_hrw,wheat_us_hrw,NA,347.9625549,5.852094873123018,-0.03629221516838771,0.00131712488182855,17.351
2013-01-01,wheat_us_hrw,wheat_us_hrw,NA,335.4697071,5.815531660531907,-0.03656321259110971,0.00133686851498268,13.121904761904762
2013-02-01,wheat_us_hrw,wheat_us_hrw,NA,318.9350556,5.764987494597289,-0.05054416593461826,0.00255471271002622,13.512105263157894
2013-03-01,wheat_us_hrw,wheat_us_hrw,NA,309.7491381,5.735762737938795,-0.02922475665849478,8.540864017482353e-4,12.3915
2013-04-01,wheat_us_hrw,wheat_us_hrw,NA,308.2793913,5.731006486404145,-0.00475625153464926,2.2621928660853477e-5,13.251363636363635
2013-05-01,wheat_us_hrw,wheat_us_hrw,NA,319.669929,5.767288991585569,0.03628250518142331,0.00131642018224,12.914090909090907
2013-06-01,wheat_us_hrw,wheat_us_hrw,NA,313.4235051,5.747555327428618,-0.01973366415695036,3.894175010593075e-4,17.156
2013-07-01,wheat_us_hrw,wheat_us_hrw,NA,304.6050243,5.7190159350722345,-0.02853939235638411,8.144969160716358e-4,13.626818181818182
2013-08-01,wheat_us_hrw,wheat_us_hrw,NA,305.3398977,5.721425574792387,0.0024096397201531,5.806363580939549e-6,13.863636363636363
2013-09-01,wheat_us_hrw,wheat_us_hrw,NA,307.50777423,5.728500368975768,0.0070747941833802,5.005271273719038e-5,14.2915
2013-10-01,wheat_us_hrw,wheat_us_hrw,NA,325.6867049625,5.7859358915611,0.05743552258533251,0.00329883925465024,14.32304347826087
2013-11-01,wheat_us_hrw,wheat_us_hrw,NA,306.75162817895,5.7260383914137725,-0.05989750014732779,0.00358771052389913,11.9565
2013-12-01,wheat_us_hrw,wheat_us_hrw,NA,291.55664720357,5.675234316940313,-0.05080407447345973,0.00258105398310484,12.995238095238095
2014-01-01,wheat_us_hrw,wheat_us_hrw,NA,275.577525,5.618868986467295,-0.05636533047301721,0.00317705047933244,13.057142857142855
2014-02-01,wheat_us_hrw,wheat_us_hrw,NA,292.1121765,5.6771378945912705,0.05826890812397582,0.00339526565396033,14.179473684210526
2014-03-01,wheat_us_hrw,wheat_us_hrw,NA,323.7117327,5.779853405873118,0.1027155112818478,0.0105504762578914,13.592380952380951
2014-04-01,wheat_us_hrw,wheat_us_hrw,NA,324.8140428,5.783252842574583,0.00339943670146378,1.1556169887259002e-5,13.485238095238095
2014-05-01,wheat_us_hrw,wheat_us_hrw,NA,334.7348337,5.813338677196898,0.03008583462231499,9.051574449212878e-4,11.76142857142857
2014-06-01,wheat_us_hrw,wheat_us_hrw,NA,306.4422078,5.725029182295686,-0.08830949490121158,0.00779856688970711,10.298571428571428
2014-07-01,wheat_us_hrw,wheat_us_hrw,NA,280.3542021,5.636053811221396,-0.08897537107428978,0.00791661665780756,10.638636363636364
2014-08-01,wheat_us_hrw,wheat_us_hrw,NA,263.4521139,5.5738716205365595,-0.06218219068483675,0.00386662483836539,12.414761904761905
2014-09-01,wheat_us_hrw,wheat_us_hrw,NA,243.6105321,5.495570770122802,-0.0783008504137577,0.00613102317551766,11.91190476190476
2014-10-01,wheat_us_hrw,wheat_us_hrw,NA,245.4477156,5.503083953473585,0.00751318335078319,5.6447924062485754e-5,16.911304347826086
2014-11-01,wheat_us_hrw,wheat_us_hrw,NA,258.6754368,5.5555741360949815,0.05249018262139655,0.00275521927162756,12.243684210526316
2014-12-01,wheat_us_hrw,wheat_us_hrw,NA,269.6985378,5.5973048085514545,0.04173067245647306,0.00174144902366943,14.90681818181818
2015-01-01,wheat_us_hrw,wheat_us_hrw,NA,248.3872092,5.514988855979903,-0.08231595257155143,0.0067759160477619,17.9875
2015-02-01,wheat_us_hrw,wheat_us_hrw,NA,236.9966715,5.468046096732712,-0.04694275924719167,0.00220362264573979,15.321052631578947
2015-03-01,wheat_us_hrw,wheat_us_hrw,NA,230.7502476,5.441335946405138,-0.02671015032757377,7.134321305215892e-4,15.016818181818184
2015-04-01,wheat_us_hrw,wheat_us_hrw,NA,223.4015136,5.408970661903106,-0.03236528450203166,0.00104751164089745,13.758571428571427
2015-05-01,wheat_us_hrw,wheat_us_hrw,NA,215.3179062,5.3721155695139515,-0.0368550923891543,0.00135829783501309,13.6325
2015-06-01,wheat_us_hrw,wheat_us_hrw,NA,209.8063557,5.346184989592949,-0.02593057992100233,6.723949750394893e-4,14.83090909090909
2015-07-01,wheat_us_hrw,wheat_us_hrw,NA,197.3135079,5.284793874445803,-0.0613911151471456,0.00376886901901009,14.55090909090909
2015-08-01,wheat_us_hrw,wheat_us_hrw,NA,179.6765463,5.191158269411811,-0.09363560503399256,0.00876762653008185,19.58809523809524
2015-09-01,wheat_us_hrw,wheat_us_hrw,NA,172.695249,5.151528474641044,-0.03962979477076783,0.00157052063357317,24.604285714285716
2015-10-01,wheat_us_hrw,wheat_us_hrw,NA,172.709946468,5.15161357740268,8.510276163601421e-5,7.242480038076252e-9,16.977272727272727
2015-11-01,wheat_us_hrw,wheat_us_hrw,NA,177.1044894,5.1767398939875395,0.0251263165848602,6.313317851226212e-4,16.008
2015-12-01,wheat_us_hrw,wheat_us_hrw,NA,189.2299005,5.242962680600676,0.06622278661313583,0.00438545746680892,18.304545454545455
2016-01-01,wheat_us_hrw,wheat_us_hrw,NA,193.2717042,5.264096992674649,0.02113431207397357,4.4665914684010525e-4,24.33105263157895
2016-02-01,wheat_us_hrw,wheat_us_hrw,NA,187.0252803,5.231243796487462,-0.03285319618718711,0.0010793324997138,24.109
2016-03-01,wheat_us_hrw,wheat_us_hrw,NA,191.067084,5.252624591512412,0.02138079502495025,4.571383958989375e-4,16.398636363636363
2016-04-01,wheat_us_hrw,wheat_us_hrw,NA,187.392717,5.2332065056553105,-0.01941808585710151,3.770620583537658e-4,14.347142857142858
2016-05-01,wheat_us_hrw,wheat_us_hrw,NA,171.9603756,5.147264075854586,-0.085942429800724765,0.0073861012400525,14.791904761904762
2016-06-01,wheat_us_hrw,wheat_us_hrw,NA,173.0626857,5.153653873953357,0.00638979809877098,4.0829519743057333e-5,16.635
2016-07-01,wheat_us_hrw,wheat_us_hrw,NA,151.7513571,5.022243372897972,-0.13141050105538496,0.01726871978762733,12.3075
2016-08-01,wheat_us_hrw,wheat_us_hrw,NA,149.1793002,5.005148939538672,-0.01709443335930018,2.922196518755549e-4,11.22391304347826
2016-09-01,wheat_us_hrw,wheat_us_hrw,NA,150.649047,5.014952939635292,0.00980400009662083,9.611841789454134e-5,13.593333333333334
2016-10-01,wheat_us_hrw,wheat_us_hrw,NA,151.7513571,5.022243372897972,0.00729043326267927,5.315041715758036e-5,14.816190476190476
2016-11-01,wheat_us_hrw,wheat_us_hrw,NA,150.649047,5.014952939635292,-0.00729043326267934,5.315041715758139e-5,15.33952380952381
2016-12-01,wheat_us_hrw,wheat_us_hrw,NA,141.8305662,4.9546331494017695,-0.06031979023352268,0.00363847709381617,11.956190476190477
2017-01-01,wheat_us_hrw,wheat_us_hrw,NA,153.2211039,5.031882001735741,0.07724885233397065,0.0059673851869156,10.7905
2017-02-01,wheat_us_hrw,wheat_us_hrw,NA,155.0582874,5.0438010939729505,0.0119190922372105,1.4206475975913165e-4,10.510526315789471
2017-03-01,wheat_us_hrw,wheat_us_hrw,NA,154.323414,5.039050491214353,-0.00475060275859775,2.2568226569996574e-5,10.640869565217391
2017-04-01,wheat_us_hrw,wheat_us_hrw,NA,166.0813884,5.11247795976917,0.07342746855481715,0.00539159313836866,11.57315789473684
2017-05-01,wheat_us_hrw,wheat_us_hrw,NA,180.4114197,5.19523990773146,0.08276194796228946,0.0068495400305127,9.971363636363636
2017-06-01,wheat_us_hrw,wheat_us_hrw,NA,189.5973372,5.244902545418502,0.04966263768704218,0.00246637758203442,9.42318181818182
2017-07-01,wheat_us_hrw,wheat_us_hrw,NA,202.4576217,5.310530589089853,0.06562804367135186,0.00430704011612886,8.8765
2017-08-01,wheat_us_hrw,wheat_us_hrw,NA,171.2255022,5.142981414062585,-0.16754917502726863,0.0280727260523183,10.177391304347823
2017-09-01,wheat_us_hrw,wheat_us_hrw,NA,178.5742362,5.185004403837433,0.04202298977484787,0.00176593166961696,8.6015
2017-10-01,wheat_us_hrw,wheat_us_hrw,NA,175.6347426,5.168406512428395,-0.01659789140903771,2.754899992262079e-4,8.02
2017-11-01,wheat_us_hrw,wheat_us_hrw,NA,179.6765463,5.191158269411811,0.02275175698341602,5.176424458324199e-4,9.127142857142855
2017-12-01,wheat_us_hrw,wheat_us_hrw,NA,184.0857867,5.215401881021804,0.02424361160999263,5.877527038961696e-4,8.8275
2018-01-01,wheat_us_hrw,wheat_us_hrw,NA,192.1693941,5.258377244001862,0.04297536298005815,0.00184688182326775,10.367619047619048
2018-02-01,wheat_us_hrw,wheat_us_hrw,NA,192.1693941,5.258377244001862,0,0,20.133157894736843
2018-03-01,wheat_us_hrw,wheat_us_hrw,NA,192.1693941,5.258377244001862,0,0,18.04904761904762
2018-04-01,wheat_us_hrw,wheat_us_hrw,NA,213.8481594,5.365266227668377,0.10688898366651482,0.01142525482926047,18.777142857142856
2018-05-01,wheat_us_hrw,wheat_us_hrw,NA,213.8481594,5.365266227668377,0,0,13.694545454545455
2018-06-01,wheat_us_hrw,wheat_us_hrw,NA,219.3597099,5.390712893329542,0.02544666566116439,6.47532793271083e-4,12.694761904761904
2018-07-01,wheat_us_hrw,wheat_us_hrw,NA,218.2573998,5.385675099299584,-0.00503779402995718,2.5379368688272212e-5,11.917619047619048
2018-08-01,wheat_us_hrw,wheat_us_hrw,NA,236.6292348,5.466494506041292,0.08081940674170864,0.00653177650608173,10.972608695652172
2018-09-01,wheat_us_hrw,wheat_us_hrw,NA,212.3784126,5.358369648609316,-0.10812485743197615,0.01169098479468517,11.564736842105264
2018-10-01,wheat_us_hrw,wheat_us_hrw,NA,213.4807227,5.36354653678885,0.00517688817953372,2.680017122339603e-5,19.855217391304347
2018-11-01,wheat_us_hrw,wheat_us_hrw,NA,203.5599318,5.315960466684222,-0.04758607010462749,0.00226443406800252,20.95047619047619
2018-12-01,wheat_us_hrw,wheat_us_hrw,NA,211.2761025,5.353165820734289,0.03720535405006672,0.00138423836999081,27.11578947368421
2019-01-01,wheat_us_hrw,wheat_us_hrw,NA,209.8063557,5.346184989592949,-0.0069808311413402,4.873200342390519e-5,20.525238095238095
2019-02-01,wheat_us_hrw,wheat_us_hrw,NA,218.9922732,5.3890364470022885,0.04285145740933958,0.00183624740210444,15.287368421052632
2019-03-01,wheat_us_hrw,wheat_us_hrw,NA,205.764552,5.326732563666134,-0.06230388333615475,0.00388177387876518,14.717619047619047
2019-04-01,wheat_us_hrw,wheat_us_hrw,NA,199.5181281,5.2959050998708745,-0.03082746379525948,9.503325240480342e-4,12.57
2019-05-01,wheat_us_hrw,wheat_us_hrw,NA,199.5181281,5.2959050998708745,0,0,17.937272727272727
2019-06-01,wheat_us_hrw,wheat_us_hrw,NA,206.1319887,5.328516685459635,0.03261158558876079,0.00106351551461307,16.889
2019-07-01,wheat_us_hrw,wheat_us_hrw,NA,196.2111978,5.2791916188971335,-0.04932506656250144,0.00243296219139519,13.022272727272728
2019-08-01,wheat_us_hrw,wheat_us_hrw,NA,181.1462931,5.199304953979629,-0.0798866649175047,0.00638187923164167,20.66590909090909
2019-09-01,wheat_us_hrw,wheat_us_hrw,NA,189.5973372,5.244902545418502,0.04559759143887267,0.00207914034502635,16.092
2019-10-01,wheat_us_hrw,wheat_us_hrw,NA,199.5181281,5.2959050998708745,0.05100255445237279,0.00260126056066725,16.411739130434782
2019-11-01,wheat_us_hrw,wheat_us_hrw,NA,203.1924951,5.314153781459274,0.01824868158839931,3.3301437971478416e-4,12.7645
2019-12-01,wheat_us_hrw,wheat_us_hrw,NA,210.9086658,5.351425176256505,0.0372713947972316,0.0013891568701311,13.598571428571429
2020-01-01,wheat_us_hrw,wheat_us_hrw,NA,224.5038237,5.413892739108534,0.06246756285202893,0.00390219640867218,14.055714285714286
2020-02-01,wheat_us_hrw,wheat_us_hrw,NA,215.3179062,5.3721155695139515,-0.04177716959458269,0.00174533189933452,20.178421052631577
2020-03-01,wheat_us_hrw,wheat_us_hrw,NA,209.0714823,5.34267621406327,-0.02943935545068168,8.666756493515811e-4,63.317727272727275
2020-04-01,wheat_us_hrw,wheat_us_hrw,NA,218.9922732,5.3890364470022885,0.04636023293901883,0.00214927119816008,43.6047619047619
2020-05-01,wheat_us_hrw,wheat_us_hrw,NA,205.764552,5.326732563666134,-0.06230388333615475,0.00388177387876518,31.078
2020-06-01,wheat_us_hrw,wheat_us_hrw,NA,198.415818,5.290364919495259,-0.03636764417087483,0.00132260554253936,29.99681818181818
2020-07-01,wheat_us_hrw,wheat_us_hrw,NA,222.13,5.403262796069531,0.112897876574272,0.01274593053497955,24.80090909090909
2020-08-01,wheat_us_hrw,wheat_us_hrw,NA,223,5.407171771460119,0.00390897539058769,1.5280088604220247e-5,20.337619047619047
2020-09-01,wheat_us_hrw,wheat_us_hrw,NA,247.68,5.5121375904013625,0.10496581894124352,0.01101782314600591,28.017142857142854
2020-10-01,wheat_us_hrw,wheat_us_hrw,NA,272.36,5.607124720614766,0.0949871302134036,0.00902255490617809,30.815
2020-11-01,wheat_us_hrw,wheat_us_hrw,NA,273,5.60947179518496,0.00234707457019372,5.508759038050067e-6,25.357
2020-12-01,wheat_us_hrw,wheat_us_hrw,NA,268.55,5.593037116351469,-0.01643467883349132,2.7009866836000756e-4,21.704090909090908
2021-01-01,wheat_us_hrw,wheat_us_hrw,NA,289.3,5.6674642119820895,0.074427095630621,0.0055393925640096,23.288947368421052
2021-02-01,wheat_us_hrw,wheat_us_hrw,NA,289.4,5.667809814197383,3.4560221529404824e-4,1.194408912161537e-7,21.877894736842105
2021-03-01,wheat_us_hrw,wheat_us_hrw,NA,273.13,5.609947872318446,-0.05786194187893758,0.00334800431800155,21.119565217391305
2021-04-01,wheat_us_hrw,wheat_us_hrw,NA,280.95,5.638176717558207,0.0282288452397615,7.968677035704058e-4,16.409523809523808
2021-05-01,wheat_us_hrw,wheat_us_hrw,NA,297.25,5.694573535570891,0.05639681801268394,0.00318060108195579,18.599
2021-06-01,wheat_us_hrw,wheat_us_hrw,NA,285.55,5.654417145110872,-0.04015639046001925,0.00161253569477752,14.940454545454545
2021-07-01,wheat_us_hrw,wheat_us_hrw,NA,294.27,5.684497713244334,0.03008056813346204,9.048405792318524e-4,15.47095238095238
2021-08-01,wheat_us_hrw,wheat_us_hrw,NA,324.52,5.782347167526864,0.0978494542825304,0.009574515703389,15.008181818181818
2021-09-01,wheat_us_hrw,wheat_us_hrw,NA,337.55,5.821713647487879,0.0393664799610153,0.00154971974452101,17.5625
1990-01-01,zinc,Zinc,NA,1297,7.167809184316444,-0.11495199528914894,0.01321396122095652,23.49909090909091
1990-02-01,zinc,Zinc,NA,1396.8,7.241939185085338,0.07413000076889383,0.00549525701399619,23.326842105263157
1990-03-01,zinc,Zinc,NA,1607.4,7.382373245778618,0.1404340606932804,0.01972172540280396,18.831363636363637
1990-04-01,zinc,Zinc,NA,1685.6,7.429876862489979,0.04750361671136105,0.0022565936006599,20.4575
1990-05-01,zinc,Zinc,NA,1774.6,7.481330324401237,0.0514534619112581,0.00264745874265328,18.151818181818182
1990-06-01,zinc,Zinc,NA,1714.8,7.447051734723822,-0.03427858967741536,0.0011750217102726,17.582857142857144
1990-07-01,zinc,Zinc,NA,1637,7.400620577371135,-0.04643115735268708,0.00215585237310998,18.93285714285714
1990-08-01,zinc,Zinc,NA,1615.1,7.387152153244467,-0.01346842412666751,1.8139844845579947e-4,27.77521739130435
1990-09-01,zinc,Zinc,NA,1537.5,7.337912999680673,-0.04923915356379448,0.00242449424367893,28.818947368421053
1990-10-01,zinc,Zinc,NA,1352.6,7.209783945140839,-0.12812905453983345,0.01641705461727161,30.130434782608695
1990-11-01,zinc,Zinc,NA,1277.7,7.152816865597278,-0.05696707954356198,0.00324524815172251,25.106666666666666
1990-12-01,zinc,Zinc,NA,1265.4,7.143143556712784,-0.00967330888449353,9.357290477482152e-5,22.5845
1991-01-01,zinc,Zinc,NA,1206.2,7.095230201016887,-0.0479133556958975,0.00229568965404159,26.93181818181818
1991-02-01,zinc,Zinc,NA,1188.1,7.080110671464242,-0.0151195295526448,2.2860017389329955e-4,22.11263157894737
1991-03-01,zinc,Zinc,NA,1198.6,7.088909488024084,0.00879881655984315,7.741917285377005e-5,19.041052631578943
1991-04-01,zinc,Zinc,NA,1252.9,7.133216143251507,0.04430665522742236,0.00196307969744167,18.92727272727273
1991-05-01,zinc,Zinc,NA,1090.9,6.994758322603711,-0.13845782064779588,0.01917056809853721,17.180454545454545
1991-06-01,zinc,Zinc,NA,1061.6,6.967532483017997,-0.0272258395857135,7.412463411470044e-4,17.575
1991-07-01,zinc,Zinc,NA,1063.1,6.968944447294559,0.0014119642765618,1.993643118286701e-6,17.669545454545453
1991-08-01,zinc,Zinc,NA,1046.3,6.953015410387001,-0.01592903690755784,2.5373421680234e-4,15.932727272727272
1991-09-01,zinc,Zinc,NA,1023.2,6.930690250264633,-0.02232516012236862,4.98412774489398e-4,17.029
1991-10-01,zinc,Zinc,NA,991.7,6.899420642192079,-0.03126960807255358,9.777883890111083e-4,16.846363636363638
1991-11-01,zinc,Zinc,NA,1093.3,6.996955924440439,0.09753528224835951,0.00951313128326715,17.6815
1991-12-01,zinc,Zinc,NA,1188,7.080026499922591,0.08307057548215109,0.00690072051093576,18.018571428571427
1992-01-01,zinc,Zinc,NA,1153.7,7.050729447933244,-0.02929705198934619,8.583172552664537e-4,17.499545454545455
1992-02-01,zinc,Zinc,NA,1130.7,7.030592188941199,-0.02013725899204458,4.055091997126803e-4,17.050526315789472
1992-03-01,zinc,Zinc,NA,1214.6,7.102170083463475,0.07157789452227552,0.00512339498424199,16.222727272727273
1992-04-01,zinc,Zinc,NA,1304.3,7.173421777376237,0.07125169391276248,0.00507680388543799,16.18857142857143
1992-05-01,zinc,Zinc,NA,1372.9,7.224680569903559,0.0512587925273219,0.00262746381135903,14.728
1992-06-01,zinc,Zinc,NA,1385.2,7.233599812528267,0.00891924262470769,7.95528889984026e-5,14.75318181818182
1992-07-01,zinc,Zinc,NA,1320.2,7.185538519254671,-0.04806129327359651,0.00230988791113065,13.303636363636365
1992-08-01,zinc,Zinc,NA,1360.4,7.21553405313304,0.02999553387837009,8.997320526484482e-4,14.422380952380951
1992-09-01,zinc,Zinc,NA,1366.9,7.220300681158608,0.00476662802556699,2.272074273412066e-5,14.258571428571427
1992-10-01,zinc,Zinc,NA,1163.6,7.059273926621047,-0.16102675453756088,0.02592961567689988,17.478636363636365
1992-11-01,zinc,Zinc,NA,1046.9,6.953588695325309,-0.10568523129573708,0.01116936811403344,14.594
1992-12-01,zinc,Zinc,NA,1057.9,6.964041089992729,0.01045239466741955,1.0925255428350072e-4,12.781363636363636
1993-01-01,zinc,Zinc,NA,1061.1,6.967061384879544,0.00302029488681546,9.122181203323646e-6,12.5745
1993-02-01,zinc,Zinc,NA,1072.1,6.977374620862194,0.01031323598264942,1.063628364338148e-4,13.505263157894737
1993-03-01,zinc,Zinc,NA,996.1,6.90384765415112,-0.07352696671107402,0.00540621483373138,13.657391304347826
1993-04-01,zinc,Zinc,NA,1004.6,6.912344731315945,0.0084970771648244,7.220032034498029e-5,13.49952380952381
1993-05-01,zinc,Zinc,NA,980.4,6.887960651653957,-0.02438407966198691,5.945833409621238e-4,13.535
1993-06-01,zinc,Zinc,NA,926,6.8308742346461795,-0.05708641700777805,0.00325885900678593,13.002272727272729
1993-07-01,zinc,Zinc,NA,927.6,6.832600605381376,0.00172637073519721,2.9803559153453702e-6,11.99952380952381
1993-08-01,zinc,Zinc,NA,884,6.784457062637643,-0.04814354274373319,0.00231780070791766,11.952272727272728
1993-09-01,zinc,Zinc,NA,874.2,6.773309182429214,-0.01114788020842924,1.2427523314148843e-4,12.621428571428572
1993-10-01,zinc,Zinc,NA,914.9,6.818814769685489,0.04550558725627533,0.00207075847153848,11.377142857142855
1993-11-01,zinc,Zinc,NA,928.4,6.833462674400282,0.0146479047147924,2.1456111253363e-4,13.370952380952382
1993-12-01,zinc,Zinc,NA,974.4,6.881821896955633,0.04835922255535062,0.00233861440615793,10.864545454545455
1994-01-01,zinc,Zinc,NA,996.7,6.904449821973411,0.02262792501777807,5.12022990610187e-4,10.605238095238096
1994-02-01,zinc,Zinc,NA,968.9,6.876161407390958,-0.02828841458245222,8.002343995886958e-4,12.885263157894736
1994-03-01,zinc,Zinc,NA,935.9,6.841508633163211,-0.03465277422774759,0.00120081476167924,14.240869565217391
1994-04-01,zinc,Zinc,NA,923.6,6.828279077480341,-0.0132295556828704,1.750211435661686e-4,15.334736842105263
1994-05-01,zinc,Zinc,NA,955.6,6.862339415451655,0.03406033797131411,0.00116010662272014,13.39
1994-06-01,zinc,Zinc,NA,966.2,6.873370852120306,0.01103143666865194,1.2169259497447872e-4,12.94590909090909
1994-07-01,zinc,Zinc,NA,964,6.871091294610546,-0.00227955750976074,5.196382440306614e-6,12.1635
1994-08-01,zinc,Zinc,NA,944.9,6.851079101788581,-0.02001219282196542,4.004878615435245e-4,11.39304347826087
1994-09-01,zinc,Zinc,NA,992.4,6.900126251817646,0.04904715002906577,0.00240562292597368,12.612380952380953
1994-10-01,zinc,Zinc,NA,1058.5,6.96460809057492,0.06448183875727387,0.00415790752951906,15.04952380952381
1994-11-01,zinc,Zinc,NA,1151.7,7.048994390674862,0.08438630009994184,0.00712104764455744,16.249523809523808
1994-12-01,zinc,Zinc,NA,1114.3,7.015981684053008,-0.03301270662185356,0.00108983879850057,13.806666666666668
1995-01-01,zinc,Zinc,NA,1156.5,7.053153481671494,0.03717179761848557,0.00138174253818964,11.711904761904762
1995-02-01,zinc,Zinc,NA,1032.2,6.9394477257146265,-0.11370575595686704,0.0129289989377226,11.197368421052632
1995-03-01,zinc,Zinc,NA,1022.2,6.929712446334179,-0.00973527938044762,9.477566461536864e-5,11.971304347826086
1995-04-01,zinc,Zinc,NA,1061.4,6.9673440703937946,0.03763162405961551,0.00141613912936423,12.51684210526316
1995-05-01,zinc,Zinc,NA,1036.2,6.943315454380688,-0.02402861601310668,5.77374387505327e-4,12.458636363636364
1995-06-01,zinc,Zinc,NA,1009.6,6.917309491786948,-0.02600596259373923,6.763100904269642e-4,13.17909090909091
1995-07-01,zinc,Zinc,NA,1026.8,6.934202448996985,0.01689295721003659,2.853720033001273e-4,14.0765
1995-08-01,zinc,Zinc,NA,1014.4,6.922052583682961,-0.01214986531402383,1.476192271489194e-4,13.348695652173912
1995-09-01,zinc,Zinc,NA,986.2,6.893859173790026,-0.02819340989293562,7.948683613910802e-4,12.237
1995-10-01,zinc,Zinc,NA,979.1,6.886633782360025,-0.00722539143000011,5.220628131671905e-5,14.237727272727271
1995-11-01,zinc,Zinc,NA,1030.7,6.937993462042747,0.05135967968272151,0.00263781669711175,12.971904761904762
1995-12-01,zinc,Zinc,NA,1018.1,6.92569342411315,-0.01230003792959698,1.512909330695245e-4,12.288
1996-01-01,zinc,Zinc,NA,1019.1,6.9266751638346475,9.817397214978655e-4,9.638128807667066e-7,14.150454545454544
1996-02-01,zinc,Zinc,NA,1035.8,6.942929353989791,0.01625419015514304,2.6419869759954903e-4,16.238
1996-03-01,zinc,Zinc,NA,1063.9,6.96969668052232,0.02676732653252945,7.164897696990552e-4,19.081904761904763
1996-04-01,zinc,Zinc,NA,1045.4,6.952154866278821,-0.01754181424349887,3.0771524695341997e-4,17.512857142857143
1996-05-01,zinc,Zinc,NA,1035.8,6.942929353989791,-0.00922551228903053,8.511007699505343e-5,16.96681818181818
1996-06-01,zinc,Zinc,NA,1008.5,6.916219357394266,-0.02670999659552458,7.13423918132935e-4,17.6755
1996-07-01,zinc,Zinc,NA,1000.1,6.90785527398247,-0.00836408341179602,6.995789131948145e-5,19.341818181818184
1996-08-01,zinc,Zinc,NA,1006.9,6.914631582921569,0.00677630893909886,4.591836283811123e-5,16.478181818181817
1996-09-01,zinc,Zinc,NA,1000.3,6.908055233991135,-0.00657634893043419,4.324836525482291e-5,17.2785
1996-10-01,zinc,Zinc,NA,1003.1,6.91085048388944,0.00279524989830441,7.813421993970837e-6,17.401304347826088
1996-11-01,zinc,Zinc,NA,1046.5,6.953206541886054,0.04235605799661501,0.00179403564901261,17.1635
1996-12-01,zinc,Zinc,NA,1036.3,6.943411956190172,-0.00979458569588273,9.593390895399068e-5,20.118
1997-01-01,zinc,Zinc,NA,1086.5,6.990716799696484,0.04730484350631263,0.00223774821915672,21.031363636363636
1997-02-01,zinc,Zinc,NA,1179.4,7.072761113566404,0.08204431386991957,0.00673126943838587,21.647894736842105
1997-03-01,zinc,Zinc,NA,1254.8,7.1347314763165235,0.06197036275011926,0.00384032585938136,22.3035
1997-04-01,zinc,Zinc,NA,1240.4,7.123189187226294,-0.01154228909022906,1.3322443744242095e-4,21.507727272727273
1997-05-01,zinc,Zinc,NA,1310.5,7.178164022763461,0.054974835537167,0.00302223254233855,21.927619047619046
1997-06-01,zinc,Zinc,NA,1354.2,7.210966153051545,0.03280213028808395,0.00107597975143643,22.743333333333332
1997-07-01,zinc,Zinc,NA,1518,7.325148957955575,0.11418280490403014,0.01303771293575181,23.24772727272727
1997-08-01,zinc,Zinc,NA,1653.5,7.410649532421847,0.08550057446627214,0.00731034823406254,25.153809523809525
1997-09-01,zinc,Zinc,NA,1640.9,7.403000150781104,-0.00764938164074271,5.851303948573175e-5,25.59285714285714
1997-10-01,zinc,Zinc,NA,1280.1,7.154693478862064,-0.2483066719190408,0.06165620331951016,25.615652173913045
1997-11-01,zinc,Zinc,NA,1173,7.067319848653476,-0.08737363020858843,0.00763415125582715,31.545263157894738
1997-12-01,zinc,Zinc,NA,1102.2,7.005063461449135,-0.06225638720434039,0.00387585774773675,26.473181818181818
1998-01-01,zinc,Zinc,NA,1097.2,7.000516759063448,-0.00454670238568679,2.067250258400995e-5,24.4275
1998-02-01,zinc,Zinc,NA,1044,6.950814768442584,-0.04970199062086412,0.00247028787167646,20.386315789473684
1998-03-01,zinc,Zinc,NA,1047.6,6.954257112633557,0.00344234419097269,1.1849733529123482e-5,20.543181818181814
1998-04-01,zinc,Zinc,NA,1097,7.00033446027523,0.0460773476416734,0.00212312196569162,22.53809523809524
1998-05-01,zinc,Zinc,NA,1061.1,6.967061384879544,-0.03327307539568568,0.00110709754628698,21.4485
1998-06-01,zinc,Zinc,NA,1009.8,6.9175075704248155,-0.04955381445472923,0.00245558052701373,21.996363636363636
1998-07-01,zinc,Zinc,NA,1040.3,6.94726441207685,0.0297568416520343,8.854696251042435e-4,20.25181818181818
1998-08-01,zinc,Zinc,NA,1029.8,6.937119887612041,-0.01014452446480857,1.0291137661709968e-4,31.48857142857143
1998-09-01,zinc,Zinc,NA,1000,6.907755278982137,-0.0293646086299039,8.622802399874268e-4,39.247142857142855
1998-10-01,zinc,Zinc,NA,940.5,6.846411648741085,-0.06134363024105197,0.0037630409711509,37.45409090909091
1998-11-01,zinc,Zinc,NA,967.1,6.874301902722918,0.0278902539818324,7.778662671711182e-4,25.038
1998-12-01,zinc,Zinc,NA,959.2,6.866099603713304,-0.00820229900961304,6.727770904309919e-5,25.47681818181818
1999-01-01,zinc,Zinc,NA,932.8,6.838190815596228,-0.02790878811707661,7.78900454163877e-4,28.616842105263157
1999-02-01,zinc,Zinc,NA,1017.3,6.924907337799702,0.08671652220347471,0.00751975522306572,29.93842105263158
1999-03-01,zinc,Zinc,NA,1030,6.937314081223682,0.01240674342397898,1.5392728238844587e-4,26.475652173913044
1999-04-01,zinc,Zinc,NA,1019,6.926577033222725,-0.01073704800095668,1.1528419977484789e-4,24.693809523809524
1999-05-01,zinc,Zinc,NA,1040.3,6.94726441207685,0.02068737885412461,4.279676438540824e-4,27.3765
1999-06-01,zinc,Zinc,NA,1000.5,6.908255154023788,-0.03900925805306138,0.00152172221385033,24.123636363636365
1999-07-01,zinc,Zinc,NA,1072.1,6.977374620862194,0.06911946683840578,0.00477750069602547,21.486666666666668
1999-08-01,zinc,Zinc,NA,1130.6,7.03050374424119,0.0531291233789963,0.00282270375102061,24.90909090909091
1999-09-01,zinc,Zinc,NA,1193.8,7.084896775734549,0.05439303149335911,0.00295860187503755,25.58
1999-10-01,zinc,Zinc,NA,1148.7,7.046386147151359,-0.03851062858319094,0.00148306851387248,25.37
1999-11-01,zinc,Zinc,NA,1147.2,7.045079469845356,-0.0013066773060026,1.7074055820222226e-6,22.22952380952381
1999-12-01,zinc,Zinc,NA,1183.8,7.076484882256625,0.03140541241126864,9.862999287218665e-4,23.222272727272728
2000-01-01,zinc,Zinc,NA,1178.8,7.0722522508635395,-0.00423263139308505,1.791516850972913e-5,24.9385
2000-02-01,zinc,Zinc,NA,1094.9,6.998418313879379,-0.07383393698416037,0.00545145025058096,25.456
2000-03-01,zinc,Zinc,NA,1116.4,7.017864501662167,0.01944618778278778,3.781542192834448e-4,24.810434782608695
2000-04-01,zinc,Zinc,NA,1127.6,7.027846759239957,0.00998225757779019,9.964546634934976e-5,29.833157894736843
2000-05-01,zinc,Zinc,NA,1156.9,7.053499293034843,0.02565253379488594,6.580524900977652e-4,29.42909090909091
2000-06-01,zinc,Zinc,NA,1117.9,7.01920720427628,-0.03429208875856313,0.00117594735142517,24.31772727272727
2000-07-01,zinc,Zinc,NA,1136.2,7.035444640123027,0.01623743584674637,2.636543228772042e-4,22.66
2000-08-01,zinc,Zinc,NA,1169.8,7.064588073008926,0.02914343288589882,8.493396803748889e-4,20.484347826086957
2000-09-01,zinc,Zinc,NA,1224.4,7.110206207071258,0.04561813406233222,0.00208101415532891,22.3365
2000-10-01,zinc,Zinc,NA,1095.9,6.999331222469347,-0.11087498460191098,0.01229326221047399,28.21409090909091
2000-11-01,zinc,Zinc,NA,1059,6.9650803456014065,-0.03425087686794018,0.00117312256622279,29.21190476190476
2000-12-01,zinc,Zinc,NA,1059.8,6.965835490058661,7.551444572552761e-4,5.702431513233655e-7,30.1045
2001-01-01,zinc,Zinc,NA,1033.1,6.9403192698554,-0.02551622020326199,6.510774934613557e-4,27.83
2001-02-01,zinc,Zinc,NA,1020.9,6.928439870174969,-0.01187939968042997,1.4112013676739987e-4,26.159473684210525
2001-03-01,zinc,Zinc,NA,1004.7,6.912444268468269,-0.01599560170670112,2.5585927395941976e-4,32.42318181818182
2001-04-01,zinc,Zinc,NA,969.4,6.8766773234112755,-0.03576694505699299,0.00127927435870995,32.245
2001-05-01,zinc,Zinc,NA,938,6.843749949006225,-0.03292737440505095,0.0010842119852104,26.095
2001-06-01,zinc,Zinc,NA,894.9,6.796711980188812,-0.04703796881741219,0.00221257051046784,23.30047619047619
2001-07-01,zinc,Zinc,NA,852.4,6.748055900224462,-0.04865607996435041,0.00236741411749726,24.85904761904762
2001-08-01,zinc,Zinc,NA,828.1,6.7191339200396545,-0.02892198018480759,8.364809378104028e-4,24.260434782608694
2001-09-01,zinc,Zinc,NA,798.6,6.682860194629121,-0.03627372541053349,0.00131578315515878,38.55133333333333
2001-10-01,zinc,Zinc,NA,761.5,6.635290172335217,-0.04757002229390451,0.00226290702104257,34.44695652173913
2001-11-01,zinc,Zinc,NA,772.9,6.650149674112825,0.01485950177760875,2.208047930787578e-4,28.25428571428571
2001-12-01,zinc,Zinc,NA,754.7,6.626320319290823,-0.02382935482200248,5.67838151232893e-4,24.5395
2002-01-01,zinc,Zinc,NA,793.2,6.676075396645641,0.04975507735481826,0.00247556772258394,23.615238095238094
2002-02-01,zinc,Zinc,NA,771.3,6.648077402939953,-0.02799799370568758,7.838876515437218e-4,24.66842105263158
2002-03-01,zinc,Zinc,NA,819.3,6.708450317147769,0.06037291420781557,0.00364488876994425,21.014
2002-04-01,zinc,Zinc,NA,808.2,6.694809552644373,-0.0136407645033956,1.8607045623709735e-4,21.814545454545453
2002-05-01,zinc,Zinc,NA,769.5,6.645740953278934,-0.04906859936543942,0.002407727443686,22.63
2002-06-01,zinc,Zinc,NA,767.1,6.64261717096525,-0.00312378231368331,9.758015943280662e-6,28.599
2002-07-01,zinc,Zinc,NA,794.9,6.678216320579067,0.03559914961381629,0.00126729945322687,38.49727272727273
2002-08-01,zinc,Zinc,NA,747.6,6.616868075581408,-0.06134824499765917,0.00376360716429281,37.25272727272727
2002-09-01,zinc,Zinc,NA,756.2,6.628305891456833,0.01143781587542475,1.3082363200011854e-4,41.656
2002-10-01,zinc,Zinc,NA,754.7,6.626320319290823,-0.00198557216600978,3.942496826432792e-6,41.39739130434783
2002-11-01,zinc,Zinc,NA,765.3,6.640267913815875,0.01394759452505258,1.9453539303527676e-4,32.005
2002-12-01,zinc,Zinc,NA,797.7,6.681732586917084,0.04146467310120851,0.00171931911539008,31.830952380952382
2003-01-01,zinc,Zinc,NA,781.409,6.661098700343225,-0.02063388657385826,4.2575727514284814e-4,30.66857142857143
2003-02-01,zinc,Zinc,NA,785.15,6.665874782330963,0.00477608198773717,2.2810959153587456e-5,36.54052631578948
2003-03-01,zinc,Zinc,NA,790.952,6.673237283246234,0.00736250091527102,5.42064197273667e-5,35.194761904761904
2003-04-01,zinc,Zinc,NA,754.65,6.626254065605437,-0.0469832176407966,0.00220742273988246,27.14238095238095
2003-05-01,zinc,Zinc,NA,775.65,6.65370138751034,0.02744732190490294,7.53355479751365e-4,22.548571428571428
2003-06-01,zinc,Zinc,NA,790.69,6.672905981975281,0.01920459446494069,3.6881644856283054e-4,22.34904761904762
2003-07-01,zinc,Zinc,NA,827.543,6.718461069647373,0.04555508767209203,0.00207526601281199,21.206818181818186
2003-08-01,zinc,Zinc,NA,817.875,6.706709513189903,-0.01175155645747007,1.3809907917310666e-4,20.829047619047618
2003-09-01,zinc,Zinc,NA,818.182,6.707084805742183,3.752925522805806e-4,1.408444997972723e-7,20.682380952380953
2003-10-01,zinc,Zinc,NA,897.957,6.800122182968633,0.09303737722644947,0.00865595356117666,19.184347826086956
2003-11-01,zinc,Zinc,NA,914.525,6.818404804800072,0.01828262183143944,3.3425426103142616e-4,17.838947368421053
2003-12-01,zinc,Zinc,NA,977.762,6.8852662866362495,0.06686148183617728,0.00447045775332946,16.375454545454545
2004-01-01,zinc,Zinc,NA,1017,6.92461239604856,0.03934610941231054,0.00154811632588551,15.834
2004-02-01,zinc,Zinc,NA,1087.675,6.991797669556909,0.06718527350834859,0.0045138609763916,15.924736842105265
2004-03-01,zinc,Zinc,NA,1105.783,7.0083089603004,0.01651129074349105,2.726227220160934e-4,17.73304347826087
2004-04-01,zinc,Zinc,NA,1032.725,6.939956218770125,-0.06835274153027497,0.00467209727470457,15.788095238095238
2004-05-01,zinc,Zinc,NA,1028.289,6.935651534910594,-0.00430468385953047,1.8530303130502183e-5,18.076
2004-06-01,zinc,Zinc,NA,1021.455,6.928983360423885,-0.00666817448670955,4.4464550985204205e-5,15.045238095238096
2004-07-01,zinc,Zinc,NA,988.318,6.896004508309472,-0.03297885211441265,0.00108760468678429,15.668571428571427
2004-08-01,zinc,Zinc,NA,975.81,6.883267895330866,-0.01273661297860609,1.6222131016679718e-4,16.592727272727274
2004-09-01,zinc,Zinc,NA,975.182,6.88262412024446,-6.437750864065472e-4,4.144463618777574e-7,13.880476190476193
2004-10-01,zinc,Zinc,NA,1064.952,6.970685006705288,0.08806088646082881,0.00775471972426698,15.184761904761904
2004-11-01,zinc,Zinc,NA,1095.636,6.999090295556645,0.02840528885135687,8.068604347290189e-4,14.05
2004-12-01,zinc,Zinc,NA,1180.214,7.073451056948914,0.07436076139226955,0.00552952283483804,13.014090909090909
2005-01-01,zinc,Zinc,NA,1246.375,7.127994617148957,0.05454356020004236,0.00297499995929564,13.512
2005-02-01,zinc,Zinc,NA,1326.175,7.19005413790503,0.06205952075607224,0.00385138411647336,11.562631578947368
2005-03-01,zinc,Zinc,NA,1372.15,7.224134131755866,0.03407999385083721,0.0011614459808731,12.880454545454546
2005-04-01,zinc,Zinc,NA,1300.143,7.170229537400072,-0.05390459435579464,0.00290570529266276,14.057142857142855
2005-05-01,zinc,Zinc,NA,1243.625,7.125785780909524,-0.04444375649054796,0.00197524749099112,13.17904761904762
2005-06-01,zinc,Zinc,NA,1275.727,7.1512714911709425,0.02548571026141858,6.495214275289764e-4,11.241818181818182
2005-07-01,zinc,Zinc,NA,1194.429,7.085423525903435,-0.06584796526750712,0.00433595452987082,10.489
2005-08-01,zinc,Zinc,NA,1298.386,7.16887723364071,0.08345370773727417,0.00696452133509837,11.985217391304348
2005-09-01,zinc,Zinc,NA,1397.523,7.242456662854467,0.07357942921375793,0.00541393240342241,11.959047619047618
2005-10-01,zinc,Zinc,NA,1488.381,7.305444231005341,0.06298756815087277,0.00396743374156084,14.582380952380952
2005-11-01,zinc,Zinc,NA,1610.932,7.384568172478542,0.07912394147320229,0.00626059811425474,11.606190476190475
2005-12-01,zinc,Zinc,NA,1821.825,7.507594024908397,0.1230258524298549,0.01513536036609243,10.923809523809524
2006-01-01,zinc,Zinc,NA,2090.31,7.64506765931859,0.13747363441019247,0.01889900015794725,11.7115
2006-02-01,zinc,Zinc,NA,2219.375,7.704980903697352,0.05991324437876249,0.00358959685198931,11.867368421052632
2006-03-01,zinc,Zinc,NA,2416.913,7.790246385020478,0.0852654813231262,0.00727020230526438,11.19086956521739
2006-04-01,zinc,Zinc,NA,3084.778,8.034234972648056,0.2439885876275781,0.05953043089250036,11.163684210526316
2006-05-01,zinc,Zinc,NA,3565.69,8.17911286250742,0.14487788985936362,0.02098960297010189,13.488181818181818
2006-06-01,zinc,Zinc,NA,3225.682,8.078899679740855,-0.1002131827665657,0.0100426820002051,15.891363636363636
2006-07-01,zinc,Zinc,NA,3339.857,8.113683270682927,0.03478359094207255,0.00120989819882543,14.522
2006-08-01,zinc,Zinc,NA,3347.295,8.115907835958955,0.00222456527602871,4.9486906673127075e-6,12.560434782608697
2006-09-01,zinc,Zinc,NA,3403.024,8.132419727076682,0.01651189111772675,2.726425482836635e-4,11.397
2006-10-01,zinc,Zinc,NA,3822.955,8.248778962766554,0.11635923568987223,0.01353947173033123,10.808636363636364
2006-11-01,zinc,Zinc,NA,4382.227,8.38531232164345,0.13653335887689474,0.01864135808620693,10.484285714285717
2006-12-01,zinc,Zinc,NA,4405.395,8.390585205178695,0.00527288353524579,2.7803300776266237e-5,10.499
2007-01-01,zinc,Zinc,NA,3786.682,8.23924545289461,-0.15133975228408653,0.02290372062140867,10.627
2007-02-01,zinc,Zinc,NA,3309.5,8.104552399558978,-0.13469305333563145,0.01814221861687525,10.920526315789472
2007-03-01,zinc,Zinc,NA,3271.295,8.09294120995914,-0.01161118959983759,1.348197239233767e-4,14.921363636363637
2007-04-01,zinc,Zinc,NA,3557.474,8.176806021434137,0.0838648114749979,0.00703330660373693,12.246
2007-05-01,zinc,Zinc,NA,3831.26,8.250949009795308,0.07414298836116984,0.00549718272312456,12.965
2007-06-01,zinc,Zinc,NA,3602.85,8.189480477908104,-0.06146853188720468,0.00377838041236829,14.881904761904762
2007-07-01,zinc,Zinc,NA,3545.58,8.173457036302777,-0.01602344160532626,2.5675068087930084e-4,17.247619047619047
2007-08-01,zinc,Zinc,NA,3252.523,8.087186281845131,-0.086270754457645,0.00744264307469127,25.12
2007-09-01,zinc,Zinc,NA,2881.4,7.966031566127373,-0.12115471571775924,0.01467846514065105,22.182105263157897
2007-10-01,zinc,Zinc,NA,2975.326,7.998108891808232,0.03207732568085905,0.00102895482283589,18.859565217391303
2007-11-01,zinc,Zinc,NA,2541.318,7.840438123069553,-0.15767076873867955,0.02486007131464616,26.65714285714286
2007-12-01,zinc,Zinc,NA,2353.083,7.763481662223392,-0.07695646084615963,0.0059222968659665,23.0965
2008-01-01,zinc,Zinc,NA,2340.114,7.757954925113784,-0.00552673710960813,3.0544823078719626e-5,27.98952380952381
2008-02-01,zinc,Zinc,NA,2438.143,7.798991962956047,0.04103703784226323,0.00168403847486734,27.1565
2008-03-01,zinc,Zinc,NA,2511.474,7.828625110757457,0.02963314780140914,8.781234486201597e-4,29.009
2008-04-01,zinc,Zinc,NA,2263.795,7.724797887520203,-0.1038272232372542,0.01078009228515862,22.526818181818182
2008-05-01,zinc,Zinc,NA,2182.1,7.688042994857083,-0.03675489266311946,0.00135092213467743,18.61
2008-06-01,zinc,Zinc,NA,1894.476,7.546697562128215,-0.1413454327288685,0.01997853135331108,23.19142857142857
2008-07-01,zinc,Zinc,NA,1852.37,7.524221179269234,-0.02247638285898057,5.051877864234758e-4,25.66227272727273
2008-08-01,zinc,Zinc,NA,1723.275,7.451981829131877,-0.07223935013735745,0.00521852370826772,22.25952380952381
2008-09-01,zinc,Zinc,NA,1735.477,7.459037582549086,0.00705575341720906,4.97836562844574e-5,33.21142857142857
2008-10-01,zinc,Zinc,NA,1302.109,7.171740536622323,-0.2872970459267627,0.0825395925982444,65.44652173913043
2008-11-01,zinc,Zinc,NA,1152.6,7.049775539002566,-0.12196499761975702,0.01487546064438733,65.42684210526316
2008-12-01,zinc,Zinc,NA,1100.571,7.003584415014473,-0.04619112398809324,0.0021336199352834,55.07545454545455
2009-01-01,zinc,Zinc,NA,1187.405,7.079525532708626,0.07594111769415292,0.00576705335663718,44.2915
2009-02-01,zinc,Zinc,NA,1112.075,7.013982918579311,-0.06554261412931449,0.00429583426690421,45.38947368421053
2009-03-01,zinc,Zinc,NA,1216.75,7.103938648713564,0.08995573013425258,0.00809203338398647,46.09045454545455
2009-04-01,zinc,Zinc,NA,1378.85,7.229005097402672,0.12506644868910927,0.0156416165877056,38.89857142857143
2009-05-01,zinc,Zinc,NA,1483.789,7.302354230329915,0.07334913292724125,0.0053800953011781,32.11
2009-06-01,zinc,Zinc,NA,1557.273,7.350691493651128,0.04833726332121402,0.00233649102538438,27.935454545454547
2009-07-01,zinc,Zinc,NA,1578.609,7.364299358512325,0.01360786486119761,1.8517398608061667e-4,25.924545454545456
2009-08-01,zinc,Zinc,NA,1821.675,7.507511686497482,0.14321232798515632,0.02050977088692798,24.306190476190476
2009-09-01,zinc,Zinc,NA,1884.023,7.541164663129731,0.0336529766322488,0.00113252283621068,23.85761904761905
2009-10-01,zinc,Zinc,NA,2071.591,7.636072190072255,0.09490752694252416,0.00900743867034594,23.250454545454545
2009-11-01,zinc,Zinc,NA,2193.381,7.693199467937902,0.0571272778656466,0.00326352587633879,22.546
2009-12-01,zinc,Zinc,NA,2375.952,7.77315347825827,0.079954010320368335,0.00639264376630956,19.845454545454544
2010-01-01,zinc,Zinc,NA,2434.45,7.797476137313674,0.0243226590554038,5.915917435254164e-4,19.527368421052632
2010-02-01,zinc,Zinc,NA,2156.9,7.676427284628328,-0.1210488526853454,0.01465282473643845,21.771052631578947
2010-03-01,zinc,Zinc,NA,2275.065,7.729763902405467,0.05333661777713839,0.00284479479590455,16.925217391304347
2010-04-01,zinc,Zinc,NA,2366.675,7.769241295481859,0.03947739307639177,0.00155846456410794,16.136666666666667
2010-05-01,zinc,Zinc,NA,1968.368,7.584960052001317,-0.18428124348054176,0.03395957669873472,30.0335
2010-06-01,zinc,Zinc,NA,1742.841,7.463271819328058,-0.12168823267325952,0.01480802597114134,28.94090909090909
2010-07-01,zinc,Zinc,NA,1843.886,7.519630580079659,0.05635876075160209,0.00317630991345632,25.016666666666666
2010-08-01,zinc,Zinc,NA,2044.571,7.62294326651891,0.10331268643925084,0.01067351117929496,24.15590909090909
2010-09-01,zinc,Zinc,NA,2151.409,7.673878255311643,0.05093498879273271,0.0025943730833158,21.322380952380954
2010-10-01,zinc,Zinc,NA,2372.143,7.771549044978356,0.09767078966671362,0.00953958315411941,19.86095238095238
2010-11-01,zinc,Zinc,NA,2291.682,7.737041324753369,-0.0345077202249871,0.00119078275512598,19.395238095238096
2010-12-01,zinc,Zinc,NA,2280.929,7.732338095101126,-0.00470322965224311,2.2120369161738845e-5,16.58681818181818
2011-01-01,zinc,Zinc,NA,2371.55,7.771299028797676,0.03896093369655048,0.001517954354507,15.723
2011-02-01,zinc,Zinc,NA,2465.125,7.809997795130233,0.03869876633255657,0.00149759451566181,15.72
2011-03-01,zinc,Zinc,NA,2341.48,7.758538487053912,-0.05145930807632093,0.0026480603876937,19.893478260869564
2011-04-01,zinc,Zinc,NA,2362.22,7.767357133825505,0.00881864677159241,7.776853088211731e-5,15.208
2011-05-01,zinc,Zinc,NA,2167.35,7.68126050210773,-0.08609663171777471,0.00741262999314613,16.293809523809525
2011-06-01,zinc,Zinc,NA,2234.47,7.711759342461047,0.03049884035331733,9.301792628971376e-4,18.918636363636363
2011-07-01,zinc,Zinc,NA,2397.75,7.78228607660806,0.07052673414701315,0.00497402022944347,18.7405
2011-08-01,zinc,Zinc,NA,2200.17,7.696289909088296,-0.0859961675197639,0.00739534082808729,35.068695652173915
2011-09-01,zinc,Zinc,NA,2075.22,7.637822451141027,-0.05846745794726973,0.00341844363881575,36.64380952380952
2011-10-01,zinc,Zinc,NA,1871.42,7.534452779970769,-0.10336967117025792,0.01068528891784725,32.00857142857143
2011-11-01,zinc,Zinc,NA,1935.32,7.568027966468001,0.03357518649723137,0.00112729314832386,31.412380952380953
2011-12-01,zinc,Zinc,NA,1904.73,7.552095545232367,-0.01593242123563269,2.538420464296396e-4,25.03952380952381
2012-01-01,zinc,Zinc,NA,1981.86,7.59179107667362,0.03969553144125224,0.00157573521640344,18.9415
2012-02-01,zinc,Zinc,NA,2057.79,7.62938787037115,0.03759679369753027,0.00141351889633465,16.691
2012-03-01,zinc,Zinc,NA,2035.92,7.618703084167589,-0.01068478620356106,1.1416465621580892e-4,14.962727272727273
2012-04-01,zinc,Zinc,NA,2002.14,7.6019718875001026,-0.01673119666748636,2.799329419261067e-4,17.177
2012-05-01,zinc,Zinc,NA,1936,7.568379267836522,-0.03359261966358035,0.00112846409586196,20.547272727272727
2012-06-01,zinc,Zinc,NA,1858.70238095238,7.527633878590718,-0.0407453892458041,0.00166018674479208,20.750476190476192
2012-07-01,zinc,Zinc,NA,1847.75,7.521723961664996,-0.00590991692572208,3.4927118068936436e-5,16.954761904761906
2012-08-01,zinc,Zinc,NA,1818.16304347826,7.505581953597486,-0.01614200806750999,2.605644244515576e-4,14.969130434782608
2012-09-01,zinc,Zinc,NA,2009.85,7.605815371402727,0.10023341780524048,0.0100467380449199,14.31421052631579
2012-10-01,zinc,Zinc,NA,1903.96,7.55169120672727,-0.05412416467545691,0.00292942520181597,15.469047619047618
2012-11-01,zinc,Zinc,NA,1912.39772727273,7.556113088334975,0.00442188160770483,1.9553036952558327e-5,17.155714285714286
2012-12-01,zinc,Zinc,NA,2040.42894736842,7.620915333052831,0.064802244717856,0.00419933092047289,17.351
2013-01-01,zinc,Zinc,NA,2032.2,7.616874229051781,-0.0040411040010496,1.63305215472991e-5,13.121904761904762
2013-02-01,zinc,Zinc,NA,2128.6875,7.663260871592862,0.04638664254108102,0.00215172060623402,13.512105263157894
2013-03-01,zinc,Zinc,NA,1926.07142857143,7.56323767815607,-0.10002319343679252,0.01000463922529401,12.3915
2013-04-01,zinc,Zinc,NA,1856.00454545455,7.526181362402711,-0.03705631575335902,0.00137317053721264,13.251363636363635
2013-05-01,zinc,Zinc,NA,1831.55434782609,7.512920255721325,-0.01326110668138514,1.7585695041507762e-4,12.914090909090907
2013-06-01,zinc,Zinc,NA,1839.0125,7.516984021753597,0.00406376603227133,1.651419436504231e-5,17.156
2013-07-01,zinc,Zinc,NA,1837.61956521739,7.516226298476126,-7.577232774709934e-4,5.74144565221384e-7,13.626818181818182
2013-08-01,zinc,Zinc,NA,1898.81818181818,7.548986962056945,0.03276066358081984,0.00107326107825565,13.863636363636363
2013-09-01,zinc,Zinc,NA,1846.88095238095,7.521253523536654,-0.02773343852029207,7.691436121588203e-4,14.2915
2013-10-01,zinc,Zinc,NA,1884.83695652174,7.541596600927253,0.02034307739059986,4.138407977199354e-4,14.32304347826087
2013-11-01,zinc,Zinc,NA,1866.41666666667,7.531775650514472,-0.0098209504127812,9.645106701030722e-5,11.9565
2013-12-01,zinc,Zinc,NA,1974.975,7.588311019027258,0.05653536851278597,0.00319624789287651,12.995238095238095
2014-01-01,zinc,Zinc,NA,2036.93,7.619199051375173,0.03088803234791465,9.540705423258218e-4,13.057142857142855
2014-02-01,zinc,Zinc,NA,2034.53,7.618020112970777,-0.00117893840439513,1.389895761357753e-6,14.179473684210526
2014-03-01,zinc,Zinc,NA,2007.9,7.604844678774707,-0.01317543419607139,1.7359206625500758e-4,13.592380952380951
2014-04-01,zinc,Zinc,NA,2027.21,7.6144157424670995,0.00957106369239305,9.160526020384456e-5,13.485238095238095
2014-05-01,zinc,Zinc,NA,2058.97,7.629961136741945,0.01554539427484494,2.416592831603819e-4,11.76142857142857
2014-06-01,zinc,Zinc,NA,2128.1,7.662984841838626,0.0330237050966816,0.00109056509831259,10.298571428571428
2014-07-01,zinc,Zinc,NA,2310.62,7.745271165771866,0.08228632393323994,0.00677103910644609,10.638636363636364
2014-08-01,zinc,Zinc,NA,2326.99,7.752330865914459,0.00705970014259298,4.98393661033274e-5,12.414761904761905
2014-09-01,zinc,Zinc,NA,2294.59,7.738309457297497,-0.01402140861696179,1.9659989960381052e-4,11.91190476190476
2014-10-01,zinc,Zinc,NA,2276.83,7.730539403636693,-0.00777005366080411,6.037373389177535e-5,16.911304347826086
2014-11-01,zinc,Zinc,NA,2253.22,7.720115583246033,-0.01042382039066019,1.0865603153674336e-4,12.243684210526316
2014-12-01,zinc,Zinc,NA,2175.76,7.6851333077753425,-0.03498227547068991,0.00122375959710723,14.90681818181818
2015-01-01,zinc,Zinc,NA,2113.05,7.655887680374426,-0.02924562740091719,8.553067220732787e-4,17.9875
2015-02-01,zinc,Zinc,NA,2097.76,7.648625387751092,-0.00726229262333389,5.274089414692983e-5,15.321052631578947
2015-03-01,zinc,Zinc,NA,2028.73,7.615165260493085,-0.03346012725800663,0.00111958011612199,15.016818181818184
2015-04-01,zinc,Zinc,NA,2212.72,7.701977806966998,0.08681254647391322,0.00753641822528534,13.758571428571427
2015-05-01,zinc,Zinc,NA,2281.8,7.732719884162269,0.03074207719527079,9.450753102799884e-4,13.6325
2015-06-01,zinc,Zinc,NA,2082.09,7.641127475906332,-0.09159240825593738,0.0083891692501223,14.83090909090909
2015-07-01,zinc,Zinc,NA,2000.68,7.60124240175518,-0.03988507415115137,0.00159081914004284,14.55090909090909
2015-08-01,zinc,Zinc,NA,1807.64,7.499777406081842,-0.10146499567333853,0.0102951453469906,19.58809523809524
2015-09-01,zinc,Zinc,NA,1720.23,7.450213281797884,-0.04956412428395723,0.00245660241603555,24.604285714285716
2015-10-01,zinc,Zinc,NA,1724.34,7.452599647556426,0.00238636575854084,5.694741533536201e-6,16.977272727272727
2015-11-01,zinc,Zinc,NA,1583.31,7.367272871409884,-0.08532677614654202,0.00728065872756209,16.008
2015-12-01,zinc,Zinc,NA,1527.79,7.331577525726498,-0.03569534568338544,0.00127415770345638,18.304545454545455
2016-01-01,zinc,Zinc,NA,1520.36,7.326702427902921,-0.00487509782357665,2.376657878944185e-5,24.33105263157895
2016-02-01,zinc,Zinc,NA,1709.85,7.444160926350897,0.11745849844797585,0.01379649885765314,24.109
2016-03-01,zinc,Zinc,NA,1801.69,7.496480392292659,0.05231946594176157,0.00273732651643114,16.398636363636363
2016-04-01,zinc,Zinc,NA,1855.37,7.525839416068294,0.02935902377563488,8.619522770582946e-4,14.347142857142858
2016-05-01,zinc,Zinc,NA,1869.03,7.533174858691107,0.00733544262281335,5.3808718472586855e-5,14.791904761904762
2016-06-01,zinc,Zinc,NA,2026.19,7.613912461260443,0.08073760256933621,0.00651856046864408,16.635
2016-07-01,zinc,Zinc,NA,2183.25,7.688569871293843,0.07465741003339894,0.00557372887289505,12.3075
2016-08-01,zinc,Zinc,NA,2279.14,7.731553457810864,0.04298358651702159,0.00184758870986628,11.22391304347826
2016-09-01,zinc,Zinc,NA,2292.31,7.737315321742861,0.00576186393199781,3.319907597085733e-5,13.593333333333334
2016-10-01,zinc,Zinc,NA,2311.5,7.74565194342828,0.00833662168541844,6.949926112578898e-5,14.816190476190476
2016-11-01,zinc,Zinc,NA,2566.2,7.850181484460918,0.10452954103263772,0.01092642494849389,15.33952380952381
2016-12-01,zinc,Zinc,NA,2664.81,7.887888039499267,0.03770655503834977,0.0014217842928601,11.956190476190477
2017-01-01,zinc,Zinc,NA,2714.8,7.906473564829604,0.01858552533033582,3.4542175180455464e-4,10.7905
2017-02-01,zinc,Zinc,NA,2845.55,7.953511649493088,0.04703808466348384,0.00221258140880907,10.510526315789471
2017-03-01,zinc,Zinc,NA,2776.88,7.929083274273742,-0.0244283752193452,5.96745515857119e-4,10.640869565217391
2017-04-01,zinc,Zinc,NA,2614.92,7.868988783296831,-0.06009449097691163,0.00361134784577411,11.57315789473684
2017-05-01,zinc,Zinc,NA,2590.21,7.859494232487771,-0.00949455080905906,9.014649506580412e-5,9.971363636363636
2017-06-01,zinc,Zinc,NA,2573.4,7.852983260750889,-0.00651097173688157,4.239275295847072e-5,9.42318181818182
2017-07-01,zinc,Zinc,NA,2787.19,7.932789198821667,0.07980593807077731,0.00636898775135674,8.8765
2017-08-01,zinc,Zinc,NA,2980.73,7.999923515943023,0.0671343171213561,0.0045070165353508,10.177391304347823
2017-09-01,zinc,Zinc,NA,3116.86,8.044581363776274,0.04465784783325097,0.00199432337309779,8.6015
2017-10-01,zinc,Zinc,NA,3264.6,8.090892522719935,0.04631115894366031,0.00214472344270496,8.02
2017-11-01,zinc,Zinc,NA,3229.31,8.08002377110519,-0.01086875161474571,1.1812976166303763e-4,9.127142857142855
2017-12-01,zinc,Zinc,NA,3195.95,8.069639662208093,-0.01038410889709559,1.0782971758673988e-4,8.8275
2018-01-01,zinc,Zinc,NA,3441.52,8.143668513240971,0.07402885103287864,0.00548027078524813,10.367619047619048
2018-02-01,zinc,Zinc,NA,3532.9,8.16987434240153,0.02620582916055813,6.867454819923588e-4,20.133157894736843
2018-03-01,zinc,Zinc,NA,3269.18,8.092294467918624,-0.07757987448290585,0.00601863692478342,18.04904761904762
2018-04-01,zinc,Zinc,NA,3188.05,8.067164723601419,-0.0251297443172045,6.315040494480719e-4,18.777142857142856
2018-05-01,zinc,Zinc,NA,3059.87,8.02612771038384,-0.04103701321758014,0.00168403645381984,13.694545454545455
2018-06-01,zinc,Zinc,NA,3088.57,8.03546347960309,0.00933576921924942,8.715658691508509e-5,12.694761904761904
2018-07-01,zinc,Zinc,NA,2656.13,7.884625455181651,-0.15083802442143768,0.02275210961136222,11.917619047619048
2018-08-01,zinc,Zinc,NA,2512,7.828834527588089,-0.05579092759356195,0.00311262760175007,10.972608695652172
2018-09-01,zinc,Zinc,NA,2434.68,7.797570610042959,-0.03126391754513079,9.774325402687367e-4,11.564736842105264
2018-10-01,zinc,Zinc,NA,2673.67,7.891207339425378,0.09363672938241983,0.00876783708943652,19.855217391304347
2018-11-01,zinc,Zinc,NA,2595.69,7.861607656209682,-0.02959968321569623,8.761412464695696e-4,20.95047619047619
2018-12-01,zinc,Zinc,NA,2616.29,7.8695125627021,0.00790490649241801,6.248754665387244e-5,27.11578947368421
2019-01-01,zinc,Zinc,NA,2569.7,7.851544439558102,-0.0179681231439985,3.2285344931789453e-4,20.525238095238095
2019-02-01,zinc,Zinc,NA,2707.19,7.903666475551654,0.05212203599355207,0.00271670663611313,15.287368421052632
2019-03-01,zinc,Zinc,NA,2850.6,7.955284777420931,0.05161830186927654,0.00266444908786775,14.717619047619047
2019-04-01,zinc,Zinc,NA,2932.65,7.983661730114608,0.02837695269367825,8.052514441792534e-4,12.57
2019-05-01,zinc,Zinc,NA,2742.81,7.916738221312853,-0.06692350880175602,0.00447875603033871,17.937272727272727
2019-06-01,zinc,Zinc,NA,2601.22,7.863735844724473,-0.05300237658838024,0.00280925192401647,16.889
2019-07-01,zinc,Zinc,NA,2446.51,7.802417798192724,-0.06131804653174933,0.00375990283046977,13.022272727272728
2019-08-01,zinc,Zinc,NA,2273.01,7.728860223314929,-0.07355757487779427,0.00541071682190231,20.66590909090909
2019-09-01,zinc,Zinc,NA,2331.56,7.754292850422932,0.02543262710800283,6.468185216147207e-4,16.092
2019-10-01,zinc,Zinc,NA,2451.65,7.804516546247788,0.05022369582485632,0.00252241962230769,16.411739130434782
2019-11-01,zinc,Zinc,NA,2425.48,7.793784721928744,-0.01073182431904442,1.1517205321483337e-4,12.7645
2019-12-01,zinc,Zinc,NA,2272.54,7.7286534276569006,-0.06513129427184293,0.0042420854935254,13.598571428571429
2020-01-01,zinc,Zinc,NA,2354.31,7.764002969888925,0.03534954223202435,0.00124959013601367,14.055714285714286
2020-02-01,zinc,Zinc,NA,2113.24,7.655977593750047,-0.1080253761388781,0.01166948188994609,20.178421052631577
2020-03-01,zinc,Zinc,NA,1903.63,7.551517868736139,-0.10445972501390888,0.01091183414998146,63.317727272727275
2020-04-01,zinc,Zinc,NA,1903.37,7.551381278244725,-1.3659049141292342e-4,1.8656962344423903e-8,43.6047619047619
2020-05-01,zinc,Zinc,NA,1975.32,7.588485689526994,0.03710441128226878,0.00137673733660375,31.078
2020-06-01,zinc,Zinc,NA,2025.71,7.613675535372714,0.0251898458457198,6.345283337311273e-4,29.99681818181818
2020-07-01,zinc,Zinc,NA,2177.2,7.685794926560045,0.0721193911873309,0.00520120658523126,24.80090909090909
2020-08-01,zinc,Zinc,NA,2410.05,7.787402773157454,0.101607846597409,0.0103241544901626,20.337619047619047
2020-09-01,zinc,Zinc,NA,2442.46,7.800761007119584,0.01335823396213019,1.784424145870086e-4,28.017142857142854
2020-10-01,zinc,Zinc,NA,2440.65,7.800019676253438,-7.41330866146191e-4,5.495714531010618e-7,30.815
2020-11-01,zinc,Zinc,NA,2671.6,7.890432822851481,0.09041314659804311,0.00817453707775923,25.357
2020-12-01,zinc,Zinc,NA,2779.85,7.930152248394428,0.03971942554294701,0.00157763276546171,21.704090909090908
2021-01-01,zinc,Zinc,NA,2705.34,7.902982876542672,-0.0271693718517562,7.381747668190024e-4,23.288947368421052
2021-02-01,zinc,Zinc,NA,2744.5,7.917354187989944,0.01437131144727214,2.0653459271449532e-4,21.877894736842105
2021-03-01,zinc,Zinc,NA,2791.94,7.934491973680004,0.01713778569005979,2.937036983584181e-4,21.119565217391305
2021-04-01,zinc,Zinc,NA,2829.01,7.947682106113277,0.01319013243327298,1.7397959360727984e-4,16.409523809523808
2021-05-01,zinc,Zinc,NA,2965.73,7.994878486861726,0.04719638074844955,0.00222749835575261,18.599
2021-06-01,zinc,Zinc,NA,2951.85,7.990187371421208,-0.00469111544051785,2.2006564076265053e-5,14.940454545454545
2021-07-01,zinc,Zinc,NA,2947.52,7.988719417799871,-0.00146795362133762,2.1548878343982465e-6,15.47095238095238
2021-08-01,zinc,Zinc,NA,2987.95,8.002342812511628,0.0136233947117578,1.8559688347235056e-4,15.008181818181818
2021-09-01,zinc,Zinc,NA,3036.02,8.018302726109106,0.015959913597477,2.547188420389313e-4,17.5625
