t,variable,value,scenario,is_baseline,regime,uncertainty,value_lo,value_hi
1,aluminium,0,one_sigma_supply_shock,TRUE,combined,vix,NA,NA
2,aluminium,0,one_sigma_supply_shock,TRUE,combined,vix,NA,NA
3,aluminium,0,one_sigma_supply_shock,TRUE,combined,vix,NA,NA
4,aluminium,0,one_sigma_supply_shock,TRUE,combined,vix,NA,NA
5,aluminium,0,one_sigma_supply_shock,TRUE,combined,vix,NA,NA
6,aluminium,0,one_sigma_supply_shock,TRUE,combined,vix,NA,NA
7,aluminium,0,one_sigma_supply_shock,TRUE,combined,vix,NA,NA
8,aluminium,0,one_sigma_supply_shock,TRUE,combined,vix,NA,NA
9,aluminium,0,one_sigma_supply_shock,TRUE,combined,vix,NA,NA
10,aluminium,0,one_sigma_supply_shock,TRUE,combined,vix,NA,NA
11,aluminium,0,one_sigma_supply_shock,TRUE,combined,vix,NA,NA
12,aluminium,0,one_sigma_supply_shock,TRUE,combined,vix,NA,NA
13,aluminium,0,one_sigma_supply_shock,TRUE,combined,vix,NA,NA
14,aluminium,0,one_sigma_supply_shock,TRUE,combined,vix,NA,NA
15,aluminium,0,one_sigma_supply_shock,TRUE,combined,vix,NA,NA
16,aluminium,0,one_sigma_supply_shock,TRUE,combined,vix,NA,NA
17,aluminium,0,one_sigma_supply_shock,TRUE,combined,vix,NA,NA
18,aluminium,0,one_sigma_supply_shock,TRUE,combined,vix,NA,NA
19,aluminium,0,one_sigma_supply_shock,TRUE,combined,vix,NA,NA
20,aluminium,0,one_sigma_supply_shock,TRUE,combined,vix,NA,NA
21,aluminium,0,one_sigma_supply_shock,TRUE,combined,vix,NA,NA
22,aluminium,0,one_sigma_supply_shock,TRUE,combined,vix,NA,NA
23,aluminium,0,one_sigma_supply_shock,TRUE,combined,vix,NA,NA
24,aluminium,0,one_sigma_supply_shock,TRUE,combined,vix,NA,NA
1,cocoa,0,one_sigma_supply_shock,TRUE,combined,vix,NA,NA
2,cocoa,0,one_sigma_supply_shock,TRUE,combined,vix,NA,NA
3,cocoa,0,one_sigma_supply_shock,TRUE,combined,vix,NA,NA
4,cocoa,0,one_sigma_supply_shock,TRUE,combined,vix,NA,NA
5,cocoa,0,one_sigma_supply_shock,TRUE,combined,vix,NA,NA
6,cocoa,0,one_sigma_supply_shock,TRUE,combined,vix,NA,NA
7,cocoa,0,one_sigma_supply_shock,TRUE,combined,vix,NA,NA
8,cocoa,0,one_sigma_supply_shock,TRUE,combined,vix,NA,NA
9,cocoa,0,one_sigma_supply_shock,TRUE,combined,vix,NA,NA
10,cocoa,0,one_sigma_supply_shock,TRUE,combined,vix,NA,NA
11,cocoa,0,one_sigma_supply_shock,TRUE,combined,vix,NA,NA
12,cocoa,0,one_sigma_supply_shock,TRUE,combined,vix,NA,NA
13,cocoa,0,one_sigma_supply_shock,TRUE,combined,vix,NA,NA
14,cocoa,0,one_sigma_supply_shock,TRUE,combined,vix,NA,NA
15,cocoa,0,one_sigma_supply_shock,TRUE,combined,vix,NA,NA
16,cocoa,0,one_sigma_supply_shock,TRUE,combined,vix,NA,NA
17,cocoa,0,one_sigma_supply_shock,TRUE,combined,vix,NA,NA
18,cocoa,0,one_sigma_supply_shock,TRUE,combined,vix,NA,NA
19,cocoa,0,one_sigma_supply_shock,TRUE,combined,vix,NA,NA
20,cocoa,0,one_sigma_supply_shock,TRUE,combined,vix,NA,NA
21,cocoa,0,one_sigma_supply_shock,TRUE,combined,vix,NA,NA
22,cocoa,0,one_sigma_supply_shock,TRUE,combined,vix,NA,NA
23,cocoa,0,one_sigma_supply_shock,TRUE,combined,vix,NA,NA
24,cocoa,0,one_sigma_supply_shock,TRUE,combined,vix,NA,NA
1,coffee_arabic,0,one_sigma_supply_shock,TRUE,combined,vix,NA,NA
2,coffee_arabic,0,one_sigma_supply_shock,TRUE,combined,vix,NA,NA
3,coffee_arabic,0,one_sigma_supply_shock,TRUE,combined,vix,NA,NA
4,coffee_arabic,0,one_sigma_supply_shock,TRUE,combined,vix,NA,NA
5,coffee_arabic,0,one_sigma_supply_shock,TRUE,combined,vix,NA,NA
6,coffee_arabic,0,one_sigma_supply_shock,TRUE,combined,vix,NA,NA
7,coffee_arabic,0,one_sigma_supply_shock,TRUE,combined,vix,NA,NA
8,coffee_arabic,0,one_sigma_supply_shock,TRUE,combined,vix,NA,NA
9,coffee_arabic,0,one_sigma_supply_shock,TRUE,combined,vix,NA,NA
10,coffee_arabic,0,one_sigma_supply_shock,TRUE,combined,vix,NA,NA
11,coffee_arabic,0,one_sigma_supply_shock,TRUE,combined,vix,NA,NA
12,coffee_arabic,0,one_sigma_supply_shock,TRUE,combined,vix,NA,NA
13,coffee_arabic,0,one_sigma_supply_shock,TRUE,combined,vix,NA,NA
14,coffee_arabic,0,one_sigma_supply_shock,TRUE,combined,vix,NA,NA
15,coffee_arabic,0,one_sigma_supply_shock,TRUE,combined,vix,NA,NA
16,coffee_arabic,0,one_sigma_supply_shock,TRUE,combined,vix,NA,NA
17,coffee_arabic,0,one_sigma_supply_shock,TRUE,combined,vix,NA,NA
18,coffee_arabic,0,one_sigma_supply_shock,TRUE,combined,vix,NA,NA
19,coffee_arabic,0,one_sigma_supply_shock,TRUE,combined,vix,NA,NA
20,coffee_arabic,0,one_sigma_supply_shock,TRUE,combined,vix,NA,NA
21,coffee_arabic,0,one_sigma_supply_shock,TRUE,combined,vix,NA,NA
22,coffee_arabic,0,one_sigma_supply_shock,TRUE,combined,vix,NA,NA
23,coffee_arabic,0,one_sigma_supply_shock,TRUE,combined,vix,NA,NA
24,coffee_arabic,0,one_sigma_supply_shock,TRUE,combined,vix,NA,NA
1,copper,0,one_sigma_supply_shock,TRUE,combined,vix,NA,NA
2,copper,0,one_sigma_supply_shock,TRUE,combined,vix,NA,NA
3,copper,0,one_sigma_supply_shock,TRUE,combined,vix,NA,NA
4,copper,0,one_sigma_supply_shock,TRUE,combined,vix,NA,NA
5,copper,0,one_sigma_supply_shock,TRUE,combined,vix,NA,NA
6,copper,0,one_sigma_supply_shock,TRUE,combined,vix,NA,NA
7,copper,0,one_sigma_supply_shock,TRUE,combined,vix,NA,NA
8,copper,0,one_sigma_supply_shock,TRUE,combined,vix,NA,NA
9,copper,0,one_sigma_supply_shock,TRUE,combined,vix,NA,NA
10,copper,0,one_sigma_supply_shock,TRUE,combined,vix,NA,NA
11,copper,0,one_sigma_supply_shock,TRUE,combined,vix,NA,NA
12,copper,0,one_sigma_supply_shock,TRUE,combined,vix,NA,NA
13,copper,0,one_sigma_supply_shock,TRUE,combined,vix,NA,NA
14,copper,0,one_sigma_supply_shock,TRUE,combined,vix,NA,NA
15,copper,0,one_sigma_supply_shock,TRUE,combined,vix,NA,NA
16,copper,0,one_sigma_supply_shock,TRUE,combined,vix,NA,NA
17,copper,0,one_sigma_supply_shock,TRUE,combined,vix,NA,NA
18,copper,0,one_sigma_supply_shock,TRUE,combined,vix,NA,NA
19,copper,0,one_sigma_supply_shock,TRUE,combined,vix,NA,NA
20,copper,0,one_sigma_supply_shock,TRUE,combined,vix,NA,NA
21,copper,0,one_sigma_supply_shock,TRUE,combined,vix,NA,NA
22,copper,0,one_sigma_supply_shock,TRUE,combined,vix,NA,NA
23,copper,0,one_sigma_supply_shock,TRUE,combined,vix,NA,NA
24,copper,0,one_sigma_supply_shock,TRUE,combined,vix,NA,NA
1,cotton_a_indx,0,one_sigma_supply_shock,TRUE,combined,vix,NA,NA
2,cotton_a_indx,0,one_sigma_supply_shock,TRUE,combined,vix,NA,NA
3,cotton_a_indx,0,one_sigma_supply_shock,TRUE,combined,vix,NA,NA
4,cotton_a_indx,0,one_sigma_supply_shock,TRUE,combined,vix,NA,NA
5,cotton_a_indx,0,one_sigma_supply_shock,TRUE,combined,vix,NA,NA
6,cotton_a_indx,0,one_sigma_supply_shock,TRUE,combined,vix,NA,NA
7,cotton_a_indx,0,one_sigma_supply_shock,TRUE,combined,vix,NA,NA
8,cotton_a_indx,0,one_sigma_supply_shock,TRUE,combined,vix,NA,NA
9,cotton_a_indx,0,one_sigma_supply_shock,TRUE,combined,vix,NA,NA
10,cotton_a_indx,0,one_sigma_supply_shock,TRUE,combined,vix,NA,NA
11,cotton_a_indx,0,one_sigma_supply_shock,TRUE,combined,vix,NA,NA
12,cotton_a_indx,0,one_sigma_supply_shock,TRUE,combined,vix,NA,NA
13,cotton_a_indx,0,one_sigma_supply_shock,TRUE,combined,vix,NA,NA
14,cotton_a_indx,0,one_sigma_supply_shock,TRUE,combined,vix,NA,NA
15,cotton_a_indx,0,one_sigma_supply_shock,TRUE,combined,vix,NA,NA
16,cotton_a_indx,0,one_sigma_supply_shock,TRUE,combined,vix,NA,NA
17,cotton_a_indx,0,one_sigma_supply_shock,TRUE,combined,vix,NA,NA
18,cotton_a_indx,0,one_sigma_supply_shock,TRUE,combined,vix,NA,NA
19,cotton_a_indx,0,one_sigma_supply_shock,TRUE,combined,vix,NA,NA
20,cotton_a_indx,0,one_sigma_supply_shock,TRUE,combined,vix,NA,NA
21,cotton_a_indx,0,one_sigma_supply_shock,TRUE,combined,vix,NA,NA
22,cotton_a_indx,0,one_sigma_supply_shock,TRUE,combined,vix,NA,NA
23,cotton_a_indx,0,one_sigma_supply_shock,TRUE,combined,vix,NA,NA
24,cotton_a_indx,0,one_sigma_supply_shock,TRUE,combined,vix,NA,NA
1,crude_wti,0,one_sigma_supply_shock,TRUE,combined,vix,NA,NA
2,crude_wti,0,one_sigma_supply_shock,TRUE,combined,vix,NA,NA
3,crude_wti,0,one_sigma_supply_shock,TRUE,combined,vix,NA,NA
4,crude_wti,0,one_sigma_supply_shock,TRUE,combined,vix,NA,NA
5,crude_wti,0,one_sigma_supply_shock,TRUE,combined,vix,NA,NA
6,crude_wti,0,one_sigma_supply_shock,TRUE,combined,vix,NA,NA
7,crude_wti,0,one_sigma_supply_shock,TRUE,combined,vix,NA,NA
8,crude_wti,0,one_sigma_supply_shock,TRUE,combined,vix,NA,NA
9,crude_wti,0,one_sigma_supply_shock,TRUE,combined,vix,NA,NA
10,crude_wti,0,one_sigma_supply_shock,TRUE,combined,vix,NA,NA
11,crude_wti,0,one_sigma_supply_shock,TRUE,combined,vix,NA,NA
12,crude_wti,0,one_sigma_supply_shock,TRUE,combined,vix,NA,NA
13,crude_wti,0,one_sigma_supply_shock,TRUE,combined,vix,NA,NA
14,crude_wti,0,one_sigma_supply_shock,TRUE,combined,vix,NA,NA
15,crude_wti,0,one_sigma_supply_shock,TRUE,combined,vix,NA,NA
16,crude_wti,0,one_sigma_supply_shock,TRUE,combined,vix,NA,NA
17,crude_wti,0,one_sigma_supply_shock,TRUE,combined,vix,NA,NA
18,crude_wti,0,one_sigma_supply_shock,TRUE,combined,vix,NA,NA
19,crude_wti,0,one_sigma_supply_shock,TRUE,combined,vix,NA,NA
20,crude_wti,0,one_sigma_supply_shock,TRUE,combined,vix,NA,NA
21,crude_wti,0,one_sigma_supply_shock,TRUE,combined,vix,NA,NA
22,crude_wti,0,one_sigma_supply_shock,TRUE,combined,vix,NA,NA
23,crude_wti,0,one_sigma_supply_shock,TRUE,combined,vix,NA,NA
24,crude_wti,0,one_sigma_supply_shock,TRUE,combined,vix,NA,NA
1,gold,0,one_sigma_supply_shock,TRUE,combined,vix,NA,NA
2,gold,0,one_sigma_supply_shock,TRUE,combined,vix,NA,NA
3,gold,0,one_sigma_supply_shock,TRUE,combined,vix,NA,NA
4,gold,0,one_sigma_supply_shock,TRUE,combined,vix,NA,NA
5,gold,0,one_sigma_supply_shock,TRUE,combined,vix,NA,NA
6,gold,0,one_sigma_supply_shock,TRUE,combined,vix,NA,NA
7,gold,0,one_sigma_supply_shock,TRUE,combined,vix,NA,NA
8,gold,0,one_sigma_supply_shock,TRUE,combined,vix,NA,NA
9,gold,0,one_sigma_supply_shock,TRUE,combined,vix,NA,NA
10,gold,0,one_sigma_supply_shock,TRUE,combined,vix,NA,NA
11,gold,0,one_sigma_supply_shock,TRUE,combined,vix,NA,NA
12,gold,0,one_sigma_supply_shock,TRUE,combined,vix,NA,NA
13,gold,0,one_sigma_supply_shock,TRUE,combined,vix,NA,NA
14,gold,0,one_sigma_supply_shock,TRUE,combined,vix,NA,NA
15,gold,0,one_sigma_supply_shock,TRUE,combined,vix,NA,NA
16,gold,0,one_sigma_supply_shock,TRUE,combined,vix,NA,NA
17,gold,0,one_sigma_supply_shock,TRUE,combined,vix,NA,NA
18,gold,0,one_sigma_supply_shock,TRUE,combined,vix,NA,NA
19,gold,0,one_sigma_supply_shock,TRUE,combined,vix,NA,NA
20,gold,0,one_sigma_supply_shock,TRUE,combined,vix,NA,NA
21,gold,0,one_sigma_supply_shock,TRUE,combined,vix,NA,NA
22,gold,0,one_sigma_supply_shock,TRUE,combined,vix,NA,NA
23,gold,0,one_sigma_supply_shock,TRUE,combined,vix,NA,NA
24,gold,0,one_sigma_supply_shock,TRUE,combined,vix,NA,NA
1,lead,0,one_sigma_supply_shock,TRUE,combined,vix,NA,NA
2,lead,0,one_sigma_supply_shock,TRUE,combined,vix,NA,NA
3,lead,0,one_sigma_supply_shock,TRUE,combined,vix,NA,NA
4,lead,0,one_sigma_supply_shock,TRUE,combined,vix,NA,NA
5,lead,0,one_sigma_supply_shock,TRUE,combined,vix,NA,NA
6,lead,0,one_sigma_supply_shock,TRUE,combined,vix,NA,NA
7,lead,0,one_sigma_supply_shock,TRUE,combined,vix,NA,NA
8,lead,0,one_sigma_supply_shock,TRUE,combined,vix,NA,NA
9,lead,0,one_sigma_supply_shock,TRUE,combined,vix,NA,NA
10,lead,0,one_sigma_supply_shock,TRUE,combined,vix,NA,NA
11,lead,0,one_sigma_supply_shock,TRUE,combined,vix,NA,NA
12,lead,0,one_sigma_supply_shock,TRUE,combined,vix,NA,NA
13,lead,0,one_sigma_supply_shock,TRUE,combined,vix,NA,NA
14,lead,0,one_sigma_supply_shock,TRUE,combined,vix,NA,NA
15,lead,0,one_sigma_supply_shock,TRUE,combined,vix,NA,NA
16,lead,0,one_sigma_supply_shock,TRUE,combined,vix,NA,NA
17,lead,0,one_sigma_supply_shock,TRUE,combined,vix,NA,NA
18,lead,0,one_sigma_supply_shock,TRUE,combined,vix,NA,NA
19,lead,0,one_sigma_supply_shock,TRUE,combined,vix,NA,NA
20,lead,0,one_sigma_supply_shock,TRUE,combined,vix,NA,NA
21,lead,0,one_sigma_supply_shock,TRUE,combined,vix,NA,NA
22,lead,0,one_sigma_supply_shock,TRUE,combined,vix,NA,NA
23,lead,0,one_sigma_supply_shock,TRUE,combined,vix,NA,NA
24,lead,0,one_sigma_supply_shock,TRUE,combined,vix,NA,NA
1,maize,0,one_sigma_supply_shock,TRUE,combined,vix,NA,NA
2,maize,0,one_sigma_supply_shock,TRUE,combined,vix,NA,NA
3,maize,0,one_sigma_supply_shock,TRUE,combined,vix,NA,NA
4,maize,0,one_sigma_supply_shock,TRUE,combined,vix,NA,NA
5,maize,0,one_sigma_supply_shock,TRUE,combined,vix,NA,NA
6,maize,0,one_sigma_supply_shock,TRUE,combined,vix,NA,NA
7,maize,0,one_sigma_supply_shock,TRUE,combined,vix,NA,NA
8,maize,0,one_sigma_supply_shock,TRUE,combined,vix,NA,NA
9,maize,0,one_sigma_supply_shock,TRUE,combined,vix,NA,NA
10,maize,0,one_sigma_supply_shock,TRUE,combined,vix,NA,NA
11,maize,0,one_sigma_supply_shock,TRUE,combined,vix,NA,NA
12,maize,0,one_sigma_supply_shock,TRUE,combined,vix,NA,NA
13,maize,0,one_sigma_supply_shock,TRUE,combined,vix,NA,NA
14,maize,0,one_sigma_supply_shock,TRUE,combined,vix,NA,NA
15,maize,0,one_sigma_supply_shock,TRUE,combined,vix,NA,NA
16,maize,0,one_sigma_supply_shock,TRUE,combined,vix,NA,NA
17,maize,0,one_sigma_supply_shock,TRUE,combined,vix,NA,NA
18,maize,0,one_sigma_supply_shock,TRUE,combined,vix,NA,NA
19,maize,0,one_sigma_supply_shock,TRUE,combined,vix,NA,NA
20,maize,0,one_sigma_supply_shock,TRUE,combined,vix,NA,NA
21,maize,0,one_sigma_supply_shock,TRUE,combined,vix,NA,NA
22,maize,0,one_sigma_supply_shock,TRUE,combined,vix,NA,NA
23,maize,0,one_sigma_supply_shock,TRUE,combined,vix,NA,NA
24,maize,0,one_sigma_supply_shock,TRUE,combined,vix,NA,NA
1,ngas_us,0,one_sigma_supply_shock,TRUE,combined,vix,NA,NA
2,ngas_us,0,one_sigma_supply_shock,TRUE,combined,vix,NA,NA
3,ngas_us,0,one_sigma_supply_shock,TRUE,combined,vix,NA,NA
4,ngas_us,0,one_sigma_supply_shock,TRUE,combined,vix,NA,NA
5,ngas_us,0,one_sigma_supply_shock,TRUE,combined,vix,NA,NA
6,ngas_us,0,one_sigma_supply_shock,TRUE,combined,vix,NA,NA
7,ngas_us,0,one_sigma_supply_shock,TRUE,combined,vix,NA,NA
8,ngas_us,0,one_sigma_supply_shock,TRUE,combined,vix,NA,NA
9,ngas_us,0,one_sigma_supply_shock,TRUE,combined,vix,NA,NA
10,ngas_us,0,one_sigma_supply_shock,TRUE,combined,vix,NA,NA
11,ngas_us,0,one_sigma_supply_shock,TRUE,combined,vix,NA,NA
12,ngas_us,0,one_sigma_supply_shock,TRUE,combined,vix,NA,NA
13,ngas_us,0,one_sigma_supply_shock,TRUE,combined,vix,NA,NA
14,ngas_us,0,one_sigma_supply_shock,TRUE,combined,vix,NA,NA
15,ngas_us,0,one_sigma_supply_shock,TRUE,combined,vix,NA,NA
16,ngas_us,0,one_sigma_supply_shock,TRUE,combined,vix,NA,NA
17,ngas_us,0,one_sigma_supply_shock,TRUE,combined,vix,NA,NA
18,ngas_us,0,one_sigma_supply_shock,TRUE,combined,vix,NA,NA
19,ngas_us,0,one_sigma_supply_shock,TRUE,combined,vix,NA,NA
20,ngas_us,0,one_sigma_supply_shock,TRUE,combined,vix,NA,NA
21,ngas_us,0,one_sigma_supply_shock,TRUE,combined,vix,NA,NA
22,ngas_us,0,one_sigma_supply_shock,TRUE,combined,vix,NA,NA
23,ngas_us,0,one_sigma_supply_shock,TRUE,combined,vix,NA,NA
24,ngas_us,0,one_sigma_supply_shock,TRUE,combined,vix,NA,NA
1,nickel,0,one_sigma_supply_shock,TRUE,combined,vix,NA,NA
2,nickel,0,one_sigma_supply_shock,TRUE,combined,vix,NA,NA
3,nickel,0,one_sigma_supply_shock,TRUE,combined,vix,NA,NA
4,nickel,0,one_sigma_supply_shock,TRUE,combined,vix,NA,NA
5,nickel,0,one_sigma_supply_shock,TRUE,combined,vix,NA,NA
6,nickel,0,one_sigma_supply_shock,TRUE,combined,vix,NA,NA
7,nickel,0,one_sigma_supply_shock,TRUE,combined,vix,NA,NA
8,nickel,0,one_sigma_supply_shock,TRUE,combined,vix,NA,NA
9,nickel,0,one_sigma_supply_shock,TRUE,combined,vix,NA,NA
10,nickel,0,one_sigma_supply_shock,TRUE,combined,vix,NA,NA
11,nickel,0,one_sigma_supply_shock,TRUE,combined,vix,NA,NA
12,nickel,0,one_sigma_supply_shock,TRUE,combined,vix,NA,NA
13,nickel,0,one_sigma_supply_shock,TRUE,combined,vix,NA,NA
14,nickel,0,one_sigma_supply_shock,TRUE,combined,vix,NA,NA
15,nickel,0,one_sigma_supply_shock,TRUE,combined,vix,NA,NA
16,nickel,0,one_sigma_supply_shock,TRUE,combined,vix,NA,NA
17,nickel,0,one_sigma_supply_shock,TRUE,combined,vix,NA,NA
18,nickel,0,one_sigma_supply_shock,TRUE,combined,vix,NA,NA
19,nickel,0,one_sigma_supply_shock,TRUE,combined,vix,NA,NA
20,nickel,0,one_sigma_supply_shock,TRUE,combined,vix,NA,NA
21,nickel,0,one_sigma_supply_shock,TRUE,combined,vix,NA,NA
22,nickel,0,one_sigma_supply_shock,TRUE,combined,vix,NA,NA
23,nickel,0,one_sigma_supply_shock,TRUE,combined,vix,NA,NA
24,nickel,0,one_sigma_supply_shock,TRUE,combined,vix,NA,NA
1,platinum,0,one_sigma_supply_shock,TRUE,combined,vix,NA,NA
2,platinum,0,one_sigma_supply_shock,TRUE,combined,vix,NA,NA
3,platinum,0,one_sigma_supply_shock,TRUE,combined,vix,NA,NA
4,platinum,0,one_sigma_supply_shock,TRUE,combined,vix,NA,NA
5,platinum,0,one_sigma_supply_shock,TRUE,combined,vix,NA,NA
6,platinum,0,one_sigma_supply_shock,TRUE,combined,vix,NA,NA
7,platinum,0,one_sigma_supply_shock,TRUE,combined,vix,NA,NA
8,platinum,0,one_sigma_supply_shock,TRUE,combined,vix,NA,NA
9,platinum,0,one_sigma_supply_shock,TRUE,combined,vix,NA,NA
10,platinum,0,one_sigma_supply_shock,TRUE,combined,vix,NA,NA
11,platinum,0,one_sigma_supply_shock,TRUE,combined,vix,NA,NA
12,platinum,0,one_sigma_supply_shock,TRUE,combined,vix,NA,NA
13,platinum,0,one_sigma_supply_shock,TRUE,combined,vix,NA,NA
14,platinum,0,one_sigma_supply_shock,TRUE,combined,vix,NA,NA
15,platinum,0,one_sigma_supply_shock,TRUE,combined,vix,NA,NA
16,platinum,0,one_sigma_supply_shock,TRUE,combined,vix,NA,NA
17,platinum,0,one_sigma_supply_shock,TRUE,combined,vix,NA,NA
18,platinum,0,one_sigma_supply_shock,TRUE,combined,vix,NA,NA
19,platinum,0,one_sigma_supply_shock,TRUE,combined,vix,NA,NA
20,platinum,0,one_sigma_supply_shock,TRUE,combined,vix,NA,NA
21,platinum,0,one_sigma_supply_shock,TRUE,combined,vix,NA,NA
22,platinum,0,one_sigma_supply_shock,TRUE,combined,vix,NA,NA
23,platinum,0,one_sigma_supply_shock,TRUE,combined,vix,NA,NA
24,platinum,0,one_sigma_supply_shock,TRUE,combined,vix,NA,NA
1,silver,0,one_sigma_supply_shock,TRUE,combined,vix,NA,NA
2,silver,0,one_sigma_supply_shock,TRUE,combined,vix,NA,NA
3,silver,0,one_sigma_supply_shock,TRUE,combined,vix,NA,NA
4,silver,0,one_sigma_supply_shock,TRUE,combined,vix,NA,NA
5,silver,0,one_sigma_supply_shock,TRUE,combined,vix,NA,NA
6,silver,0,one_sigma_supply_shock,TRUE,combined,vix,NA,NA
7,silver,0,one_sigma_supply_shock,TRUE,combined,vix,NA,NA
8,silver,0,one_sigma_supply_shock,TRUE,combined,vix,NA,NA
9,silver,0,one_sigma_supply_shock,TRUE,combined,vix,NA,NA
10,silver,0,one_sigma_supply_shock,TRUE,combined,vix,NA,NA
11,silver,0,one_sigma_supply_shock,TRUE,combined,vix,NA,NA
12,silver,0,one_sigma_supply_shock,TRUE,combined,vix,NA,NA
13,silver,0,one_sigma_supply_shock,TRUE,combined,vix,NA,NA
14,silver,0,one_sigma_supply_shock,TRUE,combined,vix,NA,NA
15,silver,0,one_sigma_supply_shock,TRUE,combined,vix,NA,NA
16,silver,0,one_sigma_supply_shock,TRUE,combined,vix,NA,NA
17,silver,0,one_sigma_supply_shock,TRUE,combined,vix,NA,NA
18,silver,0,one_sigma_supply_shock,TRUE,combined,vix,NA,NA
19,silver,0,one_sigma_supply_shock,TRUE,combined,vix,NA,NA
20,silver,0,one_sigma_supply_shock,TRUE,combined,vix,NA,NA
21,silver,0,one_sigma_supply_shock,TRUE,combined,vix,NA,NA
22,silver,0,one_sigma_supply_shock,TRUE,combined,vix,NA,NA
23,silver,0,one_sigma_supply_shock,TRUE,combined,vix,NA,NA
24,silver,0,one_sigma_supply_shock,TRUE,combined,vix,NA,NA
1,soybeans,0,one_sigma_supply_shock,TRUE,combined,vix,NA,NA
2,soybeans,0,one_sigma_supply_shock,TRUE,combined,vix,NA,NA
3,soybeans,0,one_sigma_supply_shock,TRUE,combined,vix,NA,NA
4,soybeans,0,one_sigma_supply_shock,TRUE,combined,vix,NA,NA
5,soybeans,0,one_sigma_supply_shock,TRUE,combined,vix,NA,NA
6,soybeans,0,one_sigma_supply_shock,TRUE,combined,vix,NA,NA
7,soybeans,0,one_sigma_supply_shock,TRUE,combined,vix,NA,NA
8,soybeans,0,one_sigma_supply_shock,TRUE,combined,vix,NA,NA
9,soybeans,0,one_sigma_supply_shock,TRUE,combined,vix,NA,NA
10,soybeans,0,one_sigma_supply_shock,TRUE,combined,vix,NA,NA
11,soybeans,0,one_sigma_supply_shock,TRUE,combined,vix,NA,NA
12,soybeans,0,one_sigma_supply_shock,TRUE,combined,vix,NA,NA
13,soybeans,0,one_sigma_supply_shock,TRUE,combined,vix,NA,NA
14,soybeans,0,one_sigma_supply_shock,TRUE,combined,vix,NA,NA
15,soybeans,0,one_sigma_supply_shock,TRUE,combined,vix,NA,NA
16,soybeans,0,one_sigma_supply_shock,TRUE,combined,vix,NA,NA
17,soybeans,0,one_sigma_supply_shock,TRUE,combined,vix,NA,NA
18,soybeans,0,one_sigma_supply_shock,TRUE,combined,vix,NA,NA
19,soybeans,0,one_sigma_supply_shock,TRUE,combined,vix,NA,NA
20,soybeans,0,one_sigma_supply_shock,TRUE,combined,vix,NA,NA
21,soybeans,0,one_sigma_supply_shock,TRUE,combined,vix,NA,NA
22,soybeans,0,one_sigma_supply_shock,TRUE,combined,vix,NA,NA
23,soybeans,0,one_sigma_supply_shock,TRUE,combined,vix,NA,NA
24,soybeans,0,one_sigma_supply_shock,TRUE,combined,vix,NA,NA
1,sugar_wld,0,one_sigma_supply_shock,TRUE,combined,vix,NA,NA
2,sugar_wld,0,one_sigma_supply_shock,TRUE,combined,vix,NA,NA
3,sugar_wld,0,one_sigma_supply_shock,TRUE,combined,vix,NA,NA
4,sugar_wld,0,one_sigma_supply_shock,TRUE,combined,vix,NA,NA
5,sugar_wld,0,one_sigma_supply_shock,TRUE,combined,vix,NA,NA
6,sugar_wld,0,one_sigma_supply_shock,TRUE,combined,vix,NA,NA
7,sugar_wld,0,one_sigma_supply_shock,TRUE,combined,vix,NA,NA
8,sugar_wld,0,one_sigma_supply_shock,TRUE,combined,vix,NA,NA
9,sugar_wld,0,one_sigma_supply_shock,TRUE,combined,vix,NA,NA
10,sugar_wld,0,one_sigma_supply_shock,TRUE,combined,vix,NA,NA
11,sugar_wld,0,one_sigma_supply_shock,TRUE,combined,vix,NA,NA
12,sugar_wld,0,one_sigma_supply_shock,TRUE,combined,vix,NA,NA
13,sugar_wld,0,one_sigma_supply_shock,TRUE,combined,vix,NA,NA
14,sugar_wld,0,one_sigma_supply_shock,TRUE,combined,vix,NA,NA
15,sugar_wld,0,one_sigma_supply_shock,TRUE,combined,vix,NA,NA
16,sugar_wld,0,one_sigma_supply_shock,TRUE,combined,vix,NA,NA
17,sugar_wld,0,one_sigma_supply_shock,TRUE,combined,vix,NA,NA
18,sugar_wld,0,one_sigma_supply_shock,TRUE,combined,vix,NA,NA
19,sugar_wld,0,one_sigma_supply_shock,TRUE,combined,vix,NA,NA
20,sugar_wld,0,one_sigma_supply_shock,TRUE,combined,vix,NA,NA
21,sugar_wld,0,one_sigma_supply_shock,TRUE,combined,vix,NA,NA
22,sugar_wld,0,one_sigma_supply_shock,TRUE,combined,vix,NA,NA
23,sugar_wld,0,one_sigma_supply_shock,TRUE,combined,vix,NA,NA
24,sugar_wld,0,one_sigma_supply_shock,TRUE,combined,vix,NA,NA
1,tin,0,one_sigma_supply_shock,TRUE,combined,vix,NA,NA
2,tin,0,one_sigma_supply_shock,TRUE,combined,vix,NA,NA
3,tin,0,one_sigma_supply_shock,TRUE,combined,vix,NA,NA
4,tin,0,one_sigma_supply_shock,TRUE,combined,vix,NA,NA
5,tin,0,one_sigma_supply_shock,TRUE,combined,vix,NA,NA
6,tin,0,one_sigma_supply_shock,TRUE,combined,vix,NA,NA
7,tin,0,one_sigma_supply_shock,TRUE,combined,vix,NA,NA
8,tin,0,one_sigma_supply_shock,TRUE,combined,vix,NA,NA
9,tin,0,one_sigma_supply_shock,TRUE,combined,vix,NA,NA
10,tin,0,one_sigma_supply_shock,TRUE,combined,vix,NA,NA
11,tin,0,one_sigma_supply_shock,TRUE,combined,vix,NA,NA
12,tin,0,one_sigma_supply_shock,TRUE,combined,vix,NA,NA
13,tin,0,one_sigma_supply_shock,TRUE,combined,vix,NA,NA
14,tin,0,one_sigma_supply_shock,TRUE,combined,vix,NA,NA
15,tin,0,one_sigma_supply_shock,TRUE,combined,vix,NA,NA
16,tin,0,one_sigma_supply_shock,TRUE,combined,vix,NA,NA
17,tin,0,one_sigma_supply_shock,TRUE,combined,vix,NA,NA
18,tin,0,one_sigma_supply_shock,TRUE,combined,vix,NA,NA
19,tin,0,one_sigma_supply_shock,TRUE,combined,vix,NA,NA
20,tin,0,one_sigma_supply_shock,TRUE,combined,vix,NA,NA
21,tin,0,one_sigma_supply_shock,TRUE,combined,vix,NA,NA
22,tin,0,one_sigma_supply_shock,TRUE,combined,vix,NA,NA
23,tin,0,one_sigma_supply_shock,TRUE,combined,vix,NA,NA
24,tin,0,one_sigma_supply_shock,TRUE,combined,vix,NA,NA
1,wheat_us_hrw,0,one_sigma_supply_shock,TRUE,combined,vix,NA,NA
2,wheat_us_hrw,0,one_sigma_supply_shock,TRUE,combined,vix,NA,NA
3,wheat_us_hrw,0,one_sigma_supply_shock,TRUE,combined,vix,NA,NA
4,wheat_us_hrw,0,one_sigma_supply_shock,TRUE,combined,vix,NA,NA
5,wheat_us_hrw,0,one_sigma_supply_shock,TRUE,combined,vix,NA,NA
6,wheat_us_hrw,0,one_sigma_supply_shock,TRUE,combined,vix,NA,NA
7,wheat_us_hrw,0,one_sigma_supply_shock,TRUE,combined,vix,NA,NA
8,wheat_us_hrw,0,one_sigma_supply_shock,TRUE,combined,vix,NA,NA
9,wheat_us_hrw,0,one_sigma_supply_shock,TRUE,combined,vix,NA,NA
10,wheat_us_hrw,0,one_sigma_supply_shock,TRUE,combined,vix,NA,NA
11,wheat_us_hrw,0,one_sigma_supply_shock,TRUE,combined,vix,NA,NA
12,wheat_us_hrw,0,one_sigma_supply_shock,TRUE,combined,vix,NA,NA
13,wheat_us_hrw,0,one_sigma_supply_shock,TRUE,combined,vix,NA,NA
14,wheat_us_hrw,0,one_sigma_supply_shock,TRUE,combined,vix,NA,NA
15,wheat_us_hrw,0,one_sigma_supply_shock,TRUE,combined,vix,NA,NA
16,wheat_us_hrw,0,one_sigma_supply_shock,TRUE,combined,vix,NA,NA
17,wheat_us_hrw,0,one_sigma_supply_shock,TRUE,combined,vix,NA,NA
18,wheat_us_hrw,0,one_sigma_supply_shock,TRUE,combined,vix,NA,NA
19,wheat_us_hrw,0,one_sigma_supply_shock,TRUE,combined,vix,NA,NA
20,wheat_us_hrw,0,one_sigma_supply_shock,TRUE,combined,vix,NA,NA
21,wheat_us_hrw,0,one_sigma_supply_shock,TRUE,combined,vix,NA,NA
22,wheat_us_hrw,0,one_sigma_supply_shock,TRUE,combined,vix,NA,NA
23,wheat_us_hrw,0,one_sigma_supply_shock,TRUE,combined,vix,NA,NA
24,wheat_us_hrw,0,one_sigma_supply_shock,TRUE,combined,vix,NA,NA
1,zinc,0,one_sigma_supply_shock,TRUE,combined,vix,NA,NA
2,zinc,0,one_sigma_supply_shock,TRUE,combined,vix,NA,NA
3,zinc,0,one_sigma_supply_shock,TRUE,combined,vix,NA,NA
4,zinc,0,one_sigma_supply_shock,TRUE,combined,vix,NA,NA
5,zinc,0,one_sigma_supply_shock,TRUE,combined,vix,NA,NA
6,zinc,0,one_sigma_supply_shock,TRUE,combined,vix,NA,NA
7,zinc,0,one_sigma_supply_shock,TRUE,combined,vix,NA,NA
8,zinc,0,one_sigma_supply_shock,TRUE,combined,vix,NA,NA
9,zinc,0,one_sigma_supply_shock,TRUE,combined,vix,NA,NA
10,zinc,0,one_sigma_supply_shock,TRUE,combined,vix,NA,NA
11,zinc,0,one_sigma_supply_shock,TRUE,combined,vix,NA,NA
12,zinc,0,one_sigma_supply_shock,TRUE,combined,vix,NA,NA
13,zinc,0,one_sigma_supply_shock,TRUE,combined,vix,NA,NA
14,zinc,0,one_sigma_supply_shock,TRUE,combined,vix,NA,NA
15,zinc,0,one_sigma_supply_shock,TRUE,combined,vix,NA,NA
16,zinc,0,one_sigma_supply_shock,TRUE,combined,vix,NA,NA
17,zinc,0,one_sigma_supply_shock,TRUE,combined,vix,NA,NA
18,zinc,0,one_sigma_supply_shock,TRUE,combined,vix,NA,NA
19,zinc,0,one_sigma_supply_shock,TRUE,combined,vix,NA,NA
20,zinc,0,one_sigma_supply_shock,TRUE,combined,vix,NA,NA
21,zinc,0,one_sigma_supply_shock,TRUE,combined,vix,NA,NA
22,zinc,0,one_sigma_supply_shock,TRUE,combined,vix,NA,NA
23,zinc,0,one_sigma_supply_shock,TRUE,combined,vix,NA,NA
24,zinc,0,one_sigma_supply_shock,TRUE,combined,vix,NA,NA
1,aluminium,0,one_sigma_supply_shock,FALSE,combined,vix,NA,NA
2,aluminium,0.5,one_sigma_supply_shock,FALSE,combined,vix,NA,NA
3,aluminium,0.17530765364890552,one_sigma_supply_shock,FALSE,combined,vix,NA,NA
4,aluminium,-0.058770319433605195,one_sigma_supply_shock,FALSE,combined,vix,NA,NA
5,aluminium,0.10661370356983421,one_sigma_supply_shock,FALSE,combined,vix,NA,NA
6,aluminium,0.12150696393094465,one_sigma_supply_shock,FALSE,combined,vix,NA,NA
7,aluminium,-0.1461818412261246,one_sigma_supply_shock,FALSE,combined,vix,NA,NA
8,aluminium,-0.21862383115489542,one_sigma_supply_shock,FALSE,combined,vix,NA,NA
9,aluminium,0.03805595488875226,one_sigma_supply_shock,FALSE,combined,vix,NA,NA
10,aluminium,0.08057969338464085,one_sigma_supply_shock,FALSE,combined,vix,NA,NA
11,aluminium,-0.1482448096842828,one_sigma_supply_shock,FALSE,combined,vix,NA,NA
12,aluminium,-0.08603682253850489,one_sigma_supply_shock,FALSE,combined,vix,NA,NA
13,aluminium,0,one_sigma_supply_shock,FALSE,combined,vix,NA,NA
14,aluminium,0,one_sigma_supply_shock,FALSE,combined,vix,NA,NA
15,aluminium,0,one_sigma_supply_shock,FALSE,combined,vix,NA,NA
16,aluminium,0,one_sigma_supply_shock,FALSE,combined,vix,NA,NA
17,aluminium,0,one_sigma_supply_shock,FALSE,combined,vix,NA,NA
18,aluminium,0,one_sigma_supply_shock,FALSE,combined,vix,NA,NA
19,aluminium,0,one_sigma_supply_shock,FALSE,combined,vix,NA,NA
20,aluminium,0,one_sigma_supply_shock,FALSE,combined,vix,NA,NA
21,aluminium,0,one_sigma_supply_shock,FALSE,combined,vix,NA,NA
22,aluminium,0,one_sigma_supply_shock,FALSE,combined,vix,NA,NA
23,aluminium,0,one_sigma_supply_shock,FALSE,combined,vix,NA,NA
24,aluminium,0,one_sigma_supply_shock,FALSE,combined,vix,NA,NA
1,cocoa,0,one_sigma_supply_shock,FALSE,combined,vix,NA,NA
2,cocoa,0,one_sigma_supply_shock,FALSE,combined,vix,NA,NA
3,cocoa,-0.2071303083430287,one_sigma_supply_shock,FALSE,combined,vix,NA,NA
4,cocoa,0.14073146949436904,one_sigma_supply_shock,FALSE,combined,vix,NA,NA
5,cocoa,0.20085453951571663,one_sigma_supply_shock,FALSE,combined,vix,NA,NA
6,cocoa,-0.2259732798669347,one_sigma_supply_shock,FALSE,combined,vix,NA,NA
7,cocoa,-0.20917839369431418,one_sigma_supply_shock,FALSE,combined,vix,NA,NA
8,cocoa,-0.06087428931252465,one_sigma_supply_shock,FALSE,combined,vix,NA,NA
9,cocoa,0.19519669813919452,one_sigma_supply_shock,FALSE,combined,vix,NA,NA
10,cocoa,-0.11921901639430582,one_sigma_supply_shock,FALSE,combined,vix,NA,NA
11,cocoa,-0.30572414647414825,one_sigma_supply_shock,FALSE,combined,vix,NA,NA
12,cocoa,-0.02296165356551387,one_sigma_supply_shock,FALSE,combined,vix,NA,NA
13,cocoa,0,one_sigma_supply_shock,FALSE,combined,vix,NA,NA
14,cocoa,0,one_sigma_supply_shock,FALSE,combined,vix,NA,NA
15,cocoa,0,one_sigma_supply_shock,FALSE,combined,vix,NA,NA
16,cocoa,0,one_sigma_supply_shock,FALSE,combined,vix,NA,NA
17,cocoa,0,one_sigma_supply_shock,FALSE,combined,vix,NA,NA
18,cocoa,0,one_sigma_supply_shock,FALSE,combined,vix,NA,NA
19,cocoa,0,one_sigma_supply_shock,FALSE,combined,vix,NA,NA
20,cocoa,0,one_sigma_supply_shock,FALSE,combined,vix,NA,NA
21,cocoa,0,one_sigma_supply_shock,FALSE,combined,vix,NA,NA
22,cocoa,0,one_sigma_supply_shock,FALSE,combined,vix,NA,NA
23,cocoa,0,one_sigma_supply_shock,FALSE,combined,vix,NA,NA
24,cocoa,0,one_sigma_supply_shock,FALSE,combined,vix,NA,NA
1,coffee_arabic,0,one_sigma_supply_shock,FALSE,combined,vix,NA,NA
2,coffee_arabic,0,one_sigma_supply_shock,FALSE,combined,vix,NA,NA
3,coffee_arabic,-0.024200278136942675,one_sigma_supply_shock,FALSE,combined,vix,NA,NA
4,coffee_arabic,0.11880942093088367,one_sigma_supply_shock,FALSE,combined,vix,NA,NA
5,coffee_arabic,0.024528387273106373,one_sigma_supply_shock,FALSE,combined,vix,NA,NA
6,coffee_arabic,0.06094303310020922,one_sigma_supply_shock,FALSE,combined,vix,NA,NA
7,coffee_arabic,-0.1343884347657732,one_sigma_supply_shock,FALSE,combined,vix,NA,NA
8,coffee_arabic,-0.09383021958184715,one_sigma_supply_shock,FALSE,combined,vix,NA,NA
9,coffee_arabic,0.08987847380977158,one_sigma_supply_shock,FALSE,combined,vix,NA,NA
10,coffee_arabic,0.06973109528825691,one_sigma_supply_shock,FALSE,combined,vix,NA,NA
11,coffee_arabic,-0.09372961526268783,one_sigma_supply_shock,FALSE,combined,vix,NA,NA
12,coffee_arabic,-0.09913358283964402,one_sigma_supply_shock,FALSE,combined,vix,NA,NA
13,coffee_arabic,0,one_sigma_supply_shock,FALSE,combined,vix,NA,NA
14,coffee_arabic,0,one_sigma_supply_shock,FALSE,combined,vix,NA,NA
15,coffee_arabic,0,one_sigma_supply_shock,FALSE,combined,vix,NA,NA
16,coffee_arabic,0,one_sigma_supply_shock,FALSE,combined,vix,NA,NA
17,coffee_arabic,0,one_sigma_supply_shock,FALSE,combined,vix,NA,NA
18,coffee_arabic,0,one_sigma_supply_shock,FALSE,combined,vix,NA,NA
19,coffee_arabic,0,one_sigma_supply_shock,FALSE,combined,vix,NA,NA
20,coffee_arabic,0,one_sigma_supply_shock,FALSE,combined,vix,NA,NA
21,coffee_arabic,0,one_sigma_supply_shock,FALSE,combined,vix,NA,NA
22,coffee_arabic,0,one_sigma_supply_shock,FALSE,combined,vix,NA,NA
23,coffee_arabic,0,one_sigma_supply_shock,FALSE,combined,vix,NA,NA
24,coffee_arabic,0,one_sigma_supply_shock,FALSE,combined,vix,NA,NA
1,copper,0,one_sigma_supply_shock,FALSE,combined,vix,NA,NA
2,copper,1,one_sigma_supply_shock,FALSE,combined,vix,NA,NA
3,copper,0.35265893960889483,one_sigma_supply_shock,FALSE,combined,vix,NA,NA
4,copper,-0.17380886388262068,one_sigma_supply_shock,FALSE,combined,vix,NA,NA
5,copper,0.0274524770551346,one_sigma_supply_shock,FALSE,combined,vix,NA,NA
6,copper,0.003381113253141231,one_sigma_supply_shock,FALSE,combined,vix,NA,NA
7,copper,-0.18493331147677541,one_sigma_supply_shock,FALSE,combined,vix,NA,NA
8,copper,-0.19073239023869484,one_sigma_supply_shock,FALSE,combined,vix,NA,NA
9,copper,0.05297554934756678,one_sigma_supply_shock,FALSE,combined,vix,NA,NA
10,copper,0.12189846138813501,one_sigma_supply_shock,FALSE,combined,vix,NA,NA
11,copper,-0.1313099495888907,one_sigma_supply_shock,FALSE,combined,vix,NA,NA
12,copper,-0.10380129550675476,one_sigma_supply_shock,FALSE,combined,vix,NA,NA
13,copper,0,one_sigma_supply_shock,FALSE,combined,vix,NA,NA
14,copper,0,one_sigma_supply_shock,FALSE,combined,vix,NA,NA
15,copper,0,one_sigma_supply_shock,FALSE,combined,vix,NA,NA
16,copper,0,one_sigma_supply_shock,FALSE,combined,vix,NA,NA
17,copper,0,one_sigma_supply_shock,FALSE,combined,vix,NA,NA
18,copper,0,one_sigma_supply_shock,FALSE,combined,vix,NA,NA
19,copper,0,one_sigma_supply_shock,FALSE,combined,vix,NA,NA
20,copper,0,one_sigma_supply_shock,FALSE,combined,vix,NA,NA
21,copper,0,one_sigma_supply_shock,FALSE,combined,vix,NA,NA
22,copper,0,one_sigma_supply_shock,FALSE,combined,vix,NA,NA
23,copper,0,one_sigma_supply_shock,FALSE,combined,vix,NA,NA
24,copper,0,one_sigma_supply_shock,FALSE,combined,vix,NA,NA
1,cotton_a_indx,0,one_sigma_supply_shock,FALSE,combined,vix,NA,NA
2,cotton_a_indx,0,one_sigma_supply_shock,FALSE,combined,vix,NA,NA
3,cotton_a_indx,0.11385882689616315,one_sigma_supply_shock,FALSE,combined,vix,NA,NA
4,cotton_a_indx,-0.02336554706702084,one_sigma_supply_shock,FALSE,combined,vix,NA,NA
5,cotton_a_indx,0.050070216759091894,one_sigma_supply_shock,FALSE,combined,vix,NA,NA
6,cotton_a_indx,0.05101600048165636,one_sigma_supply_shock,FALSE,combined,vix,NA,NA
7,cotton_a_indx,-0.12978649350783505,one_sigma_supply_shock,FALSE,combined,vix,NA,NA
8,cotton_a_indx,-0.18023171669809984,one_sigma_supply_shock,FALSE,combined,vix,NA,NA
9,cotton_a_indx,-0.03313728901077276,one_sigma_supply_shock,FALSE,combined,vix,NA,NA
10,cotton_a_indx,0.1346137078686146,one_sigma_supply_shock,FALSE,combined,vix,NA,NA
11,cotton_a_indx,0.0433842541262133,one_sigma_supply_shock,FALSE,combined,vix,NA,NA
12,cotton_a_indx,-0.06338054460083224,one_sigma_supply_shock,FALSE,combined,vix,NA,NA
13,cotton_a_indx,0,one_sigma_supply_shock,FALSE,combined,vix,NA,NA
14,cotton_a_indx,0,one_sigma_supply_shock,FALSE,combined,vix,NA,NA
15,cotton_a_indx,0,one_sigma_supply_shock,FALSE,combined,vix,NA,NA
16,cotton_a_indx,0,one_sigma_supply_shock,FALSE,combined,vix,NA,NA
17,cotton_a_indx,0,one_sigma_supply_shock,FALSE,combined,vix,NA,NA
18,cotton_a_indx,0,one_sigma_supply_shock,FALSE,combined,vix,NA,NA
19,cotton_a_indx,0,one_sigma_supply_shock,FALSE,combined,vix,NA,NA
20,cotton_a_indx,0,one_sigma_supply_shock,FALSE,combined,vix,NA,NA
21,cotton_a_indx,0,one_sigma_supply_shock,FALSE,combined,vix,NA,NA
22,cotton_a_indx,0,one_sigma_supply_shock,FALSE,combined,vix,NA,NA
23,cotton_a_indx,0,one_sigma_supply_shock,FALSE,combined,vix,NA,NA
24,cotton_a_indx,0,one_sigma_supply_shock,FALSE,combined,vix,NA,NA
1,crude_wti,0,one_sigma_supply_shock,FALSE,combined,vix,NA,NA
2,crude_wti,0,one_sigma_supply_shock,FALSE,combined,vix,NA,NA
3,crude_wti,0.021830708296137605,one_sigma_supply_shock,FALSE,combined,vix,NA,NA
4,crude_wti,0.1779988662947079,one_sigma_supply_shock,FALSE,combined,vix,NA,NA
5,crude_wti,0.13096505901177513,one_sigma_supply_shock,FALSE,combined,vix,NA,NA
6,crude_wti,-0.1359361192390702,one_sigma_supply_shock,FALSE,combined,vix,NA,NA
7,crude_wti,-0.06401561245900096,one_sigma_supply_shock,FALSE,combined,vix,NA,NA
8,crude_wti,-0.0608751173802364,one_sigma_supply_shock,FALSE,combined,vix,NA,NA
9,crude_wti,0.007853948041284968,one_sigma_supply_shock,FALSE,combined,vix,NA,NA
10,crude_wti,-0.03620003505611537,one_sigma_supply_shock,FALSE,combined,vix,NA,NA
11,crude_wti,-0.09175124077524249,one_sigma_supply_shock,FALSE,combined,vix,NA,NA
12,crude_wti,0.016587151598394988,one_sigma_supply_shock,FALSE,combined,vix,NA,NA
13,crude_wti,0,one_sigma_supply_shock,FALSE,combined,vix,NA,NA
14,crude_wti,0,one_sigma_supply_shock,FALSE,combined,vix,NA,NA
15,crude_wti,0,one_sigma_supply_shock,FALSE,combined,vix,NA,NA
16,crude_wti,0,one_sigma_supply_shock,FALSE,combined,vix,NA,NA
17,crude_wti,0,one_sigma_supply_shock,FALSE,combined,vix,NA,NA
18,crude_wti,0,one_sigma_supply_shock,FALSE,combined,vix,NA,NA
19,crude_wti,0,one_sigma_supply_shock,FALSE,combined,vix,NA,NA
20,crude_wti,0,one_sigma_supply_shock,FALSE,combined,vix,NA,NA
21,crude_wti,0,one_sigma_supply_shock,FALSE,combined,vix,NA,NA
22,crude_wti,0,one_sigma_supply_shock,FALSE,combined,vix,NA,NA
23,crude_wti,0,one_sigma_supply_shock,FALSE,combined,vix,NA,NA
24,crude_wti,0,one_sigma_supply_shock,FALSE,combined,vix,NA,NA
1,gold,0,one_sigma_supply_shock,FALSE,combined,vix,NA,NA
2,gold,0,one_sigma_supply_shock,FALSE,combined,vix,NA,NA
3,gold,-0.12423503093993077,one_sigma_supply_shock,FALSE,combined,vix,NA,NA
4,gold,-0.06279011116437151,one_sigma_supply_shock,FALSE,combined,vix,NA,NA
5,gold,-0.001408049452928304,one_sigma_supply_shock,FALSE,combined,vix,NA,NA
6,gold,-0.01810899863929755,one_sigma_supply_shock,FALSE,combined,vix,NA,NA
7,gold,-0.19112836993914809,one_sigma_supply_shock,FALSE,combined,vix,NA,NA
8,gold,-0.12067621520954327,one_sigma_supply_shock,FALSE,combined,vix,NA,NA
9,gold,0.11847090522970576,one_sigma_supply_shock,FALSE,combined,vix,NA,NA
10,gold,0.05035620606159753,one_sigma_supply_shock,FALSE,combined,vix,NA,NA
11,gold,-0.16851733064268756,one_sigma_supply_shock,FALSE,combined,vix,NA,NA
12,gold,-0.06771850628520576,one_sigma_supply_shock,FALSE,combined,vix,NA,NA
13,gold,0,one_sigma_supply_shock,FALSE,combined,vix,NA,NA
14,gold,0,one_sigma_supply_shock,FALSE,combined,vix,NA,NA
15,gold,0,one_sigma_supply_shock,FALSE,combined,vix,NA,NA
16,gold,0,one_sigma_supply_shock,FALSE,combined,vix,NA,NA
17,gold,0,one_sigma_supply_shock,FALSE,combined,vix,NA,NA
18,gold,0,one_sigma_supply_shock,FALSE,combined,vix,NA,NA
19,gold,0,one_sigma_supply_shock,FALSE,combined,vix,NA,NA
20,gold,0,one_sigma_supply_shock,FALSE,combined,vix,NA,NA
21,gold,0,one_sigma_supply_shock,FALSE,combined,vix,NA,NA
22,gold,0,one_sigma_supply_shock,FALSE,combined,vix,NA,NA
23,gold,0,one_sigma_supply_shock,FALSE,combined,vix,NA,NA
24,gold,0,one_sigma_supply_shock,FALSE,combined,vix,NA,NA
1,lead,0,one_sigma_supply_shock,FALSE,combined,vix,NA,NA
2,lead,0,one_sigma_supply_shock,FALSE,combined,vix,NA,NA
3,lead,0.18170561229539214,one_sigma_supply_shock,FALSE,combined,vix,NA,NA
4,lead,-0.2630342889985354,one_sigma_supply_shock,FALSE,combined,vix,NA,NA
5,lead,0.15226459157559302,one_sigma_supply_shock,FALSE,combined,vix,NA,NA
6,lead,-0.09580356976251647,one_sigma_supply_shock,FALSE,combined,vix,NA,NA
7,lead,-0.13147767707296545,one_sigma_supply_shock,FALSE,combined,vix,NA,NA
8,lead,-0.07202260016583739,one_sigma_supply_shock,FALSE,combined,vix,NA,NA
9,lead,0.03691946818864829,one_sigma_supply_shock,FALSE,combined,vix,NA,NA
10,lead,0.031168263135946814,one_sigma_supply_shock,FALSE,combined,vix,NA,NA
11,lead,-0.16992458607979632,one_sigma_supply_shock,FALSE,combined,vix,NA,NA
12,lead,-0.045989675075228595,one_sigma_supply_shock,FALSE,combined,vix,NA,NA
13,lead,0,one_sigma_supply_shock,FALSE,combined,vix,NA,NA
14,lead,0,one_sigma_supply_shock,FALSE,combined,vix,NA,NA
15,lead,0,one_sigma_supply_shock,FALSE,combined,vix,NA,NA
16,lead,0,one_sigma_supply_shock,FALSE,combined,vix,NA,NA
17,lead,0,one_sigma_supply_shock,FALSE,combined,vix,NA,NA
18,lead,0,one_sigma_supply_shock,FALSE,combined,vix,NA,NA
19,lead,0,one_sigma_supply_shock,FALSE,combined,vix,NA,NA
20,lead,0,one_sigma_supply_shock,FALSE,combined,vix,NA,NA
21,lead,0,one_sigma_supply_shock,FALSE,combined,vix,NA,NA
22,lead,0,one_sigma_supply_shock,FALSE,combined,vix,NA,NA
23,lead,0,one_sigma_supply_shock,FALSE,combined,vix,NA,NA
24,lead,0,one_sigma_supply_shock,FALSE,combined,vix,NA,NA
1,maize,0,one_sigma_supply_shock,FALSE,combined,vix,NA,NA
2,maize,0,one_sigma_supply_shock,FALSE,combined,vix,NA,NA
3,maize,0.046281465959613716,one_sigma_supply_shock,FALSE,combined,vix,NA,NA
4,maize,0.09999653289195173,one_sigma_supply_shock,FALSE,combined,vix,NA,NA
5,maize,-0.06296330740156032,one_sigma_supply_shock,FALSE,combined,vix,NA,NA
6,maize,-0.13445430039104722,one_sigma_supply_shock,FALSE,combined,vix,NA,NA
7,maize,0.009763976608745999,one_sigma_supply_shock,FALSE,combined,vix,NA,NA
8,maize,0.08218768168938967,one_sigma_supply_shock,FALSE,combined,vix,NA,NA
9,maize,0.025222456638196136,one_sigma_supply_shock,FALSE,combined,vix,NA,NA
10,maize,-0.021647189438138193,one_sigma_supply_shock,FALSE,combined,vix,NA,NA
11,maize,0.08963478161209028,one_sigma_supply_shock,FALSE,combined,vix,NA,NA
12,maize,0.08346301853715613,one_sigma_supply_shock,FALSE,combined,vix,NA,NA
13,maize,0,one_sigma_supply_shock,FALSE,combined,vix,NA,NA
14,maize,0,one_sigma_supply_shock,FALSE,combined,vix,NA,NA
15,maize,0,one_sigma_supply_shock,FALSE,combined,vix,NA,NA
16,maize,0,one_sigma_supply_shock,FALSE,combined,vix,NA,NA
17,maize,0,one_sigma_supply_shock,FALSE,combined,vix,NA,NA
18,maize,0,one_sigma_supply_shock,FALSE,combined,vix,NA,NA
19,maize,0,one_sigma_supply_shock,FALSE,combined,vix,NA,NA
20,maize,0,one_sigma_supply_shock,FALSE,combined,vix,NA,NA
21,maize,0,one_sigma_supply_shock,FALSE,combined,vix,NA,NA
22,maize,0,one_sigma_supply_shock,FALSE,combined,vix,NA,NA
23,maize,0,one_sigma_supply_shock,FALSE,combined,vix,NA,NA
24,maize,0,one_sigma_supply_shock,FALSE,combined,vix,NA,NA
1,ngas_us,0,one_sigma_supply_shock,FALSE,combined,vix,NA,NA
2,ngas_us,0,one_sigma_supply_shock,FALSE,combined,vix,NA,NA
3,ngas_us,-0.12982038630551496,one_sigma_supply_shock,FALSE,combined,vix,NA,NA
4,ngas_us,0.053205393029057864,one_sigma_supply_shock,FALSE,combined,vix,NA,NA
5,ngas_us,0.27615018011415066,one_sigma_supply_shock,FALSE,combined,vix,NA,NA
6,ngas_us,0.09153153741034789,one_sigma_supply_shock,FALSE,combined,vix,NA,NA
7,ngas_us,-0.2381174306009177,one_sigma_supply_shock,FALSE,combined,vix,NA,NA
8,ngas_us,-0.1242587733608151,one_sigma_supply_shock,FALSE,combined,vix,NA,NA
9,ngas_us,0.28015918809343676,one_sigma_supply_shock,FALSE,combined,vix,NA,NA
10,ngas_us,0.09666531010983184,one_sigma_supply_shock,FALSE,combined,vix,NA,NA
11,ngas_us,-0.2821045425741491,one_sigma_supply_shock,FALSE,combined,vix,NA,NA
12,ngas_us,-0.10261607318084194,one_sigma_supply_shock,FALSE,combined,vix,NA,NA
13,ngas_us,0,one_sigma_supply_shock,FALSE,combined,vix,NA,NA
14,ngas_us,0,one_sigma_supply_shock,FALSE,combined,vix,NA,NA
15,ngas_us,0,one_sigma_supply_shock,FALSE,combined,vix,NA,NA
16,ngas_us,0,one_sigma_supply_shock,FALSE,combined,vix,NA,NA
17,ngas_us,0,one_sigma_supply_shock,FALSE,combined,vix,NA,NA
18,ngas_us,0,one_sigma_supply_shock,FALSE,combined,vix,NA,NA
19,ngas_us,0,one_sigma_supply_shock,FALSE,combined,vix,NA,NA
20,ngas_us,0,one_sigma_supply_shock,FALSE,combined,vix,NA,NA
21,ngas_us,0,one_sigma_supply_shock,FALSE,combined,vix,NA,NA
22,ngas_us,0,one_sigma_supply_shock,FALSE,combined,vix,NA,NA
23,ngas_us,0,one_sigma_supply_shock,FALSE,combined,vix,NA,NA
24,ngas_us,0,one_sigma_supply_shock,FALSE,combined,vix,NA,NA
1,nickel,0,one_sigma_supply_shock,FALSE,combined,vix,NA,NA
2,nickel,0,one_sigma_supply_shock,FALSE,combined,vix,NA,NA
3,nickel,-0.055328507089901044,one_sigma_supply_shock,FALSE,combined,vix,NA,NA
4,nickel,-0.0816445347941964,one_sigma_supply_shock,FALSE,combined,vix,NA,NA
5,nickel,0.23956616280951734,one_sigma_supply_shock,FALSE,combined,vix,NA,NA
6,nickel,0.12318807320027271,one_sigma_supply_shock,FALSE,combined,vix,NA,NA
7,nickel,-0.28924263890231894,one_sigma_supply_shock,FALSE,combined,vix,NA,NA
8,nickel,-0.26829361170169463,one_sigma_supply_shock,FALSE,combined,vix,NA,NA
9,nickel,0.14947946990432992,one_sigma_supply_shock,FALSE,combined,vix,NA,NA
10,nickel,0.20027849215963578,one_sigma_supply_shock,FALSE,combined,vix,NA,NA
11,nickel,-0.18189908366959778,one_sigma_supply_shock,FALSE,combined,vix,NA,NA
12,nickel,-0.19929836743275584,one_sigma_supply_shock,FALSE,combined,vix,NA,NA
13,nickel,0,one_sigma_supply_shock,FALSE,combined,vix,NA,NA
14,nickel,0,one_sigma_supply_shock,FALSE,combined,vix,NA,NA
15,nickel,0,one_sigma_supply_shock,FALSE,combined,vix,NA,NA
16,nickel,0,one_sigma_supply_shock,FALSE,combined,vix,NA,NA
17,nickel,0,one_sigma_supply_shock,FALSE,combined,vix,NA,NA
18,nickel,0,one_sigma_supply_shock,FALSE,combined,vix,NA,NA
19,nickel,0,one_sigma_supply_shock,FALSE,combined,vix,NA,NA
20,nickel,0,one_sigma_supply_shock,FALSE,combined,vix,NA,NA
21,nickel,0,one_sigma_supply_shock,FALSE,combined,vix,NA,NA
22,nickel,0,one_sigma_supply_shock,FALSE,combined,vix,NA,NA
23,nickel,0,one_sigma_supply_shock,FALSE,combined,vix,NA,NA
24,nickel,0,one_sigma_supply_shock,FALSE,combined,vix,NA,NA
1,platinum,0,one_sigma_supply_shock,FALSE,combined,vix,NA,NA
2,platinum,0,one_sigma_supply_shock,FALSE,combined,vix,NA,NA
3,platinum,0.12967244061270358,one_sigma_supply_shock,FALSE,combined,vix,NA,NA
4,platinum,-0.12144461809968303,one_sigma_supply_shock,FALSE,combined,vix,NA,NA
5,platinum,0.00774164075297234,one_sigma_supply_shock,FALSE,combined,vix,NA,NA
6,platinum,0.03260584122836818,one_sigma_supply_shock,FALSE,combined,vix,NA,NA
7,platinum,-0.11473341128349085,one_sigma_supply_shock,FALSE,combined,vix,NA,NA
8,platinum,-0.15822694475792984,one_sigma_supply_shock,FALSE,combined,vix,NA,NA
9,platinum,0.1241064925220593,one_sigma_supply_shock,FALSE,combined,vix,NA,NA
10,platinum,0.18467799281504385,one_sigma_supply_shock,FALSE,combined,vix,NA,NA
11,platinum,-0.1449851019022786,one_sigma_supply_shock,FALSE,combined,vix,NA,NA
12,platinum,-0.14225741244021375,one_sigma_supply_shock,FALSE,combined,vix,NA,NA
13,platinum,0,one_sigma_supply_shock,FALSE,combined,vix,NA,NA
14,platinum,0,one_sigma_supply_shock,FALSE,combined,vix,NA,NA
15,platinum,0,one_sigma_supply_shock,FALSE,combined,vix,NA,NA
16,platinum,0,one_sigma_supply_shock,FALSE,combined,vix,NA,NA
17,platinum,0,one_sigma_supply_shock,FALSE,combined,vix,NA,NA
18,platinum,0,one_sigma_supply_shock,FALSE,combined,vix,NA,NA
19,platinum,0,one_sigma_supply_shock,FALSE,combined,vix,NA,NA
20,platinum,0,one_sigma_supply_shock,FALSE,combined,vix,NA,NA
21,platinum,0,one_sigma_supply_shock,FALSE,combined,vix,NA,NA
22,platinum,0,one_sigma_supply_shock,FALSE,combined,vix,NA,NA
23,platinum,0,one_sigma_supply_shock,FALSE,combined,vix,NA,NA
24,platinum,0,one_sigma_supply_shock,FALSE,combined,vix,NA,NA
1,silver,0,one_sigma_supply_shock,FALSE,combined,vix,NA,NA
2,silver,0,one_sigma_supply_shock,FALSE,combined,vix,NA,NA
3,silver,0.06975511134321957,one_sigma_supply_shock,FALSE,combined,vix,NA,NA
4,silver,0.029684572805925548,one_sigma_supply_shock,FALSE,combined,vix,NA,NA
5,silver,-0.18329124296379223,one_sigma_supply_shock,FALSE,combined,vix,NA,NA
6,silver,-0.025582386483372216,one_sigma_supply_shock,FALSE,combined,vix,NA,NA
7,silver,-0.03739599896260141,one_sigma_supply_shock,FALSE,combined,vix,NA,NA
8,silver,-0.06523186515158783,one_sigma_supply_shock,FALSE,combined,vix,NA,NA
9,silver,0.043245097056899474,one_sigma_supply_shock,FALSE,combined,vix,NA,NA
10,silver,0.08081911651467835,one_sigma_supply_shock,FALSE,combined,vix,NA,NA
11,silver,-0.039025578157522486,one_sigma_supply_shock,FALSE,combined,vix,NA,NA
12,silver,-0.04770672298665933,one_sigma_supply_shock,FALSE,combined,vix,NA,NA
13,silver,0,one_sigma_supply_shock,FALSE,combined,vix,NA,NA
14,silver,0,one_sigma_supply_shock,FALSE,combined,vix,NA,NA
15,silver,0,one_sigma_supply_shock,FALSE,combined,vix,NA,NA
16,silver,0,one_sigma_supply_shock,FALSE,combined,vix,NA,NA
17,silver,0,one_sigma_supply_shock,FALSE,combined,vix,NA,NA
18,silver,0,one_sigma_supply_shock,FALSE,combined,vix,NA,NA
19,silver,0,one_sigma_supply_shock,FALSE,combined,vix,NA,NA
20,silver,0,one_sigma_supply_shock,FALSE,combined,vix,NA,NA
21,silver,0,one_sigma_supply_shock,FALSE,combined,vix,NA,NA
22,silver,0,one_sigma_supply_shock,FALSE,combined,vix,NA,NA
23,silver,0,one_sigma_supply_shock,FALSE,combined,vix,NA,NA
24,silver,0,one_sigma_supply_shock,FALSE,combined,vix,NA,NA
1,soybeans,0,one_sigma_supply_shock,FALSE,combined,vix,NA,NA
2,soybeans,0,one_sigma_supply_shock,FALSE,combined,vix,NA,NA
3,soybeans,-0.07233314384049133,one_sigma_supply_shock,FALSE,combined,vix,NA,NA
4,soybeans,0.044786550804667986,one_sigma_supply_shock,FALSE,combined,vix,NA,NA
5,soybeans,0.0172101818054642,one_sigma_supply_shock,FALSE,combined,vix,NA,NA
6,soybeans,-0.030951010600564842,one_sigma_supply_shock,FALSE,combined,vix,NA,NA
7,soybeans,-0.06604993041299777,one_sigma_supply_shock,FALSE,combined,vix,NA,NA
8,soybeans,0.03224400061359668,one_sigma_supply_shock,FALSE,combined,vix,NA,NA
9,soybeans,0.025208384683849866,one_sigma_supply_shock,FALSE,combined,vix,NA,NA
10,soybeans,-0.05178265190501852,one_sigma_supply_shock,FALSE,combined,vix,NA,NA
11,soybeans,0.010775898928921496,one_sigma_supply_shock,FALSE,combined,vix,NA,NA
12,soybeans,0.08224969306754722,one_sigma_supply_shock,FALSE,combined,vix,NA,NA
13,soybeans,0,one_sigma_supply_shock,FALSE,combined,vix,NA,NA
14,soybeans,0,one_sigma_supply_shock,FALSE,combined,vix,NA,NA
15,soybeans,0,one_sigma_supply_shock,FALSE,combined,vix,NA,NA
16,soybeans,0,one_sigma_supply_shock,FALSE,combined,vix,NA,NA
17,soybeans,0,one_sigma_supply_shock,FALSE,combined,vix,NA,NA
18,soybeans,0,one_sigma_supply_shock,FALSE,combined,vix,NA,NA
19,soybeans,0,one_sigma_supply_shock,FALSE,combined,vix,NA,NA
20,soybeans,0,one_sigma_supply_shock,FALSE,combined,vix,NA,NA
21,soybeans,0,one_sigma_supply_shock,FALSE,combined,vix,NA,NA
22,soybeans,0,one_sigma_supply_shock,FALSE,combined,vix,NA,NA
23,soybeans,0,one_sigma_supply_shock,FALSE,combined,vix,NA,NA
24,soybeans,0,one_sigma_supply_shock,FALSE,combined,vix,NA,NA
1,sugar_wld,0,one_sigma_supply_shock,FALSE,combined,vix,NA,NA
2,sugar_wld,0,one_sigma_supply_shock,FALSE,combined,vix,NA,NA
3,sugar_wld,0.04777378365904523,one_sigma_supply_shock,FALSE,combined,vix,NA,NA
4,sugar_wld,-0.043740432036321455,one_sigma_supply_shock,FALSE,combined,vix,NA,NA
5,sugar_wld,-0.06358553379571301,one_sigma_supply_shock,FALSE,combined,vix,NA,NA
6,sugar_wld,0.13817130685950738,one_sigma_supply_shock,FALSE,combined,vix,NA,NA
7,sugar_wld,-0.08223346331695634,one_sigma_supply_shock,FALSE,combined,vix,NA,NA
8,sugar_wld,-0.2574507513323673,one_sigma_supply_shock,FALSE,combined,vix,NA,NA
9,sugar_wld,0.002633681285534699,one_sigma_supply_shock,FALSE,combined,vix,NA,NA
10,sugar_wld,0.0973353643720026,one_sigma_supply_shock,FALSE,combined,vix,NA,NA
11,sugar_wld,-0.0873135995720047,one_sigma_supply_shock,FALSE,combined,vix,NA,NA
12,sugar_wld,-0.20725785967144233,one_sigma_supply_shock,FALSE,combined,vix,NA,NA
13,sugar_wld,0,one_sigma_supply_shock,FALSE,combined,vix,NA,NA
14,sugar_wld,0,one_sigma_supply_shock,FALSE,combined,vix,NA,NA
15,sugar_wld,0,one_sigma_supply_shock,FALSE,combined,vix,NA,NA
16,sugar_wld,0,one_sigma_supply_shock,FALSE,combined,vix,NA,NA
17,sugar_wld,0,one_sigma_supply_shock,FALSE,combined,vix,NA,NA
18,sugar_wld,0,one_sigma_supply_shock,FALSE,combined,vix,NA,NA
19,sugar_wld,0,one_sigma_supply_shock,FALSE,combined,vix,NA,NA
20,sugar_wld,0,one_sigma_supply_shock,FALSE,combined,vix,NA,NA
21,sugar_wld,0,one_sigma_supply_shock,FALSE,combined,vix,NA,NA
22,sugar_wld,0,one_sigma_supply_shock,FALSE,combined,vix,NA,NA
23,sugar_wld,0,one_sigma_supply_shock,FALSE,combined,vix,NA,NA
24,sugar_wld,0,one_sigma_supply_shock,FALSE,combined,vix,NA,NA
1,tin,0,one_sigma_supply_shock,FALSE,combined,vix,NA,NA
2,tin,0,one_sigma_supply_shock,FALSE,combined,vix,NA,NA
3,tin,0.15069899790381167,one_sigma_supply_shock,FALSE,combined,vix,NA,NA
4,tin,-0.001488324796794161,one_sigma_supply_shock,FALSE,combined,vix,NA,NA
5,tin,0.06644703131043087,one_sigma_supply_shock,FALSE,combined,vix,NA,NA
6,tin,-0.009229583973923325,one_sigma_supply_shock,FALSE,combined,vix,NA,NA
7,tin,-0.15557956849170565,one_sigma_supply_shock,FALSE,combined,vix,NA,NA
8,tin,-0.13598505422648072,one_sigma_supply_shock,FALSE,combined,vix,NA,NA
9,tin,0.07713071838945904,one_sigma_supply_shock,FALSE,combined,vix,NA,NA
10,tin,0.16765513764561,one_sigma_supply_shock,FALSE,combined,vix,NA,NA
11,tin,-0.0506551762467474,one_sigma_supply_shock,FALSE,combined,vix,NA,NA
12,tin,-0.0171630643664073,one_sigma_supply_shock,FALSE,combined,vix,NA,NA
13,tin,0,one_sigma_supply_shock,FALSE,combined,vix,NA,NA
14,tin,0,one_sigma_supply_shock,FALSE,combined,vix,NA,NA
15,tin,0,one_sigma_supply_shock,FALSE,combined,vix,NA,NA
16,tin,0,one_sigma_supply_shock,FALSE,combined,vix,NA,NA
17,tin,0,one_sigma_supply_shock,FALSE,combined,vix,NA,NA
18,tin,0,one_sigma_supply_shock,FALSE,combined,vix,NA,NA
19,tin,0,one_sigma_supply_shock,FALSE,combined,vix,NA,NA
20,tin,0,one_sigma_supply_shock,FALSE,combined,vix,NA,NA
21,tin,0,one_sigma_supply_shock,FALSE,combined,vix,NA,NA
22,tin,0,one_sigma_supply_shock,FALSE,combined,vix,NA,NA
23,tin,0,one_sigma_supply_shock,FALSE,combined,vix,NA,NA
24,tin,0,one_sigma_supply_shock,FALSE,combined,vix,NA,NA
1,wheat_us_hrw,0,one_sigma_supply_shock,FALSE,combined,vix,NA,NA
2,wheat_us_hrw,0,one_sigma_supply_shock,FALSE,combined,vix,NA,NA
3,wheat_us_hrw,-0.08685161009112274,one_sigma_supply_shock,FALSE,combined,vix,NA,NA
4,wheat_us_hrw,-0.012233053774399823,one_sigma_supply_shock,FALSE,combined,vix,NA,NA
5,wheat_us_hrw,0.09480284040874089,one_sigma_supply_shock,FALSE,combined,vix,NA,NA
6,wheat_us_hrw,0.0013594293220637772,one_sigma_supply_shock,FALSE,combined,vix,NA,NA
7,wheat_us_hrw,-0.2224286771255246,one_sigma_supply_shock,FALSE,combined,vix,NA,NA
8,wheat_us_hrw,-0.14303314591457308,one_sigma_supply_shock,FALSE,combined,vix,NA,NA
9,wheat_us_hrw,0.23023752521719087,one_sigma_supply_shock,FALSE,combined,vix,NA,NA
10,wheat_us_hrw,0.18165801462228232,one_sigma_supply_shock,FALSE,combined,vix,NA,NA
11,wheat_us_hrw,-0.12053568356853149,one_sigma_supply_shock,FALSE,combined,vix,NA,NA
12,wheat_us_hrw,-0.13627755482923493,one_sigma_supply_shock,FALSE,combined,vix,NA,NA
13,wheat_us_hrw,0,one_sigma_supply_shock,FALSE,combined,vix,NA,NA
14,wheat_us_hrw,0,one_sigma_supply_shock,FALSE,combined,vix,NA,NA
15,wheat_us_hrw,0,one_sigma_supply_shock,FALSE,combined,vix,NA,NA
16,wheat_us_hrw,0,one_sigma_supply_shock,FALSE,combined,vix,NA,NA
17,wheat_us_hrw,0,one_sigma_supply_shock,FALSE,combined,vix,NA,NA
18,wheat_us_hrw,0,one_sigma_supply_shock,FALSE,combined,vix,NA,NA
19,wheat_us_hrw,0,one_sigma_supply_shock,FALSE,combined,vix,NA,NA
20,wheat_us_hrw,0,one_sigma_supply_shock,FALSE,combined,vix,NA,NA
21,wheat_us_hrw,0,one_sigma_supply_shock,FALSE,combined,vix,NA,NA
22,wheat_us_hrw,0,one_sigma_supply_shock,FALSE,combined,vix,NA,NA
23,wheat_us_hrw,0,one_sigma_supply_shock,FALSE,combined,vix,NA,NA
24,wheat_us_hrw,0,one_sigma_supply_shock,FALSE,combined,vix,NA,NA
1,zinc,0,one_sigma_supply_shock,FALSE,combined,vix,NA,NA
2,zinc,0,one_sigma_supply_shock,FALSE,combined,vix,NA,NA
3,zinc,0.23190348695122298,one_sigma_supply_shock,FALSE,combined,vix,NA,NA
4,zinc,1.1465543015515799e-5,one_sigma_supply_shock,FALSE,combined,vix,NA,NA
5,zinc,0.015000983302637435,one_sigma_supply_shock,FALSE,combined,vix,NA,NA
6,zinc,-0.09968282960837585,one_sigma_supply_shock,FALSE,combined,vix,NA,NA
7,zinc,-0.07858199309034394,one_sigma_supply_shock,FALSE,combined,vix,NA,NA
8,zinc,-0.06030351046446811,one_sigma_supply_shock,FALSE,combined,vix,NA,NA
9,zinc,0.02540454601983988,one_sigma_supply_shock,FALSE,combined,vix,NA,NA
10,zinc,0.0589090096424322,one_sigma_supply_shock,FALSE,combined,vix,NA,NA
11,zinc,-0.10070127222784606,one_sigma_supply_shock,FALSE,combined,vix,NA,NA
12,zinc,-0.030676540826934287,one_sigma_supply_shock,FALSE,combined,vix,NA,NA
13,zinc,0,one_sigma_supply_shock,FALSE,combined,vix,NA,NA
14,zinc,0,one_sigma_supply_shock,FALSE,combined,vix,NA,NA
15,zinc,0,one_sigma_supply_shock,FALSE,combined,vix,NA,NA
16,zinc,0,one_sigma_supply_shock,FALSE,combined,vix,NA,NA
17,zinc,0,one_sigma_supply_shock,FALSE,combined,vix,NA,NA
18,zinc,0,one_sigma_supply_shock,FALSE,combined,vix,NA,NA
19,zinc,0,one_sigma_supply_shock,FALSE,combined,vix,NA,NA
20,zinc,0,one_sigma_supply_shock,FALSE,combined,vix,NA,NA
21,zinc,0,one_sigma_supply_shock,FALSE,combined,vix,NA,NA
22,zinc,0,one_sigma_supply_shock,FALSE,combined,vix,NA,NA
23,zinc,0,one_sigma_supply_shock,FALSE,combined,vix,NA,NA
24,zinc,0,one_sigma_supply_shock,FALSE,combined,vix,NA,NA
1,aluminium,0,girf-ngas-1sigma,TRUE,combined,vix,NA,NA
2,aluminium,0,girf-ngas-1sigma,TRUE,combined,vix,NA,NA
3,aluminium,0,girf-ngas-1sigma,TRUE,combined,vix,NA,NA
4,aluminium,0,girf-ngas-1sigma,TRUE,combined,vix,NA,NA
5,aluminium,0,girf-ngas-1sigma,TRUE,combined,vix,NA,NA
6,aluminium,0,girf-ngas-1sigma,TRUE,combined,vix,NA,NA
7,aluminium,0,girf-ngas-1sigma,TRUE,combined,vix,NA,NA
8,aluminium,0,girf-ngas-1sigma,TRUE,combined,vix,NA,NA
9,aluminium,0,girf-ngas-1sigma,TRUE,combined,vix,NA,NA
10,aluminium,0,girf-ngas-1sigma,TRUE,combined,vix,NA,NA
11,aluminium,0,girf-ngas-1sigma,TRUE,combined,vix,NA,NA
12,aluminium,0,girf-ngas-1sigma,TRUE,combined,vix,NA,NA
13,aluminium,0,girf-ngas-1sigma,TRUE,combined,vix,NA,NA
14,aluminium,0,girf-ngas-1sigma,TRUE,combined,vix,NA,NA
15,aluminium,0,girf-ngas-1sigma,TRUE,combined,vix,NA,NA
16,aluminium,0,girf-ngas-1sigma,TRUE,combined,vix,NA,NA
17,aluminium,0,girf-ngas-1sigma,TRUE,combined,vix,NA,NA
18,aluminium,0,girf-ngas-1sigma,TRUE,combined,vix,NA,NA
19,aluminium,0,girf-ngas-1sigma,TRUE,combined,vix,NA,NA
20,aluminium,0,girf-ngas-1sigma,TRUE,combined,vix,NA,NA
21,aluminium,0,girf-ngas-1sigma,TRUE,combined,vix,NA,NA
22,aluminium,0,girf-ngas-1sigma,TRUE,combined,vix,NA,NA
23,aluminium,0,girf-ngas-1sigma,TRUE,combined,vix,NA,NA
24,aluminium,0,girf-ngas-1sigma,TRUE,combined,vix,NA,NA
1,cocoa,0,girf-ngas-1sigma,TRUE,combined,vix,NA,NA
2,cocoa,0,girf-ngas-1sigma,TRUE,combined,vix,NA,NA
3,cocoa,0,girf-ngas-1sigma,TRUE,combined,vix,NA,NA
4,cocoa,0,girf-ngas-1sigma,TRUE,combined,vix,NA,NA
5,cocoa,0,girf-ngas-1sigma,TRUE,combined,vix,NA,NA
6,cocoa,0,girf-ngas-1sigma,TRUE,combined,vix,NA,NA
7,cocoa,0,girf-ngas-1sigma,TRUE,combined,vix,NA,NA
8,cocoa,0,girf-ngas-1sigma,TRUE,combined,vix,NA,NA
9,cocoa,0,girf-ngas-1sigma,TRUE,combined,vix,NA,NA
10,cocoa,0,girf-ngas-1sigma,TRUE,combined,vix,NA,NA
11,cocoa,0,girf-ngas-1sigma,TRUE,combined,vix,NA,NA
12,cocoa,0,girf-ngas-1sigma,TRUE,combined,vix,NA,NA
13,cocoa,0,girf-ngas-1sigma,TRUE,combined,vix,NA,NA
14,cocoa,0,girf-ngas-1sigma,TRUE,combined,vix,NA,NA
15,cocoa,0,girf-ngas-1sigma,TRUE,combined,vix,NA,NA
16,cocoa,0,girf-ngas-1sigma,TRUE,combined,vix,NA,NA
17,cocoa,0,girf-ngas-1sigma,TRUE,combined,vix,NA,NA
18,cocoa,0,girf-ngas-1sigma,TRUE,combined,vix,NA,NA
19,cocoa,0,girf-ngas-1sigma,TRUE,combined,vix,NA,NA
20,cocoa,0,girf-ngas-1sigma,TRUE,combined,vix,NA,NA
21,cocoa,0,girf-ngas-1sigma,TRUE,combined,vix,NA,NA
22,cocoa,0,girf-ngas-1sigma,TRUE,combined,vix,NA,NA
23,cocoa,0,girf-ngas-1sigma,TRUE,combined,vix,NA,NA
24,cocoa,0,girf-ngas-1sigma,TRUE,combined,vix,NA,NA
1,coffee_arabic,0,girf-ngas-1sigma,TRUE,combined,vix,NA,NA
2,coffee_arabic,0,girf-ngas-1sigma,TRUE,combined,vix,NA,NA
3,coffee_arabic,0,girf-ngas-1sigma,TRUE,combined,vix,NA,NA
4,coffee_arabic,0,girf-ngas-1sigma,TRUE,combined,vix,NA,NA
5,coffee_arabic,0,girf-ngas-1sigma,TRUE,combined,vix,NA,NA
6,coffee_arabic,0,girf-ngas-1sigma,TRUE,combined,vix,NA,NA
7,coffee_arabic,0,girf-ngas-1sigma,TRUE,combined,vix,NA,NA
8,coffee_arabic,0,girf-ngas-1sigma,TRUE,combined,vix,NA,NA
9,coffee_arabic,0,girf-ngas-1sigma,TRUE,combined,vix,NA,NA
10,coffee_arabic,0,girf-ngas-1sigma,TRUE,combined,vix,NA,NA
11,coffee_arabic,0,girf-ngas-1sigma,TRUE,combined,vix,NA,NA
12,coffee_arabic,0,girf-ngas-1sigma,TRUE,combined,vix,NA,NA
13,coffee_arabic,0,girf-ngas-1sigma,TRUE,combined,vix,NA,NA
14,coffee_arabic,0,girf-ngas-1sigma,TRUE,combined,vix,NA,NA
15,coffee_arabic,0,girf-ngas-1sigma,TRUE,combined,vix,NA,NA
16,coffee_arabic,0,girf-ngas-1sigma,TRUE,combined,vix,NA,NA
17,coffee_arabic,0,girf-ngas-1sigma,TRUE,combined,vix,NA,NA
18,coffee_arabic,0,girf-ngas-1sigma,TRUE,combined,vix,NA,NA
19,coffee_arabic,0,girf-ngas-1sigma,TRUE,combined,vix,NA,NA
20,coffee_arabic,0,girf-ngas-1sigma,TRUE,combined,vix,NA,NA
21,coffee_arabic,0,girf-ngas-1sigma,TRUE,combined,vix,NA,NA
22,coffee_arabic,0,girf-ngas-1sigma,TRUE,combined,vix,NA,NA
23,coffee_arabic,0,girf-ngas-1sigma,TRUE,combined,vix,NA,NA
24,coffee_arabic,0,girf-ngas-1sigma,TRUE,combined,vix,NA,NA
1,copper,0,girf-ngas-1sigma,TRUE,combined,vix,NA,NA
2,copper,0,girf-ngas-1sigma,TRUE,combined,vix,NA,NA
3,copper,0,girf-ngas-1sigma,TRUE,combined,vix,NA,NA
4,copper,0,girf-ngas-1sigma,TRUE,combined,vix,NA,NA
5,copper,0,girf-ngas-1sigma,TRUE,combined,vix,NA,NA
6,copper,0,girf-ngas-1sigma,TRUE,combined,vix,NA,NA
7,copper,0,girf-ngas-1sigma,TRUE,combined,vix,NA,NA
8,copper,0,girf-ngas-1sigma,TRUE,combined,vix,NA,NA
9,copper,0,girf-ngas-1sigma,TRUE,combined,vix,NA,NA
10,copper,0,girf-ngas-1sigma,TRUE,combined,vix,NA,NA
11,copper,0,girf-ngas-1sigma,TRUE,combined,vix,NA,NA
12,copper,0,girf-ngas-1sigma,TRUE,combined,vix,NA,NA
13,copper,0,girf-ngas-1sigma,TRUE,combined,vix,NA,NA
14,copper,0,girf-ngas-1sigma,TRUE,combined,vix,NA,NA
15,copper,0,girf-ngas-1sigma,TRUE,combined,vix,NA,NA
16,copper,0,girf-ngas-1sigma,TRUE,combined,vix,NA,NA
17,copper,0,girf-ngas-1sigma,TRUE,combined,vix,NA,NA
18,copper,0,girf-ngas-1sigma,TRUE,combined,vix,NA,NA
19,copper,0,girf-ngas-1sigma,TRUE,combined,vix,NA,NA
20,copper,0,girf-ngas-1sigma,TRUE,combined,vix,NA,NA
21,copper,0,girf-ngas-1sigma,TRUE,combined,vix,NA,NA
22,copper,0,girf-ngas-1sigma,TRUE,combined,vix,NA,NA
23,copper,0,girf-ngas-1sigma,TRUE,combined,vix,NA,NA
24,copper,0,girf-ngas-1sigma,TRUE,combined,vix,NA,NA
1,cotton_a_indx,0,girf-ngas-1sigma,TRUE,combined,vix,NA,NA
2,cotton_a_indx,0,girf-ngas-1sigma,TRUE,combined,vix,NA,NA
3,cotton_a_indx,0,girf-ngas-1sigma,TRUE,combined,vix,NA,NA
4,cotton_a_indx,0,girf-ngas-1sigma,TRUE,combined,vix,NA,NA
5,cotton_a_indx,0,girf-ngas-1sigma,TRUE,combined,vix,NA,NA
6,cotton_a_indx,0,girf-ngas-1sigma,TRUE,combined,vix,NA,NA
7,cotton_a_indx,0,girf-ngas-1sigma,TRUE,combined,vix,NA,NA
8,cotton_a_indx,0,girf-ngas-1sigma,TRUE,combined,vix,NA,NA
9,cotton_a_indx,0,girf-ngas-1sigma,TRUE,combined,vix,NA,NA
10,cotton_a_indx,0,girf-ngas-1sigma,TRUE,combined,vix,NA,NA
11,cotton_a_indx,0,girf-ngas-1sigma,TRUE,combined,vix,NA,NA
12,cotton_a_indx,0,girf-ngas-1sigma,TRUE,combined,vix,NA,NA
13,cotton_a_indx,0,girf-ngas-1sigma,TRUE,combined,vix,NA,NA
14,cotton_a_indx,0,girf-ngas-1sigma,TRUE,combined,vix,NA,NA
15,cotton_a_indx,0,girf-ngas-1sigma,TRUE,combined,vix,NA,NA
16,cotton_a_indx,0,girf-ngas-1sigma,TRUE,combined,vix,NA,NA
17,cotton_a_indx,0,girf-ngas-1sigma,TRUE,combined,vix,NA,NA
18,cotton_a_indx,0,girf-ngas-1sigma,TRUE,combined,vix,NA,NA
19,cotton_a_indx,0,girf-ngas-1sigma,TRUE,combined,vix,NA,NA
20,cotton_a_indx,0,girf-ngas-1sigma,TRUE,combined,vix,NA,NA
21,cotton_a_indx,0,girf-ngas-1sigma,TRUE,combined,vix,NA,NA
22,cotton_a_indx,0,girf-ngas-1sigma,TRUE,combined,vix,NA,NA
23,cotton_a_indx,0,girf-ngas-1sigma,TRUE,combined,vix,NA,NA
24,cotton_a_indx,0,girf-ngas-1sigma,TRUE,combined,vix,NA,NA
1,crude_wti,0,girf-ngas-1sigma,TRUE,combined,vix,NA,NA
2,crude_wti,0,girf-ngas-1sigma,TRUE,combined,vix,NA,NA
3,crude_wti,0,girf-ngas-1sigma,TRUE,combined,vix,NA,NA
4,crude_wti,0,girf-ngas-1sigma,TRUE,combined,vix,NA,NA
5,crude_wti,0,girf-ngas-1sigma,TRUE,combined,vix,NA,NA
6,crude_wti,0,girf-ngas-1sigma,TRUE,combined,vix,NA,NA
7,crude_wti,0,girf-ngas-1sigma,TRUE,combined,vix,NA,NA
8,crude_wti,0,girf-ngas-1sigma,TRUE,combined,vix,NA,NA
9,crude_wti,0,girf-ngas-1sigma,TRUE,combined,vix,NA,NA
10,crude_wti,0,girf-ngas-1sigma,TRUE,combined,vix,NA,NA
11,crude_wti,0,girf-ngas-1sigma,TRUE,combined,vix,NA,NA
12,crude_wti,0,girf-ngas-1sigma,TRUE,combined,vix,NA,NA
13,crude_wti,0,girf-ngas-1sigma,TRUE,combined,vix,NA,NA
14,crude_wti,0,girf-ngas-1sigma,TRUE,combined,vix,NA,NA
15,crude_wti,0,girf-ngas-1sigma,TRUE,combined,vix,NA,NA
16,crude_wti,0,girf-ngas-1sigma,TRUE,combined,vix,NA,NA
17,crude_wti,0,girf-ngas-1sigma,TRUE,combined,vix,NA,NA
18,crude_wti,0,girf-ngas-1sigma,TRUE,combined,vix,NA,NA
19,crude_wti,0,girf-ngas-1sigma,TRUE,combined,vix,NA,NA
20,crude_wti,0,girf-ngas-1sigma,TRUE,combined,vix,NA,NA
21,crude_wti,0,girf-ngas-1sigma,TRUE,combined,vix,NA,NA
22,crude_wti,0,girf-ngas-1sigma,TRUE,combined,vix,NA,NA
23,crude_wti,0,girf-ngas-1sigma,TRUE,combined,vix,NA,NA
24,crude_wti,0,girf-ngas-1sigma,TRUE,combined,vix,NA,NA
1,gold,0,girf-ngas-1sigma,TRUE,combined,vix,NA,NA
2,gold,0,girf-ngas-1sigma,TRUE,combined,vix,NA,NA
3,gold,0,girf-ngas-1sigma,TRUE,combined,vix,NA,NA
4,gold,0,girf-ngas-1sigma,TRUE,combined,vix,NA,NA
5,gold,0,girf-ngas-1sigma,TRUE,combined,vix,NA,NA
6,gold,0,girf-ngas-1sigma,TRUE,combined,vix,NA,NA
7,gold,0,girf-ngas-1sigma,TRUE,combined,vix,NA,NA
8,gold,0,girf-ngas-1sigma,TRUE,combined,vix,NA,NA
9,gold,0,girf-ngas-1sigma,TRUE,combined,vix,NA,NA
10,gold,0,girf-ngas-1sigma,TRUE,combined,vix,NA,NA
11,gold,0,girf-ngas-1sigma,TRUE,combined,vix,NA,NA
12,gold,0,girf-ngas-1sigma,TRUE,combined,vix,NA,NA
13,gold,0,girf-ngas-1sigma,TRUE,combined,vix,NA,NA
14,gold,0,girf-ngas-1sigma,TRUE,combined,vix,NA,NA
15,gold,0,girf-ngas-1sigma,TRUE,combined,vix,NA,NA
16,gold,0,girf-ngas-1sigma,TRUE,combined,vix,NA,NA
17,gold,0,girf-ngas-1sigma,TRUE,combined,vix,NA,NA
18,gold,0,girf-ngas-1sigma,TRUE,combined,vix,NA,NA
19,gold,0,girf-ngas-1sigma,TRUE,combined,vix,NA,NA
20,gold,0,girf-ngas-1sigma,TRUE,combined,vix,NA,NA
21,gold,0,girf-ngas-1sigma,TRUE,combined,vix,NA,NA
22,gold,0,girf-ngas-1sigma,TRUE,combined,vix,NA,NA
23,gold,0,girf-ngas-1sigma,TRUE,combined,vix,NA,NA
24,gold,0,girf-ngas-1sigma,TRUE,combined,vix,NA,NA
1,lead,0,girf-ngas-1sigma,TRUE,combined,vix,NA,NA
2,lead,0,girf-ngas-1sigma,TRUE,combined,vix,NA,NA
3,lead,0,girf-ngas-1sigma,TRUE,combined,vix,NA,NA
4,lead,0,girf-ngas-1sigma,TRUE,combined,vix,NA,NA
5,lead,0,girf-ngas-1sigma,TRUE,combined,vix,NA,NA
6,lead,0,girf-ngas-1sigma,TRUE,combined,vix,NA,NA
7,lead,0,girf-ngas-1sigma,TRUE,combined,vix,NA,NA
8,lead,0,girf-ngas-1sigma,TRUE,combined,vix,NA,NA
9,lead,0,girf-ngas-1sigma,TRUE,combined,vix,NA,NA
10,lead,0,girf-ngas-1sigma,TRUE,combined,vix,NA,NA
11,lead,0,girf-ngas-1sigma,TRUE,combined,vix,NA,NA
12,lead,0,girf-ngas-1sigma,TRUE,combined,vix,NA,NA
13,lead,0,girf-ngas-1sigma,TRUE,combined,vix,NA,NA
14,lead,0,girf-ngas-1sigma,TRUE,combined,vix,NA,NA
15,lead,0,girf-ngas-1sigma,TRUE,combined,vix,NA,NA
16,lead,0,girf-ngas-1sigma,TRUE,combined,vix,NA,NA
17,lead,0,girf-ngas-1sigma,TRUE,combined,vix,NA,NA
18,lead,0,girf-ngas-1sigma,TRUE,combined,vix,NA,NA
19,lead,0,girf-ngas-1sigma,TRUE,combined,vix,NA,NA
20,lead,0,girf-ngas-1sigma,TRUE,combined,vix,NA,NA
21,lead,0,girf-ngas-1sigma,TRUE,combined,vix,NA,NA
22,lead,0,girf-ngas-1sigma,TRUE,combined,vix,NA,NA
23,lead,0,girf-ngas-1sigma,TRUE,combined,vix,NA,NA
24,lead,0,girf-ngas-1sigma,TRUE,combined,vix,NA,NA
1,maize,0,girf-ngas-1sigma,TRUE,combined,vix,NA,NA
2,maize,0,girf-ngas-1sigma,TRUE,combined,vix,NA,NA
3,maize,0,girf-ngas-1sigma,TRUE,combined,vix,NA,NA
4,maize,0,girf-ngas-1sigma,TRUE,combined,vix,NA,NA
5,maize,0,girf-ngas-1sigma,TRUE,combined,vix,NA,NA
6,maize,0,girf-ngas-1sigma,TRUE,combined,vix,NA,NA
7,maize,0,girf-ngas-1sigma,TRUE,combined,vix,NA,NA
8,maize,0,girf-ngas-1sigma,TRUE,combined,vix,NA,NA
9,maize,0,girf-ngas-1sigma,TRUE,combined,vix,NA,NA
10,maize,0,girf-ngas-1sigma,TRUE,combined,vix,NA,NA
11,maize,0,girf-ngas-1sigma,TRUE,combined,vix,NA,NA
12,maize,0,girf-ngas-1sigma,TRUE,combined,vix,NA,NA
13,maize,0,girf-ngas-1sigma,TRUE,combined,vix,NA,NA
14,maize,0,girf-ngas-1sigma,TRUE,combined,vix,NA,NA
15,maize,0,girf-ngas-1sigma,TRUE,combined,vix,NA,NA
16,maize,0,girf-ngas-1sigma,TRUE,combined,vix,NA,NA
17,maize,0,girf-ngas-1sigma,TRUE,combined,vix,NA,NA
18,maize,0,girf-ngas-1sigma,TRUE,combined,vix,NA,NA
19,maize,0,girf-ngas-1sigma,TRUE,combined,vix,NA,NA
20,maize,0,girf-ngas-1sigma,TRUE,combined,vix,NA,NA
21,maize,0,girf-ngas-1sigma,TRUE,combined,vix,NA,NA
22,maize,0,girf-ngas-1sigma,TRUE,combined,vix,NA,NA
23,maize,0,girf-ngas-1sigma,TRUE,combined,vix,NA,NA
24,maize,0,girf-ngas-1sigma,TRUE,combined,vix,NA,NA
1,ngas_us,0,girf-ngas-1sigma,TRUE,combined,vix,NA,NA
2,ngas_us,0,girf-ngas-1sigma,TRUE,combined,vix,NA,NA
3,ngas_us,0,girf-ngas-1sigma,TRUE,combined,vix,NA,NA
4,ngas_us,0,girf-ngas-1sigma,TRUE,combined,vix,NA,NA
5,ngas_us,0,girf-ngas-1sigma,TRUE,combined,vix,NA,NA
6,ngas_us,0,girf-ngas-1sigma,TRUE,combined,vix,NA,NA
7,ngas_us,0,girf-ngas-1sigma,TRUE,combined,vix,NA,NA
8,ngas_us,0,girf-ngas-1sigma,TRUE,combined,vix,NA,NA
9,ngas_us,0,girf-ngas-1sigma,TRUE,combined,vix,NA,NA
10,ngas_us,0,girf-ngas-1sigma,TRUE,combined,vix,NA,NA
11,ngas_us,0,girf-ngas-1sigma,TRUE,combined,vix,NA,NA
12,ngas_us,0,girf-ngas-1sigma,TRUE,combined,vix,NA,NA
13,ngas_us,0,girf-ngas-1sigma,TRUE,combined,vix,NA,NA
14,ngas_us,0,girf-ngas-1sigma,TRUE,combined,vix,NA,NA
15,ngas_us,0,girf-ngas-1sigma,TRUE,combined,vix,NA,NA
16,ngas_us,0,girf-ngas-1sigma,TRUE,combined,vix,NA,NA
17,ngas_us,0,girf-ngas-1sigma,TRUE,combined,vix,NA,NA
18,ngas_us,0,girf-ngas-1sigma,TRUE,combined,vix,NA,NA
19,ngas_us,0,girf-ngas-1sigma,TRUE,combined,vix,NA,NA
20,ngas_us,0,girf-ngas-1sigma,TRUE,combined,vix,NA,NA
21,ngas_us,0,girf-ngas-1sigma,TRUE,combined,vix,NA,NA
22,ngas_us,0,girf-ngas-1sigma,TRUE,combined,vix,NA,NA
23,ngas_us,0,girf-ngas-1sigma,TRUE,combined,vix,NA,NA
24,ngas_us,0,girf-ngas-1sigma,TRUE,combined,vix,NA,NA
1,nickel,0,girf-ngas-1sigma,TRUE,combined,vix,NA,NA
2,nickel,0,girf-ngas-1sigma,TRUE,combined,vix,NA,NA
3,nickel,0,girf-ngas-1sigma,TRUE,combined,vix,NA,NA
4,nickel,0,girf-ngas-1sigma,TRUE,combined,vix,NA,NA
5,nickel,0,girf-ngas-1sigma,TRUE,combined,vix,NA,NA
6,nickel,0,girf-ngas-1sigma,TRUE,combined,vix,NA,NA
7,nickel,0,girf-ngas-1sigma,TRUE,combined,vix,NA,NA
8,nickel,0,girf-ngas-1sigma,TRUE,combined,vix,NA,NA
9,nickel,0,girf-ngas-1sigma,TRUE,combined,vix,NA,NA
10,nickel,0,girf-ngas-1sigma,TRUE,combined,vix,NA,NA
11,nickel,0,girf-ngas-1sigma,TRUE,combined,vix,NA,NA
12,nickel,0,girf-ngas-1sigma,TRUE,combined,vix,NA,NA
13,nickel,0,girf-ngas-1sigma,TRUE,combined,vix,NA,NA
14,nickel,0,girf-ngas-1sigma,TRUE,combined,vix,NA,NA
15,nickel,0,girf-ngas-1sigma,TRUE,combined,vix,NA,NA
16,nickel,0,girf-ngas-1sigma,TRUE,combined,vix,NA,NA
17,nickel,0,girf-ngas-1sigma,TRUE,combined,vix,NA,NA
18,nickel,0,girf-ngas-1sigma,TRUE,combined,vix,NA,NA
19,nickel,0,girf-ngas-1sigma,TRUE,combined,vix,NA,NA
20,nickel,0,girf-ngas-1sigma,TRUE,combined,vix,NA,NA
21,nickel,0,girf-ngas-1sigma,TRUE,combined,vix,NA,NA
22,nickel,0,girf-ngas-1sigma,TRUE,combined,vix,NA,NA
23,nickel,0,girf-ngas-1sigma,TRUE,combined,vix,NA,NA
24,nickel,0,girf-ngas-1sigma,TRUE,combined,vix,NA,NA
1,platinum,0,girf-ngas-1sigma,TRUE,combined,vix,NA,NA
2,platinum,0,girf-ngas-1sigma,TRUE,combined,vix,NA,NA
3,platinum,0,girf-ngas-1sigma,TRUE,combined,vix,NA,NA
4,platinum,0,girf-ngas-1sigma,TRUE,combined,vix,NA,NA
5,platinum,0,girf-ngas-1sigma,TRUE,combined,vix,NA,NA
6,platinum,0,girf-ngas-1sigma,TRUE,combined,vix,NA,NA
7,platinum,0,girf-ngas-1sigma,TRUE,combined,vix,NA,NA
8,platinum,0,girf-ngas-1sigma,TRUE,combined,vix,NA,NA
9,platinum,0,girf-ngas-1sigma,TRUE,combined,vix,NA,NA
10,platinum,0,girf-ngas-1sigma,TRUE,combined,vix,NA,NA
11,platinum,0,girf-ngas-1sigma,TRUE,combined,vix,NA,NA
12,platinum,0,girf-ngas-1sigma,TRUE,combined,vix,NA,NA
13,platinum,0,girf-ngas-1sigma,TRUE,combined,vix,NA,NA
14,platinum,0,girf-ngas-1sigma,TRUE,combined,vix,NA,NA
15,platinum,0,girf-ngas-1sigma,TRUE,combined,vix,NA,NA
16,platinum,0,girf-ngas-1sigma,TRUE,combined,vix,NA,NA
17,platinum,0,girf-ngas-1sigma,TRUE,combined,vix,NA,NA
18,platinum,0,girf-ngas-1sigma,TRUE,combined,vix,NA,NA
19,platinum,0,girf-ngas-1sigma,TRUE,combined,vix,NA,NA
20,platinum,0,girf-ngas-1sigma,TRUE,combined,vix,NA,NA
21,platinum,0,girf-ngas-1sigma,TRUE,combined,vix,NA,NA
22,platinum,0,girf-ngas-1sigma,TRUE,combined,vix,NA,NA
23,platinum,0,girf-ngas-1sigma,TRUE,combined,vix,NA,NA
24,platinum,0,girf-ngas-1sigma,TRUE,combined,vix,NA,NA
1,silver,0,girf-ngas-1sigma,TRUE,combined,vix,NA,NA
2,silver,0,girf-ngas-1sigma,TRUE,combined,vix,NA,NA
3,silver,0,girf-ngas-1sigma,TRUE,combined,vix,NA,NA
4,silver,0,girf-ngas-1sigma,TRUE,combined,vix,NA,NA
5,silver,0,girf-ngas-1sigma,TRUE,combined,vix,NA,NA
6,silver,0,girf-ngas-1sigma,TRUE,combined,vix,NA,NA
7,silver,0,girf-ngas-1sigma,TRUE,combined,vix,NA,NA
8,silver,0,girf-ngas-1sigma,TRUE,combined,vix,NA,NA
9,silver,0,girf-ngas-1sigma,TRUE,combined,vix,NA,NA
10,silver,0,girf-ngas-1sigma,TRUE,combined,vix,NA,NA
11,silver,0,girf-ngas-1sigma,TRUE,combined,vix,NA,NA
12,silver,0,girf-ngas-1sigma,TRUE,combined,vix,NA,NA
13,silver,0,girf-ngas-1sigma,TRUE,combined,vix,NA,NA
14,silver,0,girf-ngas-1sigma,TRUE,combined,vix,NA,NA
15,silver,0,girf-ngas-1sigma,TRUE,combined,vix,NA,NA
16,silver,0,girf-ngas-1sigma,TRUE,combined,vix,NA,NA
17,silver,0,girf-ngas-1sigma,TRUE,combined,vix,NA,NA
18,silver,0,girf-ngas-1sigma,TRUE,combined,vix,NA,NA
19,silver,0,girf-ngas-1sigma,TRUE,combined,vix,NA,NA
20,silver,0,girf-ngas-1sigma,TRUE,combined,vix,NA,NA
21,silver,0,girf-ngas-1sigma,TRUE,combined,vix,NA,NA
22,silver,0,girf-ngas-1sigma,TRUE,combined,vix,NA,NA
23,silver,0,girf-ngas-1sigma,TRUE,combined,vix,NA,NA
24,silver,0,girf-ngas-1sigma,TRUE,combined,vix,NA,NA
1,soybeans,0,girf-ngas-1sigma,TRUE,combined,vix,NA,NA
2,soybeans,0,girf-ngas-1sigma,TRUE,combined,vix,NA,NA
3,soybeans,0,girf-ngas-1sigma,TRUE,combined,vix,NA,NA
4,soybeans,0,girf-ngas-1sigma,TRUE,combined,vix,NA,NA
5,soybeans,0,girf-ngas-1sigma,TRUE,combined,vix,NA,NA
6,soybeans,0,girf-ngas-1sigma,TRUE,combined,vix,NA,NA
7,soybeans,0,girf-ngas-1sigma,TRUE,combined,vix,NA,NA
8,soybeans,0,girf-ngas-1sigma,TRUE,combined,vix,NA,NA
9,soybeans,0,girf-ngas-1sigma,TRUE,combined,vix,NA,NA
10,soybeans,0,girf-ngas-1sigma,TRUE,combined,vix,NA,NA
11,soybeans,0,girf-ngas-1sigma,TRUE,combined,vix,NA,NA
12,soybeans,0,girf-ngas-1sigma,TRUE,combined,vix,NA,NA
13,soybeans,0,girf-ngas-1sigma,TRUE,combined,vix,NA,NA
14,soybeans,0,girf-ngas-1sigma,TRUE,combined,vix,NA,NA
15,soybeans,0,girf-ngas-1sigma,TRUE,combined,vix,NA,NA
16,soybeans,0,girf-ngas-1sigma,TRUE,combined,vix,NA,NA
17,soybeans,0,girf-ngas-1sigma,TRUE,combined,vix,NA,NA
18,soybeans,0,girf-ngas-1sigma,TRUE,combined,vix,NA,NA
19,soybeans,0,girf-ngas-1sigma,TRUE,combined,vix,NA,NA
20,soybeans,0,girf-ngas-1sigma,TRUE,combined,vix,NA,NA
21,soybeans,0,girf-ngas-1sigma,TRUE,combined,vix,NA,NA
22,soybeans,0,girf-ngas-1sigma,TRUE,combined,vix,NA,NA
23,soybeans,0,girf-ngas-1sigma,TRUE,combined,vix,NA,NA
24,soybeans,0,girf-ngas-1sigma,TRUE,combined,vix,NA,NA
1,sugar_wld,0,girf-ngas-1sigma,TRUE,combined,vix,NA,NA
2,sugar_wld,0,girf-ngas-1sigma,TRUE,combined,vix,NA,NA
3,sugar_wld,0,girf-ngas-1sigma,TRUE,combined,vix,NA,NA
4,sugar_wld,0,girf-ngas-1sigma,TRUE,combined,vix,NA,NA
5,sugar_wld,0,girf-ngas-1sigma,TRUE,combined,vix,NA,NA
6,sugar_wld,0,girf-ngas-1sigma,TRUE,combined,vix,NA,NA
7,sugar_wld,0,girf-ngas-1sigma,TRUE,combined,vix,NA,NA
8,sugar_wld,0,girf-ngas-1sigma,TRUE,combined,vix,NA,NA
9,sugar_wld,0,girf-ngas-1sigma,TRUE,combined,vix,NA,NA
10,sugar_wld,0,girf-ngas-1sigma,TRUE,combined,vix,NA,NA
11,sugar_wld,0,girf-ngas-1sigma,TRUE,combined,vix,NA,NA
12,sugar_wld,0,girf-ngas-1sigma,TRUE,combined,vix,NA,NA
13,sugar_wld,0,girf-ngas-1sigma,TRUE,combined,vix,NA,NA
14,sugar_wld,0,girf-ngas-1sigma,TRUE,combined,vix,NA,NA
15,sugar_wld,0,girf-ngas-1sigma,TRUE,combined,vix,NA,NA
16,sugar_wld,0,girf-ngas-1sigma,TRUE,combined,vix,NA,NA
17,sugar_wld,0,girf-ngas-1sigma,TRUE,combined,vix,NA,NA
18,sugar_wld,0,girf-ngas-1sigma,TRUE,combined,vix,NA,NA
19,sugar_wld,0,girf-ngas-1sigma,TRUE,combined,vix,NA,NA
20,sugar_wld,0,girf-ngas-1sigma,TRUE,combined,vix,NA,NA
21,sugar_wld,0,girf-ngas-1sigma,TRUE,combined,vix,NA,NA
22,sugar_wld,0,girf-ngas-1sigma,TRUE,combined,vix,NA,NA
23,sugar_wld,0,girf-ngas-1sigma,TRUE,combined,vix,NA,NA
24,sugar_wld,0,girf-ngas-1sigma,TRUE,combined,vix,NA,NA
1,tin,0,girf-ngas-1sigma,TRUE,combined,vix,NA,NA
2,tin,0,girf-ngas-1sigma,TRUE,combined,vix,NA,NA
3,tin,0,girf-ngas-1sigma,TRUE,combined,vix,NA,NA
4,tin,0,girf-ngas-1sigma,TRUE,combined,vix,NA,NA
5,tin,0,girf-ngas-1sigma,TRUE,combined,vix,NA,NA
6,tin,0,girf-ngas-1sigma,TRUE,combined,vix,NA,NA
7,tin,0,girf-ngas-1sigma,TRUE,combined,vix,NA,NA
8,tin,0,girf-ngas-1sigma,TRUE,combined,vix,NA,NA
9,tin,0,girf-ngas-1sigma,TRUE,combined,vix,NA,NA
10,tin,0,girf-ngas-1sigma,TRUE,combined,vix,NA,NA
11,tin,0,girf-ngas-1sigma,TRUE,combined,vix,NA,NA
12,tin,0,girf-ngas-1sigma,TRUE,combined,vix,NA,NA
13,tin,0,girf-ngas-1sigma,TRUE,combined,vix,NA,NA
14,tin,0,girf-ngas-1sigma,TRUE,combined,vix,NA,NA
15,tin,0,girf-ngas-1sigma,TRUE,combined,vix,NA,NA
16,tin,0,girf-ngas-1sigma,TRUE,combined,vix,NA,NA
17,tin,0,girf-ngas-1sigma,TRUE,combined,vix,NA,NA
18,tin,0,girf-ngas-1sigma,TRUE,combined,vix,NA,NA
19,tin,0,girf-ngas-1sigma,TRUE,combined,vix,NA,NA
20,tin,0,girf-ngas-1sigma,TRUE,combined,vix,NA,NA
21,tin,0,girf-ngas-1sigma,TRUE,combined,vix,NA,NA
22,tin,0,girf-ngas-1sigma,TRUE,combined,vix,NA,NA
23,tin,0,girf-ngas-1sigma,TRUE,combined,vix,NA,NA
24,tin,0,girf-ngas-1sigma,TRUE,combined,vix,NA,NA
1,wheat_us_hrw,0,girf-ngas-1sigma,TRUE,combined,vix,NA,NA
2,wheat_us_hrw,0,girf-ngas-1sigma,TRUE,combined,vix,NA,NA
3,wheat_us_hrw,0,girf-ngas-1sigma,TRUE,combined,vix,NA,NA
4,wheat_us_hrw,0,girf-ngas-1sigma,TRUE,combined,vix,NA,NA
5,wheat_us_hrw,0,girf-ngas-1sigma,TRUE,combined,vix,NA,NA
6,wheat_us_hrw,0,girf-ngas-1sigma,TRUE,combined,vix,NA,NA
7,wheat_us_hrw,0,girf-ngas-1sigma,TRUE,combined,vix,NA,NA
8,wheat_us_hrw,0,girf-ngas-1sigma,TRUE,combined,vix,NA,NA
9,wheat_us_hrw,0,girf-ngas-1sigma,TRUE,combined,vix,NA,NA
10,wheat_us_hrw,0,girf-ngas-1sigma,TRUE,combined,vix,NA,NA
11,wheat_us_hrw,0,girf-ngas-1sigma,TRUE,combined,vix,NA,NA
12,wheat_us_hrw,0,girf-ngas-1sigma,TRUE,combined,vix,NA,NA
13,wheat_us_hrw,0,girf-ngas-1sigma,TRUE,combined,vix,NA,NA
14,wheat_us_hrw,0,girf-ngas-1sigma,TRUE,combined,vix,NA,NA
15,wheat_us_hrw,0,girf-ngas-1sigma,TRUE,combined,vix,NA,NA
16,wheat_us_hrw,0,girf-ngas-1sigma,TRUE,combined,vix,NA,NA
17,wheat_us_hrw,0,girf-ngas-1sigma,TRUE,combined,vix,NA,NA
18,wheat_us_hrw,0,girf-ngas-1sigma,TRUE,combined,vix,NA,NA
19,wheat_us_hrw,0,girf-ngas-1sigma,TRUE,combined,vix,NA,NA
20,wheat_us_hrw,0,girf-ngas-1sigma,TRUE,combined,vix,NA,NA
21,wheat_us_hrw,0,girf-ngas-1sigma,TRUE,combined,vix,NA,NA
22,wheat_us_hrw,0,girf-ngas-1sigma,TRUE,combined,vix,NA,NA
23,wheat_us_hrw,0,girf-ngas-1sigma,TRUE,combined,vix,NA,NA
24,wheat_us_hrw,0,girf-ngas-1sigma,TRUE,combined,vix,NA,NA
1,zinc,0,girf-ngas-1sigma,TRUE,combined,vix,NA,NA
2,zinc,0,girf-ngas-1sigma,TRUE,combined,vix,NA,NA
3,zinc,0,girf-ngas-1sigma,TRUE,combined,vix,NA,NA
4,zinc,0,girf-ngas-1sigma,TRUE,combined,vix,NA,NA
5,zinc,0,girf-ngas-1sigma,TRUE,combined,vix,NA,NA
6,zinc,0,girf-ngas-1sigma,TRUE,combined,vix,NA,NA
7,zinc,0,girf-ngas-1sigma,TRUE,combined,vix,NA,NA
8,zinc,0,girf-ngas-1sigma,TRUE,combined,vix,NA,NA
9,zinc,0,girf-ngas-1sigma,TRUE,combined,vix,NA,NA
10,zinc,0,girf-ngas-1sigma,TRUE,combined,vix,NA,NA
11,zinc,0,girf-ngas-1sigma,TRUE,combined,vix,NA,NA
12,zinc,0,girf-ngas-1sigma,TRUE,combined,vix,NA,NA
13,zinc,0,girf-ngas-1sigma,TRUE,combined,vix,NA,NA
14,zinc,0,girf-ngas-1sigma,TRUE,combined,vix,NA,NA
15,zinc,0,girf-ngas-1sigma,TRUE,combined,vix,NA,NA
16,zinc,0,girf-ngas-1sigma,TRUE,combined,vix,NA,NA
17,zinc,0,girf-ngas-1sigma,TRUE,combined,vix,NA,NA
18,zinc,0,girf-ngas-1sigma,TRUE,combined,vix,NA,NA
19,zinc,0,girf-ngas-1sigma,TRUE,combined,vix,NA,NA
20,zinc,0,girf-ngas-1sigma,TRUE,combined,vix,NA,NA
21,zinc,0,girf-ngas-1sigma,TRUE,combined,vix,NA,NA
22,zinc,0,girf-ngas-1sigma,TRUE,combined,vix,NA,NA
23,zinc,0,girf-ngas-1sigma,TRUE,combined,vix,NA,NA
24,zinc,0,girf-ngas-1sigma,TRUE,combined,vix,NA,NA
1,aluminium,0,girf-ngas-1sigma,FALSE,combined,vix,NA,NA
2,aluminium,0,girf-ngas-1sigma,FALSE,combined,vix,NA,NA
3,aluminium,-0.10167523645277596,girf-ngas-1sigma,FALSE,combined,vix,NA,NA
4,aluminium,-0.17283122240062665,girf-ngas-1sigma,FALSE,combined,vix,NA,NA
5,aluminium,-0.024265263527005615,girf-ngas-1sigma,FALSE,combined,vix,NA,NA
6,aluminium,-0.06531226850928262,girf-ngas-1sigma,FALSE,combined,vix,NA,NA
7,aluminium,-0.08245524480350057,girf-ngas-1sigma,FALSE,combined,vix,NA,NA
8,aluminium,-0.11524735768240772,girf-ngas-1sigma,FALSE,combined,vix,NA,NA
9,aluminium,-0.04981082105270855,girf-ngas-1sigma,FALSE,combined,vix,NA,NA
10,aluminium,-0.0174141888092493,girf-ngas-1sigma,FALSE,combined,vix,NA,NA
11,aluminium,-0.02721664550550214,girf-ngas-1sigma,FALSE,combined,vix,NA,NA
12,aluminium,0.042341502571799514,girf-ngas-1sigma,FALSE,combined,vix,NA,NA
13,aluminium,0,girf-ngas-1sigma,FALSE,combined,vix,NA,NA
14,aluminium,0,girf-ngas-1sigma,FALSE,combined,vix,NA,NA
15,aluminium,0,girf-ngas-1sigma,FALSE,combined,vix,NA,NA
16,aluminium,0,girf-ngas-1sigma,FALSE,combined,vix,NA,NA
17,aluminium,0,girf-ngas-1sigma,FALSE,combined,vix,NA,NA
18,aluminium,0,girf-ngas-1sigma,FALSE,combined,vix,NA,NA
19,aluminium,0,girf-ngas-1sigma,FALSE,combined,vix,NA,NA
20,aluminium,0,girf-ngas-1sigma,FALSE,combined,vix,NA,NA
21,aluminium,0,girf-ngas-1sigma,FALSE,combined,vix,NA,NA
22,aluminium,0,girf-ngas-1sigma,FALSE,combined,vix,NA,NA
23,aluminium,0,girf-ngas-1sigma,FALSE,combined,vix,NA,NA
24,aluminium,0,girf-ngas-1sigma,FALSE,combined,vix,NA,NA
1,cocoa,0,girf-ngas-1sigma,FALSE,combined,vix,NA,NA
2,cocoa,0,girf-ngas-1sigma,FALSE,combined,vix,NA,NA
3,cocoa,-0.07683734938887875,girf-ngas-1sigma,FALSE,combined,vix,NA,NA
4,cocoa,-0.14435841228744872,girf-ngas-1sigma,FALSE,combined,vix,NA,NA
5,cocoa,-0.056882778940686246,girf-ngas-1sigma,FALSE,combined,vix,NA,NA
6,cocoa,-0.26308308144758835,girf-ngas-1sigma,FALSE,combined,vix,NA,NA
7,cocoa,-0.31710764503599126,girf-ngas-1sigma,FALSE,combined,vix,NA,NA
8,cocoa,-0.17160583400210938,girf-ngas-1sigma,FALSE,combined,vix,NA,NA
9,cocoa,-0.08747032147544107,girf-ngas-1sigma,FALSE,combined,vix,NA,NA
10,cocoa,-0.10101707892947535,girf-ngas-1sigma,FALSE,combined,vix,NA,NA
11,cocoa,-0.1770151122833666,girf-ngas-1sigma,FALSE,combined,vix,NA,NA
12,cocoa,-0.09363872409682371,girf-ngas-1sigma,FALSE,combined,vix,NA,NA
13,cocoa,0,girf-ngas-1sigma,FALSE,combined,vix,NA,NA
14,cocoa,0,girf-ngas-1sigma,FALSE,combined,vix,NA,NA
15,cocoa,0,girf-ngas-1sigma,FALSE,combined,vix,NA,NA
16,cocoa,0,girf-ngas-1sigma,FALSE,combined,vix,NA,NA
17,cocoa,0,girf-ngas-1sigma,FALSE,combined,vix,NA,NA
18,cocoa,0,girf-ngas-1sigma,FALSE,combined,vix,NA,NA
19,cocoa,0,girf-ngas-1sigma,FALSE,combined,vix,NA,NA
20,cocoa,0,girf-ngas-1sigma,FALSE,combined,vix,NA,NA
21,cocoa,0,girf-ngas-1sigma,FALSE,combined,vix,NA,NA
22,cocoa,0,girf-ngas-1sigma,FALSE,combined,vix,NA,NA
23,cocoa,0,girf-ngas-1sigma,FALSE,combined,vix,NA,NA
24,cocoa,0,girf-ngas-1sigma,FALSE,combined,vix,NA,NA
1,coffee_arabic,0,girf-ngas-1sigma,FALSE,combined,vix,NA,NA
2,coffee_arabic,0,girf-ngas-1sigma,FALSE,combined,vix,NA,NA
3,coffee_arabic,-0.00423319792273474,girf-ngas-1sigma,FALSE,combined,vix,NA,NA
4,coffee_arabic,-0.052842227392160754,girf-ngas-1sigma,FALSE,combined,vix,NA,NA
5,coffee_arabic,-0.014475157112084101,girf-ngas-1sigma,FALSE,combined,vix,NA,NA
6,coffee_arabic,-0.02354705828134283,girf-ngas-1sigma,FALSE,combined,vix,NA,NA
7,coffee_arabic,-0.07294673079518668,girf-ngas-1sigma,FALSE,combined,vix,NA,NA
8,coffee_arabic,-0.0931648037071528,girf-ngas-1sigma,FALSE,combined,vix,NA,NA
9,coffee_arabic,0.02180595697665794,girf-ngas-1sigma,FALSE,combined,vix,NA,NA
10,coffee_arabic,0.007589376767349855,girf-ngas-1sigma,FALSE,combined,vix,NA,NA
11,coffee_arabic,-0.046366483570075785,girf-ngas-1sigma,FALSE,combined,vix,NA,NA
12,coffee_arabic,-0.033687919212078664,girf-ngas-1sigma,FALSE,combined,vix,NA,NA
13,coffee_arabic,0,girf-ngas-1sigma,FALSE,combined,vix,NA,NA
14,coffee_arabic,0,girf-ngas-1sigma,FALSE,combined,vix,NA,NA
15,coffee_arabic,0,girf-ngas-1sigma,FALSE,combined,vix,NA,NA
16,coffee_arabic,0,girf-ngas-1sigma,FALSE,combined,vix,NA,NA
17,coffee_arabic,0,girf-ngas-1sigma,FALSE,combined,vix,NA,NA
18,coffee_arabic,0,girf-ngas-1sigma,FALSE,combined,vix,NA,NA
19,coffee_arabic,0,girf-ngas-1sigma,FALSE,combined,vix,NA,NA
20,coffee_arabic,0,girf-ngas-1sigma,FALSE,combined,vix,NA,NA
21,coffee_arabic,0,girf-ngas-1sigma,FALSE,combined,vix,NA,NA
22,coffee_arabic,0,girf-ngas-1sigma,FALSE,combined,vix,NA,NA
23,coffee_arabic,0,girf-ngas-1sigma,FALSE,combined,vix,NA,NA
24,coffee_arabic,0,girf-ngas-1sigma,FALSE,combined,vix,NA,NA
1,copper,0,girf-ngas-1sigma,FALSE,combined,vix,NA,NA
2,copper,0,girf-ngas-1sigma,FALSE,combined,vix,NA,NA
3,copper,-0.08110205424164098,girf-ngas-1sigma,FALSE,combined,vix,NA,NA
4,copper,-0.23476754687851867,girf-ngas-1sigma,FALSE,combined,vix,NA,NA
5,copper,-0.04030060762571971,girf-ngas-1sigma,FALSE,combined,vix,NA,NA
6,copper,-0.09521886508580481,girf-ngas-1sigma,FALSE,combined,vix,NA,NA
7,copper,-0.11731936910628477,girf-ngas-1sigma,FALSE,combined,vix,NA,NA
8,copper,-0.10022592163292454,girf-ngas-1sigma,FALSE,combined,vix,NA,NA
9,copper,-0.016720693254809245,girf-ngas-1sigma,FALSE,combined,vix,NA,NA
10,copper,0.015131103854036874,girf-ngas-1sigma,FALSE,combined,vix,NA,NA
11,copper,0.011824473221284946,girf-ngas-1sigma,FALSE,combined,vix,NA,NA
12,copper,0.05294995934784977,girf-ngas-1sigma,FALSE,combined,vix,NA,NA
13,copper,0,girf-ngas-1sigma,FALSE,combined,vix,NA,NA
14,copper,0,girf-ngas-1sigma,FALSE,combined,vix,NA,NA
15,copper,0,girf-ngas-1sigma,FALSE,combined,vix,NA,NA
16,copper,0,girf-ngas-1sigma,FALSE,combined,vix,NA,NA
17,copper,0,girf-ngas-1sigma,FALSE,combined,vix,NA,NA
18,copper,0,girf-ngas-1sigma,FALSE,combined,vix,NA,NA
19,copper,0,girf-ngas-1sigma,FALSE,combined,vix,NA,NA
20,copper,0,girf-ngas-1sigma,FALSE,combined,vix,NA,NA
21,copper,0,girf-ngas-1sigma,FALSE,combined,vix,NA,NA
22,copper,0,girf-ngas-1sigma,FALSE,combined,vix,NA,NA
23,copper,0,girf-ngas-1sigma,FALSE,combined,vix,NA,NA
24,copper,0,girf-ngas-1sigma,FALSE,combined,vix,NA,NA
1,cotton_a_indx,0,girf-ngas-1sigma,FALSE,combined,vix,NA,NA
2,cotton_a_indx,0,girf-ngas-1sigma,FALSE,combined,vix,NA,NA
3,cotton_a_indx,0.08526442129135436,girf-ngas-1sigma,FALSE,combined,vix,NA,NA
4,cotton_a_indx,0.08667178625240264,girf-ngas-1sigma,FALSE,combined,vix,NA,NA
5,cotton_a_indx,-0.00820546242411263,girf-ngas-1sigma,FALSE,combined,vix,NA,NA
6,cotton_a_indx,-0.12588977887765598,girf-ngas-1sigma,FALSE,combined,vix,NA,NA
7,cotton_a_indx,-0.2132141750515034,girf-ngas-1sigma,FALSE,combined,vix,NA,NA
8,cotton_a_indx,-0.16756002505350584,girf-ngas-1sigma,FALSE,combined,vix,NA,NA
9,cotton_a_indx,-0.024725570189448584,girf-ngas-1sigma,FALSE,combined,vix,NA,NA
10,cotton_a_indx,0.08537647221722366,girf-ngas-1sigma,FALSE,combined,vix,NA,NA
11,cotton_a_indx,0.134545358388357,girf-ngas-1sigma,FALSE,combined,vix,NA,NA
12,cotton_a_indx,0.098597845470604,girf-ngas-1sigma,FALSE,combined,vix,NA,NA
13,cotton_a_indx,0,girf-ngas-1sigma,FALSE,combined,vix,NA,NA
14,cotton_a_indx,0,girf-ngas-1sigma,FALSE,combined,vix,NA,NA
15,cotton_a_indx,0,girf-ngas-1sigma,FALSE,combined,vix,NA,NA
16,cotton_a_indx,0,girf-ngas-1sigma,FALSE,combined,vix,NA,NA
17,cotton_a_indx,0,girf-ngas-1sigma,FALSE,combined,vix,NA,NA
18,cotton_a_indx,0,girf-ngas-1sigma,FALSE,combined,vix,NA,NA
19,cotton_a_indx,0,girf-ngas-1sigma,FALSE,combined,vix,NA,NA
20,cotton_a_indx,0,girf-ngas-1sigma,FALSE,combined,vix,NA,NA
21,cotton_a_indx,0,girf-ngas-1sigma,FALSE,combined,vix,NA,NA
22,cotton_a_indx,0,girf-ngas-1sigma,FALSE,combined,vix,NA,NA
23,cotton_a_indx,0,girf-ngas-1sigma,FALSE,combined,vix,NA,NA
24,cotton_a_indx,0,girf-ngas-1sigma,FALSE,combined,vix,NA,NA
1,crude_wti,0,girf-ngas-1sigma,FALSE,combined,vix,NA,NA
2,crude_wti,0,girf-ngas-1sigma,FALSE,combined,vix,NA,NA
3,crude_wti,-0.17826586598874966,girf-ngas-1sigma,FALSE,combined,vix,NA,NA
4,crude_wti,-0.0960376457317146,girf-ngas-1sigma,FALSE,combined,vix,NA,NA
5,crude_wti,0.0815517909367846,girf-ngas-1sigma,FALSE,combined,vix,NA,NA
6,crude_wti,-0.025183505599078643,girf-ngas-1sigma,FALSE,combined,vix,NA,NA
7,crude_wti,-0.023892456212945827,girf-ngas-1sigma,FALSE,combined,vix,NA,NA
8,crude_wti,-0.04027222534295609,girf-ngas-1sigma,FALSE,combined,vix,NA,NA
9,crude_wti,-0.08459749868634636,girf-ngas-1sigma,FALSE,combined,vix,NA,NA
10,crude_wti,-0.07877557133858663,girf-ngas-1sigma,FALSE,combined,vix,NA,NA
11,crude_wti,-0.030301609345611696,girf-ngas-1sigma,FALSE,combined,vix,NA,NA
12,crude_wti,0.05844100668280167,girf-ngas-1sigma,FALSE,combined,vix,NA,NA
13,crude_wti,0,girf-ngas-1sigma,FALSE,combined,vix,NA,NA
14,crude_wti,0,girf-ngas-1sigma,FALSE,combined,vix,NA,NA
15,crude_wti,0,girf-ngas-1sigma,FALSE,combined,vix,NA,NA
16,crude_wti,0,girf-ngas-1sigma,FALSE,combined,vix,NA,NA
17,crude_wti,0,girf-ngas-1sigma,FALSE,combined,vix,NA,NA
18,crude_wti,0,girf-ngas-1sigma,FALSE,combined,vix,NA,NA
19,crude_wti,0,girf-ngas-1sigma,FALSE,combined,vix,NA,NA
20,crude_wti,0,girf-ngas-1sigma,FALSE,combined,vix,NA,NA
21,crude_wti,0,girf-ngas-1sigma,FALSE,combined,vix,NA,NA
22,crude_wti,0,girf-ngas-1sigma,FALSE,combined,vix,NA,NA
23,crude_wti,0,girf-ngas-1sigma,FALSE,combined,vix,NA,NA
24,crude_wti,0,girf-ngas-1sigma,FALSE,combined,vix,NA,NA
1,gold,0,girf-ngas-1sigma,FALSE,combined,vix,NA,NA
2,gold,0,girf-ngas-1sigma,FALSE,combined,vix,NA,NA
3,gold,-0.09283386459243248,girf-ngas-1sigma,FALSE,combined,vix,NA,NA
4,gold,-0.1734497648819341,girf-ngas-1sigma,FALSE,combined,vix,NA,NA
5,gold,-0.035983767913220985,girf-ngas-1sigma,FALSE,combined,vix,NA,NA
6,gold,-0.09859691921274041,girf-ngas-1sigma,FALSE,combined,vix,NA,NA
7,gold,-0.18973709765236468,girf-ngas-1sigma,FALSE,combined,vix,NA,NA
8,gold,-0.15722752189448427,girf-ngas-1sigma,FALSE,combined,vix,NA,NA
9,gold,-6.981508198981536e-5,girf-ngas-1sigma,FALSE,combined,vix,NA,NA
10,gold,0.04193873674406856,girf-ngas-1sigma,FALSE,combined,vix,NA,NA
11,gold,-0.010230788415500082,girf-ngas-1sigma,FALSE,combined,vix,NA,NA
12,gold,0.010770509427290008,girf-ngas-1sigma,FALSE,combined,vix,NA,NA
13,gold,0,girf-ngas-1sigma,FALSE,combined,vix,NA,NA
14,gold,0,girf-ngas-1sigma,FALSE,combined,vix,NA,NA
15,gold,0,girf-ngas-1sigma,FALSE,combined,vix,NA,NA
16,gold,0,girf-ngas-1sigma,FALSE,combined,vix,NA,NA
17,gold,0,girf-ngas-1sigma,FALSE,combined,vix,NA,NA
18,gold,0,girf-ngas-1sigma,FALSE,combined,vix,NA,NA
19,gold,0,girf-ngas-1sigma,FALSE,combined,vix,NA,NA
20,gold,0,girf-ngas-1sigma,FALSE,combined,vix,NA,NA
21,gold,0,girf-ngas-1sigma,FALSE,combined,vix,NA,NA
22,gold,0,girf-ngas-1sigma,FALSE,combined,vix,NA,NA
23,gold,0,girf-ngas-1sigma,FALSE,combined,vix,NA,NA
24,gold,0,girf-ngas-1sigma,FALSE,combined,vix,NA,NA
1,lead,0,girf-ngas-1sigma,FALSE,combined,vix,NA,NA
2,lead,0,girf-ngas-1sigma,FALSE,combined,vix,NA,NA
3,lead,-0.09252448443415982,girf-ngas-1sigma,FALSE,combined,vix,NA,NA
4,lead,-0.27380150864210373,girf-ngas-1sigma,FALSE,combined,vix,NA,NA
5,lead,-0.0638872349820341,girf-ngas-1sigma,FALSE,combined,vix,NA,NA
6,lead,-0.11882562031344787,girf-ngas-1sigma,FALSE,combined,vix,NA,NA
7,lead,-0.1649602322627813,girf-ngas-1sigma,FALSE,combined,vix,NA,NA
8,lead,-0.08216558869860456,girf-ngas-1sigma,FALSE,combined,vix,NA,NA
9,lead,-0.009690006311146705,girf-ngas-1sigma,FALSE,combined,vix,NA,NA
10,lead,-0.03635960482117161,girf-ngas-1sigma,FALSE,combined,vix,NA,NA
11,lead,-0.0560996730653006,girf-ngas-1sigma,FALSE,combined,vix,NA,NA
12,lead,-0.05085973931613863,girf-ngas-1sigma,FALSE,combined,vix,NA,NA
13,lead,0,girf-ngas-1sigma,FALSE,combined,vix,NA,NA
14,lead,0,girf-ngas-1sigma,FALSE,combined,vix,NA,NA
15,lead,0,girf-ngas-1sigma,FALSE,combined,vix,NA,NA
16,lead,0,girf-ngas-1sigma,FALSE,combined,vix,NA,NA
17,lead,0,girf-ngas-1sigma,FALSE,combined,vix,NA,NA
18,lead,0,girf-ngas-1sigma,FALSE,combined,vix,NA,NA
19,lead,0,girf-ngas-1sigma,FALSE,combined,vix,NA,NA
20,lead,0,girf-ngas-1sigma,FALSE,combined,vix,NA,NA
21,lead,0,girf-ngas-1sigma,FALSE,combined,vix,NA,NA
22,lead,0,girf-ngas-1sigma,FALSE,combined,vix,NA,NA
23,lead,0,girf-ngas-1sigma,FALSE,combined,vix,NA,NA
24,lead,0,girf-ngas-1sigma,FALSE,combined,vix,NA,NA
1,maize,0,girf-ngas-1sigma,FALSE,combined,vix,NA,NA
2,maize,0,girf-ngas-1sigma,FALSE,combined,vix,NA,NA
3,maize,0.07568281782365077,girf-ngas-1sigma,FALSE,combined,vix,NA,NA
4,maize,0.10723210026507408,girf-ngas-1sigma,FALSE,combined,vix,NA,NA
5,maize,-0.019748722188285505,girf-ngas-1sigma,FALSE,combined,vix,NA,NA
6,maize,-0.13130780185690813,girf-ngas-1sigma,FALSE,combined,vix,NA,NA
7,maize,-0.048148383492422606,girf-ngas-1sigma,FALSE,combined,vix,NA,NA
8,maize,0.02537260286948834,girf-ngas-1sigma,FALSE,combined,vix,NA,NA
9,maize,0.08853758699734354,girf-ngas-1sigma,FALSE,combined,vix,NA,NA
10,maize,0.11183820030640369,girf-ngas-1sigma,FALSE,combined,vix,NA,NA
11,maize,0.12790242692715093,girf-ngas-1sigma,FALSE,combined,vix,NA,NA
12,maize,0.1035102952485993,girf-ngas-1sigma,FALSE,combined,vix,NA,NA
13,maize,0,girf-ngas-1sigma,FALSE,combined,vix,NA,NA
14,maize,0,girf-ngas-1sigma,FALSE,combined,vix,NA,NA
15,maize,0,girf-ngas-1sigma,FALSE,combined,vix,NA,NA
16,maize,0,girf-ngas-1sigma,FALSE,combined,vix,NA,NA
17,maize,0,girf-ngas-1sigma,FALSE,combined,vix,NA,NA
18,maize,0,girf-ngas-1sigma,FALSE,combined,vix,NA,NA
19,maize,0,girf-ngas-1sigma,FALSE,combined,vix,NA,NA
20,maize,0,girf-ngas-1sigma,FALSE,combined,vix,NA,NA
21,maize,0,girf-ngas-1sigma,FALSE,combined,vix,NA,NA
22,maize,0,girf-ngas-1sigma,FALSE,combined,vix,NA,NA
23,maize,0,girf-ngas-1sigma,FALSE,combined,vix,NA,NA
24,maize,0,girf-ngas-1sigma,FALSE,combined,vix,NA,NA
1,ngas_us,0,girf-ngas-1sigma,FALSE,combined,vix,NA,NA
2,ngas_us,1,girf-ngas-1sigma,FALSE,combined,vix,NA,NA
3,ngas_us,0.0029409491636482486,girf-ngas-1sigma,FALSE,combined,vix,NA,NA
4,ngas_us,-0.05005378701542682,girf-ngas-1sigma,FALSE,combined,vix,NA,NA
5,ngas_us,0.12519079782560677,girf-ngas-1sigma,FALSE,combined,vix,NA,NA
6,ngas_us,-0.014112861716779035,girf-ngas-1sigma,FALSE,combined,vix,NA,NA
7,ngas_us,-0.1088050786948152,girf-ngas-1sigma,FALSE,combined,vix,NA,NA
8,ngas_us,-0.05499456706611218,girf-ngas-1sigma,FALSE,combined,vix,NA,NA
9,ngas_us,0.055565192731505515,girf-ngas-1sigma,FALSE,combined,vix,NA,NA
10,ngas_us,0.020801530761955973,girf-ngas-1sigma,FALSE,combined,vix,NA,NA
11,ngas_us,-0.10523320369831961,girf-ngas-1sigma,FALSE,combined,vix,NA,NA
12,ngas_us,-0.05896219279662483,girf-ngas-1sigma,FALSE,combined,vix,NA,NA
13,ngas_us,0,girf-ngas-1sigma,FALSE,combined,vix,NA,NA
14,ngas_us,0,girf-ngas-1sigma,FALSE,combined,vix,NA,NA
15,ngas_us,0,girf-ngas-1sigma,FALSE,combined,vix,NA,NA
16,ngas_us,0,girf-ngas-1sigma,FALSE,combined,vix,NA,NA
17,ngas_us,0,girf-ngas-1sigma,FALSE,combined,vix,NA,NA
18,ngas_us,0,girf-ngas-1sigma,FALSE,combined,vix,NA,NA
19,ngas_us,0,girf-ngas-1sigma,FALSE,combined,vix,NA,NA
20,ngas_us,0,girf-ngas-1sigma,FALSE,combined,vix,NA,NA
21,ngas_us,0,girf-ngas-1sigma,FALSE,combined,vix,NA,NA
22,ngas_us,0,girf-ngas-1sigma,FALSE,combined,vix,NA,NA
23,ngas_us,0,girf-ngas-1sigma,FALSE,combined,vix,NA,NA
24,ngas_us,0,girf-ngas-1sigma,FALSE,combined,vix,NA,NA
1,nickel,0,girf-ngas-1sigma,FALSE,combined,vix,NA,NA
2,nickel,0,girf-ngas-1sigma,FALSE,combined,vix,NA,NA
3,nickel,-0.10031676911515547,girf-ngas-1sigma,FALSE,combined,vix,NA,NA
4,nickel,-0.11793480867507072,girf-ngas-1sigma,FALSE,combined,vix,NA,NA
5,nickel,0.05792361926590696,girf-ngas-1sigma,FALSE,combined,vix,NA,NA
6,nickel,-0.05668239769951567,girf-ngas-1sigma,FALSE,combined,vix,NA,NA
7,nickel,-0.22420890870423688,girf-ngas-1sigma,FALSE,combined,vix,NA,NA
8,nickel,-0.1878782545838303,girf-ngas-1sigma,FALSE,combined,vix,NA,NA
9,nickel,-0.003217662446614645,girf-ngas-1sigma,FALSE,combined,vix,NA,NA
10,nickel,0.035705464927029126,girf-ngas-1sigma,FALSE,combined,vix,NA,NA
11,nickel,-0.033965313659592336,girf-ngas-1sigma,FALSE,combined,vix,NA,NA
12,nickel,-0.03453398772278637,girf-ngas-1sigma,FALSE,combined,vix,NA,NA
13,nickel,0,girf-ngas-1sigma,FALSE,combined,vix,NA,NA
14,nickel,0,girf-ngas-1sigma,FALSE,combined,vix,NA,NA
15,nickel,0,girf-ngas-1sigma,FALSE,combined,vix,NA,NA
16,nickel,0,girf-ngas-1sigma,FALSE,combined,vix,NA,NA
17,nickel,0,girf-ngas-1sigma,FALSE,combined,vix,NA,NA
18,nickel,0,girf-ngas-1sigma,FALSE,combined,vix,NA,NA
19,nickel,0,girf-ngas-1sigma,FALSE,combined,vix,NA,NA
20,nickel,0,girf-ngas-1sigma,FALSE,combined,vix,NA,NA
21,nickel,0,girf-ngas-1sigma,FALSE,combined,vix,NA,NA
22,nickel,0,girf-ngas-1sigma,FALSE,combined,vix,NA,NA
23,nickel,0,girf-ngas-1sigma,FALSE,combined,vix,NA,NA
24,nickel,0,girf-ngas-1sigma,FALSE,combined,vix,NA,NA
1,platinum,0,girf-ngas-1sigma,FALSE,combined,vix,NA,NA
2,platinum,0,girf-ngas-1sigma,FALSE,combined,vix,NA,NA
3,platinum,0.059522991024994566,girf-ngas-1sigma,FALSE,combined,vix,NA,NA
4,platinum,-0.0970715971084029,girf-ngas-1sigma,FALSE,combined,vix,NA,NA
5,platinum,0.04060170233789073,girf-ngas-1sigma,FALSE,combined,vix,NA,NA
6,platinum,-0.04315551523193186,girf-ngas-1sigma,FALSE,combined,vix,NA,NA
7,platinum,-0.1372115251266488,girf-ngas-1sigma,FALSE,combined,vix,NA,NA
8,platinum,-0.09469197768417806,girf-ngas-1sigma,FALSE,combined,vix,NA,NA
9,platinum,0.045628453423705924,girf-ngas-1sigma,FALSE,combined,vix,NA,NA
10,platinum,0.11234529486998467,girf-ngas-1sigma,FALSE,combined,vix,NA,NA
11,platinum,0.03531034419069089,girf-ngas-1sigma,FALSE,combined,vix,NA,NA
12,platinum,0.0267601423134696,girf-ngas-1sigma,FALSE,combined,vix,NA,NA
13,platinum,0,girf-ngas-1sigma,FALSE,combined,vix,NA,NA
14,platinum,0,girf-ngas-1sigma,FALSE,combined,vix,NA,NA
15,platinum,0,girf-ngas-1sigma,FALSE,combined,vix,NA,NA
16,platinum,0,girf-ngas-1sigma,FALSE,combined,vix,NA,NA
17,platinum,0,girf-ngas-1sigma,FALSE,combined,vix,NA,NA
18,platinum,0,girf-ngas-1sigma,FALSE,combined,vix,NA,NA
19,platinum,0,girf-ngas-1sigma,FALSE,combined,vix,NA,NA
20,platinum,0,girf-ngas-1sigma,FALSE,combined,vix,NA,NA
21,platinum,0,girf-ngas-1sigma,FALSE,combined,vix,NA,NA
22,platinum,0,girf-ngas-1sigma,FALSE,combined,vix,NA,NA
23,platinum,0,girf-ngas-1sigma,FALSE,combined,vix,NA,NA
24,platinum,0,girf-ngas-1sigma,FALSE,combined,vix,NA,NA
1,silver,0,girf-ngas-1sigma,FALSE,combined,vix,NA,NA
2,silver,0,girf-ngas-1sigma,FALSE,combined,vix,NA,NA
3,silver,-0.0823264369800643,girf-ngas-1sigma,FALSE,combined,vix,NA,NA
4,silver,-0.16465872508460666,girf-ngas-1sigma,FALSE,combined,vix,NA,NA
5,silver,-0.020229450702370318,girf-ngas-1sigma,FALSE,combined,vix,NA,NA
6,silver,-0.09356404494582413,girf-ngas-1sigma,FALSE,combined,vix,NA,NA
7,silver,-0.11568235521027784,girf-ngas-1sigma,FALSE,combined,vix,NA,NA
8,silver,-0.04427312278760005,girf-ngas-1sigma,FALSE,combined,vix,NA,NA
9,silver,0.08851481213121577,girf-ngas-1sigma,FALSE,combined,vix,NA,NA
10,silver,0.1274891062812921,girf-ngas-1sigma,FALSE,combined,vix,NA,NA
11,silver,0.06559798719268103,girf-ngas-1sigma,FALSE,combined,vix,NA,NA
12,silver,0.05749928680813163,girf-ngas-1sigma,FALSE,combined,vix,NA,NA
13,silver,0,girf-ngas-1sigma,FALSE,combined,vix,NA,NA
14,silver,0,girf-ngas-1sigma,FALSE,combined,vix,NA,NA
15,silver,0,girf-ngas-1sigma,FALSE,combined,vix,NA,NA
16,silver,0,girf-ngas-1sigma,FALSE,combined,vix,NA,NA
17,silver,0,girf-ngas-1sigma,FALSE,combined,vix,NA,NA
18,silver,0,girf-ngas-1sigma,FALSE,combined,vix,NA,NA
19,silver,0,girf-ngas-1sigma,FALSE,combined,vix,NA,NA
20,silver,0,girf-ngas-1sigma,FALSE,combined,vix,NA,NA
21,silver,0,girf-ngas-1sigma,FALSE,combined,vix,NA,NA
22,silver,0,girf-ngas-1sigma,FALSE,combined,vix,NA,NA
23,silver,0,girf-ngas-1sigma,FALSE,combined,vix,NA,NA
24,silver,0,girf-ngas-1sigma,FALSE,combined,vix,NA,NA
1,soybeans,0,girf-ngas-1sigma,FALSE,combined,vix,NA,NA
2,soybeans,0,girf-ngas-1sigma,FALSE,combined,vix,NA,NA
3,soybeans,-0.10667648399856919,girf-ngas-1sigma,FALSE,combined,vix,NA,NA
4,soybeans,-0.04402251959003397,girf-ngas-1sigma,FALSE,combined,vix,NA,NA
5,soybeans,0.04423285780078253,girf-ngas-1sigma,FALSE,combined,vix,NA,NA
6,soybeans,-0.09143430637203151,girf-ngas-1sigma,FALSE,combined,vix,NA,NA
7,soybeans,-0.0061953044600618744,girf-ngas-1sigma,FALSE,combined,vix,NA,NA
8,soybeans,0.019748436374019393,girf-ngas-1sigma,FALSE,combined,vix,NA,NA
9,soybeans,0.05928857952414481,girf-ngas-1sigma,FALSE,combined,vix,NA,NA
10,soybeans,0.02679175393393806,girf-ngas-1sigma,FALSE,combined,vix,NA,NA
11,soybeans,0.06256321841251684,girf-ngas-1sigma,FALSE,combined,vix,NA,NA
12,soybeans,0.10764759235957182,girf-ngas-1sigma,FALSE,combined,vix,NA,NA
13,soybeans,0,girf-ngas-1sigma,FALSE,combined,vix,NA,NA
14,soybeans,0,girf-ngas-1sigma,FALSE,combined,vix,NA,NA
15,soybeans,0,girf-ngas-1sigma,FALSE,combined,vix,NA,NA
16,soybeans,0,girf-ngas-1sigma,FALSE,combined,vix,NA,NA
17,soybeans,0,girf-ngas-1sigma,FALSE,combined,vix,NA,NA
18,soybeans,0,girf-ngas-1sigma,FALSE,combined,vix,NA,NA
19,soybeans,0,girf-ngas-1sigma,FALSE,combined,vix,NA,NA
20,soybeans,0,girf-ngas-1sigma,FALSE,combined,vix,NA,NA
21,soybeans,0,girf-ngas-1sigma,FALSE,combined,vix,NA,NA
22,soybeans,0,girf-ngas-1sigma,FALSE,combined,vix,NA,NA
23,soybeans,0,girf-ngas-1sigma,FALSE,combined,vix,NA,NA
24,soybeans,0,girf-ngas-1sigma,FALSE,combined,vix,NA,NA
1,sugar_wld,0,girf-ngas-1sigma,FALSE,combined,vix,NA,NA
2,sugar_wld,0,girf-ngas-1sigma,FALSE,combined,vix,NA,NA
3,sugar_wld,-0.04711880060609364,girf-ngas-1sigma,FALSE,combined,vix,NA,NA
4,sugar_wld,-0.11689387201798918,girf-ngas-1sigma,FALSE,combined,vix,NA,NA
5,sugar_wld,-0.2420207205819038,girf-ngas-1sigma,FALSE,combined,vix,NA,NA
6,sugar_wld,-0.18696727722530554,girf-ngas-1sigma,FALSE,combined,vix,NA,NA
7,sugar_wld,-0.1291226013403753,girf-ngas-1sigma,FALSE,combined,vix,NA,NA
8,sugar_wld,-0.13537953795411156,girf-ngas-1sigma,FALSE,combined,vix,NA,NA
9,sugar_wld,-0.017314319583647875,girf-ngas-1sigma,FALSE,combined,vix,NA,NA
10,sugar_wld,-0.019508996034819016,girf-ngas-1sigma,FALSE,combined,vix,NA,NA
11,sugar_wld,-0.08272713628040936,girf-ngas-1sigma,FALSE,combined,vix,NA,NA
12,sugar_wld,-0.08156606494720009,girf-ngas-1sigma,FALSE,combined,vix,NA,NA
13,sugar_wld,0,girf-ngas-1sigma,FALSE,combined,vix,NA,NA
14,sugar_wld,0,girf-ngas-1sigma,FALSE,combined,vix,NA,NA
15,sugar_wld,0,girf-ngas-1sigma,FALSE,combined,vix,NA,NA
16,sugar_wld,0,girf-ngas-1sigma,FALSE,combined,vix,NA,NA
17,sugar_wld,0,girf-ngas-1sigma,FALSE,combined,vix,NA,NA
18,sugar_wld,0,girf-ngas-1sigma,FALSE,combined,vix,NA,NA
19,sugar_wld,0,girf-ngas-1sigma,FALSE,combined,vix,NA,NA
20,sugar_wld,0,girf-ngas-1sigma,FALSE,combined,vix,NA,NA
21,sugar_wld,0,girf-ngas-1sigma,FALSE,combined,vix,NA,NA
22,sugar_wld,0,girf-ngas-1sigma,FALSE,combined,vix,NA,NA
23,sugar_wld,0,girf-ngas-1sigma,FALSE,combined,vix,NA,NA
24,sugar_wld,0,girf-ngas-1sigma,FALSE,combined,vix,NA,NA
1,tin,0,girf-ngas-1sigma,FALSE,combined,vix,NA,NA
2,tin,0,girf-ngas-1sigma,FALSE,combined,vix,NA,NA
3,tin,0.006377291152387015,girf-ngas-1sigma,FALSE,combined,vix,NA,NA
4,tin,-0.078101802441413945,girf-ngas-1sigma,FALSE,combined,vix,NA,NA
5,tin,0.04049652594572491,girf-ngas-1sigma,FALSE,combined,vix,NA,NA
6,tin,-0.05792066165144489,girf-ngas-1sigma,FALSE,combined,vix,NA,NA
7,tin,-0.07353964401761981,girf-ngas-1sigma,FALSE,combined,vix,NA,NA
8,tin,-0.032597546629429645,girf-ngas-1sigma,FALSE,combined,vix,NA,NA
9,tin,0.09727412652334118,girf-ngas-1sigma,FALSE,combined,vix,NA,NA
10,tin,0.14885335364362165,girf-ngas-1sigma,FALSE,combined,vix,NA,NA
11,tin,0.14030674501034224,girf-ngas-1sigma,FALSE,combined,vix,NA,NA
12,tin,0.1557312560719879,girf-ngas-1sigma,FALSE,combined,vix,NA,NA
13,tin,0,girf-ngas-1sigma,FALSE,combined,vix,NA,NA
14,tin,0,girf-ngas-1sigma,FALSE,combined,vix,NA,NA
15,tin,0,girf-ngas-1sigma,FALSE,combined,vix,NA,NA
16,tin,0,girf-ngas-1sigma,FALSE,combined,vix,NA,NA
17,tin,0,girf-ngas-1sigma,FALSE,combined,vix,NA,NA
18,tin,0,girf-ngas-1sigma,FALSE,combined,vix,NA,NA
19,tin,0,girf-ngas-1sigma,FALSE,combined,vix,NA,NA
20,tin,0,girf-ngas-1sigma,FALSE,combined,vix,NA,NA
21,tin,0,girf-ngas-1sigma,FALSE,combined,vix,NA,NA
22,tin,0,girf-ngas-1sigma,FALSE,combined,vix,NA,NA
23,tin,0,girf-ngas-1sigma,FALSE,combined,vix,NA,NA
24,tin,0,girf-ngas-1sigma,FALSE,combined,vix,NA,NA
1,wheat_us_hrw,0,girf-ngas-1sigma,FALSE,combined,vix,NA,NA
2,wheat_us_hrw,0,girf-ngas-1sigma,FALSE,combined,vix,NA,NA
3,wheat_us_hrw,-0.11808309846867424,girf-ngas-1sigma,FALSE,combined,vix,NA,NA
4,wheat_us_hrw,-0.004274699629822992,girf-ngas-1sigma,FALSE,combined,vix,NA,NA
5,wheat_us_hrw,0.013658711666114055,girf-ngas-1sigma,FALSE,combined,vix,NA,NA
6,wheat_us_hrw,-0.09365744176412798,girf-ngas-1sigma,FALSE,combined,vix,NA,NA
7,wheat_us_hrw,-0.13035505780629683,girf-ngas-1sigma,FALSE,combined,vix,NA,NA
8,wheat_us_hrw,-0.05809178063149728,girf-ngas-1sigma,FALSE,combined,vix,NA,NA
9,wheat_us_hrw,0.13528682670357742,girf-ngas-1sigma,FALSE,combined,vix,NA,NA
10,wheat_us_hrw,0.1585196274276279,girf-ngas-1sigma,FALSE,combined,vix,NA,NA
11,wheat_us_hrw,0.07515461876244053,girf-ngas-1sigma,FALSE,combined,vix,NA,NA
12,wheat_us_hrw,0.05230417614598616,girf-ngas-1sigma,FALSE,combined,vix,NA,NA
13,wheat_us_hrw,0,girf-ngas-1sigma,FALSE,combined,vix,NA,NA
14,wheat_us_hrw,0,girf-ngas-1sigma,FALSE,combined,vix,NA,NA
15,wheat_us_hrw,0,girf-ngas-1sigma,FALSE,combined,vix,NA,NA
16,wheat_us_hrw,0,girf-ngas-1sigma,FALSE,combined,vix,NA,NA
17,wheat_us_hrw,0,girf-ngas-1sigma,FALSE,combined,vix,NA,NA
18,wheat_us_hrw,0,girf-ngas-1sigma,FALSE,combined,vix,NA,NA
19,wheat_us_hrw,0,girf-ngas-1sigma,FALSE,combined,vix,NA,NA
20,wheat_us_hrw,0,girf-ngas-1sigma,FALSE,combined,vix,NA,NA
21,wheat_us_hrw,0,girf-ngas-1sigma,FALSE,combined,vix,NA,NA
22,wheat_us_hrw,0,girf-ngas-1sigma,FALSE,combined,vix,NA,NA
23,wheat_us_hrw,0,girf-ngas-1sigma,FALSE,combined,vix,NA,NA
24,wheat_us_hrw,0,girf-ngas-1sigma,FALSE,combined,vix,NA,NA
1,zinc,0,girf-ngas-1sigma,FALSE,combined,vix,NA,NA
2,zinc,0,girf-ngas-1sigma,FALSE,combined,vix,NA,NA
3,zinc,-0.03808247239854593,girf-ngas-1sigma,FALSE,combined,vix,NA,NA
4,zinc,-0.14735876051881205,girf-ngas-1sigma,FALSE,combined,vix,NA,NA
5,zinc,-0.03569427473895503,girf-ngas-1sigma,FALSE,combined,vix,NA,NA
6,zinc,-0.18245712352747678,girf-ngas-1sigma,FALSE,combined,vix,NA,NA
7,zinc,-0.116770255522572,girf-ngas-1sigma,FALSE,combined,vix,NA,NA
8,zinc,-0.05635146954660623,girf-ngas-1sigma,FALSE,combined,vix,NA,NA
9,zinc,0.041191407596367705,girf-ngas-1sigma,FALSE,combined,vix,NA,NA
10,zinc,0.04052668531205208,girf-ngas-1sigma,FALSE,combined,vix,NA,NA
11,zinc,0.02206954620874375,girf-ngas-1sigma,FALSE,combined,vix,NA,NA
12,zinc,0.007705581010298276,girf-ngas-1sigma,FALSE,combined,vix,NA,NA
13,zinc,0,girf-ngas-1sigma,FALSE,combined,vix,NA,NA
14,zinc,0,girf-ngas-1sigma,FALSE,combined,vix,NA,NA
15,zinc,0,girf-ngas-1sigma,FALSE,combined,vix,NA,NA
16,zinc,0,girf-ngas-1sigma,FALSE,combined,vix,NA,NA
17,zinc,0,girf-ngas-1sigma,FALSE,combined,vix,NA,NA
18,zinc,0,girf-ngas-1sigma,FALSE,combined,vix,NA,NA
19,zinc,0,girf-ngas-1sigma,FALSE,combined,vix,NA,NA
20,zinc,0,girf-ngas-1sigma,FALSE,combined,vix,NA,NA
21,zinc,0,girf-ngas-1sigma,FALSE,combined,vix,NA,NA
22,zinc,0,girf-ngas-1sigma,FALSE,combined,vix,NA,NA
23,zinc,0,girf-ngas-1sigma,FALSE,combined,vix,NA,NA
24,zinc,0,girf-ngas-1sigma,FALSE,combined,vix,NA,NA
1,aluminium,0,unit-shock-crude_wti,TRUE,combined,vix,NA,NA
2,aluminium,0,unit-shock-crude_wti,TRUE,combined,vix,NA,NA
3,aluminium,0,unit-shock-crude_wti,TRUE,combined,vix,NA,NA
4,aluminium,0,unit-shock-crude_wti,TRUE,combined,vix,NA,NA
5,aluminium,0,unit-shock-crude_wti,TRUE,combined,vix,NA,NA
6,aluminium,0,unit-shock-crude_wti,TRUE,combined,vix,NA,NA
7,aluminium,0,unit-shock-crude_wti,TRUE,combined,vix,NA,NA
8,aluminium,0,unit-shock-crude_wti,TRUE,combined,vix,NA,NA
9,aluminium,0,unit-shock-crude_wti,TRUE,combined,vix,NA,NA
10,aluminium,0,unit-shock-crude_wti,TRUE,combined,vix,NA,NA
11,aluminium,0,unit-shock-crude_wti,TRUE,combined,vix,NA,NA
12,aluminium,0,unit-shock-crude_wti,TRUE,combined,vix,NA,NA
13,aluminium,0,unit-shock-crude_wti,TRUE,combined,vix,NA,NA
14,aluminium,0,unit-shock-crude_wti,TRUE,combined,vix,NA,NA
15,aluminium,0,unit-shock-crude_wti,TRUE,combined,vix,NA,NA
16,aluminium,0,unit-shock-crude_wti,TRUE,combined,vix,NA,NA
17,aluminium,0,unit-shock-crude_wti,TRUE,combined,vix,NA,NA
18,aluminium,0,unit-shock-crude_wti,TRUE,combined,vix,NA,NA
19,aluminium,0,unit-shock-crude_wti,TRUE,combined,vix,NA,NA
20,aluminium,0,unit-shock-crude_wti,TRUE,combined,vix,NA,NA
21,aluminium,0,unit-shock-crude_wti,TRUE,combined,vix,NA,NA
22,aluminium,0,unit-shock-crude_wti,TRUE,combined,vix,NA,NA
23,aluminium,0,unit-shock-crude_wti,TRUE,combined,vix,NA,NA
24,aluminium,0,unit-shock-crude_wti,TRUE,combined,vix,NA,NA
1,cocoa,0,unit-shock-crude_wti,TRUE,combined,vix,NA,NA
2,cocoa,0,unit-shock-crude_wti,TRUE,combined,vix,NA,NA
3,cocoa,0,unit-shock-crude_wti,TRUE,combined,vix,NA,NA
4,cocoa,0,unit-shock-crude_wti,TRUE,combined,vix,NA,NA
5,cocoa,0,unit-shock-crude_wti,TRUE,combined,vix,NA,NA
6,cocoa,0,unit-shock-crude_wti,TRUE,combined,vix,NA,NA
7,cocoa,0,unit-shock-crude_wti,TRUE,combined,vix,NA,NA
8,cocoa,0,unit-shock-crude_wti,TRUE,combined,vix,NA,NA
9,cocoa,0,unit-shock-crude_wti,TRUE,combined,vix,NA,NA
10,cocoa,0,unit-shock-crude_wti,TRUE,combined,vix,NA,NA
11,cocoa,0,unit-shock-crude_wti,TRUE,combined,vix,NA,NA
12,cocoa,0,unit-shock-crude_wti,TRUE,combined,vix,NA,NA
13,cocoa,0,unit-shock-crude_wti,TRUE,combined,vix,NA,NA
14,cocoa,0,unit-shock-crude_wti,TRUE,combined,vix,NA,NA
15,cocoa,0,unit-shock-crude_wti,TRUE,combined,vix,NA,NA
16,cocoa,0,unit-shock-crude_wti,TRUE,combined,vix,NA,NA
17,cocoa,0,unit-shock-crude_wti,TRUE,combined,vix,NA,NA
18,cocoa,0,unit-shock-crude_wti,TRUE,combined,vix,NA,NA
19,cocoa,0,unit-shock-crude_wti,TRUE,combined,vix,NA,NA
20,cocoa,0,unit-shock-crude_wti,TRUE,combined,vix,NA,NA
21,cocoa,0,unit-shock-crude_wti,TRUE,combined,vix,NA,NA
22,cocoa,0,unit-shock-crude_wti,TRUE,combined,vix,NA,NA
23,cocoa,0,unit-shock-crude_wti,TRUE,combined,vix,NA,NA
24,cocoa,0,unit-shock-crude_wti,TRUE,combined,vix,NA,NA
1,coffee_arabic,0,unit-shock-crude_wti,TRUE,combined,vix,NA,NA
2,coffee_arabic,0,unit-shock-crude_wti,TRUE,combined,vix,NA,NA
3,coffee_arabic,0,unit-shock-crude_wti,TRUE,combined,vix,NA,NA
4,coffee_arabic,0,unit-shock-crude_wti,TRUE,combined,vix,NA,NA
5,coffee_arabic,0,unit-shock-crude_wti,TRUE,combined,vix,NA,NA
6,coffee_arabic,0,unit-shock-crude_wti,TRUE,combined,vix,NA,NA
7,coffee_arabic,0,unit-shock-crude_wti,TRUE,combined,vix,NA,NA
8,coffee_arabic,0,unit-shock-crude_wti,TRUE,combined,vix,NA,NA
9,coffee_arabic,0,unit-shock-crude_wti,TRUE,combined,vix,NA,NA
10,coffee_arabic,0,unit-shock-crude_wti,TRUE,combined,vix,NA,NA
11,coffee_arabic,0,unit-shock-crude_wti,TRUE,combined,vix,NA,NA
12,coffee_arabic,0,unit-shock-crude_wti,TRUE,combined,vix,NA,NA
13,coffee_arabic,0,unit-shock-crude_wti,TRUE,combined,vix,NA,NA
14,coffee_arabic,0,unit-shock-crude_wti,TRUE,combined,vix,NA,NA
15,coffee_arabic,0,unit-shock-crude_wti,TRUE,combined,vix,NA,NA
16,coffee_arabic,0,unit-shock-crude_wti,TRUE,combined,vix,NA,NA
17,coffee_arabic,0,unit-shock-crude_wti,TRUE,combined,vix,NA,NA
18,coffee_arabic,0,unit-shock-crude_wti,TRUE,combined,vix,NA,NA
19,coffee_arabic,0,unit-shock-crude_wti,TRUE,combined,vix,NA,NA
20,coffee_arabic,0,unit-shock-crude_wti,TRUE,combined,vix,NA,NA
21,coffee_arabic,0,unit-shock-crude_wti,TRUE,combined,vix,NA,NA
22,coffee_arabic,0,unit-shock-crude_wti,TRUE,combined,vix,NA,NA
23,coffee_arabic,0,unit-shock-crude_wti,TRUE,combined,vix,NA,NA
24,coffee_arabic,0,unit-shock-crude_wti,TRUE,combined,vix,NA,NA
1,copper,0,unit-shock-crude_wti,TRUE,combined,vix,NA,NA
2,copper,0,unit-shock-crude_wti,TRUE,combined,vix,NA,NA
3,copper,0,unit-shock-crude_wti,TRUE,combined,vix,NA,NA
4,copper,0,unit-shock-crude_wti,TRUE,combined,vix,NA,NA
5,copper,0,unit-shock-crude_wti,TRUE,combined,vix,NA,NA
6,copper,0,unit-shock-crude_wti,TRUE,combined,vix,NA,NA
7,copper,0,unit-shock-crude_wti,TRUE,combined,vix,NA,NA
8,copper,0,unit-shock-crude_wti,TRUE,combined,vix,NA,NA
9,copper,0,unit-shock-crude_wti,TRUE,combined,vix,NA,NA
10,copper,0,unit-shock-crude_wti,TRUE,combined,vix,NA,NA
11,copper,0,unit-shock-crude_wti,TRUE,combined,vix,NA,NA
12,copper,0,unit-shock-crude_wti,TRUE,combined,vix,NA,NA
13,copper,0,unit-shock-crude_wti,TRUE,combined,vix,NA,NA
14,copper,0,unit-shock-crude_wti,TRUE,combined,vix,NA,NA
15,copper,0,unit-shock-crude_wti,TRUE,combined,vix,NA,NA
16,copper,0,unit-shock-crude_wti,TRUE,combined,vix,NA,NA
17,copper,0,unit-shock-crude_wti,TRUE,combined,vix,NA,NA
18,copper,0,unit-shock-crude_wti,TRUE,combined,vix,NA,NA
19,copper,0,unit-shock-crude_wti,TRUE,combined,vix,NA,NA
20,copper,0,unit-shock-crude_wti,TRUE,combined,vix,NA,NA
21,copper,0,unit-shock-crude_wti,TRUE,combined,vix,NA,NA
22,copper,0,unit-shock-crude_wti,TRUE,combined,vix,NA,NA
23,copper,0,unit-shock-crude_wti,TRUE,combined,vix,NA,NA
24,copper,0,unit-shock-crude_wti,TRUE,combined,vix,NA,NA
1,cotton_a_indx,0,unit-shock-crude_wti,TRUE,combined,vix,NA,NA
2,cotton_a_indx,0,unit-shock-crude_wti,TRUE,combined,vix,NA,NA
3,cotton_a_indx,0,unit-shock-crude_wti,TRUE,combined,vix,NA,NA
4,cotton_a_indx,0,unit-shock-crude_wti,TRUE,combined,vix,NA,NA
5,cotton_a_indx,0,unit-shock-crude_wti,TRUE,combined,vix,NA,NA
6,cotton_a_indx,0,unit-shock-crude_wti,TRUE,combined,vix,NA,NA
7,cotton_a_indx,0,unit-shock-crude_wti,TRUE,combined,vix,NA,NA
8,cotton_a_indx,0,unit-shock-crude_wti,TRUE,combined,vix,NA,NA
9,cotton_a_indx,0,unit-shock-crude_wti,TRUE,combined,vix,NA,NA
10,cotton_a_indx,0,unit-shock-crude_wti,TRUE,combined,vix,NA,NA
11,cotton_a_indx,0,unit-shock-crude_wti,TRUE,combined,vix,NA,NA
12,cotton_a_indx,0,unit-shock-crude_wti,TRUE,combined,vix,NA,NA
13,cotton_a_indx,0,unit-shock-crude_wti,TRUE,combined,vix,NA,NA
14,cotton_a_indx,0,unit-shock-crude_wti,TRUE,combined,vix,NA,NA
15,cotton_a_indx,0,unit-shock-crude_wti,TRUE,combined,vix,NA,NA
16,cotton_a_indx,0,unit-shock-crude_wti,TRUE,combined,vix,NA,NA
17,cotton_a_indx,0,unit-shock-crude_wti,TRUE,combined,vix,NA,NA
18,cotton_a_indx,0,unit-shock-crude_wti,TRUE,combined,vix,NA,NA
19,cotton_a_indx,0,unit-shock-crude_wti,TRUE,combined,vix,NA,NA
20,cotton_a_indx,0,unit-shock-crude_wti,TRUE,combined,vix,NA,NA
21,cotton_a_indx,0,unit-shock-crude_wti,TRUE,combined,vix,NA,NA
22,cotton_a_indx,0,unit-shock-crude_wti,TRUE,combined,vix,NA,NA
23,cotton_a_indx,0,unit-shock-crude_wti,TRUE,combined,vix,NA,NA
24,cotton_a_indx,0,unit-shock-crude_wti,TRUE,combined,vix,NA,NA
1,crude_wti,0,unit-shock-crude_wti,TRUE,combined,vix,NA,NA
2,crude_wti,0,unit-shock-crude_wti,TRUE,combined,vix,NA,NA
3,crude_wti,0,unit-shock-crude_wti,TRUE,combined,vix,NA,NA
4,crude_wti,0,unit-shock-crude_wti,TRUE,combined,vix,NA,NA
5,crude_wti,0,unit-shock-crude_wti,TRUE,combined,vix,NA,NA
6,crude_wti,0,unit-shock-crude_wti,TRUE,combined,vix,NA,NA
7,crude_wti,0,unit-shock-crude_wti,TRUE,combined,vix,NA,NA
8,crude_wti,0,unit-shock-crude_wti,TRUE,combined,vix,NA,NA
9,crude_wti,0,unit-shock-crude_wti,TRUE,combined,vix,NA,NA
10,crude_wti,0,unit-shock-crude_wti,TRUE,combined,vix,NA,NA
11,crude_wti,0,unit-shock-crude_wti,TRUE,combined,vix,NA,NA
12,crude_wti,0,unit-shock-crude_wti,TRUE,combined,vix,NA,NA
13,crude_wti,0,unit-shock-crude_wti,TRUE,combined,vix,NA,NA
14,crude_wti,0,unit-shock-crude_wti,TRUE,combined,vix,NA,NA
15,crude_wti,0,unit-shock-crude_wti,TRUE,combined,vix,NA,NA
16,crude_wti,0,unit-shock-crude_wti,TRUE,combined,vix,NA,NA
17,crude_wti,0,unit-shock-crude_wti,TRUE,combined,vix,NA,NA
18,crude_wti,0,unit-shock-crude_wti,TRUE,combined,vix,NA,NA
19,crude_wti,0,unit-shock-crude_wti,TRUE,combined,vix,NA,NA
20,crude_wti,0,unit-shock-crude_wti,TRUE,combined,vix,NA,NA
21,crude_wti,0,unit-shock-crude_wti,TRUE,combined,vix,NA,NA
22,crude_wti,0,unit-shock-crude_wti,TRUE,combined,vix,NA,NA
23,crude_wti,0,unit-shock-crude_wti,TRUE,combined,vix,NA,NA
24,crude_wti,0,unit-shock-crude_wti,TRUE,combined,vix,NA,NA
1,gold,0,unit-shock-crude_wti,TRUE,combined,vix,NA,NA
2,gold,0,unit-shock-crude_wti,TRUE,combined,vix,NA,NA
3,gold,0,unit-shock-crude_wti,TRUE,combined,vix,NA,NA
4,gold,0,unit-shock-crude_wti,TRUE,combined,vix,NA,NA
5,gold,0,unit-shock-crude_wti,TRUE,combined,vix,NA,NA
6,gold,0,unit-shock-crude_wti,TRUE,combined,vix,NA,NA
7,gold,0,unit-shock-crude_wti,TRUE,combined,vix,NA,NA
8,gold,0,unit-shock-crude_wti,TRUE,combined,vix,NA,NA
9,gold,0,unit-shock-crude_wti,TRUE,combined,vix,NA,NA
10,gold,0,unit-shock-crude_wti,TRUE,combined,vix,NA,NA
11,gold,0,unit-shock-crude_wti,TRUE,combined,vix,NA,NA
12,gold,0,unit-shock-crude_wti,TRUE,combined,vix,NA,NA
13,gold,0,unit-shock-crude_wti,TRUE,combined,vix,NA,NA
14,gold,0,unit-shock-crude_wti,TRUE,combined,vix,NA,NA
15,gold,0,unit-shock-crude_wti,TRUE,combined,vix,NA,NA
16,gold,0,unit-shock-crude_wti,TRUE,combined,vix,NA,NA
17,gold,0,unit-shock-crude_wti,TRUE,combined,vix,NA,NA
18,gold,0,unit-shock-crude_wti,TRUE,combined,vix,NA,NA
19,gold,0,unit-shock-crude_wti,TRUE,combined,vix,NA,NA
20,gold,0,unit-shock-crude_wti,TRUE,combined,vix,NA,NA
21,gold,0,unit-shock-crude_wti,TRUE,combined,vix,NA,NA
22,gold,0,unit-shock-crude_wti,TRUE,combined,vix,NA,NA
23,gold,0,unit-shock-crude_wti,TRUE,combined,vix,NA,NA
24,gold,0,unit-shock-crude_wti,TRUE,combined,vix,NA,NA
1,lead,0,unit-shock-crude_wti,TRUE,combined,vix,NA,NA
2,lead,0,unit-shock-crude_wti,TRUE,combined,vix,NA,NA
3,lead,0,unit-shock-crude_wti,TRUE,combined,vix,NA,NA
4,lead,0,unit-shock-crude_wti,TRUE,combined,vix,NA,NA
5,lead,0,unit-shock-crude_wti,TRUE,combined,vix,NA,NA
6,lead,0,unit-shock-crude_wti,TRUE,combined,vix,NA,NA
7,lead,0,unit-shock-crude_wti,TRUE,combined,vix,NA,NA
8,lead,0,unit-shock-crude_wti,TRUE,combined,vix,NA,NA
9,lead,0,unit-shock-crude_wti,TRUE,combined,vix,NA,NA
10,lead,0,unit-shock-crude_wti,TRUE,combined,vix,NA,NA
11,lead,0,unit-shock-crude_wti,TRUE,combined,vix,NA,NA
12,lead,0,unit-shock-crude_wti,TRUE,combined,vix,NA,NA
13,lead,0,unit-shock-crude_wti,TRUE,combined,vix,NA,NA
14,lead,0,unit-shock-crude_wti,TRUE,combined,vix,NA,NA
15,lead,0,unit-shock-crude_wti,TRUE,combined,vix,NA,NA
16,lead,0,unit-shock-crude_wti,TRUE,combined,vix,NA,NA
17,lead,0,unit-shock-crude_wti,TRUE,combined,vix,NA,NA
18,lead,0,unit-shock-crude_wti,TRUE,combined,vix,NA,NA
19,lead,0,unit-shock-crude_wti,TRUE,combined,vix,NA,NA
20,lead,0,unit-shock-crude_wti,TRUE,combined,vix,NA,NA
21,lead,0,unit-shock-crude_wti,TRUE,combined,vix,NA,NA
22,lead,0,unit-shock-crude_wti,TRUE,combined,vix,NA,NA
23,lead,0,unit-shock-crude_wti,TRUE,combined,vix,NA,NA
24,lead,0,unit-shock-crude_wti,TRUE,combined,vix,NA,NA
1,maize,0,unit-shock-crude_wti,TRUE,combined,vix,NA,NA
2,maize,0,unit-shock-crude_wti,TRUE,combined,vix,NA,NA
3,maize,0,unit-shock-crude_wti,TRUE,combined,vix,NA,NA
4,maize,0,unit-shock-crude_wti,TRUE,combined,vix,NA,NA
5,maize,0,unit-shock-crude_wti,TRUE,combined,vix,NA,NA
6,maize,0,unit-shock-crude_wti,TRUE,combined,vix,NA,NA
7,maize,0,unit-shock-crude_wti,TRUE,combined,vix,NA,NA
8,maize,0,unit-shock-crude_wti,TRUE,combined,vix,NA,NA
9,maize,0,unit-shock-crude_wti,TRUE,combined,vix,NA,NA
10,maize,0,unit-shock-crude_wti,TRUE,combined,vix,NA,NA
11,maize,0,unit-shock-crude_wti,TRUE,combined,vix,NA,NA
12,maize,0,unit-shock-crude_wti,TRUE,combined,vix,NA,NA
13,maize,0,unit-shock-crude_wti,TRUE,combined,vix,NA,NA
14,maize,0,unit-shock-crude_wti,TRUE,combined,vix,NA,NA
15,maize,0,unit-shock-crude_wti,TRUE,combined,vix,NA,NA
16,maize,0,unit-shock-crude_wti,TRUE,combined,vix,NA,NA
17,maize,0,unit-shock-crude_wti,TRUE,combined,vix,NA,NA
18,maize,0,unit-shock-crude_wti,TRUE,combined,vix,NA,NA
19,maize,0,unit-shock-crude_wti,TRUE,combined,vix,NA,NA
20,maize,0,unit-shock-crude_wti,TRUE,combined,vix,NA,NA
21,maize,0,unit-shock-crude_wti,TRUE,combined,vix,NA,NA
22,maize,0,unit-shock-crude_wti,TRUE,combined,vix,NA,NA
23,maize,0,unit-shock-crude_wti,TRUE,combined,vix,NA,NA
24,maize,0,unit-shock-crude_wti,TRUE,combined,vix,NA,NA
1,ngas_us,0,unit-shock-crude_wti,TRUE,combined,vix,NA,NA
2,ngas_us,0,unit-shock-crude_wti,TRUE,combined,vix,NA,NA
3,ngas_us,0,unit-shock-crude_wti,TRUE,combined,vix,NA,NA
4,ngas_us,0,unit-shock-crude_wti,TRUE,combined,vix,NA,NA
5,ngas_us,0,unit-shock-crude_wti,TRUE,combined,vix,NA,NA
6,ngas_us,0,unit-shock-crude_wti,TRUE,combined,vix,NA,NA
7,ngas_us,0,unit-shock-crude_wti,TRUE,combined,vix,NA,NA
8,ngas_us,0,unit-shock-crude_wti,TRUE,combined,vix,NA,NA
9,ngas_us,0,unit-shock-crude_wti,TRUE,combined,vix,NA,NA
10,ngas_us,0,unit-shock-crude_wti,TRUE,combined,vix,NA,NA
11,ngas_us,0,unit-shock-crude_wti,TRUE,combined,vix,NA,NA
12,ngas_us,0,unit-shock-crude_wti,TRUE,combined,vix,NA,NA
13,ngas_us,0,unit-shock-crude_wti,TRUE,combined,vix,NA,NA
14,ngas_us,0,unit-shock-crude_wti,TRUE,combined,vix,NA,NA
15,ngas_us,0,unit-shock-crude_wti,TRUE,combined,vix,NA,NA
16,ngas_us,0,unit-shock-crude_wti,TRUE,combined,vix,NA,NA
17,ngas_us,0,unit-shock-crude_wti,TRUE,combined,vix,NA,NA
18,ngas_us,0,unit-shock-crude_wti,TRUE,combined,vix,NA,NA
19,ngas_us,0,unit-shock-crude_wti,TRUE,combined,vix,NA,NA
20,ngas_us,0,unit-shock-crude_wti,TRUE,combined,vix,NA,NA
21,ngas_us,0,unit-shock-crude_wti,TRUE,combined,vix,NA,NA
22,ngas_us,0,unit-shock-crude_wti,TRUE,combined,vix,NA,NA
23,ngas_us,0,unit-shock-crude_wti,TRUE,combined,vix,NA,NA
24,ngas_us,0,unit-shock-crude_wti,TRUE,combined,vix,NA,NA
1,nickel,0,unit-shock-crude_wti,TRUE,combined,vix,NA,NA
2,nickel,0,unit-shock-crude_wti,TRUE,combined,vix,NA,NA
3,nickel,0,unit-shock-crude_wti,TRUE,combined,vix,NA,NA
4,nickel,0,unit-shock-crude_wti,TRUE,combined,vix,NA,NA
5,nickel,0,unit-shock-crude_wti,TRUE,combined,vix,NA,NA
6,nickel,0,unit-shock-crude_wti,TRUE,combined,vix,NA,NA
7,nickel,0,unit-shock-crude_wti,TRUE,combined,vix,NA,NA
8,nickel,0,unit-shock-crude_wti,TRUE,combined,vix,NA,NA
9,nickel,0,unit-shock-crude_wti,TRUE,combined,vix,NA,NA
10,nickel,0,unit-shock-crude_wti,TRUE,combined,vix,NA,NA
11,nickel,0,unit-shock-crude_wti,TRUE,combined,vix,NA,NA
12,nickel,0,unit-shock-crude_wti,TRUE,combined,vix,NA,NA
13,nickel,0,unit-shock-crude_wti,TRUE,combined,vix,NA,NA
14,nickel,0,unit-shock-crude_wti,TRUE,combined,vix,NA,NA
15,nickel,0,unit-shock-crude_wti,TRUE,combined,vix,NA,NA
16,nickel,0,unit-shock-crude_wti,TRUE,combined,vix,NA,NA
17,nickel,0,unit-shock-crude_wti,TRUE,combined,vix,NA,NA
18,nickel,0,unit-shock-crude_wti,TRUE,combined,vix,NA,NA
19,nickel,0,unit-shock-crude_wti,TRUE,combined,vix,NA,NA
20,nickel,0,unit-shock-crude_wti,TRUE,combined,vix,NA,NA
21,nickel,0,unit-shock-crude_wti,TRUE,combined,vix,NA,NA
22,nickel,0,unit-shock-crude_wti,TRUE,combined,vix,NA,NA
23,nickel,0,unit-shock-crude_wti,TRUE,combined,vix,NA,NA
24,nickel,0,unit-shock-crude_wti,TRUE,combined,vix,NA,NA
1,platinum,0,unit-shock-crude_wti,TRUE,combined,vix,NA,NA
2,platinum,0,unit-shock-crude_wti,TRUE,combined,vix,NA,NA
3,platinum,0,unit-shock-crude_wti,TRUE,combined,vix,NA,NA
4,platinum,0,unit-shock-crude_wti,TRUE,combined,vix,NA,NA
5,platinum,0,unit-shock-crude_wti,TRUE,combined,vix,NA,NA
6,platinum,0,unit-shock-crude_wti,TRUE,combined,vix,NA,NA
7,platinum,0,unit-shock-crude_wti,TRUE,combined,vix,NA,NA
8,platinum,0,unit-shock-crude_wti,TRUE,combined,vix,NA,NA
9,platinum,0,unit-shock-crude_wti,TRUE,combined,vix,NA,NA
10,platinum,0,unit-shock-crude_wti,TRUE,combined,vix,NA,NA
11,platinum,0,unit-shock-crude_wti,TRUE,combined,vix,NA,NA
12,platinum,0,unit-shock-crude_wti,TRUE,combined,vix,NA,NA
13,platinum,0,unit-shock-crude_wti,TRUE,combined,vix,NA,NA
14,platinum,0,unit-shock-crude_wti,TRUE,combined,vix,NA,NA
15,platinum,0,unit-shock-crude_wti,TRUE,combined,vix,NA,NA
16,platinum,0,unit-shock-crude_wti,TRUE,combined,vix,NA,NA
17,platinum,0,unit-shock-crude_wti,TRUE,combined,vix,NA,NA
18,platinum,0,unit-shock-crude_wti,TRUE,combined,vix,NA,NA
19,platinum,0,unit-shock-crude_wti,TRUE,combined,vix,NA,NA
20,platinum,0,unit-shock-crude_wti,TRUE,combined,vix,NA,NA
21,platinum,0,unit-shock-crude_wti,TRUE,combined,vix,NA,NA
22,platinum,0,unit-shock-crude_wti,TRUE,combined,vix,NA,NA
23,platinum,0,unit-shock-crude_wti,TRUE,combined,vix,NA,NA
24,platinum,0,unit-shock-crude_wti,TRUE,combined,vix,NA,NA
1,silver,0,unit-shock-crude_wti,TRUE,combined,vix,NA,NA
2,silver,0,unit-shock-crude_wti,TRUE,combined,vix,NA,NA
3,silver,0,unit-shock-crude_wti,TRUE,combined,vix,NA,NA
4,silver,0,unit-shock-crude_wti,TRUE,combined,vix,NA,NA
5,silver,0,unit-shock-crude_wti,TRUE,combined,vix,NA,NA
6,silver,0,unit-shock-crude_wti,TRUE,combined,vix,NA,NA
7,silver,0,unit-shock-crude_wti,TRUE,combined,vix,NA,NA
8,silver,0,unit-shock-crude_wti,TRUE,combined,vix,NA,NA
9,silver,0,unit-shock-crude_wti,TRUE,combined,vix,NA,NA
10,silver,0,unit-shock-crude_wti,TRUE,combined,vix,NA,NA
11,silver,0,unit-shock-crude_wti,TRUE,combined,vix,NA,NA
12,silver,0,unit-shock-crude_wti,TRUE,combined,vix,NA,NA
13,silver,0,unit-shock-crude_wti,TRUE,combined,vix,NA,NA
14,silver,0,unit-shock-crude_wti,TRUE,combined,vix,NA,NA
15,silver,0,unit-shock-crude_wti,TRUE,combined,vix,NA,NA
16,silver,0,unit-shock-crude_wti,TRUE,combined,vix,NA,NA
17,silver,0,unit-shock-crude_wti,TRUE,combined,vix,NA,NA
18,silver,0,unit-shock-crude_wti,TRUE,combined,vix,NA,NA
19,silver,0,unit-shock-crude_wti,TRUE,combined,vix,NA,NA
20,silver,0,unit-shock-crude_wti,TRUE,combined,vix,NA,NA
21,silver,0,unit-shock-crude_wti,TRUE,combined,vix,NA,NA
22,silver,0,unit-shock-crude_wti,TRUE,combined,vix,NA,NA
23,silver,0,unit-shock-crude_wti,TRUE,combined,vix,NA,NA
24,silver,0,unit-shock-crude_wti,TRUE,combined,vix,NA,NA
1,soybeans,0,unit-shock-crude_wti,TRUE,combined,vix,NA,NA
2,soybeans,0,unit-shock-crude_wti,TRUE,combined,vix,NA,NA
3,soybeans,0,unit-shock-crude_wti,TRUE,combined,vix,NA,NA
4,soybeans,0,unit-shock-crude_wti,TRUE,combined,vix,NA,NA
5,soybeans,0,unit-shock-crude_wti,TRUE,combined,vix,NA,NA
6,soybeans,0,unit-shock-crude_wti,TRUE,combined,vix,NA,NA
7,soybeans,0,unit-shock-crude_wti,TRUE,combined,vix,NA,NA
8,soybeans,0,unit-shock-crude_wti,TRUE,combined,vix,NA,NA
9,soybeans,0,unit-shock-crude_wti,TRUE,combined,vix,NA,NA
10,soybeans,0,unit-shock-crude_wti,TRUE,combined,vix,NA,NA
11,soybeans,0,unit-shock-crude_wti,TRUE,combined,vix,NA,NA
12,soybeans,0,unit-shock-crude_wti,TRUE,combined,vix,NA,NA
13,soybeans,0,unit-shock-crude_wti,TRUE,combined,vix,NA,NA
14,soybeans,0,unit-shock-crude_wti,TRUE,combined,vix,NA,NA
15,soybeans,0,unit-shock-crude_wti,TRUE,combined,vix,NA,NA
16,soybeans,0,unit-shock-crude_wti,TRUE,combined,vix,NA,NA
17,soybeans,0,unit-shock-crude_wti,TRUE,combined,vix,NA,NA
18,soybeans,0,unit-shock-crude_wti,TRUE,combined,vix,NA,NA
19,soybeans,0,unit-shock-crude_wti,TRUE,combined,vix,NA,NA
20,soybeans,0,unit-shock-crude_wti,TRUE,combined,vix,NA,NA
21,soybeans,0,unit-shock-crude_wti,TRUE,combined,vix,NA,NA
22,soybeans,0,unit-shock-crude_wti,TRUE,combined,vix,NA,NA
23,soybeans,0,unit-shock-crude_wti,TRUE,combined,vix,NA,NA
24,soybeans,0,unit-shock-crude_wti,TRUE,combined,vix,NA,NA
1,sugar_wld,0,unit-shock-crude_wti,TRUE,combined,vix,NA,NA
2,sugar_wld,0,unit-shock-crude_wti,TRUE,combined,vix,NA,NA
3,sugar_wld,0,unit-shock-crude_wti,TRUE,combined,vix,NA,NA
4,sugar_wld,0,unit-shock-crude_wti,TRUE,combined,vix,NA,NA
5,sugar_wld,0,unit-shock-crude_wti,TRUE,combined,vix,NA,NA
6,sugar_wld,0,unit-shock-crude_wti,TRUE,combined,vix,NA,NA
7,sugar_wld,0,unit-shock-crude_wti,TRUE,combined,vix,NA,NA
8,sugar_wld,0,unit-shock-crude_wti,TRUE,combined,vix,NA,NA
9,sugar_wld,0,unit-shock-crude_wti,TRUE,combined,vix,NA,NA
10,sugar_wld,0,unit-shock-crude_wti,TRUE,combined,vix,NA,NA
11,sugar_wld,0,unit-shock-crude_wti,TRUE,combined,vix,NA,NA
12,sugar_wld,0,unit-shock-crude_wti,TRUE,combined,vix,NA,NA
13,sugar_wld,0,unit-shock-crude_wti,TRUE,combined,vix,NA,NA
14,sugar_wld,0,unit-shock-crude_wti,TRUE,combined,vix,NA,NA
15,sugar_wld,0,unit-shock-crude_wti,TRUE,combined,vix,NA,NA
16,sugar_wld,0,unit-shock-crude_wti,TRUE,combined,vix,NA,NA
17,sugar_wld,0,unit-shock-crude_wti,TRUE,combined,vix,NA,NA
18,sugar_wld,0,unit-shock-crude_wti,TRUE,combined,vix,NA,NA
19,sugar_wld,0,unit-shock-crude_wti,TRUE,combined,vix,NA,NA
20,sugar_wld,0,unit-shock-crude_wti,TRUE,combined,vix,NA,NA
21,sugar_wld,0,unit-shock-crude_wti,TRUE,combined,vix,NA,NA
22,sugar_wld,0,unit-shock-crude_wti,TRUE,combined,vix,NA,NA
23,sugar_wld,0,unit-shock-crude_wti,TRUE,combined,vix,NA,NA
24,sugar_wld,0,unit-shock-crude_wti,TRUE,combined,vix,NA,NA
1,tin,0,unit-shock-crude_wti,TRUE,combined,vix,NA,NA
2,tin,0,unit-shock-crude_wti,TRUE,combined,vix,NA,NA
3,tin,0,unit-shock-crude_wti,TRUE,combined,vix,NA,NA
4,tin,0,unit-shock-crude_wti,TRUE,combined,vix,NA,NA
5,tin,0,unit-shock-crude_wti,TRUE,combined,vix,NA,NA
6,tin,0,unit-shock-crude_wti,TRUE,combined,vix,NA,NA
7,tin,0,unit-shock-crude_wti,TRUE,combined,vix,NA,NA
8,tin,0,unit-shock-crude_wti,TRUE,combined,vix,NA,NA
9,tin,0,unit-shock-crude_wti,TRUE,combined,vix,NA,NA
10,tin,0,unit-shock-crude_wti,TRUE,combined,vix,NA,NA
11,tin,0,unit-shock-crude_wti,TRUE,combined,vix,NA,NA
12,tin,0,unit-shock-crude_wti,TRUE,combined,vix,NA,NA
13,tin,0,unit-shock-crude_wti,TRUE,combined,vix,NA,NA
14,tin,0,unit-shock-crude_wti,TRUE,combined,vix,NA,NA
15,tin,0,unit-shock-crude_wti,TRUE,combined,vix,NA,NA
16,tin,0,unit-shock-crude_wti,TRUE,combined,vix,NA,NA
17,tin,0,unit-shock-crude_wti,TRUE,combined,vix,NA,NA
18,tin,0,unit-shock-crude_wti,TRUE,combined,vix,NA,NA
19,tin,0,unit-shock-crude_wti,TRUE,combined,vix,NA,NA
20,tin,0,unit-shock-crude_wti,TRUE,combined,vix,NA,NA
21,tin,0,unit-shock-crude_wti,TRUE,combined,vix,NA,NA
22,tin,0,unit-shock-crude_wti,TRUE,combined,vix,NA,NA
23,tin,0,unit-shock-crude_wti,TRUE,combined,vix,NA,NA
24,tin,0,unit-shock-crude_wti,TRUE,combined,vix,NA,NA
1,wheat_us_hrw,0,unit-shock-crude_wti,TRUE,combined,vix,NA,NA
2,wheat_us_hrw,0,unit-shock-crude_wti,TRUE,combined,vix,NA,NA
3,wheat_us_hrw,0,unit-shock-crude_wti,TRUE,combined,vix,NA,NA
4,wheat_us_hrw,0,unit-shock-crude_wti,TRUE,combined,vix,NA,NA
5,wheat_us_hrw,0,unit-shock-crude_wti,TRUE,combined,vix,NA,NA
6,wheat_us_hrw,0,unit-shock-crude_wti,TRUE,combined,vix,NA,NA
7,wheat_us_hrw,0,unit-shock-crude_wti,TRUE,combined,vix,NA,NA
8,wheat_us_hrw,0,unit-shock-crude_wti,TRUE,combined,vix,NA,NA
9,wheat_us_hrw,0,unit-shock-crude_wti,TRUE,combined,vix,NA,NA
10,wheat_us_hrw,0,unit-shock-crude_wti,TRUE,combined,vix,NA,NA
11,wheat_us_hrw,0,unit-shock-crude_wti,TRUE,combined,vix,NA,NA
12,wheat_us_hrw,0,unit-shock-crude_wti,TRUE,combined,vix,NA,NA
13,wheat_us_hrw,0,unit-shock-crude_wti,TRUE,combined,vix,NA,NA
14,wheat_us_hrw,0,unit-shock-crude_wti,TRUE,combined,vix,NA,NA
15,wheat_us_hrw,0,unit-shock-crude_wti,TRUE,combined,vix,NA,NA
16,wheat_us_hrw,0,unit-shock-crude_wti,TRUE,combined,vix,NA,NA
17,wheat_us_hrw,0,unit-shock-crude_wti,TRUE,combined,vix,NA,NA
18,wheat_us_hrw,0,unit-shock-crude_wti,TRUE,combined,vix,NA,NA
19,wheat_us_hrw,0,unit-shock-crude_wti,TRUE,combined,vix,NA,NA
20,wheat_us_hrw,0,unit-shock-crude_wti,TRUE,combined,vix,NA,NA
21,wheat_us_hrw,0,unit-shock-crude_wti,TRUE,combined,vix,NA,NA
22,wheat_us_hrw,0,unit-shock-crude_wti,TRUE,combined,vix,NA,NA
23,wheat_us_hrw,0,unit-shock-crude_wti,TRUE,combined,vix,NA,NA
24,wheat_us_hrw,0,unit-shock-crude_wti,TRUE,combined,vix,NA,NA
1,zinc,0,unit-shock-crude_wti,TRUE,combined,vix,NA,NA
2,zinc,0,unit-shock-crude_wti,TRUE,combined,vix,NA,NA
3,zinc,0,unit-shock-crude_wti,TRUE,combined,vix,NA,NA
4,zinc,0,unit-shock-crude_wti,TRUE,combined,vix,NA,NA
5,zinc,0,unit-shock-crude_wti,TRUE,combined,vix,NA,NA
6,zinc,0,unit-shock-crude_wti,TRUE,combined,vix,NA,NA
7,zinc,0,unit-shock-crude_wti,TRUE,combined,vix,NA,NA
8,zinc,0,unit-shock-crude_wti,TRUE,combined,vix,NA,NA
9,zinc,0,unit-shock-crude_wti,TRUE,combined,vix,NA,NA
10,zinc,0,unit-shock-crude_wti,TRUE,combined,vix,NA,NA
11,zinc,0,unit-shock-crude_wti,TRUE,combined,vix,NA,NA
12,zinc,0,unit-shock-crude_wti,TRUE,combined,vix,NA,NA
13,zinc,0,unit-shock-crude_wti,TRUE,combined,vix,NA,NA
14,zinc,0,unit-shock-crude_wti,TRUE,combined,vix,NA,NA
15,zinc,0,unit-shock-crude_wti,TRUE,combined,vix,NA,NA
16,zinc,0,unit-shock-crude_wti,TRUE,combined,vix,NA,NA
17,zinc,0,unit-shock-crude_wti,TRUE,combined,vix,NA,NA
18,zinc,0,unit-shock-crude_wti,TRUE,combined,vix,NA,NA
19,zinc,0,unit-shock-crude_wti,TRUE,combined,vix,NA,NA
20,zinc,0,unit-shock-crude_wti,TRUE,combined,vix,NA,NA
21,zinc,0,unit-shock-crude_wti,TRUE,combined,vix,NA,NA
22,zinc,0,unit-shock-crude_wti,TRUE,combined,vix,NA,NA
23,zinc,0,unit-shock-crude_wti,TRUE,combined,vix,NA,NA
24,zinc,0,unit-shock-crude_wti,TRUE,combined,vix,NA,NA
1,aluminium,0,unit-shock-crude_wti,FALSE,combined,vix,NA,NA
2,aluminium,0,unit-shock-crude_wti,FALSE,combined,vix,NA,NA
3,aluminium,0.14694658590260895,unit-shock-crude_wti,FALSE,combined,vix,NA,NA
4,aluminium,-0.06085230782707064,unit-shock-crude_wti,FALSE,combined,vix,NA,NA
5,aluminium,-0.2793278836037412,unit-shock-crude_wti,FALSE,combined,vix,NA,NA
6,aluminium,-0.32420671719816924,unit-shock-crude_wti,FALSE,combined,vix,NA,NA
7,aluminium,-0.03640454130119783,unit-shock-crude_wti,FALSE,combined,vix,NA,NA
8,aluminium,-0.01835181594220571,unit-shock-crude_wti,FALSE,combined,vix,NA,NA
9,aluminium,-0.13272086935544167,unit-shock-crude_wti,FALSE,combined,vix,NA,NA
10,aluminium,-0.09745807046017467,unit-shock-crude_wti,FALSE,combined,vix,NA,NA
11,aluminium,0.06102561975092594,unit-shock-crude_wti,FALSE,combined,vix,NA,NA
12,aluminium,0.008908578675473905,unit-shock-crude_wti,FALSE,combined,vix,NA,NA
13,aluminium,0,unit-shock-crude_wti,FALSE,combined,vix,NA,NA
14,aluminium,0,unit-shock-crude_wti,FALSE,combined,vix,NA,NA
15,aluminium,0,unit-shock-crude_wti,FALSE,combined,vix,NA,NA
16,aluminium,0,unit-shock-crude_wti,FALSE,combined,vix,NA,NA
17,aluminium,0,unit-shock-crude_wti,FALSE,combined,vix,NA,NA
18,aluminium,0,unit-shock-crude_wti,FALSE,combined,vix,NA,NA
19,aluminium,0,unit-shock-crude_wti,FALSE,combined,vix,NA,NA
20,aluminium,0,unit-shock-crude_wti,FALSE,combined,vix,NA,NA
21,aluminium,0,unit-shock-crude_wti,FALSE,combined,vix,NA,NA
22,aluminium,0,unit-shock-crude_wti,FALSE,combined,vix,NA,NA
23,aluminium,0,unit-shock-crude_wti,FALSE,combined,vix,NA,NA
24,aluminium,0,unit-shock-crude_wti,FALSE,combined,vix,NA,NA
1,cocoa,0,unit-shock-crude_wti,FALSE,combined,vix,NA,NA
2,cocoa,0,unit-shock-crude_wti,FALSE,combined,vix,NA,NA
3,cocoa,-0.11167555193448235,unit-shock-crude_wti,FALSE,combined,vix,NA,NA
4,cocoa,-0.12780980141677606,unit-shock-crude_wti,FALSE,combined,vix,NA,NA
5,cocoa,-0.049416765385418455,unit-shock-crude_wti,FALSE,combined,vix,NA,NA
6,cocoa,0.08657060959883946,unit-shock-crude_wti,FALSE,combined,vix,NA,NA
7,cocoa,0.16207449656029943,unit-shock-crude_wti,FALSE,combined,vix,NA,NA
8,cocoa,-0.0991125205453206,unit-shock-crude_wti,FALSE,combined,vix,NA,NA
9,cocoa,-0.31478963597327486,unit-shock-crude_wti,FALSE,combined,vix,NA,NA
10,cocoa,-0.05492607603318329,unit-shock-crude_wti,FALSE,combined,vix,NA,NA
11,cocoa,-0.009301763579127532,unit-shock-crude_wti,FALSE,combined,vix,NA,NA
12,cocoa,-0.0770786125855383,unit-shock-crude_wti,FALSE,combined,vix,NA,NA
13,cocoa,0,unit-shock-crude_wti,FALSE,combined,vix,NA,NA
14,cocoa,0,unit-shock-crude_wti,FALSE,combined,vix,NA,NA
15,cocoa,0,unit-shock-crude_wti,FALSE,combined,vix,NA,NA
16,cocoa,0,unit-shock-crude_wti,FALSE,combined,vix,NA,NA
17,cocoa,0,unit-shock-crude_wti,FALSE,combined,vix,NA,NA
18,cocoa,0,unit-shock-crude_wti,FALSE,combined,vix,NA,NA
19,cocoa,0,unit-shock-crude_wti,FALSE,combined,vix,NA,NA
20,cocoa,0,unit-shock-crude_wti,FALSE,combined,vix,NA,NA
21,cocoa,0,unit-shock-crude_wti,FALSE,combined,vix,NA,NA
22,cocoa,0,unit-shock-crude_wti,FALSE,combined,vix,NA,NA
23,cocoa,0,unit-shock-crude_wti,FALSE,combined,vix,NA,NA
24,cocoa,0,unit-shock-crude_wti,FALSE,combined,vix,NA,NA
1,coffee_arabic,0,unit-shock-crude_wti,FALSE,combined,vix,NA,NA
2,coffee_arabic,0,unit-shock-crude_wti,FALSE,combined,vix,NA,NA
3,coffee_arabic,0.058281439755043074,unit-shock-crude_wti,FALSE,combined,vix,NA,NA
4,coffee_arabic,0.043630245991238215,unit-shock-crude_wti,FALSE,combined,vix,NA,NA
5,coffee_arabic,-0.06398240308743115,unit-shock-crude_wti,FALSE,combined,vix,NA,NA
6,coffee_arabic,-0.08633766807096444,unit-shock-crude_wti,FALSE,combined,vix,NA,NA
7,coffee_arabic,0.02569528179240267,unit-shock-crude_wti,FALSE,combined,vix,NA,NA
8,coffee_arabic,0.015055352378671841,unit-shock-crude_wti,FALSE,combined,vix,NA,NA
9,coffee_arabic,-0.053350151824254996,unit-shock-crude_wti,FALSE,combined,vix,NA,NA
10,coffee_arabic,-0.11730398589521919,unit-shock-crude_wti,FALSE,combined,vix,NA,NA
11,coffee_arabic,0.007160720818638006,unit-shock-crude_wti,FALSE,combined,vix,NA,NA
12,coffee_arabic,0.036594056020954516,unit-shock-crude_wti,FALSE,combined,vix,NA,NA
13,coffee_arabic,0,unit-shock-crude_wti,FALSE,combined,vix,NA,NA
14,coffee_arabic,0,unit-shock-crude_wti,FALSE,combined,vix,NA,NA
15,coffee_arabic,0,unit-shock-crude_wti,FALSE,combined,vix,NA,NA
16,coffee_arabic,0,unit-shock-crude_wti,FALSE,combined,vix,NA,NA
17,coffee_arabic,0,unit-shock-crude_wti,FALSE,combined,vix,NA,NA
18,coffee_arabic,0,unit-shock-crude_wti,FALSE,combined,vix,NA,NA
19,coffee_arabic,0,unit-shock-crude_wti,FALSE,combined,vix,NA,NA
20,coffee_arabic,0,unit-shock-crude_wti,FALSE,combined,vix,NA,NA
21,coffee_arabic,0,unit-shock-crude_wti,FALSE,combined,vix,NA,NA
22,coffee_arabic,0,unit-shock-crude_wti,FALSE,combined,vix,NA,NA
23,coffee_arabic,0,unit-shock-crude_wti,FALSE,combined,vix,NA,NA
24,coffee_arabic,0,unit-shock-crude_wti,FALSE,combined,vix,NA,NA
1,copper,0,unit-shock-crude_wti,FALSE,combined,vix,NA,NA
2,copper,0,unit-shock-crude_wti,FALSE,combined,vix,NA,NA
3,copper,0.03341067043378872,unit-shock-crude_wti,FALSE,combined,vix,NA,NA
4,copper,-0.1885263003132957,unit-shock-crude_wti,FALSE,combined,vix,NA,NA
5,copper,-0.3116658490841198,unit-shock-crude_wti,FALSE,combined,vix,NA,NA
6,copper,-0.2481154855292172,unit-shock-crude_wti,FALSE,combined,vix,NA,NA
7,copper,0.00144472143349029,unit-shock-crude_wti,FALSE,combined,vix,NA,NA
8,copper,0.03316008175168101,unit-shock-crude_wti,FALSE,combined,vix,NA,NA
9,copper,-0.15591500373118225,unit-shock-crude_wti,FALSE,combined,vix,NA,NA
10,copper,-0.13937160159145778,unit-shock-crude_wti,FALSE,combined,vix,NA,NA
11,copper,0.02996712838413437,unit-shock-crude_wti,FALSE,combined,vix,NA,NA
12,copper,0.041418003798517955,unit-shock-crude_wti,FALSE,combined,vix,NA,NA
13,copper,0,unit-shock-crude_wti,FALSE,combined,vix,NA,NA
14,copper,0,unit-shock-crude_wti,FALSE,combined,vix,NA,NA
15,copper,0,unit-shock-crude_wti,FALSE,combined,vix,NA,NA
16,copper,0,unit-shock-crude_wti,FALSE,combined,vix,NA,NA
17,copper,0,unit-shock-crude_wti,FALSE,combined,vix,NA,NA
18,copper,0,unit-shock-crude_wti,FALSE,combined,vix,NA,NA
19,copper,0,unit-shock-crude_wti,FALSE,combined,vix,NA,NA
20,copper,0,unit-shock-crude_wti,FALSE,combined,vix,NA,NA
21,copper,0,unit-shock-crude_wti,FALSE,combined,vix,NA,NA
22,copper,0,unit-shock-crude_wti,FALSE,combined,vix,NA,NA
23,copper,0,unit-shock-crude_wti,FALSE,combined,vix,NA,NA
24,copper,0,unit-shock-crude_wti,FALSE,combined,vix,NA,NA
1,cotton_a_indx,0,unit-shock-crude_wti,FALSE,combined,vix,NA,NA
2,cotton_a_indx,0,unit-shock-crude_wti,FALSE,combined,vix,NA,NA
3,cotton_a_indx,-0.16057221472932823,unit-shock-crude_wti,FALSE,combined,vix,NA,NA
4,cotton_a_indx,-0.19792338494807124,unit-shock-crude_wti,FALSE,combined,vix,NA,NA
5,cotton_a_indx,-0.20699042044256186,unit-shock-crude_wti,FALSE,combined,vix,NA,NA
6,cotton_a_indx,-0.06623567252208652,unit-shock-crude_wti,FALSE,combined,vix,NA,NA
7,cotton_a_indx,0.0066862022797711616,unit-shock-crude_wti,FALSE,combined,vix,NA,NA
8,cotton_a_indx,0.12311149336923519,unit-shock-crude_wti,FALSE,combined,vix,NA,NA
9,cotton_a_indx,-0.09557099830064339,unit-shock-crude_wti,FALSE,combined,vix,NA,NA
10,cotton_a_indx,-0.23725001306882088,unit-shock-crude_wti,FALSE,combined,vix,NA,NA
11,cotton_a_indx,-0.16100424046614245,unit-shock-crude_wti,FALSE,combined,vix,NA,NA
12,cotton_a_indx,-0.010630402533787947,unit-shock-crude_wti,FALSE,combined,vix,NA,NA
13,cotton_a_indx,0,unit-shock-crude_wti,FALSE,combined,vix,NA,NA
14,cotton_a_indx,0,unit-shock-crude_wti,FALSE,combined,vix,NA,NA
15,cotton_a_indx,0,unit-shock-crude_wti,FALSE,combined,vix,NA,NA
16,cotton_a_indx,0,unit-shock-crude_wti,FALSE,combined,vix,NA,NA
17,cotton_a_indx,0,unit-shock-crude_wti,FALSE,combined,vix,NA,NA
18,cotton_a_indx,0,unit-shock-crude_wti,FALSE,combined,vix,NA,NA
19,cotton_a_indx,0,unit-shock-crude_wti,FALSE,combined,vix,NA,NA
20,cotton_a_indx,0,unit-shock-crude_wti,FALSE,combined,vix,NA,NA
21,cotton_a_indx,0,unit-shock-crude_wti,FALSE,combined,vix,NA,NA
22,cotton_a_indx,0,unit-shock-crude_wti,FALSE,combined,vix,NA,NA
23,cotton_a_indx,0,unit-shock-crude_wti,FALSE,combined,vix,NA,NA
24,cotton_a_indx,0,unit-shock-crude_wti,FALSE,combined,vix,NA,NA
1,crude_wti,0,unit-shock-crude_wti,FALSE,combined,vix,NA,NA
2,crude_wti,2,unit-shock-crude_wti,FALSE,combined,vix,NA,NA
3,crude_wti,0.47848175286394223,unit-shock-crude_wti,FALSE,combined,vix,NA,NA
4,crude_wti,-0.3592028659622669,unit-shock-crude_wti,FALSE,combined,vix,NA,NA
5,crude_wti,-0.23857489091109946,unit-shock-crude_wti,FALSE,combined,vix,NA,NA
6,crude_wti,-0.17591271488896137,unit-shock-crude_wti,FALSE,combined,vix,NA,NA
7,crude_wti,-0.0013005123174459204,unit-shock-crude_wti,FALSE,combined,vix,NA,NA
8,crude_wti,-0.03607858478055996,unit-shock-crude_wti,FALSE,combined,vix,NA,NA
9,crude_wti,-0.041530040451639515,unit-shock-crude_wti,FALSE,combined,vix,NA,NA
10,crude_wti,0.039388834863022845,unit-shock-crude_wti,FALSE,combined,vix,NA,NA
11,crude_wti,0.06093023155490627,unit-shock-crude_wti,FALSE,combined,vix,NA,NA
12,crude_wti,-0.03802407855353387,unit-shock-crude_wti,FALSE,combined,vix,NA,NA
13,crude_wti,0,unit-shock-crude_wti,FALSE,combined,vix,NA,NA
14,crude_wti,0,unit-shock-crude_wti,FALSE,combined,vix,NA,NA
15,crude_wti,0,unit-shock-crude_wti,FALSE,combined,vix,NA,NA
16,crude_wti,0,unit-shock-crude_wti,FALSE,combined,vix,NA,NA
17,crude_wti,0,unit-shock-crude_wti,FALSE,combined,vix,NA,NA
18,crude_wti,0,unit-shock-crude_wti,FALSE,combined,vix,NA,NA
19,crude_wti,0,unit-shock-crude_wti,FALSE,combined,vix,NA,NA
20,crude_wti,0,unit-shock-crude_wti,FALSE,combined,vix,NA,NA
21,crude_wti,0,unit-shock-crude_wti,FALSE,combined,vix,NA,NA
22,crude_wti,0,unit-shock-crude_wti,FALSE,combined,vix,NA,NA
23,crude_wti,0,unit-shock-crude_wti,FALSE,combined,vix,NA,NA
24,crude_wti,0,unit-shock-crude_wti,FALSE,combined,vix,NA,NA
1,gold,0,unit-shock-crude_wti,FALSE,combined,vix,NA,NA
2,gold,0,unit-shock-crude_wti,FALSE,combined,vix,NA,NA
3,gold,-0.08398890353556786,unit-shock-crude_wti,FALSE,combined,vix,NA,NA
4,gold,-0.04693595781453676,unit-shock-crude_wti,FALSE,combined,vix,NA,NA
5,gold,-0.1305112418270559,unit-shock-crude_wti,FALSE,combined,vix,NA,NA
6,gold,0.00414229465032423,unit-shock-crude_wti,FALSE,combined,vix,NA,NA
7,gold,0.0779055770527924,unit-shock-crude_wti,FALSE,combined,vix,NA,NA
8,gold,-0.02609392946464333,unit-shock-crude_wti,FALSE,combined,vix,NA,NA
9,gold,-0.18196749845866617,unit-shock-crude_wti,FALSE,combined,vix,NA,NA
10,gold,-0.10988000502515806,unit-shock-crude_wti,FALSE,combined,vix,NA,NA
11,gold,-0.0070452029865558,unit-shock-crude_wti,FALSE,combined,vix,NA,NA
12,gold,-0.02574462210250052,unit-shock-crude_wti,FALSE,combined,vix,NA,NA
13,gold,0,unit-shock-crude_wti,FALSE,combined,vix,NA,NA
14,gold,0,unit-shock-crude_wti,FALSE,combined,vix,NA,NA
15,gold,0,unit-shock-crude_wti,FALSE,combined,vix,NA,NA
16,gold,0,unit-shock-crude_wti,FALSE,combined,vix,NA,NA
17,gold,0,unit-shock-crude_wti,FALSE,combined,vix,NA,NA
18,gold,0,unit-shock-crude_wti,FALSE,combined,vix,NA,NA
19,gold,0,unit-shock-crude_wti,FALSE,combined,vix,NA,NA
20,gold,0,unit-shock-crude_wti,FALSE,combined,vix,NA,NA
21,gold,0,unit-shock-crude_wti,FALSE,combined,vix,NA,NA
22,gold,0,unit-shock-crude_wti,FALSE,combined,vix,NA,NA
23,gold,0,unit-shock-crude_wti,FALSE,combined,vix,NA,NA
24,gold,0,unit-shock-crude_wti,FALSE,combined,vix,NA,NA
1,lead,0,unit-shock-crude_wti,FALSE,combined,vix,NA,NA
2,lead,0,unit-shock-crude_wti,FALSE,combined,vix,NA,NA
3,lead,0.07269064888776233,unit-shock-crude_wti,FALSE,combined,vix,NA,NA
4,lead,-0.09458087630476715,unit-shock-crude_wti,FALSE,combined,vix,NA,NA
5,lead,-0.10438229441428862,unit-shock-crude_wti,FALSE,combined,vix,NA,NA
6,lead,-0.030117160713134642,unit-shock-crude_wti,FALSE,combined,vix,NA,NA
7,lead,-0.03063127698198237,unit-shock-crude_wti,FALSE,combined,vix,NA,NA
8,lead,-0.04119580224795638,unit-shock-crude_wti,FALSE,combined,vix,NA,NA
9,lead,-0.19614780364727075,unit-shock-crude_wti,FALSE,combined,vix,NA,NA
10,lead,-0.055053408861194864,unit-shock-crude_wti,FALSE,combined,vix,NA,NA
11,lead,0.01066361970230218,unit-shock-crude_wti,FALSE,combined,vix,NA,NA
12,lead,-0.014100931767399733,unit-shock-crude_wti,FALSE,combined,vix,NA,NA
13,lead,0,unit-shock-crude_wti,FALSE,combined,vix,NA,NA
14,lead,0,unit-shock-crude_wti,FALSE,combined,vix,NA,NA
15,lead,0,unit-shock-crude_wti,FALSE,combined,vix,NA,NA
16,lead,0,unit-shock-crude_wti,FALSE,combined,vix,NA,NA
17,lead,0,unit-shock-crude_wti,FALSE,combined,vix,NA,NA
18,lead,0,unit-shock-crude_wti,FALSE,combined,vix,NA,NA
19,lead,0,unit-shock-crude_wti,FALSE,combined,vix,NA,NA
20,lead,0,unit-shock-crude_wti,FALSE,combined,vix,NA,NA
21,lead,0,unit-shock-crude_wti,FALSE,combined,vix,NA,NA
22,lead,0,unit-shock-crude_wti,FALSE,combined,vix,NA,NA
23,lead,0,unit-shock-crude_wti,FALSE,combined,vix,NA,NA
24,lead,0,unit-shock-crude_wti,FALSE,combined,vix,NA,NA
1,maize,0,unit-shock-crude_wti,FALSE,combined,vix,NA,NA
2,maize,0,unit-shock-crude_wti,FALSE,combined,vix,NA,NA
3,maize,-0.13997799446210918,unit-shock-crude_wti,FALSE,combined,vix,NA,NA
4,maize,-0.24609936132594992,unit-shock-crude_wti,FALSE,combined,vix,NA,NA
5,maize,0.06208299114634704,unit-shock-crude_wti,FALSE,combined,vix,NA,NA
6,maize,0.13803902720474903,unit-shock-crude_wti,FALSE,combined,vix,NA,NA
7,maize,0.01896733568926569,unit-shock-crude_wti,FALSE,combined,vix,NA,NA
8,maize,-0.09561048774713628,unit-shock-crude_wti,FALSE,combined,vix,NA,NA
9,maize,-0.0013285031513387306,unit-shock-crude_wti,FALSE,combined,vix,NA,NA
10,maize,-0.06565777666213467,unit-shock-crude_wti,FALSE,combined,vix,NA,NA
11,maize,-0.13794743358812167,unit-shock-crude_wti,FALSE,combined,vix,NA,NA
12,maize,-0.036400263529739796,unit-shock-crude_wti,FALSE,combined,vix,NA,NA
13,maize,0,unit-shock-crude_wti,FALSE,combined,vix,NA,NA
14,maize,0,unit-shock-crude_wti,FALSE,combined,vix,NA,NA
15,maize,0,unit-shock-crude_wti,FALSE,combined,vix,NA,NA
16,maize,0,unit-shock-crude_wti,FALSE,combined,vix,NA,NA
17,maize,0,unit-shock-crude_wti,FALSE,combined,vix,NA,NA
18,maize,0,unit-shock-crude_wti,FALSE,combined,vix,NA,NA
19,maize,0,unit-shock-crude_wti,FALSE,combined,vix,NA,NA
20,maize,0,unit-shock-crude_wti,FALSE,combined,vix,NA,NA
21,maize,0,unit-shock-crude_wti,FALSE,combined,vix,NA,NA
22,maize,0,unit-shock-crude_wti,FALSE,combined,vix,NA,NA
23,maize,0,unit-shock-crude_wti,FALSE,combined,vix,NA,NA
24,maize,0,unit-shock-crude_wti,FALSE,combined,vix,NA,NA
1,ngas_us,0,unit-shock-crude_wti,FALSE,combined,vix,NA,NA
2,ngas_us,0,unit-shock-crude_wti,FALSE,combined,vix,NA,NA
3,ngas_us,0.2193092634483396,unit-shock-crude_wti,FALSE,combined,vix,NA,NA
4,ngas_us,0.3319153813222261,unit-shock-crude_wti,FALSE,combined,vix,NA,NA
5,ngas_us,-0.0921759492845501,unit-shock-crude_wti,FALSE,combined,vix,NA,NA
6,ngas_us,-0.045122468520036735,unit-shock-crude_wti,FALSE,combined,vix,NA,NA
7,ngas_us,0.266902064498686,unit-shock-crude_wti,FALSE,combined,vix,NA,NA
8,ngas_us,-0.00884533873577447,unit-shock-crude_wti,FALSE,combined,vix,NA,NA
9,ngas_us,-0.22484669916004005,unit-shock-crude_wti,FALSE,combined,vix,NA,NA
10,ngas_us,-0.052974488499274636,unit-shock-crude_wti,FALSE,combined,vix,NA,NA
11,ngas_us,0.14460843853789757,unit-shock-crude_wti,FALSE,combined,vix,NA,NA
12,ngas_us,0.02822640185250371,unit-shock-crude_wti,FALSE,combined,vix,NA,NA
13,ngas_us,0,unit-shock-crude_wti,FALSE,combined,vix,NA,NA
14,ngas_us,0,unit-shock-crude_wti,FALSE,combined,vix,NA,NA
15,ngas_us,0,unit-shock-crude_wti,FALSE,combined,vix,NA,NA
16,ngas_us,0,unit-shock-crude_wti,FALSE,combined,vix,NA,NA
17,ngas_us,0,unit-shock-crude_wti,FALSE,combined,vix,NA,NA
18,ngas_us,0,unit-shock-crude_wti,FALSE,combined,vix,NA,NA
19,ngas_us,0,unit-shock-crude_wti,FALSE,combined,vix,NA,NA
20,ngas_us,0,unit-shock-crude_wti,FALSE,combined,vix,NA,NA
21,ngas_us,0,unit-shock-crude_wti,FALSE,combined,vix,NA,NA
22,ngas_us,0,unit-shock-crude_wti,FALSE,combined,vix,NA,NA
23,ngas_us,0,unit-shock-crude_wti,FALSE,combined,vix,NA,NA
24,ngas_us,0,unit-shock-crude_wti,FALSE,combined,vix,NA,NA
1,nickel,0,unit-shock-crude_wti,FALSE,combined,vix,NA,NA
2,nickel,0,unit-shock-crude_wti,FALSE,combined,vix,NA,NA
3,nickel,0.09560991394143566,unit-shock-crude_wti,FALSE,combined,vix,NA,NA
4,nickel,-0.12042013304752894,unit-shock-crude_wti,FALSE,combined,vix,NA,NA
5,nickel,-0.24705433752755607,unit-shock-crude_wti,FALSE,combined,vix,NA,NA
6,nickel,-0.2095343942525506,unit-shock-crude_wti,FALSE,combined,vix,NA,NA
7,nickel,0.1367357875285716,unit-shock-crude_wti,FALSE,combined,vix,NA,NA
8,nickel,0.13433459870518694,unit-shock-crude_wti,FALSE,combined,vix,NA,NA
9,nickel,-0.15413670867420498,unit-shock-crude_wti,FALSE,combined,vix,NA,NA
10,nickel,-0.2381678501207798,unit-shock-crude_wti,FALSE,combined,vix,NA,NA
11,nickel,0.025102361241963092,unit-shock-crude_wti,FALSE,combined,vix,NA,NA
12,nickel,0.08055108354731526,unit-shock-crude_wti,FALSE,combined,vix,NA,NA
13,nickel,0,unit-shock-crude_wti,FALSE,combined,vix,NA,NA
14,nickel,0,unit-shock-crude_wti,FALSE,combined,vix,NA,NA
15,nickel,0,unit-shock-crude_wti,FALSE,combined,vix,NA,NA
16,nickel,0,unit-shock-crude_wti,FALSE,combined,vix,NA,NA
17,nickel,0,unit-shock-crude_wti,FALSE,combined,vix,NA,NA
18,nickel,0,unit-shock-crude_wti,FALSE,combined,vix,NA,NA
19,nickel,0,unit-shock-crude_wti,FALSE,combined,vix,NA,NA
20,nickel,0,unit-shock-crude_wti,FALSE,combined,vix,NA,NA
21,nickel,0,unit-shock-crude_wti,FALSE,combined,vix,NA,NA
22,nickel,0,unit-shock-crude_wti,FALSE,combined,vix,NA,NA
23,nickel,0,unit-shock-crude_wti,FALSE,combined,vix,NA,NA
24,nickel,0,unit-shock-crude_wti,FALSE,combined,vix,NA,NA
1,platinum,0,unit-shock-crude_wti,FALSE,combined,vix,NA,NA
2,platinum,0,unit-shock-crude_wti,FALSE,combined,vix,NA,NA
3,platinum,-0.06564096083809427,unit-shock-crude_wti,FALSE,combined,vix,NA,NA
4,platinum,-0.17987013964333043,unit-shock-crude_wti,FALSE,combined,vix,NA,NA
5,platinum,-0.1386610632727375,unit-shock-crude_wti,FALSE,combined,vix,NA,NA
6,platinum,-0.09959064706799531,unit-shock-crude_wti,FALSE,combined,vix,NA,NA
7,platinum,0.16345572318414867,unit-shock-crude_wti,FALSE,combined,vix,NA,NA
8,platinum,0.09898177259538397,unit-shock-crude_wti,FALSE,combined,vix,NA,NA
9,platinum,-0.20447295145367744,unit-shock-crude_wti,FALSE,combined,vix,NA,NA
10,platinum,-0.18576916162289203,unit-shock-crude_wti,FALSE,combined,vix,NA,NA
11,platinum,0.04551655494507522,unit-shock-crude_wti,FALSE,combined,vix,NA,NA
12,platinum,0.06955696882385798,unit-shock-crude_wti,FALSE,combined,vix,NA,NA
13,platinum,0,unit-shock-crude_wti,FALSE,combined,vix,NA,NA
14,platinum,0,unit-shock-crude_wti,FALSE,combined,vix,NA,NA
15,platinum,0,unit-shock-crude_wti,FALSE,combined,vix,NA,NA
16,platinum,0,unit-shock-crude_wti,FALSE,combined,vix,NA,NA
17,platinum,0,unit-shock-crude_wti,FALSE,combined,vix,NA,NA
18,platinum,0,unit-shock-crude_wti,FALSE,combined,vix,NA,NA
19,platinum,0,unit-shock-crude_wti,FALSE,combined,vix,NA,NA
20,platinum,0,unit-shock-crude_wti,FALSE,combined,vix,NA,NA
21,platinum,0,unit-shock-crude_wti,FALSE,combined,vix,NA,NA
22,platinum,0,unit-shock-crude_wti,FALSE,combined,vix,NA,NA
23,platinum,0,unit-shock-crude_wti,FALSE,combined,vix,NA,NA
24,platinum,0,unit-shock-crude_wti,FALSE,combined,vix,NA,NA
1,silver,0,unit-shock-crude_wti,FALSE,combined,vix,NA,NA
2,silver,0,unit-shock-crude_wti,FALSE,combined,vix,NA,NA
3,silver,-0.15809371412564388,unit-shock-crude_wti,FALSE,combined,vix,NA,NA
4,silver,-0.0477043043918817,unit-shock-crude_wti,FALSE,combined,vix,NA,NA
5,silver,-0.045883260085104974,unit-shock-crude_wti,FALSE,combined,vix,NA,NA
6,silver,-0.059306960104280784,unit-shock-crude_wti,FALSE,combined,vix,NA,NA
7,silver,0.03188890525021812,unit-shock-crude_wti,FALSE,combined,vix,NA,NA
8,silver,-0.04117820192641452,unit-shock-crude_wti,FALSE,combined,vix,NA,NA
9,silver,-0.1193377878804355,unit-shock-crude_wti,FALSE,combined,vix,NA,NA
10,silver,-0.13648145875757375,unit-shock-crude_wti,FALSE,combined,vix,NA,NA
11,silver,-0.03606671697250424,unit-shock-crude_wti,FALSE,combined,vix,NA,NA
12,silver,0.0483535608889454,unit-shock-crude_wti,FALSE,combined,vix,NA,NA
13,silver,0,unit-shock-crude_wti,FALSE,combined,vix,NA,NA
14,silver,0,unit-shock-crude_wti,FALSE,combined,vix,NA,NA
15,silver,0,unit-shock-crude_wti,FALSE,combined,vix,NA,NA
16,silver,0,unit-shock-crude_wti,FALSE,combined,vix,NA,NA
17,silver,0,unit-shock-crude_wti,FALSE,combined,vix,NA,NA
18,silver,0,unit-shock-crude_wti,FALSE,combined,vix,NA,NA
19,silver,0,unit-shock-crude_wti,FALSE,combined,vix,NA,NA
20,silver,0,unit-shock-crude_wti,FALSE,combined,vix,NA,NA
21,silver,0,unit-shock-crude_wti,FALSE,combined,vix,NA,NA
22,silver,0,unit-shock-crude_wti,FALSE,combined,vix,NA,NA
23,silver,0,unit-shock-crude_wti,FALSE,combined,vix,NA,NA
24,silver,0,unit-shock-crude_wti,FALSE,combined,vix,NA,NA
1,soybeans,0,unit-shock-crude_wti,FALSE,combined,vix,NA,NA
2,soybeans,0,unit-shock-crude_wti,FALSE,combined,vix,NA,NA
3,soybeans,-0.04689405203485558,unit-shock-crude_wti,FALSE,combined,vix,NA,NA
4,soybeans,0.029406971746856646,unit-shock-crude_wti,FALSE,combined,vix,NA,NA
5,soybeans,-0.05394606765608091,unit-shock-crude_wti,FALSE,combined,vix,NA,NA
6,soybeans,-0.10231744834795566,unit-shock-crude_wti,FALSE,combined,vix,NA,NA
7,soybeans,-0.06178965801729695,unit-shock-crude_wti,FALSE,combined,vix,NA,NA
8,soybeans,-0.12092156111348396,unit-shock-crude_wti,FALSE,combined,vix,NA,NA
9,soybeans,0.012201855567412821,unit-shock-crude_wti,FALSE,combined,vix,NA,NA
10,soybeans,-0.03455309786094949,unit-shock-crude_wti,FALSE,combined,vix,NA,NA
11,soybeans,-0.048361261221129825,unit-shock-crude_wti,FALSE,combined,vix,NA,NA
12,soybeans,-0.0224030810897975,unit-shock-crude_wti,FALSE,combined,vix,NA,NA
13,soybeans,0,unit-shock-crude_wti,FALSE,combined,vix,NA,NA
14,soybeans,0,unit-shock-crude_wti,FALSE,combined,vix,NA,NA
15,soybeans,0,unit-shock-crude_wti,FALSE,combined,vix,NA,NA
16,soybeans,0,unit-shock-crude_wti,FALSE,combined,vix,NA,NA
17,soybeans,0,unit-shock-crude_wti,FALSE,combined,vix,NA,NA
18,soybeans,0,unit-shock-crude_wti,FALSE,combined,vix,NA,NA
19,soybeans,0,unit-shock-crude_wti,FALSE,combined,vix,NA,NA
20,soybeans,0,unit-shock-crude_wti,FALSE,combined,vix,NA,NA
21,soybeans,0,unit-shock-crude_wti,FALSE,combined,vix,NA,NA
22,soybeans,0,unit-shock-crude_wti,FALSE,combined,vix,NA,NA
23,soybeans,0,unit-shock-crude_wti,FALSE,combined,vix,NA,NA
24,soybeans,0,unit-shock-crude_wti,FALSE,combined,vix,NA,NA
1,sugar_wld,0,unit-shock-crude_wti,FALSE,combined,vix,NA,NA
2,sugar_wld,0,unit-shock-crude_wti,FALSE,combined,vix,NA,NA
3,sugar_wld,0.16275233621362017,unit-shock-crude_wti,FALSE,combined,vix,NA,NA
4,sugar_wld,0.11487169421834001,unit-shock-crude_wti,FALSE,combined,vix,NA,NA
5,sugar_wld,-0.07842157773362693,unit-shock-crude_wti,FALSE,combined,vix,NA,NA
6,sugar_wld,-0.09813452656703447,unit-shock-crude_wti,FALSE,combined,vix,NA,NA
7,sugar_wld,-0.05230711665181309,unit-shock-crude_wti,FALSE,combined,vix,NA,NA
8,sugar_wld,-0.08869983615499699,unit-shock-crude_wti,FALSE,combined,vix,NA,NA
9,sugar_wld,-0.17548552063376874,unit-shock-crude_wti,FALSE,combined,vix,NA,NA
10,sugar_wld,-0.21644783157842978,unit-shock-crude_wti,FALSE,combined,vix,NA,NA
11,sugar_wld,-0.01804937668665294,unit-shock-crude_wti,FALSE,combined,vix,NA,NA
12,sugar_wld,0.10009413218457684,unit-shock-crude_wti,FALSE,combined,vix,NA,NA
13,sugar_wld,0,unit-shock-crude_wti,FALSE,combined,vix,NA,NA
14,sugar_wld,0,unit-shock-crude_wti,FALSE,combined,vix,NA,NA
15,sugar_wld,0,unit-shock-crude_wti,FALSE,combined,vix,NA,NA
16,sugar_wld,0,unit-shock-crude_wti,FALSE,combined,vix,NA,NA
17,sugar_wld,0,unit-shock-crude_wti,FALSE,combined,vix,NA,NA
18,sugar_wld,0,unit-shock-crude_wti,FALSE,combined,vix,NA,NA
19,sugar_wld,0,unit-shock-crude_wti,FALSE,combined,vix,NA,NA
20,sugar_wld,0,unit-shock-crude_wti,FALSE,combined,vix,NA,NA
21,sugar_wld,0,unit-shock-crude_wti,FALSE,combined,vix,NA,NA
22,sugar_wld,0,unit-shock-crude_wti,FALSE,combined,vix,NA,NA
23,sugar_wld,0,unit-shock-crude_wti,FALSE,combined,vix,NA,NA
24,sugar_wld,0,unit-shock-crude_wti,FALSE,combined,vix,NA,NA
1,tin,0,unit-shock-crude_wti,FALSE,combined,vix,NA,NA
2,tin,0,unit-shock-crude_wti,FALSE,combined,vix,NA,NA
3,tin,-0.13742051051490978,unit-shock-crude_wti,FALSE,combined,vix,NA,NA
4,tin,-0.2837413314052155,unit-shock-crude_wti,FALSE,combined,vix,NA,NA
5,tin,-0.30833273877637973,unit-shock-crude_wti,FALSE,combined,vix,NA,NA
6,tin,-0.1500998226009752,unit-shock-crude_wti,FALSE,combined,vix,NA,NA
7,tin,0.00448636983044591,unit-shock-crude_wti,FALSE,combined,vix,NA,NA
8,tin,0.02919882409154266,unit-shock-crude_wti,FALSE,combined,vix,NA,NA
9,tin,-0.1149437833028771,unit-shock-crude_wti,FALSE,combined,vix,NA,NA
10,tin,-0.11229090172348156,unit-shock-crude_wti,FALSE,combined,vix,NA,NA
11,tin,-0.02024886680314726,unit-shock-crude_wti,FALSE,combined,vix,NA,NA
12,tin,0.02165556032160705,unit-shock-crude_wti,FALSE,combined,vix,NA,NA
13,tin,0,unit-shock-crude_wti,FALSE,combined,vix,NA,NA
14,tin,0,unit-shock-crude_wti,FALSE,combined,vix,NA,NA
15,tin,0,unit-shock-crude_wti,FALSE,combined,vix,NA,NA
16,tin,0,unit-shock-crude_wti,FALSE,combined,vix,NA,NA
17,tin,0,unit-shock-crude_wti,FALSE,combined,vix,NA,NA
18,tin,0,unit-shock-crude_wti,FALSE,combined,vix,NA,NA
19,tin,0,unit-shock-crude_wti,FALSE,combined,vix,NA,NA
20,tin,0,unit-shock-crude_wti,FALSE,combined,vix,NA,NA
21,tin,0,unit-shock-crude_wti,FALSE,combined,vix,NA,NA
22,tin,0,unit-shock-crude_wti,FALSE,combined,vix,NA,NA
23,tin,0,unit-shock-crude_wti,FALSE,combined,vix,NA,NA
24,tin,0,unit-shock-crude_wti,FALSE,combined,vix,NA,NA
1,wheat_us_hrw,0,unit-shock-crude_wti,FALSE,combined,vix,NA,NA
2,wheat_us_hrw,0,unit-shock-crude_wti,FALSE,combined,vix,NA,NA
3,wheat_us_hrw,0.019406119522537346,unit-shock-crude_wti,FALSE,combined,vix,NA,NA
4,wheat_us_hrw,-0.00528894708556853,unit-shock-crude_wti,FALSE,combined,vix,NA,NA
5,wheat_us_hrw,-0.11731894942359547,unit-shock-crude_wti,FALSE,combined,vix,NA,NA
6,wheat_us_hrw,-0.021443129572635472,unit-shock-crude_wti,FALSE,combined,vix,NA,NA
7,wheat_us_hrw,0.14349036060508,unit-shock-crude_wti,FALSE,combined,vix,NA,NA
8,wheat_us_hrw,0.053716151318561445,unit-shock-crude_wti,FALSE,combined,vix,NA,NA
9,wheat_us_hrw,-0.1708620296357418,unit-shock-crude_wti,FALSE,combined,vix,NA,NA
10,wheat_us_hrw,-0.22215460108209673,unit-shock-crude_wti,FALSE,combined,vix,NA,NA
11,wheat_us_hrw,-0.011173501372992337,unit-shock-crude_wti,FALSE,combined,vix,NA,NA
12,wheat_us_hrw,0.12012542452882109,unit-shock-crude_wti,FALSE,combined,vix,NA,NA
13,wheat_us_hrw,0,unit-shock-crude_wti,FALSE,combined,vix,NA,NA
14,wheat_us_hrw,0,unit-shock-crude_wti,FALSE,combined,vix,NA,NA
15,wheat_us_hrw,0,unit-shock-crude_wti,FALSE,combined,vix,NA,NA
16,wheat_us_hrw,0,unit-shock-crude_wti,FALSE,combined,vix,NA,NA
17,wheat_us_hrw,0,unit-shock-crude_wti,FALSE,combined,vix,NA,NA
18,wheat_us_hrw,0,unit-shock-crude_wti,FALSE,combined,vix,NA,NA
19,wheat_us_hrw,0,unit-shock-crude_wti,FALSE,combined,vix,NA,NA
20,wheat_us_hrw,0,unit-shock-crude_wti,FALSE,combined,vix,NA,NA
21,wheat_us_hrw,0,unit-shock-crude_wti,FALSE,combined,vix,NA,NA
22,wheat_us_hrw,0,unit-shock-crude_wti,FALSE,combined,vix,NA,NA
23,wheat_us_hrw,0,unit-shock-crude_wti,FALSE,combined,vix,NA,NA
24,wheat_us_hrw,0,unit-shock-crude_wti,FALSE,combined,vix,NA,NA
1,zinc,0,unit-shock-crude_wti,FALSE,combined,vix,NA,NA
2,zinc,0,unit-shock-crude_wti,FALSE,combined,vix,NA,NA
3,zinc,-0.23393574556766203,unit-shock-crude_wti,FALSE,combined,vix,NA,NA
4,zinc,-0.08537164932997839,unit-shock-crude_wti,FALSE,combined,vix,NA,NA
5,zinc,-0.1341345539609956,unit-shock-crude_wti,FALSE,combined,vix,NA,NA
6,zinc,-0.06324457483605675,unit-shock-crude_wti,FALSE,combined,vix,NA,NA
7,zinc,-0.0033669039872401395,unit-shock-crude_wti,FALSE,combined,vix,NA,NA
8,zinc,-0.00877455073363165,unit-shock-crude_wti,FALSE,combined,vix,NA,NA
9,zinc,-0.17971354515522858,unit-shock-crude_wti,FALSE,combined,vix,NA,NA
10,zinc,-0.11134741031201113,unit-shock-crude_wti,FALSE,combined,vix,NA,NA
11,zinc,-0.01152098353313939,unit-shock-crude_wti,FALSE,combined,vix,NA,NA
12,zinc,0.03596619368110433,unit-shock-crude_wti,FALSE,combined,vix,NA,NA
13,zinc,0,unit-shock-crude_wti,FALSE,combined,vix,NA,NA
14,zinc,0,unit-shock-crude_wti,FALSE,combined,vix,NA,NA
15,zinc,0,unit-shock-crude_wti,FALSE,combined,vix,NA,NA
16,zinc,0,unit-shock-crude_wti,FALSE,combined,vix,NA,NA
17,zinc,0,unit-shock-crude_wti,FALSE,combined,vix,NA,NA
18,zinc,0,unit-shock-crude_wti,FALSE,combined,vix,NA,NA
19,zinc,0,unit-shock-crude_wti,FALSE,combined,vix,NA,NA
20,zinc,0,unit-shock-crude_wti,FALSE,combined,vix,NA,NA
21,zinc,0,unit-shock-crude_wti,FALSE,combined,vix,NA,NA
22,zinc,0,unit-shock-crude_wti,FALSE,combined,vix,NA,NA
23,zinc,0,unit-shock-crude_wti,FALSE,combined,vix,NA,NA
24,zinc,0,unit-shock-crude_wti,FALSE,combined,vix,NA,NA
1,aluminium,0,GIRF — aluminium to uncertainty shock,TRUE,combined,vix,NA,NA
2,aluminium,0,GIRF — aluminium to uncertainty shock,TRUE,combined,vix,NA,NA
3,aluminium,0,GIRF — aluminium to uncertainty shock,TRUE,combined,vix,NA,NA
4,aluminium,0,GIRF — aluminium to uncertainty shock,TRUE,combined,vix,NA,NA
5,aluminium,0,GIRF — aluminium to uncertainty shock,TRUE,combined,vix,NA,NA
6,aluminium,0,GIRF — aluminium to uncertainty shock,TRUE,combined,vix,NA,NA
7,aluminium,0,GIRF — aluminium to uncertainty shock,TRUE,combined,vix,NA,NA
8,aluminium,0,GIRF — aluminium to uncertainty shock,TRUE,combined,vix,NA,NA
9,aluminium,0,GIRF — aluminium to uncertainty shock,TRUE,combined,vix,NA,NA
10,aluminium,0,GIRF — aluminium to uncertainty shock,TRUE,combined,vix,NA,NA
11,aluminium,0,GIRF — aluminium to uncertainty shock,TRUE,combined,vix,NA,NA
12,aluminium,0,GIRF — aluminium to uncertainty shock,TRUE,combined,vix,NA,NA
13,aluminium,0,GIRF — aluminium to uncertainty shock,TRUE,combined,vix,NA,NA
14,aluminium,0,GIRF — aluminium to uncertainty shock,TRUE,combined,vix,NA,NA
15,aluminium,0,GIRF — aluminium to uncertainty shock,TRUE,combined,vix,NA,NA
16,aluminium,0,GIRF — aluminium to uncertainty shock,TRUE,combined,vix,NA,NA
17,aluminium,0,GIRF — aluminium to uncertainty shock,TRUE,combined,vix,NA,NA
18,aluminium,0,GIRF — aluminium to uncertainty shock,TRUE,combined,vix,NA,NA
19,aluminium,0,GIRF — aluminium to uncertainty shock,TRUE,combined,vix,NA,NA
20,aluminium,0,GIRF — aluminium to uncertainty shock,TRUE,combined,vix,NA,NA
21,aluminium,0,GIRF — aluminium to uncertainty shock,TRUE,combined,vix,NA,NA
22,aluminium,0,GIRF — aluminium to uncertainty shock,TRUE,combined,vix,NA,NA
23,aluminium,0,GIRF — aluminium to uncertainty shock,TRUE,combined,vix,NA,NA
24,aluminium,0,GIRF — aluminium to uncertainty shock,TRUE,combined,vix,NA,NA
1,cocoa,0,GIRF — aluminium to uncertainty shock,TRUE,combined,vix,NA,NA
2,cocoa,0,GIRF — aluminium to uncertainty shock,TRUE,combined,vix,NA,NA
3,cocoa,0,GIRF — aluminium to uncertainty shock,TRUE,combined,vix,NA,NA
4,cocoa,0,GIRF — aluminium to uncertainty shock,TRUE,combined,vix,NA,NA
5,cocoa,0,GIRF — aluminium to uncertainty shock,TRUE,combined,vix,NA,NA
6,cocoa,0,GIRF — aluminium to uncertainty shock,TRUE,combined,vix,NA,NA
7,cocoa,0,GIRF — aluminium to uncertainty shock,TRUE,combined,vix,NA,NA
8,cocoa,0,GIRF — aluminium to uncertainty shock,TRUE,combined,vix,NA,NA
9,cocoa,0,GIRF — aluminium to uncertainty shock,TRUE,combined,vix,NA,NA
10,cocoa,0,GIRF — aluminium to uncertainty shock,TRUE,combined,vix,NA,NA
11,cocoa,0,GIRF — aluminium to uncertainty shock,TRUE,combined,vix,NA,NA
12,cocoa,0,GIRF — aluminium to uncertainty shock,TRUE,combined,vix,NA,NA
13,cocoa,0,GIRF — aluminium to uncertainty shock,TRUE,combined,vix,NA,NA
14,cocoa,0,GIRF — aluminium to uncertainty shock,TRUE,combined,vix,NA,NA
15,cocoa,0,GIRF — aluminium to uncertainty shock,TRUE,combined,vix,NA,NA
16,cocoa,0,GIRF — aluminium to uncertainty shock,TRUE,combined,vix,NA,NA
17,cocoa,0,GIRF — aluminium to uncertainty shock,TRUE,combined,vix,NA,NA
18,cocoa,0,GIRF — aluminium to uncertainty shock,TRUE,combined,vix,NA,NA
19,cocoa,0,GIRF — aluminium to uncertainty shock,TRUE,combined,vix,NA,NA
20,cocoa,0,GIRF — aluminium to uncertainty shock,TRUE,combined,vix,NA,NA
21,cocoa,0,GIRF — aluminium to uncertainty shock,TRUE,combined,vix,NA,NA
22,cocoa,0,GIRF — aluminium to uncertainty shock,TRUE,combined,vix,NA,NA
23,cocoa,0,GIRF — aluminium to uncertainty shock,TRUE,combined,vix,NA,NA
24,cocoa,0,GIRF — aluminium to uncertainty shock,TRUE,combined,vix,NA,NA
1,coffee_arabic,0,GIRF — aluminium to uncertainty shock,TRUE,combined,vix,NA,NA
2,coffee_arabic,0,GIRF — aluminium to uncertainty shock,TRUE,combined,vix,NA,NA
3,coffee_arabic,0,GIRF — aluminium to uncertainty shock,TRUE,combined,vix,NA,NA
4,coffee_arabic,0,GIRF — aluminium to uncertainty shock,TRUE,combined,vix,NA,NA
5,coffee_arabic,0,GIRF — aluminium to uncertainty shock,TRUE,combined,vix,NA,NA
6,coffee_arabic,0,GIRF — aluminium to uncertainty shock,TRUE,combined,vix,NA,NA
7,coffee_arabic,0,GIRF — aluminium to uncertainty shock,TRUE,combined,vix,NA,NA
8,coffee_arabic,0,GIRF — aluminium to uncertainty shock,TRUE,combined,vix,NA,NA
9,coffee_arabic,0,GIRF — aluminium to uncertainty shock,TRUE,combined,vix,NA,NA
10,coffee_arabic,0,GIRF — aluminium to uncertainty shock,TRUE,combined,vix,NA,NA
11,coffee_arabic,0,GIRF — aluminium to uncertainty shock,TRUE,combined,vix,NA,NA
12,coffee_arabic,0,GIRF — aluminium to uncertainty shock,TRUE,combined,vix,NA,NA
13,coffee_arabic,0,GIRF — aluminium to uncertainty shock,TRUE,combined,vix,NA,NA
14,coffee_arabic,0,GIRF — aluminium to uncertainty shock,TRUE,combined,vix,NA,NA
15,coffee_arabic,0,GIRF — aluminium to uncertainty shock,TRUE,combined,vix,NA,NA
16,coffee_arabic,0,GIRF — aluminium to uncertainty shock,TRUE,combined,vix,NA,NA
17,coffee_arabic,0,GIRF — aluminium to uncertainty shock,TRUE,combined,vix,NA,NA
18,coffee_arabic,0,GIRF — aluminium to uncertainty shock,TRUE,combined,vix,NA,NA
19,coffee_arabic,0,GIRF — aluminium to uncertainty shock,TRUE,combined,vix,NA,NA
20,coffee_arabic,0,GIRF — aluminium to uncertainty shock,TRUE,combined,vix,NA,NA
21,coffee_arabic,0,GIRF — aluminium to uncertainty shock,TRUE,combined,vix,NA,NA
22,coffee_arabic,0,GIRF — aluminium to uncertainty shock,TRUE,combined,vix,NA,NA
23,coffee_arabic,0,GIRF — aluminium to uncertainty shock,TRUE,combined,vix,NA,NA
24,coffee_arabic,0,GIRF — aluminium to uncertainty shock,TRUE,combined,vix,NA,NA
1,copper,0,GIRF — aluminium to uncertainty shock,TRUE,combined,vix,NA,NA
2,copper,0,GIRF — aluminium to uncertainty shock,TRUE,combined,vix,NA,NA
3,copper,0,GIRF — aluminium to uncertainty shock,TRUE,combined,vix,NA,NA
4,copper,0,GIRF — aluminium to uncertainty shock,TRUE,combined,vix,NA,NA
5,copper,0,GIRF — aluminium to uncertainty shock,TRUE,combined,vix,NA,NA
6,copper,0,GIRF — aluminium to uncertainty shock,TRUE,combined,vix,NA,NA
7,copper,0,GIRF — aluminium to uncertainty shock,TRUE,combined,vix,NA,NA
8,copper,0,GIRF — aluminium to uncertainty shock,TRUE,combined,vix,NA,NA
9,copper,0,GIRF — aluminium to uncertainty shock,TRUE,combined,vix,NA,NA
10,copper,0,GIRF — aluminium to uncertainty shock,TRUE,combined,vix,NA,NA
11,copper,0,GIRF — aluminium to uncertainty shock,TRUE,combined,vix,NA,NA
12,copper,0,GIRF — aluminium to uncertainty shock,TRUE,combined,vix,NA,NA
13,copper,0,GIRF — aluminium to uncertainty shock,TRUE,combined,vix,NA,NA
14,copper,0,GIRF — aluminium to uncertainty shock,TRUE,combined,vix,NA,NA
15,copper,0,GIRF — aluminium to uncertainty shock,TRUE,combined,vix,NA,NA
16,copper,0,GIRF — aluminium to uncertainty shock,TRUE,combined,vix,NA,NA
17,copper,0,GIRF — aluminium to uncertainty shock,TRUE,combined,vix,NA,NA
18,copper,0,GIRF — aluminium to uncertainty shock,TRUE,combined,vix,NA,NA
19,copper,0,GIRF — aluminium to uncertainty shock,TRUE,combined,vix,NA,NA
20,copper,0,GIRF — aluminium to uncertainty shock,TRUE,combined,vix,NA,NA
21,copper,0,GIRF — aluminium to uncertainty shock,TRUE,combined,vix,NA,NA
22,copper,0,GIRF — aluminium to uncertainty shock,TRUE,combined,vix,NA,NA
23,copper,0,GIRF — aluminium to uncertainty shock,TRUE,combined,vix,NA,NA
24,copper,0,GIRF — aluminium to uncertainty shock,TRUE,combined,vix,NA,NA
1,cotton_a_indx,0,GIRF — aluminium to uncertainty shock,TRUE,combined,vix,NA,NA
2,cotton_a_indx,0,GIRF — aluminium to uncertainty shock,TRUE,combined,vix,NA,NA
3,cotton_a_indx,0,GIRF — aluminium to uncertainty shock,TRUE,combined,vix,NA,NA
4,cotton_a_indx,0,GIRF — aluminium to uncertainty shock,TRUE,combined,vix,NA,NA
5,cotton_a_indx,0,GIRF — aluminium to uncertainty shock,TRUE,combined,vix,NA,NA
6,cotton_a_indx,0,GIRF — aluminium to uncertainty shock,TRUE,combined,vix,NA,NA
7,cotton_a_indx,0,GIRF — aluminium to uncertainty shock,TRUE,combined,vix,NA,NA
8,cotton_a_indx,0,GIRF — aluminium to uncertainty shock,TRUE,combined,vix,NA,NA
9,cotton_a_indx,0,GIRF — aluminium to uncertainty shock,TRUE,combined,vix,NA,NA
10,cotton_a_indx,0,GIRF — aluminium to uncertainty shock,TRUE,combined,vix,NA,NA
11,cotton_a_indx,0,GIRF — aluminium to uncertainty shock,TRUE,combined,vix,NA,NA
12,cotton_a_indx,0,GIRF — aluminium to uncertainty shock,TRUE,combined,vix,NA,NA
13,cotton_a_indx,0,GIRF — aluminium to uncertainty shock,TRUE,combined,vix,NA,NA
14,cotton_a_indx,0,GIRF — aluminium to uncertainty shock,TRUE,combined,vix,NA,NA
15,cotton_a_indx,0,GIRF — aluminium to uncertainty shock,TRUE,combined,vix,NA,NA
16,cotton_a_indx,0,GIRF — aluminium to uncertainty shock,TRUE,combined,vix,NA,NA
17,cotton_a_indx,0,GIRF — aluminium to uncertainty shock,TRUE,combined,vix,NA,NA
18,cotton_a_indx,0,GIRF — aluminium to uncertainty shock,TRUE,combined,vix,NA,NA
19,cotton_a_indx,0,GIRF — aluminium to uncertainty shock,TRUE,combined,vix,NA,NA
20,cotton_a_indx,0,GIRF — aluminium to uncertainty shock,TRUE,combined,vix,NA,NA
21,cotton_a_indx,0,GIRF — aluminium to uncertainty shock,TRUE,combined,vix,NA,NA
22,cotton_a_indx,0,GIRF — aluminium to uncertainty shock,TRUE,combined,vix,NA,NA
23,cotton_a_indx,0,GIRF — aluminium to uncertainty shock,TRUE,combined,vix,NA,NA
24,cotton_a_indx,0,GIRF — aluminium to uncertainty shock,TRUE,combined,vix,NA,NA
1,crude_wti,0,GIRF — aluminium to uncertainty shock,TRUE,combined,vix,NA,NA
2,crude_wti,0,GIRF — aluminium to uncertainty shock,TRUE,combined,vix,NA,NA
3,crude_wti,0,GIRF — aluminium to uncertainty shock,TRUE,combined,vix,NA,NA
4,crude_wti,0,GIRF — aluminium to uncertainty shock,TRUE,combined,vix,NA,NA
5,crude_wti,0,GIRF — aluminium to uncertainty shock,TRUE,combined,vix,NA,NA
6,crude_wti,0,GIRF — aluminium to uncertainty shock,TRUE,combined,vix,NA,NA
7,crude_wti,0,GIRF — aluminium to uncertainty shock,TRUE,combined,vix,NA,NA
8,crude_wti,0,GIRF — aluminium to uncertainty shock,TRUE,combined,vix,NA,NA
9,crude_wti,0,GIRF — aluminium to uncertainty shock,TRUE,combined,vix,NA,NA
10,crude_wti,0,GIRF — aluminium to uncertainty shock,TRUE,combined,vix,NA,NA
11,crude_wti,0,GIRF — aluminium to uncertainty shock,TRUE,combined,vix,NA,NA
12,crude_wti,0,GIRF — aluminium to uncertainty shock,TRUE,combined,vix,NA,NA
13,crude_wti,0,GIRF — aluminium to uncertainty shock,TRUE,combined,vix,NA,NA
14,crude_wti,0,GIRF — aluminium to uncertainty shock,TRUE,combined,vix,NA,NA
15,crude_wti,0,GIRF — aluminium to uncertainty shock,TRUE,combined,vix,NA,NA
16,crude_wti,0,GIRF — aluminium to uncertainty shock,TRUE,combined,vix,NA,NA
17,crude_wti,0,GIRF — aluminium to uncertainty shock,TRUE,combined,vix,NA,NA
18,crude_wti,0,GIRF — aluminium to uncertainty shock,TRUE,combined,vix,NA,NA
19,crude_wti,0,GIRF — aluminium to uncertainty shock,TRUE,combined,vix,NA,NA
20,crude_wti,0,GIRF — aluminium to uncertainty shock,TRUE,combined,vix,NA,NA
21,crude_wti,0,GIRF — aluminium to uncertainty shock,TRUE,combined,vix,NA,NA
22,crude_wti,0,GIRF — aluminium to uncertainty shock,TRUE,combined,vix,NA,NA
23,crude_wti,0,GIRF — aluminium to uncertainty shock,TRUE,combined,vix,NA,NA
24,crude_wti,0,GIRF — aluminium to uncertainty shock,TRUE,combined,vix,NA,NA
1,gold,0,GIRF — aluminium to uncertainty shock,TRUE,combined,vix,NA,NA
2,gold,0,GIRF — aluminium to uncertainty shock,TRUE,combined,vix,NA,NA
3,gold,0,GIRF — aluminium to uncertainty shock,TRUE,combined,vix,NA,NA
4,gold,0,GIRF — aluminium to uncertainty shock,TRUE,combined,vix,NA,NA
5,gold,0,GIRF — aluminium to uncertainty shock,TRUE,combined,vix,NA,NA
6,gold,0,GIRF — aluminium to uncertainty shock,TRUE,combined,vix,NA,NA
7,gold,0,GIRF — aluminium to uncertainty shock,TRUE,combined,vix,NA,NA
8,gold,0,GIRF — aluminium to uncertainty shock,TRUE,combined,vix,NA,NA
9,gold,0,GIRF — aluminium to uncertainty shock,TRUE,combined,vix,NA,NA
10,gold,0,GIRF — aluminium to uncertainty shock,TRUE,combined,vix,NA,NA
11,gold,0,GIRF — aluminium to uncertainty shock,TRUE,combined,vix,NA,NA
12,gold,0,GIRF — aluminium to uncertainty shock,TRUE,combined,vix,NA,NA
13,gold,0,GIRF — aluminium to uncertainty shock,TRUE,combined,vix,NA,NA
14,gold,0,GIRF — aluminium to uncertainty shock,TRUE,combined,vix,NA,NA
15,gold,0,GIRF — aluminium to uncertainty shock,TRUE,combined,vix,NA,NA
16,gold,0,GIRF — aluminium to uncertainty shock,TRUE,combined,vix,NA,NA
17,gold,0,GIRF — aluminium to uncertainty shock,TRUE,combined,vix,NA,NA
18,gold,0,GIRF — aluminium to uncertainty shock,TRUE,combined,vix,NA,NA
19,gold,0,GIRF — aluminium to uncertainty shock,TRUE,combined,vix,NA,NA
20,gold,0,GIRF — aluminium to uncertainty shock,TRUE,combined,vix,NA,NA
21,gold,0,GIRF — aluminium to uncertainty shock,TRUE,combined,vix,NA,NA
22,gold,0,GIRF — aluminium to uncertainty shock,TRUE,combined,vix,NA,NA
23,gold,0,GIRF — aluminium to uncertainty shock,TRUE,combined,vix,NA,NA
24,gold,0,GIRF — aluminium to uncertainty shock,TRUE,combined,vix,NA,NA
1,lead,0,GIRF — aluminium to uncertainty shock,TRUE,combined,vix,NA,NA
2,lead,0,GIRF — aluminium to uncertainty shock,TRUE,combined,vix,NA,NA
3,lead,0,GIRF — aluminium to uncertainty shock,TRUE,combined,vix,NA,NA
4,lead,0,GIRF — aluminium to uncertainty shock,TRUE,combined,vix,NA,NA
5,lead,0,GIRF — aluminium to uncertainty shock,TRUE,combined,vix,NA,NA
6,lead,0,GIRF — aluminium to uncertainty shock,TRUE,combined,vix,NA,NA
7,lead,0,GIRF — aluminium to uncertainty shock,TRUE,combined,vix,NA,NA
8,lead,0,GIRF — aluminium to uncertainty shock,TRUE,combined,vix,NA,NA
9,lead,0,GIRF — aluminium to uncertainty shock,TRUE,combined,vix,NA,NA
10,lead,0,GIRF — aluminium to uncertainty shock,TRUE,combined,vix,NA,NA
11,lead,0,GIRF — aluminium to uncertainty shock,TRUE,combined,vix,NA,NA
12,lead,0,GIRF — aluminium to uncertainty shock,TRUE,combined,vix,NA,NA
13,lead,0,GIRF — aluminium to uncertainty shock,TRUE,combined,vix,NA,NA
14,lead,0,GIRF — aluminium to uncertainty shock,TRUE,combined,vix,NA,NA
15,lead,0,GIRF — aluminium to uncertainty shock,TRUE,combined,vix,NA,NA
16,lead,0,GIRF — aluminium to uncertainty shock,TRUE,combined,vix,NA,NA
17,lead,0,GIRF — aluminium to uncertainty shock,TRUE,combined,vix,NA,NA
18,lead,0,GIRF — aluminium to uncertainty shock,TRUE,combined,vix,NA,NA
19,lead,0,GIRF — aluminium to uncertainty shock,TRUE,combined,vix,NA,NA
20,lead,0,GIRF — aluminium to uncertainty shock,TRUE,combined,vix,NA,NA
21,lead,0,GIRF — aluminium to uncertainty shock,TRUE,combined,vix,NA,NA
22,lead,0,GIRF — aluminium to uncertainty shock,TRUE,combined,vix,NA,NA
23,lead,0,GIRF — aluminium to uncertainty shock,TRUE,combined,vix,NA,NA
24,lead,0,GIRF — aluminium to uncertainty shock,TRUE,combined,vix,NA,NA
1,maize,0,GIRF — aluminium to uncertainty shock,TRUE,combined,vix,NA,NA
2,maize,0,GIRF — aluminium to uncertainty shock,TRUE,combined,vix,NA,NA
3,maize,0,GIRF — aluminium to uncertainty shock,TRUE,combined,vix,NA,NA
4,maize,0,GIRF — aluminium to uncertainty shock,TRUE,combined,vix,NA,NA
5,maize,0,GIRF — aluminium to uncertainty shock,TRUE,combined,vix,NA,NA
6,maize,0,GIRF — aluminium to uncertainty shock,TRUE,combined,vix,NA,NA
7,maize,0,GIRF — aluminium to uncertainty shock,TRUE,combined,vix,NA,NA
8,maize,0,GIRF — aluminium to uncertainty shock,TRUE,combined,vix,NA,NA
9,maize,0,GIRF — aluminium to uncertainty shock,TRUE,combined,vix,NA,NA
10,maize,0,GIRF — aluminium to uncertainty shock,TRUE,combined,vix,NA,NA
11,maize,0,GIRF — aluminium to uncertainty shock,TRUE,combined,vix,NA,NA
12,maize,0,GIRF — aluminium to uncertainty shock,TRUE,combined,vix,NA,NA
13,maize,0,GIRF — aluminium to uncertainty shock,TRUE,combined,vix,NA,NA
14,maize,0,GIRF — aluminium to uncertainty shock,TRUE,combined,vix,NA,NA
15,maize,0,GIRF — aluminium to uncertainty shock,TRUE,combined,vix,NA,NA
16,maize,0,GIRF — aluminium to uncertainty shock,TRUE,combined,vix,NA,NA
17,maize,0,GIRF — aluminium to uncertainty shock,TRUE,combined,vix,NA,NA
18,maize,0,GIRF — aluminium to uncertainty shock,TRUE,combined,vix,NA,NA
19,maize,0,GIRF — aluminium to uncertainty shock,TRUE,combined,vix,NA,NA
20,maize,0,GIRF — aluminium to uncertainty shock,TRUE,combined,vix,NA,NA
21,maize,0,GIRF — aluminium to uncertainty shock,TRUE,combined,vix,NA,NA
22,maize,0,GIRF — aluminium to uncertainty shock,TRUE,combined,vix,NA,NA
23,maize,0,GIRF — aluminium to uncertainty shock,TRUE,combined,vix,NA,NA
24,maize,0,GIRF — aluminium to uncertainty shock,TRUE,combined,vix,NA,NA
1,ngas_us,0,GIRF — aluminium to uncertainty shock,TRUE,combined,vix,NA,NA
2,ngas_us,0,GIRF — aluminium to uncertainty shock,TRUE,combined,vix,NA,NA
3,ngas_us,0,GIRF — aluminium to uncertainty shock,TRUE,combined,vix,NA,NA
4,ngas_us,0,GIRF — aluminium to uncertainty shock,TRUE,combined,vix,NA,NA
5,ngas_us,0,GIRF — aluminium to uncertainty shock,TRUE,combined,vix,NA,NA
6,ngas_us,0,GIRF — aluminium to uncertainty shock,TRUE,combined,vix,NA,NA
7,ngas_us,0,GIRF — aluminium to uncertainty shock,TRUE,combined,vix,NA,NA
8,ngas_us,0,GIRF — aluminium to uncertainty shock,TRUE,combined,vix,NA,NA
9,ngas_us,0,GIRF — aluminium to uncertainty shock,TRUE,combined,vix,NA,NA
10,ngas_us,0,GIRF — aluminium to uncertainty shock,TRUE,combined,vix,NA,NA
11,ngas_us,0,GIRF — aluminium to uncertainty shock,TRUE,combined,vix,NA,NA
12,ngas_us,0,GIRF — aluminium to uncertainty shock,TRUE,combined,vix,NA,NA
13,ngas_us,0,GIRF — aluminium to uncertainty shock,TRUE,combined,vix,NA,NA
14,ngas_us,0,GIRF — aluminium to uncertainty shock,TRUE,combined,vix,NA,NA
15,ngas_us,0,GIRF — aluminium to uncertainty shock,TRUE,combined,vix,NA,NA
16,ngas_us,0,GIRF — aluminium to uncertainty shock,TRUE,combined,vix,NA,NA
17,ngas_us,0,GIRF — aluminium to uncertainty shock,TRUE,combined,vix,NA,NA
18,ngas_us,0,GIRF — aluminium to uncertainty shock,TRUE,combined,vix,NA,NA
19,ngas_us,0,GIRF — aluminium to uncertainty shock,TRUE,combined,vix,NA,NA
20,ngas_us,0,GIRF — aluminium to uncertainty shock,TRUE,combined,vix,NA,NA
21,ngas_us,0,GIRF — aluminium to uncertainty shock,TRUE,combined,vix,NA,NA
22,ngas_us,0,GIRF — aluminium to uncertainty shock,TRUE,combined,vix,NA,NA
23,ngas_us,0,GIRF — aluminium to uncertainty shock,TRUE,combined,vix,NA,NA
24,ngas_us,0,GIRF — aluminium to uncertainty shock,TRUE,combined,vix,NA,NA
1,nickel,0,GIRF — aluminium to uncertainty shock,TRUE,combined,vix,NA,NA
2,nickel,0,GIRF — aluminium to uncertainty shock,TRUE,combined,vix,NA,NA
3,nickel,0,GIRF — aluminium to uncertainty shock,TRUE,combined,vix,NA,NA
4,nickel,0,GIRF — aluminium to uncertainty shock,TRUE,combined,vix,NA,NA
5,nickel,0,GIRF — aluminium to uncertainty shock,TRUE,combined,vix,NA,NA
6,nickel,0,GIRF — aluminium to uncertainty shock,TRUE,combined,vix,NA,NA
7,nickel,0,GIRF — aluminium to uncertainty shock,TRUE,combined,vix,NA,NA
8,nickel,0,GIRF — aluminium to uncertainty shock,TRUE,combined,vix,NA,NA
9,nickel,0,GIRF — aluminium to uncertainty shock,TRUE,combined,vix,NA,NA
10,nickel,0,GIRF — aluminium to uncertainty shock,TRUE,combined,vix,NA,NA
11,nickel,0,GIRF — aluminium to uncertainty shock,TRUE,combined,vix,NA,NA
12,nickel,0,GIRF — aluminium to uncertainty shock,TRUE,combined,vix,NA,NA
13,nickel,0,GIRF — aluminium to uncertainty shock,TRUE,combined,vix,NA,NA
14,nickel,0,GIRF — aluminium to uncertainty shock,TRUE,combined,vix,NA,NA
15,nickel,0,GIRF — aluminium to uncertainty shock,TRUE,combined,vix,NA,NA
16,nickel,0,GIRF — aluminium to uncertainty shock,TRUE,combined,vix,NA,NA
17,nickel,0,GIRF — aluminium to uncertainty shock,TRUE,combined,vix,NA,NA
18,nickel,0,GIRF — aluminium to uncertainty shock,TRUE,combined,vix,NA,NA
19,nickel,0,GIRF — aluminium to uncertainty shock,TRUE,combined,vix,NA,NA
20,nickel,0,GIRF — aluminium to uncertainty shock,TRUE,combined,vix,NA,NA
21,nickel,0,GIRF — aluminium to uncertainty shock,TRUE,combined,vix,NA,NA
22,nickel,0,GIRF — aluminium to uncertainty shock,TRUE,combined,vix,NA,NA
23,nickel,0,GIRF — aluminium to uncertainty shock,TRUE,combined,vix,NA,NA
24,nickel,0,GIRF — aluminium to uncertainty shock,TRUE,combined,vix,NA,NA
1,platinum,0,GIRF — aluminium to uncertainty shock,TRUE,combined,vix,NA,NA
2,platinum,0,GIRF — aluminium to uncertainty shock,TRUE,combined,vix,NA,NA
3,platinum,0,GIRF — aluminium to uncertainty shock,TRUE,combined,vix,NA,NA
4,platinum,0,GIRF — aluminium to uncertainty shock,TRUE,combined,vix,NA,NA
5,platinum,0,GIRF — aluminium to uncertainty shock,TRUE,combined,vix,NA,NA
6,platinum,0,GIRF — aluminium to uncertainty shock,TRUE,combined,vix,NA,NA
7,platinum,0,GIRF — aluminium to uncertainty shock,TRUE,combined,vix,NA,NA
8,platinum,0,GIRF — aluminium to uncertainty shock,TRUE,combined,vix,NA,NA
9,platinum,0,GIRF — aluminium to uncertainty shock,TRUE,combined,vix,NA,NA
10,platinum,0,GIRF — aluminium to uncertainty shock,TRUE,combined,vix,NA,NA
11,platinum,0,GIRF — aluminium to uncertainty shock,TRUE,combined,vix,NA,NA
12,platinum,0,GIRF — aluminium to uncertainty shock,TRUE,combined,vix,NA,NA
13,platinum,0,GIRF — aluminium to uncertainty shock,TRUE,combined,vix,NA,NA
14,platinum,0,GIRF — aluminium to uncertainty shock,TRUE,combined,vix,NA,NA
15,platinum,0,GIRF — aluminium to uncertainty shock,TRUE,combined,vix,NA,NA
16,platinum,0,GIRF — aluminium to uncertainty shock,TRUE,combined,vix,NA,NA
17,platinum,0,GIRF — aluminium to uncertainty shock,TRUE,combined,vix,NA,NA
18,platinum,0,GIRF — aluminium to uncertainty shock,TRUE,combined,vix,NA,NA
19,platinum,0,GIRF — aluminium to uncertainty shock,TRUE,combined,vix,NA,NA
20,platinum,0,GIRF — aluminium to uncertainty shock,TRUE,combined,vix,NA,NA
21,platinum,0,GIRF — aluminium to uncertainty shock,TRUE,combined,vix,NA,NA
22,platinum,0,GIRF — aluminium to uncertainty shock,TRUE,combined,vix,NA,NA
23,platinum,0,GIRF — aluminium to uncertainty shock,TRUE,combined,vix,NA,NA
24,platinum,0,GIRF — aluminium to uncertainty shock,TRUE,combined,vix,NA,NA
1,silver,0,GIRF — aluminium to uncertainty shock,TRUE,combined,vix,NA,NA
2,silver,0,GIRF — aluminium to uncertainty shock,TRUE,combined,vix,NA,NA
3,silver,0,GIRF — aluminium to uncertainty shock,TRUE,combined,vix,NA,NA
4,silver,0,GIRF — aluminium to uncertainty shock,TRUE,combined,vix,NA,NA
5,silver,0,GIRF — aluminium to uncertainty shock,TRUE,combined,vix,NA,NA
6,silver,0,GIRF — aluminium to uncertainty shock,TRUE,combined,vix,NA,NA
7,silver,0,GIRF — aluminium to uncertainty shock,TRUE,combined,vix,NA,NA
8,silver,0,GIRF — aluminium to uncertainty shock,TRUE,combined,vix,NA,NA
9,silver,0,GIRF — aluminium to uncertainty shock,TRUE,combined,vix,NA,NA
10,silver,0,GIRF — aluminium to uncertainty shock,TRUE,combined,vix,NA,NA
11,silver,0,GIRF — aluminium to uncertainty shock,TRUE,combined,vix,NA,NA
12,silver,0,GIRF — aluminium to uncertainty shock,TRUE,combined,vix,NA,NA
13,silver,0,GIRF — aluminium to uncertainty shock,TRUE,combined,vix,NA,NA
14,silver,0,GIRF — aluminium to uncertainty shock,TRUE,combined,vix,NA,NA
15,silver,0,GIRF — aluminium to uncertainty shock,TRUE,combined,vix,NA,NA
16,silver,0,GIRF — aluminium to uncertainty shock,TRUE,combined,vix,NA,NA
17,silver,0,GIRF — aluminium to uncertainty shock,TRUE,combined,vix,NA,NA
18,silver,0,GIRF — aluminium to uncertainty shock,TRUE,combined,vix,NA,NA
19,silver,0,GIRF — aluminium to uncertainty shock,TRUE,combined,vix,NA,NA
20,silver,0,GIRF — aluminium to uncertainty shock,TRUE,combined,vix,NA,NA
21,silver,0,GIRF — aluminium to uncertainty shock,TRUE,combined,vix,NA,NA
22,silver,0,GIRF — aluminium to uncertainty shock,TRUE,combined,vix,NA,NA
23,silver,0,GIRF — aluminium to uncertainty shock,TRUE,combined,vix,NA,NA
24,silver,0,GIRF — aluminium to uncertainty shock,TRUE,combined,vix,NA,NA
1,soybeans,0,GIRF — aluminium to uncertainty shock,TRUE,combined,vix,NA,NA
2,soybeans,0,GIRF — aluminium to uncertainty shock,TRUE,combined,vix,NA,NA
3,soybeans,0,GIRF — aluminium to uncertainty shock,TRUE,combined,vix,NA,NA
4,soybeans,0,GIRF — aluminium to uncertainty shock,TRUE,combined,vix,NA,NA
5,soybeans,0,GIRF — aluminium to uncertainty shock,TRUE,combined,vix,NA,NA
6,soybeans,0,GIRF — aluminium to uncertainty shock,TRUE,combined,vix,NA,NA
7,soybeans,0,GIRF — aluminium to uncertainty shock,TRUE,combined,vix,NA,NA
8,soybeans,0,GIRF — aluminium to uncertainty shock,TRUE,combined,vix,NA,NA
9,soybeans,0,GIRF — aluminium to uncertainty shock,TRUE,combined,vix,NA,NA
10,soybeans,0,GIRF — aluminium to uncertainty shock,TRUE,combined,vix,NA,NA
11,soybeans,0,GIRF — aluminium to uncertainty shock,TRUE,combined,vix,NA,NA
12,soybeans,0,GIRF — aluminium to uncertainty shock,TRUE,combined,vix,NA,NA
13,soybeans,0,GIRF — aluminium to uncertainty shock,TRUE,combined,vix,NA,NA
14,soybeans,0,GIRF — aluminium to uncertainty shock,TRUE,combined,vix,NA,NA
15,soybeans,0,GIRF — aluminium to uncertainty shock,TRUE,combined,vix,NA,NA
16,soybeans,0,GIRF — aluminium to uncertainty shock,TRUE,combined,vix,NA,NA
17,soybeans,0,GIRF — aluminium to uncertainty shock,TRUE,combined,vix,NA,NA
18,soybeans,0,GIRF — aluminium to uncertainty shock,TRUE,combined,vix,NA,NA
19,soybeans,0,GIRF — aluminium to uncertainty shock,TRUE,combined,vix,NA,NA
20,soybeans,0,GIRF — aluminium to uncertainty shock,TRUE,combined,vix,NA,NA
21,soybeans,0,GIRF — aluminium to uncertainty shock,TRUE,combined,vix,NA,NA
22,soybeans,0,GIRF — aluminium to uncertainty shock,TRUE,combined,vix,NA,NA
23,soybeans,0,GIRF — aluminium to uncertainty shock,TRUE,combined,vix,NA,NA
24,soybeans,0,GIRF — aluminium to uncertainty shock,TRUE,combined,vix,NA,NA
1,sugar_wld,0,GIRF — aluminium to uncertainty shock,TRUE,combined,vix,NA,NA
2,sugar_wld,0,GIRF — aluminium to uncertainty shock,TRUE,combined,vix,NA,NA
3,sugar_wld,0,GIRF — aluminium to uncertainty shock,TRUE,combined,vix,NA,NA
4,sugar_wld,0,GIRF — aluminium to uncertainty shock,TRUE,combined,vix,NA,NA
5,sugar_wld,0,GIRF — aluminium to uncertainty shock,TRUE,combined,vix,NA,NA
6,sugar_wld,0,GIRF — aluminium to uncertainty shock,TRUE,combined,vix,NA,NA
7,sugar_wld,0,GIRF — aluminium to uncertainty shock,TRUE,combined,vix,NA,NA
8,sugar_wld,0,GIRF — aluminium to uncertainty shock,TRUE,combined,vix,NA,NA
9,sugar_wld,0,GIRF — aluminium to uncertainty shock,TRUE,combined,vix,NA,NA
10,sugar_wld,0,GIRF — aluminium to uncertainty shock,TRUE,combined,vix,NA,NA
11,sugar_wld,0,GIRF — aluminium to uncertainty shock,TRUE,combined,vix,NA,NA
12,sugar_wld,0,GIRF — aluminium to uncertainty shock,TRUE,combined,vix,NA,NA
13,sugar_wld,0,GIRF — aluminium to uncertainty shock,TRUE,combined,vix,NA,NA
14,sugar_wld,0,GIRF — aluminium to uncertainty shock,TRUE,combined,vix,NA,NA
15,sugar_wld,0,GIRF — aluminium to uncertainty shock,TRUE,combined,vix,NA,NA
16,sugar_wld,0,GIRF — aluminium to uncertainty shock,TRUE,combined,vix,NA,NA
17,sugar_wld,0,GIRF — aluminium to uncertainty shock,TRUE,combined,vix,NA,NA
18,sugar_wld,0,GIRF — aluminium to uncertainty shock,TRUE,combined,vix,NA,NA
19,sugar_wld,0,GIRF — aluminium to uncertainty shock,TRUE,combined,vix,NA,NA
20,sugar_wld,0,GIRF — aluminium to uncertainty shock,TRUE,combined,vix,NA,NA
21,sugar_wld,0,GIRF — aluminium to uncertainty shock,TRUE,combined,vix,NA,NA
22,sugar_wld,0,GIRF — aluminium to uncertainty shock,TRUE,combined,vix,NA,NA
23,sugar_wld,0,GIRF — aluminium to uncertainty shock,TRUE,combined,vix,NA,NA
24,sugar_wld,0,GIRF — aluminium to uncertainty shock,TRUE,combined,vix,NA,NA
1,tin,0,GIRF — aluminium to uncertainty shock,TRUE,combined,vix,NA,NA
2,tin,0,GIRF — aluminium to uncertainty shock,TRUE,combined,vix,NA,NA
3,tin,0,GIRF — aluminium to uncertainty shock,TRUE,combined,vix,NA,NA
4,tin,0,GIRF — aluminium to uncertainty shock,TRUE,combined,vix,NA,NA
5,tin,0,GIRF — aluminium to uncertainty shock,TRUE,combined,vix,NA,NA
6,tin,0,GIRF — aluminium to uncertainty shock,TRUE,combined,vix,NA,NA
7,tin,0,GIRF — aluminium to uncertainty shock,TRUE,combined,vix,NA,NA
8,tin,0,GIRF — aluminium to uncertainty shock,TRUE,combined,vix,NA,NA
9,tin,0,GIRF — aluminium to uncertainty shock,TRUE,combined,vix,NA,NA
10,tin,0,GIRF — aluminium to uncertainty shock,TRUE,combined,vix,NA,NA
11,tin,0,GIRF — aluminium to uncertainty shock,TRUE,combined,vix,NA,NA
12,tin,0,GIRF — aluminium to uncertainty shock,TRUE,combined,vix,NA,NA
13,tin,0,GIRF — aluminium to uncertainty shock,TRUE,combined,vix,NA,NA
14,tin,0,GIRF — aluminium to uncertainty shock,TRUE,combined,vix,NA,NA
15,tin,0,GIRF — aluminium to uncertainty shock,TRUE,combined,vix,NA,NA
16,tin,0,GIRF — aluminium to uncertainty shock,TRUE,combined,vix,NA,NA
17,tin,0,GIRF — aluminium to uncertainty shock,TRUE,combined,vix,NA,NA
18,tin,0,GIRF — aluminium to uncertainty shock,TRUE,combined,vix,NA,NA
19,tin,0,GIRF — aluminium to uncertainty shock,TRUE,combined,vix,NA,NA
20,tin,0,GIRF — aluminium to uncertainty shock,TRUE,combined,vix,NA,NA
21,tin,0,GIRF — aluminium to uncertainty shock,TRUE,combined,vix,NA,NA
22,tin,0,GIRF — aluminium to uncertainty shock,TRUE,combined,vix,NA,NA
23,tin,0,GIRF — aluminium to uncertainty shock,TRUE,combined,vix,NA,NA
24,tin,0,GIRF — aluminium to uncertainty shock,TRUE,combined,vix,NA,NA
1,wheat_us_hrw,0,GIRF — aluminium to uncertainty shock,TRUE,combined,vix,NA,NA
2,wheat_us_hrw,0,GIRF — aluminium to uncertainty shock,TRUE,combined,vix,NA,NA
3,wheat_us_hrw,0,GIRF — aluminium to uncertainty shock,TRUE,combined,vix,NA,NA
4,wheat_us_hrw,0,GIRF — aluminium to uncertainty shock,TRUE,combined,vix,NA,NA
5,wheat_us_hrw,0,GIRF — aluminium to uncertainty shock,TRUE,combined,vix,NA,NA
6,wheat_us_hrw,0,GIRF — aluminium to uncertainty shock,TRUE,combined,vix,NA,NA
7,wheat_us_hrw,0,GIRF — aluminium to uncertainty shock,TRUE,combined,vix,NA,NA
8,wheat_us_hrw,0,GIRF — aluminium to uncertainty shock,TRUE,combined,vix,NA,NA
9,wheat_us_hrw,0,GIRF — aluminium to uncertainty shock,TRUE,combined,vix,NA,NA
10,wheat_us_hrw,0,GIRF — aluminium to uncertainty shock,TRUE,combined,vix,NA,NA
11,wheat_us_hrw,0,GIRF — aluminium to uncertainty shock,TRUE,combined,vix,NA,NA
12,wheat_us_hrw,0,GIRF — aluminium to uncertainty shock,TRUE,combined,vix,NA,NA
13,wheat_us_hrw,0,GIRF — aluminium to uncertainty shock,TRUE,combined,vix,NA,NA
14,wheat_us_hrw,0,GIRF — aluminium to uncertainty shock,TRUE,combined,vix,NA,NA
15,wheat_us_hrw,0,GIRF — aluminium to uncertainty shock,TRUE,combined,vix,NA,NA
16,wheat_us_hrw,0,GIRF — aluminium to uncertainty shock,TRUE,combined,vix,NA,NA
17,wheat_us_hrw,0,GIRF — aluminium to uncertainty shock,TRUE,combined,vix,NA,NA
18,wheat_us_hrw,0,GIRF — aluminium to uncertainty shock,TRUE,combined,vix,NA,NA
19,wheat_us_hrw,0,GIRF — aluminium to uncertainty shock,TRUE,combined,vix,NA,NA
20,wheat_us_hrw,0,GIRF — aluminium to uncertainty shock,TRUE,combined,vix,NA,NA
21,wheat_us_hrw,0,GIRF — aluminium to uncertainty shock,TRUE,combined,vix,NA,NA
22,wheat_us_hrw,0,GIRF — aluminium to uncertainty shock,TRUE,combined,vix,NA,NA
23,wheat_us_hrw,0,GIRF — aluminium to uncertainty shock,TRUE,combined,vix,NA,NA
24,wheat_us_hrw,0,GIRF — aluminium to uncertainty shock,TRUE,combined,vix,NA,NA
1,zinc,0,GIRF — aluminium to uncertainty shock,TRUE,combined,vix,NA,NA
2,zinc,0,GIRF — aluminium to uncertainty shock,TRUE,combined,vix,NA,NA
3,zinc,0,GIRF — aluminium to uncertainty shock,TRUE,combined,vix,NA,NA
4,zinc,0,GIRF — aluminium to uncertainty shock,TRUE,combined,vix,NA,NA
5,zinc,0,GIRF — aluminium to uncertainty shock,TRUE,combined,vix,NA,NA
6,zinc,0,GIRF — aluminium to uncertainty shock,TRUE,combined,vix,NA,NA
7,zinc,0,GIRF — aluminium to uncertainty shock,TRUE,combined,vix,NA,NA
8,zinc,0,GIRF — aluminium to uncertainty shock,TRUE,combined,vix,NA,NA
9,zinc,0,GIRF — aluminium to uncertainty shock,TRUE,combined,vix,NA,NA
10,zinc,0,GIRF — aluminium to uncertainty shock,TRUE,combined,vix,NA,NA
11,zinc,0,GIRF — aluminium to uncertainty shock,TRUE,combined,vix,NA,NA
12,zinc,0,GIRF — aluminium to uncertainty shock,TRUE,combined,vix,NA,NA
13,zinc,0,GIRF — aluminium to uncertainty shock,TRUE,combined,vix,NA,NA
14,zinc,0,GIRF — aluminium to uncertainty shock,TRUE,combined,vix,NA,NA
15,zinc,0,GIRF — aluminium to uncertainty shock,TRUE,combined,vix,NA,NA
16,zinc,0,GIRF — aluminium to uncertainty shock,TRUE,combined,vix,NA,NA
17,zinc,0,GIRF — aluminium to uncertainty shock,TRUE,combined,vix,NA,NA
18,zinc,0,GIRF — aluminium to uncertainty shock,TRUE,combined,vix,NA,NA
19,zinc,0,GIRF — aluminium to uncertainty shock,TRUE,combined,vix,NA,NA
20,zinc,0,GIRF — aluminium to uncertainty shock,TRUE,combined,vix,NA,NA
21,zinc,0,GIRF — aluminium to uncertainty shock,TRUE,combined,vix,NA,NA
22,zinc,0,GIRF — aluminium to uncertainty shock,TRUE,combined,vix,NA,NA
23,zinc,0,GIRF — aluminium to uncertainty shock,TRUE,combined,vix,NA,NA
24,zinc,0,GIRF — aluminium to uncertainty shock,TRUE,combined,vix,NA,NA
1,aluminium,0,GIRF — aluminium to uncertainty shock,FALSE,combined,vix,NA,NA
2,aluminium,1,GIRF — aluminium to uncertainty shock,FALSE,combined,vix,NA,NA
3,aluminium,0.2720638981041704,GIRF — aluminium to uncertainty shock,FALSE,combined,vix,NA,NA
4,aluminium,-0.15107581118649893,GIRF — aluminium to uncertainty shock,FALSE,combined,vix,NA,NA
5,aluminium,-0.02122019031173128,GIRF — aluminium to uncertainty shock,FALSE,combined,vix,NA,NA
6,aluminium,0.08128155486018122,GIRF — aluminium to uncertainty shock,FALSE,combined,vix,NA,NA
7,aluminium,0.04719261455996912,GIRF — aluminium to uncertainty shock,FALSE,combined,vix,NA,NA
8,aluminium,-0.0926161936350234,GIRF — aluminium to uncertainty shock,FALSE,combined,vix,NA,NA
9,aluminium,-0.045693940406755756,GIRF — aluminium to uncertainty shock,FALSE,combined,vix,NA,NA
10,aluminium,0.077381730283362,GIRF — aluminium to uncertainty shock,FALSE,combined,vix,NA,NA
11,aluminium,0.00658304107852864,GIRF — aluminium to uncertainty shock,FALSE,combined,vix,NA,NA
12,aluminium,-0.10948159397626013,GIRF — aluminium to uncertainty shock,FALSE,combined,vix,NA,NA
13,aluminium,0,GIRF — aluminium to uncertainty shock,FALSE,combined,vix,NA,NA
14,aluminium,0,GIRF — aluminium to uncertainty shock,FALSE,combined,vix,NA,NA
15,aluminium,0,GIRF — aluminium to uncertainty shock,FALSE,combined,vix,NA,NA
16,aluminium,0,GIRF — aluminium to uncertainty shock,FALSE,combined,vix,NA,NA
17,aluminium,0,GIRF — aluminium to uncertainty shock,FALSE,combined,vix,NA,NA
18,aluminium,0,GIRF — aluminium to uncertainty shock,FALSE,combined,vix,NA,NA
19,aluminium,0,GIRF — aluminium to uncertainty shock,FALSE,combined,vix,NA,NA
20,aluminium,0,GIRF — aluminium to uncertainty shock,FALSE,combined,vix,NA,NA
21,aluminium,0,GIRF — aluminium to uncertainty shock,FALSE,combined,vix,NA,NA
22,aluminium,0,GIRF — aluminium to uncertainty shock,FALSE,combined,vix,NA,NA
23,aluminium,0,GIRF — aluminium to uncertainty shock,FALSE,combined,vix,NA,NA
24,aluminium,0,GIRF — aluminium to uncertainty shock,FALSE,combined,vix,NA,NA
1,cocoa,0,GIRF — aluminium to uncertainty shock,FALSE,combined,vix,NA,NA
2,cocoa,0,GIRF — aluminium to uncertainty shock,FALSE,combined,vix,NA,NA
3,cocoa,-0.03744207560288862,GIRF — aluminium to uncertainty shock,FALSE,combined,vix,NA,NA
4,cocoa,0.15343628793313677,GIRF — aluminium to uncertainty shock,FALSE,combined,vix,NA,NA
5,cocoa,0.1816217780131678,GIRF — aluminium to uncertainty shock,FALSE,combined,vix,NA,NA
6,cocoa,0.049475054043148614,GIRF — aluminium to uncertainty shock,FALSE,combined,vix,NA,NA
7,cocoa,0.01837511093066011,GIRF — aluminium to uncertainty shock,FALSE,combined,vix,NA,NA
8,cocoa,-0.0905523042107839,GIRF — aluminium to uncertainty shock,FALSE,combined,vix,NA,NA
9,cocoa,0.05628537739909472,GIRF — aluminium to uncertainty shock,FALSE,combined,vix,NA,NA
10,cocoa,0.07668872892245593,GIRF — aluminium to uncertainty shock,FALSE,combined,vix,NA,NA
11,cocoa,-0.031469521809428504,GIRF — aluminium to uncertainty shock,FALSE,combined,vix,NA,NA
12,cocoa,-0.08519904687419971,GIRF — aluminium to uncertainty shock,FALSE,combined,vix,NA,NA
13,cocoa,0,GIRF — aluminium to uncertainty shock,FALSE,combined,vix,NA,NA
14,cocoa,0,GIRF — aluminium to uncertainty shock,FALSE,combined,vix,NA,NA
15,cocoa,0,GIRF — aluminium to uncertainty shock,FALSE,combined,vix,NA,NA
16,cocoa,0,GIRF — aluminium to uncertainty shock,FALSE,combined,vix,NA,NA
17,cocoa,0,GIRF — aluminium to uncertainty shock,FALSE,combined,vix,NA,NA
18,cocoa,0,GIRF — aluminium to uncertainty shock,FALSE,combined,vix,NA,NA
19,cocoa,0,GIRF — aluminium to uncertainty shock,FALSE,combined,vix,NA,NA
20,cocoa,0,GIRF — aluminium to uncertainty shock,FALSE,combined,vix,NA,NA
21,cocoa,0,GIRF — aluminium to uncertainty shock,FALSE,combined,vix,NA,NA
22,cocoa,0,GIRF — aluminium to uncertainty shock,FALSE,combined,vix,NA,NA
23,cocoa,0,GIRF — aluminium to uncertainty shock,FALSE,combined,vix,NA,NA
24,cocoa,0,GIRF — aluminium to uncertainty shock,FALSE,combined,vix,NA,NA
1,coffee_arabic,0,GIRF — aluminium to uncertainty shock,FALSE,combined,vix,NA,NA
2,coffee_arabic,0,GIRF — aluminium to uncertainty shock,FALSE,combined,vix,NA,NA
3,coffee_arabic,0.014474428918135098,GIRF — aluminium to uncertainty shock,FALSE,combined,vix,NA,NA
4,coffee_arabic,0.10731671600590852,GIRF — aluminium to uncertainty shock,FALSE,combined,vix,NA,NA
5,coffee_arabic,0.04118122063371596,GIRF — aluminium to uncertainty shock,FALSE,combined,vix,NA,NA
6,coffee_arabic,0.037447474916188966,GIRF — aluminium to uncertainty shock,FALSE,combined,vix,NA,NA
7,coffee_arabic,0.04779003332353947,GIRF — aluminium to uncertainty shock,FALSE,combined,vix,NA,NA
8,coffee_arabic,0.001359157244493105,GIRF — aluminium to uncertainty shock,FALSE,combined,vix,NA,NA
9,coffee_arabic,-0.04411132252944635,GIRF — aluminium to uncertainty shock,FALSE,combined,vix,NA,NA
10,coffee_arabic,0.009118333597954689,GIRF — aluminium to uncertainty shock,FALSE,combined,vix,NA,NA
11,coffee_arabic,0.04500544760753831,GIRF — aluminium to uncertainty shock,FALSE,combined,vix,NA,NA
12,coffee_arabic,-0.020098520287448643,GIRF — aluminium to uncertainty shock,FALSE,combined,vix,NA,NA
13,coffee_arabic,0,GIRF — aluminium to uncertainty shock,FALSE,combined,vix,NA,NA
14,coffee_arabic,0,GIRF — aluminium to uncertainty shock,FALSE,combined,vix,NA,NA
15,coffee_arabic,0,GIRF — aluminium to uncertainty shock,FALSE,combined,vix,NA,NA
16,coffee_arabic,0,GIRF — aluminium to uncertainty shock,FALSE,combined,vix,NA,NA
17,coffee_arabic,0,GIRF — aluminium to uncertainty shock,FALSE,combined,vix,NA,NA
18,coffee_arabic,0,GIRF — aluminium to uncertainty shock,FALSE,combined,vix,NA,NA
19,coffee_arabic,0,GIRF — aluminium to uncertainty shock,FALSE,combined,vix,NA,NA
20,coffee_arabic,0,GIRF — aluminium to uncertainty shock,FALSE,combined,vix,NA,NA
21,coffee_arabic,0,GIRF — aluminium to uncertainty shock,FALSE,combined,vix,NA,NA
22,coffee_arabic,0,GIRF — aluminium to uncertainty shock,FALSE,combined,vix,NA,NA
23,coffee_arabic,0,GIRF — aluminium to uncertainty shock,FALSE,combined,vix,NA,NA
24,coffee_arabic,0,GIRF — aluminium to uncertainty shock,FALSE,combined,vix,NA,NA
1,copper,0,GIRF — aluminium to uncertainty shock,FALSE,combined,vix,NA,NA
2,copper,0,GIRF — aluminium to uncertainty shock,FALSE,combined,vix,NA,NA
3,copper,0.1846316851129237,GIRF — aluminium to uncertainty shock,FALSE,combined,vix,NA,NA
4,copper,-0.0026856760941850535,GIRF — aluminium to uncertainty shock,FALSE,combined,vix,NA,NA
5,copper,-0.007972654327648526,GIRF — aluminium to uncertainty shock,FALSE,combined,vix,NA,NA
6,copper,0.01119737111780964,GIRF — aluminium to uncertainty shock,FALSE,combined,vix,NA,NA
7,copper,0.06262460741472055,GIRF — aluminium to uncertainty shock,FALSE,combined,vix,NA,NA
8,copper,-0.09306515332272514,GIRF — aluminium to uncertainty shock,FALSE,combined,vix,NA,NA
9,copper,-0.0777782906413041,GIRF — aluminium to uncertainty shock,FALSE,combined,vix,NA,NA
10,copper,0.06549989398480034,GIRF — aluminium to uncertainty shock,FALSE,combined,vix,NA,NA
11,copper,0.03355963821408654,GIRF — aluminium to uncertainty shock,FALSE,combined,vix,NA,NA
12,copper,-0.10312909848908945,GIRF — aluminium to uncertainty shock,FALSE,combined,vix,NA,NA
13,copper,0,GIRF — aluminium to uncertainty shock,FALSE,combined,vix,NA,NA
14,copper,0,GIRF — aluminium to uncertainty shock,FALSE,combined,vix,NA,NA
15,copper,0,GIRF — aluminium to uncertainty shock,FALSE,combined,vix,NA,NA
16,copper,0,GIRF — aluminium to uncertainty shock,FALSE,combined,vix,NA,NA
17,copper,0,GIRF — aluminium to uncertainty shock,FALSE,combined,vix,NA,NA
18,copper,0,GIRF — aluminium to uncertainty shock,FALSE,combined,vix,NA,NA
19,copper,0,GIRF — aluminium to uncertainty shock,FALSE,combined,vix,NA,NA
20,copper,0,GIRF — aluminium to uncertainty shock,FALSE,combined,vix,NA,NA
21,copper,0,GIRF — aluminium to uncertainty shock,FALSE,combined,vix,NA,NA
22,copper,0,GIRF — aluminium to uncertainty shock,FALSE,combined,vix,NA,NA
23,copper,0,GIRF — aluminium to uncertainty shock,FALSE,combined,vix,NA,NA
24,copper,0,GIRF — aluminium to uncertainty shock,FALSE,combined,vix,NA,NA
1,cotton_a_indx,0,GIRF — aluminium to uncertainty shock,FALSE,combined,vix,NA,NA
2,cotton_a_indx,0,GIRF — aluminium to uncertainty shock,FALSE,combined,vix,NA,NA
3,cotton_a_indx,0.17852603951602447,GIRF — aluminium to uncertainty shock,FALSE,combined,vix,NA,NA
4,cotton_a_indx,0.09512668300733702,GIRF — aluminium to uncertainty shock,FALSE,combined,vix,NA,NA
5,cotton_a_indx,0.07868360400645467,GIRF — aluminium to uncertainty shock,FALSE,combined,vix,NA,NA
6,cotton_a_indx,0.07621292463254253,GIRF — aluminium to uncertainty shock,FALSE,combined,vix,NA,NA
7,cotton_a_indx,0.10391950834910561,GIRF — aluminium to uncertainty shock,FALSE,combined,vix,NA,NA
8,cotton_a_indx,-0.05533894295208672,GIRF — aluminium to uncertainty shock,FALSE,combined,vix,NA,NA
9,cotton_a_indx,-0.12107526730532413,GIRF — aluminium to uncertainty shock,FALSE,combined,vix,NA,NA
10,cotton_a_indx,-0.015244232790656854,GIRF — aluminium to uncertainty shock,FALSE,combined,vix,NA,NA
11,cotton_a_indx,0.06348109945013615,GIRF — aluminium to uncertainty shock,FALSE,combined,vix,NA,NA
12,cotton_a_indx,-0.038527242080292706,GIRF — aluminium to uncertainty shock,FALSE,combined,vix,NA,NA
13,cotton_a_indx,0,GIRF — aluminium to uncertainty shock,FALSE,combined,vix,NA,NA
14,cotton_a_indx,0,GIRF — aluminium to uncertainty shock,FALSE,combined,vix,NA,NA
15,cotton_a_indx,0,GIRF — aluminium to uncertainty shock,FALSE,combined,vix,NA,NA
16,cotton_a_indx,0,GIRF — aluminium to uncertainty shock,FALSE,combined,vix,NA,NA
17,cotton_a_indx,0,GIRF — aluminium to uncertainty shock,FALSE,combined,vix,NA,NA
18,cotton_a_indx,0,GIRF — aluminium to uncertainty shock,FALSE,combined,vix,NA,NA
19,cotton_a_indx,0,GIRF — aluminium to uncertainty shock,FALSE,combined,vix,NA,NA
20,cotton_a_indx,0,GIRF — aluminium to uncertainty shock,FALSE,combined,vix,NA,NA
21,cotton_a_indx,0,GIRF — aluminium to uncertainty shock,FALSE,combined,vix,NA,NA
22,cotton_a_indx,0,GIRF — aluminium to uncertainty shock,FALSE,combined,vix,NA,NA
23,cotton_a_indx,0,GIRF — aluminium to uncertainty shock,FALSE,combined,vix,NA,NA
24,cotton_a_indx,0,GIRF — aluminium to uncertainty shock,FALSE,combined,vix,NA,NA
1,crude_wti,0,GIRF — aluminium to uncertainty shock,FALSE,combined,vix,NA,NA
2,crude_wti,0,GIRF — aluminium to uncertainty shock,FALSE,combined,vix,NA,NA
3,crude_wti,-0.12571075042554108,GIRF — aluminium to uncertainty shock,FALSE,combined,vix,NA,NA
4,crude_wti,0.03495824975992348,GIRF — aluminium to uncertainty shock,FALSE,combined,vix,NA,NA
5,crude_wti,0.030385354690067763,GIRF — aluminium to uncertainty shock,FALSE,combined,vix,NA,NA
6,crude_wti,-0.03795646277723516,GIRF — aluminium to uncertainty shock,FALSE,combined,vix,NA,NA
7,crude_wti,-0.003866644066089505,GIRF — aluminium to uncertainty shock,FALSE,combined,vix,NA,NA
8,crude_wti,-0.04576037238257173,GIRF — aluminium to uncertainty shock,FALSE,combined,vix,NA,NA
9,crude_wti,0.006004023997882405,GIRF — aluminium to uncertainty shock,FALSE,combined,vix,NA,NA
10,crude_wti,0.05251617243651212,GIRF — aluminium to uncertainty shock,FALSE,combined,vix,NA,NA
11,crude_wti,-0.02814944021392017,GIRF — aluminium to uncertainty shock,FALSE,combined,vix,NA,NA
12,crude_wti,-0.07569260016702008,GIRF — aluminium to uncertainty shock,FALSE,combined,vix,NA,NA
13,crude_wti,0,GIRF — aluminium to uncertainty shock,FALSE,combined,vix,NA,NA
14,crude_wti,0,GIRF — aluminium to uncertainty shock,FALSE,combined,vix,NA,NA
15,crude_wti,0,GIRF — aluminium to uncertainty shock,FALSE,combined,vix,NA,NA
16,crude_wti,0,GIRF — aluminium to uncertainty shock,FALSE,combined,vix,NA,NA
17,crude_wti,0,GIRF — aluminium to uncertainty shock,FALSE,combined,vix,NA,NA
18,crude_wti,0,GIRF — aluminium to uncertainty shock,FALSE,combined,vix,NA,NA
19,crude_wti,0,GIRF — aluminium to uncertainty shock,FALSE,combined,vix,NA,NA
20,crude_wti,0,GIRF — aluminium to uncertainty shock,FALSE,combined,vix,NA,NA
21,crude_wti,0,GIRF — aluminium to uncertainty shock,FALSE,combined,vix,NA,NA
22,crude_wti,0,GIRF — aluminium to uncertainty shock,FALSE,combined,vix,NA,NA
23,crude_wti,0,GIRF — aluminium to uncertainty shock,FALSE,combined,vix,NA,NA
24,crude_wti,0,GIRF — aluminium to uncertainty shock,FALSE,combined,vix,NA,NA
1,gold,0,GIRF — aluminium to uncertainty shock,FALSE,combined,vix,NA,NA
2,gold,0,GIRF — aluminium to uncertainty shock,FALSE,combined,vix,NA,NA
3,gold,0.03176478518626797,GIRF — aluminium to uncertainty shock,FALSE,combined,vix,NA,NA
4,gold,-0.00514162875629013,GIRF — aluminium to uncertainty shock,FALSE,combined,vix,NA,NA
5,gold,0.03851061595447657,GIRF — aluminium to uncertainty shock,FALSE,combined,vix,NA,NA
6,gold,0.014055142254291629,GIRF — aluminium to uncertainty shock,FALSE,combined,vix,NA,NA
7,gold,-0.0023359419817822547,GIRF — aluminium to uncertainty shock,FALSE,combined,vix,NA,NA
8,gold,-0.06451269503517719,GIRF — aluminium to uncertainty shock,FALSE,combined,vix,NA,NA
9,gold,-0.009602885841791269,GIRF — aluminium to uncertainty shock,FALSE,combined,vix,NA,NA
10,gold,0.018321131381445005,GIRF — aluminium to uncertainty shock,FALSE,combined,vix,NA,NA
11,gold,-0.013165119480086564,GIRF — aluminium to uncertainty shock,FALSE,combined,vix,NA,NA
12,gold,-0.05333609844690424,GIRF — aluminium to uncertainty shock,FALSE,combined,vix,NA,NA
13,gold,0,GIRF — aluminium to uncertainty shock,FALSE,combined,vix,NA,NA
14,gold,0,GIRF — aluminium to uncertainty shock,FALSE,combined,vix,NA,NA
15,gold,0,GIRF — aluminium to uncertainty shock,FALSE,combined,vix,NA,NA
16,gold,0,GIRF — aluminium to uncertainty shock,FALSE,combined,vix,NA,NA
17,gold,0,GIRF — aluminium to uncertainty shock,FALSE,combined,vix,NA,NA
18,gold,0,GIRF — aluminium to uncertainty shock,FALSE,combined,vix,NA,NA
19,gold,0,GIRF — aluminium to uncertainty shock,FALSE,combined,vix,NA,NA
20,gold,0,GIRF — aluminium to uncertainty shock,FALSE,combined,vix,NA,NA
21,gold,0,GIRF — aluminium to uncertainty shock,FALSE,combined,vix,NA,NA
22,gold,0,GIRF — aluminium to uncertainty shock,FALSE,combined,vix,NA,NA
23,gold,0,GIRF — aluminium to uncertainty shock,FALSE,combined,vix,NA,NA
24,gold,0,GIRF — aluminium to uncertainty shock,FALSE,combined,vix,NA,NA
1,lead,0,GIRF — aluminium to uncertainty shock,FALSE,combined,vix,NA,NA
2,lead,0,GIRF — aluminium to uncertainty shock,FALSE,combined,vix,NA,NA
3,lead,0.09722992948292208,GIRF — aluminium to uncertainty shock,FALSE,combined,vix,NA,NA
4,lead,-0.08822074282925076,GIRF — aluminium to uncertainty shock,FALSE,combined,vix,NA,NA
5,lead,0.06932407663385191,GIRF — aluminium to uncertainty shock,FALSE,combined,vix,NA,NA
6,lead,-0.04058812212550871,GIRF — aluminium to uncertainty shock,FALSE,combined,vix,NA,NA
7,lead,0.024983123873997728,GIRF — aluminium to uncertainty shock,FALSE,combined,vix,NA,NA
8,lead,-0.04577379740326385,GIRF — aluminium to uncertainty shock,FALSE,combined,vix,NA,NA
9,lead,-0.009364932464225657,GIRF — aluminium to uncertainty shock,FALSE,combined,vix,NA,NA
10,lead,0.032754115874073106,GIRF — aluminium to uncertainty shock,FALSE,combined,vix,NA,NA
11,lead,-0.003075113356276339,GIRF — aluminium to uncertainty shock,FALSE,combined,vix,NA,NA
12,lead,-0.039736626438544455,GIRF — aluminium to uncertainty shock,FALSE,combined,vix,NA,NA
13,lead,0,GIRF — aluminium to uncertainty shock,FALSE,combined,vix,NA,NA
14,lead,0,GIRF — aluminium to uncertainty shock,FALSE,combined,vix,NA,NA
15,lead,0,GIRF — aluminium to uncertainty shock,FALSE,combined,vix,NA,NA
16,lead,0,GIRF — aluminium to uncertainty shock,FALSE,combined,vix,NA,NA
17,lead,0,GIRF — aluminium to uncertainty shock,FALSE,combined,vix,NA,NA
18,lead,0,GIRF — aluminium to uncertainty shock,FALSE,combined,vix,NA,NA
19,lead,0,GIRF — aluminium to uncertainty shock,FALSE,combined,vix,NA,NA
20,lead,0,GIRF — aluminium to uncertainty shock,FALSE,combined,vix,NA,NA
21,lead,0,GIRF — aluminium to uncertainty shock,FALSE,combined,vix,NA,NA
22,lead,0,GIRF — aluminium to uncertainty shock,FALSE,combined,vix,NA,NA
23,lead,0,GIRF — aluminium to uncertainty shock,FALSE,combined,vix,NA,NA
24,lead,0,GIRF — aluminium to uncertainty shock,FALSE,combined,vix,NA,NA
1,maize,0,GIRF — aluminium to uncertainty shock,FALSE,combined,vix,NA,NA
2,maize,0,GIRF — aluminium to uncertainty shock,FALSE,combined,vix,NA,NA
3,maize,-0.04147144554217098,GIRF — aluminium to uncertainty shock,FALSE,combined,vix,NA,NA
4,maize,0.2076967704257389,GIRF — aluminium to uncertainty shock,FALSE,combined,vix,NA,NA
5,maize,0.13254307279088565,GIRF — aluminium to uncertainty shock,FALSE,combined,vix,NA,NA
6,maize,-0.06781136263387819,GIRF — aluminium to uncertainty shock,FALSE,combined,vix,NA,NA
7,maize,-0.07761506329249288,GIRF — aluminium to uncertainty shock,FALSE,combined,vix,NA,NA
8,maize,0.03342358977641232,GIRF — aluminium to uncertainty shock,FALSE,combined,vix,NA,NA
9,maize,0.001977492160859225,GIRF — aluminium to uncertainty shock,FALSE,combined,vix,NA,NA
10,maize,-0.09356955434010883,GIRF — aluminium to uncertainty shock,FALSE,combined,vix,NA,NA
11,maize,-0.035527302662251244,GIRF — aluminium to uncertainty shock,FALSE,combined,vix,NA,NA
12,maize,0.06156483959796924,GIRF — aluminium to uncertainty shock,FALSE,combined,vix,NA,NA
13,maize,0,GIRF — aluminium to uncertainty shock,FALSE,combined,vix,NA,NA
14,maize,0,GIRF — aluminium to uncertainty shock,FALSE,combined,vix,NA,NA
15,maize,0,GIRF — aluminium to uncertainty shock,FALSE,combined,vix,NA,NA
16,maize,0,GIRF — aluminium to uncertainty shock,FALSE,combined,vix,NA,NA
17,maize,0,GIRF — aluminium to uncertainty shock,FALSE,combined,vix,NA,NA
18,maize,0,GIRF — aluminium to uncertainty shock,FALSE,combined,vix,NA,NA
19,maize,0,GIRF — aluminium to uncertainty shock,FALSE,combined,vix,NA,NA
20,maize,0,GIRF — aluminium to uncertainty shock,FALSE,combined,vix,NA,NA
21,maize,0,GIRF — aluminium to uncertainty shock,FALSE,combined,vix,NA,NA
22,maize,0,GIRF — aluminium to uncertainty shock,FALSE,combined,vix,NA,NA
23,maize,0,GIRF — aluminium to uncertainty shock,FALSE,combined,vix,NA,NA
24,maize,0,GIRF — aluminium to uncertainty shock,FALSE,combined,vix,NA,NA
1,ngas_us,0,GIRF — aluminium to uncertainty shock,FALSE,combined,vix,NA,NA
2,ngas_us,0,GIRF — aluminium to uncertainty shock,FALSE,combined,vix,NA,NA
3,ngas_us,-0.09331997304975093,GIRF — aluminium to uncertainty shock,FALSE,combined,vix,NA,NA
4,ngas_us,0.10132227985332765,GIRF — aluminium to uncertainty shock,FALSE,combined,vix,NA,NA
5,ngas_us,0.04111692074458506,GIRF — aluminium to uncertainty shock,FALSE,combined,vix,NA,NA
6,ngas_us,0.0999837889790658,GIRF — aluminium to uncertainty shock,FALSE,combined,vix,NA,NA
7,ngas_us,0.00376450037197361,GIRF — aluminium to uncertainty shock,FALSE,combined,vix,NA,NA
8,ngas_us,-0.13081131568457793,GIRF — aluminium to uncertainty shock,FALSE,combined,vix,NA,NA
9,ngas_us,0.01950886847414009,GIRF — aluminium to uncertainty shock,FALSE,combined,vix,NA,NA
10,ngas_us,0.14034999382997296,GIRF — aluminium to uncertainty shock,FALSE,combined,vix,NA,NA
11,ngas_us,-0.014582575395468516,GIRF — aluminium to uncertainty shock,FALSE,combined,vix,NA,NA
12,ngas_us,-0.11610456831663879,GIRF — aluminium to uncertainty shock,FALSE,combined,vix,NA,NA
13,ngas_us,0,GIRF — aluminium to uncertainty shock,FALSE,combined,vix,NA,NA
14,ngas_us,0,GIRF — aluminium to uncertainty shock,FALSE,combined,vix,NA,NA
15,ngas_us,0,GIRF — aluminium to uncertainty shock,FALSE,combined,vix,NA,NA
16,ngas_us,0,GIRF — aluminium to uncertainty shock,FALSE,combined,vix,NA,NA
17,ngas_us,0,GIRF — aluminium to uncertainty shock,FALSE,combined,vix,NA,NA
18,ngas_us,0,GIRF — aluminium to uncertainty shock,FALSE,combined,vix,NA,NA
19,ngas_us,0,GIRF — aluminium to uncertainty shock,FALSE,combined,vix,NA,NA
20,ngas_us,0,GIRF — aluminium to uncertainty shock,FALSE,combined,vix,NA,NA
21,ngas_us,0,GIRF — aluminium to uncertainty shock,FALSE,combined,vix,NA,NA
22,ngas_us,0,GIRF — aluminium to uncertainty shock,FALSE,combined,vix,NA,NA
23,ngas_us,0,GIRF — aluminium to uncertainty shock,FALSE,combined,vix,NA,NA
24,ngas_us,0,GIRF — aluminium to uncertainty shock,FALSE,combined,vix,NA,NA
1,nickel,0,GIRF — aluminium to uncertainty shock,FALSE,combined,vix,NA,NA
2,nickel,0,GIRF — aluminium to uncertainty shock,FALSE,combined,vix,NA,NA
3,nickel,0.14056538170659802,GIRF — aluminium to uncertainty shock,FALSE,combined,vix,NA,NA
4,nickel,0.03982821415887724,GIRF — aluminium to uncertainty shock,FALSE,combined,vix,NA,NA
5,nickel,-0.035202176343466396,GIRF — aluminium to uncertainty shock,FALSE,combined,vix,NA,NA
6,nickel,0.0577365447142494,GIRF — aluminium to uncertainty shock,FALSE,combined,vix,NA,NA
7,nickel,0.09824846967778739,GIRF — aluminium to uncertainty shock,FALSE,combined,vix,NA,NA
8,nickel,-0.08757729857830028,GIRF — aluminium to uncertainty shock,FALSE,combined,vix,NA,NA
9,nickel,-0.13006477602706298,GIRF — aluminium to uncertainty shock,FALSE,combined,vix,NA,NA
10,nickel,0.09026660148739414,GIRF — aluminium to uncertainty shock,FALSE,combined,vix,NA,NA
11,nickel,0.10125415082807264,GIRF — aluminium to uncertainty shock,FALSE,combined,vix,NA,NA
12,nickel,-0.09230508866547399,GIRF — aluminium to uncertainty shock,FALSE,combined,vix,NA,NA
13,nickel,0,GIRF — aluminium to uncertainty shock,FALSE,combined,vix,NA,NA
14,nickel,0,GIRF — aluminium to uncertainty shock,FALSE,combined,vix,NA,NA
15,nickel,0,GIRF — aluminium to uncertainty shock,FALSE,combined,vix,NA,NA
16,nickel,0,GIRF — aluminium to uncertainty shock,FALSE,combined,vix,NA,NA
17,nickel,0,GIRF — aluminium to uncertainty shock,FALSE,combined,vix,NA,NA
18,nickel,0,GIRF — aluminium to uncertainty shock,FALSE,combined,vix,NA,NA
19,nickel,0,GIRF — aluminium to uncertainty shock,FALSE,combined,vix,NA,NA
20,nickel,0,GIRF — aluminium to uncertainty shock,FALSE,combined,vix,NA,NA
21,nickel,0,GIRF — aluminium to uncertainty shock,FALSE,combined,vix,NA,NA
22,nickel,0,GIRF — aluminium to uncertainty shock,FALSE,combined,vix,NA,NA
23,nickel,0,GIRF — aluminium to uncertainty shock,FALSE,combined,vix,NA,NA
24,nickel,0,GIRF — aluminium to uncertainty shock,FALSE,combined,vix,NA,NA
1,platinum,0,GIRF — aluminium to uncertainty shock,FALSE,combined,vix,NA,NA
2,platinum,0,GIRF — aluminium to uncertainty shock,FALSE,combined,vix,NA,NA
3,platinum,0.05081698949593676,GIRF — aluminium to uncertainty shock,FALSE,combined,vix,NA,NA
4,platinum,-0.08116673041284497,GIRF — aluminium to uncertainty shock,FALSE,combined,vix,NA,NA
5,platinum,-0.0027513496952438522,GIRF — aluminium to uncertainty shock,FALSE,combined,vix,NA,NA
6,platinum,0.0937078434524167,GIRF — aluminium to uncertainty shock,FALSE,combined,vix,NA,NA
7,platinum,0.07656458482153296,GIRF — aluminium to uncertainty shock,FALSE,combined,vix,NA,NA
8,platinum,-0.11584785474987126,GIRF — aluminium to uncertainty shock,FALSE,combined,vix,NA,NA
9,platinum,-0.09047292363004843,GIRF — aluminium to uncertainty shock,FALSE,combined,vix,NA,NA
10,platinum,0.0834262823121568,GIRF — aluminium to uncertainty shock,FALSE,combined,vix,NA,NA
11,platinum,0.035492107017389106,GIRF — aluminium to uncertainty shock,FALSE,combined,vix,NA,NA
12,platinum,-0.10570532103403854,GIRF — aluminium to uncertainty shock,FALSE,combined,vix,NA,NA
13,platinum,0,GIRF — aluminium to uncertainty shock,FALSE,combined,vix,NA,NA
14,platinum,0,GIRF — aluminium to uncertainty shock,FALSE,combined,vix,NA,NA
15,platinum,0,GIRF — aluminium to uncertainty shock,FALSE,combined,vix,NA,NA
16,platinum,0,GIRF — aluminium to uncertainty shock,FALSE,combined,vix,NA,NA
17,platinum,0,GIRF — aluminium to uncertainty shock,FALSE,combined,vix,NA,NA
18,platinum,0,GIRF — aluminium to uncertainty shock,FALSE,combined,vix,NA,NA
19,platinum,0,GIRF — aluminium to uncertainty shock,FALSE,combined,vix,NA,NA
20,platinum,0,GIRF — aluminium to uncertainty shock,FALSE,combined,vix,NA,NA
21,platinum,0,GIRF — aluminium to uncertainty shock,FALSE,combined,vix,NA,NA
22,platinum,0,GIRF — aluminium to uncertainty shock,FALSE,combined,vix,NA,NA
23,platinum,0,GIRF — aluminium to uncertainty shock,FALSE,combined,vix,NA,NA
24,platinum,0,GIRF — aluminium to uncertainty shock,FALSE,combined,vix,NA,NA
1,silver,0,GIRF — aluminium to uncertainty shock,FALSE,combined,vix,NA,NA
2,silver,0,GIRF — aluminium to uncertainty shock,FALSE,combined,vix,NA,NA
3,silver,0.06333435068685901,GIRF — aluminium to uncertainty shock,FALSE,combined,vix,NA,NA
4,silver,0.04213917739319409,GIRF — aluminium to uncertainty shock,FALSE,combined,vix,NA,NA
5,silver,-0.025757105503120114,GIRF — aluminium to uncertainty shock,FALSE,combined,vix,NA,NA
6,silver,-0.03296446451503998,GIRF — aluminium to uncertainty shock,FALSE,combined,vix,NA,NA
7,silver,0.016880057484226774,GIRF — aluminium to uncertainty shock,FALSE,combined,vix,NA,NA
8,silver,-0.03692843490508049,GIRF — aluminium to uncertainty shock,FALSE,combined,vix,NA,NA
9,silver,-0.08075418486562273,GIRF — aluminium to uncertainty shock,FALSE,combined,vix,NA,NA
10,silver,-0.02398677941763286,GIRF — aluminium to uncertainty shock,FALSE,combined,vix,NA,NA
11,silver,0.02007981586751722,GIRF — aluminium to uncertainty shock,FALSE,combined,vix,NA,NA
12,silver,-0.0011949310848844638,GIRF — aluminium to uncertainty shock,FALSE,combined,vix,NA,NA
13,silver,0,GIRF — aluminium to uncertainty shock,FALSE,combined,vix,NA,NA
14,silver,0,GIRF — aluminium to uncertainty shock,FALSE,combined,vix,NA,NA
15,silver,0,GIRF — aluminium to uncertainty shock,FALSE,combined,vix,NA,NA
16,silver,0,GIRF — aluminium to uncertainty shock,FALSE,combined,vix,NA,NA
17,silver,0,GIRF — aluminium to uncertainty shock,FALSE,combined,vix,NA,NA
18,silver,0,GIRF — aluminium to uncertainty shock,FALSE,combined,vix,NA,NA
19,silver,0,GIRF — aluminium to uncertainty shock,FALSE,combined,vix,NA,NA
20,silver,0,GIRF — aluminium to uncertainty shock,FALSE,combined,vix,NA,NA
21,silver,0,GIRF — aluminium to uncertainty shock,FALSE,combined,vix,NA,NA
22,silver,0,GIRF — aluminium to uncertainty shock,FALSE,combined,vix,NA,NA
23,silver,0,GIRF — aluminium to uncertainty shock,FALSE,combined,vix,NA,NA
24,silver,0,GIRF — aluminium to uncertainty shock,FALSE,combined,vix,NA,NA
1,soybeans,0,GIRF — aluminium to uncertainty shock,FALSE,combined,vix,NA,NA
2,soybeans,0,GIRF — aluminium to uncertainty shock,FALSE,combined,vix,NA,NA
3,soybeans,-0.00481126454149082,GIRF — aluminium to uncertainty shock,FALSE,combined,vix,NA,NA
4,soybeans,0.1531005687104986,GIRF — aluminium to uncertainty shock,FALSE,combined,vix,NA,NA
5,soybeans,0.04861372059907406,GIRF — aluminium to uncertainty shock,FALSE,combined,vix,NA,NA
6,soybeans,-0.04644684914995659,GIRF — aluminium to uncertainty shock,FALSE,combined,vix,NA,NA
7,soybeans,-0.016005193262281715,GIRF — aluminium to uncertainty shock,FALSE,combined,vix,NA,NA
8,soybeans,0.002082586798182635,GIRF — aluminium to uncertainty shock,FALSE,combined,vix,NA,NA
9,soybeans,-0.024516426032984474,GIRF — aluminium to uncertainty shock,FALSE,combined,vix,NA,NA
10,soybeans,-0.044209491283838956,GIRF — aluminium to uncertainty shock,FALSE,combined,vix,NA,NA
11,soybeans,-0.019541083651181016,GIRF — aluminium to uncertainty shock,FALSE,combined,vix,NA,NA
12,soybeans,0.013125396282728024,GIRF — aluminium to uncertainty shock,FALSE,combined,vix,NA,NA
13,soybeans,0,GIRF — aluminium to uncertainty shock,FALSE,combined,vix,NA,NA
14,soybeans,0,GIRF — aluminium to uncertainty shock,FALSE,combined,vix,NA,NA
15,soybeans,0,GIRF — aluminium to uncertainty shock,FALSE,combined,vix,NA,NA
16,soybeans,0,GIRF — aluminium to uncertainty shock,FALSE,combined,vix,NA,NA
17,soybeans,0,GIRF — aluminium to uncertainty shock,FALSE,combined,vix,NA,NA
18,soybeans,0,GIRF — aluminium to uncertainty shock,FALSE,combined,vix,NA,NA
19,soybeans,0,GIRF — aluminium to uncertainty shock,FALSE,combined,vix,NA,NA
20,soybeans,0,GIRF — aluminium to uncertainty shock,FALSE,combined,vix,NA,NA
21,soybeans,0,GIRF — aluminium to uncertainty shock,FALSE,combined,vix,NA,NA
22,soybeans,0,GIRF — aluminium to uncertainty shock,FALSE,combined,vix,NA,NA
23,soybeans,0,GIRF — aluminium to uncertainty shock,FALSE,combined,vix,NA,NA
24,soybeans,0,GIRF — aluminium to uncertainty shock,FALSE,combined,vix,NA,NA
1,sugar_wld,0,GIRF — aluminium to uncertainty shock,FALSE,combined,vix,NA,NA
2,sugar_wld,0,GIRF — aluminium to uncertainty shock,FALSE,combined,vix,NA,NA
3,sugar_wld,0.07492894564427598,GIRF — aluminium to uncertainty shock,FALSE,combined,vix,NA,NA
4,sugar_wld,0.15116816870707156,GIRF — aluminium to uncertainty shock,FALSE,combined,vix,NA,NA
5,sugar_wld,0.060499850478622774,GIRF — aluminium to uncertainty shock,FALSE,combined,vix,NA,NA
6,sugar_wld,0.055655403921414943,GIRF — aluminium to uncertainty shock,FALSE,combined,vix,NA,NA
7,sugar_wld,0.013683977256957284,GIRF — aluminium to uncertainty shock,FALSE,combined,vix,NA,NA
8,sugar_wld,-0.0746057469993107,GIRF — aluminium to uncertainty shock,FALSE,combined,vix,NA,NA
9,sugar_wld,-0.05747735086414085,GIRF — aluminium to uncertainty shock,FALSE,combined,vix,NA,NA
10,sugar_wld,0.02837576368741908,GIRF — aluminium to uncertainty shock,FALSE,combined,vix,NA,NA
11,sugar_wld,0.07861083260958765,GIRF — aluminium to uncertainty shock,FALSE,combined,vix,NA,NA
12,sugar_wld,-0.049458380156466246,GIRF — aluminium to uncertainty shock,FALSE,combined,vix,NA,NA
13,sugar_wld,0,GIRF — aluminium to uncertainty shock,FALSE,combined,vix,NA,NA
14,sugar_wld,0,GIRF — aluminium to uncertainty shock,FALSE,combined,vix,NA,NA
15,sugar_wld,0,GIRF — aluminium to uncertainty shock,FALSE,combined,vix,NA,NA
16,sugar_wld,0,GIRF — aluminium to uncertainty shock,FALSE,combined,vix,NA,NA
17,sugar_wld,0,GIRF — aluminium to uncertainty shock,FALSE,combined,vix,NA,NA
18,sugar_wld,0,GIRF — aluminium to uncertainty shock,FALSE,combined,vix,NA,NA
19,sugar_wld,0,GIRF — aluminium to uncertainty shock,FALSE,combined,vix,NA,NA
20,sugar_wld,0,GIRF — aluminium to uncertainty shock,FALSE,combined,vix,NA,NA
21,sugar_wld,0,GIRF — aluminium to uncertainty shock,FALSE,combined,vix,NA,NA
22,sugar_wld,0,GIRF — aluminium to uncertainty shock,FALSE,combined,vix,NA,NA
23,sugar_wld,0,GIRF — aluminium to uncertainty shock,FALSE,combined,vix,NA,NA
24,sugar_wld,0,GIRF — aluminium to uncertainty shock,FALSE,combined,vix,NA,NA
1,tin,0,GIRF — aluminium to uncertainty shock,FALSE,combined,vix,NA,NA
2,tin,0,GIRF — aluminium to uncertainty shock,FALSE,combined,vix,NA,NA
3,tin,0.1930694060185731,GIRF — aluminium to uncertainty shock,FALSE,combined,vix,NA,NA
4,tin,0.044363231562333696,GIRF — aluminium to uncertainty shock,FALSE,combined,vix,NA,NA
5,tin,0.06532194631319545,GIRF — aluminium to uncertainty shock,FALSE,combined,vix,NA,NA
6,tin,-0.04586862199145033,GIRF — aluminium to uncertainty shock,FALSE,combined,vix,NA,NA
7,tin,0.007911060487290431,GIRF — aluminium to uncertainty shock,FALSE,combined,vix,NA,NA
8,tin,-0.058822628355928136,GIRF — aluminium to uncertainty shock,FALSE,combined,vix,NA,NA
9,tin,-0.05606566347216104,GIRF — aluminium to uncertainty shock,FALSE,combined,vix,NA,NA
10,tin,0.0039949671112129055,GIRF — aluminium to uncertainty shock,FALSE,combined,vix,NA,NA
11,tin,6.180697893851713e-5,GIRF — aluminium to uncertainty shock,FALSE,combined,vix,NA,NA
12,tin,-0.06036112421788201,GIRF — aluminium to uncertainty shock,FALSE,combined,vix,NA,NA
13,tin,0,GIRF — aluminium to uncertainty shock,FALSE,combined,vix,NA,NA
14,tin,0,GIRF — aluminium to uncertainty shock,FALSE,combined,vix,NA,NA
15,tin,0,GIRF — aluminium to uncertainty shock,FALSE,combined,vix,NA,NA
16,tin,0,GIRF — aluminium to uncertainty shock,FALSE,combined,vix,NA,NA
17,tin,0,GIRF — aluminium to uncertainty shock,FALSE,combined,vix,NA,NA
18,tin,0,GIRF — aluminium to uncertainty shock,FALSE,combined,vix,NA,NA
19,tin,0,GIRF — aluminium to uncertainty shock,FALSE,combined,vix,NA,NA
20,tin,0,GIRF — aluminium to uncertainty shock,FALSE,combined,vix,NA,NA
21,tin,0,GIRF — aluminium to uncertainty shock,FALSE,combined,vix,NA,NA
22,tin,0,GIRF — aluminium to uncertainty shock,FALSE,combined,vix,NA,NA
23,tin,0,GIRF — aluminium to uncertainty shock,FALSE,combined,vix,NA,NA
24,tin,0,GIRF — aluminium to uncertainty shock,FALSE,combined,vix,NA,NA
1,wheat_us_hrw,0,GIRF — aluminium to uncertainty shock,FALSE,combined,vix,NA,NA
2,wheat_us_hrw,0,GIRF — aluminium to uncertainty shock,FALSE,combined,vix,NA,NA
3,wheat_us_hrw,0.21752190666475324,GIRF — aluminium to uncertainty shock,FALSE,combined,vix,NA,NA
4,wheat_us_hrw,0.10430963747000398,GIRF — aluminium to uncertainty shock,FALSE,combined,vix,NA,NA
5,wheat_us_hrw,-0.047498023311231624,GIRF — aluminium to uncertainty shock,FALSE,combined,vix,NA,NA
6,wheat_us_hrw,0.03370613124715571,GIRF — aluminium to uncertainty shock,FALSE,combined,vix,NA,NA
7,wheat_us_hrw,0.05416025131186131,GIRF — aluminium to uncertainty shock,FALSE,combined,vix,NA,NA
8,wheat_us_hrw,-0.10431102320267248,GIRF — aluminium to uncertainty shock,FALSE,combined,vix,NA,NA
9,wheat_us_hrw,-0.09715606488008255,GIRF — aluminium to uncertainty shock,FALSE,combined,vix,NA,NA
10,wheat_us_hrw,0.02501464708455723,GIRF — aluminium to uncertainty shock,FALSE,combined,vix,NA,NA
11,wheat_us_hrw,0.05983870254963684,GIRF — aluminium to uncertainty shock,FALSE,combined,vix,NA,NA
12,wheat_us_hrw,-0.07286968664631893,GIRF — aluminium to uncertainty shock,FALSE,combined,vix,NA,NA
13,wheat_us_hrw,0,GIRF — aluminium to uncertainty shock,FALSE,combined,vix,NA,NA
14,wheat_us_hrw,0,GIRF — aluminium to uncertainty shock,FALSE,combined,vix,NA,NA
15,wheat_us_hrw,0,GIRF — aluminium to uncertainty shock,FALSE,combined,vix,NA,NA
16,wheat_us_hrw,0,GIRF — aluminium to uncertainty shock,FALSE,combined,vix,NA,NA
17,wheat_us_hrw,0,GIRF — aluminium to uncertainty shock,FALSE,combined,vix,NA,NA
18,wheat_us_hrw,0,GIRF — aluminium to uncertainty shock,FALSE,combined,vix,NA,NA
19,wheat_us_hrw,0,GIRF — aluminium to uncertainty shock,FALSE,combined,vix,NA,NA
20,wheat_us_hrw,0,GIRF — aluminium to uncertainty shock,FALSE,combined,vix,NA,NA
21,wheat_us_hrw,0,GIRF — aluminium to uncertainty shock,FALSE,combined,vix,NA,NA
22,wheat_us_hrw,0,GIRF — aluminium to uncertainty shock,FALSE,combined,vix,NA,NA
23,wheat_us_hrw,0,GIRF — aluminium to uncertainty shock,FALSE,combined,vix,NA,NA
24,wheat_us_hrw,0,GIRF — aluminium to uncertainty shock,FALSE,combined,vix,NA,NA
1,zinc,0,GIRF — aluminium to uncertainty shock,FALSE,combined,vix,NA,NA
2,zinc,0,GIRF — aluminium to uncertainty shock,FALSE,combined,vix,NA,NA
3,zinc,0.1592668852572576,GIRF — aluminium to uncertainty shock,FALSE,combined,vix,NA,NA
4,zinc,-0.008988841819362966,GIRF — aluminium to uncertainty shock,FALSE,combined,vix,NA,NA
5,zinc,0.02537979027696308,GIRF — aluminium to uncertainty shock,FALSE,combined,vix,NA,NA
6,zinc,-0.052735866042655406,GIRF — aluminium to uncertainty shock,FALSE,combined,vix,NA,NA
7,zinc,0.06758229896394245,GIRF — aluminium to uncertainty shock,FALSE,combined,vix,NA,NA
8,zinc,-0.09104047332172455,GIRF — aluminium to uncertainty shock,FALSE,combined,vix,NA,NA
9,zinc,-0.05556003190622902,GIRF — aluminium to uncertainty shock,FALSE,combined,vix,NA,NA
10,zinc,0.02720891079897817,GIRF — aluminium to uncertainty shock,FALSE,combined,vix,NA,NA
11,zinc,0.022506214073770285,GIRF — aluminium to uncertainty shock,FALSE,combined,vix,NA,NA
12,zinc,-0.04242123685567261,GIRF — aluminium to uncertainty shock,FALSE,combined,vix,NA,NA
13,zinc,0,GIRF — aluminium to uncertainty shock,FALSE,combined,vix,NA,NA
14,zinc,0,GIRF — aluminium to uncertainty shock,FALSE,combined,vix,NA,NA
15,zinc,0,GIRF — aluminium to uncertainty shock,FALSE,combined,vix,NA,NA
16,zinc,0,GIRF — aluminium to uncertainty shock,FALSE,combined,vix,NA,NA
17,zinc,0,GIRF — aluminium to uncertainty shock,FALSE,combined,vix,NA,NA
18,zinc,0,GIRF — aluminium to uncertainty shock,FALSE,combined,vix,NA,NA
19,zinc,0,GIRF — aluminium to uncertainty shock,FALSE,combined,vix,NA,NA
20,zinc,0,GIRF — aluminium to uncertainty shock,FALSE,combined,vix,NA,NA
21,zinc,0,GIRF — aluminium to uncertainty shock,FALSE,combined,vix,NA,NA
22,zinc,0,GIRF — aluminium to uncertainty shock,FALSE,combined,vix,NA,NA
23,zinc,0,GIRF — aluminium to uncertainty shock,FALSE,combined,vix,NA,NA
24,zinc,0,GIRF — aluminium to uncertainty shock,FALSE,combined,vix,NA,NA
1,aluminium,0,Oil supply spike,TRUE,combined,vix,NA,NA
2,aluminium,0,Oil supply spike,TRUE,combined,vix,NA,NA
3,aluminium,0,Oil supply spike,TRUE,combined,vix,NA,NA
4,aluminium,0,Oil supply spike,TRUE,combined,vix,NA,NA
5,aluminium,0,Oil supply spike,TRUE,combined,vix,NA,NA
6,aluminium,0,Oil supply spike,TRUE,combined,vix,NA,NA
7,aluminium,0,Oil supply spike,TRUE,combined,vix,NA,NA
8,aluminium,0,Oil supply spike,TRUE,combined,vix,NA,NA
9,aluminium,0,Oil supply spike,TRUE,combined,vix,NA,NA
10,aluminium,0,Oil supply spike,TRUE,combined,vix,NA,NA
11,aluminium,0,Oil supply spike,TRUE,combined,vix,NA,NA
12,aluminium,0,Oil supply spike,TRUE,combined,vix,NA,NA
13,aluminium,0,Oil supply spike,TRUE,combined,vix,NA,NA
14,aluminium,0,Oil supply spike,TRUE,combined,vix,NA,NA
15,aluminium,0,Oil supply spike,TRUE,combined,vix,NA,NA
16,aluminium,0,Oil supply spike,TRUE,combined,vix,NA,NA
17,aluminium,0,Oil supply spike,TRUE,combined,vix,NA,NA
18,aluminium,0,Oil supply spike,TRUE,combined,vix,NA,NA
19,aluminium,0,Oil supply spike,TRUE,combined,vix,NA,NA
20,aluminium,0,Oil supply spike,TRUE,combined,vix,NA,NA
21,aluminium,0,Oil supply spike,TRUE,combined,vix,NA,NA
22,aluminium,0,Oil supply spike,TRUE,combined,vix,NA,NA
23,aluminium,0,Oil supply spike,TRUE,combined,vix,NA,NA
24,aluminium,0,Oil supply spike,TRUE,combined,vix,NA,NA
1,cocoa,0,Oil supply spike,TRUE,combined,vix,NA,NA
2,cocoa,0,Oil supply spike,TRUE,combined,vix,NA,NA
3,cocoa,0,Oil supply spike,TRUE,combined,vix,NA,NA
4,cocoa,0,Oil supply spike,TRUE,combined,vix,NA,NA
5,cocoa,0,Oil supply spike,TRUE,combined,vix,NA,NA
6,cocoa,0,Oil supply spike,TRUE,combined,vix,NA,NA
7,cocoa,0,Oil supply spike,TRUE,combined,vix,NA,NA
8,cocoa,0,Oil supply spike,TRUE,combined,vix,NA,NA
9,cocoa,0,Oil supply spike,TRUE,combined,vix,NA,NA
10,cocoa,0,Oil supply spike,TRUE,combined,vix,NA,NA
11,cocoa,0,Oil supply spike,TRUE,combined,vix,NA,NA
12,cocoa,0,Oil supply spike,TRUE,combined,vix,NA,NA
13,cocoa,0,Oil supply spike,TRUE,combined,vix,NA,NA
14,cocoa,0,Oil supply spike,TRUE,combined,vix,NA,NA
15,cocoa,0,Oil supply spike,TRUE,combined,vix,NA,NA
16,cocoa,0,Oil supply spike,TRUE,combined,vix,NA,NA
17,cocoa,0,Oil supply spike,TRUE,combined,vix,NA,NA
18,cocoa,0,Oil supply spike,TRUE,combined,vix,NA,NA
19,cocoa,0,Oil supply spike,TRUE,combined,vix,NA,NA
20,cocoa,0,Oil supply spike,TRUE,combined,vix,NA,NA
21,cocoa,0,Oil supply spike,TRUE,combined,vix,NA,NA
22,cocoa,0,Oil supply spike,TRUE,combined,vix,NA,NA
23,cocoa,0,Oil supply spike,TRUE,combined,vix,NA,NA
24,cocoa,0,Oil supply spike,TRUE,combined,vix,NA,NA
1,coffee_arabic,0,Oil supply spike,TRUE,combined,vix,NA,NA
2,coffee_arabic,0,Oil supply spike,TRUE,combined,vix,NA,NA
3,coffee_arabic,0,Oil supply spike,TRUE,combined,vix,NA,NA
4,coffee_arabic,0,Oil supply spike,TRUE,combined,vix,NA,NA
5,coffee_arabic,0,Oil supply spike,TRUE,combined,vix,NA,NA
6,coffee_arabic,0,Oil supply spike,TRUE,combined,vix,NA,NA
7,coffee_arabic,0,Oil supply spike,TRUE,combined,vix,NA,NA
8,coffee_arabic,0,Oil supply spike,TRUE,combined,vix,NA,NA
9,coffee_arabic,0,Oil supply spike,TRUE,combined,vix,NA,NA
10,coffee_arabic,0,Oil supply spike,TRUE,combined,vix,NA,NA
11,coffee_arabic,0,Oil supply spike,TRUE,combined,vix,NA,NA
12,coffee_arabic,0,Oil supply spike,TRUE,combined,vix,NA,NA
13,coffee_arabic,0,Oil supply spike,TRUE,combined,vix,NA,NA
14,coffee_arabic,0,Oil supply spike,TRUE,combined,vix,NA,NA
15,coffee_arabic,0,Oil supply spike,TRUE,combined,vix,NA,NA
16,coffee_arabic,0,Oil supply spike,TRUE,combined,vix,NA,NA
17,coffee_arabic,0,Oil supply spike,TRUE,combined,vix,NA,NA
18,coffee_arabic,0,Oil supply spike,TRUE,combined,vix,NA,NA
19,coffee_arabic,0,Oil supply spike,TRUE,combined,vix,NA,NA
20,coffee_arabic,0,Oil supply spike,TRUE,combined,vix,NA,NA
21,coffee_arabic,0,Oil supply spike,TRUE,combined,vix,NA,NA
22,coffee_arabic,0,Oil supply spike,TRUE,combined,vix,NA,NA
23,coffee_arabic,0,Oil supply spike,TRUE,combined,vix,NA,NA
24,coffee_arabic,0,Oil supply spike,TRUE,combined,vix,NA,NA
1,copper,0,Oil supply spike,TRUE,combined,vix,NA,NA
2,copper,0,Oil supply spike,TRUE,combined,vix,NA,NA
3,copper,0,Oil supply spike,TRUE,combined,vix,NA,NA
4,copper,0,Oil supply spike,TRUE,combined,vix,NA,NA
5,copper,0,Oil supply spike,TRUE,combined,vix,NA,NA
6,copper,0,Oil supply spike,TRUE,combined,vix,NA,NA
7,copper,0,Oil supply spike,TRUE,combined,vix,NA,NA
8,copper,0,Oil supply spike,TRUE,combined,vix,NA,NA
9,copper,0,Oil supply spike,TRUE,combined,vix,NA,NA
10,copper,0,Oil supply spike,TRUE,combined,vix,NA,NA
11,copper,0,Oil supply spike,TRUE,combined,vix,NA,NA
12,copper,0,Oil supply spike,TRUE,combined,vix,NA,NA
13,copper,0,Oil supply spike,TRUE,combined,vix,NA,NA
14,copper,0,Oil supply spike,TRUE,combined,vix,NA,NA
15,copper,0,Oil supply spike,TRUE,combined,vix,NA,NA
16,copper,0,Oil supply spike,TRUE,combined,vix,NA,NA
17,copper,0,Oil supply spike,TRUE,combined,vix,NA,NA
18,copper,0,Oil supply spike,TRUE,combined,vix,NA,NA
19,copper,0,Oil supply spike,TRUE,combined,vix,NA,NA
20,copper,0,Oil supply spike,TRUE,combined,vix,NA,NA
21,copper,0,Oil supply spike,TRUE,combined,vix,NA,NA
22,copper,0,Oil supply spike,TRUE,combined,vix,NA,NA
23,copper,0,Oil supply spike,TRUE,combined,vix,NA,NA
24,copper,0,Oil supply spike,TRUE,combined,vix,NA,NA
1,cotton_a_indx,0,Oil supply spike,TRUE,combined,vix,NA,NA
2,cotton_a_indx,0,Oil supply spike,TRUE,combined,vix,NA,NA
3,cotton_a_indx,0,Oil supply spike,TRUE,combined,vix,NA,NA
4,cotton_a_indx,0,Oil supply spike,TRUE,combined,vix,NA,NA
5,cotton_a_indx,0,Oil supply spike,TRUE,combined,vix,NA,NA
6,cotton_a_indx,0,Oil supply spike,TRUE,combined,vix,NA,NA
7,cotton_a_indx,0,Oil supply spike,TRUE,combined,vix,NA,NA
8,cotton_a_indx,0,Oil supply spike,TRUE,combined,vix,NA,NA
9,cotton_a_indx,0,Oil supply spike,TRUE,combined,vix,NA,NA
10,cotton_a_indx,0,Oil supply spike,TRUE,combined,vix,NA,NA
11,cotton_a_indx,0,Oil supply spike,TRUE,combined,vix,NA,NA
12,cotton_a_indx,0,Oil supply spike,TRUE,combined,vix,NA,NA
13,cotton_a_indx,0,Oil supply spike,TRUE,combined,vix,NA,NA
14,cotton_a_indx,0,Oil supply spike,TRUE,combined,vix,NA,NA
15,cotton_a_indx,0,Oil supply spike,TRUE,combined,vix,NA,NA
16,cotton_a_indx,0,Oil supply spike,TRUE,combined,vix,NA,NA
17,cotton_a_indx,0,Oil supply spike,TRUE,combined,vix,NA,NA
18,cotton_a_indx,0,Oil supply spike,TRUE,combined,vix,NA,NA
19,cotton_a_indx,0,Oil supply spike,TRUE,combined,vix,NA,NA
20,cotton_a_indx,0,Oil supply spike,TRUE,combined,vix,NA,NA
21,cotton_a_indx,0,Oil supply spike,TRUE,combined,vix,NA,NA
22,cotton_a_indx,0,Oil supply spike,TRUE,combined,vix,NA,NA
23,cotton_a_indx,0,Oil supply spike,TRUE,combined,vix,NA,NA
24,cotton_a_indx,0,Oil supply spike,TRUE,combined,vix,NA,NA
1,crude_wti,0,Oil supply spike,TRUE,combined,vix,NA,NA
2,crude_wti,0,Oil supply spike,TRUE,combined,vix,NA,NA
3,crude_wti,0,Oil supply spike,TRUE,combined,vix,NA,NA
4,crude_wti,0,Oil supply spike,TRUE,combined,vix,NA,NA
5,crude_wti,0,Oil supply spike,TRUE,combined,vix,NA,NA
6,crude_wti,0,Oil supply spike,TRUE,combined,vix,NA,NA
7,crude_wti,0,Oil supply spike,TRUE,combined,vix,NA,NA
8,crude_wti,0,Oil supply spike,TRUE,combined,vix,NA,NA
9,crude_wti,0,Oil supply spike,TRUE,combined,vix,NA,NA
10,crude_wti,0,Oil supply spike,TRUE,combined,vix,NA,NA
11,crude_wti,0,Oil supply spike,TRUE,combined,vix,NA,NA
12,crude_wti,0,Oil supply spike,TRUE,combined,vix,NA,NA
13,crude_wti,0,Oil supply spike,TRUE,combined,vix,NA,NA
14,crude_wti,0,Oil supply spike,TRUE,combined,vix,NA,NA
15,crude_wti,0,Oil supply spike,TRUE,combined,vix,NA,NA
16,crude_wti,0,Oil supply spike,TRUE,combined,vix,NA,NA
17,crude_wti,0,Oil supply spike,TRUE,combined,vix,NA,NA
18,crude_wti,0,Oil supply spike,TRUE,combined,vix,NA,NA
19,crude_wti,0,Oil supply spike,TRUE,combined,vix,NA,NA
20,crude_wti,0,Oil supply spike,TRUE,combined,vix,NA,NA
21,crude_wti,0,Oil supply spike,TRUE,combined,vix,NA,NA
22,crude_wti,0,Oil supply spike,TRUE,combined,vix,NA,NA
23,crude_wti,0,Oil supply spike,TRUE,combined,vix,NA,NA
24,crude_wti,0,Oil supply spike,TRUE,combined,vix,NA,NA
1,gold,0,Oil supply spike,TRUE,combined,vix,NA,NA
2,gold,0,Oil supply spike,TRUE,combined,vix,NA,NA
3,gold,0,Oil supply spike,TRUE,combined,vix,NA,NA
4,gold,0,Oil supply spike,TRUE,combined,vix,NA,NA
5,gold,0,Oil supply spike,TRUE,combined,vix,NA,NA
6,gold,0,Oil supply spike,TRUE,combined,vix,NA,NA
7,gold,0,Oil supply spike,TRUE,combined,vix,NA,NA
8,gold,0,Oil supply spike,TRUE,combined,vix,NA,NA
9,gold,0,Oil supply spike,TRUE,combined,vix,NA,NA
10,gold,0,Oil supply spike,TRUE,combined,vix,NA,NA
11,gold,0,Oil supply spike,TRUE,combined,vix,NA,NA
12,gold,0,Oil supply spike,TRUE,combined,vix,NA,NA
13,gold,0,Oil supply spike,TRUE,combined,vix,NA,NA
14,gold,0,Oil supply spike,TRUE,combined,vix,NA,NA
15,gold,0,Oil supply spike,TRUE,combined,vix,NA,NA
16,gold,0,Oil supply spike,TRUE,combined,vix,NA,NA
17,gold,0,Oil supply spike,TRUE,combined,vix,NA,NA
18,gold,0,Oil supply spike,TRUE,combined,vix,NA,NA
19,gold,0,Oil supply spike,TRUE,combined,vix,NA,NA
20,gold,0,Oil supply spike,TRUE,combined,vix,NA,NA
21,gold,0,Oil supply spike,TRUE,combined,vix,NA,NA
22,gold,0,Oil supply spike,TRUE,combined,vix,NA,NA
23,gold,0,Oil supply spike,TRUE,combined,vix,NA,NA
24,gold,0,Oil supply spike,TRUE,combined,vix,NA,NA
1,lead,0,Oil supply spike,TRUE,combined,vix,NA,NA
2,lead,0,Oil supply spike,TRUE,combined,vix,NA,NA
3,lead,0,Oil supply spike,TRUE,combined,vix,NA,NA
4,lead,0,Oil supply spike,TRUE,combined,vix,NA,NA
5,lead,0,Oil supply spike,TRUE,combined,vix,NA,NA
6,lead,0,Oil supply spike,TRUE,combined,vix,NA,NA
7,lead,0,Oil supply spike,TRUE,combined,vix,NA,NA
8,lead,0,Oil supply spike,TRUE,combined,vix,NA,NA
9,lead,0,Oil supply spike,TRUE,combined,vix,NA,NA
10,lead,0,Oil supply spike,TRUE,combined,vix,NA,NA
11,lead,0,Oil supply spike,TRUE,combined,vix,NA,NA
12,lead,0,Oil supply spike,TRUE,combined,vix,NA,NA
13,lead,0,Oil supply spike,TRUE,combined,vix,NA,NA
14,lead,0,Oil supply spike,TRUE,combined,vix,NA,NA
15,lead,0,Oil supply spike,TRUE,combined,vix,NA,NA
16,lead,0,Oil supply spike,TRUE,combined,vix,NA,NA
17,lead,0,Oil supply spike,TRUE,combined,vix,NA,NA
18,lead,0,Oil supply spike,TRUE,combined,vix,NA,NA
19,lead,0,Oil supply spike,TRUE,combined,vix,NA,NA
20,lead,0,Oil supply spike,TRUE,combined,vix,NA,NA
21,lead,0,Oil supply spike,TRUE,combined,vix,NA,NA
22,lead,0,Oil supply spike,TRUE,combined,vix,NA,NA
23,lead,0,Oil supply spike,TRUE,combined,vix,NA,NA
24,lead,0,Oil supply spike,TRUE,combined,vix,NA,NA
1,maize,0,Oil supply spike,TRUE,combined,vix,NA,NA
2,maize,0,Oil supply spike,TRUE,combined,vix,NA,NA
3,maize,0,Oil supply spike,TRUE,combined,vix,NA,NA
4,maize,0,Oil supply spike,TRUE,combined,vix,NA,NA
5,maize,0,Oil supply spike,TRUE,combined,vix,NA,NA
6,maize,0,Oil supply spike,TRUE,combined,vix,NA,NA
7,maize,0,Oil supply spike,TRUE,combined,vix,NA,NA
8,maize,0,Oil supply spike,TRUE,combined,vix,NA,NA
9,maize,0,Oil supply spike,TRUE,combined,vix,NA,NA
10,maize,0,Oil supply spike,TRUE,combined,vix,NA,NA
11,maize,0,Oil supply spike,TRUE,combined,vix,NA,NA
12,maize,0,Oil supply spike,TRUE,combined,vix,NA,NA
13,maize,0,Oil supply spike,TRUE,combined,vix,NA,NA
14,maize,0,Oil supply spike,TRUE,combined,vix,NA,NA
15,maize,0,Oil supply spike,TRUE,combined,vix,NA,NA
16,maize,0,Oil supply spike,TRUE,combined,vix,NA,NA
17,maize,0,Oil supply spike,TRUE,combined,vix,NA,NA
18,maize,0,Oil supply spike,TRUE,combined,vix,NA,NA
19,maize,0,Oil supply spike,TRUE,combined,vix,NA,NA
20,maize,0,Oil supply spike,TRUE,combined,vix,NA,NA
21,maize,0,Oil supply spike,TRUE,combined,vix,NA,NA
22,maize,0,Oil supply spike,TRUE,combined,vix,NA,NA
23,maize,0,Oil supply spike,TRUE,combined,vix,NA,NA
24,maize,0,Oil supply spike,TRUE,combined,vix,NA,NA
1,ngas_us,0,Oil supply spike,TRUE,combined,vix,NA,NA
2,ngas_us,0,Oil supply spike,TRUE,combined,vix,NA,NA
3,ngas_us,0,Oil supply spike,TRUE,combined,vix,NA,NA
4,ngas_us,0,Oil supply spike,TRUE,combined,vix,NA,NA
5,ngas_us,0,Oil supply spike,TRUE,combined,vix,NA,NA
6,ngas_us,0,Oil supply spike,TRUE,combined,vix,NA,NA
7,ngas_us,0,Oil supply spike,TRUE,combined,vix,NA,NA
8,ngas_us,0,Oil supply spike,TRUE,combined,vix,NA,NA
9,ngas_us,0,Oil supply spike,TRUE,combined,vix,NA,NA
10,ngas_us,0,Oil supply spike,TRUE,combined,vix,NA,NA
11,ngas_us,0,Oil supply spike,TRUE,combined,vix,NA,NA
12,ngas_us,0,Oil supply spike,TRUE,combined,vix,NA,NA
13,ngas_us,0,Oil supply spike,TRUE,combined,vix,NA,NA
14,ngas_us,0,Oil supply spike,TRUE,combined,vix,NA,NA
15,ngas_us,0,Oil supply spike,TRUE,combined,vix,NA,NA
16,ngas_us,0,Oil supply spike,TRUE,combined,vix,NA,NA
17,ngas_us,0,Oil supply spike,TRUE,combined,vix,NA,NA
18,ngas_us,0,Oil supply spike,TRUE,combined,vix,NA,NA
19,ngas_us,0,Oil supply spike,TRUE,combined,vix,NA,NA
20,ngas_us,0,Oil supply spike,TRUE,combined,vix,NA,NA
21,ngas_us,0,Oil supply spike,TRUE,combined,vix,NA,NA
22,ngas_us,0,Oil supply spike,TRUE,combined,vix,NA,NA
23,ngas_us,0,Oil supply spike,TRUE,combined,vix,NA,NA
24,ngas_us,0,Oil supply spike,TRUE,combined,vix,NA,NA
1,nickel,0,Oil supply spike,TRUE,combined,vix,NA,NA
2,nickel,0,Oil supply spike,TRUE,combined,vix,NA,NA
3,nickel,0,Oil supply spike,TRUE,combined,vix,NA,NA
4,nickel,0,Oil supply spike,TRUE,combined,vix,NA,NA
5,nickel,0,Oil supply spike,TRUE,combined,vix,NA,NA
6,nickel,0,Oil supply spike,TRUE,combined,vix,NA,NA
7,nickel,0,Oil supply spike,TRUE,combined,vix,NA,NA
8,nickel,0,Oil supply spike,TRUE,combined,vix,NA,NA
9,nickel,0,Oil supply spike,TRUE,combined,vix,NA,NA
10,nickel,0,Oil supply spike,TRUE,combined,vix,NA,NA
11,nickel,0,Oil supply spike,TRUE,combined,vix,NA,NA
12,nickel,0,Oil supply spike,TRUE,combined,vix,NA,NA
13,nickel,0,Oil supply spike,TRUE,combined,vix,NA,NA
14,nickel,0,Oil supply spike,TRUE,combined,vix,NA,NA
15,nickel,0,Oil supply spike,TRUE,combined,vix,NA,NA
16,nickel,0,Oil supply spike,TRUE,combined,vix,NA,NA
17,nickel,0,Oil supply spike,TRUE,combined,vix,NA,NA
18,nickel,0,Oil supply spike,TRUE,combined,vix,NA,NA
19,nickel,0,Oil supply spike,TRUE,combined,vix,NA,NA
20,nickel,0,Oil supply spike,TRUE,combined,vix,NA,NA
21,nickel,0,Oil supply spike,TRUE,combined,vix,NA,NA
22,nickel,0,Oil supply spike,TRUE,combined,vix,NA,NA
23,nickel,0,Oil supply spike,TRUE,combined,vix,NA,NA
24,nickel,0,Oil supply spike,TRUE,combined,vix,NA,NA
1,platinum,0,Oil supply spike,TRUE,combined,vix,NA,NA
2,platinum,0,Oil supply spike,TRUE,combined,vix,NA,NA
3,platinum,0,Oil supply spike,TRUE,combined,vix,NA,NA
4,platinum,0,Oil supply spike,TRUE,combined,vix,NA,NA
5,platinum,0,Oil supply spike,TRUE,combined,vix,NA,NA
6,platinum,0,Oil supply spike,TRUE,combined,vix,NA,NA
7,platinum,0,Oil supply spike,TRUE,combined,vix,NA,NA
8,platinum,0,Oil supply spike,TRUE,combined,vix,NA,NA
9,platinum,0,Oil supply spike,TRUE,combined,vix,NA,NA
10,platinum,0,Oil supply spike,TRUE,combined,vix,NA,NA
11,platinum,0,Oil supply spike,TRUE,combined,vix,NA,NA
12,platinum,0,Oil supply spike,TRUE,combined,vix,NA,NA
13,platinum,0,Oil supply spike,TRUE,combined,vix,NA,NA
14,platinum,0,Oil supply spike,TRUE,combined,vix,NA,NA
15,platinum,0,Oil supply spike,TRUE,combined,vix,NA,NA
16,platinum,0,Oil supply spike,TRUE,combined,vix,NA,NA
17,platinum,0,Oil supply spike,TRUE,combined,vix,NA,NA
18,platinum,0,Oil supply spike,TRUE,combined,vix,NA,NA
19,platinum,0,Oil supply spike,TRUE,combined,vix,NA,NA
20,platinum,0,Oil supply spike,TRUE,combined,vix,NA,NA
21,platinum,0,Oil supply spike,TRUE,combined,vix,NA,NA
22,platinum,0,Oil supply spike,TRUE,combined,vix,NA,NA
23,platinum,0,Oil supply spike,TRUE,combined,vix,NA,NA
24,platinum,0,Oil supply spike,TRUE,combined,vix,NA,NA
1,silver,0,Oil supply spike,TRUE,combined,vix,NA,NA
2,silver,0,Oil supply spike,TRUE,combined,vix,NA,NA
3,silver,0,Oil supply spike,TRUE,combined,vix,NA,NA
4,silver,0,Oil supply spike,TRUE,combined,vix,NA,NA
5,silver,0,Oil supply spike,TRUE,combined,vix,NA,NA
6,silver,0,Oil supply spike,TRUE,combined,vix,NA,NA
7,silver,0,Oil supply spike,TRUE,combined,vix,NA,NA
8,silver,0,Oil supply spike,TRUE,combined,vix,NA,NA
9,silver,0,Oil supply spike,TRUE,combined,vix,NA,NA
10,silver,0,Oil supply spike,TRUE,combined,vix,NA,NA
11,silver,0,Oil supply spike,TRUE,combined,vix,NA,NA
12,silver,0,Oil supply spike,TRUE,combined,vix,NA,NA
13,silver,0,Oil supply spike,TRUE,combined,vix,NA,NA
14,silver,0,Oil supply spike,TRUE,combined,vix,NA,NA
15,silver,0,Oil supply spike,TRUE,combined,vix,NA,NA
16,silver,0,Oil supply spike,TRUE,combined,vix,NA,NA
17,silver,0,Oil supply spike,TRUE,combined,vix,NA,NA
18,silver,0,Oil supply spike,TRUE,combined,vix,NA,NA
19,silver,0,Oil supply spike,TRUE,combined,vix,NA,NA
20,silver,0,Oil supply spike,TRUE,combined,vix,NA,NA
21,silver,0,Oil supply spike,TRUE,combined,vix,NA,NA
22,silver,0,Oil supply spike,TRUE,combined,vix,NA,NA
23,silver,0,Oil supply spike,TRUE,combined,vix,NA,NA
24,silver,0,Oil supply spike,TRUE,combined,vix,NA,NA
1,soybeans,0,Oil supply spike,TRUE,combined,vix,NA,NA
2,soybeans,0,Oil supply spike,TRUE,combined,vix,NA,NA
3,soybeans,0,Oil supply spike,TRUE,combined,vix,NA,NA
4,soybeans,0,Oil supply spike,TRUE,combined,vix,NA,NA
5,soybeans,0,Oil supply spike,TRUE,combined,vix,NA,NA
6,soybeans,0,Oil supply spike,TRUE,combined,vix,NA,NA
7,soybeans,0,Oil supply spike,TRUE,combined,vix,NA,NA
8,soybeans,0,Oil supply spike,TRUE,combined,vix,NA,NA
9,soybeans,0,Oil supply spike,TRUE,combined,vix,NA,NA
10,soybeans,0,Oil supply spike,TRUE,combined,vix,NA,NA
11,soybeans,0,Oil supply spike,TRUE,combined,vix,NA,NA
12,soybeans,0,Oil supply spike,TRUE,combined,vix,NA,NA
13,soybeans,0,Oil supply spike,TRUE,combined,vix,NA,NA
14,soybeans,0,Oil supply spike,TRUE,combined,vix,NA,NA
15,soybeans,0,Oil supply spike,TRUE,combined,vix,NA,NA
16,soybeans,0,Oil supply spike,TRUE,combined,vix,NA,NA
17,soybeans,0,Oil supply spike,TRUE,combined,vix,NA,NA
18,soybeans,0,Oil supply spike,TRUE,combined,vix,NA,NA
19,soybeans,0,Oil supply spike,TRUE,combined,vix,NA,NA
20,soybeans,0,Oil supply spike,TRUE,combined,vix,NA,NA
21,soybeans,0,Oil supply spike,TRUE,combined,vix,NA,NA
22,soybeans,0,Oil supply spike,TRUE,combined,vix,NA,NA
23,soybeans,0,Oil supply spike,TRUE,combined,vix,NA,NA
24,soybeans,0,Oil supply spike,TRUE,combined,vix,NA,NA
1,sugar_wld,0,Oil supply spike,TRUE,combined,vix,NA,NA
2,sugar_wld,0,Oil supply spike,TRUE,combined,vix,NA,NA
3,sugar_wld,0,Oil supply spike,TRUE,combined,vix,NA,NA
4,sugar_wld,0,Oil supply spike,TRUE,combined,vix,NA,NA
5,sugar_wld,0,Oil supply spike,TRUE,combined,vix,NA,NA
6,sugar_wld,0,Oil supply spike,TRUE,combined,vix,NA,NA
7,sugar_wld,0,Oil supply spike,TRUE,combined,vix,NA,NA
8,sugar_wld,0,Oil supply spike,TRUE,combined,vix,NA,NA
9,sugar_wld,0,Oil supply spike,TRUE,combined,vix,NA,NA
10,sugar_wld,0,Oil supply spike,TRUE,combined,vix,NA,NA
11,sugar_wld,0,Oil supply spike,TRUE,combined,vix,NA,NA
12,sugar_wld,0,Oil supply spike,TRUE,combined,vix,NA,NA
13,sugar_wld,0,Oil supply spike,TRUE,combined,vix,NA,NA
14,sugar_wld,0,Oil supply spike,TRUE,combined,vix,NA,NA
15,sugar_wld,0,Oil supply spike,TRUE,combined,vix,NA,NA
16,sugar_wld,0,Oil supply spike,TRUE,combined,vix,NA,NA
17,sugar_wld,0,Oil supply spike,TRUE,combined,vix,NA,NA
18,sugar_wld,0,Oil supply spike,TRUE,combined,vix,NA,NA
19,sugar_wld,0,Oil supply spike,TRUE,combined,vix,NA,NA
20,sugar_wld,0,Oil supply spike,TRUE,combined,vix,NA,NA
21,sugar_wld,0,Oil supply spike,TRUE,combined,vix,NA,NA
22,sugar_wld,0,Oil supply spike,TRUE,combined,vix,NA,NA
23,sugar_wld,0,Oil supply spike,TRUE,combined,vix,NA,NA
24,sugar_wld,0,Oil supply spike,TRUE,combined,vix,NA,NA
1,tin,0,Oil supply spike,TRUE,combined,vix,NA,NA
2,tin,0,Oil supply spike,TRUE,combined,vix,NA,NA
3,tin,0,Oil supply spike,TRUE,combined,vix,NA,NA
4,tin,0,Oil supply spike,TRUE,combined,vix,NA,NA
5,tin,0,Oil supply spike,TRUE,combined,vix,NA,NA
6,tin,0,Oil supply spike,TRUE,combined,vix,NA,NA
7,tin,0,Oil supply spike,TRUE,combined,vix,NA,NA
8,tin,0,Oil supply spike,TRUE,combined,vix,NA,NA
9,tin,0,Oil supply spike,TRUE,combined,vix,NA,NA
10,tin,0,Oil supply spike,TRUE,combined,vix,NA,NA
11,tin,0,Oil supply spike,TRUE,combined,vix,NA,NA
12,tin,0,Oil supply spike,TRUE,combined,vix,NA,NA
13,tin,0,Oil supply spike,TRUE,combined,vix,NA,NA
14,tin,0,Oil supply spike,TRUE,combined,vix,NA,NA
15,tin,0,Oil supply spike,TRUE,combined,vix,NA,NA
16,tin,0,Oil supply spike,TRUE,combined,vix,NA,NA
17,tin,0,Oil supply spike,TRUE,combined,vix,NA,NA
18,tin,0,Oil supply spike,TRUE,combined,vix,NA,NA
19,tin,0,Oil supply spike,TRUE,combined,vix,NA,NA
20,tin,0,Oil supply spike,TRUE,combined,vix,NA,NA
21,tin,0,Oil supply spike,TRUE,combined,vix,NA,NA
22,tin,0,Oil supply spike,TRUE,combined,vix,NA,NA
23,tin,0,Oil supply spike,TRUE,combined,vix,NA,NA
24,tin,0,Oil supply spike,TRUE,combined,vix,NA,NA
1,wheat_us_hrw,0,Oil supply spike,TRUE,combined,vix,NA,NA
2,wheat_us_hrw,0,Oil supply spike,TRUE,combined,vix,NA,NA
3,wheat_us_hrw,0,Oil supply spike,TRUE,combined,vix,NA,NA
4,wheat_us_hrw,0,Oil supply spike,TRUE,combined,vix,NA,NA
5,wheat_us_hrw,0,Oil supply spike,TRUE,combined,vix,NA,NA
6,wheat_us_hrw,0,Oil supply spike,TRUE,combined,vix,NA,NA
7,wheat_us_hrw,0,Oil supply spike,TRUE,combined,vix,NA,NA
8,wheat_us_hrw,0,Oil supply spike,TRUE,combined,vix,NA,NA
9,wheat_us_hrw,0,Oil supply spike,TRUE,combined,vix,NA,NA
10,wheat_us_hrw,0,Oil supply spike,TRUE,combined,vix,NA,NA
11,wheat_us_hrw,0,Oil supply spike,TRUE,combined,vix,NA,NA
12,wheat_us_hrw,0,Oil supply spike,TRUE,combined,vix,NA,NA
13,wheat_us_hrw,0,Oil supply spike,TRUE,combined,vix,NA,NA
14,wheat_us_hrw,0,Oil supply spike,TRUE,combined,vix,NA,NA
15,wheat_us_hrw,0,Oil supply spike,TRUE,combined,vix,NA,NA
16,wheat_us_hrw,0,Oil supply spike,TRUE,combined,vix,NA,NA
17,wheat_us_hrw,0,Oil supply spike,TRUE,combined,vix,NA,NA
18,wheat_us_hrw,0,Oil supply spike,TRUE,combined,vix,NA,NA
19,wheat_us_hrw,0,Oil supply spike,TRUE,combined,vix,NA,NA
20,wheat_us_hrw,0,Oil supply spike,TRUE,combined,vix,NA,NA
21,wheat_us_hrw,0,Oil supply spike,TRUE,combined,vix,NA,NA
22,wheat_us_hrw,0,Oil supply spike,TRUE,combined,vix,NA,NA
23,wheat_us_hrw,0,Oil supply spike,TRUE,combined,vix,NA,NA
24,wheat_us_hrw,0,Oil supply spike,TRUE,combined,vix,NA,NA
1,zinc,0,Oil supply spike,TRUE,combined,vix,NA,NA
2,zinc,0,Oil supply spike,TRUE,combined,vix,NA,NA
3,zinc,0,Oil supply spike,TRUE,combined,vix,NA,NA
4,zinc,0,Oil supply spike,TRUE,combined,vix,NA,NA
5,zinc,0,Oil supply spike,TRUE,combined,vix,NA,NA
6,zinc,0,Oil supply spike,TRUE,combined,vix,NA,NA
7,zinc,0,Oil supply spike,TRUE,combined,vix,NA,NA
8,zinc,0,Oil supply spike,TRUE,combined,vix,NA,NA
9,zinc,0,Oil supply spike,TRUE,combined,vix,NA,NA
10,zinc,0,Oil supply spike,TRUE,combined,vix,NA,NA
11,zinc,0,Oil supply spike,TRUE,combined,vix,NA,NA
12,zinc,0,Oil supply spike,TRUE,combined,vix,NA,NA
13,zinc,0,Oil supply spike,TRUE,combined,vix,NA,NA
14,zinc,0,Oil supply spike,TRUE,combined,vix,NA,NA
15,zinc,0,Oil supply spike,TRUE,combined,vix,NA,NA
16,zinc,0,Oil supply spike,TRUE,combined,vix,NA,NA
17,zinc,0,Oil supply spike,TRUE,combined,vix,NA,NA
18,zinc,0,Oil supply spike,TRUE,combined,vix,NA,NA
19,zinc,0,Oil supply spike,TRUE,combined,vix,NA,NA
20,zinc,0,Oil supply spike,TRUE,combined,vix,NA,NA
21,zinc,0,Oil supply spike,TRUE,combined,vix,NA,NA
22,zinc,0,Oil supply spike,TRUE,combined,vix,NA,NA
23,zinc,0,Oil supply spike,TRUE,combined,vix,NA,NA
24,zinc,0,Oil supply spike,TRUE,combined,vix,NA,NA
1,aluminium,0,Oil supply spike,FALSE,combined,vix,NA,NA
2,aluminium,0,Oil supply spike,FALSE,combined,vix,NA,NA
3,aluminium,-0.14694658590260895,Oil supply spike,FALSE,combined,vix,NA,NA
4,aluminium,0.06085230782707064,Oil supply spike,FALSE,combined,vix,NA,NA
5,aluminium,0.2793278836037412,Oil supply spike,FALSE,combined,vix,NA,NA
6,aluminium,0.32420671719816924,Oil supply spike,FALSE,combined,vix,NA,NA
7,aluminium,0.03640454130119783,Oil supply spike,FALSE,combined,vix,NA,NA
8,aluminium,0.01835181594220571,Oil supply spike,FALSE,combined,vix,NA,NA
9,aluminium,0.13272086935544167,Oil supply spike,FALSE,combined,vix,NA,NA
10,aluminium,0.09745807046017467,Oil supply spike,FALSE,combined,vix,NA,NA
11,aluminium,-0.06102561975092594,Oil supply spike,FALSE,combined,vix,NA,NA
12,aluminium,-0.008908578675473905,Oil supply spike,FALSE,combined,vix,NA,NA
13,aluminium,0,Oil supply spike,FALSE,combined,vix,NA,NA
14,aluminium,0,Oil supply spike,FALSE,combined,vix,NA,NA
15,aluminium,0,Oil supply spike,FALSE,combined,vix,NA,NA
16,aluminium,0,Oil supply spike,FALSE,combined,vix,NA,NA
17,aluminium,0,Oil supply spike,FALSE,combined,vix,NA,NA
18,aluminium,0,Oil supply spike,FALSE,combined,vix,NA,NA
19,aluminium,0,Oil supply spike,FALSE,combined,vix,NA,NA
20,aluminium,0,Oil supply spike,FALSE,combined,vix,NA,NA
21,aluminium,0,Oil supply spike,FALSE,combined,vix,NA,NA
22,aluminium,0,Oil supply spike,FALSE,combined,vix,NA,NA
23,aluminium,0,Oil supply spike,FALSE,combined,vix,NA,NA
24,aluminium,0,Oil supply spike,FALSE,combined,vix,NA,NA
1,cocoa,0,Oil supply spike,FALSE,combined,vix,NA,NA
2,cocoa,0,Oil supply spike,FALSE,combined,vix,NA,NA
3,cocoa,0.11167555193448235,Oil supply spike,FALSE,combined,vix,NA,NA
4,cocoa,0.12780980141677606,Oil supply spike,FALSE,combined,vix,NA,NA
5,cocoa,0.049416765385418455,Oil supply spike,FALSE,combined,vix,NA,NA
6,cocoa,-0.08657060959883946,Oil supply spike,FALSE,combined,vix,NA,NA
7,cocoa,-0.16207449656029943,Oil supply spike,FALSE,combined,vix,NA,NA
8,cocoa,0.0991125205453206,Oil supply spike,FALSE,combined,vix,NA,NA
9,cocoa,0.31478963597327486,Oil supply spike,FALSE,combined,vix,NA,NA
10,cocoa,0.05492607603318329,Oil supply spike,FALSE,combined,vix,NA,NA
11,cocoa,0.009301763579127532,Oil supply spike,FALSE,combined,vix,NA,NA
12,cocoa,0.0770786125855383,Oil supply spike,FALSE,combined,vix,NA,NA
13,cocoa,0,Oil supply spike,FALSE,combined,vix,NA,NA
14,cocoa,0,Oil supply spike,FALSE,combined,vix,NA,NA
15,cocoa,0,Oil supply spike,FALSE,combined,vix,NA,NA
16,cocoa,0,Oil supply spike,FALSE,combined,vix,NA,NA
17,cocoa,0,Oil supply spike,FALSE,combined,vix,NA,NA
18,cocoa,0,Oil supply spike,FALSE,combined,vix,NA,NA
19,cocoa,0,Oil supply spike,FALSE,combined,vix,NA,NA
20,cocoa,0,Oil supply spike,FALSE,combined,vix,NA,NA
21,cocoa,0,Oil supply spike,FALSE,combined,vix,NA,NA
22,cocoa,0,Oil supply spike,FALSE,combined,vix,NA,NA
23,cocoa,0,Oil supply spike,FALSE,combined,vix,NA,NA
24,cocoa,0,Oil supply spike,FALSE,combined,vix,NA,NA
1,coffee_arabic,0,Oil supply spike,FALSE,combined,vix,NA,NA
2,coffee_arabic,0,Oil supply spike,FALSE,combined,vix,NA,NA
3,coffee_arabic,-0.058281439755043074,Oil supply spike,FALSE,combined,vix,NA,NA
4,coffee_arabic,-0.043630245991238215,Oil supply spike,FALSE,combined,vix,NA,NA
5,coffee_arabic,0.06398240308743115,Oil supply spike,FALSE,combined,vix,NA,NA
6,coffee_arabic,0.08633766807096444,Oil supply spike,FALSE,combined,vix,NA,NA
7,coffee_arabic,-0.02569528179240267,Oil supply spike,FALSE,combined,vix,NA,NA
8,coffee_arabic,-0.015055352378671841,Oil supply spike,FALSE,combined,vix,NA,NA
9,coffee_arabic,0.053350151824254996,Oil supply spike,FALSE,combined,vix,NA,NA
10,coffee_arabic,0.11730398589521919,Oil supply spike,FALSE,combined,vix,NA,NA
11,coffee_arabic,-0.007160720818638006,Oil supply spike,FALSE,combined,vix,NA,NA
12,coffee_arabic,-0.036594056020954516,Oil supply spike,FALSE,combined,vix,NA,NA
13,coffee_arabic,0,Oil supply spike,FALSE,combined,vix,NA,NA
14,coffee_arabic,0,Oil supply spike,FALSE,combined,vix,NA,NA
15,coffee_arabic,0,Oil supply spike,FALSE,combined,vix,NA,NA
16,coffee_arabic,0,Oil supply spike,FALSE,combined,vix,NA,NA
17,coffee_arabic,0,Oil supply spike,FALSE,combined,vix,NA,NA
18,coffee_arabic,0,Oil supply spike,FALSE,combined,vix,NA,NA
19,coffee_arabic,0,Oil supply spike,FALSE,combined,vix,NA,NA
20,coffee_arabic,0,Oil supply spike,FALSE,combined,vix,NA,NA
21,coffee_arabic,0,Oil supply spike,FALSE,combined,vix,NA,NA
22,coffee_arabic,0,Oil supply spike,FALSE,combined,vix,NA,NA
23,coffee_arabic,0,Oil supply spike,FALSE,combined,vix,NA,NA
24,coffee_arabic,0,Oil supply spike,FALSE,combined,vix,NA,NA
1,copper,0,Oil supply spike,FALSE,combined,vix,NA,NA
2,copper,0,Oil supply spike,FALSE,combined,vix,NA,NA
3,copper,-0.03341067043378872,Oil supply spike,FALSE,combined,vix,NA,NA
4,copper,0.1885263003132957,Oil supply spike,FALSE,combined,vix,NA,NA
5,copper,0.3116658490841198,Oil supply spike,FALSE,combined,vix,NA,NA
6,copper,0.2481154855292172,Oil supply spike,FALSE,combined,vix,NA,NA
7,copper,-0.00144472143349029,Oil supply spike,FALSE,combined,vix,NA,NA
8,copper,-0.03316008175168101,Oil supply spike,FALSE,combined,vix,NA,NA
9,copper,0.15591500373118225,Oil supply spike,FALSE,combined,vix,NA,NA
10,copper,0.13937160159145778,Oil supply spike,FALSE,combined,vix,NA,NA
11,copper,-0.02996712838413437,Oil supply spike,FALSE,combined,vix,NA,NA
12,copper,-0.041418003798517955,Oil supply spike,FALSE,combined,vix,NA,NA
13,copper,0,Oil supply spike,FALSE,combined,vix,NA,NA
14,copper,0,Oil supply spike,FALSE,combined,vix,NA,NA
15,copper,0,Oil supply spike,FALSE,combined,vix,NA,NA
16,copper,0,Oil supply spike,FALSE,combined,vix,NA,NA
17,copper,0,Oil supply spike,FALSE,combined,vix,NA,NA
18,copper,0,Oil supply spike,FALSE,combined,vix,NA,NA
19,copper,0,Oil supply spike,FALSE,combined,vix,NA,NA
20,copper,0,Oil supply spike,FALSE,combined,vix,NA,NA
21,copper,0,Oil supply spike,FALSE,combined,vix,NA,NA
22,copper,0,Oil supply spike,FALSE,combined,vix,NA,NA
23,copper,0,Oil supply spike,FALSE,combined,vix,NA,NA
24,copper,0,Oil supply spike,FALSE,combined,vix,NA,NA
1,cotton_a_indx,0,Oil supply spike,FALSE,combined,vix,NA,NA
2,cotton_a_indx,0,Oil supply spike,FALSE,combined,vix,NA,NA
3,cotton_a_indx,0.16057221472932823,Oil supply spike,FALSE,combined,vix,NA,NA
4,cotton_a_indx,0.19792338494807124,Oil supply spike,FALSE,combined,vix,NA,NA
5,cotton_a_indx,0.20699042044256186,Oil supply spike,FALSE,combined,vix,NA,NA
6,cotton_a_indx,0.06623567252208652,Oil supply spike,FALSE,combined,vix,NA,NA
7,cotton_a_indx,-0.0066862022797711616,Oil supply spike,FALSE,combined,vix,NA,NA
8,cotton_a_indx,-0.12311149336923519,Oil supply spike,FALSE,combined,vix,NA,NA
9,cotton_a_indx,0.09557099830064339,Oil supply spike,FALSE,combined,vix,NA,NA
10,cotton_a_indx,0.23725001306882088,Oil supply spike,FALSE,combined,vix,NA,NA
11,cotton_a_indx,0.16100424046614245,Oil supply spike,FALSE,combined,vix,NA,NA
12,cotton_a_indx,0.010630402533787947,Oil supply spike,FALSE,combined,vix,NA,NA
13,cotton_a_indx,0,Oil supply spike,FALSE,combined,vix,NA,NA
14,cotton_a_indx,0,Oil supply spike,FALSE,combined,vix,NA,NA
15,cotton_a_indx,0,Oil supply spike,FALSE,combined,vix,NA,NA
16,cotton_a_indx,0,Oil supply spike,FALSE,combined,vix,NA,NA
17,cotton_a_indx,0,Oil supply spike,FALSE,combined,vix,NA,NA
18,cotton_a_indx,0,Oil supply spike,FALSE,combined,vix,NA,NA
19,cotton_a_indx,0,Oil supply spike,FALSE,combined,vix,NA,NA
20,cotton_a_indx,0,Oil supply spike,FALSE,combined,vix,NA,NA
21,cotton_a_indx,0,Oil supply spike,FALSE,combined,vix,NA,NA
22,cotton_a_indx,0,Oil supply spike,FALSE,combined,vix,NA,NA
23,cotton_a_indx,0,Oil supply spike,FALSE,combined,vix,NA,NA
24,cotton_a_indx,0,Oil supply spike,FALSE,combined,vix,NA,NA
1,crude_wti,0,Oil supply spike,FALSE,combined,vix,NA,NA
2,crude_wti,-2,Oil supply spike,FALSE,combined,vix,NA,NA
3,crude_wti,-0.47848175286394223,Oil supply spike,FALSE,combined,vix,NA,NA
4,crude_wti,0.3592028659622669,Oil supply spike,FALSE,combined,vix,NA,NA
5,crude_wti,0.23857489091109946,Oil supply spike,FALSE,combined,vix,NA,NA
6,crude_wti,0.17591271488896137,Oil supply spike,FALSE,combined,vix,NA,NA
7,crude_wti,0.0013005123174459204,Oil supply spike,FALSE,combined,vix,NA,NA
8,crude_wti,0.03607858478055996,Oil supply spike,FALSE,combined,vix,NA,NA
9,crude_wti,0.041530040451639515,Oil supply spike,FALSE,combined,vix,NA,NA
10,crude_wti,-0.039388834863022845,Oil supply spike,FALSE,combined,vix,NA,NA
11,crude_wti,-0.06093023155490627,Oil supply spike,FALSE,combined,vix,NA,NA
12,crude_wti,0.03802407855353387,Oil supply spike,FALSE,combined,vix,NA,NA
13,crude_wti,0,Oil supply spike,FALSE,combined,vix,NA,NA
14,crude_wti,0,Oil supply spike,FALSE,combined,vix,NA,NA
15,crude_wti,0,Oil supply spike,FALSE,combined,vix,NA,NA
16,crude_wti,0,Oil supply spike,FALSE,combined,vix,NA,NA
17,crude_wti,0,Oil supply spike,FALSE,combined,vix,NA,NA
18,crude_wti,0,Oil supply spike,FALSE,combined,vix,NA,NA
19,crude_wti,0,Oil supply spike,FALSE,combined,vix,NA,NA
20,crude_wti,0,Oil supply spike,FALSE,combined,vix,NA,NA
21,crude_wti,0,Oil supply spike,FALSE,combined,vix,NA,NA
22,crude_wti,0,Oil supply spike,FALSE,combined,vix,NA,NA
23,crude_wti,0,Oil supply spike,FALSE,combined,vix,NA,NA
24,crude_wti,0,Oil supply spike,FALSE,combined,vix,NA,NA
1,gold,0,Oil supply spike,FALSE,combined,vix,NA,NA
2,gold,0,Oil supply spike,FALSE,combined,vix,NA,NA
3,gold,0.08398890353556786,Oil supply spike,FALSE,combined,vix,NA,NA
4,gold,0.04693595781453676,Oil supply spike,FALSE,combined,vix,NA,NA
5,gold,0.1305112418270559,Oil supply spike,FALSE,combined,vix,NA,NA
6,gold,-0.00414229465032423,Oil supply spike,FALSE,combined,vix,NA,NA
7,gold,-0.0779055770527924,Oil supply spike,FALSE,combined,vix,NA,NA
8,gold,0.02609392946464333,Oil supply spike,FALSE,combined,vix,NA,NA
9,gold,0.18196749845866617,Oil supply spike,FALSE,combined,vix,NA,NA
10,gold,0.10988000502515806,Oil supply spike,FALSE,combined,vix,NA,NA
11,gold,0.0070452029865558,Oil supply spike,FALSE,combined,vix,NA,NA
12,gold,0.02574462210250052,Oil supply spike,FALSE,combined,vix,NA,NA
13,gold,0,Oil supply spike,FALSE,combined,vix,NA,NA
14,gold,0,Oil supply spike,FALSE,combined,vix,NA,NA
15,gold,0,Oil supply spike,FALSE,combined,vix,NA,NA
16,gold,0,Oil supply spike,FALSE,combined,vix,NA,NA
17,gold,0,Oil supply spike,FALSE,combined,vix,NA,NA
18,gold,0,Oil supply spike,FALSE,combined,vix,NA,NA
19,gold,0,Oil supply spike,FALSE,combined,vix,NA,NA
20,gold,0,Oil supply spike,FALSE,combined,vix,NA,NA
21,gold,0,Oil supply spike,FALSE,combined,vix,NA,NA
22,gold,0,Oil supply spike,FALSE,combined,vix,NA,NA
23,gold,0,Oil supply spike,FALSE,combined,vix,NA,NA
24,gold,0,Oil supply spike,FALSE,combined,vix,NA,NA
1,lead,0,Oil supply spike,FALSE,combined,vix,NA,NA
2,lead,0,Oil supply spike,FALSE,combined,vix,NA,NA
3,lead,-0.07269064888776233,Oil supply spike,FALSE,combined,vix,NA,NA
4,lead,0.09458087630476715,Oil supply spike,FALSE,combined,vix,NA,NA
5,lead,0.10438229441428862,Oil supply spike,FALSE,combined,vix,NA,NA
6,lead,0.030117160713134642,Oil supply spike,FALSE,combined,vix,NA,NA
7,lead,0.03063127698198237,Oil supply spike,FALSE,combined,vix,NA,NA
8,lead,0.04119580224795638,Oil supply spike,FALSE,combined,vix,NA,NA
9,lead,0.19614780364727075,Oil supply spike,FALSE,combined,vix,NA,NA
10,lead,0.055053408861194864,Oil supply spike,FALSE,combined,vix,NA,NA
11,lead,-0.01066361970230218,Oil supply spike,FALSE,combined,vix,NA,NA
12,lead,0.014100931767399733,Oil supply spike,FALSE,combined,vix,NA,NA
13,lead,0,Oil supply spike,FALSE,combined,vix,NA,NA
14,lead,0,Oil supply spike,FALSE,combined,vix,NA,NA
15,lead,0,Oil supply spike,FALSE,combined,vix,NA,NA
16,lead,0,Oil supply spike,FALSE,combined,vix,NA,NA
17,lead,0,Oil supply spike,FALSE,combined,vix,NA,NA
18,lead,0,Oil supply spike,FALSE,combined,vix,NA,NA
19,lead,0,Oil supply spike,FALSE,combined,vix,NA,NA
20,lead,0,Oil supply spike,FALSE,combined,vix,NA,NA
21,lead,0,Oil supply spike,FALSE,combined,vix,NA,NA
22,lead,0,Oil supply spike,FALSE,combined,vix,NA,NA
23,lead,0,Oil supply spike,FALSE,combined,vix,NA,NA
24,lead,0,Oil supply spike,FALSE,combined,vix,NA,NA
1,maize,0,Oil supply spike,FALSE,combined,vix,NA,NA
2,maize,0,Oil supply spike,FALSE,combined,vix,NA,NA
3,maize,0.13997799446210918,Oil supply spike,FALSE,combined,vix,NA,NA
4,maize,0.24609936132594992,Oil supply spike,FALSE,combined,vix,NA,NA
5,maize,-0.06208299114634704,Oil supply spike,FALSE,combined,vix,NA,NA
6,maize,-0.13803902720474903,Oil supply spike,FALSE,combined,vix,NA,NA
7,maize,-0.01896733568926569,Oil supply spike,FALSE,combined,vix,NA,NA
8,maize,0.09561048774713628,Oil supply spike,FALSE,combined,vix,NA,NA
9,maize,0.0013285031513387306,Oil supply spike,FALSE,combined,vix,NA,NA
10,maize,0.06565777666213467,Oil supply spike,FALSE,combined,vix,NA,NA
11,maize,0.13794743358812167,Oil supply spike,FALSE,combined,vix,NA,NA
12,maize,0.036400263529739796,Oil supply spike,FALSE,combined,vix,NA,NA
13,maize,0,Oil supply spike,FALSE,combined,vix,NA,NA
14,maize,0,Oil supply spike,FALSE,combined,vix,NA,NA
15,maize,0,Oil supply spike,FALSE,combined,vix,NA,NA
16,maize,0,Oil supply spike,FALSE,combined,vix,NA,NA
17,maize,0,Oil supply spike,FALSE,combined,vix,NA,NA
18,maize,0,Oil supply spike,FALSE,combined,vix,NA,NA
19,maize,0,Oil supply spike,FALSE,combined,vix,NA,NA
20,maize,0,Oil supply spike,FALSE,combined,vix,NA,NA
21,maize,0,Oil supply spike,FALSE,combined,vix,NA,NA
22,maize,0,Oil supply spike,FALSE,combined,vix,NA,NA
23,maize,0,Oil supply spike,FALSE,combined,vix,NA,NA
24,maize,0,Oil supply spike,FALSE,combined,vix,NA,NA
1,ngas_us,0,Oil supply spike,FALSE,combined,vix,NA,NA
2,ngas_us,0,Oil supply spike,FALSE,combined,vix,NA,NA
3,ngas_us,-0.2193092634483396,Oil supply spike,FALSE,combined,vix,NA,NA
4,ngas_us,-0.3319153813222261,Oil supply spike,FALSE,combined,vix,NA,NA
5,ngas_us,0.0921759492845501,Oil supply spike,FALSE,combined,vix,NA,NA
6,ngas_us,0.045122468520036735,Oil supply spike,FALSE,combined,vix,NA,NA
7,ngas_us,-0.266902064498686,Oil supply spike,FALSE,combined,vix,NA,NA
8,ngas_us,0.00884533873577447,Oil supply spike,FALSE,combined,vix,NA,NA
9,ngas_us,0.22484669916004005,Oil supply spike,FALSE,combined,vix,NA,NA
10,ngas_us,0.052974488499274636,Oil supply spike,FALSE,combined,vix,NA,NA
11,ngas_us,-0.14460843853789757,Oil supply spike,FALSE,combined,vix,NA,NA
12,ngas_us,-0.02822640185250371,Oil supply spike,FALSE,combined,vix,NA,NA
13,ngas_us,0,Oil supply spike,FALSE,combined,vix,NA,NA
14,ngas_us,0,Oil supply spike,FALSE,combined,vix,NA,NA
15,ngas_us,0,Oil supply spike,FALSE,combined,vix,NA,NA
16,ngas_us,0,Oil supply spike,FALSE,combined,vix,NA,NA
17,ngas_us,0,Oil supply spike,FALSE,combined,vix,NA,NA
18,ngas_us,0,Oil supply spike,FALSE,combined,vix,NA,NA
19,ngas_us,0,Oil supply spike,FALSE,combined,vix,NA,NA
20,ngas_us,0,Oil supply spike,FALSE,combined,vix,NA,NA
21,ngas_us,0,Oil supply spike,FALSE,combined,vix,NA,NA
22,ngas_us,0,Oil supply spike,FALSE,combined,vix,NA,NA
23,ngas_us,0,Oil supply spike,FALSE,combined,vix,NA,NA
24,ngas_us,0,Oil supply spike,FALSE,combined,vix,NA,NA
1,nickel,0,Oil supply spike,FALSE,combined,vix,NA,NA
2,nickel,0,Oil supply spike,FALSE,combined,vix,NA,NA
3,nickel,-0.09560991394143566,Oil supply spike,FALSE,combined,vix,NA,NA
4,nickel,0.12042013304752894,Oil supply spike,FALSE,combined,vix,NA,NA
5,nickel,0.24705433752755607,Oil supply spike,FALSE,combined,vix,NA,NA
6,nickel,0.2095343942525506,Oil supply spike,FALSE,combined,vix,NA,NA
7,nickel,-0.1367357875285716,Oil supply spike,FALSE,combined,vix,NA,NA
8,nickel,-0.13433459870518694,Oil supply spike,FALSE,combined,vix,NA,NA
9,nickel,0.15413670867420498,Oil supply spike,FALSE,combined,vix,NA,NA
10,nickel,0.2381678501207798,Oil supply spike,FALSE,combined,vix,NA,NA
11,nickel,-0.025102361241963092,Oil supply spike,FALSE,combined,vix,NA,NA
12,nickel,-0.08055108354731526,Oil supply spike,FALSE,combined,vix,NA,NA
13,nickel,0,Oil supply spike,FALSE,combined,vix,NA,NA
14,nickel,0,Oil supply spike,FALSE,combined,vix,NA,NA
15,nickel,0,Oil supply spike,FALSE,combined,vix,NA,NA
16,nickel,0,Oil supply spike,FALSE,combined,vix,NA,NA
17,nickel,0,Oil supply spike,FALSE,combined,vix,NA,NA
18,nickel,0,Oil supply spike,FALSE,combined,vix,NA,NA
19,nickel,0,Oil supply spike,FALSE,combined,vix,NA,NA
20,nickel,0,Oil supply spike,FALSE,combined,vix,NA,NA
21,nickel,0,Oil supply spike,FALSE,combined,vix,NA,NA
22,nickel,0,Oil supply spike,FALSE,combined,vix,NA,NA
23,nickel,0,Oil supply spike,FALSE,combined,vix,NA,NA
24,nickel,0,Oil supply spike,FALSE,combined,vix,NA,NA
1,platinum,0,Oil supply spike,FALSE,combined,vix,NA,NA
2,platinum,0,Oil supply spike,FALSE,combined,vix,NA,NA
3,platinum,0.06564096083809427,Oil supply spike,FALSE,combined,vix,NA,NA
4,platinum,0.17987013964333043,Oil supply spike,FALSE,combined,vix,NA,NA
5,platinum,0.1386610632727375,Oil supply spike,FALSE,combined,vix,NA,NA
6,platinum,0.09959064706799531,Oil supply spike,FALSE,combined,vix,NA,NA
7,platinum,-0.16345572318414867,Oil supply spike,FALSE,combined,vix,NA,NA
8,platinum,-0.09898177259538397,Oil supply spike,FALSE,combined,vix,NA,NA
9,platinum,0.20447295145367744,Oil supply spike,FALSE,combined,vix,NA,NA
10,platinum,0.18576916162289203,Oil supply spike,FALSE,combined,vix,NA,NA
11,platinum,-0.04551655494507522,Oil supply spike,FALSE,combined,vix,NA,NA
12,platinum,-0.06955696882385798,Oil supply spike,FALSE,combined,vix,NA,NA
13,platinum,0,Oil supply spike,FALSE,combined,vix,NA,NA
14,platinum,0,Oil supply spike,FALSE,combined,vix,NA,NA
15,platinum,0,Oil supply spike,FALSE,combined,vix,NA,NA
16,platinum,0,Oil supply spike,FALSE,combined,vix,NA,NA
17,platinum,0,Oil supply spike,FALSE,combined,vix,NA,NA
18,platinum,0,Oil supply spike,FALSE,combined,vix,NA,NA
19,platinum,0,Oil supply spike,FALSE,combined,vix,NA,NA
20,platinum,0,Oil supply spike,FALSE,combined,vix,NA,NA
21,platinum,0,Oil supply spike,FALSE,combined,vix,NA,NA
22,platinum,0,Oil supply spike,FALSE,combined,vix,NA,NA
23,platinum,0,Oil supply spike,FALSE,combined,vix,NA,NA
24,platinum,0,Oil supply spike,FALSE,combined,vix,NA,NA
1,silver,0,Oil supply spike,FALSE,combined,vix,NA,NA
2,silver,0,Oil supply spike,FALSE,combined,vix,NA,NA
3,silver,0.15809371412564388,Oil supply spike,FALSE,combined,vix,NA,NA
4,silver,0.0477043043918817,Oil supply spike,FALSE,combined,vix,NA,NA
5,silver,0.045883260085104974,Oil supply spike,FALSE,combined,vix,NA,NA
6,silver,0.059306960104280784,Oil supply spike,FALSE,combined,vix,NA,NA
7,silver,-0.03188890525021812,Oil supply spike,FALSE,combined,vix,NA,NA
8,silver,0.04117820192641452,Oil supply spike,FALSE,combined,vix,NA,NA
9,silver,0.1193377878804355,Oil supply spike,FALSE,combined,vix,NA,NA
10,silver,0.13648145875757375,Oil supply spike,FALSE,combined,vix,NA,NA
11,silver,0.03606671697250424,Oil supply spike,FALSE,combined,vix,NA,NA
12,silver,-0.0483535608889454,Oil supply spike,FALSE,combined,vix,NA,NA
13,silver,0,Oil supply spike,FALSE,combined,vix,NA,NA
14,silver,0,Oil supply spike,FALSE,combined,vix,NA,NA
15,silver,0,Oil supply spike,FALSE,combined,vix,NA,NA
16,silver,0,Oil supply spike,FALSE,combined,vix,NA,NA
17,silver,0,Oil supply spike,FALSE,combined,vix,NA,NA
18,silver,0,Oil supply spike,FALSE,combined,vix,NA,NA
19,silver,0,Oil supply spike,FALSE,combined,vix,NA,NA
20,silver,0,Oil supply spike,FALSE,combined,vix,NA,NA
21,silver,0,Oil supply spike,FALSE,combined,vix,NA,NA
22,silver,0,Oil supply spike,FALSE,combined,vix,NA,NA
23,silver,0,Oil supply spike,FALSE,combined,vix,NA,NA
24,silver,0,Oil supply spike,FALSE,combined,vix,NA,NA
1,soybeans,0,Oil supply spike,FALSE,combined,vix,NA,NA
2,soybeans,0,Oil supply spike,FALSE,combined,vix,NA,NA
3,soybeans,0.04689405203485558,Oil supply spike,FALSE,combined,vix,NA,NA
4,soybeans,-0.029406971746856646,Oil supply spike,FALSE,combined,vix,NA,NA
5,soybeans,0.05394606765608091,Oil supply spike,FALSE,combined,vix,NA,NA
6,soybeans,0.10231744834795566,Oil supply spike,FALSE,combined,vix,NA,NA
7,soybeans,0.06178965801729695,Oil supply spike,FALSE,combined,vix,NA,NA
8,soybeans,0.12092156111348396,Oil supply spike,FALSE,combined,vix,NA,NA
9,soybeans,-0.012201855567412821,Oil supply spike,FALSE,combined,vix,NA,NA
10,soybeans,0.03455309786094949,Oil supply spike,FALSE,combined,vix,NA,NA
11,soybeans,0.048361261221129825,Oil supply spike,FALSE,combined,vix,NA,NA
12,soybeans,0.0224030810897975,Oil supply spike,FALSE,combined,vix,NA,NA
13,soybeans,0,Oil supply spike,FALSE,combined,vix,NA,NA
14,soybeans,0,Oil supply spike,FALSE,combined,vix,NA,NA
15,soybeans,0,Oil supply spike,FALSE,combined,vix,NA,NA
16,soybeans,0,Oil supply spike,FALSE,combined,vix,NA,NA
17,soybeans,0,Oil supply spike,FALSE,combined,vix,NA,NA
18,soybeans,0,Oil supply spike,FALSE,combined,vix,NA,NA
19,soybeans,0,Oil supply spike,FALSE,combined,vix,NA,NA
20,soybeans,0,Oil supply spike,FALSE,combined,vix,NA,NA
21,soybeans,0,Oil supply spike,FALSE,combined,vix,NA,NA
22,soybeans,0,Oil supply spike,FALSE,combined,vix,NA,NA
23,soybeans,0,Oil supply spike,FALSE,combined,vix,NA,NA
24,soybeans,0,Oil supply spike,FALSE,combined,vix,NA,NA
1,sugar_wld,0,Oil supply spike,FALSE,combined,vix,NA,NA
2,sugar_wld,0,Oil supply spike,FALSE,combined,vix,NA,NA
3,sugar_wld,-0.16275233621362017,Oil supply spike,FALSE,combined,vix,NA,NA
4,sugar_wld,-0.11487169421834001,Oil supply spike,FALSE,combined,vix,NA,NA
5,sugar_wld,0.07842157773362693,Oil supply spike,FALSE,combined,vix,NA,NA
6,sugar_wld,0.09813452656703447,Oil supply spike,FALSE,combined,vix,NA,NA
7,sugar_wld,0.05230711665181309,Oil supply spike,FALSE,combined,vix,NA,NA
8,sugar_wld,0.08869983615499699,Oil supply spike,FALSE,combined,vix,NA,NA
9,sugar_wld,0.17548552063376874,Oil supply spike,FALSE,combined,vix,NA,NA
10,sugar_wld,0.21644783157842978,Oil supply spike,FALSE,combined,vix,NA,NA
11,sugar_wld,0.01804937668665294,Oil supply spike,FALSE,combined,vix,NA,NA
12,sugar_wld,-0.10009413218457684,Oil supply spike,FALSE,combined,vix,NA,NA
13,sugar_wld,0,Oil supply spike,FALSE,combined,vix,NA,NA
14,sugar_wld,0,Oil supply spike,FALSE,combined,vix,NA,NA
15,sugar_wld,0,Oil supply spike,FALSE,combined,vix,NA,NA
16,sugar_wld,0,Oil supply spike,FALSE,combined,vix,NA,NA
17,sugar_wld,0,Oil supply spike,FALSE,combined,vix,NA,NA
18,sugar_wld,0,Oil supply spike,FALSE,combined,vix,NA,NA
19,sugar_wld,0,Oil supply spike,FALSE,combined,vix,NA,NA
20,sugar_wld,0,Oil supply spike,FALSE,combined,vix,NA,NA
21,sugar_wld,0,Oil supply spike,FALSE,combined,vix,NA,NA
22,sugar_wld,0,Oil supply spike,FALSE,combined,vix,NA,NA
23,sugar_wld,0,Oil supply spike,FALSE,combined,vix,NA,NA
24,sugar_wld,0,Oil supply spike,FALSE,combined,vix,NA,NA
1,tin,0,Oil supply spike,FALSE,combined,vix,NA,NA
2,tin,0,Oil supply spike,FALSE,combined,vix,NA,NA
3,tin,0.13742051051490978,Oil supply spike,FALSE,combined,vix,NA,NA
4,tin,0.2837413314052155,Oil supply spike,FALSE,combined,vix,NA,NA
5,tin,0.30833273877637973,Oil supply spike,FALSE,combined,vix,NA,NA
6,tin,0.1500998226009752,Oil supply spike,FALSE,combined,vix,NA,NA
7,tin,-0.00448636983044591,Oil supply spike,FALSE,combined,vix,NA,NA
8,tin,-0.02919882409154266,Oil supply spike,FALSE,combined,vix,NA,NA
9,tin,0.1149437833028771,Oil supply spike,FALSE,combined,vix,NA,NA
10,tin,0.11229090172348156,Oil supply spike,FALSE,combined,vix,NA,NA
11,tin,0.02024886680314726,Oil supply spike,FALSE,combined,vix,NA,NA
12,tin,-0.02165556032160705,Oil supply spike,FALSE,combined,vix,NA,NA
13,tin,0,Oil supply spike,FALSE,combined,vix,NA,NA
14,tin,0,Oil supply spike,FALSE,combined,vix,NA,NA
15,tin,0,Oil supply spike,FALSE,combined,vix,NA,NA
16,tin,0,Oil supply spike,FALSE,combined,vix,NA,NA
17,tin,0,Oil supply spike,FALSE,combined,vix,NA,NA
18,tin,0,Oil supply spike,FALSE,combined,vix,NA,NA
19,tin,0,Oil supply spike,FALSE,combined,vix,NA,NA
20,tin,0,Oil supply spike,FALSE,combined,vix,NA,NA
21,tin,0,Oil supply spike,FALSE,combined,vix,NA,NA
22,tin,0,Oil supply spike,FALSE,combined,vix,NA,NA
23,tin,0,Oil supply spike,FALSE,combined,vix,NA,NA
24,tin,0,Oil supply spike,FALSE,combined,vix,NA,NA
1,wheat_us_hrw,0,Oil supply spike,FALSE,combined,vix,NA,NA
2,wheat_us_hrw,0,Oil supply spike,FALSE,combined,vix,NA,NA
3,wheat_us_hrw,-0.019406119522537346,Oil supply spike,FALSE,combined,vix,NA,NA
4,wheat_us_hrw,0.00528894708556853,Oil supply spike,FALSE,combined,vix,NA,NA
5,wheat_us_hrw,0.11731894942359547,Oil supply spike,FALSE,combined,vix,NA,NA
6,wheat_us_hrw,0.021443129572635472,Oil supply spike,FALSE,combined,vix,NA,NA
7,wheat_us_hrw,-0.14349036060508,Oil supply spike,FALSE,combined,vix,NA,NA
8,wheat_us_hrw,-0.053716151318561445,Oil supply spike,FALSE,combined,vix,NA,NA
9,wheat_us_hrw,0.1708620296357418,Oil supply spike,FALSE,combined,vix,NA,NA
10,wheat_us_hrw,0.22215460108209673,Oil supply spike,FALSE,combined,vix,NA,NA
11,wheat_us_hrw,0.011173501372992337,Oil supply spike,FALSE,combined,vix,NA,NA
12,wheat_us_hrw,-0.12012542452882109,Oil supply spike,FALSE,combined,vix,NA,NA
13,wheat_us_hrw,0,Oil supply spike,FALSE,combined,vix,NA,NA
14,wheat_us_hrw,0,Oil supply spike,FALSE,combined,vix,NA,NA
15,wheat_us_hrw,0,Oil supply spike,FALSE,combined,vix,NA,NA
16,wheat_us_hrw,0,Oil supply spike,FALSE,combined,vix,NA,NA
17,wheat_us_hrw,0,Oil supply spike,FALSE,combined,vix,NA,NA
18,wheat_us_hrw,0,Oil supply spike,FALSE,combined,vix,NA,NA
19,wheat_us_hrw,0,Oil supply spike,FALSE,combined,vix,NA,NA
20,wheat_us_hrw,0,Oil supply spike,FALSE,combined,vix,NA,NA
21,wheat_us_hrw,0,Oil supply spike,FALSE,combined,vix,NA,NA
22,wheat_us_hrw,0,Oil supply spike,FALSE,combined,vix,NA,NA
23,wheat_us_hrw,0,Oil supply spike,FALSE,combined,vix,NA,NA
24,wheat_us_hrw,0,Oil supply spike,FALSE,combined,vix,NA,NA
1,zinc,0,Oil supply spike,FALSE,combined,vix,NA,NA
2,zinc,0,Oil supply spike,FALSE,combined,vix,NA,NA
3,zinc,0.23393574556766203,Oil supply spike,FALSE,combined,vix,NA,NA
4,zinc,0.08537164932997839,Oil supply spike,FALSE,combined,vix,NA,NA
5,zinc,0.1341345539609956,Oil supply spike,FALSE,combined,vix,NA,NA
6,zinc,0.06324457483605675,Oil supply spike,FALSE,combined,vix,NA,NA
7,zinc,0.0033669039872401395,Oil supply spike,FALSE,combined,vix,NA,NA
8,zinc,0.00877455073363165,Oil supply spike,FALSE,combined,vix,NA,NA
9,zinc,0.17971354515522858,Oil supply spike,FALSE,combined,vix,NA,NA
10,zinc,0.11134741031201113,Oil supply spike,FALSE,combined,vix,NA,NA
11,zinc,0.01152098353313939,Oil supply spike,FALSE,combined,vix,NA,NA
12,zinc,-0.03596619368110433,Oil supply spike,FALSE,combined,vix,NA,NA
13,zinc,0,Oil supply spike,FALSE,combined,vix,NA,NA
14,zinc,0,Oil supply spike,FALSE,combined,vix,NA,NA
15,zinc,0,Oil supply spike,FALSE,combined,vix,NA,NA
16,zinc,0,Oil supply spike,FALSE,combined,vix,NA,NA
17,zinc,0,Oil supply spike,FALSE,combined,vix,NA,NA
18,zinc,0,Oil supply spike,FALSE,combined,vix,NA,NA
19,zinc,0,Oil supply spike,FALSE,combined,vix,NA,NA
20,zinc,0,Oil supply spike,FALSE,combined,vix,NA,NA
21,zinc,0,Oil supply spike,FALSE,combined,vix,NA,NA
22,zinc,0,Oil supply spike,FALSE,combined,vix,NA,NA
23,zinc,0,Oil supply spike,FALSE,combined,vix,NA,NA
24,zinc,0,Oil supply spike,FALSE,combined,vix,NA,NA
