date,crude_petro,crude_brent,crude_dubai,ngas_us,ngas_eur,Cocoa,coffee_arabic,coffee_robus,tea_avg,tea_colombo,tea_kolkata,tea_mombasa,coconut_oil,grnut_oil,palm_oil,Soybeans,soybean_oil,soybean_meal,barley,maize,sorghum,rice_05,wheat_us_hrw,banana_us,orange,beef,chicken,shrimp_mex,sugar_eu,sugar_us,sugar_wld,tobac_us,logs_mys,sawnwd_mys,cotton_a_indx,rubber1_mysg,phosrock,Tin,urea_ee_bulk,potash,Aluminium,iron_ore,Copper,Lead,Tin_2,Nickel,Zinc,Gold,Platinum,Silver,dap,coal_aus,logs_cmr,sawnwd_cmr,lamb,ngas_jp,i_natgas,fish_meal,wheat_us_srw,plywood,grnut,crude_wti,coal_safrica,rice_25,rice_a1,plmkrnl_oil,banana_eu,rubber_tsr20,rapeseed_oil,sunflower_oil,rice_05_vnm
1960-01-01,1.63000011444,1.63000011444,1.63000011444,0.14,0.40477399635,0.634,0.9409,0.6968643,1.0297,0.9303009,1.121401,1.0374,390,334,233,94,204,91.9,20.36480039462,45,39,104.45,59.89,0.14308,0.1151,0.7055,0.29736879194,1.4330029999999998,0.12235641,0.11684486,0.0666,1736.87,31.94,149.17497836621,0.6486,0.8223,13,53,42.25,28.5,511.47183227539,11.42,715.4,206.1,2180.4,1631,260.8,35.27,83.5,0.9137,NA,NA,NA,NA,NA,NA,NA,NA,NA,NA,NA,NA,NA,NA,NA,NA,NA,NA,NA,NA,NA
1960-02-01,1.63000011444,1.63000011444,1.63000011444,0.14,0.40477399635,0.608,0.9469,0.6887074,1.0297,0.9303009,1.121401,1.0374,379,341,229,91,201,86.7,20.410463549929997,44,39,103.54,60.99,0.14308,0.1092,0.7121,0.29742454679,1.4991415999999995,0.12235641,0.11904948,0.0679,1736.87,31.94,149.17497836621,0.6453,0.8289,13,53,42.25,28.5,511.47183227539,11.42,728.19,203.7,2180.4,1631,244.9,35.27,83.5,0.9137,NA,NA,NA,NA,NA,NA,NA,NA,NA,NA,NA,NA,NA,NA,NA,NA,NA,NA,NA,NA,NA
1960-03-01,1.63000011444,1.63000011444,1.63000011444,0.14,0.40477399635,0.5789,0.9281,0.6887074,1.0297,0.9303009,1.121401,1.0374,361,338,225,92,201,84.1,20.71817486291,45,35,103.79,61.73,0.14308,0.1319,0.7694,0.29783404399,1.4991415999999995,0.12235641,0.1212541,0.0683,1736.87,31.94,149.17497836621,0.6464,0.8576,13,53,42.25,28.5,511.47183227539,11.42,684.94,210.3,2173.8,1631,248.7,35.27,83.5,0.9137,NA,NA,NA,NA,NA,NA,NA,NA,NA,NA,NA,NA,NA,NA,NA,NA,NA,NA,NA,NA,NA
1960-04-01,1.63000011444,1.63000011444,1.63000011444,0.14,0.40477399635,0.5983,0.9303,0.6845187,1.0297,0.9303009,1.121401,1.0374,338,333,225,93,207,86.7,20.63803635525,45,35,100.97,60.99,0.14308,0.1363,0.8378,0.29902148269,1.6755112,0.12235641,0.12345872,0.0681,1736.87,31.94,149.17497836621,0.6435,0.8642,13,53,42.25,28.5,511.47183227539,11.42,723.11,213.6,2178.2,1631,254.6,35.27,83.5,0.9137,NA,NA,NA,NA,NA,NA,NA,NA,NA,NA,NA,NA,NA,NA,NA,NA,NA,NA,NA,NA,NA
1960-05-01,1.63000011444,1.63000011444,1.63000011444,0.14,0.40477399635,0.6001,0.92,0.6906915,1.0297,0.9303009,1.121401,1.0374,321,335,225,93,209,81.5,20.60605582852,48,35,102.15,57.69,0.149,0.1444,0.7562,0.29903147754,1.7636959999999997,0.12235641,0.1212541,0.0683,1736.87,31.94,149.17497836621,0.6468,0.9281,13,53,42.25,28.5,511.47183227539,11.42,684.75,213.4,2162.7,1631,253.8,35.27,83.5,0.9137,NA,NA,NA,NA,NA,NA,NA,NA,NA,NA,NA,NA,NA,NA,NA,NA,NA,NA,NA,NA,NA
1960-06-01,1.63000011444,1.63000011444,1.63000011444,0.14,0.40477399635,0.5944,0.9123,0.6968643,1.0297,0.9303009,1.121401,1.0374,287,334,219,91,218,80.3,20.126535821,47,36,103.13,55.48,0.149,0.1385,0.7077,0.29964312137,1.7636959999999997,0.12235641,0.12566334,0.0666,1736.87,31.94,149.17497836621,0.6559,0.8929,13,53,42.25,28.5,511.47183227539,11.42,691.59,202.4,2184.8,1631,249.8,35.27,83.5,0.9137,NA,NA,NA,NA,NA,NA,NA,NA,NA,NA,NA,NA,NA,NA,NA,NA,NA,NA,NA,NA,NA
1960-07-01,1.63000011444,1.63000011444,1.63000011444,0.14,0.40477399635,0.6045,0.916,0.6906915,1.0297,0.9303009,1.121401,1.0374,298,336,221,92,224,77.7,20.03778574838,47,39.9,102.05,54.75,0.149,0.1292,0.7474,0.30002403053,1.7416497999999998,0.12235641,0.1322772,0.0728,1736.87,31.94,149.17497836621,0.6572,0.787,13,53,42.25,28.5,511.47183227539,11.42,702.39,196.2,2248.7,1631,248.7,35.27,83.5,0.9137,NA,NA,NA,NA,NA,NA,NA,NA,NA,NA,NA,NA,NA,NA,NA,NA,NA,NA,NA,NA,NA
1960-08-01,1.63000011444,1.63000011444,1.63000011444,0.14,0.40477399635,0.5882,0.9292,0.6988484,1.0297,0.9303009,1.121401,1.0374,292,336,225,93,237,77.7,20.133178932290004,47,39,109.71,55.12,0.12699,0.1292,0.7826,0.30082839881,1.5873263999999998,0.12235641,0.12786796,0.0741,1736.87,31.94,149.17497836621,0.6534,0.7209,13,53,42.25,28.5,511.47183227539,11.42,675.94,195.3,2204.6,1631,241,35.27,83.5,0.9137,NA,NA,NA,NA,NA,NA,NA,NA,NA,NA,NA,NA,NA,NA,NA,NA,NA,NA,NA,NA,NA
1960-09-01,1.63000011444,1.63000011444,1.63000011444,0.14,0.40477399635,0.5827,0.9226,0.7028166,1.0297,0.9303009,1.121401,1.0374,276,323,224,92,231,82.8,20.26041462295,46,35,116.1,56.59,0.138,0.1292,0.8091,0.30245576462,1.5211878,0.12235641,0.1322772,0.0725,1736.87,31.94,149.17497836621,0.6618,0.7275,13,53,42.25,28.5,511.47183227539,11.42,647.06,192.7,2226.7,1631,240.1,35.27,83.5,0.9137,NA,NA,NA,NA,NA,NA,NA,NA,NA,NA,NA,NA,NA,NA,NA,NA,NA,NA,NA,NA,NA
1960-10-01,1.63000011444,1.63000011444,1.63000011444,0.14,0.40477399635,0.5858,0.9237,0.7067849,1.0297,0.9303009,1.121401,1.0374,280,310,222,88,237,75.1,19.7229103207,42,35,115.21,56.95,0.1541,0.1292,0.7099,0.30200390083,1.6314188,0.12235641,0.13007258,0.0538,1736.87,31.94,149.17497836621,0.6656,0.6856,13,53,42.25,28.5,511.47183227539,11.42,612.66,185.2,2226.7,1631,242.3,35.27,83.5,0.9137,NA,NA,NA,NA,NA,NA,NA,NA,NA,NA,NA,NA,NA,NA,NA,NA,NA,NA,NA,NA,NA
1960-11-01,1.63000011444,1.63000011444,1.63000011444,0.14,0.40477399635,0.5695,0.9116,0.7089895,1.0297,0.9303009,1.121401,1.0374,274,303,222,90,259,68.6,19.19704754548,38,35,114.43,57.69,0.127,0.1488,0.6349,0.30164398589,1.6314188,0.12235641,0.13007258,0.052,1736.87,31.94,149.17497836621,0.6651,0.6283,13,53,42.25,28.5,511.47183227539,11.42,642.13,188.1,2204.6,1631,241.4,35.27,83.5,0.9137,NA,NA,NA,NA,NA,NA,NA,NA,NA,NA,NA,NA,NA,NA,NA,NA,NA,NA,NA,NA,NA
1960-12-01,1.63000011444,1.63000011444,1.63000011444,0.14,0.40477399635,0.5238,0.9006,0.6968643,1.0297,0.9303009,1.121401,1.0374,252,301,223,93,259,79,19.628964677850004,40,36,112.66,58.05,0.149,0.1188,0.6658,0.3042832467,1.5211878,0.12235641,0.13007258,0.0635,1736.87,31.94,149.17497836621,0.6649,0.6195,13,53,42.25,28.5,511.47183227539,11.42,636.91,179.2,2189.2,1631,228.2,35.27,83.5,0.9137,NA,NA,NA,NA,NA,NA,NA,NA,NA,NA,NA,NA,NA,NA,NA,NA,NA,NA,NA,NA,NA
1961-01-01,1.57,1.57,1.57,0.15,0.40477399635,0.485,0.9145,0.6765823,0.9518,0.8925009,0.978601,0.9841996,269,331,223,102,278,85.4,20.27695551294,43,38,113.47,58.79,0.127,0.1143,0.6371,0.30611670553,1.5211878,0.124340568,0.12786796,0.0646,1563.19,33.06,151.97728078765,0.6636,0.5997,13,52,42.25,30,511.47183227539,11.02,606.71,175.9,2162.7,1711,218,35.25,83.5,0.9137,NA,NA,NA,NA,NA,NA,NA,NA,NA,NA,NA,NA,NA,NA,NA,NA,NA,NA,NA,NA,NA
1961-02-01,1.57,1.57,1.57,0.15,0.40477399635,0.4881,0.9167,0.6765823,0.9518,0.8925009,0.978601,0.9841996,281,349,228,114,303,94.6,20.53174281384999,44,39,109.52,59.16,0.127,0.1116,0.6393,0.30827661225,1.5432339999999998,0.124340568,0.12566334,0.0626,1563.19,33.06,151.97728078765,0.6784,0.5754,13,52,42.25,30,511.47183227539,11.02,616.63,179.9,2187,1711,228.2,35.25,83.5,0.9137,NA,NA,NA,NA,NA,NA,NA,NA,NA,NA,NA,NA,NA,NA,NA,NA,NA,NA,NA,NA,NA
1961-03-01,1.57,1.57,1.57,0.15,0.40477399635,0.4581,0.9105,0.6684254,0.9518,0.8925009,0.978601,0.9841996,276,373,231,121,311,98.5,20.3878491928,44,39,117.65,58.05,0.14308,0.1238,0.7826,0.3096311952,1.5211878,0.124340568,0.12345872,0.0626,1563.19,33.06,151.97728078765,0.6748,0.6151,13,52,42.25,30,511.47183227539,11.02,621.26,181.7,2248.7,1711,233.2,35.25,83.5,0.9137,NA,NA,NA,NA,NA,NA,NA,NA,NA,NA,NA,NA,NA,NA,NA,NA,NA,NA,NA,NA,NA
1961-04-01,1.57,1.57,1.57,0.15,0.40477399635,0.4354,0.9017,0.6644572,0.9518,0.8925009,0.978601,0.9841996,269,369,233,129,322,110.7,20.142683211789997,43,38,115.17,57.32,0.14308,0.1293,0.7099,0.31200864933,1.5211878,0.124340568,0.12345872,0.0668,1563.19,33.06,151.97728078765,0.6726,0.6393,13,52,42.25,30,511.47183227539,11.02,631.84,185,2308.2,1711,231.3,35.25,83.5,0.9137,NA,NA,NA,NA,NA,NA,NA,NA,NA,NA,NA,NA,NA,NA,NA,NA,NA,NA,NA,NA,NA
1961-05-01,1.57,1.57,1.57,0.15,0.40477399635,0.4848,0.8929,0.6622526,0.9518,0.8925009,0.978601,0.9841996,258,352,234,122,314,109.1,20.252902937939997,45,42,119.42,55.85,0.129,0.1293,0.6371,0.3126442582,1.4991415999999995,0.124340568,0.13007258,0.0703,1563.19,33.06,151.97728078765,0.6781,0.6437,13,52,42.25,30,511.47183227539,11.02,668.44,183.6,2376.6,1711,227.1,35.25,83.5,0.9137,NA,NA,NA,NA,NA,NA,NA,NA,NA,NA,NA,NA,NA,NA,NA,NA,NA,NA,NA,NA,NA
1961-06-01,1.57,1.57,1.57,0.15,0.40477399635,0.4907,0.8891,0.6664412,0.9518,0.8925009,0.978601,0.9841996,243,330,233,114,295,98.5,19.884612191519995,44,45,121.4,54.38,0.121,0.1932,0.6768,0.31210954493,1.5211878,0.124340568,0.13007258,0.0655,1563.19,33.06,151.97728078765,0.6764,0.6063,13,52,42.25,30,511.47183227539,11.02,652.12,178.4,2467,1711,217.8,35.25,83.5,0.9137,NA,NA,NA,NA,NA,NA,NA,NA,NA,NA,NA,NA,NA,NA,NA,NA,NA,NA,NA,NA,NA
1961-07-01,1.57,1.57,1.57,0.15,0.40477399635,0.4753,0.8929,0.6684254,0.9518,0.8925009,0.978601,0.9841996,245,328,229,112,282,99.9,20.443309274599994,45,45,123.41,56.59,0.132,0.133,0.668,0.31312891829,1.5652802,0.124340568,0.12786796,0.0609,1563.19,33.06,151.97728078765,0.6757,0.6085,13,52,42.25,30,511.47183227539,11.02,633.39,178.8,2519.9,1711,214.7,35.25,83.5,0.9137,NA,NA,NA,NA,NA,NA,NA,NA,NA,NA,NA,NA,NA,NA,NA,NA,NA,NA,NA,NA,NA
1961-08-01,1.57,1.57,1.57,0.15,0.40477399635,0.4795,0.8935,0.6684254,0.9518,0.8925009,0.978601,0.9841996,248,321,226,101,276,102.5,20.67747910456,44,44,119.63,58.79,0.132,0.133,0.6945,0.31430717108,1.8077884,0.124340568,0.1212541,0.0536,1563.19,33.06,151.97728078765,0.6717,0.6151,13,52,42.25,30,511.47183227539,11.02,636.47,178.4,2605.9,1711,210.8,35.25,83.5,0.9137,NA,NA,NA,NA,NA,NA,NA,NA,NA,NA,NA,NA,NA,NA,NA,NA,NA,NA,NA,NA,NA
1961-09-01,1.57,1.57,1.57,0.15,0.40477399635,0.465,0.8891,0.6723936,0.9518,0.8925009,0.978601,0.9841996,243,301,226,98,267,92,20.723349629309997,43,45,118.99,59.89,0.1459,0.133,0.7055,0.31369094446,1.8959732,0.124340568,0.1212541,0.0542,1563.19,33.06,151.97728078765,0.6737,0.6173,13,52,42.25,30,511.47183227539,11.02,632.72,176.4,2630.1,1711,203.7,35.25,83.5,0.9137,NA,NA,NA,NA,NA,NA,NA,NA,NA,NA,NA,NA,NA,NA,NA,NA,NA,NA,NA,NA,NA
1961-10-01,1.57,1.57,1.57,0.15,0.40477399635,0.4603,0.8852,0.6723936,0.9518,0.8925009,0.978601,0.9841996,236,293,226,98,270,86.7,21.56732615378,47.64,40,120.32,60.26,0.132,0.133,0.6746,0.31372890514,1.9400656,0.124340568,0.12345872,0.0527,1563.19,33.06,151.97728078765,0.6764,0.593,13,52,42.25,30,511.47183227539,11.02,630.3,172.5,2605.9,1711,198.2,35.25,83.5,0.9137,NA,NA,NA,NA,NA,NA,NA,NA,NA,NA,NA,NA,NA,NA,NA,NA,NA,NA,NA,NA,NA
1961-11-01,1.57,1.57,1.57,0.15,0.40477399635,0.4808,0.883,0.6704095,0.9518,0.8925009,0.978601,0.9841996,236,297,226,100,265,92,21.966390309069997,48.42,41,128.32,61.73,0.149,0.1565,0.6371,0.31536261584,1.9621118,0.124340568,0.12566334,0.0509,1563.19,33.06,151.97728078765,0.6643,0.5423,13,52,42.25,30,511.47183227539,11.02,632.28,166.4,2667.6,1711,191.8,35.25,83.5,0.9231,NA,NA,NA,NA,NA,NA,NA,NA,NA,NA,NA,NA,NA,NA,NA,NA,NA,NA,NA,NA,NA
1961-12-01,1.57,1.57,1.57,0.15,0.40477399635,0.5397,0.8774,0.6664412,0.9518,0.8925009,0.978601,0.9841996,237,319,226,101,265,93,22.12187689663,48.42,41,120.1,62.46,0.138,0.1061,0.7209,0.31634795409,2.0282503999999997,0.124340568,0.12786796,0.0487,1563.19,33.06,151.97728078765,0.6605,0.56,13,52,42.25,30,511.47183227539,11.02,634.85,166.7,2619.1,1711,196.9,35.25,83.5,1.0332,NA,NA,NA,NA,NA,NA,NA,NA,NA,NA,NA,NA,NA,NA,NA,NA,NA,NA,NA,NA,NA
1962-01-01,1.52,1.52,1.52,0.16,0.40477399635,0.4588,0.8774,0.6684254,0.973,0.8610009,1.104601,0.9533996,246.9,327.94,235.89,101.41,265,80.2,21.797246652469997,48.03,44.53,117.79,60.63,0.131,0.101,0.7628,0.31518829481,2.0282503999999997,0.126324726,0.12786796,0.0465,1404.9,36.39,160.06096878503,0.6598,0.5754,11.5,51,42.25,30,511.47183227539,11.01,635.37,162.9,2610.3,1761,193.6,35.23,83.5,1.0428,NA,NA,NA,NA,NA,NA,NA,NA,NA,NA,NA,NA,NA,NA,NA,NA,NA,NA,NA,NA,NA
1962-02-01,1.52,1.52,1.52,0.16,0.40477399635,0.4945,0.877,0.6684254,0.973,0.8610009,1.104601,0.9533996,248.6,299.28,237,100.59,259,77.9,21.953671816919996,48.03,44.53,119.18,61.36,0.136,0.1031,0.7584,0.3153355302,2.0723427999999995,0.126324726,0.12786796,0.0498,1404.9,36.39,160.06096878503,0.6631,0.5952,11.5,51,42.25,30,504.85797119141,11.01,647.94,161.9,2623.5,1761,189.6,35.23,83.5,1.0247,NA,NA,NA,NA,NA,NA,NA,NA,NA,NA,NA,NA,NA,NA,NA,NA,NA,NA,NA,NA,NA
1962-03-01,1.52,1.52,1.52,0.16,0.40477399635,0.4414,0.8609,0.6704095,0.973,0.8610009,1.104601,0.9533996,250.8,290.73,223.22,102.79,256,82.5,22.17561032843,48.82,45.64,123.75,61.73,0.149,0.1072,0.7055,0.31665114793,2.0723427999999995,0.126324726,0.12786796,0.0558,1404.9,36.39,160.06096878503,0.6634,0.5754,11.5,51,42.25,30,496.03948974609,11.01,647.5,167.1,2652.2,1761,191.4,35.23,83.5,1.015,NA,NA,NA,NA,NA,NA,NA,NA,NA,NA,NA,NA,NA,NA,NA,NA,NA,NA,NA,NA,NA
1962-04-01,1.52,1.52,1.52,0.16,0.40477399635,0.4647,0.8466,0.6743777,0.973,0.8610009,1.104601,0.9533996,260.7,281.64,220.46,104.44,254,83.7,22.27341882951,48.82,46.52,130.84,62.1,0.1459,0.1024,0.6548,0.31738923355,2.094389,0.126324726,0.12786796,0.0571,1404.9,36.39,160.06096878503,0.6598,0.5666,11.5,51,42.25,30,496.03948974609,11.01,645.95,166.7,2614.7,1761,191.4,35.23,83.5,1.015,NA,NA,NA,NA,NA,NA,NA,NA,NA,NA,NA,NA,NA,NA,NA,NA,NA,NA,NA,NA,NA
1962-05-01,1.52,1.52,1.52,0.16,0.40477399635,0.4654,0.8256,0.6723936,0.973,0.8610009,1.104601,0.9533996,253.3,270.34,219.08,103.62,234,85.9,22.675147729230005,49.6,47.18,149.14,63.57,0.1369,0.1017,0.7297,0.3182855276,2.1605276000000004,0.126324726,0.12786796,0.0553,1404.9,36.39,160.06096878503,0.6598,0.5644,11.5,51,42.25,30,496.03948974609,11.01,645.73,164.9,2533.1,1761,188.5,35.23,83.5,1.015,NA,NA,NA,NA,NA,NA,NA,NA,NA,NA,NA,NA,NA,NA,NA,NA,NA,NA,NA,NA,NA
1962-06-01,1.52,1.52,1.52,0.16,0.40477399635,0.4729,0.8047,0.6723936,0.973,0.8610009,1.104601,0.9533996,239.5,264.59,216.33,102.24,215,89.4,22.832105960450004,49.6,47.18,144.11,64.3,0.1239,0.1038,0.7893,0.31937532362,2.2707585999999997,0.126324726,0.12786796,0.0562,1404.9,36.39,160.06096878503,0.6572,0.5401,11.5,51,42.25,30,496.03948974609,11.01,645.51,159,2414.1,1761,184.7,35.23,83.5,1.0227,NA,NA,NA,NA,NA,NA,NA,NA,NA,NA,NA,NA,NA,NA,NA,NA,NA,NA,NA,NA,NA
1962-07-01,1.52,1.52,1.52,0.16,0.40477399635,0.461,0.8131,0.6765823,0.973,0.8610009,1.104601,0.9533996,240.3,266.76,212.75,100.86,198,91.7,22.92273673275999,48.82,44.34,144.22,65.4,0.11508,0.108,0.7562,0.32026978996,2.2707585999999997,0.126324726,0.12786796,0.0621,1404.9,36.39,160.06096878503,0.649,0.5467,11.5,51,42.25,30,496.03948974609,11.01,645.51,148.4,2376.6,1761,182.1,35.23,83.5,1.0355,NA,NA,NA,NA,NA,NA,NA,NA,NA,NA,NA,NA,NA,NA,NA,NA,NA,NA,NA,NA,NA
1962-08-01,1.52,1.52,1.52,0.16,0.40477399635,0.4588,0.819,0.6845187,0.973,0.8610009,1.104601,0.9533996,244.7,265.1,209.16,95.35,198,94,22.87706753977,47.24,42.55,142.92,66.51,0.1151,0.108,0.7452,0.32115812179,2.3809896,0.126324726,0.13007258,0.0646,1404.9,36.39,160.06096878503,0.6387,0.5313,11.5,51,42.25,30,496.03948974609,11.01,645.51,140.7,2350.1,1761,178.1,35.23,83.5,1.083,NA,NA,NA,NA,NA,NA,NA,NA,NA,NA,NA,NA,NA,NA,NA,NA,NA,NA,NA,NA,NA
1962-09-01,1.52,1.52,1.52,0.16,0.40477399635,0.45,0.8256,0.6946597,0.973,0.8610009,1.104601,0.9533996,246.6,268.69,205.3,95.35,198,102,22.864260300200005,47.64,42.55,140.64,65.77,0.119,0.108,0.8003,0.322833288,2.5353129999999995,0.126324726,0.12786796,0.0626,1404.9,36.39,160.06096878503,0.627,0.5401,11.5,51,42.25,30,496.03948974609,11.01,645.51,143.1,2350.1,1761,176.6,35.23,83.5,1.1546,NA,NA,NA,NA,NA,NA,NA,NA,NA,NA,NA,NA,NA,NA,NA,NA,NA,NA,NA,NA,NA
1962-10-01,1.52,1.52,1.52,0.16,0.40477399635,0.4365,0.8109,0.6946597,0.973,0.8610009,1.104601,0.9533996,253.5,251.6,196.76,97,212,92.8,22.665886068850003,47.64,42.77,142.95,64.3,0.1239,0.108,0.6768,0.32208198892,2.4912205999999997,0.126324726,0.13007258,0.0666,1404.9,36.39,160.06096878503,0.6266,0.5688,11.5,51,42.25,30,496.03948974609,11.01,645.95,146.2,2358.9,1761,181.9,35.23,83.5,1.206,NA,NA,NA,NA,NA,NA,NA,NA,NA,NA,NA,NA,NA,NA,NA,NA,NA,NA,NA,NA,NA
1962-11-01,1.52,1.52,1.52,0.16,0.40477399635,0.4383,0.8124,0.6926757,0.973,0.8610009,1.104601,0.9533996,257.4,251.05,208.06,100.59,220,94,23.537040897090005,48.42,43.43,142.5,68.71,0.1499,0.1446,0.5886,0.32281075629,2.3809896,0.126324726,0.12786796,0.0754,1404.9,36.39,160.06096878503,0.6345,0.5776,11.5,51,42.25,30,496.03948974609,11.01,645.51,149.7,2407.4,1761,188.5,35.23,83.5,1.1917,NA,NA,NA,NA,NA,NA,NA,NA,NA,NA,NA,NA,NA,NA,NA,NA,NA,NA,NA,NA,NA
1962-12-01,1.52,1.52,1.52,0.16,0.40477399635,0.4533,0.8179,0.7169259,0.973,0.8610009,1.104601,0.9533996,272.3,254.36,210.82,102.24,215,94,23.85507759379,51.18,45.190000000000005,121.07,67.61,0.131,0.1003,0.6019,0.32336352213,2.2707585999999997,0.126324726,0.13007258,0.0882,1404.9,36.39,160.06096878503,0.653,0.582,11.5,51,42.25,30,496.03948974609,11.01,645.73,152.8,2365.6,1761,184.7,35.23,83.5,1.1987,NA,NA,NA,NA,NA,NA,NA,NA,NA,NA,NA,NA,NA,NA,NA,NA,NA,NA,NA,NA,NA
1963-01-01,1.5,1.5,1.5,0.16,0.39135113795,0.4991,0.8267,0.6521116,0.9529,0.8148008,1.083601,0.9603996,278.9,261.25,217.71,107.47,223,92.3,24.08490904168,52.75,46.52,121.77,67.24,0.131,0.0801,0.571,0.32366461983,2.2928048,0.12676565,0.13448182,0.1157,1343.61,36.67,160.72484756487,0.6581,0.5732,11.5,52,42.25,30,496.03948974609,11.02,645.51,149.4,2350.1,1741,186.3,35.09,83.5,1.2438,NA,NA,NA,NA,NA,NA,NA,NA,NA,NA,NA,NA,NA,NA,NA,NA,NA,NA,NA,NA,NA
1963-02-01,1.5,1.5,1.5,0.16,0.39135113795,0.5439,0.8031,0.6137521,0.9529,0.8148008,1.083601,0.9603996,272.5,264.83,217.71,109.96,231,92.3,24.368774699269995,53.15,47.18,123.35,68.34,0.131,0.0806,0.5556,0.32448775452,2.2928048,0.12676565,0.13668644,0.1305,1343.61,36.67,160.72484756487,0.6546,0.5644,11.5,52,42.25,30,496.03948974609,11.02,645.51,150.6,2350.1,1742,191.6,35.09,83.5,1.2564,NA,NA,NA,NA,NA,NA,NA,NA,NA,NA,NA,NA,NA,NA,NA,NA,NA,NA,NA,NA,NA
1963-03-01,1.5,1.5,1.5,0.16,0.39135113795,0.5318,0.8109,0.6157362,0.9529,0.8148008,1.083601,0.9603996,272.5,264.28,217.71,109.13,229,90.1,24.463360895099996,52.36,47.18,123.28,69.45,0.131,0.0847,0.5622,0.32497767593,2.2928048,0.12676565,0.14109568,0.1431,1343.61,36.94,161.36281156287,0.6495,0.5445,11.5,52,42.25,30,496.03948974609,11.02,645.51,153.7,2358.9,1742,197.5,35.09,83.5,1.2714,NA,NA,NA,NA,NA,NA,NA,NA,NA,NA,NA,NA,NA,NA,NA,NA,NA,NA,NA,NA,NA
1963-04-01,1.5,1.5,1.5,0.16,0.39135113795,0.5631,0.808,0.6157362,0.9529,0.8148008,1.083601,0.9603996,278.3,261.52,217.71,107.2,229,86.8,24.676750106379995,51.97,46.3,122.38,70.92,0.131,0.0969,0.6504,0.32528488073,2.2928048,0.12676565,0.16314188,0.1647,1343.61,36.94,161.36281156287,0.6422,0.549,11.5,52,42.25,30,496.03948974609,11.02,645.73,159.4,2427.3,1741,204.4,35.09,78.5,1.2729,NA,NA,NA,NA,NA,NA,NA,NA,NA,NA,NA,NA,NA,NA,NA,NA,NA,NA,NA,NA,NA
1963-05-01,1.5,1.5,1.5,0.16,0.39135113795,0.6076,0.797,0.6117679,0.9529,0.8148008,1.083601,0.9603996,279.7,268.69,217.71,109.13,231,86.8,24.24407569879,52.36,46.52,123.17,67.61,0.131,0.1143,0.69,0.32611213603,2.2266661999999995,0.12676565,0.22487124,0.2191,1343.61,37.78,163.33399554736,0.6391,0.5401,11.5,52,42.25,30,496.03948974609,11.02,645.51,167.1,2495.6,1742,209.4,35.09,78.5,1.2787,NA,NA,NA,NA,NA,NA,NA,NA,NA,NA,NA,NA,NA,NA,NA,NA,NA,NA,NA,NA,NA
1963-06-01,1.5,1.5,1.5,0.16,0.39135113795,0.5622,0.7992,0.6117679,0.9529,0.8148008,1.083601,0.9603996,282.5,274.47,219.91,108.3,231,90.1,23.173049503649995,55.51,48.28,128.13,58.42,0.131,0.1204,0.69,0.32746340894,2.20462,0.12676565,0.17857422,0.2154,1343.61,37.5,162.6791953946,0.6389,0.5313,11.5,52,42.25,30,496.03948974609,11.02,645.73,179,2500,1742,209.2,35.09,78.5,1.2768,NA,NA,NA,NA,NA,NA,NA,NA,NA,NA,NA,NA,NA,NA,NA,NA,NA,NA,NA,NA,NA
1963-07-01,1.5,1.5,1.5,0.16,0.39135113795,0.5249,0.8064,0.6157362,0.9529,0.8148008,1.083601,0.9603996,286.3,274.47,221.84,108.58,229,91,23.246436737829992,56.69,48.379999999999995,130.63,57.69,0.131,0.094,0.7562,0.32843572303,2.0282503999999997,0.12676565,0.16314188,0.1975,1343.61,36.11,159.3947360582,0.6385,0.5203,11.5,52,42.25,30,496.03948974609,11.02,645.51,179.5,2482.4,1741,204.8,35.09,78.5,1.2899,NA,NA,NA,NA,NA,NA,NA,NA,NA,NA,NA,NA,NA,NA,NA,NA,NA,NA,NA,NA,NA
1963-08-01,1.5,1.5,1.5,0.16,0.39135113795,0.521,0.8047,0.6117679,0.9529,0.8148008,1.083601,0.9603996,291.8,264.55,224.6,105.82,207,91,23.25004988055,55.51,47.84,129.86,58.42,0.168,0.094,0.8333,0.32927099146,1.7196035999999997,0.12676565,0.1322772,0.1413,1343.61,34.72,156.05158283118,0.6433,0.4916,11.5,52,42.25,30,496.03948974609,11.02,645.51,184.7,2495.6,1742,210.3,35.09,78.95,1.2878,NA,NA,NA,NA,NA,NA,NA,NA,NA,NA,NA,NA,NA,NA,NA,NA,NA,NA,NA,NA,NA
1963-09-01,1.5,1.5,1.5,0.16,0.39135113795,0.5509,0.802,0.6238931,0.9529,0.8148008,1.083601,0.9603996,297.6,265.66,224.6,108.58,204,91,23.7462806576,55.9,48.94,130.29,60.63,0.1561,0.094,0.6967,0.33010838412,1.6755112,0.12676565,0.14991416,0.1607,1343.61,33.89,154.02590822863,0.6499,0.4806,11.5,52,42.25,30,496.03948974609,11.02,645.51,187,2572.8,1742,211.2,35.09,80.75,1.2926,NA,NA,NA,NA,NA,NA,NA,NA,NA,NA,NA,NA,NA,NA,NA,NA,NA,NA,NA,NA,NA
1963-10-01,1.5,1.5,1.5,0.16,0.39135113795,0.5807,0.8042,0.6258772,0.9529,0.8148008,1.083601,0.9603996,303.7,275.58,227.35,116.84,234,91,24.13976486436,53.15,48.98,128.72,65.04,0.1759,0.094,0.668,0.33094790641,1.5873263999999998,0.12676565,0.19400656,0.2304,1343.61,32.78,151.28085269524,0.6453,0.496,11.5,52,42.25,30,507.06259155273,11.02,645.51,192,2590.4,1741,220.9,35.09,80.5,1.293,NA,NA,NA,NA,NA,NA,NA,NA,NA,NA,NA,NA,NA,NA,NA,NA,NA,NA,NA,NA,NA
1963-11-01,1.5,1.5,1.5,0.16,0.39135113795,0.5706,0.8069,0.6318295,0.9529,0.8148008,1.083601,0.9603996,303.4,274.47,230.11,116.02,223,91,24.054953805840004,52.36,48.98,124.84,65.04,0.153,0.094,0.6327,0.33178956376,1.653465,0.12676565,0.19180194,0.2542,1343.61,32.5,150.5816827559,0.6435,0.496,11.5,52,42.25,30,507.06259155273,11.02,645.73,190.5,2687.4,1742,231.5,35.09,82.97,1.293,NA,NA,NA,NA,NA,NA,NA,NA,NA,NA,NA,NA,NA,NA,NA,NA,NA,NA,NA,NA,NA
1963-12-01,1.5,1.5,1.5,0.16,0.39135113795,0.5723,0.7998,0.6521116,0.9529,0.8148008,1.083601,0.9603996,288.8,272.27,231.76,114.09,212,98.8,24.281283312949995,53.54,48.98,121.54,65.04,0.159,0.0811,0.69,0.33380479678,1.6975574000000002,0.12676565,0.18077884,0.2262,1343.61,33.33,152.64627140931,0.6442,0.4696,11.5,52,42.25,30,507.06259155273,11.02,650.14,204.8,2782.2,1742,261,35.09,83.5,1.293,NA,NA,NA,NA,NA,NA,NA,NA,NA,NA,NA,NA,NA,NA,NA,NA,NA,NA,NA,NA,NA
1964-01-01,1.45,1.45,1.45,0.15,0.38414980236,0.5549,0.9259,0.7008326,0.927,0.8190008,1.039501,0.9225996,286.9,269.79,232.86,116.84,215,98.8,24.39335944491,55.12,49.6,124.01,64.04,0.1519,0.0766,0.7297,0.33465371969,1.7636959999999997,0.12676565,0.19180194,0.231,1488.3,32.78,151.28085269524,0.6559,0.4519,12.5,53,60.5,32.5,507.06259155273,10.24,655.65,217.6,2872.6,1741,264.1,35.1,88.27,1.293,NA,NA,NA,NA,NA,NA,NA,NA,NA,NA,NA,NA,NA,NA,NA,NA,NA,NA,NA,NA,NA
1964-02-01,1.45,1.45,1.45,0.15,0.38414980236,0.5077,0.9414,0.7211145,0.927,0.8190008,1.039501,0.9225996,271.4,258.49,232.59,112.71,209,95.5,24.424311805499997,52.75,49.9,119.06,66.14,0.1601,0.0805,0.7915,0.33498084707,1.6975574000000002,0.12676565,0.16314188,0.1991,1488.3,32.78,151.28085269524,0.6556,0.4718,12.5,53,60.5,32.5,507.06259155273,10.24,693.79,223.1,3060,1742,270.5,35.1,88.5,1.293,NA,NA,NA,NA,NA,NA,NA,NA,NA,NA,NA,NA,NA,NA,NA,NA,NA,NA,NA,NA,NA
1964-03-01,1.45,1.45,1.45,0.15,0.38414980236,0.5084,1.0351,0.7797561,0.927,0.8190008,1.039501,0.9225996,280.5,265.1,232.86,110.51,209,94.4,24.840609975199996,54.33,48.98,115.11,66.87,0.1649,0.0871,0.8157,0.33562932596,1.6314188,0.12676565,0.14770954,0.1612,1488.3,31.94,149.17497836621,0.6548,0.496,12.5,53,60.5,32.5,524.69946289063,10.24,745.16,223.8,2958.6,1742,277.1,35.1,88.5,1.293,NA,NA,NA,NA,NA,NA,NA,NA,NA,NA,NA,NA,NA,NA,NA,NA,NA,NA,NA,NA,NA
1964-04-01,1.45,1.45,1.45,0.15,0.38414980236,0.4784,1.0042,0.8161315,0.927,0.8190008,1.039501,0.9225996,280.3,273.1,232.86,106.65,204,90,25.19431726534,55.51,48.06,116.89,67.61,0.201,0.0858,0.8289,0.33575985012,1.6093726,0.12676565,0.14991416,0.1711,1488.3,30.56,145.65920662297,0.6521,0.4982,12.5,53,60.5,32.5,529.10888671875,10.24,861.56,226.8,2879.2,1741,298.7,35.1,88.5,1.293,NA,NA,NA,NA,NA,NA,NA,NA,NA,NA,NA,NA,NA,NA,NA,NA,NA,NA,NA,NA,NA
1964-05-01,1.45,1.45,1.45,0.15,0.38414980236,0.4766,1.0203,0.8284771,0.927,0.8190008,1.039501,0.9225996,282.5,292.39,232.86,104.72,215,84.5,25.61094016016,55.9,48.06,117.02,69.45,0.205,0.0792,0.8708,0.33567042602,1.6314188,0.12676565,0.1322772,0.1545,1488.3,29.44,142.75178459014,0.6559,0.496,12.5,53,60.5,32.5,529.10888671875,10.24,828.28,243.8,2910.1,1742,343,35.1,88.5,1.293,NA,NA,NA,NA,NA,NA,NA,NA,NA,NA,NA,NA,NA,NA,NA,NA,NA,NA,NA,NA,NA
1964-06-01,1.45,1.45,1.45,0.15,0.38414980236,0.4954,1.0053,0.8465545,0.927,0.8190008,1.039501,0.9225996,294.9,317.19,233.96,104.44,212,85.6,24.95411839301,56.3,47.4,119.18,65.04,0.207,0.0871,0.8554,0.33667293363,1.8077884,0.12676565,0.12786796,0.1155,1488.3,29.44,142.75178459014,0.6594,0.4894,12.5,53,60.5,32.5,529.10888671875,10.24,808.43,246.3,3265,1742,357.1,35.1,88.5,1.293,NA,NA,NA,NA,NA,NA,NA,NA,NA,NA,NA,NA,NA,NA,NA,NA,NA,NA,NA,NA,NA
1964-07-01,1.45,1.45,1.45,0.15,0.38414980236,0.5077,1.0214,0.8183361,0.927,0.8190008,1.039501,0.9225996,303.7,335.1,235.34,102.24,209,84.5,25.570036869679996,55.9,47.4,122.61,68.71,0.168,0.084,0.9414,0.33730524235,1.8298345999999996,0.12676565,0.12345872,0.1034,1488.3,29.17,142.04331617563,0.6488,0.4784,12.5,53,60.5,32.5,529.10888671875,10.24,854.95,270.9,3452.4,1741,385.1,35.1,88.5,1.293,NA,NA,NA,NA,NA,NA,NA,NA,NA,NA,NA,NA,NA,NA,NA,NA,NA,NA,NA,NA,NA
1964-08-01,1.45,1.45,1.45,0.15,0.38414980236,0.4985,1.049,0.8183361,0.927,0.8190008,1.039501,0.9225996,303.1,323.53,235.62,104.44,223,82.5,25.42422699068,54.72,47.620000000000005,122.92,68.71,0.1561,0.084,0.8995,0.33777958625,1.7636959999999997,0.12676565,0.12345872,0.0933,1488.3,29.17,142.04331617563,0.6437,0.4784,12.5,53,60.5,32.5,529.10888671875,10.24,999.33,300.9,3512,1742,345.2,35.1,88.5,1.293,NA,NA,NA,NA,NA,NA,NA,NA,NA,NA,NA,NA,NA,NA,NA,NA,NA,NA,NA,NA,NA
1964-09-01,1.45,1.45,1.45,0.15,0.38414980236,0.5104,1.0373000000000001,0.7898972,0.927,0.8190008,1.039501,0.9225996,302.6,346.68,237.55,109.96,243,92.2,25.59364599721,55.12,48.5,123.44,69.08,0.1759,0.084,0.8179,0.34021397487,1.8959732,0.12676565,0.12345872,0.0783,1488.3,28.89,141.3054146361,0.6482,0.4982,12.5,53,60.5,32.5,529.10888671875,10.24,1162.05,300.9,3933,1742,355.1,35.1,88.5,1.293,NA,NA,NA,NA,NA,NA,NA,NA,NA,NA,NA,NA,NA,NA,NA,NA,NA,NA,NA,NA,NA
1964-10-01,1.45,1.45,1.45,0.15,0.38414980236,0.509,1.0379,0.7738038,0.927,0.8190008,1.039501,0.9225996,311.4,370.65,250.77,114.09,270,88.9,25.195592894899995,52.8,47.4,121.48,68.71,0.164,0.084,0.8444,0.34051048536,1.9180193999999997,0.12676565,0.12566334,0.0769,1488.3,28.89,141.3054146361,0.646,0.5181,12.5,53,60.5,32.5,529.10888671875,10.24,1358.27,331.8,4371.8,1741,334.4,35.1,88.5,1.293,NA,NA,NA,NA,NA,NA,NA,NA,NA,NA,NA,NA,NA,NA,NA,NA,NA,NA,NA,NA,NA
1964-11-01,1.45,1.45,1.45,0.15,0.38414980236,0.5201,1.034,0.787913,0.927,0.8190008,1.039501,0.9225996,314.4,359.63,254.91,117.67,270,84.5,25.114021779580003,52.8,47.18,120.97,67.98,0.1649,0.084,0.8356,0.34059879993,2.094389,0.12676565,0.12345872,0.0725,1488.3,29.44,142.75178459014,0.6413,0.5093,12.5,53,60.5,32.5,529.10888671875,10.24,1400.37,365.1,4105,1742,344.6,35.1,88.5,1.293,NA,NA,NA,NA,NA,NA,NA,NA,NA,NA,NA,NA,NA,NA,NA,NA,NA,NA,NA,NA,NA
1964-12-01,1.45,1.45,1.45,0.15,0.38414980236,0.5018,1.0053,0.7636628,0.927,0.8190008,1.039501,0.9225996,326,372.86,261.25,121.8,317,86.7,25.40541829245,54.33,48.720000000000006,119.08,67.98,0.1261,0.0917,0.8598,0.34180254245,2.1164351999999997,0.12456103,0.1322772,0.0591,1488.3,30.56,145.65920662297,0.6426,0.5004,12.5,53,60.5,32.5,540.1318359375,10.24,1269.2,383.6,3633.2,1742,343,35.1,88.5,1.293,NA,NA,NA,NA,NA,NA,NA,NA,NA,NA,NA,NA,NA,NA,NA,NA,NA,NA,NA,NA,NA
1965-01-01,1.42,1.42,1.42,0.16,0.41076610522,0.47,1.0119,0.6283022,1.0003,0.8463009,1.142401,1.0122,337.6,361.28,266.21,123.46,284,92.4,25.377934987640003,55.9,49.82,114.61,66.14,0.127,0.0759,0.8525,0.34356775693,2.094389,0.12456103,0.13889106,0.0513,1265.41,30.56,145.65920662297,0.6424,0.5137,14,54,65.75,29.5,540.1318359375,10.24,1000.68,347.9,3456.8,1735,322.3,35.12,93,1.293,NA,NA,NA,NA,NA,NA,NA,NA,NA,NA,NA,NA,NA,NA,NA,NA,NA,NA,NA,NA,NA
1965-02-01,1.42,1.42,1.42,0.16,0.41076610522,0.4191,1.0384,0.6371205,1.0003,0.8463009,1.142401,1.0122,356.9,373.13,283.02,128.42,303,96,24.679375180510004,56.69,49.82,115.94,61.36,0.1581,0.077,0.8519,0.34520181425,2.0062042,0.12456103,0.13889106,0.0476,1265.41,33.33,152.64627140931,0.6737,0.5181,14,54,65.75,29.5,540.1318359375,10.24,1179.91,389.6,3390.7,1735,320.3,35.12,98.5,1.293,NA,NA,NA,NA,NA,NA,NA,NA,NA,NA,NA,NA,NA,NA,NA,NA,NA,NA,NA,NA,NA
1965-03-01,1.42,1.42,1.42,0.16,0.41076610522,0.353,0.9899,0.5798017,1.0003,0.8463009,1.142401,1.0122,356.9,344.2,292.11,124.84,300,93.6,24.710340438079996,57.08,48.94,115.56,60.99,0.1519,0.078,0.8514,0.34590283672,2.0282503999999997,0.12456103,0.1322772,0.0534,1265.41,34.17,154.71179313921,0.6464,0.5203,14,54,65.75,29.5,540.1318359375,10.24,1237.23,395.3,3584.7,1735,315.9,35.12,98.5,1.293,NA,NA,NA,NA,NA,NA,NA,NA,NA,NA,NA,NA,NA,NA,NA,NA,NA,NA,NA,NA,NA
1965-04-01,1.42,1.42,1.42,0.16,0.41076610522,0.3457,0.9744,0.5469536,1.0003,0.8463009,1.142401,1.0122,356.9,325.73,297.62,123.46,295,94.8,24.604843525650004,57.48,47.84,113.29,59.89,0.162,0.0921,0.8527,0.34716961775,2.0723427999999995,0.12456103,0.1322772,0.0512,1265.41,35.56,158.07910827789,0.6493,0.5335,14,54,65.75,29.5,540.1318359375,10.24,1348.34,353,3944.1,1735,315.9,35.12,98.5,1.293,NA,NA,NA,NA,NA,NA,NA,NA,NA,NA,NA,NA,NA,NA,NA,NA,NA,NA,NA,NA,NA
1965-05-01,1.42,1.42,1.42,0.16,0.41076610522,0.3276,0.9612,0.4872098,1.0003,0.8463009,1.142401,1.0122,356.9,293.76,303.13,118.5,256,93.6,24.68019173743,58.66,47.84,111.77,59.16,0.1499,0.1463,0.8404,0.34806174504,2.0502966,0.12456103,0.13668644,0.0496,1265.41,35.56,158.07910827789,0.6504,0.5313,14,54,65.75,29.5,540.1318359375,15.3,1378.55,302,4215.2,1735,323.4,35.12,98.5,1.293,NA,NA,NA,NA,NA,NA,NA,NA,NA,NA,NA,NA,NA,NA,NA,NA,NA,NA,NA,NA,NA
1965-06-01,1.42,1.42,1.42,0.16,0.41076610522,0.2906,0.9811,0.6130906,1.0003,0.8463009,1.142401,1.0122,420.5,296.52,294.87,122.08,256,93.6,24.44930954779999,58.26,47.84,110.88,58.05,0.166,0.11,0.8618,0.34914624691,1.9621118,0.12456103,0.13668644,0.0412,1265.41,35.56,158.07910827789,0.629,0.5225,14,54,65.75,29.5,540.1318359375,10.24,1308.88,278.7,4131.5,1735,314.4,35.12,98.5,1.293,NA,NA,NA,NA,NA,NA,NA,NA,NA,NA,NA,NA,NA,NA,NA,NA,NA,NA,NA,NA,NA
1965-07-01,1.42,1.42,1.42,0.16,0.41076610522,0.259,0.9811,0.7162645,1.0003,0.8463009,1.142401,1.0122,372.6,301.76,279.99,119.88,248,101.8,24.119177946930005,56.69,47.84,112.04,57.32,0.177,0.096,0.8807,0.35149371579,1.9400656,0.12456103,0.13448182,0.0408,1265.41,35.56,158.07910827789,0.6349,0.4938,14,54,65.75,29.5,540.1318359375,10.24,1134.06,271.6,3966.1,1735,310.4,35.12,98.5,1.293,NA,NA,NA,NA,NA,NA,NA,NA,NA,NA,NA,NA,NA,NA,NA,NA,NA,NA,NA,NA,NA
1965-08-01,1.42,1.42,1.42,0.16,0.41076610522,0.3258,1.0009,0.7949677,1.0003,0.8463009,1.142401,1.0122,334.8,299.28,257.66,110.78,234,96,23.99647841614,55.12,47.4,116.92,57.69,0.17,0.096,0.8942,0.35170583883,1.8739269999999997,0.12456103,0.13668644,0.0377,1265.41,35.56,158.07910827789,0.6312,0.4828,14,54,65.75,29.5,540.1318359375,10.24,1209.9,272,4091.8,1735,303.6,35.12,98.5,1.293,NA,NA,NA,NA,NA,NA,NA,NA,NA,NA,NA,NA,NA,NA,NA,NA,NA,NA,NA,NA,NA
1965-09-01,1.42,1.42,1.42,0.16,0.41076610522,0.3649,0.9987,0.7775516,1.0003,0.8463009,1.142401,1.0122,312,308.92,246.64,106.1,248,105.3,23.99364398282999,53.93,47.4,126.55,58.42,0.1821,0.096,0.9132,0.3541989753,1.8959732,0.12456103,0.13668644,0.039,1265.41,36.11,159.3947360582,0.631,0.4762,14,54,65.75,29.5,540.1318359375,10.24,1327.84,289.2,4208.6,1735,299.6,35.12,98.5,1.293,NA,NA,NA,NA,NA,NA,NA,NA,NA,NA,NA,NA,NA,NA,NA,NA,NA,NA,NA,NA,NA
1965-10-01,1.42,1.42,1.42,0.16,0.41076610522,0.3706,1.0097,0.8073132,1.0003,0.8463009,1.142401,1.0122,331,324.08,250.22,104.44,284,97.1,23.59557737151999,51.57,46.52,126.65,58.05,0.1889,0.096,0.9292,0.35407337028,1.9180193999999997,0.12456103,0.13889106,0.0428,1265.41,36.11,159.3947360582,0.6245,0.4718,14,54,65.75,29.5,540.1318359375,10.24,1401.92,306.9,4010.2,1735,307.8,35.12,98.5,1.293,NA,NA,NA,NA,NA,NA,NA,NA,NA,NA,NA,NA,NA,NA,NA,NA,NA,NA,NA,NA,NA
1965-11-01,1.42,1.42,1.42,0.16,0.41076610522,0.3986,1.0251,0.7568286,1.0003,0.8463009,1.142401,1.0122,334.8,336.2,250.22,107.47,276,103,23.63474704492999,51.57,46.3,129.2,58.05,0.1519,0.096,0.9094,0.35607334771,2.0062042,0.12456103,0.13668644,0.0377,1265.41,36.11,159.3947360582,0.6228,0.4894,14,54,65.75,29.5,540.1318359375,10.24,1469.16,299.2,3820.6,1735,298.7,35.12,98.5,1.293,NA,NA,NA,NA,NA,NA,NA,NA,NA,NA,NA,NA,NA,NA,NA,NA,NA,NA,NA,NA,NA
1965-12-01,1.42,1.42,1.42,0.16,0.41076610522,0.4588,1.0318,0.7936449,1.0003,0.8463009,1.142401,1.0122,330.7,322.15,248.57,112.99,256,97.1,24.296005810559997,55.12,47.620000000000005,132.06,58.42,0.1281,0.0927,0.942,0.35628327394,2.0062042,0.12456103,0.13448182,0.0383,1265.41,36.11,159.3947360582,0.6195,0.5049,14,54,65.75,29.5,540.1318359375,10.24,1517.66,300.7,3869.1,1735,302.7,35.12,98.5,1.293,NA,NA,NA,NA,NA,NA,NA,NA,NA,NA,NA,NA,NA,NA,NA,NA,NA,NA,NA,NA,NA
1966-01-01,1.36,1.36,1.36,0.16,0.42492866514,0.4731,1.0119,0.8015813,0.9599,0.7602008,1.205401,0.9141996,355.5,307.27,246.92,119.6,267,101.93,24.63215651215,57.08,47.620000000000005,125.51,58.42,0.129,0.0914,0.9676,0.35813582505,2.3148509999999995,0.130954428,0.13889106,0.0531,1581.22,36.11,159.3947360582,0.6195,0.5051,13,50,59.25,27.5,540.1318359375,9.52,1679.04,301.2,3926.4,1739,302.7,35.13,98.5,1.293,NA,NA,NA,NA,NA,NA,NA,NA,NA,NA,NA,NA,NA,NA,NA,NA,NA,NA,NA,NA,NA
1966-02-01,1.36,1.36,1.36,0.16,0.42492866514,0.4718,0.9722,0.7577103,0.9599,0.7602008,1.205401,0.9141996,348.6,299.69,248.02,121.8,273,99.1,24.74463218692999,57.08,48.5,124.79,58.79,0.143,0.0728,0.9641,0.35856747325,2.3148509999999995,0.130954428,0.13889106,0.0489,1581.22,36.94,161.36281156287,0.6195,0.5066,13,50,59.25,27.5,540.1318359375,9.52,1874.37,291.5,3877.9,1739,299.8,35.13,98.5,1.293,NA,NA,NA,NA,NA,NA,NA,NA,NA,NA,NA,NA,NA,NA,NA,NA,NA,NA,NA,NA,NA
1966-03-01,1.36,1.36,1.36,0.16,0.42492866514,0.4896,0.9546,0.7438216,0.9599,0.7602008,1.205401,0.9141996,338.4,292.8,245.26,119.88,265,92.5,24.54782110566,55.51,47.4,131.73,58.79,0.1731,0.085,1.0673,0.35837460203,2.3148509999999995,0.130954428,0.13668644,0.0472,1581.22,36.94,161.36281156287,0.639,0.5031,13,50,59.25,27.5,540.1318359375,9.52,1874.81,292.8,3772.1,1739,300.7,35.13,99.65,1.293,NA,NA,NA,NA,NA,NA,NA,NA,NA,NA,NA,NA,NA,NA,NA,NA,NA,NA,NA,NA,NA
1966-04-01,1.36,1.36,1.36,0.16,0.42492866514,0.5333,0.9546,0.7605763,0.9599,0.7602008,1.205401,0.9141996,331.2,285.77,233.69,122.08,267,96.9,24.64817033582,55.9,46.96,143.04,58.79,0.1892,0.0914,1.0714,0.35995302556,2.3148509999999995,0.130954428,0.13889106,0.0452,1581.22,36.39,160.06096878503,0.6184,0.4848,13,50,59.25,27.5,540.1318359375,9.52,1907.44,280.4,3763.3,1739,278.7,35.13,100,1.293,NA,NA,NA,NA,NA,NA,NA,NA,NA,NA,NA,NA,NA,NA,NA,NA,NA,NA,NA,NA,NA
1966-05-01,1.36,1.36,1.36,0.16,0.42492866514,0.513,0.9458,0.7652059,0.9599,0.7602008,1.205401,0.9141996,330.7,288.31,225.7,124.84,256,102.4,24.569416876579993,55.12,46.96,140.86,58.79,0.1841,0.0877,1.043,0.3616734465,2.3148509999999995,0.130954428,0.13889106,0.045,1581.22,36.94,161.36281156287,0.6228,0.4949,13,50,59.25,27.5,540.1318359375,9.52,1663.61,261.9,3688.3,1739,270,35.13,100,1.293,NA,NA,NA,NA,NA,NA,NA,NA,NA,NA,NA,NA,NA,NA,NA,NA,NA,NA,NA,NA,NA
1966-06-01,1.36,1.36,1.36,0.16,0.42492866514,0.5267,0.9237,0.7409557,0.8132,0.7602008,0.7653333,0.9141996,332.1,288.31,225.42,130.62,256,117.8,25.54338202114,57.08,46.74,144.45,62.1,0.181,0.084,0.9923,0.36472329579,2.3148509999999995,0.130954428,0.13889106,0.037,1581.22,36.94,161.36281156287,0.6182,0.4733,13,50,59.25,27.5,540.1318359375,9.52,1695.79,259.3,3516.4,1739,272.1,35.13,100,1.293,NA,NA,NA,NA,NA,NA,NA,NA,NA,NA,NA,NA,NA,NA,NA,NA,NA,NA,NA,NA,NA
1966-07-01,1.36,1.36,1.36,0.16,0.42492866514,0.5761,0.9171,0.729051,0.8132,0.7602008,0.7653333,0.9141996,330.4,294.59,235.34,138.89,267,123.3,26.510184373169995,59.05,47.18,153.3,65.4,0.144,0.084,0.9669,0.36631654723,2.3148509999999995,0.130954428,0.14109568,0.0379,1581.22,36.94,161.36281156287,0.6151,0.4656,13,50,59.25,27.5,540.1318359375,9.52,1567.93,263.4,3514.2,1739,264.6,35.13,100,1.293,NA,NA,NA,NA,NA,NA,NA,NA,NA,NA,NA,NA,NA,NA,NA,NA,NA,NA,NA,NA,NA
1966-08-01,1.36,1.36,1.36,0.16,0.42492866514,0.573,0.9171,0.7189101,0.8132,0.7602008,0.7653333,0.9141996,319.1,304.84,239.75,140.27,276,124.4,27.51208083445,62.6,50.49,150.39,67.61,0.157,0.084,1,0.36733921341,2.3148509999999995,0.130954428,0.1433003,0.0359,1581.22,36.94,161.36281156287,0.6195,0.4581,13,50,59.25,27.5,540.1318359375,9.52,1195.34,242.5,3428.2,1739,264.6,35.13,100,1.293,NA,NA,NA,NA,NA,NA,NA,NA,NA,NA,NA,NA,NA,NA,NA,NA,NA,NA,NA,NA,NA
1966-09-01,1.36,1.36,1.36,0.16,0.42492866514,0.5022,0.8995,0.6995097,0.8132,0.7602008,0.7653333,0.9141996,317.2,298.73,239.75,127.59,267,112.3,27.246530734319993,61.02,51.59,155.39,67.24,0.139,0.084,1.0529,0.36661768145,2.3148509999999995,0.130954428,0.1433003,0.0329,1581.22,36.94,161.36281156287,0.6072,0.4299,13,50,59.25,27.5,540.1318359375,9.52,1128.32,254.2,3377.5,1739,270.5,35.13,100,1.293,NA,NA,NA,NA,NA,NA,NA,NA,NA,NA,NA,NA,NA,NA,NA,NA,NA,NA,NA,NA,NA
1966-10-01,1.36,1.36,1.36,0.16,0.42492866514,0.5084,0.8885,0.7171464,0.8132,0.7602008,0.7653333,0.9141996,303.1,291.84,230.93,120.15,251,104.6,26.719048767640004,58.66,48.720000000000006,164.26,66.14,0.1281,0.084,1.0529,0.36638743869,2.3148509999999995,0.130954428,0.14550492,0.0337,1581.22,36.94,161.36281156287,0.6316,0.4515,13,50,59.25,27.5,540.1318359375,9.52,1275.37,233.7,3362,1739,276,35.13,100,1.293,NA,NA,NA,NA,NA,NA,NA,NA,NA,NA,NA,NA,NA,NA,NA,NA,NA,NA,NA,NA,NA
1966-11-01,1.36,1.36,1.36,0.16,0.42492866514,0.4952,0.8869,0.7200123,0.8132,0.7602008,0.7653333,0.9141996,277.8,292.66,225.97,121.25,248,101.3,26.755831733210005,59.05,49.379999999999995,166.11,65.77,0.138,0.084,1.0311,0.36676787628,2.3148509999999995,0.130954428,0.1433003,0.0311,1581.22,36.94,161.36281156287,0.6314,0.4517,13,50,59.25,27.5,540.1318359375,9.52,1301.61,222.7,3320.2,1739,288.1,35.13,100,1.293,NA,NA,NA,NA,NA,NA,NA,NA,NA,NA,NA,NA,NA,NA,NA,NA,NA,NA,NA,NA,NA
1966-12-01,1.36,1.36,1.36,0.16,0.42492866514,0.5492,0.8728,0.7151622,0.8132,0.7602008,0.7653333,0.9141996,300.4,310.85,230.93,120.98,245,107.9,27.51203013014,61.41,51.37,142.6,67.61,0.14,0.076,1.0587,0.36864552075,2.3148509999999995,0.130954428,0.1433003,0.0298,1581.22,36.94,161.36281156287,0.6314,0.4341,13,50,59.25,27.5,540.1318359375,9.52,1214.53,224.2,3335.6,1739,285.5,35.13,100,1.293,NA,NA,NA,NA,NA,NA,NA,NA,NA,NA,NA,NA,NA,NA,NA,NA,NA,NA,NA,NA,NA
1967-01-01,1.33,1.33,1.33,0.16,0.45664737628,0.5739,0.8501,0.7056826,0.8402,0.7308007,0.7986667,0.9911996,310,303.41,234.24,117.4,231,104.6,27.30459229629,60.23,52.91,142.27,67.24,0.157,0.1764,1.0783,0.36904401262,2.2928048,0.129411194,0.1433003,0.0287,1299.43,36.94,161.36281156287,0.6449,0.4264,12,46.5,49.25,25.5,540.1318359375,8.86,1243.85,220.2,3302.5,1935.7,279.5,34.95,102.93,1.293,68.5,NA,NA,NA,NA,NA,NA,NA,NA,NA,NA,NA,NA,NA,NA,NA,NA,NA,NA,NA,NA
1967-02-01,1.33,1.33,1.33,0.16,0.45664737628,0.6078,0.8441,0.7286101,0.8402,0.7308007,0.7986667,0.9911996,316.9,297.07,230.66,116.84,225,101.3,27.30021161954,59.05,52.91,151.45,67.98,0.143,0.1474,1.0642,0.36926172679,2.2928048,0.129411194,0.14550492,0.037,1299.43,37.5,162.6791953946,0.6596,0.4085,12,46.5,49.25,25.5,540.1318359375,8.86,1220.48,221.8,3309.1,1935.7,282.2,34.95,110.5,1.293,68.5,NA,NA,NA,NA,NA,NA,NA,NA,NA,NA,NA,NA,NA,NA,NA,NA,NA,NA,NA,NA
1967-03-01,1.33,1.33,1.33,0.16,0.45664737628,0.5952,0.8228,0.7257441,0.8402,0.7308007,0.7986667,0.9911996,314.2,300.65,223.22,115.74,231,98,27.68090394903,59.05,54.89,163.53,69.81,0.162,0.1592,1.0448,0.36946279928,2.2928048,0.129411194,0.14550492,0.0346,1299.43,38.33,164.61374432967,0.6636,0.4083,12,46.5,49.25,25.5,540.1318359375,8.86,1098.34,228.4,3318,1935.7,279.3,34.95,110.5,1.293,68.5,NA,NA,NA,NA,NA,NA,NA,NA,NA,NA,NA,NA,NA,NA,NA,NA,NA,NA,NA,NA
1967-04-01,1.33,1.33,1.33,0.16,0.45664737628,0.5754,0.8508,0.7471284,0.8402,0.7308007,0.7986667,0.9911996,305.1,292.39,223.22,116.29,227,95.8,27.266413170269992,57.87,54.23,168.53,68.34,0.164,0.157,1.0569,0.36982858625,2.2928048,0.129411194,0.14550492,0.0452,1299.43,38.33,164.61374432967,0.6614,0.4114,12,46.5,49.25,25.5,540.1318359375,8.86,994.72,226.6,3351,1935.7,272.1,34.95,110.5,1.293,68.5,NA,NA,NA,NA,NA,NA,NA,NA,NA,NA,NA,NA,NA,NA,NA,NA,NA,NA,NA,NA
1967-05-01,1.33,1.33,1.33,0.16,0.45664737628,0.5688,0.8891,0.7702765,0.8402,0.7308007,0.7986667,0.9911996,283.8,288.8,223.77,116.29,224,94.7,27.18217419889,57.08,54.45,175.8,68.34,0.1499,0.1474,1.0351,0.37037132383,2.2928048,0.129411194,0.14770954,0.056,1299.43,38.89,165.90811172857,0.6614,0.4039,12,46.5,49.25,25.5,540.1318359375,8.86,1036.17,226.2,3357.6,1935.7,275.1,34.95,110.5,1.2959,68.5,NA,NA,NA,NA,NA,NA,NA,NA,NA,NA,NA,NA,NA,NA,NA,NA,NA,NA,NA,NA
1967-06-01,1.33,1.33,1.33,0.16,0.45664737628,0.5792,0.9092,0.7824016,0.8402,0.7308007,0.7986667,0.9911996,319.7,293.76,229.28,117.4,226,98.9,26.890272563949996,57.08,52.91,184.54,66.51,0.1609,0.159,1.0362,0.37178706541,2.2928048,0.129411194,0.14770954,0.0547,1299.43,38.89,165.90811172857,0.6667,0.4112,12,46.5,49.25,25.5,540.1318359375,8.86,1015.22,228.2,3366.5,1935.7,274.3,34.95,110.5,1.301,68.5,NA,NA,NA,NA,NA,NA,NA,NA,NA,NA,NA,NA,NA,NA,NA,NA,NA,NA,NA,NA
1967-07-01,1.33,1.33,1.33,0.16,0.45664737628,0.5686,0.9026,0.7407352,0.8402,0.7308007,0.7986667,0.9911996,318.3,294.59,228.73,115.19,212,98.9,26.27104018448,55.12,52.03,206.24,64.67,0.159,0.159,1.0353,0.3725165369,2.2928048,0.129411194,0.14770954,0.037,1299.43,38.89,165.90811172857,0.668,0.3988,12,43.5,49.25,25.5,540.1318359375,8.86,997.37,231.3,3362,1935.7,267.2,34.95,110.5,1.5929,68.5,NA,NA,NA,NA,NA,NA,NA,NA,NA,NA,NA,NA,NA,NA,NA,NA,NA,NA,NA,NA
1967-08-01,1.33,1.33,1.33,0.16,0.45664737628,0.5855,0.8761,0.7175872,0.8402,0.7308007,0.7986667,0.9911996,310,291.56,228.73,111.13,210,98.9,25.648796559369988,51.97,50.260000000000005,207.22,63.93,0.1499,0.159,1.0285,0.37324743966,2.2928048,0.129411194,0.14770954,0.0362,1299.43,38.89,165.90811172857,0.6775,0.3748,12,43.5,49.25,25.5,540.1318359375,8.86,1044.55,232.3,3291.5,1935.7,268.7,34.95,110.5,1.7498,68.5,NA,NA,NA,NA,NA,NA,NA,NA,NA,NA,NA,NA,NA,NA,NA,NA,NA,NA,NA,NA
1967-09-01,1.33,1.33,1.33,0.16,0.45664737628,0.6239,0.8607,0.7239805,0.8402,0.7308007,0.7986667,0.9911996,324.9,275.3,225.15,111.06,206,98.9,25.078624937979992,49.21,49.6,221.64,63.2,0.1799,0.159,1.0384,0.3739797765,2.2928048,0.129411194,0.14770954,0.037,1299.43,40.28,169.08436100495,0.6909,0.3649,12,43.5,49.25,25.5,540.1318359375,8.86,1060.2,226.9,3267.2,1935.7,264.6,34.95,110.5,1.6795,68.5,NA,NA,NA,NA,NA,NA,NA,NA,NA,NA,NA,NA,NA,NA,NA,NA,NA,NA,NA,NA
1967-10-01,1.33,1.33,1.33,0.16,0.45664737628,0.6078,0.8472,0.729492,0.8402,0.7308007,0.7986667,0.9911996,350.5,259.04,221.56,109.96,203,98.9,24.97713143451,48.03,49.379999999999995,224.12,63.57,0.179,0.159,1.0432,0.37471355023,2.2928048,0.129411194,0.14991416,0.0428,1299.43,41.67,172.21057681803,0.7024,0.3618,12,43.5,49.25,25.5,540.1318359375,8.86,1138.47,225.7,3280.5,1935.7,263.9,34.95,110.5,1.7859,68.5,NA,NA,NA,NA,NA,NA,NA,NA,NA,NA,NA,NA,NA,NA,NA,NA,NA,NA,NA,NA
1967-11-01,1.33,1.33,1.33,0.16,0.45664737628,0.6442,0.8666,0.7477898,0.8402,0.7308007,0.7986667,0.9911996,376.2,248.02,217.98,116.02,211,98.9,24.81447247034,47.64,48.94,213.57,62.83,0.1649,0.159,1.0126,0.37544876368,2.2928048,0.129411194,0.14991416,0.0485,1299.43,41.67,172.21057681803,0.7055,0.3541,12,43.5,49.25,25.5,540.1318359375,8.86,1443.81,242.1,3298.1,1935.7,287,34.95,110.5,1.9532,68.5,NA,NA,NA,NA,NA,NA,NA,NA,NA,NA,NA,NA,NA,NA,NA,NA,NA,NA,NA,NA
1967-12-01,1.33,1.33,1.33,0.16,0.45664737628,0.6471,0.8512,0.7499944,0.7915,0.5846411,0.7986667,0.9911996,386.7,250.85,194.87,113.38,196,98.9,24.589256001459997,46.9,50.260000000000005,213.57,62.1,0.134,0.1667,1.0201,0.37618541967,2.2928048,0.129411194,0.14770954,0.047,1299.43,41.67,172.21057681803,0.7165,0.3574,12,43.5,49.25,25.5,540.1318359375,8.86,1324.09,222.4,3192.3,1935.7,266.1,34.95,115.05,2.06,68.5,NA,NA,NA,NA,NA,NA,NA,NA,NA,NA,NA,NA,NA,NA,NA,NA,NA,NA,NA,NA
1968-01-01,1.32,1.32,1.32,0.16,0.45180187737,0.6543,0.866,0.7596945,0.7487,0.6770413,0.7333334,0.8357997,398,251.33,191.33,114.09,196,97,25.45191586307,51.57,55.6,198.78,62.1,0.114,0.1628,1.026,0.37661109172,2.5794053999999993,0.112215158,0.14991416,0.0467,1253.81,41.67,172.21057681803,0.7165,0.347,11.5,39,35.5,24,540.1318359375,8.77,1408.75,218,3126.2,2074.5,262.8,35.5,114,1.9899,60.5,NA,NA,NA,NA,NA,NA,NA,NA,NA,NA,NA,NA,NA,NA,NA,NA,NA,NA,NA,NA
1968-02-01,1.32,1.32,1.32,0.16,0.45180187737,0.6321,0.8691,0.7566082,0.7487,0.6770413,0.7333334,0.8357997,412.2,255.34,191.33,114.56,193,97,25.56406273433999,51.18,58.1,207.03,62.83,0.166,0.1706,1.0226,0.37793880405,2.5794053999999993,0.112215158,0.14991416,0.0461,1248.52,41.67,172.21057681803,0.7128,0.3269,11.5,39,35.5,24,540.1318359375,8.77,1719.82,227.5,3110.7,2074.5,259.7,36,111.5,1.8547,60.5,NA,NA,NA,NA,NA,NA,NA,NA,NA,NA,NA,NA,NA,NA,NA,NA,NA,NA,NA,NA
1968-03-01,1.32,1.32,1.32,0.16,0.45180187737,0.6235,0.8821,0.7548445,0.7487,0.6770413,0.7333334,0.8357997,423,256.52,191.33,115.51,191,96,25.537643573869996,50,57,209.78,63.57,0.162,0.1807,1.0251,0.37910322158,2.5794053999999993,0.112215158,0.14991416,0.0417,1234.74,41.67,172.21057681803,0.7099,0.3563,11.5,39,35.5,24,540.1318359375,8.77,1701.08,233.9,3112.9,2074.5,257.5,37,111.5,2.1805,60.5,NA,NA,NA,NA,NA,NA,NA,NA,NA,NA,NA,NA,NA,NA,NA,NA,NA,NA,NA,NA
1968-04-01,1.32,1.32,1.32,0.16,0.45180187737,0.6288,0.886,0.7533013,0.7487,0.6770413,0.7333334,0.8357997,435.8,259.59,188.97,113.14,190,95,24.8892129578,48.03,57,197.01,61.73,0.1744,0.1818,1.0459,0.38026946268,2.5794053999999993,0.112215158,0.14991416,0.0388,1210.46,41.67,172.21057681803,0.711,0.3587,11.5,39,35.5,24,540.1318359375,8.77,1255.09,235,3106.3,2074.5,258.2,37.86,111.5,2.2028,60.5,NA,NA,NA,NA,NA,NA,NA,NA,NA,NA,NA,NA,NA,NA,NA,NA,NA,NA,NA,NA
1968-05-01,1.32,1.32,1.32,0.16,0.45180187737,0.6243,0.8816,0.7550649,0.7487,0.6770413,0.7333334,0.8357997,439.8,271.64,186.13,114.32,189,96,24.72536841798,48.42,53.1,187.09,60.26,0.183,0.1918,1.0785,0.38178092956,2.5794053999999993,0.112215158,0.15211878,0.0414,1200.88,41.67,172.21057681803,0.7097,0.3704,11.5,39,35.5,24,540.1318359375,8.77,1096.58,237.7,3084.3,2074.5,261.5,40.7,111.5,2.3768,60.5,NA,NA,NA,NA,NA,NA,NA,NA,NA,NA,NA,NA,NA,NA,NA,NA,NA,NA,NA,NA
1968-06-01,1.32,1.32,1.32,0.16,0.45180187737,0.6133,0.888,0.7566082,0.7487,0.6770413,0.7333334,0.8357997,406.8,279.2,174.79,111.96,178,96,24.901613950809995,47.64,51.3,179.34,61.73,0.1523,0.1587,1.1062,0.38312686773,2.5794053999999993,0.112215158,0.1543234,0.0384,1205.41,38.89,165.90811172857,0.7,0.3986,11.5,39,35.5,24,562.17797851563,8.77,1136.7,238.5,3084.3,2074.5,262.1,41.14,111.5,2.4641,60.5,NA,NA,NA,NA,NA,NA,NA,NA,NA,NA,NA,NA,NA,NA,NA,NA,NA,NA,NA,NA
1968-07-01,1.32,1.32,1.32,0.16,0.45180187737,0.6257,0.8814,0.749774,0.7487,0.6770413,0.7333334,0.8357997,377.9,261.25,172.43,110.78,162,96,25.207810327510003,47.24,49.8,181.69,63.57,0.1585,0.1587,1.0992,0.38447755091,2.5794053999999993,0.112215158,0.1543234,0.0359,1173.9,38.89,165.90811172857,0.6918,0.3913,11.5,36,35.5,24,562.17797851563,8.77,1054.25,247.1,3075.4,2074.5,265.7,39.46,122.5,2.3138,60.5,NA,NA,NA,NA,NA,NA,NA,NA,NA,NA,NA,NA,NA,NA,NA,NA,NA,NA,NA,NA
1968-08-01,1.32,1.32,1.32,0.16,0.45180187737,0.6526,0.8662,0.7475694,0.7487,0.6770413,0.7333334,0.8357997,385.5,266.68,150.23,105.82,157,96,24.87051229408999,44.88,46.9,177.69,63.93,0.1378,0.1587,1.0968,0.38583299581,2.5794053999999993,0.112215158,0.1543234,0.0337,1180.58,38.89,165.90811172857,0.6837,0.3979,11.5,36,35.5,24,562.17797851563,8.77,1056.45,250.2,3062.2,2074.5,269,39.19,122.5,2.1946,60.5,NA,NA,NA,NA,NA,NA,NA,NA,NA,NA,NA,NA,NA,NA,NA,NA,NA,NA,NA,NA
1968-09-01,1.32,1.32,1.32,0.16,0.45180187737,0.7747,0.8538,0.749333,0.7487,0.6770413,0.7333334,0.8357997,375.6,272.82,141.73,105.35,161,99,24.695209685409996,44.09,47.3,175.8,63.57,0.1647,0.1587,1.1587,0.38770287872,2.5794053999999993,0.112215158,0.1543234,0.0304,1228.75,38.89,165.90811172857,0.6634,0.3942,11.5,36,35.5,24,562.17797851563,8.77,1110.03,251.5,3071,2074.5,263,40.18,122.5,2.2085,60.5,NA,NA,NA,NA,NA,NA,NA,NA,NA,NA,NA,NA,NA,NA,NA,NA,NA,NA,NA,NA
1968-10-01,1.32,1.32,1.32,0.16,0.45180187737,0.8305,0.8545,0.7400739,0.7487,0.6770413,0.7333334,0.8357997,373.7,269.75,141.73,104.17,166,98,24.888574381629997,44.88,48.8,163.72,63.57,0.1532,0.1587,1.1704,0.38890087714,2.5794053999999993,0.112215158,0.15652802,0.039,1183.73,38.89,165.90811172857,0.6563,0.4103,11.5,36,35.5,24,562.17797851563,8.77,1079.82,247.8,3110.7,2074.5,262.1,39.21,122.5,1.9728,60.5,NA,NA,NA,NA,NA,NA,NA,NA,NA,NA,NA,NA,NA,NA,NA,NA,NA,NA,NA,NA
1968-11-01,1.32,1.32,1.32,0.16,0.45180187737,0.9661,0.8486,0.7233191,0.7487,0.6770413,0.7333334,0.8357997,376,284.63,143.14,108.89,173,97,25.66779826758,49.21,52,157.14,63.2,0.1373,0.1587,1.1034,0.39010084091,2.5794053999999993,0.112215158,0.1543234,0.0509,1167.22,38.89,165.90811172857,0.6345,0.4176,11.5,36,35.5,24,562.17797851563,8.77,1099.88,248.5,3320.2,2074.5,264.1,39.78,122.5,2.0178,60.5,NA,NA,NA,NA,NA,NA,NA,NA,NA,NA,NA,NA,NA,NA,NA,NA,NA,NA,NA,NA
1968-12-01,1.32,1.32,1.32,0.16,0.45180187737,1.0247,0.8267,0.7094303,0.7487,0.6770413,0.7333334,0.8357997,386.9,320.06,152.83,111.02,181,94,25.566930426450003,48.42,53.9,159.89,63.2,0.1338,0.1762,1.0897,0.39095071873,2.5794053999999993,0.112215158,0.1543234,0.0602,1165.63,38.89,165.90811172857,0.6246,0.4162,11.5,36,35.5,24,562.17797851563,8.77,1184.98,250.2,3258.4,2074.5,269,41.08,122.5,1.9593,60.5,NA,NA,NA,NA,NA,NA,NA,NA,NA,NA,NA,NA,NA,NA,NA,NA,NA,NA,NA,NA
1969-01-01,1.27,1.27,1.27,0.17,0.45181991824,0.9378,0.8261,0.7065644,0.7262,0.5964011,0.8626667,0.7195997,398.7,319.59,158.26,111.49,181,95,25.96496778176,50.39,53.2,162.35,63.2,0.1418,0.145,1.0873,0.39250649993,2.8660059999999996,0.112215158,0.15652802,0.0635,1135.81,38.89,165.90811172857,0.625,0.4262,11.25,38.5,26.6,22,573.201171875,9.84,1255.53,254.2,3227.6,2363.4,269.4,42.3,122.5,1.9789,58,NA,NA,NA,NA,NA,NA,NA,NA,NA,NA,NA,NA,NA,NA,NA,NA,NA,NA,NA,NA
1969-02-01,1.27,1.27,1.27,0.17,0.45181991824,0.9105,0.8419,0.7081076,0.7262,0.5964011,0.8626667,0.7195997,396.4,346.05,158.26,109.36,185,95,25.93808894104,50.39,54.1,160.48,62.83,0.1413,0.1493,1.0911,0.39398716029,2.8660059999999996,0.112215158,0.15652802,0.0688,1097.91,38.89,165.90811172857,0.6283,0.4707,11.25,38.5,26.6,22,584.22436523438,9.84,1285.29,258.4,3245.2,2363.4,267.4,42.6,122.5,1.8397,58,NA,NA,NA,NA,NA,NA,NA,NA,NA,NA,NA,NA,NA,NA,NA,NA,NA,NA,NA,NA
1969-03-01,1.27,1.27,1.27,0.17,0.45181991824,0.8984,0.8294,0.6871642,0.7262,0.5964011,0.8626667,0.7195997,388.1,347.82,179.52,110.55,178,94,25.84218776746,50.39,53.1,166.96,62.1,0.1521,0.1664,1.125,0.3952945487,2.8660059999999996,0.112215158,0.15873264,0.0774,1098.65,38.89,165.90811172857,0.6283,0.509,11.25,38.5,26.6,22,584.22436523438,9.84,1278.46,261.2,3243,2363.4,271.6,43.16,122.5,1.8257,58,NA,NA,NA,NA,NA,NA,NA,NA,NA,NA,NA,NA,NA,NA,NA,NA,NA,NA,NA,NA
1969-04-01,1.27,1.27,1.27,0.17,0.45181991824,0.8759,0.8135,0.6589457,0.7262,0.5964011,0.8626667,0.7195997,376.3,340.14,170.07,110.07,167,95,26.093102820499997,51.57,51.9,165.2,62.1,0.1512,0.1845,1.1632,0.39696525866,2.8660059999999996,0.112215158,0.15873264,0.0805,1110.75,38.89,165.90811172857,0.6272,0.5192,11.25,38.5,26.6,22,584.22436523438,9.84,1388.03,268.3,3304.7,2363.4,272.7,43.31,122.5,1.7781,58,NA,NA,NA,NA,NA,NA,NA,NA,NA,NA,NA,NA,NA,NA,NA,NA,NA,NA,NA,NA
1969-05-01,1.27,1.27,1.27,0.17,0.45181991824,0.8089,0.8093,0.6496865,0.7262,0.5964011,0.8626667,0.7195997,353.1,345.17,166.29,112.44,170,96,26.611878853670007,54.33,49.9,171.09,62.1,0.1739,0.176,1.241,0.39864114155,2.8660059999999996,0.112215158,0.15873264,0.0805,1114.63,38.89,165.90811172857,0.6327,0.4971,11.25,38.5,26.6,22,584.22436523438,9.84,1392.44,278.2,3355.4,2363.4,278.9,43.46,122.5,1.761,58,NA,NA,NA,NA,NA,NA,NA,NA,NA,NA,NA,NA,NA,NA,NA,NA,NA,NA,NA,NA
1969-06-01,1.27,1.27,1.27,0.17,0.45181991824,0.8929,0.795,0.6772437,0.7262,0.5964011,0.8626667,0.7195997,339,315.1,165.35,109.6,173,99,26.5830577777,54.33,49,178.75,61.73,0.1609,0.176,1.312,0.4006716515,2.8660059999999996,0.112215158,0.15873264,0.0803,1125.81,38.89,165.90811172857,0.6248,0.5126,11.25,38.5,26.6,22,584.22436523438,9.84,1483.04,285.5,3379.7,2363.4,281.3,41.44,122.5,1.6455,58,NA,NA,NA,NA,NA,NA,NA,NA,NA,NA,NA,NA,NA,NA,NA,NA,NA,NA,NA,NA
1969-07-01,1.27,1.27,1.27,0.17,0.45181991824,0.9312,0.7776,0.6871642,0.7262,0.5964011,0.8626667,0.7195997,326.9,323.37,161.8,101.57,180,95,26.26711375995,53.93,51.5,180.51,60.26,0.1539,0.176,1.3014,0.40147466759,2.8660059999999996,0.112215158,0.14991416,0.0765,1149.61,38.89,165.90811172857,0.6138,0.5437,11.25,40,26.6,22,584.22436523438,9.84,1453.95,311.1,3439.2,2363.4,283.7,41.76,122.5,1.6183,58,NA,NA,NA,NA,NA,NA,NA,NA,NA,NA,NA,NA,NA,NA,NA,NA,NA,NA,NA,NA
1969-08-01,1.27,1.27,1.27,0.17,0.45181991824,0.9143,0.8126,0.724642,0.7262,0.5964011,0.8626667,0.7195997,330.7,309.91,171.49,99.21,181,96,25.42218031044,53.54,54.2,171.58,56.22,0.1687,0.176,1.3748,0.40316958802,2.8660059999999996,0.112215158,0.15873264,0.065,1121.04,38.89,165.90811172857,0.5999,0.5787,11.25,40,26.6,22,584.22436523438,9.84,1606.73,315.9,3470.1,2363.4,293.9,41.09,122.5,1.6526,58,NA,NA,NA,NA,NA,NA,NA,NA,NA,NA,NA,NA,NA,NA,NA,NA,NA,NA,NA,NA
1969-09-01,1.27,1.27,1.27,0.17,0.45181991824,0.9008,0.9026,0.7630014,0.7262,0.5964011,0.8626667,0.7195997,332.6,318.88,180.94,100.86,200,92,24.537951386700005,51.18,56.8,167.55,53.65,0.1792,0.176,1.3203,0.40395487341,2.8660059999999996,0.112215158,0.15873264,0.0604,1096.94,38.89,165.90811172857,0.6131,0.5426,11.25,40,26.6,22,584.22436523438,9.84,1578.95,302.5,3470.1,2363.4,299.4,40.87,122.5,1.7855,58,NA,NA,NA,NA,NA,NA,NA,NA,NA,NA,NA,NA,NA,NA,NA,NA,NA,NA,NA,NA
1969-10-01,1.27,1.27,1.27,0.17,0.45181991824,0.9186,1.0401,0.8450114,0.7262,0.5964011,0.8626667,0.7195997,336.6,331.09,203.14,102.99,240,92,24.37996012810001,51.87,57.4,167.36,52.18,0.1704,0.176,1.2324,0.4054787207,2.8660059999999996,0.112215158,0.16093726,0.065,1139.14,38.89,165.90811172857,0.6272,0.5027,11.25,40,26.6,22,601.861328125,9.84,1554.48,293.7,3534,2363.4,298.9,40.44,122.75,1.8725,58,NA,NA,NA,NA,NA,NA,NA,NA,NA,NA,NA,NA,NA,NA,NA,NA,NA,NA,NA,NA
1969-11-01,1.27,1.27,1.27,0.17,0.45181991824,0.9321,1.0247,0.8207611,0.7262,0.5964011,0.8626667,0.7195997,357.4,346.64,203.14,106.53,260,91,24.628753134709996,53.16,57.5,167.55,52.18,0.1642,0.176,1.2114,0.40681820823,2.8660059999999996,0.112215158,0.15873264,0.067,1096.38,38.89,165.90811172857,0.6477,0.4537,11.25,40,26.6,22,606.2705078125,9.84,1631.42,315.7,3642,2363.4,309.5,37.4,132.5,1.9231,58,NA,NA,NA,NA,NA,NA,NA,NA,NA,NA,NA,NA,NA,NA,NA,NA,NA,NA,NA,NA
1969-12-01,1.27,1.27,1.27,0.17,0.45181991824,0.8512,1.0479,0.8284771,0.7262,0.5964011,0.8626667,0.7195997,399.4,334.54,255.11,106.29,251,96,24.54062762315,52.36,56.5,161.07,52.18,0.1565,0.1632,1.2145,0.40928763806,2.8660059999999996,0.112215158,0.1543234,0.0622,1061.92,38.89,165.90811172857,0.6559,0.4702,11.25,40,26.6,22,606.2705078125,9.84,1699.76,334,3818.4,2363.4,310.2,35.17,132.5,1.8071,58,NA,NA,NA,NA,NA,NA,NA,NA,NA,NA,NA,NA,NA,NA,NA,NA,NA,NA,NA,NA
1970-01-01,1.21,1.21,1.21,0.17,0.44721801014,0.675,1.1369,0.8619865,0.835,0.6266412,0.9906667,0.8875996,405.8,349.83,255.34,107,252,101,25.527059572439995,58.4,51.8,140.45,52.18,0.1656,0.1696,1.2957,0.41172424583,2.7337288,0.112215158,0.1653465,0.0791,1078.11,38.89,165.90811172857,0.6448,0.5042,11,44,18.25,31.5,606.2705078125,9.84,1626.3,324.7,3842.7,2846.2,302.4,34.94,132.5,1.8765,54,7.8,42.99,175,NA,NA,NA,NA,NA,NA,NA,NA,NA,NA,NA,NA,NA,NA,NA,NA,NA
1970-02-01,1.21,1.21,1.21,0.17,0.44721801014,0.675,1.1453,0.8474364,0.835,0.6266412,0.9906667,0.8875996,406.28,346.99,256.29,110,257,102,25.569435589379992,58.4,51.8,133.38,52.18,0.1744,0.1696,1.3338,0.41333127903,2.7337288,0.112215158,0.16314188,0.069,1114.27,40.63,169.87615213163,0.6516,0.4797,11,44,18.25,31.5,606.2705078125,9.84,1657.2,341,3767.7,2846.2,298,34.99,132.5,1.8958,54,7.8,42.99,175,NA,NA,NA,NA,NA,NA,NA,NA,NA,NA,NA,NA,NA,NA,NA,NA,NA
1970-03-01,1.21,1.21,1.21,0.17,0.44721801014,0.675,1.1711,0.8679388,0.835,0.6266412,0.9906667,0.8875996,406.28,343.45,258.88,111,268,97,25.61188195233,58.4,51.8,126.31,52.18,0.1936,0.159,1.3461,0.41387964614,2.7337288,0.112215158,0.16093726,0.0745,1111.53,41.67,172.21057681803,0.657,0.4433,11,44,18.25,31.5,606.2705078125,9.84,1754,335.5,3796.4,2846.2,296,35.09,132.5,1.8885,54,7.8,42.99,175,NA,NA,NA,NA,NA,NA,NA,NA,NA,NA,NA,NA,NA,NA,NA,NA,NA
1970-04-01,1.21,1.21,1.21,0.17,0.44721801014,0.675,1.2028,0.9129121,0.835,0.6266412,0.9906667,0.8875996,406.28,358.57,267.62,112,298,97,25.654398778070004,58.4,51.8,121.59,52.18,0.1713,0.1616,1.3622,0.4153201367,2.7337288,0.112215158,0.16093726,0.0787,1119.96,41.81,172.52276965825,0.6618,0.4202,11,44,18.25,31.5,612.88427734375,9.84,1741.6,321.2,3849.3,2846.2,293.4,35.62,132.5,1.8529,54,7.8,42.99,175,NA,NA,NA,NA,NA,NA,NA,NA,NA,NA,NA,NA,NA,NA,NA,NA,NA
1970-05-01,1.21,1.21,1.21,0.17,0.44721801014,0.675,1.217,0.9400282,0.835,0.6266412,0.9906667,0.8875996,399.19,383.84,278.73,115,292,98,25.69698618357,58.4,51.8,121.59,52.18,0.1892,0.159,1.3349,0.41694840965,2.7337288,0.112215158,0.16755112,0.0805,1074.77,43.5,176.25414124668,0.6645,0.4149,11,44,18.25,31.5,617.29370117188,9.84,1597.9,291.6,3736.8,2846.2,291.7,35.95,132.5,1.67,54,7.8,42.99,175,NA,NA,NA,NA,NA,NA,NA,NA,NA,NA,NA,NA,NA,NA,NA,NA,NA
1970-06-01,1.21,1.21,1.21,0.17,0.44721801014,0.675,1.2061,0.9298873,0.835,0.6266412,0.9906667,0.8875996,389.74,383.37,277.07,118,288,102,25.739644285989996,58.4,51.8,123.95,52.18,0.1819,0.1563,1.2979,0.41911571831,2.7337288,0.112215158,0.16755112,0.0842,1047.34,44.44,178.30072878273,0.666,0.412,11,44,18.25,31.5,617.29370117188,9.84,1458,308.2,3542.8,2846.2,293.2,35.42,132.5,1.6394,54,7.8,42.99,175,NA,NA,NA,NA,NA,NA,NA,NA,NA,NA,NA,NA,NA,NA,NA,NA,NA
1970-07-01,1.21,1.21,1.21,0.17,0.44721801014,0.675,1.2121,0.9424534,0.835,0.6266412,0.9906667,0.8875996,389.74,385.73,261.01,122,290,106,25.863846571129994,58.4,51.8,124.93,52.54,0.1479,0.1696,1.2928,0.42126657604,2.7337288,0.112215158,0.16755112,0.0842,1065.43,44.44,178.30072878273,0.6721,0.3829,11,41,18.25,31.5,617.29370117188,9.84,1366.6,300.7,3498.7,2846.2,298.1,35.32,132.5,1.6866,54,7.8,42.99,175,NA,NA,NA,NA,NA,NA,NA,NA,NA,NA,NA,NA,NA,NA,NA,NA,NA
1970-08-01,1.21,1.21,1.21,0.17,0.44721801014,0.675,1.1828,0.9446578,0.835,0.6266412,0.9906667,0.8875996,377.93,392.11,240.22,120,270,107,26.23691575932,58.4,51.8,128.08,54.01,0.1598,0.1696,1.2469,0.42290249238,2.7337288,0.112215158,0.16755112,0.0841,1082.6,44.44,178.30072878273,0.6826,0.3713,11,41,18.25,31.5,617.29370117188,9.84,1266.5,285.4,3620,2846.2,298.1,35.38,132.5,1.7977,54,7.8,42.99,175,NA,NA,NA,NA,NA,NA,NA,NA,NA,NA,NA,NA,NA,NA,NA,NA,NA
1970-09-01,1.21,1.21,1.21,0.17,0.44721801014,0.675,1.1603,0.9387055,0.835,0.6266412,0.9906667,0.8875996,381,364.47,226.29,119,276,106,26.76858156767999,58.4,51.8,125.72,56.22,0.1618,0.1696,1.28,0.42420408001,2.7337288,0.112215158,0.16755112,0.0853,1071.75,44.44,178.30072878273,0.6918,0.3649,11,41,18.25,31.5,617.29370117188,9.84,1246.9,284.8,3646.4,2846.2,300,36.19,132.5,1.8016,54,7.8,42.99,175,NA,NA,NA,NA,NA,NA,NA,NA,NA,NA,NA,NA,NA,NA,NA,NA,NA
1970-10-01,1.21,1.21,1.21,0.17,0.44721801014,0.675,1.1197,0.9415715,0.835,0.6266412,0.9906667,0.8875996,398.48,390.22,257.47,123,304,104,27.3686798324,58.4,51.8,124.44,58.79,0.1693,0.1696,1.284,0.42533402559,2.7337288,0.112215158,0.16755112,0.0866,1025.76,44.44,178.30072878273,0.6977,0.3481,11,41,18.25,31.5,617.29370117188,9.84,1142.4,285.2,3668.5,2846.2,296.5,37.52,132.5,1.7458,54,7.8,42.99,175,NA,NA,NA,NA,NA,NA,NA,NA,NA,NA,NA,NA,NA,NA,NA,NA,NA
1970-11-01,1.21,1.21,1.21,0.17,0.44721801014,0.675,1.0278,0.9159985,0.835,0.6266412,0.9906667,0.8875996,401.56,406.28,269.99,125,330,105,27.88019279019,58.4,51.8,124.84,60.99,0.1497,0.1696,1.2703,0.4269890174,2.7337288,0.112215158,0.16314188,0.0901,1057.02,44.44,178.30072878273,0.709,0.3741,11,41,18.25,31.5,617.29370117188,9.84,1085.3,279.9,3615.6,2846.2,293.2,37.44,132.5,1.7604,54,7.8,42.99,175,NA,NA,NA,NA,NA,NA,NA,NA,NA,NA,NA,NA,NA,NA,NA,NA,NA
1970-12-01,1.21,1.21,1.21,0.17,0.44721801014,0.675,0.9775,0.9190849,0.835,0.6266412,0.9906667,0.8875996,403.92,437.69,271.64,121,311,106,28.38636321121,58.4,51.8,120.42,63.2,0.1285,0.1934,1.3069,0.42864878674,2.7337288,0.112215158,0.1653465,0.0906,1063.19,44.44,178.30072878273,0.7165,0.3704,11,41,18.25,31.5,617.29370117188,9.84,1045.7,276.7,3496.5,2846.2,289.2,37.44,132.5,1.6348,54,7.8,42.99,175,NA,NA,NA,NA,NA,NA,NA,NA,NA,NA,NA,NA,NA,NA,NA,NA,NA
1971-01-01,1.64,1.64,1.64,0.18,0.50224354379,0.538,1.0031,0.9298873,0.7797,0.6383995,0.7991994,0.9015996,409.82,448.32,273.29,125,309,105,28.50975184959,58.4,55.77,121.4,63.57,0.138,0.1319,1.3358,0.42996642411,3.3069299999999995,0.112215158,0.16975574,0.104,1045.91,44.44,178.30072878273,0.7275,0.3534,11.25,40,16,32.5,617.29370117188,10.33,1010,262.5,3465.7,2932.1,284.6,37.88,129,1.6396,57.5,8.68,44.43,NA,0.8026,NA,NA,NA,NA,NA,NA,NA,NA,NA,NA,NA,NA,NA,NA,NA,NA
1971-02-01,1.64,1.64,1.64,0.18,0.50224354379,0.538,0.9833,0.9296668,0.7781,0.6695995,0.7631994,0.9015996,393.4,479.5,273.29,125,297,101,28.557079264010003,58.4,55.77,105.1,63.57,0.135,0.1462,1.3717,0.43115038509,3.3069299999999995,0.112215158,0.17416498,0.1063,1018.55,44.44,178.30072878273,0.7403,0.3333,11.25,40,16,32.5,617.29370117188,10.33,1020.2,266.1,3463.5,2932.1,272.1,38.74,122.5,1.6003,57.5,8.68,44.43,NA,0.7912999999999999,NA,NA,NA,NA,NA,NA,NA,NA,NA,NA,NA,NA,NA,NA,NA,NA
1971-03-01,1.64,1.64,1.64,0.18,0.50224354379,0.538,1.0143,0.9406896,0.7565,0.7031994,0.6647995,0.9015996,401.56,481.87,278.02,124,300,100,28.45120350091999,58.4,55.77,98.91,62.83,0.137,0.1524,1.3812,0.43287185936,3.3069299999999995,0.112215158,0.17196036,0.1034,1020.68,44.44,178.30072878273,0.7275,0.3353,11.25,40,16,32.5,617.29370117188,10.33,1144.1,267.4,3527.4,2932.1,283.7,38.87,122.5,1.669,57.5,8.68,44.43,NA,0.7845999999999999,NA,NA,NA,NA,NA,NA,NA,NA,NA,NA,NA,NA,NA,NA,NA,NA
1971-04-01,1.64,1.64,1.64,0.18,0.50224354379,0.538,0.9894,0.9400282,1.0293,0.6455995,1.540799,0.9015996,388.8,462.97,269.28,119,292,98,28.42129861739,58.4,55.77,95.67,62.46,0.138,0.1711,1.4021,0.43440977716,3.3069299999999995,0.112215158,0.16975574,0.1005,1012.52,44.44,178.30072878273,0.7255,0.356,11.25,40,16,32.5,617.29370117188,10.33,1251.5,268,3562.7,2932.1,283.5,39.01,122.5,1.726,57.5,8.68,44.43,NA,0.8191,NA,NA,NA,NA,NA,NA,NA,NA,NA,NA,NA,NA,NA,NA,NA,NA
1971-05-01,1.64,1.64,1.64,0.18,0.50224354379,0.538,1.0183,0.9400282,0.9141,0.6551995,1.185599,0.9015996,359.04,453.52,242.82,122,293,101,28.622759685889996,58.4,55.77,105.98,63.2,0.139,0.1542,1.4039,0.43689260568,3.3069299999999995,0.112215158,0.17416498,0.0961,1038.8,44.31,178.01888484414,0.7535,0.3761,11.25,40,16,32.5,617.29370117188,10.33,1114.4,264.5,3520.8,2932.1,287.7,40.52,122.5,1.6667,57.5,8.68,44.43,NA,0.7897999999999998,NA,NA,NA,NA,NA,NA,NA,NA,NA,NA,NA,NA,NA,NA,NA,NA
1971-06-01,1.64,1.64,1.64,0.18,0.50224354379,0.538,1.0022,0.9340759,0.8533,0.6359995,1.022399,0.9015996,354.31,441.24,240.93,127,310,104,28.284179171269997,58.4,55.77,109.22,61.36,0.137,0.1542,1.3711,0.43937304594,3.3069299999999995,0.112215158,0.1763696,0.0915,1035.09,43.26,175.72835731123,0.7923,0.3424,11.25,40,16,32.5,617.29370117188,10.33,1074.2,273.3,3448,2932.1,308.6,40.1,122.5,1.6081,57.5,8.68,44.43,NA,0.7582,NA,NA,NA,NA,NA,NA,NA,NA,NA,NA,NA,NA,NA,NA,NA,NA
1971-07-01,1.74,1.74,1.74,0.18,0.50224354379,0.538,0.9927,0.928344,0.9077,0.6335995,1.187999,0.9015996,351.01,439.58,263.37,134,336,107,28.331132125340005,58.4,55.77,111.48,61.36,0.136,0.1542,1.3479,0.44185184502,3.3069299999999995,0.112215158,0.1763696,0.092,1011.61,41.94,172.81223271448,0.7965,0.3314,11.25,46.5,16,32.5,617.29370117188,10.33,1115.3,261.9,3456.8,2932.1,317.6,40.95,122.5,1.5808,66,8.68,44.43,NA,0.7524,NA,NA,NA,NA,NA,NA,NA,NA,NA,NA,NA,NA,NA,NA,NA,NA
1971-08-01,1.74,1.74,1.74,0.18,0.50224354379,0.538,1.0051,0.9298873,0.8626,0.7128694,0.9732005,0.9015996,355.49,439.64,282.56,131,335,108,28.29951030723999,58.4,55.77,113.35,60.99,0.145,0.1542,1.3241,0.44398130064,3.3069299999999995,0.113758392,0.17857422,0.0937,1001.25,42.19,173.36773483105,0.8289,0.3157,11.25,46.5,16,32.5,628.31665039063,10.33,1097.9,258.3,3478.9,2932.1,322.5,42.71,122.5,1.5866,66,8.68,44.43,NA,0.7502,NA,NA,NA,NA,NA,NA,NA,NA,NA,NA,NA,NA,NA,NA,NA,NA
1971-09-01,1.74,1.74,1.74,0.18,0.50224354379,0.538,0.9645,0.9243758,0.8546,0.7260927,0.9360174,0.9015996,356.72,429.75,272.24,124,296,99,28.346488711650004,58.4,55.77,120.61,60.99,0.147,0.1542,1.2968,0.44428801614,3.3069299999999995,0.115522088,0.17416498,0.0879,1042.75,43.12,175.42103026599,0.8267,0.3232,11.25,46.5,16,32.5,639.33984375,10.33,1056.4,239.2,3525.2,2932.1,311.2,42.03,122.5,1.4214,66,8.68,44.43,NA,0.7900999999999999,NA,NA,NA,NA,NA,NA,NA,NA,NA,NA,NA,NA,NA,NA,NA,NA
1971-10-01,1.74,1.74,1.74,0.18,0.50224354379,0.538,0.9431,0.9190849,0.8477,0.7049534,0.9366164,0.9015996,357.94,404.03,253.99,125,305,101,28.23708645331,58.4,55.77,121.69,60.26,0.143,0.1542,1.3129,0.4466334247,3.3069299999999995,0.116403936,0.17416498,0.0928,1081.58,43.58,176.429105869,0.8185,0.3157,11.25,46.5,16,32.5,639.33984375,10.33,1041.2,229.5,3489.9,2932.1,336.6,42.5,122.5,1.3358,66,8.68,44.43,NA,0.7978999999999999,NA,NA,NA,NA,NA,NA,NA,NA,NA,NA,NA,NA,NA,NA,NA,NA
1971-11-01,1.74,1.74,1.74,0.18,0.50224354379,0.538,0.9658,0.9254781,0.8207,0.6930543,0.8675643,0.9015996,358.23,396.01,247.82,125,301,102,28.283961231439996,58.4,55.77,118.06,60.26,0.143,0.1542,1.2862,0.44879647448,3.3069299999999995,0.116624398,0.1763696,0.0935,1102.4,41.57,171.9872864414,0.8157,0.3153,11.25,46.5,16,32.5,641.54443359375,10.33,1013.9,221.8,3534,2932.1,344.4,42.86,122.5,1.3199,66,8.68,44.43,NA,0.8479000000000001,NA,NA,NA,NA,NA,NA,NA,NA,NA,NA,NA,NA,NA,NA,NA,NA
1971-12-01,1.74,1.74,1.74,0.18,0.50224354379,0.538,1.0207,0.9373828,0.804,0.7022277,0.8083196,0.9015996,300,410.95,233.69,126,271,101,28.25095631656,58.4,55.77,116.98,59.89,0.144,0.1551,1.3166,0.45059029344,3.3069299999999995,0.118167632,0.18298346,0.1275,1100.62,41.45,171.71901157872,0.8455,0.2928,11.25,46.5,16,32.5,665.79516601563,10.33,1037.9,231,3670.7,2932.1,358.9,43.48,122.5,1.3935,66,8.68,44.43,NA,0.8770000000000001,NA,NA,NA,NA,NA,NA,NA,NA,NA,NA,NA,NA,NA,NA,NA,NA
1972-01-01,1.77,1.77,1.77,0.19,0.54216598655,0.644,0.9905,0.9296668,0.7869,0.7460141,0.8041081,0.8105997,300,426.69,218.34,125,249,105,27.062951838159996,51.33,53.08,113.84,59.89,0.131,0.1885,1.3858,0.45333391136,4.122639399999999,0.1543234,0.19180194,0.1741,1106.83,40.35,169.24297163933,0.8884,0.3161,11.5,60,29.25,33.5,670.20458984375,10.33,1078,251.9,3626.6,3079.9,379.8,45.75,122.5,1.4731,83,9.6,52.48,NA,0.92,NA,NA,NA,NA,NA,NA,NA,NA,NA,NA,NA,NA,NA,NA,NA,NA
1972-02-01,1.77,1.77,1.77,0.19,0.54216598655,0.644,0.9996,0.930769,0.7923,0.782494,0.7839261,0.8105997,250,437.61,185.17,127,246,107,27.17892009615,51.72,53.46,112.56,59.89,0.14,0.1912,1.4042,0.45641986359,4.122639399999999,0.156087096,0.1873927,0.181,1115.16,42.13,173.23455272171,0.8964,0.3135,11.5,60,29.25,33.5,670.20458984375,10.33,1112.4,294.3,3631,3079.9,389.7,48.26,122.5,1.5036,83,9.6,52.48,NA,0.8885,NA,NA,NA,NA,NA,NA,NA,NA,NA,NA,NA,NA,NA,NA,NA,NA
1972-03-01,1.77,1.77,1.77,0.19,0.54216598655,0.644,1.0192,0.949508,0.796,0.8244459,0.7530807,0.8105997,210,434.41,216.68,135,258,114,27.367115362260005,52.51,53.57,113.05,59.89,0.133,0.1648,1.4548,0.46040182828,4.122639399999999,0.157189406,0.18959732,0.185,1088.67,43.98,177.30172162124,0.8707,0.3097,11.5,60,29.25,33.5,670.20458984375,10.33,1108.2,320.5,3789.7,3079.9,397.4,48.33,122.5,1.5364,83,9.6,52.48,NA,0.9176,NA,NA,NA,NA,NA,NA,NA,NA,NA,NA,NA,NA,NA,NA,NA,NA
1972-04-01,1.77,1.77,1.77,0.19,0.54216598655,0.644,1.0115,0.9627353,0.814,0.809854,0.8214722,0.8105997,200,439.9,227.34,140,272,117,27.700405945969997,53.68,53.68,111.58,60.26,0.135,0.1542,1.4991,0.4636767418,4.122639399999999,0.15652802,0.18518808,0.156,1066.04,43.57,176.40724337569,0.8651,0.3064,11.5,60,29.25,33.5,670.20458984375,10.33,1133,315.9,3844.9,3079.9,395,49.03,122.5,1.572,83,9.6,52.48,NA,0.9307,NA,NA,NA,NA,NA,NA,NA,NA,NA,NA,NA,NA,NA,NA,NA,NA
1972-05-01,1.77,1.77,1.77,0.19,0.54216598655,0.644,1.0377,0.9647195,0.8577,0.802558,0.9598383,0.8105997,220,441.52,227.51,140,252,117,27.888683322049996,54.48,51.53,114.13,60.26,0.1411,0.1331,1.5055,0.46645670907,4.122639399999999,0.15652802,0.17857422,0.1462,1060.87,42.54,174.14290035315,0.8598,0.3263,11.5,60,29.25,33.5,599.65673828125,10.33,1106.4,317.9,3765.5,3079.9,386.2,54.62,122.5,1.583,83,9.6,52.48,NA,0.9847,NA,NA,NA,NA,NA,NA,NA,NA,NA,NA,NA,NA,NA,NA,NA,NA
1972-06-01,1.77,1.77,1.77,0.19,0.54216598655,0.644,1.0697,0.9625149,0.8665,0.7350701,1.053885,0.8105997,248.46,422.12,216.13,138,234,119,27.57409741213,52.9,49.82,118.35,59.89,0.137,0.1331,1.5351,0.46959346887,4.122639399999999,0.154543862,0.18077884,0.1395,1072.21,40.75,170.14690053573,0.8313,0.3267,11.5,60,29.25,33.5,566.58740234375,10.33,1063.2,311.9,3741.2,3079.9,371,62.09,122.5,1.569,83,9.6,52.48,NA,1.229,NA,NA,NA,NA,NA,NA,NA,NA,NA,NA,NA,NA,NA,NA,NA,NA
1972-07-01,1.87,1.87,1.87,0.19,0.54216598655,0.644,1.2361,1.043863,0.7878,0.5455723,1.007215,0.8105997,222.41,403.2,214.6,141,226,127,27.908357878399997,54.07,51.92,119.33,60.26,0.1311,0.1331,1.5066,0.47372466781,4.122639399999999,0.146386768,0.1873927,0.1225,1062.48,39.02,166.20736113845,0.7815,0.3241,11.5,75,29.25,33.5,537.92724609375,10.33,1034.6,303.7,3732.4,3079.9,363.7,65.66,128,1.7358,99,9.6,52.48,NA,1.1514,NA,NA,NA,NA,NA,NA,NA,NA,NA,NA,NA,NA,NA,NA,NA,NA
1972-08-01,1.87,1.87,1.87,0.19,0.54216598655,0.644,1.2009,1.040557,0.772,0.6359375,0.8693136,0.8105997,217.02,413.54,220.64,141,223,126,28.6286672552,55.66,54.94,135.55,62.1,0.142,0.1331,1.4916,0.47640385862,4.122639399999999,0.146827692,0.19400656,0.1378,1081.81,39.27,166.7815546737,0.7415,0.317,11.5,75,29.25,33.5,540.1318359375,10.33,1046.7,297.8,3754.5,3079.9,363.5,67.03,132.5,1.8461,99,9.6,52.48,NA,1.2221,NA,NA,NA,NA,NA,NA,NA,NA,NA,NA,NA,NA,NA,NA,NA,NA
1972-09-01,1.87,1.87,1.87,0.19,0.54216598655,0.644,1.1687,1.034604,0.7563,0.69375,0.7644187,0.8105997,226,412.33,224.87,135,225,138,32.15085873956,59.2,58.2,144.8,76.06,0.133,0.1331,1.4577,0.48112753613,4.122639399999999,0.146386768,0.19400656,0.1558,1062.84,39.38,167.03366698553,0.733,0.308,11.5,75,29.25,33.5,537.92724609375,10.33,1060.6,302.4,3803,3079.9,368.4,65.46,132.5,1.7767,99,9.6,52.48,NA,1.2,NA,NA,NA,NA,NA,NA,NA,NA,NA,NA,NA,NA,NA,NA,NA,NA
1972-10-01,1.87,1.87,1.87,0.19,0.54216598655,0.644,1.1779,1.036809,0.7401,0.632931,0.7768683,0.8105997,232,401.48,224.02,136,228,135,33.932380115140006,57.22,56.879999999999995,148.7,87.45,0.135,0.1331,1.4687,0.48355758727,4.122639399999999,0.143741224,0.19400656,0.1633,1061.76,39.46,167.21681798073,0.7799,0.3602,11.5,75,29.25,33.5,537.92724609375,10.33,917.5,297.2,3758.9,3079.9,363.7,64.86,132.5,1.8106,99,9.6,52.48,NA,1.1093,NA,NA,NA,NA,NA,NA,NA,NA,NA,NA,NA,NA,NA,NA,NA,NA
1972-11-01,1.87,1.87,1.87,0.19,0.54216598655,0.644,1.1859,1.044304,0.7099,0.5837871,0.7353197,0.8105997,234.96,422.59,218.54,148,240,155,34.65496025253999,59.2,61.95,156,88.92,0.141,0.1331,1.4846,0.48933809323,4.122639399999999,0.14109568,0.18518808,0.1604,1048.86,39.46,167.21681798073,0.8143,0.3721,11.5,75,29.25,33.5,540.1318359375,10.33,1007.1,298,3701.6,3079.9,378.9,62.91,132.5,1.8325,99,9.6,52.48,NA,1.1214,NA,NA,NA,NA,NA,NA,NA,NA,NA,NA,NA,NA,NA,NA,NA,NA
1972-12-01,1.87,1.87,1.87,0.19,0.54216598655,0.644,1.2174,1.052902,0.7074,0.6031651,0.7084,0.8105997,247.87,455.82,213.26,174,234,198,38.74975889031001,67.06,75.83,165.5,102.88,0.134,0.2294,1.5695,0.49745133572,4.122639399999999,0.140654756,0.18959732,0.2017,1056.18,43.48,176.21037696933,0.862,0.4012,11.5,75,29.25,33.5,540.1318359375,10.33,1024.4,308.4,3730.2,3079.9,375,63.91,132.5,1.976,99,9.6,52.48,NA,1.1425,NA,NA,NA,NA,NA,NA,NA,NA,NA,NA,NA,NA,NA,NA,NA,NA
1973-01-01,2.08,2.08,2.08,0.21,0.69350672431,1.131,1.278,1.054005,0.7161,0.6023916,0.7253865,0.8203997,231,445.79,211.77,214,239,215,42.09602312612001,79.13,81.35,160.88,108.39,0.135,0.1488,1.7009,0.50219902931,5.0044873999999995,0.141316142,0.206793356,0.2072,1041.72,48.85,187.64716089259,0.8858,0.4422,13.75,84,64.75,42.5,542.33642578125,10.33,1119,318.3,3789.7,3373.1,387,65.14,132.5,2.0166,105,11.48,133.47,NA,1.1688,NA,NA,NA,NA,NA,NA,NA,NA,NA,NA,NA,NA,NA,NA,NA,NA
1973-02-01,2.08,2.08,2.08,0.21,0.69350672431,1.131,1.4542,1.091923,0.7292,0.6574131,0.7098448,0.8203997,299,460.54,258.66,259,291,247,40.76364564293001,81.1,78.48,173.53,98.84,0.142,0.1823,1.8744,0.50886058293,5.0044873999999995,0.14550492,0.201502268,0.1979,1039.48,63.34,215.90429558033,0.9068,0.4625,13.75,84,64.75,42.5,557.76879882813,10.33,1243.6,339.9,4027.8,3373.1,422,74.2,141.97,2.2362,105,11.48,133.47,NA,1.1846,NA,NA,NA,NA,NA,NA,NA,NA,NA,NA,NA,NA,NA,NA,NA,NA
1973-03-01,2.08,2.08,2.08,0.21,0.69350672431,1.131,1.4193,1.10978,0.734,0.6958561,0.6855978,0.8203997,315,462.7,280.36,258,311,238,40.55504476527999,79.92,76.28,185.87,98.47,0.142,0.1781,1.9795,0.5117486735,5.0044873999999995,0.148591388,0.208116128,0.1933,1046.86,74.1,234.99410265012,0.958,0.5454,13.75,84,64.75,42.5,570.99658203125,10.33,1509.5,372.1,4288,3373.1,474,84.37,152.5,2.3092,105,11.48,133.47,NA,1.2307999999999997,NA,NA,NA,NA,NA,NA,NA,NA,NA,NA,NA,NA,NA,NA,NA,NA
1973-04-01,2.35,2.35,2.35,0.21,0.69350672431,1.131,1.291,1.077593,0.8041,0.6926475,0.8993512,0.8203997,360,473.56,290.2,260,333,256,40.72155301072001,77.77,74.51,185.87,101.05,0.147,0.1488,1.8532,0.51707943783,5.0044873999999995,0.14881185,0.21274583,0.1982,1066.55,70.97,229.58077942838,1.0307,0.5437,13.75,84,64.75,42.5,570.99658203125,10.33,1588.4,387.1,4270.3,3373.1,513,90.5,152.5,2.2072,105,11.48,133.47,NA,1.2693,NA,NA,NA,NA,NA,NA,NA,NA,NA,NA,NA,NA,NA,NA,NA,NA
1973-05-01,2.35,2.35,2.35,0.21,0.69350672431,1.131,1.4151,1.074507,0.8071,0.6361446,0.9647718,0.8203997,416,493.84,323.83,358,373,364,42.9444566769,88.97,78.48,185.87,102.15,0.157,0.154,1.8479,0.52873590114,5.0044873999999995,0.151677856,0.221784772,0.2001,1087.36,61.74,212.94189212805,1.1498,0.5507,13.75,84,64.75,42.5,582.01977539063,10.33,1552.2,396.4,4347.5,3373.1,549,101.96,152.5,2.4012,105,11.48,133.47,NA,1.2408999999999997,NA,NA,NA,NA,NA,NA,NA,NA,NA,NA,NA,NA,NA,NA,NA,NA
1973-06-01,2.35,2.35,2.35,0.21,0.69350672431,1.131,1.4147,1.077593,0.8437,0.6047198,1.076973,0.8492754,457,524.81,371.41,470,455,497,46.210613849800005,101.17,87.3,185.87,108.39,0.16,0.154,1.7996,0.53971898261,5.0044873999999995,0.154543862,0.22597355,0.2067,1116.3,55.72,201.46570566532,1.2237,0.6695,13.75,84,64.75,42.5,601.861328125,10.33,1748.7,425.3,4530.5,3373.1,656,120.12,152.5,2.6209,105,11.48,133.47,NA,1.2883,NA,NA,NA,NA,NA,NA,NA,NA,NA,NA,NA,NA,NA,NA,NA,NA
1973-07-01,2.7,2.7,2.7,0.21,0.69350672431,1.131,1.3567,1.058193,0.8718,0.6309969,1.13515,0.8492754,552,593.56,472.85,330,550,582,48.80161576803,109.44,99.65,332.53,114.64,0.154,0.154,1.9575,0.54732563547,5.0044873999999995,0.152339242,0.22597355,0.2098,1135.95,56.35,202.69257881954,1.455,0.8486,13.75,115,64.75,42.5,634.9306640625,10.33,2021.2,469.8,4962.6,3373.1,842,120.17,152.5,2.7056,132.5,11.48,133.47,NA,1.4374999999999998,NA,NA,NA,NA,NA,NA,NA,NA,NA,NA,NA,NA,NA,NA,NA,NA
1973-08-01,2.7,2.7,2.7,0.21,0.69350672431,1.131,1.3307,1.044966,0.8529,0.7366071,0.972896,0.8492754,573,597.88,536.33,331,548,330,64.46619625095,122.43,113.32,377.7,192.54,0.146,0.154,2.459,0.53809543568,5.0044873999999995,0.148591388,0.23699665,0.1977,1150.06,63.55,216.29054293146,1.672,0.8241,13.75,115,64.75,42.5,619.49829101563,10.33,2123,447.5,5004.5,3373.1,914,106.76,152.5,2.6365,132.5,11.48,133.47,NA,1.4748000000000001,NA,NA,NA,NA,NA,NA,NA,NA,NA,NA,NA,NA,NA,NA,NA,NA
1973-09-01,2.7,2.7,2.7,0.21,0.69350672431,1.131,1.3272,1.104489,0.81,0.7370892,0.8437009,0.8492754,550,533.73,424.13,266,508,218,61.21646507475,107.08,105.82,377.7,189.6,0.142,0.154,2.2624,0.53248726375,5.0044873999999995,0.145284458,0.241846814,0.1977,1179.2,70.27,228.35520024168,1.9112,0.7341,13.75,115,64.75,42.5,604.06591796875,10.33,1936.1,444.7,5011.1,3373.1,976,102.97,155.24,2.6751,132.5,11.48,133.47,NA,1.5645,NA,NA,NA,NA,NA,NA,NA,NA,NA,NA,NA,NA,NA,NA,NA,NA
1973-10-01,4.1,4.1,4.1,0.21,0.69350672431,1.131,1.3779,1.146376,0.7905,0.6696567,0.8525465,0.8492754,617,560.68,434.92,245,531,207,60.08117037392,106.39,109.24,337.7,182.25,0.148,0.154,2.1839,0.53517399088,5.0044873999999995,0.14550492,0.24581513,0.2096,1202.69,78,241.59404019581,1.9252,0.7097,13.75,115,64.75,42.5,621.70288085938,10.33,2065.3,471.6,5359.4,3373.1,1163,100.08,160.5,2.8856,132.5,11.48,133.47,NA,1.5986,NA,NA,NA,NA,NA,NA,NA,NA,NA,NA,NA,NA,NA,NA,NA,NA
1973-11-01,4.1,4.1,4.1,0.21,0.69350672431,1.131,1.3931,1.168422,0.7574,0.6302457,0.7925398,0.8492754,718,617.23,429.29,239,490,223,60.41272028854,107.87,106.7,475.9,181.88,0.139,0.154,2.1429,0.54078451438,5.0044873999999995,0.1433003,0.24471282,0.2235,1222.18,77.03,239.96697452255,1.7528,0.7981,13.75,115,64.75,42.5,650.36279296875,10.33,2273,490,5573.3,3373.1,1625,94.92,160.5,2.8599,132.5,11.48,133.47,NA,1.6149,NA,NA,NA,NA,NA,NA,NA,NA,NA,NA,NA,NA,NA,NA,NA,NA
1973-12-01,4.1,4.1,4.1,0.21,0.69350672431,1.131,1.4235,1.190467,0.7423,0.6453541,0.7323374,0.8492754,1068,789.7,496.71,254,603,243,64.08079131945998,112.59,109.57,495.54,199.52,0.129,0.22,2.0693,0.54672108039,5.0044873999999995,0.139111522,0.250003908,0.2612,1247.9,96.43,270.9129099689,1.8159,1.0075,13.75,115,64.75,42.5,632.72583007813,10.33,2244.3,593.5,6461.7,3373.1,1623,106.72,160.5,3.1367,132.5,11.48,133.47,NA,1.6195999999999997,NA,NA,NA,NA,NA,NA,NA,NA,NA,NA,NA,NA,NA,NA,NA,NA
1974-01-01,13,13,13,0.29,1.73,1.561,1.5304,1.226622,0.8413,0.6764275,0.7105354,1.1368,1191,958.77,578.77,261,665,221,66.14727208889,112.28,115.79,512.23,213.48,0.16909,0.1395,2.0371,0.5484676485,4.6517482,0.18188115,0.278443506,0.3342,1280.63,95.43,269.39218328269,1.9887,1.0803,42,180,285.75,53,604.06591796875,13.38,2032.4,565.7,6503.6,3571.5,1330,129.19,162.68,3.63695,215,16.89,120.43,NA,1.6008,NA,NA,NA,NA,NA,NA,NA,NA,NA,NA,NA,NA,NA,NA,NA,NA
1974-02-01,13,13,13,0.29,1.73,1.561,1.6466,1.334867,0.8747,0.6921172,0.7952024,1.1368,1160,1093.4,667.24,271,780,203,70.94397608911,131.1,121.31,539.73,220.46,0.1618,0.1675,1.9826,0.54914694708,4.6517482,0.186069928,0.376769558,0.465,1310.72,97.86,273.07500188848,1.8437,0.9789,42,220,285.75,55,619.49829101563,13.38,2291.7,649.2,7418.5,3571.5,1516,150.13,172.5,5.35895,232.5,16.89,120.43,NA,1.4649,NA,NA,NA,NA,NA,NA,NA,NA,NA,NA,NA,NA,NA,NA,NA,NA
1974-03-01,13,13,13,0.29,1.73,1.561,1.5754,1.382706,0.9435,0.8626103,0.8311096,1.1368,1266,1123.83,632.88,265,711,200,65.64739355858997,126.37,113.54,570.17,190.7,0.14352,0.173,1.7428,0.55147643733,4.6517482,0.191140554,0.399256682,0.4652,1341.7,99.71,275.85066670152,1.6949,0.9374,42,242,285.75,55,687.84155273438,13.38,2743.4,708.3,8218.8,3571.5,1630,168.42,172.5,5.32552,262.5,16.89,120.43,NA,1.4475999999999998,NA,NA,NA,NA,NA,NA,NA,NA,NA,NA,NA,NA,NA,NA,NA,NA
1974-04-01,10.59999847412,10.59999847412,10.59999847412,0.29,1.73,1.561,1.5498,1.411586,1.1544,0.8622277,1.464217,1.1368,1150,1113.36,613.85,235,660,172,58.91628205874999,114.17,103.07,603.56,162.04,0.15961,0.1675,1.6182,0.55060696299,4.6517482,0.195329332,0.424168888,0.4762,1401.16,94.68,268.24682218935,1.6094,0.8415,42,281,285.75,55,751.775390625,13.38,3031.8,702,9206.5,3571.5,1743,172.24,172.5,5.03595,293.8,16.89,120.43,NA,1.4475999999999998,NA,NA,NA,NA,NA,NA,NA,NA,NA,NA,NA,NA,NA,NA,NA,NA
1974-05-01,10.59999847412,10.59999847412,10.59999847412,0.29,1.73,1.561,1.5657,1.422608,1.0915,0.8406738,1.296882,1.1368,996,1102.24,591.5,229,775,157,55.369076521329994,113.7,95.9,598.65,141.46,0.20944,0.1983,1.5448,0.55114065193,4.6517482,0.19731349,0.507944448,0.521,1427.35,87.12,256.45949290385,1.4682,0.8567,42,294,285.75,55,765.00317382813,13.38,2875.7,668.7,9305.7,3571.5,1782,163.27,174.55,5.43182,301.3,16.89,120.43,NA,1.4215999999999998,NA,NA,NA,NA,NA,NA,NA,NA,NA,NA,NA,NA,NA,NA,NA,NA
1974-06-01,10.59999847412,10.59999847412,10.59999847412,0.29,1.73,1.561,1.5898,1.362424,1.1901,0.9076923,1.52586,1.1368,1039,1070.19,603.31,228,788,142,58.48418559424999,116.63,93.7,570.42,155.79,0.19026,0.1983,1.4451,0.55145864266,4.6517482,0.195549794,0.57871275,0.5183,1502.41,79.49,244.07532683238,1.3973,0.739,63,336,285.75,57,756.1845703125,13.38,2440,570.1,9041.1,3571.5,1410,154.1,195,4.8961,339.5,16.89,120.43,NA,1.3918999999999997,NA,NA,NA,NA,NA,NA,NA,NA,NA,NA,NA,NA,NA,NA,NA,NA
1974-07-01,10,10,10,0.29,1.73,1.561,1.5232,1.303562,1.3055,0.9263513,1.853248,1.1368,1007,1010.85,609.64,276,872,163,63.52014589557001,132.28,116.02,494.56,169.02,0.22178,0.1983,1.6409,0.55742740878,4.6517482,0.195329332,0.62500977,0.5518,1530.14,83.19,250.14598598167,1.3228,0.6693,63,341,285.75,58,760.59399414063,13.38,1919.1,548.5,8547.3,4079,1097,142.98,195,4.41545,358.1,16.89,120.43,NA,1.3101,NA,NA,NA,NA,NA,NA,NA,NA,NA,NA,NA,NA,NA,NA,NA,NA
1974-08-01,10,10,10,0.29,1.73,1.561,1.379,1.234779,1.1838,0.9663738,1.448293,1.1368,1053,1085.19,727.84,320,922,197,65.54289364301002,145.82,127.87,496.52,167.55,0.19185,0.1983,1.6058,0.56470334966,4.6517482,0.19180194,0.718926582,0.6753,1554.54,80.07,245.03540428884,1.3349,0.6766,63,337,285.75,62,848.77880859375,13.38,1802.9,549.6,8787.6,4079,1066,154.64,195,4.43136,365,16.89,120.43,NA,1.2987,NA,NA,NA,NA,NA,NA,NA,NA,NA,NA,NA,NA,NA,NA,NA,NA
1974-09-01,10,10,10,0.29,1.73,1.561,1.2039,1.188704,1.1204,0.9606205,1.263735,1.1368,826,1057.69,706.65,303,933,184,65.48202529852,141.43,128.7,491.86,170.49,0.22355,0.1983,1.3971,0.56580626511,4.6517482,0.319008514,0.743177402,0.7529,1576.75,71.42,230.36571700988,1.3173,0.5957,63,361,285.75,66,837.75561523438,13.38,1460.5,539.3,9166.8,4079,911,151.75,195,4.04875,405,16.89,120.43,NA,1.3515999999999997,NA,NA,NA,NA,NA,NA,NA,NA,NA,NA,NA,NA,NA,NA,NA,NA
1974-10-01,10.29999923706,10.29999923706,10.29999923706,0.29,1.73,1.561,1.2518,1.21119,1.1081,0.9605361,1.227041,1.1368,875,1139.17,840.17,335,1045,210,70.97357056252999,151.57,149.25,478.36,192.17,0.19268,0.1983,1.3852,0.57178972685,4.6517482,0.321433596,0.855833484,0.8708,1590.67,65.11,219.14162949108,1.2621,0.5785,63,355,285.75,70,844.36938476563,13.38,1398.8,537.3,7409.7,4079,825,158.78,195,4.82977,405,16.89,120.43,NA,1.4273999999999998,NA,NA,NA,NA,NA,NA,NA,NA,NA,NA,NA,NA,NA,NA,NA,NA
1974-11-01,10.29999923706,10.29999923706,10.29999923706,0.29,1.73,1.561,1.3069,1.227063,1.1334,0.9980577,1.265237,1.1368,748,1085.08,767.53,312,943,179,69.05530375969997,144.09,146.17,436.62,187.39,0.16976,0.1983,1.3232,0.57067109716,4.6517482,0.32077221,1.26324726,1.2377,1624.69,59.98,209.64215740368,1.1743,0.5027,65,355,285.75,70,842.16479492188,13.38,1416.7,534.2,7403.1,4079,794,181.66,195,4.69389,405,16.89,120.43,NA,1.4414999999999998,NA,NA,NA,NA,NA,NA,NA,NA,NA,NA,NA,NA,NA,NA,NA,NA
1974-12-01,10.29999923706,10.29999923706,10.29999923706,0.29,1.73,1.561,1.2959,1.216481,1.1786,1.024951,1.374181,1.1368,660,1082.88,689.26,288,892,184,69.11505722936,145.27,139.99,413.3,185.92,0.17461,0.1721,1.2639,0.57413251939,4.6517482,0.32077221,1.028234768,0.9894,1644.11,65.9,220.57345963899,1.0913,0.5626,64.25,341,285.75,70,859.8017578125,13.38,1289,534.2,7202.5,4079,771,183.78,195,4.39125,408.75,16.89,120.43,NA,1.4793999999999998,NA,NA,NA,NA,NA,NA,NA,NA,NA,NA,NA,NA,NA,NA,NA,NA
1975-01-01,10.42000007629,10.42000007629,10.42000007629,0.43,1.68209359077,1.246,1.2311,1.197522,1.1428,1.018491,1.285751,1.1242,548,1078,589.4,256,775,156,63.22525359168,131.73,118.83,376.72,164.24,0.221,0.1541,1.1455,0.57287807653,5.8863354,0.604727266,0.88515493,0.8445,1677.78,68.42,225.088853397,1.0538,0.5474,68,335,168,70,895.07568359375,17.3,1211.2,538.4,7676.5,4431,799,176.27,195,4.1925,396,26.84,126.57,NA,1.5407,NA,NA,NA,NA,NA,NA,NA,NA,NA,NA,NA,NA,NA,NA,NA,NA
1975-02-01,10.42000007629,10.42000007629,10.42000007629,0.43,1.68209359077,1.246,1.1788,1.154974,1.1274,1.064124,1.193996,1.1242,467,1078,497.67,231,661,141,59.477257500449994,120.47,109.13,381.38,153.22,0.237,0.1686,1.1468,0.5718334266,5.8863354,0.330031614,0.795206434,0.7491,1732.73,61.61,212.6996542327,1.0582,0.5783,68,320,168,70,908.30346679688,17.3,1266.5,541.2,7557.4,4431,794,179.6,180.53,4.37,383,26.84,126.57,NA,1.4562999999999997,NA,NA,NA,NA,NA,NA,NA,NA,NA,NA,NA,NA,NA,NA,NA,NA
1975-03-01,10.42000007629,10.42000007629,10.42000007629,0.43,1.68209359077,1.246,1.1034,1.094348,1.096,1.032988,1.130917,1.1242,450,965,478.26,226,622,144,58.465304159709994,120.17,111.06,374.02,147.34,0.254,0.1858,1.1431,0.57377894463,5.8863354,0.33399993,0.628757624,0.582,1809.61,68.05,224.43072949755,1.0899,0.5725,68,297,168,88,917.12182617188,17.3,1344.2,542.8,7383.3,4431,803,178.16,175,4.3315,363,26.84,126.57,NA,1.5662,NA,NA,NA,NA,NA,NA,NA,NA,NA,NA,NA,NA,NA,NA,NA,NA
1975-04-01,10.42000007629,10.42000007629,10.42000007629,0.43,1.68209359077,1.246,1.0503,1.0809,1.3713,0.9577421,2.031931,1.1242,428,882,451.1,229,624,153,57.18838577604,119.66,111.61,377.7,140.36,0.252,0.2697,1.2809,0.57670580703,5.8863354,0.328929304,0.574744434,0.528,1843.91,67.1,222.73337203853,1.1616,0.5326,68,249,168,88,897.2802734375,17.3,1329.2,479.5,7129.7,4431,783,169.84,163.06,4.20918,307,26.84,126.57,NA,1.581,NA,NA,NA,NA,NA,NA,NA,NA,NA,NA,NA,NA,NA,NA,NA,NA
1975-05-01,10.42000007629,10.42000007629,10.42000007629,0.43,1.68209359077,1.246,1.121,1.047611,1.1746,0.9003745,1.499189,1.1242,355,727,391.74,208,516,148,54.76473522673002,114.52,110.12,365.43,131.54,0.245,0.2738,1.3695,0.57732676328,5.8863354,0.332456696,0.424830274,0.3909,1859.52,67.25,223.00210731545,1.2225,0.5262,68,206,168,89,903.89428710938,17.3,1253.8,356.9,6898.3,4431,747,167.39,160,4.5381,242,26.84,126.57,NA,1.5235,NA,NA,NA,NA,NA,NA,NA,NA,NA,NA,NA,NA,NA,NA,NA,NA
1975-06-01,10.42000007629,10.42000007629,10.42000007629,0.43,1.68209359077,1.246,1.233,1.087734,1.2236,0.8458949,1.700853,1.1242,333,660,356,207,525,150,54.74118956297,119.1,105.82,324.92,127.13,0.236,0.2738,1.3327,0.57910204644,5.8863354,0.332456696,0.351857352,0.3009,1852.98,66.76,222.12321371215,1.2319,0.539,68,172,168,88,903.89428710938,17.3,1193,353.4,6926.9,4431,751,164.24,160,4.48914,194,26.84,126.57,NA,1.5348999999999997,NA,NA,NA,NA,NA,NA,NA,NA,NA,NA,NA,NA,NA,NA,NA,NA
1975-07-01,10.43000030518,10.43000030518,10.43000030518,0.43,1.68209359077,1.246,1.4478,1.293641,1.2274,0.8252288,1.732839,1.1242,372,813,401.98,224,578,157,58.39066894314,119.82,103.39,307.73,145.14,0.165,0.2738,1.3466,0.58168260491,5.8863354,0.316583432,0.438498918,0.368,1864.54,66.17,221.06100691522,1.2544,0.5706,68,158,168,85,864.2109375,17.3,1222.4,359.3,6810.1,4431,707,165.17,162.73,4.70455,181,26.84,126.57,NA,1.4390999999999998,NA,NA,NA,NA,NA,NA,NA,NA,NA,NA,NA,NA,NA,NA,NA,NA
1975-08-01,10.43000030518,10.43000030518,10.43000030518,0.43,1.68209359077,1.246,1.8404,1.69862,1.1726,0.8585998,1.534951,1.1242,388,908,472.61,243,599,170,63.671833615599994,131.56,122.36,323.69,162.77,0.196,0.2738,1.2992,0.58512303589,5.8863354,0.305119408,0.465395282,0.4102,1885.59,69.48,226.96528122116,1.3131,0.5864,68,158,168,85,837.75561523438,17.3,1277.1,383.6,6774.8,4431,737,163,175,4.9251,185,26.84,126.57,NA,1.346,NA,NA,NA,NA,NA,NA,NA,NA,NA,NA,NA,NA,NA,NA,NA,NA
1975-09-01,10.43000030518,10.43000030518,10.43000030518,0.43,1.68209359077,1.246,1.7831,1.677677,1.1065,0.7955002,1.399848,1.1242,368,871,412.35,227,551,169,62.70281282528001,122.31,118.17,336.21,165.71,0.22,0.2738,1.4165,0.58643768995,5.8863354,0.29982832,0.382722032,0.3417,1879.64,68.24,224.76889005311,1.327,0.5551,68,158,168,84,826.732421875,17.3,1210.1,370,6558.7,4852,724,144.17,175,4.51595,192,26.84,126.57,NA,1.3875999999999995,NA,NA,NA,NA,NA,NA,NA,NA,NA,NA,NA,NA,NA,NA,NA,NA
1975-10-01,10.46000003815,10.46000003815,10.46000003815,0.43,1.68209359077,1.246,1.7723,1.610879,1.0792,0.7523885,1.399619,1.08548,347,840,412.19,211,495,163,61.13024393768,116.87,114.84,332.53,161.67,0.192,0.2738,1.5331,0.58699577704,5.8863354,0.301812478,0.34061379,0.3101,1898.57,67.13,222.78714118402,1.3162,0.534,68,131,168,78,815.70947265625,17.3,1178.8,344.6,6347.1,4852,706,142.79,172.17,4.32886,162,26.84,126.57,NA,1.4111999999999998,NA,NA,NA,NA,NA,NA,NA,NA,NA,NA,NA,NA,NA,NA,NA,NA
1975-11-01,10.46000003815,10.46000003815,10.46000003815,0.43,1.68209359077,1.246,1.709,1.574283,1.0014,0.7567781,1.266744,0.9805777,327,755,378.8,192,423,152,57.44273987395,110.26,108.85,309.45,146.97,0.203,0.1355,1.4663,0.58670803846,5.8863354,0.301371554,0.331354386,0.2969,1893.61,69.25,226.55925668309,1.2998,0.5686,68,123,168,76,813.5048828125,17.3,1179.7,337.3,6281,4852,705,142.42,160,4.33244,150,26.84,126.57,NA,1.4534999999999998,NA,NA,NA,NA,NA,NA,NA,NA,NA,NA,NA,NA,NA,NA,NA,NA
1975-12-01,10.46000003815,10.46000003815,10.46000003815,0.43,1.68209359077,1.246,1.8353,1.632043,0.983,0.7688305,1.20636,0.9738197,339,713,367.93,185,391,157,56.54295643348,109.15,108.3,287.36,142.57,0.191,0.1796,1.4449,0.58898890623,5.8863354,0.2976237,0.32628376,0.2908,1905.39,70.66,229.0387121422,1.3461,0.6202,58,123,168,75,837.75561523438,17.3,1151,333.1,6175.1,4852,686,139.3,160,4.08486,155,26.84,126.57,NA,1.4911,NA,NA,NA,NA,NA,NA,NA,NA,NA,NA,NA,NA,NA,NA,NA,NA
1976-01-01,11.51000022888,11.51000022888,11.51000022888,0.54,1.73511329971,1.4046,2.047,1.744476,1.102,0.8582912,1.214003,1.233625,332,720,353.88,189,385,160,57.036130707050006,110.26,108.58,259.86,143.67,0.243,0.216,1.4861,0.59093909828,8.311417400000002,0.297403238,0.339952404,0.3091,1977.71,73.2,233.44851460572,1.4744,0.6385,40,105,82,70,853.18798828125,22.72,1193,337,6241.3,4850,692,131.05,160,4.06265,130,27.16,145.73999999999998,NA,1.46,NA,NA,NA,NA,NA,NA,NA,NA,NA,NA,NA,NA,NA,NA,NA,NA
1976-02-01,11.51000022888,11.51000022888,11.51000022888,0.54,1.73511329971,1.4341,2.1874,1.822297,1.0792,0.8180993,1.18826,1.231235,336,734,365.84,191,390,164,59.32242898284,113.24,110.07,233.35,152.85,0.261,0.216,1.5871,0.59403950555,8.311417400000002,0.295639542,0.331574848,0.2976,2052.26,77.51,240.77329107946,1.517,0.7077,40,98,82,56,850.9833984375,22.72,1219,348,6508,4850,690,131.06,160,4.08642,125,27.16,145.43,NA,1.36,NA,NA,NA,NA,NA,NA,NA,NA,NA,NA,NA,NA,NA,NA,NA,NA
1976-03-01,11.51000022888,11.51000022888,11.51000022888,0.54,1.73511329971,1.4151,2.1958,1.815904,1.0712,0.8459291,1.14857,1.219025,349,669,375.79,190,399,162,59.32400267118,113.06,110.51,228.44,152.49,0.271,0.216,1.707,0.59621336882,8.311417400000002,0.288584758,0.358691674,0.3261,2110.01,79.64,244.32393079246,1.5432,0.7388,35,98,82,56,815.70947265625,22.72,1329,384,6902.7,4850,728,132.76,160,4.18913,126,27.16,140.59,NA,1.5195999999999998,NA,NA,NA,NA,NA,NA,NA,NA,NA,NA,NA,NA,NA,NA,NA,NA
1976-04-01,11.51000022888,11.51000022888,11.51000022888,0.55,1.73511329971,1.6389,2.7002,2.376305,1.2695,0.8870181,1.709011,1.212519,347,701,348.4,190,384,163,57.806047704369995,111.1,107.8,226.47,145.5,0.271,0.216,1.8071,0.59886666139,8.311417400000002,0.2976237,0.343479796,0.3097,2107.46,83.04,249.90232406204,1.5565,0.7471,35,90,82,55,820.11865234375,22.72,1510,454,7123.1,4850,789,127.94,160,4.35552,113,27.16,143.47,NA,1.4898999999999998,NA,NA,NA,NA,NA,NA,NA,NA,NA,NA,NA,NA,NA,NA,NA,NA
1976-05-01,11.51000022888,11.51000022888,11.51000022888,0.55,1.73511329971,1.7685,2.9864,2.681638,1.1373,0.8645025,1.338079,1.209206,355,643,344.8,210,370,189,58.46623896386,118.2,107.8,226.47,141.83,0.28,0.216,1.7758,0.60519023137,8.311417400000002,0.295639542,0.352077814,0.3206,2174.43,83.06,249.93482400916,1.6138,0.812,35,80,82,53,824.52783203125,22.72,1512,483,7449.4,4850,774,126.92,160,4.48845,104,27.16,142.55,NA,1.5590999999999997,NA,NA,NA,NA,NA,NA,NA,NA,NA,NA,NA,NA,NA,NA,NA,NA
1976-06-01,11.51000022888,11.51000022888,11.51000022888,0.58,1.73511329971,1.9242,3.2977,2.867263,1.2146,0.8578686,1.581827,1.203978,380,671,394.8,248,408,244,60.01133589877001,121.8,109.5,222.84,146.24,0.265,0.216,1.6006,0.6143955187,8.311417400000002,0.29321446,0.31746528,0.2864,2198.62,86.57,255.58392577031,1.8012,0.8514,35,80,82,53,804.68627929688,22.72,1550,476,7766.9,4850,750,125.71,163.54,4.81173,100,27.16,141.43,NA,1.5347,NA,NA,NA,NA,NA,NA,NA,NA,NA,NA,NA,NA,NA,NA,NA,NA
1976-07-01,11.60000038147,11.60000038147,11.60000038147,0.58,1.73511329971,1.957,3.0256,2.78415,1.2607,0.9470046,1.629308,1.205885,455,420,450.5,264,457,231,59.25880017945,121.3,113,222.74,142.2,0.258,0.216,1.5302,0.61552509376,8.311417400000002,0.292993998,0.321654058,0.2912,2212.95,94.04,267.26614296424,2.0018,0.7921,35,85,82,55,903.89428710938,22.72,1647,509,8496.6,4850,776,117.73,171.12,4.7606,120,27.16,138.3,NA,1.5457,NA,NA,NA,NA,NA,NA,NA,NA,NA,NA,NA,NA,NA,NA,NA,NA
1976-08-01,11.60000038147,11.60000038147,11.60000038147,0.6,1.73511329971,2.1219,3.3848,2.915763,1.2366,1.031106,1.469708,1.208915,451,748,431,248,456,212,55.38859281783,116.1,101.3,223.53,126.4,0.265,0.216,1.5785,0.61583797034,8.311417400000002,0.293875846,0.249562984,0.2209,2231.33,100.91,277.63844446134,1.9158,0.7831,35,93,82,53,939.16821289063,22.72,1539,483,8084.3,4850,741,109.93,156.15,4.2766,125,27.16,135.02,NA,1.605,NA,NA,NA,NA,NA,NA,NA,NA,NA,NA,NA,NA,NA,NA,NA,NA
1976-09-01,11.60000038147,11.60000038147,11.60000038147,0.6,1.73511329971,2.3905,3.5133,3.022024,1.2105,1.005054,1.412062,1.214363,484,808,456.5,261,505,218,53.949854285179995,115,105.9,244.93,119.78,0.258,0.216,1.5615,0.61915413004,8.311417400000002,0.295639542,0.21605276,0.1792,2280.46,105.12,283.83452526646,1.8761,0.769,35,100,82,53,996.48828125,22.72,1459,481,7960.9,4938,712,114.15,158.24,4.3035,140,27.16,136.31,NA,1.6248,NA,NA,NA,NA,NA,NA,NA,NA,NA,NA,NA,NA,NA,NA,NA,NA
1976-10-01,11.89999961853,11.89999961853,11.89999961853,0.62,1.73511329971,2.5935,3.8215,3.34874,1.2196,1.023298,1.419293,1.216071,481,829,443.6,254,495,211,50.83653960894,106.2,98.1,250.04,111.33,0.265,0.216,1.4284,0.62087910074,8.311417400000002,0.295860004,0.23479203,0.177,2276.03,107.04,286.62233214916,1.9202,0.8287,35,93,82,55,947.98657226563,22.72,1285,465,7971.9,5313,639,116.15,157.9,4.2195,128,27.16,134.53,NA,1.6458999999999997,NA,NA,NA,NA,NA,NA,NA,NA,NA,NA,NA,NA,NA,NA,NA,NA
1976-11-01,11.89999961853,11.89999961853,11.89999961853,0.63,1.73511329971,2.9253,4.0342,3.885773,1.2096,0.983945,1.429579,1.215296,499,834,456.5,260,506,215,48.65985009247,98.7,93.5,239.24,106.56,0.231,0.216,1.4125,0.62397885565,8.311417400000002,0.29652139,0.230603252,0.1737,2292.7,107.04,286.62233214916,1.907,0.8307,35,86,82,54,947.98657226563,22.72,1279,459,8121.8,5313,604,130.46,156.83,4.3533,115,27.16,148.31,NA,1.6947,NA,NA,NA,NA,NA,NA,NA,NA,NA,NA,NA,NA,NA,NA,NA,NA
1976-12-01,11.89999961853,11.89999961853,11.89999961853,0.64,1.73511329971,2.9754,4.566,4.496439,1.2346,1.008692,1.478905,1.216245,553,777,456.8,269,505,231,49.46854338168,103.5,96.5,238.26,106.19,0.235,0.216,1.4972,0.62851646311,8.311417400000002,0.299607858,0.225312164,0.1664,2326.62,107.04,286.62233214916,1.8431,0.7857,35,83,82,53,974.44213867188,22.72,1287,478,8399.6,5313,642,133.93,151.99,4.3601,113,27.16,156.39,NA,1.7535999999999998,NA,NA,NA,NA,NA,NA,NA,NA,NA,NA,NA,NA,NA,NA,NA,NA
1977-01-01,12.5,12.5,12.5,0.67,1.79162260682,3.45,4.8272,4.767601,1.5964,1.155074,1.551216,2.082884,546,933,462,287,502,251,51.419833102789994,111.6,99.7,239.53,108.76,0.241,0.254,1.5774,0.63339175275,7.9145857999999985,0.299387396,0.24140589,0.1839,2323.42,92,264.11955563443,1.7514,0.8217,140,95,115,54.5,1058.21752929688,23.06,1396,560,9486.5,5313,692,132.26,154.55,4.4192,130,28.68,156.96,NA,1.7942,2.77116287282,18.53083076396,NA,NA,NA,NA,NA,NA,NA,NA,NA,NA,NA,NA,NA,NA
1977-02-01,12.5,12.5,12.5,0.71,1.79162260682,3.8177,5.4119,5.431397,1.893,1.695557,1.90513,2.078425,576,856,507,293,553,248,51.74194039376,110.6,99.5,235.11,110.6,0.3,0.254,1.6383,0.63689532489,7.9145857999999985,0.298285086,0.243830972,0.1894,2269.89,95.2,269.04138082951,1.8629,0.8166,142.5,95,100.5,54.5,1078.05908203125,23.06,1426,648,10227.2,5313,703,136.24,161.27,4.5325,133,28.68,156.66,NA,1.6502,2.77116287282,19.01656568291,NA,NA,NA,NA,NA,NA,NA,NA,NA,NA,NA,NA,NA,NA
1977-03-01,12.5,12.5,12.5,0.75,1.79162260682,4.0342,6.7058,6.747966,2.1875,2.423106,2.057485,2.082011,735,871,598,328,630,272,50.611217802,108,98,242.48,106.92,0.328,0.254,1.6222,0.64328271278,7.9145857999999985,0.299166934,0.257279154,0.198,2240.98,96.6,271.17071075373,1.9169,0.8186,123.5,99,100.5,54.5,1082.46850585938,23.06,1515,703,10372.7,5313,719,148.23,162.99,4.8653,137,28.68,156.58,NA,1.5915999999999997,2.77116287282,19.502300601849996,NA,NA,NA,NA,NA,NA,NA,NA,NA,NA,NA,NA,NA,NA
1977-04-01,12.44999980927,12.44999980927,12.44999980927,0.77,1.79162260682,3.5878,7.0036,6.883547,2.8752,3.55888,2.978849,2.087888,793,881,647,384,782,316,49.29253277221001,105.8,93.6,232.56,102.15,0.3,0.254,1.5505,0.65133503758,7.9145857999999985,0.300489706,0.277120734,0.2213,2260.93,94.7,268.27741919972,1.8905,0.7934,44,98,109.5,54.5,1082.46850585938,23.06,1429,648,9596.7,5187,655,149.17,160.74,4.79,134,28.68,157.11,NA,1.5737,2.77116287282,19.74516806132999,NA,NA,NA,NA,NA,NA,NA,NA,NA,NA,NA,NA,NA,NA
1977-05-01,12.44999980927,12.44999980927,12.44999980927,0.77,1.79162260682,3.7831,6.2889,5.942636,2.1995,2.2605,2.248183,2.089922,718,897,659,371,741,298,46.935191091970005,100.9,91.7,237.67,94.8,0.319,0.254,1.498,0.65363380171,7.9145857999999985,0.307764952,0.250003908,0.1986,2264.97,91.1,262.72116104627,1.7802,0.7833,44,92,116.1,54.3,1082.46850585938,23.06,1371,661,9843.6,5282,611,146.61,156.55,4.6998,129,28.67777777778,157.48,NA,1.6044,2.77116287282,19.74516806132999,NA,NA,NA,NA,NA,NA,NA,NA,NA,NA,NA,NA,NA,NA
1977-06-01,12.44999980927,12.44999980927,12.44999980927,0.82,1.79162260682,4.2536,5.7781,4.938676,2.0911,1.631897,2.550806,2.090701,620,848,619,326,666,253,45.548281763259986,94.5,84.2,244.64,92.96,0.285,0.254,1.4612,0.6530015178,7.9145857999999985,0.307764952,0.226634936,0.1735,2246.77,90.8,262.25361861126,1.605,0.7668,40.75,96,120,55,1102.31005859375,23.06,1312,567,9627.6,5313,542,140.78,150.36,4.4815,133,28.67777777778,157.89,NA,1.618,2.77116287282,20.35233671001,NA,NA,NA,NA,NA,NA,NA,NA,NA,NA,NA,NA,NA,NA
1977-07-01,12.63000011444,12.63000011444,12.63000011444,0.83,1.79162260682,4.3629,4.8488,4.331758,2.0543,1.618172,2.434384,2.110222,513,804,520,252,548,193,44.77328276004,85,80.3,251.22,96.64,0.234,0.254,1.4178,0.64939282677,7.9145857999999985,0.31305604,0.22376893,0.1629,2222.4,91.5,263.34345066778,1.5721,0.7703,37.5,95,123.125,55,1170.6533203125,23.06,1248,562,10416.8,5313,542,143.39,149.57,4.5323,133,28.67777777778,160.8,NA,1.5881,2.77116287282,20.473770439750002,NA,NA,NA,NA,NA,NA,NA,NA,NA,NA,NA,NA,NA,NA
1977-08-01,12.63000011444,12.63000011444,12.63000011444,0.82,1.79162260682,3.9701,4.396,4.482551,1.9267,1.550663,2.130281,2.099059,451,807,493,230,498,174,43.09212559186001,76.9,75.7,254.95,95.53,0.243,0.254,1.3891,0.65043270612,7.9145857999999985,0.311512806,0.247137902,0.1678,2206.82,90.9,262.40954493409,1.506,0.7963,31.2,104,129.6,55.1,1183.880859375,23.06,1160,551,11309.7,5313,520,144.94,148.86,4.4732,143,28.67777777778,159.35000000000002,NA,1.5936999999999997,2.77116287282,20.35233671001,NA,NA,NA,NA,NA,NA,NA,NA,NA,NA,NA,NA,NA,NA
1977-09-01,12.63000011444,12.63000011444,12.63000011444,0.83,1.79162260682,3.8515,4.1778,4.442207,1.8092,1.349386,1.989215,2.089118,463,773,459.5,205,512,174,44.34264206174999,78.3,76.8,254.95,99.94,0.253,0.254,1.4149,0.65436680415,7.9145857999999985,0.310190034,0.229500942,0.1612,2224.09,90.9,262.40954493409,1.4286,0.8598,34.5,108,132.5,56.625,1183.880859375,23.06,1195,582,11157.6,5313,518,149.53,150.33,4.538,148,28.67777777778,158.47,NA,1.6823,2.77116287282,20.473770439750002,NA,NA,NA,NA,NA,NA,NA,NA,NA,NA,NA,NA,NA,NA
1977-10-01,12.68000030518,12.68000030518,12.68000030518,0.84,1.79162260682,3.6934,3.7703,3.834407,1.7714,1.358385,1.849116,2.106743,479,794,450,209,490,179,46.19074401963999,83.2,81,256.91,103.98,0.258,0.254,1.4632,0.65912245922,7.9145857999999985,0.314599274,0.225753088,0.1563,2255.52,92.3,264.5842874639,1.3944,0.8675,34.5,107,131,57.5,1203.72241210938,23.06,1210,615,12153.8,4586,511,158.95,157.62,4.7586,138,28.67777777778,160.52,NA,1.855,2.77116287282,20.59520416948,NA,NA,NA,NA,NA,NA,NA,NA,NA,NA,NA,NA,NA,NA
1977-11-01,12.68000030518,12.68000030518,12.68000030518,0.83,1.79162260682,3.4818,4.3466,3.675237,1.5442,0.9689543,1.536436,2.127061,505,852,444.8,236,500,200,49.76393245920001,93.4,90,274.1,111.7,0.262,0.254,1.4601,0.66626111558,7.9145857999999985,0.317906204,0.229721404,0.1559,2261.85,93.1,265.82018681835,1.4138,0.8554,34.5,93,137,56,1236.79174804688,23.06,1182,633,12676.6,4586,525,162.1,169.67,4.8258,123,28.67777777778,160.7,NA,1.9164,2.77116287282,20.473770439750002,NA,NA,NA,NA,NA,NA,NA,NA,NA,NA,NA,NA,NA,NA
1977-12-01,12.68000030518,12.68000030518,12.68000030518,0.84,1.79162260682,3.1947,4.4714,3.716242,1.5048,0.7794351,1.577477,2.157524,539,917,501,241,541,200,50.92556964086001,96,89.9,302.58,114.64,0.262,0.254,1.5849,0.67029095067,7.9145857999999985,0.326945146,0.25904285,0.1784,2269.47,91.7,263.65412618261,1.4207,0.8265,34.5,93,134.33333333333,56,1261.04272460938,23.06,1261,686,12784.6,4586,538,160.45,177.35,4.7168,128,28.67777777778,162.72,NA,1.9398999999999995,2.77116287282,20.59520416948,NA,NA,NA,NA,NA,NA,NA,NA,NA,NA,NA,NA,NA,NA
1978-01-01,12.65999984741,12.65999984741,12.65999984741,0.87,2.30221809927,2.9791,4.545,3.904953,1.3595,0.7810781,1.736875,1.560419,541,956,514,239,522,200,50.89777639452001,95.8,88.4,317.31,114.27,0.257,0.2694,1.7154,0.67434515994,8.0689092,0.33399993,0.292773536,0.1933,2212.47,93.9,267.0512105538,1.4606,0.845,28,98,133,56,1316.158203125,21.45,1261,664,12121,4586,518,173.18,201.73,4.9238,138,27.868888888890005,165.36,NA,1.9975,3.03608084204,23.56634259035999,NA,NA,NA,NA,NA,NA,NA,NA,NA,NA,NA,NA,NA,NA
1978-02-01,12.65999984741,12.65999984741,12.65999984741,0.88,2.30221809927,2.8259,4.3561,3.848296,1.4025,0.9166232,1.725475,1.565298,561,910,558,239,534,187.5,52.228112749790014,101,89.9,341.07,115.74,0.303,0.2501,1.9136,0.67584648049,8.0689092,0.336425012,0.32518145,0.187,2230.98,96.6,271.17071075373,1.5335,0.8633,28,93,134.75,56,1320.5673828125,21.45,1217,582,12149.7,4586,478,178.14,224.41,4.9607,138,27.06,161.19,NA,1.9591,3.03608084204,23.6877763201,NA,NA,NA,NA,NA,NA,NA,NA,NA,NA,NA,NA,NA,NA
1978-03-01,12.65999984741,12.65999984741,12.65999984741,0.89,2.30221809927,3.3819,3.8576,3.475283,1.3586,0.8489283,1.64633,1.580495,650,1020,598,273,629,215,54.96240222148001,106.1,95.6,373.77,124.19,0.353,0.2796,1.9996,0.68320787104,8.0689092,0.343479796,0.3086468,0.1706,2207,96,270.25989083201,1.584,0.8715,28,97,134.5,56,1298.52124023438,21.45,1254,582,11422.1,4586,507,183.61,226.78,5.2731,137,27.06,165.48000000000002,NA,1.917,3.03608084204,23.80921004984,NA,NA,NA,NA,NA,NA,NA,NA,NA,NA,NA,NA,NA,NA
1978-04-01,12.68000030518,12.68000030518,12.68000030518,0.88,2.30221809927,3.4425,3.9368,3.192216,1.7924,0.7104277,3.081241,1.585498,600,1127,603,290,624,224,57.35757976097,111.5,101.1,388.5,130.81,0.364,0.2959,2.2377,0.68782533404,8.0689092,0.343479796,0.307103566,0.1673,2231.68,100.4,276.87984048182,1.5957,0.8647,31.375,97,134,56,1258.83813476563,21.45,1285,573,11005.5,4696,553,175.28,214.09,5.1672,131,27.06,170.13,NA,1.8965,3.03608084204,23.6877763201,NA,NA,NA,NA,NA,NA,NA,NA,NA,NA,NA,NA,NA,NA
1978-05-01,12.69999980927,12.69999980927,12.69999980927,0.91,2.30221809927,3.1356,3.7397,3.000198,1.3594,0.6708622,1.843189,1.564251,596,1128,624,290,657,221,56.38303672876,112.69,101.8,386.54,124.56,0.358,0.2959,2.2509,0.6908628344,8.0689092,0.332677158,0.300269244,0.1616,2211.87,93.8,266.89759714118,1.6301,0.9127,32.5,93,130.8,56,1236.79174804688,21.45,1303,545,11704.3,4696,562,176.31,232.73,5.1337,128,28.605,193.5,NA,2.0022,3.03608084204,24.052077509309996,NA,NA,NA,NA,NA,NA,NA,NA,NA,NA,NA,NA,NA,NA
1978-06-01,12.72999954224,12.72999954224,12.72999954224,0.91,2.30221809927,2.9921,3.7148,3.331985,1.3512,0.617284,1.856672,1.579556,646,1106,654,278,631,208,55.76703939627001,106.55,97.05,381.14,126.4,0.255,0.3105,1.9886,0.69251678512,8.0689092,0.336425012,0.299166934,0.1594,2234.8,92.4,264.73904361905,1.6006,0.98,32.5,92,132.5,56,1247.81494140625,21.45,1333,570,12356.9,4645,578,183.75,244.96,5.3288,130,30.15,196.51,NA,2.1122999999999994,3.03608084204,24.052077509309996,NA,NA,NA,NA,NA,NA,NA,NA,NA,NA,NA,NA,NA,NA
1978-07-01,12.77000045776,12.77000045776,12.77000045776,0.89,2.30221809927,3.1636,2.9498,2.789726,1.4279,0.6606127,2.017642,1.605483,644,1042,622,266,586,207,54.26825712438001,97.26,90.61,362.23,127.13,0.239,0.3148,1.9509,0.69583267216,8.0689092,0.349873194,0.278443506,0.1418,2286.81,94.3,267.66491302933,1.5461,0.9784,32.5,95,142,57,1289.70263671875,21.45,1337,582,12414.2,4586,584,188.73,245.64,5.3613,137,30.15,202.73,NA,2.2832000000000003,3.03608084204,23.80921004984,NA,NA,NA,NA,NA,NA,NA,NA,NA,NA,NA,NA,NA,NA
1978-08-01,12.78999996185,12.78999996185,12.78999996185,0.91,2.30221809927,3.3612,3.0472,2.831835,1.3959,0.734315,1.820116,1.633347,657,1044,585,262,587,202,53.39843946923999,92.02,88.02,344.31,127.5,0.25,0.306,2.0252,0.69857792918,8.0689092,0.357589364,0.292993998,0.1561,2311.11,100.4,276.87984048182,1.5895,1.0344,32.5,102,142.5,58.5,1320.5673828125,21.45,1426,639,12994.5,4586,618,206.3,267.35,5.5361,143,30.15,206.4,NA,2.3184999999999993,3.03608084204,24.052077509309996,NA,NA,NA,NA,NA,NA,NA,NA,NA,NA,NA,NA,NA,NA
1978-09-01,12.80000019073,12.80000019073,12.80000019073,0.92,2.30221809927,3.7505,3.4244,3.238587,1.3633,0.7284557,1.724461,1.636901,777.5,1210,615,264,630,208,53.90961757898,90.99,87.25,347.01,130.81,0.252,0.306,2.2419,0.70294647136,8.0689092,0.361337218,0.317685742,0.1801,2309.24,99.3,275.23757660879,1.6259,1.0944,32.5,105.5,134.625,63.125,1382.29663085938,21.45,1442,693,13889.1,4586,634,212.08,269.34,5.5884,151.5,30.15,206.34,NA,2.4079,3.03608084204,24.17351123905,NA,NA,NA,NA,NA,NA,NA,NA,NA,NA,NA,NA,NA,NA
1978-10-01,12.85000038147,12.85000038147,12.85000038147,0.92,2.30221809927,3.8274,3.3964,3.309576,1.4083,0.8175819,1.730279,1.677016,805,1194,623,271,637,223,56.25563022820001,95.94,93.81,338.42,137.42,0.256,0.306,2.3462,0.70856387005,8.0689092,0.379856026,0.346345802,0.1975,2305.41,101.6,278.66198952046,1.67,1.1621,32.5,105.5,132,63.5,1424.62548828125,21.45,1506,830,15256,4586,713,227.44,331.83,5.9447,151.5,30.15,213.08,NA,2.5428999999999995,3.03608084204,24.17351123905,NA,NA,NA,NA,NA,NA,NA,NA,NA,NA,NA,NA,NA,NA
1978-11-01,13.19999980927,13.19999980927,13.19999980927,0.93,2.30221809927,4.0303,3.2223,3.180385,1.3691,0.7581204,1.69279,1.656265,835,1191,604,270,620,227,57.3396697781,100.54,96.47,294.23,137.79,0.267,0.3247,2.4196,0.71264467511,8.0689092,0.367951078,0.313937888,0.1766,2328.99,97.8,272.98457803699,1.7317,1.1449,32.5,101,140.75,65,1394.42211914063,21.45,1481,824,15035.5,4586,695,206.2,328.51,5.8724,151.5,30.15,206.32,NA,2.4808,3.03608084204,24.29494496878,NA,NA,NA,NA,NA,NA,NA,NA,NA,NA,NA,NA,NA,NA
1978-12-01,14.5,14.5,14.5,0.96,2.30221809927,3.9478,2.8898,2.911862,1.3257,0.7035919,1.624353,1.64905,886,1022,604,278,627,237,56.753164858439995,98.52,96.05,273.36,136.32,0.293,0.3429,2.5697,0.71752556122,8.0689092,0.371258008,0.31415835,0.1764,2345.85,101.8,278.95807103614,1.7123,1.0761,32.5,97.5,141,65,1408.75219726563,21.45,1533,859,14153.7,4586,687,207.85,340.44,5.935,141.5,30.15,208.33,NA,2.4117999999999995,3.03608084204,24.65924615799,NA,NA,NA,NA,NA,NA,NA,NA,NA,NA,NA,NA,NA,NA
1979-01-01,17.4500002861,18.95000076294,15.94999980927,1.02,3.25948857485,3.6555,2.8349,2.9377,1.3113,0.7077935,1.593796,1.632357,966,976,636,284,616,235,58.47891751709,105.41,97.06,278.52,137.79,0.274,0.3273,2.7979,0.72084854698,11.9710866,0.377651406,0.322535906,0.1669,2380.71,116.2,299.61699248247,1.6755,1.0668,32.5,109.5,143,65,1264.75634765625,23.5,1659,992,13853.8,4586,720,227.28,358.47,6.2027,153,30.15,212.2,NA,2.3426999999999993,3.692422915569999,30.38335382193999,381,140.36,270,NA,NA,NA,NA,NA,NA,NA,NA,NA,NA,NA
1979-02-01,20.75,22,19.5,1.05,3.25948857485,3.5029,2.7119,2.9211,1.2827,0.6953493,1.528214,1.624569,981,969,694,298,653,238,59.38336961696,107.01,97.83,279.5,140.36,0.31,0.284,2.9286,0.72458113308,11.9710866,0.37588771,0.337527322,0.1814,2364.48,127.8,315.41460001493,1.6737,1.1281,32.5,116.5,143,64.5,1441.91015625,23.5,1944,1055,14526.2,4546,793,245.67,410.41,7.3494,157.5,30.15,191.8,NA,2.1673000000000004,3.692422915569999,30.747655011150005,382,144.76999999999998,238,NA,NA,NA,NA,NA,NA,NA,NA,NA,NA,NA
1979-03-01,22.02499961853,23.25,20.79999923706,1.1,3.25948857485,3.3962,2.8735,2.9809,1.2627,0.6664514,1.497442,1.624121,986,972,688,310,669,241,59.888147720160006,109.52,99.21,293,139.99,0.316,0.3098,3.0122,0.72832809939,11.9710866,0.37588771,0.342377486,0.1865,2398.74,131.7,320.57632771531,1.6868,1.159,32.5,132,131.875,65.5,1541.69091796875,23.5,2050,1177,15022.3,4819,795,242.05,397.76,7.4159,162.5,30.15,199.4,NA,2.1788,3.692422915569999,31.354823659830004,381,144.04,206.6,NA,NA,NA,NA,NA,NA,NA,NA,NA,NA,NA
1979-04-01,22.42500019073,23.64999961853,21.20000076294,1.11,3.25948857485,3.2478,3.0563,3.1262,2.0665,0.6247182,3.957038,1.617747,1062,970,666,300,648,238,60.35850361108,111.49,98.27,295.46,139.99,0.367,0.3671,3.1526,0.73131082878,11.9710866,0.371919394,0.315040198,0.1724,2350.83,133.1,322.41206197192,1.6424,1.2447,32.5,134.2,135,70,1569.18627929688,23.5,2100,1161,15136.9,5379,789,239.11,391.16,7.4371,164,30.15,204.6,NA,2.2567999999999997,3.692422915569999,31.47625738957,365.5,142.2,225.4,NA,NA,NA,NA,NA,NA,NA,NA,NA,NA,NA
1979-05-01,33.5,32.75,34.25,1.15,3.25948857485,3.3587,3.3023,3.2558,1.4376,0.5221966,2.186726,1.603823,1056,925,665,300,636,240,61.31458943678999,112.57,100.49,296.78,143.3,0.3671,0.4127,3.036,0.7349619472,11.9710866,0.367730616,0.315922046,0.1731,2362.07,148.4,341.92388365385,1.6799,1.2796,32.5,130.5,141.75,70,1576.08227539063,23.5,1926,1239,15361.8,5968,778,257.59,430.39,8.376,162,30.15,201.9,NA,2.3541999999999996,3.692422915569999,31.961992308519996,368,141.43,256,NA,NA,NA,NA,NA,NA,NA,NA,NA,NA,NA
1979-06-01,34.67499923706,36.5,32.84999847412,1.17,3.25948857485,3.4807,4.2589,4.1621,1.3341,0.4341979,1.958042,1.61014,1062,893,675,322,673,261,67.59538799199998,120.35,109.46,303.31,167.92,0.3781,0.4891,2.775,0.74101947773,11.9710866,0.372139856,0.322094982,0.1795,2342.29,180.5,380.06057627951,1.6976,1.3757,32.5,131.5,148.5,71.25,1596.5595703125,23.5,1877.9,1382,16135.6,6519,754,279.07,430.29,8.5596,175.5,30.15,203.9,NA,2.3950999999999993,3.692422915569999,32.204859767989994,393,163.88000000000002,285,NA,NA,NA,NA,NA,NA,NA,NA,NA,NA,NA
1979-07-01,33.5,35,32,1.2,3.25948857485,3.252,4.4899,4.3241,1.4222,0.6540679,1.969119,1.643398,1095,913,678,322,690,246,70.87656512744996,130.51,118.9,304.05,174.53,0.3351,0.5188,2.4753,0.74257147189,11.9710866,0.473552376,0.343700258,0.1878,2335.45,208,410.30738336195,1.7031,1.3325,35.75,141.5,155.4,77,1534.46801757813,23.5,1814,1272,15780.7,6614,722,294.74,411.79,9.0545,187.5,30.15,209.7,NA,2.5304,3.692422915569999,32.569160957200005,415,168.29,333,NA,NA,NA,NA,NA,NA,NA,NA,NA,NA,NA
1979-08-01,34,35.75,32.25,1.24,3.25948857485,3.1354,4.353,4.0111,1.5622,0.9279077,2.117973,1.64065,1002,867,652,302,682.2,236,67.72913825024999,118.85,111.38,328.43,169.02,0.2981,0.4826,2.5607,0.74468961965,11.9710866,0.472009142,0.348770884,0.1956,2340.27,222.5,425.51349628017,1.7119,1.3069,39,151.5,160,79,1561.89428710938,23.5,1976.4,1213,14793,6614,665,300.82,394.34,9.3067,207.5,31.26,209,NA,2.4151999999999996,3.692422915569999,33.05489587615,400,162.76999999999998,281,NA,NA,NA,NA,NA,NA,NA,NA,NA,NA,NA
1979-09-01,35.5,36.5,34.5,1.24,3.25948857485,3.2225,4.5717,4.2293,1.5602,0.9617354,2.073792,1.645043,905,872,640,292,691,238,68.60208867427997,117.96,112.6,338.17,174.16,0.302,0.4391,2.8847,0.74840979188,11.9710866,0.477079768,0.346566264,0.2182,2339.93,218.5,421.36543724531,1.7183,1.2957,39,153,163.75,80.125,1615.60888671875,23.5,2095.9,1231,15399.3,6614,724,354.95,462.93,13.7593,215,31.26,212.5,NA,2.3773999999999997,3.692422915569999,33.05489587615,394,164.98000000000002,283,NA,NA,NA,NA,NA,NA,NA,NA,NA,NA,NA
1979-10-01,37.25,38.5,36,1.28,3.25948857485,3.0591,4.6207,4.064,1.5702,0.9641627,2.10505,1.641304,907,812,602,283,671,238,69.67602568594002,119.1,116.2,340.38,178.21,0.307,0.4455,2.8594,0.7518772639,11.9710866,0.47509561,0.350755042,0.262,2328.32,191.4,392.28687258078,1.715,1.3034,39,177.5,167.5,83.5,1786.22021484375,23.5,2075.9,1319,16012.2,6614,707,391.66,519.87,16.6331,247.5,32.370000000000005,226.4,NA,2.4084,3.692422915569999,33.540630795089996,394,163.1,258,NA,NA,NA,NA,NA,NA,NA,NA,NA,NA,NA
1979-11-01,40.75,42,39.5,1.29,3.25948857485,3.0164,4.5574,3.909,1.5841,0.9223581,2.198167,1.631778,907,775,620,281,670,251,69.60887358731,118.2,117.7,342.35,178.21,0.312,0.3555,3.0283,0.75708001871,11.9710866,0.476859306,0.359132598,0.303,2295.14,179.7,379.15002835272,1.765,1.31,39,187,170,83.5,1832.54736328125,23.5,2090,1225,16360.5,6614,702,391.99,505.64,16.6502,242,32.370000000000005,229.5,NA,2.421,3.692422915569999,33.66206452483,415,166.8,252,NA,NA,NA,NA,NA,NA,NA,NA,NA,NA,NA
1979-12-01,39.75,40.5,39,1.31,3.25948857485,3.1868,4.2831,3.902,1.6709,1.313053,2.044681,1.655072,885,720,630,279,647,254.3,69.45293556634999,115.3,118.2,356.88,180.04,0.341,0.35,3.0975,0.7610124635,11.9710866,0.487882406,0.40344546,0.329,2294.97,182.7,382.5550565142,1.819,1.3428,39,190,176.25,108.25,1913.49438476563,23.5,2214,1233,16986.6,6945,751,455.08,600.53,22.4504,246,32.370000000000005,237.4,NA,2.6043,3.692422915569999,33.9049319843,450,173.1,262,NA,NA,NA,NA,NA,NA,NA,NA,NA,NA,NA
1980-01-01,39,40,38,1.37,4.22,3.1675,3.8078,3.5713,1.6862,1.185947,2.030021,1.842562,885,744,662,268,609,244,66.58453804999999,105.4,111.5,372.79,175.63,0.4018,0.347,3.0062,0.74736618,10.141251999999998,0.49273257,0.433428292,0.381,2286.27,200.1,401.81723331356,1.9296,1.5172,39,197.5,187.5,106.5,2054.86010742188,28.09,2601,1118,17013,6584.8,774,675.31,806.79,38.8756,257,32.370000000000005,245.2,396,2.599,5.69622732832,40.55734480308,491,169.70999999999998,285.8,869,NA,NA,NA,NA,NA,NA,NA,NA,NA,NA
1980-02-01,37.25,38.5,36,1.42,4.22,3.2368,3.7102,3.5521,1.6799,1.174774,2.031631,1.833181,840,778,672,271,610,238,66.58,113.9,118.3,376.52,172.7,0.3722,0.35,2.9663,0.71760381,10.141251999999998,0.488102868,0.544320678,0.5,2300.11,213.6,416.23615900691,2.0988,1.6603,39,195,187.5,106.5,2131.00854492188,28.09,2918,1168,17100.4,6978.9,870,665.32,882.31,35.2435,257.5,32.370000000000005,249,396,2.695,5.69622732832,41.164513451759994,518.3,170.49,306.8999999999999,887,NA,NA,NA,NA,NA,NA,NA,NA,NA,NA
1980-03-01,37,38.25,35.75,1.46,4.22,3.091,4.1173,3.7225,1.6375,1.141416,1.985558,1.785539,760,720,637,264,580,242,69.9,110.4,114.6,392.72,163.51,0.4227,0.338,2.6015,0.701730546,10.141251999999998,0.463411124,0.466938516,0.433,2292.46,209.3,411.69018618055,2.0331,1.4628,42,200,187.5,106.5,1978.37890625,28.09,2306,1121,17470.3,6733.8,743,553.58,746.54,24.73,260.5,32.370000000000005,243.4,396,2.629,5.69622732832,41.65024837071,478,162.4,310.1,895,NA,NA,NA,NA,NA,NA,NA,NA,NA,NA
1980-04-01,36.57500076294,38.15000152588,35,1.51,4.22,2.9107,4.0528,3.6464,1.6336,1.129668,2.001024,1.770072,660,708,611,252,552,242,69.9,108.2,114.5,395.97,156.53,0.3956,0.377,2.5245,0.683211738,10.141251999999998,0.45966327,0.499787354,0.468,2323.69,206.8,409.02741711325,2.0016,1.3349,54,182.5,196.25,106.5,1932.45556640625,28.09,2070,969,17017.2,6233.3,708,517.41,589.06,14.9487,202.5,39.54,241.8,396,2.924,5.69622732832,42.25741701939,470,155.8,285.3,900,NA,NA,NA,NA,NA,NA,NA,NA,NA,NA
1980-05-01,37.04999923706,38.5,35.59999847412,1.56,4.22,2.5858,4.2315,3.8848,1.6702,1.145053,2.044681,1.820741,618,733,584,260,562,224,68.24,110,116.5,410.4,161.3,0.4442,0.4422,2.4361,0.67593649200000006,10.141251999999998,0.478623002,0.703053318,0.6816,2305.8,216.73,419.51878082343,1.958,1.3314,54,171,205,106.5,1775.8037109375,28.09,2037,772,17041.7,6000.8,691.5,513.8,559.65,12.6761,211,40.14,251.1,396,3.135,5.69622732832,42.86458566808,505,156.2,291.1,918,NA,NA,NA,NA,NA,NA,NA,NA,NA,NA
1980-06-01,37,38,36,1.57,4.22,2.4981,4.0503,3.7613,1.6807,1.142911,2.056925,1.842414,630,713,555,262,570,218,64.93,113.6,119.4,418.94,157.63,0.3423,0.48,2.5108,0.689605136,10.141251999999998,0.485677786,0.70768302,0.679,2297.72,218.42,421.2821213641,1.8909,1.364,44,170,205,106.5,1668.96044921875,28.09,2006,739,17223.9,6294.9,678.1,600.72,641.84,15.7834,212.5,40.74,255.3,396,2.982,5.69622732832,42.98601939781,484,146.2,264.6,925,NA,NA,NA,NA,NA,NA,NA,NA,NA,NA
1980-07-01,35.375,37.40000152588,33.34999847412,1.64,4.22,2.4648,3.5164,3.2809,1.6907,1.139642,2.079158,1.853153,648,860,545,303,635,248,86.53,128.9,133,418.94,168.65,0.3514,0.415,2.7549,0.757066508,10.141251999999998,0.51698339,0.63382825,0.609,2297.52,195.13,396.39677748017,1.9821,1.3461,44,173,205,106.5,1758.07495117188,28.09,2176,811,17090.8,6622.2,714,643.27,670.35,16.322,215,40.74,259.8999999999999,396,3.2,5.69622732832,43.83605550597,479,160.5,276.5,880,NA,NA,NA,NA,NA,NA,NA,NA,NA,NA
1980-08-01,32.94999885559,33.59999847412,32.29999923706,1.64,4.22,2.3122,3.1001,2.9496000000000002,1.6717,1.108826,2.074163,1.832137,620,914,518,309,636,260,81.56,143.45,143.02,418.94,171.23,0.3422,0.4043,2.9213,0.802702142,10.141251999999998,0.5070626,0.730611068,0.7028,2263.02,188.51,389.07712994392,2.1219,1.401,44,167.5,205,106.5,1783.62719726563,28.09,2082.1,853,17018.4,6584.5,769,627.15,644.24,15.9418,215,44.24,253,396,3.0719999999999996,5.69622732832,43.83605550597,490,165.28,257.5,940,NA,NA,NA,NA,NA,NA,NA,NA,NA,NA
1980-09-01,32.82500076294,33.40000152588,32.25,1.69,4.22,2.386,2.8559,2.7567,1.6686,1.080715,2.085278,1.839851,590,928,509,335,615,292,78.24,140.8,141.8,418.94,179.68,0.3527,0.5055,2.8473,0.837094214,10.141251999999998,0.507723986,0.772278386,0.7649,2226.88,213.12,415.73080209665,2.1999,1.457,44,165,207,106.5,1655.06567382813,28.09,2060,883,17308.3,6655.3,796,673.63,695.88,19.8868,205,44.61,252.5,396,2.9949999999999997,5.69622732832,44.44322415464999,501,175.6,242.5,1200,NA,NA,NA,NA,NA,NA,NA,NA,NA,NA
1980-10-01,37.35000038147,37.90000152588,36.79999923706,1.71,4.22,2.305,2.8373,2.7242,1.6563,1.052541,2.089467,1.826895,580,934,507,340,592,310,88.17999999999999,140.4,142.9,418.94,188.13,0.3527,0.505,2.8623,0.84767639,10.141251999999998,0.49714181,0.91932654,0.894,2224.33,159.05,354.96318685762,2.1702,1.4226,44,164.5,207,106.5,1626.15209960938,28.09,2040,879,16692.1,6691.9,805,661.15,675.6,20.2004,202.5,44.61,258.8999999999999,396,2.9159999999999995,5.69622732832,44.68609161413,511.8,187.04,241,1700,NA,NA,NA,NA,NA,NA,NA,NA,NA,NA
1980-11-01,40.29999923706,40.84999847412,39.75,1.76,4.22,2.174,2.5986,2.5183,1.6282,1.020829,2.073679,1.790078,650,1093,585,367,639,336,103.22,146.6,148.4,439.37,195.11,0.3796,0.3165,2.9377,0.816370786,10.141251999999998,0.479284388,0.865974736,0.833,2258.46,161.97,358.4675152794,2.1561,1.4158,44,175.5,207,106.5,1503.91015625,28.09,2010,813,15615.5,6452.7,802,624.77,632.6,18.5823,214,44.98,258.3999999999999,396,2.695,5.69622732832,45.29326026281,568,193.3,259.6,2400,NA,NA,NA,NA,NA,NA,NA,NA,NA,NA
1980-12-01,39.75,40.15000152588,39.34999847412,1.74,4.22,2.11,2.7172,2.5505,1.6079,1.014052,2.040654,1.768901,605,1180,619.3,323.75,571.3,295,94.88,141.5,142.41,446.44,182.62,0.3698,0.3216,2.7507,0.80909554,10.141251999999998,0.46627713,0.667779398,0.633,2234.06,163.43,360.20877859705,2.1999,1.3814,44,201.5,207,106.5,1430.65673828125,28.09,1879,743,14707,6391,784,538.26,604.34,16.4618,214,44.98,251.8,396,2.711,5.69622732832,45.05039280334,557,177.1,264.5,2325,NA,NA,NA,NA,NA,NA,NA,NA,NA,NA
1981-01-01,39.77499961853,40.29999923706,39.25,1.77,4.6,2.093,2.8894,2.6283,1.6581,1.088045,1.971751,1.914596,613,1110,625,323,545,287,92.52,148.81,146.66,446.44,189.6,0.388,0.3488,2.6837,0.79145858,10.1632982,0.461647428,0.651906134,0.616,2271.12,166.34,363.65816889176,2.178,1.3708,44,202.5,207,115,1430.82958984375,28.09,1869.1,705.3,14332.7,6403.8,777.4,557.39,536.01,14.7885,227.5,44.98,247.98,NA,2.9179999999999997,6.030341435340001,47.44756383319,541,177.5,258.8999999999999,2000,NA,NA,NA,NA,NA,NA,NA,NA,NA,NA
1981-02-01,37.89999961853,38.70000076294,37.09999847412,1.81,4.6,2.041,2.8517,2.4886,1.6373,1.22602,1.913808,1.772023,603,1100,640,306,516,270,94.17,143.3,142.67,456.26,181.51,0.4352,0.3252,2.5739,0.80909554,10.1632982,0.432987368,0.574744434,0.532,2288.69,163.11,359.82774613643,2.1246,1.3186,44,204.5,242.5,115,1452.38110351563,28.09,1801,689.3,13633.4,6370.7,731,499.76,479.69,13.0646,226,44.98,231.48,NA,2.97,6.030341435340001,47.93329875214,518,176.4,259.3999999999999,1500,NA,NA,NA,NA,NA,NA,NA,NA,NA,NA
1981-03-01,37.59999847412,38.34999847412,36.84999847412,1.86,4.6,2.116,2.8574,2.4723,1.6049,1.224591,1.907233,1.682747,574,1115,620,305,535,265,89.2,142.13,141.04,480.56,175.27,0.4591,0.3865,2.4978,0.793883662,10.1632982,0.432766906,0.524920022,0.4966,2286.29,160.77,357.03092699114,2.0384,1.2628,44,187.5,242.5,115,1442.95190429688,28.09,1818,729.7,13633,6292.4,751,499.11,490.88,12.3407,207.5,44.98,231.39,NA,2.725,6.030341435340001,48.54046740081999,507,167.92000000000002,244.3,1400,NA,NA,NA,NA,NA,NA,NA,NA,NA,NA
1981-04-01,36.36999893188,37.18999862671,35.54999923706,1.93,4.6,2.11,2.8887,2.4507,1.5747,1.085859,1.897991,1.740367,552,1105,588,316,531.2,273,82.58,145.5,140.6,490.63,180.41,0.4251,0.403,2.5309,0.774703468,10.1632982,0.421523344,0.438939842,0.3931,2292.45,156.28,351.61141711912,1.9767,1.149,47.5,177.5,135,70,1369.23461914063,28.09,1821,758.7,13365,6307,824,495.8,481.17,11.4736,193,56.5,225.25,NA,2.974,6.030341435340001,49.39050350898001,501,172.07,259.3999999999999,1410,NA,NA,NA,NA,NA,NA,NA,NA,NA,NA
1981-05-01,34.28499984741,35.18999862671,33.38000106812,1.95,4.6,1.933,2.8329,2.3477,1.5152,0.9864128,1.866203,1.69309,563,1185,599,306,511,267,82.58,141.3,139.8,494.36,171.59,0.45,0.373,2.4901,0.74405925,10.1632982,0.397272524,0.384265266,0.3305,2296.24,158.55,354.36017231398,1.9482,1.1649,51,161,215,115,1296.99584960938,28.09,1742,696.9,12663.5,6352.2,851,479.7,461.92,10.8502,195.5,56.5,209.45,NA,3.22,6.030341435340001,49.63337096845001,504,142.93,256.5,1408,NA,NA,NA,NA,NA,NA,NA,NA,NA,NA
1981-06-01,32.70999908447,33.25,32.16999816895,1.95,4.6,1.663,2.5104,1.8583,1.4614,0.8991826,1.823763,1.661166,570,1185,640,291,512,247,70.92,136.1,127.04,510.27,168.65,0.3878,0.3788,2.4357,0.757727894,10.1632982,0.38250157,0.41777549,0.361,2298.17,156.42,351.78147309935,1.9276,1.1385,51,157.5,215,115,1232.40673828125,28.09,1700,712.1,12603.5,6169.4,840,461.09,443.42,9.9981,190,56.5,203.14,NA,2.992999999999999,6.030341435340001,49.63337096845001,485,132.83,231.9,1226,NA,NA,NA,NA,NA,NA,NA,NA,NA,NA
1981-07-01,33.51000022888,35.06000137329,31.95999908447,2.01,4.6,2.0483,2.6691,1.9357,1.4143,0.845695,1.765508,1.631712,585,1160,600,294,530,247,77.54,137.56,123.61,498.49,167.92,0.3296,0.38178,2.4141,0.80909554,10.1632982,0.40234315,0.42108242,0.3602,2283.32,145.61,338.43742352508,1.888,1.0333,51,146.5,180,116.5,1175.31127929688,28.09,1681.9,784.3,13358,6150.2,865.1,409.07,406.71,8.5812,177.5,56.5,198.3,NA,2.4891,6.030341435340001,50.36197334687001,470,138.57,224.18,1175,NA,NA,NA,NA,NA,NA,NA,NA,NA,NA
1981-08-01,33.984998703,35.79999923706,32.16999816895,2.02,4.6,2.2469,2.782,1.9786,1.3918,0.8233915,1.741548,1.610313,565,1160,531,283,506,243,75.89,127.11,116.04,473.94,170.12,0.3053,0.44425,2.4141,0.787490264,10.1632982,0.392201898,0.384044804,0.33,2313.73,142.83,334.93275880484,1.772,1.0679,51,137.5,160,116.5,1230.82885742188,28.09,1787,824,14485,5999.2,955,410.16,417.6,8.9159,179.5,56.5,192.26,NA,2.1812,6.030341435340001,50.483407076609986,438.8,140.3,215.24,1094,NA,NA,NA,NA,NA,NA,NA,NA,NA,NA
1981-09-01,33.98500061035,35.90999984741,32.06000137329,2.08,4.6,2.3565,2.8038,1.9703,1.4307,1.031127,1.7226,1.538283,535,1005,509,264,485,235,70.92,115.5,109.1,463.13,171.23,0.435,0.52127,2.4881,0.771396538,10.1632982,0.411602554,0.341495638,0.2568,2309.46,142.19,334.12149844906,1.6976,1.0606,51,139,160,116.5,1168.9111328125,28.09,1710.4,763.6,14935.1,5579,939.2,443.75,435.61,10.0502,130,56.5,203.75,NA,2.4721999999999995,6.030341435340001,51.21200945502999,434,147.07,236.94,1046,NA,NA,NA,NA,NA,NA,NA,NA,NA,NA
1981-10-01,34.61000061035,36.54000091553,32.68000030518,2.11,4.6,2.1727,3.0225,2.1656,1.2849,0.737933,1.710229,1.406615,564,863,513,260,486,231,73.59,112.67,105.9,431.71,168.65,0.3889,0.50563,2.4335,0.758609742,10.1632982,0.422846116,0.345243492,0.2655,2378.4,146.24,339.2273560647,1.6689,1.019,51,133.5,160,116.5,1140.181640625,28.09,1666.3,716.5,15112.6,5216.8,891.7,437.76,420.25,9.2282,122.5,56.5,204.46,NA,2.6422,6.030341435340001,51.57631064424,405,149.66,231.37,978,NA,NA,NA,NA,NA,NA,NA,NA,NA,NA
1981-11-01,35.68000030518,37.11999893188,34.24000167847,2.15,4.6,2.0637,3.1804,2.3135,1.3243,0.8342879,1.718841,1.419635,570,805,500,257,470,230,77.54,111.76,112.14,405.2,178.57,0.3955,0.4589,2.3706,0.746484332,10.1632982,0.42769628,0.358912136,0.2622,2405.27,156.42,351.78147309935,1.648,0.98740000000000006,51,146.5,136.5,116.5,1081.84643554688,28.09,1651.4,666,15836.2,5100.2,876.9,413.37,397.07,8.5389,145,56.5,204.82,NA,2.6548,6.030341435340001,52.06204556319,407,156.8,250.88,948,NA,NA,NA,NA,NA,NA,NA,NA,NA,NA
1981-12-01,35.40999984741,36.70000076294,34.11999893188,2.16,4.6,2.1105,3.1343,2.273,1.3448,0.8967299,1.717589,1.419967,545,720,483,256,455,236,69.26,107.63,111.86,356.88,176,0.4158,0.3416,2.3598,0.743397864,10.1632982,0.421964268,0.376328634,0.2851,2437.1,160,356.10651712509,1.5847,0.9012,51,142.5,136.5,94.5,1130.88427734375,28.09,1655.3,674.3,15951.5,5496.1,845.5,410.09,399.45,8.4481,137.5,56.5,201.2,NA,2.6244,6.030341435340001,52.183479292920005,399,152.99,267.32,904,NA,NA,NA,NA,NA,NA,NA,NA,NA,NA
1982-01-01,35.04999949137,35.84999847412,34,2.23,4.45,2.1922,3.1786,2.3076,1.5295,0.9501384,1.91252,1.725786,536,685,502,262,455,242,72.57,115.35,116.04,321.24,173.06,0.4246,0.3152,2.381,0.755302812,10.03,0.41557087,0.400358992,0.2862,2471.1,163.27,360.01830530787,1.5454,0.9085,51,155,112.5,94.5,1113.3,32.5,1610.6,648.2,16133.1,5628.8,818.5,384.14,369.59,7.9881,135,55.61,197.42,NA,2.9614,6.051622398890001,52.33483726963999,390,148.42,255.47,898,35.30000000000001,NA,NA,NA,NA,NA,NA,NA,NA,NA
1982-02-01,32.27333348592,31.62000083923,30.39999961853,2.3,4.45,2.0871,3.4046,2.5168,1.5271,0.9857177,1.899607,1.695993,526,685,528,254,454,235,75.89,112.59,112.73,302.82,170.86,0.3832,0.302,2.381,0.767428222,11.46,0.402122688,0.391760974,0.2884,2535.74,154.81,349.8215799375,1.5421,0.8794,51,157.5,130,94.5,1087.7,32.5,1598,618,15992.6,5716.8,822.9,374.13,359.63,8.2848,190,55.61,191.11,NA,2.7618,6.051622398890001,53.184873377799995,369,153.73999999999998,235.29,868,34.80000000000001,NA,NA,NA,NA,NA,NA,NA,NA,NA
1982-03-01,30.16666653951,29.29999923706,28.60000038147,2.35,4.45,1.946,3.2196,2.4685,1.528,1.02176,1.881284,1.680917,480,644,507,254.25,452,226.35,70.92,114.17,112,305.28,168.65,0.4215,0.3244,2.381,0.762578058,12.79,0.394406518,0.377651406,0.2484,2566.26,151.18,345.36798383454,1.5529,0.877,51,140,130,94.5,1029.2,32.5,1510.4,612.5,12766.3,5653.3,789.7,330.25,317.62,7.2327,190,55.61,187.23,NA,2.6564999999999994,6.051622398890001,53.79204202648002,357,141.83,240.94,855,32.6,NA,NA,NA,NA,NA,NA,NA,NA,NA
1982-04-01,31.56666603088,33.11999893188,30.87999916077,2.4,4.45,1.7409,3.1224,2.3455,1.5288,1.054616,1.864707,1.667133,502,679,509,265,482,230,70.22,117.76,114.6,291.28,169.76,0.4764,0.3465,2.403,0.75949159,13.45,0.388674506,0.394406518,0.2103,2610.86,148.89,342.53307813825,1.5767,0.8867,51,135.5,122.5,94.5,996.2,32.5,1521.7,574.7,12618.1,5394,742.5,350.3,337.93,7.3087,168.5,55.61,184.19,NA,2.55,6.051622398890001,54.39921067517001,357,148.58,235.85,838,30.7,NA,NA,NA,NA,NA,NA,NA,NA,NA
1982-05-01,33.04333292643,35.18000030518,33.34999847412,2.45,4.45,1.719,3.0333,2.2822,1.5472,1.06383,1.881284,1.6964920000000001,493,645,511,269,509,234,76.21,118.11,116.73,278.52,167.55,0.4381,0.3725,2.4141,0.769853304,13.89,0.40234315,0.431444134,0.1792,2652.52,152.71,347.25105097004,1.6887,0.8971,48.4,138.5,122.5,90,973.3,32.5,1527.7,574.7,12735.9,5211.9,750.2,333.71,310.39,6.6834,166,55.61,191.1,NA,2.5397999999999996,6.051622398890001,55.006379323850005,362,128.26,233.8,802,30.6,NA,NA,NA,NA,NA,NA,NA,NA,NA
1982-06-01,32.76666666667,34.59999847412,32.65000152588,2.45,4.45,1.5488,3.1004,2.2408,1.4965,0.9898171,1.850921,1.648676,497,599,494,254,475,222,71.86999999999999,114.95,110.45,270.66,155.79,0.3997,0.409,2.381,0.778671784,13.89,0.380737874,0.463631586,0.151,2635.91,140.39,331.83077789316,1.6675,0.843,44.5,133,122.5,75,918.8,32.5,1300,520.7,11087,5186.6,691.9,314.98,276.26,5.5616,167,55.61,174.8,NA,2.4271,6.051622398890001,55.006379323850005,348,125.7,207.5,770,31.05,NA,NA,NA,NA,NA,NA,NA,NA,NA
1982-07-01,32.91666717529,33.70000076294,31.70000076294,2.47,4.45,1.5565,2.9434,2.1678,1.5182,1.092933,1.829808,1.631978,465,570,421,249,464,212,58.56,114.95,102.69,261.82,151.75,0.3272,0.4322,2.2267,0.786608416,12.68,0.408516086,0.48832333,0.1726,2597.12,140.59,332.08596693516,1.73,0.8303,37.375,133.5,122.5,77.5,957.8,32.5,1440.9,552.4,11316.6,5068.6,726.9,338.97,287.97,6.4626,168,55.61,168,NA,2.3769999999999993,6.051622398890001,55.24924678332,335,127.52,225.4,798,33.349999999999994,NA,NA,NA,NA,NA,NA,NA,NA,NA
1982-08-01,32.41666641235,32.84999847412,31.20000076294,2.53,4.45,1.5463,2.9308,2.2478,1.5741,1.272562,1.826491,1.623306,412,572,396,234,432,203,59.260000000000005,102.28,100.31,266.73,152.49,0.3027,0.5269,2.2421,0.757727894,13.12,0.405870542,0.49493719,0.149,2554.87,140.11,331.47323211808,1.6568,0.8433,35,135.5,125,77.5,958.9,32.5,1451.5,522.9,12195.7,4953.1,715.5,364.23,296.81,7.1078,165.5,55.61,166.3,NA,2.2678000000000003,6.051622398890001,55.97784916173999,320,123.8,230.3,770,33.2,NA,NA,NA,NA,NA,NA,NA,NA,NA
1982-09-01,33.46666641235,34.25,33.04999923706,2.56,4.45,1.6851,3.0042,2.4092,1.6328,1.468605,1.814103,1.615776,411,530,380,217,426,196,54.92,100.88,97.08,252,152.85,0.3479,0.4728,2.425,0.761916672,14.55,0.40124084,0.460324656,0.13,2585.79,140.59,332.08596693516,1.6039,0.8532,35,135,125,77,959.5,32.5,1426.5,515.3,12675.7,4310.3,749.5,437.31,334.13,8.7818,167,55.61,162.79,NA,2.1835000000000004,6.051622398890001,56.34215035095001,319,120.45,239.1,750,33.1,NA,NA,NA,NA,NA,NA,NA,NA,NA
1982-10-01,33.78333384196,35,33.40000152588,2.6,4.45,1.6335,3.0955,2.5856,1.5695,1.3008710000000001,1.805377,1.602173,406,470,355,214,416,192,50.27,91.73,97.94,235.06,146.61,0.2944,0.4304,2.4802,0.75287773,14.22,0.396611138,0.450624328,0.1302,2516.15,136.66,327.04046830704,1.5479,0.851,35,134,127.5,79,951.5,32.5,1461,497.4,12413.8,3916.5,751.3,422.15,334.54,9.3875,163.5,55.61,160.97,NA,2.0989,6.051622398890001,56.827885269899994,326,112.86,217.39,851,32.949999999999996,NA,NA,NA,NA,NA,NA,NA,NA,NA
1982-11-01,32.84999974569,33.79999923706,31.75,2.62,4.45,1.5405,3.045,2.6943,1.5612,1.30137,1.788799,1.593473,416,474,362,231,403,213,50.27,102.87,110.23,238.26,155.06,0.3327,0.3916,2.4802,0.740090934,14.44,0.390438202,0.458340498,0.1433,2485,140.78,332.32824189399,1.5198,0.8267,35,131.5,127.5,72.5,965.2,32.5,1443.8,462.4,11981.9,3433.7,710,414.89,345.91,9.7906,160.5,55.61,159.4,NA,1.8782,6.051622398890001,57.07075272937001,353,131.59,221.6,868,33,NA,NA,NA,NA,NA,NA,NA,NA,NA
1982-12-01,31.46666679382,31.75,30.10000038147,2.62,4.45,1.6315,2.9729,2.8177,1.5067,1.237425,1.801887,1.480788,429,466,376,232,399,217,53.59,105.51,111.55,246.11,159.83,0.3428,0.2913,2.4802,0.724879056,14.88,0.406972852,0.459222346,0.1391,2556.16,147.47,340.76510712684,1.5355,0.7959,41.25,132,120,72.5,987.4,32.5,1473.2,448,11992.9,3576.3,668.5,444.5,368.72,10.5691,158.5,45.5,167.7,NA,1.821,6.051622398890001,57.07075272937001,399,127.87,246.72,862,32.550000000000004,NA,NA,NA,NA,NA,NA,NA,NA,NA
1983-01-01,30.65333302816,30.85000038147,30.04999923706,2.66,4.05,1.7784,2.8651,2.745,1.7617,1.3767,1.915126,1.99333,435,461,372,235,397,216,53.59,107.84,114.64,239.97,164.98,0.338,0.28945,2.284,0.730611068,14.64,0.41005932,0.468040826,0.1327,2572.24,145.53,338.33700223047,1.5846,0.8201,47.5,137.5,124.5,75,1076.5,29,1571.9,475.3,12082.6,3797,699.1,481.29,452.85,12.339,150.5,43,169.88000000000002,NA,1.7765,5.545815747729998,55.3122176761,439,131.15,244.7,840,31.05999946594,NA,NA,NA,NA,NA,NA,NA,NA,NA
1983-02-01,29.1133333842,29.10000038147,29,2.66,4.05,1.9439,2.7983,2.6846,1.8217,1.500712,1.991129,1.973322,451,452,367,239,395,211,57.92,117.32,121.03,249.55,164.24,0.3803,0.2889,2.381,0.744941098,14.37,0.40234315,0.479725312,0.1417,2598.64,127.51,315.0279041306,1.6387,0.9438,47.5,134.5,124.5,75.5,1230.4,29,1647.4,454.5,13034.2,4228.2,681.4,491.09,464.51,13.9756,164,43,167.1,NA,1.6675,5.545815747729998,55.3122176761,423,133.38000000000002,234.9,820,29.239999771119997,NA,NA,NA,NA,NA,NA,NA,NA,NA
1983-03-01,28.32000033061,28.20000076294,28.10000038147,2.58,4.05,1.868,2.7567,2.6727,1.8802,1.703072,1.971091,1.966357,482.2,445,377.6,242,394,211.4,56.9,125.19,124.34,261.82,166.08,0.4068,0.3279,2.4934,0.745822946,13.78,0.400358992,0.481929932,0.1367,2601.79,125.49,312.32306327506,1.7392,1.0593,47.5,145,120,75.5,1301.8,29,1597.7,443.3,13426,4831.9,678.4,419.7,401.06,10.6403,179.5,43,164.03,NA,1.8159,5.545815747729998,54.34074783820999,403.2,133.01,243.3,815,28.65999984741,NA,NA,NA,NA,NA,NA,NA,NA,NA
1983-04-01,29.6933333079,29.75,28.70000076294,2.53,4.05,1.8772,2.7505,2.6727,2.0492,1.783179,2.404277,1.96009,576.3,495,418.5,252.5,434,219,66.9,133.43,132.06,261.82,167.18,0.4793,0.4057,2.5441,0.721792588,13.4,0.394186056,0.494496266,0.1479,2619.76,127.11,314.49386602834,1.7687,1.1343,47.5,136,109,75.5,1363.6,29,1674.9,457.6,13792.8,4817.8,697.5,432.88,413.68,11.6129,180.5,43,157.18,NA,2.1167999999999996,5.545815747729998,53.73357918952001,440,137.05,237.68,836,30.629999160770005,NA,NA,NA,NA,NA,NA,NA,NA,NA
1983-05-01,29.359999974570002,29.60000038147,28.5,2.53,4.05,2.0703,2.8323,2.7152,2.1284,1.954458,2.469482,1.961328,622,548,432,252,434,217,63.59,133.85,133.43,259.86,160.2,0.5542,0.4506,2.5375,0.733697536,13.45,0.392201898,0.49824412,0.2036,2613,131.86,320.78657873952,1.807,1.0525,43,132.5,101.5,75.5,1453.4,29,1765.7,433.1,13522.9,5031.6,735.6,438.01,448.52,12.9162,171.5,43,154.78,NA,2.1017,5.545815747729998,53.73357918952001,437,135.7,240.63,825,29.97999954224,NA,NA,NA,NA,NA,NA,NA,NA,NA
1983-06-01,29.96666717529,30.20000076294,28.75,2.59,4.05,2.2977,2.8071,2.6511,2.1965,2.014835,2.643176,1.931627,694,593,394,243,425,210,66.58,135.03,127.4,249.06,151.75,0.5046,0.3877,2.467,0.751334496,13.76,0.38029695,0.496921348,0.2368,2637.52,129.77,318.03085416985,1.8982,1.0803,41.12500000000001,127.5,120,73,1465.6,29,1701.2,408.1,13354,4883.2,718.4,412.84,422.37,11.739,158.5,43,150.07,NA,2.0387999999999997,5.545815747729998,54.46218156793999,430,132.28,231.63,831,30.95000076294,NA,NA,NA,NA,NA,NA,NA,NA,NA
1983-07-01,30.46666653951,30.79999923706,29,2.52,4.05,2.3027,2.8294,2.6469,2.0154,1.654375,2.503793,1.888052,846,635,425,263,477,226,64.93,140.59,125.11,241.45,147.34,0.5031,0.3375,2.4582,0.77712855,13.12,0.38911543,0.487000558,0.2321,2668.06,129.23,317.31553680391,1.9497,1.1332,37.25,128,109,73,1520.2,29,1704.3,403.3,13193,4804.1,739.8,402.91,433.27,12.0293,157.5,34.75,147.82000000000002,NA,1.9735,5.545815747729998,53.612145459779995,433,135.33,215.39,832,31.60000038147,NA,NA,NA,NA,NA,NA,NA,NA,NA
1983-08-01,30.65333302816,31.10000038147,28.89999961853,2.58,4.05,2.3038,2.8559,2.6526,2.1146,1.844296,2.641153,1.85834,985,969,559,339,651,279,76.59,152.75,136.3,254.95,152.49,0.4641,0.34985,2.4802,0.790576732,12.739999999999998,0.37809233,0.49714181,0.2328,2692.84,134.5,324.23893534118,2.0018,1.1316,34,122.5,110.5,73,1603.6,29,1639.8,398,12826,4852.8,808.9,416.2,435.56,12.0626,154.5,34.75,143.03,NA,1.9300999999999997,5.545815747729998,54.34074783820999,452,145.14,214.47,950,31.959999084469995,NA,NA,NA,NA,NA,NA,NA,NA,NA
1983-09-01,30.07000033061,30.35000038147,28.60000038147,2.67,4.05,2.145,2.9169,2.6877,2.1559,1.908979,2.703047,1.855563,954,1052,645,349.8,732.6,276.6,87.36,147.75,135.54,278.27,156.53,0.4189,0.437,2.4654,0.819457254,12.61,0.377651406,0.48942564,0.2079,2678.49,138.54,329.46230318466,1.9809,1.0871,34,124.5,110.5,73,1613.7,29,1560.7,404.7,12755.3,4910.6,837.8,411.8,431.11,11.9562,160,34.75,156.64,NA,1.9471,5.545815747729998,55.43365140583999,502.8,141.83,218.32,1300,31.260000228879996,NA,NA,NA,NA,NA,NA,NA,NA,NA
1983-10-01,29.61666679382,29.85000038147,28.60000038147,2.58,4.05,2.0977,3.1026,2.8726,2.2252,1.926339,2.868768,1.880591,860,1054,671,328.75,687,267,88.17999999999999,148.15,132.06,269.68,152.85,0.4115,0.4587,2.452,0.778671784,12.32,0.384044804,0.483693628,0.2147,2741.07,152.84,347.41064924672,1.9428,1.0919,34,145,114,73,1566.3,29,1435.2,419.4,12750.8,4674.2,859,393.6,395.87,9.8867,174,34.75,168.26999999999998,NA,1.9763999999999995,5.545815747729998,54.34074783820999,510,141.46,227.46,1275,30.39999961853,NA,NA,NA,NA,NA,NA,NA,NA,NA
1983-11-01,29.16666666667,29.20000076294,28.29999923706,2.6,4.05,2.2152,3.187,2.8515,2.3951,2.22665,3.099577,1.859032,884,951,661,324,652,265,89.91000000000001,147.02,132.28,264.18,151.75,0.3425,0.406,2.4068,0.811520622,12.239999999999998,0.373903552,0.48060716,0.1836,2745.91,152.92,347.50883253458,1.965,1.1083,32.75,140.5,115.5,75.5,1516.8,29,1389.1,404.7,12772.5,4585.2,859.1,381.7,387.67,8.8122,188.5,32,177.43,NA,1.9438,5.545815747729998,54.583615297680005,479,139.64,225.24,1140,30,NA,NA,NA,NA,NA,NA,NA,NA,NA
1983-12-01,28.81333351135,28.95000076294,28.25,2.61,4.05,2.5385,3.2333,2.9271,2.4212,2.392263,3.029898,1.841565,969,876,695,311,644,256,78.24,143.28,130.87,251.02,153.59,0.3424,0.3391,2.3091,0.858038104,12.06,0.364644148,0.473331914,0.1702,2709.22,157.17,352.69129757555,1.9701,1.1277,31.5,142.5,115.5,75.5,1549.3,29,1415.2,402.1,12345.5,4657,857,388.34,393.22,9.1454,190,29.25,172.99,NA,1.8843,5.545815747729998,54.70504902742,482,141.68,223.98,1120,29.239999771119997,NA,NA,NA,NA,NA,NA,NA,NA,NA
1984-01-01,29.04333305359,29.55999946594,27.72999954224,2.67,3.76,2.622,3.1683,2.9306,3.0711,2.841424,3.469254,2.902559,1069,983,875,305,692,237,84.86999999999999,141.92,129.47,237.77,152.85,0.3417,0.26795,2.2619,0.894193872,11.93,0.356707516,0.474213762,0.1536,2675.78,160.6,356.82701199245,1.9308,1.1354,31.5,142.5,116.5,82.5,1548.9,26.15,1375.7,397.5,12117.8,4670.5,957.8,370.89,376.25,8.2538,191.5,29.25,168.69,NA,1.8496999999999997,5.237680781930001,53.84623979487,480,139.95,222.32,1080,29.84000015259,29.34,NA,NA,NA,NA,NA,NA,NA,NA
1984-02-01,29.203332901,29.87999916077,27.64999961853,2.71,3.76,2.5005,3.2168,3.0049,2.7068,2.645103,2.544626,2.930639,1158,1024,875,293,669,221,84.86999999999999,137,125.66,227.85,150.65,0.41652,0.24563,2.339,0.922192546,12.08,0.367730616,0.482370856,0.1462,2630.46,158.63,354.45671336298,1.9277,1.1387,31.5,142.5,118,82.5,1491.2,26.15,1429.8,404.5,12297.7,4639.8,998.4,385.96,391.23,9.1182,204,29.25,174.20999999999998,NA,1.8706,5.237680781930001,54.33197471382,466,133.26999999999998,225.74,960,30.079999923710005,29.34,NA,NA,NA,NA,NA,NA,NA,NA
1984-03-01,29.53333346049,30.07999992371,27.79000091553,2.67,3.76,2.5347,3.2699,3.0433,2.7898,2.665368,2.626291,3.077708,1123,1086,845,314,720,229,87.55,147.08,130.82000000000002,234.08,153.96,0.41364,0.25784,2.381,0.90940575,12.48,0.38139926,0.485677786,0.1415,2632.91,169.74,367.65340963518,1.9495,1.1233,31.5,132.5,141,82.5,1455.8,26.15,1501.2,459.5,12406.1,4780.7,1040.6,394.26,398.43,9.648,201,29.25,190.58,NA,1.9560999999999995,5.237680781930001,53.84623979487,428,142.66,254,975,30.72999954224,29.34,NA,NA,NA,NA,NA,NA,NA,NA
1984-04-01,29.57333246867,30.12999916077,27.95999908447,2.64,3.76,2.5358,3.3116,3.0325,3.0051,2.726983,3.350872,2.93735,1150,1159,841,315,772,220,92.52,148.02,129.52,235.31,157.26,0.4145,0.24179,2.4692,0.903673738,12.54,0.374564938,0.485898248,0.1325,2627.55,181.83,381.57026360761,1.9619,1.0732,31.5,125,127.5,81,1370.3,26.15,1532.6,481.7,12445,4911.5,1004.1,381.37,391.62,9.2472,198.5,29.25,190.76,NA,2.0746000000000002,5.237680781930001,53.48193860566,402,148.1,255.61,950,30.629999160770005,29.34,NA,NA,NA,NA,NA,NA,NA,NA
1984-05-01,29.46000035604,29.89999961853,28.03000068665,2.67,3.76,2.6826,3.3124,3.2293,2.8134,2.527433,3.055581,2.857042,1314,1171,951,338,914,219,93.22,146.06,131.92,234.33,153.96,0.42622,0.24058,2.3951,0.872368134,12.02,0.361116756,0.485236862,0.1241,2687.46,184.41,384.48441795785,1.972,0.9773,31.5,116,147.5,81,1289.1,26.15,1420.9,453.1,12582.8,4811.4,1001.3,377.4,387.86,8.9676,171.5,29.25,183.43,NA,2.0754999999999995,5.237680781930001,53.84623979487,382,144.33,244.95,910,30.45000076294,29.34,NA,NA,NA,NA,NA,NA,NA,NA
1984-06-01,29.05000050863,29.20000076294,27.90999984741,2.7,3.76,2.485,3.2474,3.165,2.705,2.196615,3.088475,2.829911,1431,1155,783,308,844,202,89.91000000000001,146.97,128.32000000000002,235.31,149.91,0.45889,0.3177,2.3331,0.874793216,11.79,0.36155768,0.486339172,0.1217,2759.88,175.13,373.91236475997,1.8455,0.8794,31.5,120,155,81,1275,26.15,1366.5,484.3,12662.2,4773.2,941.5,377.7,381.55,8.7721,156,31.75,184.09,NA,2.048,5.237680781930001,54.21054098408001,372,136.32000000000002,232.62,923,30.04000091553,34.309999999999995,NA,NA,NA,NA,NA,NA,NA,NA
1984-07-01,27.98666699727,27.90999984741,27.26000022888,2.68,3.76,2.2145,3.1771,3.0402,2.6983,2.136993,3.194885,2.763153,1273,1054,580,270,697,186,72.89,142.59,111.39,248.81,146.97,0.36663,0.4088,2.2337,0.89176879,11.46,0.356927978,0.482591318,0.1001,2840.07,157.9,353.57494408389,1.7414,0.8896,33.80000000000001,132.5,162.5,86.5,1162.8,26.15,1330.8,493.6,12438.7,4640.3,853.6,347.71,343.32,7.4553,163.5,31.75,177.35000000000002,NA,1.9575,5.237680781930001,53.96767352461,341,133.66,218.25,840,28.79000091553,35.80000000000001,NA,NA,NA,NA,NA,NA,NA,NA
1984-08-01,28.17000007629,28.11000061035,27.22999954224,2.69,3.76,2.2136,3.2121,3.099,2.7005,2.26003,3.096596,2.74489,1079,984,562,261,679,180,66.58,138.75,107.23,252,152.49,0.33962,0.5079,2.2544,0.854731174,11,0.355164282,0.478843464,0.089,2907.89,147.54,340.85244363666,1.6649,0.9052,33.5,137.5,165,86.5,1135.8,26.15,1337.5,467.4,12302.2,4736,834.1,347.7,339.78,7.5974,170.5,31.75,174.9,NA,1.9468,5.237680781930001,54.08910725435,333,137.47,222.86,700,29.170000076289995,35.80000000000001,NA,NA,NA,NA,NA,NA,NA,NA
1984-09-01,28.35333315531,28.36000061035,27.39999961853,2.62,3.76,2.3108,3.1356,3.1189,2.6548,2.534094,2.713126,2.717114,1170,931,611,245,694,168,68.88,130.41,104.78,236.54,155.06,0.37893,0.5615,2.1846,0.861345034,10.47,0.340393328,0.47840254,0.0904,2953.76,142.78,334.86943938506,1.6129,0.9226,33.5,137.5,165,86.5,1012.1,26.15,1293.6,401.6,12091.1,4705.5,873.3,340.2,326.7,7.2533,168,31.75,167.04,NA,1.8616999999999997,5.237680781930001,53.23907114619001,318,140.78,216.12,630,29.299999237059996,35.80000000000001,NA,NA,NA,NA,NA,NA,NA,NA
1984-10-01,27.85333315531,27.80999946594,27.11000061035,2.63,3.76,2.2573,3.0175,2.9787,2.666,2.508304,2.798013,2.691596,1175,836,615,245,679,170,70.6,121.19,101.34,231.63,152.85,0.30887,0.49992,2.105,0.836432828,11.13,0.440042152,0.47509561,0.1025,2932.06,135.87,326.01821245997,1.6233,0.853,35,137.5,172,86.5,1027.9,26.15,1273,412,11744.9,4750.3,843.7,341,324.34,7.2903,166,31.75,164.5,NA,1.8007,5.237680781930001,53.360504875930005,319,141.28,211.92,655,28.639999389650004,35.80000000000001,NA,NA,NA,NA,NA,NA,NA,NA
1984-11-01,27.65000025431,27.70000076294,27.09000015259,2.61,3.76,2.2551,3.0911,2.9998,2.5293,2.511128,2.40586,2.671047,993,905,616,250,698,169,71.24,117.37,106.7,211.74,152.49,0.269,0.36181,2.1014,0.841944378,11.79,0.335763626,0.471568218,0.0961,2933.26,136.11,326.32905966202,1.6014,0.8051,36,127.5,166,86.5,1151.8,26.15,1345.1,440.5,11991.2,4748.3,855.1,342,328.49,7.4896,160.5,32.75,168.95000000000002,NA,1.8428,5.237680781930001,53.117637416449995,323,143.52,211.66,720,28.15999984741,35.305,NA,NA,NA,NA,NA,NA,NA,NA
1984-12-01,26.81333351135,26.97999954224,26.76000022888,2.57,3.76,2.14,3.1041,2.7992,2.5585,2.45067,2.631579,2.593127,920,912,592,241,630,165,61.55,113.95,111.11,204.62,149.55,0.29922,0.3173,2.2194,0.822764184,12.13,0.320992672,0.46517482,0.0783,2854.79,130.58,319.10126794818,1.5869,0.789,36,124,166,86.5,1095.2,26.15,1321.1,415.6,11722.2,4859,859.7,319.54,304.13,6.6355,156.5,33.75,163.20999999999998,NA,1.7690999999999997,5.237680781930001,52.631902497510005,314,141.39,207.71,696,26.70000076294,34.935,NA,NA,NA,NA,NA,NA,NA,NA
1985-01-01,26.63333333333,26.95,27.3,2.64,3.65,2.2198,3.2053,2.7675,2.1032,2.313555,2.361287,1.634845,856,890,583,243,630,166,66.58,119.01,114.7,206.83,149.18,0.37627,0.23716,2.2692,0.837976062,11.07,0.305119408,0.456797264,0.0796,2796.84,120.44,305.47194802339,1.5679,0.7639,36,117.5,168.5,86.5,1075.4,26.56,1359.1,420.5,11073.4,4947.2,867.1,302.79,274.39,6.0992,158.5,33.75,159.82000000000002,307,1.726,5.23,52.95379795844,307,147.57,202.61,682,25.65,35.06,NA,NA,NA,NA,NA,NA,NA,NA
1985-02-01,27.6,28.2,27.25,2.71,3.65,2.2741,3.1764,2.7011,1.936,2.125491,2.086103,1.596549,756,873,595,239,664,151,68.24,119.78,112.55,200.94,147.34,0.44236,0.2801,2.3149,0.846794542,11.16,0.295639542,0.451506176,0.0816,2730.48,116.49,300.02054774157,1.5141,0.7357,36,113.5,168.5,87,1098.2,26.56,1388.5,368.2,10946,5050.8,886.6,299.1,269.4,6.0628,156,33.75,153.91,307,1.6909,5.23,53.8038340666,292,140.5,196.9,665,27.35,35.06,NA,NA,NA,NA,NA,NA,NA,NA
1985-03-01,27.85,28.1,27.15,2.62,3.65,2.232,3.2602,2.7079,1.7219,1.728791,1.85431,1.582661,843,944,651,241,667,154,64.93,120.19,117.34,199.96,145.14,0.4537,0.3644,2.25,0.843708074,10.69,0.302914788,0.461206504,0.0844,2689.7,116.83,300.49309342906,1.482,0.7416,36,114,105,75.5,1095.3,26.56,1389.9,352,11210.6,5211.7,920.9,313.5,260.76,5.994,179.5,33.75,153.29,307,1.7070999999999998,5.23,52.71093049897001,280,140.88000000000002,197.19,680,28.3,35.06,NA,NA,NA,NA,NA,NA,NA,NA
1985-04-01,27.8,27.9,26.65,2.64,3.65,2.2395,3.1189,2.702,1.8213,1.606155,2.233881,1.623744,769,1020,653,243,693,151,68.24,120.05,118.39,202.9,143.67,0.48441,0.4337,2.1319,0.840401144,10.21,0.335763626,0.462308814,0.0754,2675.23,121.11,306.38841037007,1.4581,0.787,36,116,107.5,75.5,1106.3,26.56,1501.8,389.6,11806.4,5489.5,931.3,326.8,282.72,6.4446,179.5,33.75,164.7,307,1.8574999999999997,5.23,52.95379795844,271,139.14,202.65,739,28.85,35.06,NA,NA,NA,NA,NA,NA,NA,NA
1985-05-01,26.65,26.65,25.65,2.53,3.65,2.129,3.1458,2.6685,1.7715,1.398642,2.302726,1.613053,662,1026,610,231,652,144,68.24,116.73,115.24,202.9,136.32,0.45750999999999997,0.4354,2.0917,0.81791402,10.21,0.337527322,0.464954358,0.0622,2634.51,120.49,305.54042158063,1.4345,0.7747,36,116,127.5,87,1105.2,26.56,1530.6,376,11909.8,5604.1,881.3,316,272.38,6.2688,154,33.75,163.66,307,1.8371,5.23,51.618026931340005,276,122.65,200.4,768,27.65,35.06,NA,NA,NA,NA,NA,NA,NA,NA
1985-06-01,26.36666666667,26.45,25.45,2.58,3.65,2.0922,3.1281,2.6497,1.7112,1.15609,2.360777,1.616601,575,974,556,227,630,141,64.93,116.04,105.3,202.9,134.11,0.3805,0.4363,2.0939,0.83555098,10.21,0.346345802,0.468922674,0.0613,2611.25,117.96,302.0590858088,1.3856,0.8102,36,112,112.5,87,1032.2,26.56,1432.4,389.4,12385.8,5553.4,808,316.5,267.8,6.1771,151.5,33.75,165.96,307,1.8638999999999997,5.23,52.225195580020014,256,123.15,196.8,760,27.2,35.06,NA,NA,NA,NA,NA,NA,NA,NA
1985-07-01,26.38333333333,26.6,25.7,2.51,3.65,2.2111,2.9778,2.3433,1.807,1.247392,2.573542,1.599966,520,880,487,223,568,144,59.89,114.91,99.01,191.12,128.6,0.3205,0.4492,2.0514,0.828275734,10.12,0.373242166,0.468040826,0.0708,2582.51,120.79,305.95098874175,1.3445,0.7804,36,114.5,109.5,87,1011.6,26.56,1474.6,403.1,12755.8,5090.5,766.8,317.2,268.91,5.9997,151,33.75,174.6,307,1.9825999999999997,5.23,51.37515947187,254,117.77,208.1,665,26.85,35.06,NA,NA,NA,NA,NA,NA,NA,NA
1985-08-01,27.01666666667,27.15,26.3,2.47,3.65,2.2721,2.9427,2.3466,1.733,1.270601,2.392124,1.536405,456,896,404,211,518,150,48.3,105.53,89.13,191.12,123.09,0.4219,0.5087,2.0662,0.832464512,10.21,0.374124014,0.453931258,0.0968,2568.57,118.28,302.50129745581,1.256,0.7573,36,122.5,97.5,87,1019.3,26.56,1420.2,413.6,12647.2,4907.5,735.1,330.4,307.8,6.1511,155.5,33.75,181.84,307,1.9619,5.23,50.88942455291999,259,111.81,212.89,615,27.6,35.06,NA,NA,NA,NA,NA,NA,NA,NA
1985-09-01,26.98333333333,27.15,26.15,2.42,3.65,2.3468,2.9427,2.2941,1.6377,1.243525,2.158344,1.5113510000000001,427,810,360,207,469,160,46.58,101.91,81.61999999999999,191.12,125.3,0.3615,0.50864,2.079,0.837976062,10.25,0.368832926,0.430121362,0.1129,2532.65,115.69,298.90616637432,1.1778,0.7328,36,126,87.5,81.5,985.1,26.56,1366.4,400.4,12325.2,4570.2,689.5,323.35,311.15,6.0549,154,33.75,179.01,307,1.8083,5.23,50.28225590424,265,111.19,210.17,585,27.65,35.06,NA,NA,NA,NA,NA,NA,NA,NA
1985-10-01,27.81666666667,27.9,26.7,2.37,3.65,2.3636,3.0979,2.4544,1.5639,1.152513,1.972897,1.566252,430,808,356,205,448,170,48.3,98.58,87.57,191.12,127.5,0.2783,0.4516,2.1363,0.822764184,10.36,0.38470619,0.411823016,0.1105,2502.74,122.19,307.86079756646,1.0767,0.7498,36,132.5,80.5,81.5,970.5,26.56,1384.7,393.4,12391.1,4239.5,631.9,325.85,323.46,6.1766,151,33.75,192.13,307,1.8728,5.23,49.67508725555,287,121.03,225.87,622,28.85,34.49,NA,NA,NA,NA,NA,NA,NA,NA
1985-11-01,28.6,29.05,26.9,2.36,3.65,2.2979,3.4315,2.7816,1.5672,1.09977,2.014728,1.587215,393,911,362,210,455,177,48.3,106.2,95.68,191.12,132.64,0.275,0.3577,2.1385,0.846794542,10.54,0.389335892,0.416452718,0.1208,2465.83,130.9,319.52330544746,1.0585,0.7363,36,135,87.5,81.5,950.4,26.56,1369.5,394.2,9903.2,4034.5,597.5,321.5,334.4,6.1018,149,33.75,196.34,307,1.9067,5.23,49.55365352582,308,131.65,237.83,644,29.85,34.49,NA,NA,NA,NA,NA,NA,NA,NA
1985-12-01,26.5,25.85,26.3,2.28,3.65,2.3753,4.3422,3.3669,1.6198,1.137707,2.128289,1.593409,395,827,390,213,470,178,53.27,107.87,99.58,191.12,137.05,0.2849,0.318,2.2267,0.86531335,10.87,0.391099588,0.438498918,0.1173,2551.49,139.64,330.87232625656,1.0637,0.7348,36,137,87.5,81.5,1039.2,26.56,1390.9,389.9,9114,4089.6,685.3,321.9,336.82,5.8522,146.5,33.75,201.34,307,1.9215,5.23,48.58218368792,306,136.58,239.13,684,27.35,34.49,NA,NA,NA,NA,NA,NA,NA,NA
1986-01-01,24.68333333333,25.75,25.4,2.28,3.65,2.3237,5.2441,3.7516,1.5329,1.096164,1.80611,1.696566,380,701,342,221,457,186,53.27,107.79,98.33,220.58,132.28,0.329,0.31875,2.1826,0.841944378,11.22,0.395288366,0.452828948,0.1067,2646.02,144.99,337.65849318711,1.1424,0.7432,36,133,82.5,81.5,1119.24,26.26,1418.3,368.4,7910,4034.5,644,347.48,363.76,6.0164,145.5,33.75,206.72,NA,1.8766,4.1,47.81661536732,292,135.4,242.42,702,22.9,33.83,83.26352000000001,98,NA,NA,NA,NA,NA,NA
1986-02-01,15.91666666667,17.55,14.8,2.26,3.65,2.2291,5.0307,3.5721,1.5208,1.136248,1.710037,1.71618,318,580,283,216,394,185,53.27,103.19,95.18,211.99,129.71,0.3864,0.32222,2.1605,0.846794542,11.9,0.396390676,0.456797264,0.1235,2680.73,148.7,342.29696950002,1.2018,0.7917,36,134.5,77,80,1114.85,26.26,1405.5,367.3,7922.9,3988.2,608.7,338.89,376.04,5.8588,143,33.75,216.42,NA,1.8794999999999995,4.1,47.57374790785,292,136.06,258.61,693,15.4,33.83,115.1003,97,NA,NA,NA,NA,NA,NA
1986-03-01,12.65,13.85,11.45,2.16,3.65,2.1065,5.2823,3.7229,1.4829,1.141295,1.595866,1.711556,293,541,243,217,369,194,54.349999999999994,100.88,94.47,197.26,134.48,0.4999,0.33809,2.1914,0.850101472,12.41,0.40675239,0.457017726,0.1533,2695.37,142.12,334.03266503573,1.1541,0.7762,36,139,77,80,1168.01,26.26,1445.1,367.2,7313.6,4122.6,625.7,345.7,413.64,5.6226,148,30.75,192.13,NA,2.1113,4.1,46.359410610480005,321,139.48,257.64000000000004,700,12.65,31.64,101.41840000000002,100,NA,NA,NA,NA,NA,NA
1986-04-01,11.9,12.5,10.3,2.1,3.65,1.9897,4.9833,3.4703,1.5139,1.050301,1.793921,1.697564,266,578,242,213,349,187,49.64,101.33,98.71,186.21,132.64,0.5776,0.36429,2.064,0.833125898,12.85,0.415791332,0.452828948,0.1837,2655.77,136.47,326.79485811352,1.0692,0.7452,36,140,72.5,75,1164.44,26.26,1434.6,369.5,5686.1,3999.2,659.9,340.44,418.39,5.188,149,30.75,215.39,NA,2.3225999999999996,4.1,45.63080823206001,333,139.67,256.95,726,12.9,31.64,91.13505999999998,97,NA,NA,NA,NA,NA,NA
1986-05-01,13.71666666667,14.2,11.5,1.96,3.65,1.9059,4.6592,3.1416,1.6707,0.9781168,2.333387,1.700733,233,578,238,215,345,184,49.95,105.55,105.95,181.3,119.42,0.3875,0.37355,2.0653,0.850762858,13.89,0.423066578,0.460545118,0.1691,2638.78,145.21,337.93506288164,1.0013,0.7674,36,127,72.5,75,1164.3,26.26,1418.74,376.5,5474.2,4043.3,707.3,342.4,413.62,5.0728,148,30.75,217.86,NA,2.5589999999999997,4.1,43.93073601575,317,119.2,269.74,898,15.45,29.459999999999997,94.81916,98,NA,NA,NA,NA,NA,NA
1986-06-01,11.85,11.85,10.2,1.85,3.65,1.9059,3.9039,2.7602,1.6254,0.8951004,2.296226,1.684884,254,560,243,213,351,180,43.260000000000005,103.54,85.76,181.3,105.82,0.345,0.39937,2.0172,0.880525228,14.2,0.418657338,0.462088352,0.1401,2604.64,136.69,327.07923450136,0.9047,0.7833,36,118.5,72.5,75,1183.04,26.26,1413.14,418.4,5378.3,4087.4,804.2,342.7,432.49,5.1321,140.5,30.75,217.42,NA,2.5733,4.1,42.594964988639994,317,99.61,267.94,898,13.5,29.459999999999997,86.36385,101,NA,NA,NA,NA,NA,NA
1986-07-01,9.61666666667,9.45,7.85,1.8,3.65,2.0223,3.7988,2.7761,1.7057,0.914082,2.485415,1.717531,229,548,221,209,336,184,39.95,83.03,73.41000000000001,181.25,101.78,0.3307,0.42608,1.9277,0.977528508,13.71,0.425050736,0.462308814,0.1224,2599.26,135.96,326.13480973658,0.8254,0.8071,36,110.5,67.5,72.5,1123.06,26.26,1344.3,379.8,5386.6,3911,807.1,348.34,438.8,5.0259,135.5,30.75,223.77,NA,2.3733999999999997,4.1,41.987796339960006,319,100.09,280.58,898,11.55,29.459999999999997,88.32092,107,NA,NA,NA,NA,NA,NA
1986-08-01,13.7,13.65,12.15,1.77,3.65,2.0723,3.8345,2.9751,1.715,1.055938,2.363044,1.726126,211,561,197,202,271,187,36.64,72.31,62.53,185.75,102.15,0.3208,0.49719,1.9983,1.060863144,13.45,0.418657338,0.462088352,0.1228,2568.82,132.55,321.69194496197,0.8193,0.8435,36,108,71,72.5,1129.23,26.26,1303.1,392.2,5404.3,3807.4,816,376.66,540.33,5.1823,135.5,30.75,230.44,NA,2.1159999999999997,4.1,41.62349515075,326,100.26,280.0299999999999,1326,15.3,29.459999999999997,99.40432,122,NA,NA,NA,NA,NA,NA
1986-09-01,14.08333333333,14.2,13.1,1.78,3.65,2.2064,4.4011,3.6062,1.7013,1.028959,2.355955,1.718885,240,534,207,195,276,189,39.95,65.7,64.46,173.5,103.62,0.4238,0.49719,2.0922,1.00640903,12.99,0.414689022,0.460104194,0.1032,2607.02,126.18,313.24923107656,0.959,0.8596,36,111,65,66.5,1205.82,26.26,1347,407.2,5397.2,3723.6,871.1,417.73,604.48,5.6299,129.5,30.75,232.04,NA,2.0651,4.1,41.74492888048,339,102.29,274.69,1326,14.95,29.459999999999997,106.1545,113,NA,NA,NA,NA,NA,NA
1986-10-01,13.95,13.8,13.15,1.73,3.65,2.073,3.9152,3.2808,1.7616,1.091428,2.477828,1.715457,341,572,272,197,319,185,48.3,65.31,69,174.8,104.72,0.3748,0.44305,2.1076,1.001558866,12.28,0.402122688,0.464733896,0.1188,2654.09,123.94,310.23396019922,1.1294,0.8814,36,116,62.5,66.5,1161.94,26.26,1316.8,434.6,5542.8,3644.2,886.2,423.51,581.25,5.6398,134.5,30.75,236.67,NA,1.9849,4.1,41.1377602318,353,114.79,278.13,1625,14.9,29.459999999999997,96.47055,113,NA,NA,NA,NA,NA,NA
1986-11-01,14.45,14.55,13.55,1.77,3.65,2.0245,3.4545,3.1337,1.843,1.405932,2.428964,1.694221,388,551,303,204,322,182,55.56,72.43,72.42,174,105.09,0.2938,0.38093,2.1164,0.986346988,12.81,0.401020378,0.466938516,0.131,2753.28,134.11,323.73090319077,1.1643,0.8417,36,108,64.5,65.5,1131.81,26.26,1303.2,473.4,6092.3,3642,820,397.56,517.07,5.5513,127,30.75,233.97,NA,1.9726999999999997,4.1,41.62349515075,328,118.13,285.14000000000004,1225,15.25,29.459999999999997,146,105,NA,NA,NA,NA,NA,NA
1986-12-01,15.68333333333,15.9,14.9,1.76,3.65,1.9761,3.0034,2.7465,1.8416,1.508766,2.30886,1.707252,405,529,293,199,320,174,46.58,69.64,68.74,167,107.29,0.3114,0.36406,2.1826,0.970253262,12.92,0.40454777,0.465395282,0.1259,2806.36,156,351.27109479308,1.3044,0.8382,36,108.5,64.5,65.5,1133.48,26.26,1335.6,518.4,6428.1,3571.5,798.2,390.92,480.61,5.3504,122,29.25,236.9,NA,2.005,4.1,41.50206142101,310,115.69,332.74,906,16.25,27.28,141,100,NA,NA,NA,NA,NA,NA
1987-01-01,18.06666666667,18.4,17.2,1.74,2.59,1.9651,2.7234,2.4996,1.6723,1.50154,2.171012,1.344455,425,520,350,200,315,182,46.45,67.91,68.2,172,109.13,0.4216,0.36501,2.1826,0.958348314,12.9,0.42425134259,0.4739933,0.1431,2777.67,169.99,367.94571792388,1.4479,0.8825,36,113.5,64,63,1171.4,25.3,1346,464.1,6712.7,3525.2,759.7,408.26,515.97,5.507,140,29.25,250.23,NA,2.1062,3.3499999999999996,35.711862661709986,317,117.44,373.83,836,18.6,27.28,148,107,NA,NA,NA,NA,NA,NA
1987-02-01,17.25,17.3,16.7,1.73,2.59,1.9586,2.6645,2.4269,1.5857,1.348832,2.082186,1.325942,403,500,330,198,307,183,46.32,66.14,67.67999999999999,186,112.07,0.4619,0.36134,2.2773,0.951954916,12.35,0.42992087365,0.479725275,0.1626,2769.11,167.42,364.93128256233,1.4517,0.9006,36,126.5,68,61.5,1283.44,25.3,1379.83,460.4,6688.4,3717,740.4,401.12,517.86,5.4842,161,29.25,254.75,NA,2.0921999999999996,3.3499999999999996,35.59042893197001,322,115.67,376.27,775,17.75,27.28,164,120,NA,NA,NA,NA,NA,NA
1987-03-01,17.75,17.9,16.9,1.73,2.59,2.0097,2.2877,2.157,1.6232,1.425492,2.111772,1.332319,344,484,313,199,305,175,46.45,71.6,73.8,198.25,115.38,0.4492,0.34965,2.3272,0.92373578,11.9,0.44845314095,0.479725275,0.1665,2775.51,171.29,369.46254391271,1.3908,0.8962,36,131,70.5,61.5,1367.26,25.3,1465.72,487,6631.5,3772.1,731.6,408.91,532.63,5.6644,165,29.25,253.91,NA,2.2199,3.3499999999999996,35.59042893197001,332,116.53,339.84000000000003,711,18.45,27.28,178,131,NA,NA,NA,NA,NA,NA
1987-04-01,17.9,18.1,16.95,1.69,2.59,2.0697,2.3712,2.229,1.7302,1.373472,2.476778,1.340366,389,507,339,207,333,185,58.94,74.88,72.07,199.4,113.17,0.3505,0.39768,2.3964,0.906980668,11.75,0.45920640745,0.48192994546,0.1472,2797.14,174.26,372.90816658795,1.4597,0.9259,34.5,132.5,77.5,61.5,1400.97,25.3,1484.24,555.6,6699.8,3897.8,761.9,438.35,585.65,7.3495,157.5,24.75,256.97999999999996,NA,2.171,3.3499999999999996,35.104694013019994,341,113.1,323.47,690,18.65,26.18,176,133,NA,NA,NA,NA,NA,NA
1987-05-01,18.4,18.75,17.05,1.65,2.59,2.0684,2.586,2.3281,1.6697,1.145697,2.525802,1.337662,405,525,341,221,351,201,63.91,81.84,77.69,197.5,119.05,0.4547,0.50046,2.403,0.905437434,12.08,0.4696300877,0.485236825,0.1484,2737,159.56,355.57736402126,1.6887,0.9467,34.5,132.5,87.5,61.5,1411.6,25.3,1520.44,693.3,6747.4,4435.7,838.7,460.23,606.73,8.4602,151.5,24.75,259.65,NA,2.224,3.3499999999999996,34.61895909407001,355,115.83,329.09,690,19.4,26.18,175,136,NA,NA,NA,NA,NA,NA
1987-06-01,18.71666666667,18.85,17.25,1.65,2.59,1.9952,2.3176,2.1615,1.6526,1.192028,2.447041,1.318785,451,513,342,228,351,214,56.58,80.7,76.42,192.75,108.76,0.3825,0.57093,2.3171,0.894855258,11.75,0.45916133007,0.48633920228,0.142,2766.86,160.43,356.62299767844,1.7483,0.9806,34.5,139.5,87.5,61.5,1472.33,25.3,1571.87,629.3,6610.4,4435.7,878.4,449.59,569,7.4164,149,24.75,255.14,NA,2.1591,3.3499999999999996,34.61895909407001,393,102.15,352.3,670,20.05,26.18,174,142,NA,NA,NA,NA,NA,NA
1987-07-01,19.61666666667,19.8,17.75,1.66,2.59,2.1178,2.2023,2.0388,1.7172,1.317017,2.5332,1.301399,443,499,300,222,318,204,54.92,76.37,72.2,190.8,104.72,0.4354,0.51481,2.3316,0.881186614,10.98,0.47451639938,0.48655962727,0.1345,2744.43,166.81,364.2126749911,1.8351,1.0207,34.5,146.5,87.5,70,1653.09,25.3,1694.62,663.6,6404.9,4753.2,829.8,450.52,572.35,7.6087,159.5,27,252.79,NA,2.0981,3.3499999999999996,34.74039282381001,403,100.6,384.46,642,21.3,26.18,170,148,NA,NA,NA,NA,NA,NA
1987-08-01,18.81666666667,18.95,17.3,1.63,2.59,2.0214,2.2531,2.0845,1.695,1.444868,2.341985,1.298138,479,467,308,215,322,194,50.59,71.65,67.19,204,106.92,0.3384,0.52098,2.3052,0.913374066,10.76,0.47019254568,0.48237087955,0.1238,2765.26,199.64,401.31816168076,1.9092,1.0293,34.5,152.5,85,70,1810.37,25.3,1756.31,659.3,6556.1,5306.5,804.1,461.15,609.92,7.8424,167,27,251.53,NA,2.0625,3.3499999999999996,34.376091634599995,413,101.74,454.05,630,20.2,26.18,186,168,NA,NA,NA,NA,NA,NA
1987-09-01,18.28333333333,18.35,17,1.56,2.59,1.987,2.4365,2.1898,1.6412,1.358648,2.269411,1.295532,480,469,335,214,330,207,57.6,73.57,68.7,258,112.07,0.3544,0.50993,2.5067,0.918885616,10.69,0.48468790704,0.48237087955,0.1283,2743.91,254.45,457.48879010796003,1.8433,1.056,33.25,149.5,85,70,1746.28,25.3,1811.01,646.8,6406.3,5333,756.7,460.38,590,7.6064,167.5,27,257.75,NA,2.1035,3.3499999999999996,33.52605552644001,400,110.1,479.02,645,19.5,26.18,231,195,NA,NA,NA,NA,NA,NA
1987-10-01,18.56666666667,18.8,17.05,1.57,2.59,1.9107,2.6319,2.2822,1.6428,1.386792,2.2712310000000002,1.270255,482,502,353,217,348,214,60.6,78.85,74.1,266.75,113.91,0.2701,0.47294,2.5133,0.90609882,10.56,0.48956589287,0.47818204772,0.1466,2726.68,259.75,462.61012257213,1.6797,1.0474,32,145.5,92.5,73,1962.66,25.3,1967.2,601.4,6763.8,5692.3,769.9,465.35,568.05,7.6074,163,27,259.14000000000004,NA,2.0868,3.3499999999999996,33.647489256179995,406,113.46,472.87,845,19.85,26.18,232,210,NA,NA,NA,NA,NA,NA
1987-11-01,17.75,17.8,16.6,1.64,2.59,1.9297,2.7884,2.3111,1.6161,1.34024,2.23899,1.269088,477,481,368,228,338,239,59.42,81.69,78.11999999999999,254.25,115.01,0.4101,0.46451,2.5583,0.875675064,10.58,0.52322540371,0.47950485,0.1616,2711.86,275.67,477.71124514357,1.6717,1.043,32,144,92.5,73,1681,25.3,2523.9,642.2,6927.3,5937,848,467.57,500.3,6.762,165,29,273.37,NA,2.2307,3.3499999999999996,34.49752536434001,445,113.72,470.24,925,18.85,26.34,231,189,NA,NA,NA,NA,NA,NA
1987-12-01,16.63333333333,17.1,15.5,1.7,2.59,1.8973,2.7972,2.2716,1.5687,1.352861,2.064999,1.288159,529,530,432,240,393,241,58.24,83.16,76.99,255.6,124.56,0.388,0.44357,2.5126,0.86354965400000006,10.98,0.5387140652,0.479725275,0.1829,2631.12,262,464.76972287934,1.6551,1.0869,32,142.5,92.5,81,1823.93,25.3,2868.9,659.1,6829.4,7661.1,866.3,486.24,500.22,6.8125,174,31,281.75,NA,2.3954999999999997,3.3499999999999996,35.22612774276001,474,124.88,437.44,1043,17.3,26.5,227,168,NA,NA,NA,NA,NA,NA
1988-01-01,16.46666666667,16.85,15.4,1.96,2.36,1.9734,2.8223,2.2511,1.5863,1.487373,1.845895,1.425529,566,540,486,254,433,225,56.9,85.92,80.47,291.5,128.6,0.4481,0.3927,2.4912,0.86531335,11.42,0.53147225046,0.48126858637,0.2131,2608.79,238.71,441.98269129788,1.5915,1.1012,32,154.5,92.5,82,2002.46,24.3,2663.2,666.8,6808.1,8073.3,878.5,476.58,494.07,6.7446,189,31,279.81,NA,2.4709999999999996,3.34,37.2832161254,473,126.17,414.51,1006,17.15,26.5,265,207,NA,NA,NA,NA,NA,NA
1988-02-01,15.85,15.75,15.05,1.84,2.36,1.7992,3.0544,2.2702,1.5969,1.574425,1.816721,1.399503,530,503,403,254,406,216,56.9,87.99,84.08,306.25,131.54,0.4856,0.38527,2.614,0.878100146,11.86,0.51768425066,0.48722098636,0.1858,2536.19,196.79,398.21422062198,1.4878,1.0889,32,153.5,97.5,83,2138.02,24.3,2330.2,655.7,6690.1,8666.9,876.4,442.07,458.51,6.3414,194.5,31,271.91999999999996,NA,2.4503999999999997,3.34,35.82601136856,473,125.25,353.82,1044,16.75,26,278,214,NA,NA,NA,NA,NA,NA
1988-03-01,14.78333333333,14.75,13.4,1.7,2.36,1.6852,3.0104,2.1817,1.5549,1.504356,1.749231,1.411131,516,501,381,257,396,227,62.25,90.23,84.75,294,124.93,0.5258,0.41403,2.5904,0.884493544,12.83,0.53953050391,0.48854378864,0.1878,2453.13,199.48,401.14444757956,1.4625,1.1166,32,154,105,83,2526.41,24.3,2359.3,648.7,6772.9,15496.8,981.9,443.61,496.38,6.4105,189,33,273.9599999999999,NA,2.5366999999999997,3.34,34.12593915224,487,118.2,373.19,1058,16.2,26.5,270,213,NA,NA,NA,NA,NA,NA
1988-04-01,16.46666666667,16.6,14.95,1.59,2.36,1.6491,3.0075,2.1204,1.5568,1.479805,1.779899,1.410569,509,515,403,270,409,237,67.92,89.52,81.74,288,126.77,0.4823,0.46826,2.4912,0.894855258,13.56,0.55288526474,0.48854378864,0.1883,2359.59,212.62,415.20383158844,1.4495,1.1885,32,154,97.5,83,2508.35,24.3,2286.3,649.4,6752.6,18011.8,1069.2,451.55,526.98,6.4803,194.5,33,274.64000000000004,NA,2.5838,3.34,32.79016812514001,520,122.91,376.21,1070,17.85,27,267,220,NA,NA,NA,NA,NA,NA
1988-05-01,16.21666666667,16.4,14.85,1.52,2.36,1.7073,3.0567,2.0737,1.6766,1.343664,2.284813,1.401472,533,541,422,285,437,255,65.25,89.32,81.41000000000001,257,128.97,0.5583,0.4489,2.4251,0.94137274,13.34,0.55142626319,0.48788242955,0.1962,2379.98,210.65,413.12199841976,1.4457,1.3007,32,154,110,84.5,2988.16,24.3,2447.99,668.3,6777.6,17025,1176.7,451.07,548.84,6.5404,175.5,33,272.07,NA,2.5488,3.34,31.94013201698,541,124.42,372.69,1094,17.4,27.5,241,211,NA,NA,NA,NA,NA,NA
1988-06-01,15.33333333333,15.55,13.8,1.53,2.36,1.6241,3.1718,2.0608,1.6653,1.335542,2.2892,1.37104,614,637,496,353,544,317,79.9,120.27,114.6,271.5,149.91,0.5952,0.43955,2.4229,1.009495498,13.37,0.52520018797,0.49692136818,0.233,2340.16,198.44,400.0137399904,1.5163,1.4621,32,157.5,110,84.5,3577.86,24.3,2540.27,677.5,7035.8,15589.8,1365.3,451.33,579.63,7.0155,166.5,36,263.42999999999995,NA,2.4245,3.34,32.06156574672001,606,139.63,350.01,1150,16.65,27.5,253,226,NA,NA,NA,NA,NA,NA
1988-07-01,14.48333333333,14.9,13.05,1.56,2.36,1.6096,3.1299,1.881,1.6453,1.235329,2.372436,1.328036,666,769,517,351,600,293,78.24,125.49,116.9,271.75,149.55,0.4167,0.39563,2.4427,1.101869076,12.51,0.50262588467,0.51654247273,0.3092,2374,188.28,388.82071411353,1.3983,1.3232,32,157.5,110,84.5,2582.05,24.3,2213.51,619.3,7148.8,14591.3,1237.4,437.63,548.64,7.0412,177,36,264.87,NA,2.3047,3.34,32.42586693593,609,138.94,312.81,799,15.5,27.5,260,232,NA,NA,NA,NA,NA,NA
1988-08-01,14.55,14.95,13.15,1.62,2.36,1.4478,2.9228,1.8001,1.5627,1.229864,2.147821,1.310352,576,696,450,342,534,283,66.58,119.92,109.79,271.6,149.91,0.3583,0.40334,2.5111,1.123474352,11.82,0.50036520389,0.48281181364,0.2457,2409.75,175.28,374.08527024513,1.2729,1.2908,31.2,161.5,130,93,2701.14,24.3,2200.68,601.6,7322.7,14187,1309.2,431.28,532.88,6.7131,176.5,36,262.08,NA,2.2657,3.34,33.154469314349996,577,145.87,310.56,802,15.55,28.5,NA,217,NA,NA,NA,NA,NA,NA
1988-09-01,13.1,13.3,11.55,1.53,2.36,1.2392,3.0391,1.9789,1.5007,1.206661,1.988821,1.306623,567,649,428,337,478,297,88.38,121.37,109.79,273.25,159.47,0.5346,0.53297,2.5111,1.13868623,11.64,0.49619466372,0.47994578409,0.224,2437.68,178.1,377.32332052807,1.2511,1.1874,31,162,130,90,2387.12,24.3,2435.53,609.8,7408.5,11878.4,1330.3,413.46,512.57,6.3781,173.5,37,263.77,NA,2.2565,3.34,32.06156574672001,582,153.26,319.85,803,14.45,29.25,251,221,NA,NA,NA,NA,NA,NA
1988-10-01,12.18333333333,12.45,10.3,1.68,2.36,1.3043,2.9502,2.0744,1.5374,1.290978,2.006786,1.31439,564,606,431,313,449,290,76.59,121.35,108.69,273,162.04,0.4205,0.58545,2.5684,1.090625514,11.88,0.5115654176,0.479284425,0.2266,2510.26,199.25,400.89462123047,1.2707,1.0604,31,164,130,91.5,2309.49,24.3,2939.51,655.2,7252.7,11557.5,1519.9,406.78,525.73,6.2812,174.5,37,269.3999999999999,NA,2.3095999999999997,3.34,33.883071692769995,575,162.87,336.38,803,13.8,30,257,226,NA,NA,NA,NA,NA,NA
1988-11-01,12.53333333333,13,10.6,1.76,2.36,1.4729,2.9848,2.0428,1.5334,1.338671,1.937788,1.323594,570,564,418,313,431,283,74.86999999999999,114.43,101.04,271.8,163.88,0.4106,0.53347,2.5684,1.05601298,12.35,0.53286636918,0.47840255682,0.239,2563,208.69,411.04182602573,1.2922,1.0282,31,164,130,91.5,2381.76,24.3,3304.66,691.4,7312.4,13342,1559,420.17,575.78,6.2947,173,37.5,280.56,NA,2.3862999999999994,3.34,34.854541530659986,556,162.29,393.7,800,14,30,255,227,NA,NA,NA,NA,NA,NA
1988-12-01,14.65,15.15,12.5,1.89,2.36,1.5031,3.2546,2.2151,1.5199,1.315231,1.932868,1.31165,567,563,411,313,444,287,70.22,116.88,108.25,260,166.82,0.5016,0.44131,2.5684,1.05050143,12.7,0.53867870133,0.484795975,0.2473,2642.22,204.04,406.07046348717,1.3543,1.0714,31,164,120,91.5,2502.65,24.3,3498.91,731,7337.4,16920,1594.3,419.05,564.11,6.1245,178.5,38,279.33,NA,2.3913999999999995,3.34,36.43318001724,534,168.86,392.3,800,16.3,31,242,223,NA,NA,NA,NA,NA,NA
1989-01-01,16.48333333333,17,14.45,1.78,2.09,1.4348,3.3563,2.2342,1.615,1.264194,1.920201,1.660717,537,592,383,318,423,288,73.21,118.2,110.07,264.8,173.8,0.4271,0.42339,2.4361,1.072106706,12.64,0.53856663864,0.48237087955,0.2127,2724.49,199.36,401.01411993868,1.3917,1.1169,31,164,120,91.5,2397.55,27.83,3394.06,675.7,7409.6,17725,1734,404.01,526.93,5.995,181,38,270.39,NA,2.2958,3.28,33.77318679958,481,172.56,363.51,826,18,31,248,231,NA,NA,NA,NA,NA,NA
1989-02-01,16.35,16.65,14.6,1.71,2.09,1.4817,3.0854,2.1191,1.6501,1.345096,1.955809,1.649528,538,630,401,307,412,270,75.57,117.42,110.12,269.25,171.96,0.4927,0.37261,2.489,1.06813839,12.68,0.53185894033,0.48655962727,0.2324,2870.53,195.97,404.54926424101,1.3881,1.1246,31,164,120,101.5,2183.05,27.83,3096.92,621.6,7873.7,18523.8,1932.4,387.51,531.94,5.8847,178.5,38,277.4599999999999,NA,2.2962,3.28,32.923150691420005,464,164.23999999999998,352.2,826,17.8,31,256,235,NA,NA,NA,NA,NA,NA
1989-03-01,18.03333333333,18.7,15.95,1.49,2.09,1.4088,3.0966,2.081,1.6819,1.445718,1.979456,1.620631,545,746,399,313,437,277,82.9,118.38,110.05,278.5,178.21,0.7,0.41698,2.4396,1.087318584,12.76,0.52009012936,0.48766192045,0.2544,3033.02,187.5,402.44044918616,1.4555,1.0891,31,158,120,100.5,2073.71,27.83,3264.14,589.2,8760.5,17157.1,1961.6,390.15,538.03,5.9592,176.5,38,276.69,NA,2.2575,3.28,30.25160863722,437,168.58,345.2,820,19.45,31,259,233,NA,NA,NA,NA,NA,NA
1989-04-01,19.2,19.75,16.9,1.53,2.09,1.2908,3.172,2.011,1.7757,1.474706,2.247648,1.604711,549,753,391,297,440,264,84.23,115.74,108.19,293,174.53,0.7209,0.44822,2.4458,1.10671924,12.71,0.5155990857,0.49163024318,0.2681,3161.72,184.82,393.64704925515,1.6259,1.0997,31,156.5,113.5,98.5,2125.75,27.83,3117.91,608.1,10195.9,15261.3,1656.4,384.4,537.67,5.7926,167.5,38,276.69,NA,2.3915999999999995,3.28,30.737343556159995,400,161.35000000000002,342.6,823,20.95,31,274,239,NA,NA,NA,NA,NA,NA
1989-05-01,18.01666666667,18.35,15.65,1.66,2.09,1.2072,3.0993,2.0133,1.8622,1.529357,2.520002,1.537208,589,792,406,297,460,256,83.21000000000001,117.64,111.55,310.25,176.37,0.6586,0.45427,2.4299,1.145961476,11.68,0.49462687937,0.49493720682,0.2641,3181.6,180.18,414.83430561653,1.705,1.0199,31,149,113.5,98.5,2259.31,27.83,2738.98,643.4,10143.7,13454.2,1628.4,371.05,516.75,5.4531,152.5,38,264.48999999999995,NA,2.3389999999999995,3.28,32.31598204274,399,162.64,346.21999999999997,842,20.05,31,288,246,NA,NA,NA,NA,NA,NA
1989-06-01,17.63333333333,17.5,15.4,1.7,2.09,1.2522,2.7628,1.8464,1.7176,1.408907,2.266237,1.477507,559,802,373,291,464,256,67.92,112.99,104.63,327.2,168.65,0.5269,0.4541,2.4361,1.160291506,11.13,0.47090125283,0.506842175,0.2787,3237.67,198.12,526.39612509275,1.7377,0.9458,31,140.5,113.5,98.5,1914.16,27.83,2546.01,666.1,9935.5,12142.6,1539,367.6,497.35,5.2707,142.5,38,260.38,NA,2.2333,3.28,32.80171696169,371,151.9,342.51,870,20,31,NA,244,NA,NA,NA,NA,NA,NA
1989-07-01,17.66666666667,17.75,15.5,1.64,2.09,1.3459,1.942,1.4383,1.7749,1.343868,2.491181,1.489687,540,806,331,272,447,256,74.86999999999999,108.7,102.96,350.5,166.82,0.4481,0.4303,2.4928,1.136261148,10.89,0.50085537828,0.51940850228,0.309,3257.04,204.59,532.0104936095,1.8301,0.9451,31,140.5,113.5,98.5,1755.93,27.83,2505,691.6,9605.2,12275,1616.9,375.04,501.91,5.2167,137.5,38,272.42999999999995,NA,2.3494999999999995,3.28,32.07311458327,380,152.39,371.66,810,19.75,31,297,246,NA,NA,NA,NA,NA,NA
1989-08-01,16.88333333333,17.1,15,1.58,2.09,1.2855,1.7308,1.314,1.7765,1.400408,2.463122,1.465933,481,820,309,236,404,214,73.21,100.92,100.09,332.2,164.24,0.5104,0.4911,2.5481,1.128985902,10.41,0.49337438435,0.51962892727,0.3086,3229.12,197.75,537.16618585567,1.8292,0.9039,31,136.5,82.5,98.5,1798.32,27.83,2762.2,702.3,8715.6,12909.7,1730.4,365.14,484.64,5.1823,144,38,269.15,NA,2.3089999999999997,3.28,31.34451220484999,359,153.37,370.28,763,18.55,31,298,221,NA,NA,NA,NA,NA,NA
1989-09-01,17.66666666667,17.8,15.6,1.53,2.09,1.1409,1.7289,1.3234,2.1548,1.792773,3.23968,1.431911,503,798,323,237,410,216,71.55,103.37,102.85,319.75,163.51,0.517,0.50231,2.6477,1.11553772,9.81,0.48492700215,0.5180857,0.3115,3304.64,188.68,538.88500883283,1.7957,0.8708,31,136.5,82.5,98.5,1717.93,27.83,2884.4,728.1,8269.7,11222.1,1628.9,361.75,477.67,5.1338,156,38,265.44,NA,2.2985,3.28,30.737343556159995,360,157.26,353.32,754,19.6,31,268,205,NA,NA,NA,NA,NA,NA
1989-10-01,18.41666666667,19,16.15,1.6,2.09,1.0635,1.5135,1.1806,2.0734,1.8325,2.966303,1.421517,480,813,321,238,419,222,71.86999999999999,107.28,102.68,304,164.61,0.5512,0.474,2.7448,1.081807034,9.78,0.4902776276,0.51014905454,0.3184,3339.52,187.17,555.10843565532,1.81,0.8521,31,130.5,72.5,98.5,1820.02,27.83,2861.4,751.8,7922.4,10424.9,1584.6,366.88,485.82,5.1449,148,38,276.33,NA,2.3539999999999996,3.28,31.587379664319997,393,160.48,352.98999999999995,790,20.1,31,244,183,NA,NA,NA,NA,NA,NA
1989-11-01,18.36666666667,19.15,16.15,1.9,2.09,1.0108,1.5624,1.1744,1.913,1.73075,2.585179,1.423045,456,868,301,246,433,226,69.9,108.48,103.84,268.5,163.51,0.5126,0.43634,2.8418,1.045651266,9.85,0.48564020863,0.512353725,0.3312,3333.87,184.26,545.76772590708,1.8107,0.8356,31,126,86,98.5,1736.09,27.83,2591.3,692.8,6837.3,9793.2,1437.6,394.26,510.19,5.4833,142,38,281.35,NA,2.3389999999999995,3.28,35.23039155642,419,163.92000000000002,336.19,826,19.8,31,216,166,NA,NA,NA,NA,NA,NA
1989-12-01,19.35,19.85,17.1,2.24,2.09,0.9703,1.5977,1.1317,1.903,1.78325,2.494983,1.430844,425,877,267,248,429,226,73.21,109.17,104.22,272,164.61,0.496,0.44149,2.877,1.045651266,9.52,0.49257779314,0.50353521136,0.2956,3337.65,178.66,571.52779735649,1.7111,0.8353,31,126,98,98.5,1633.26,27.83,2418.6,711,6744.1,8809.2,1455,409.39,506.81,5.5688,137.5,38,294.3399999999999,NA,2.3889,3.28,39.35913836747,438,166.45000000000002,327.1600000000001,860,21.1,31,227,174,NA,NA,NA,NA,NA,NA
1990-01-01,20.35,20.95,17.45,2.39,2.82,0.9945,1.6761,1.0907,2.09,1.891,2.642499,1.736492,433,903,279,242,417,221,75.57,105.6,101.91,276.2,167.92,0.5897,0.45654,2.7847,1.054469746,9.76,0.50989553636,0.50816489318,0.313,3342.65,176.16,571.44326745487,1.6551,0.8318,31,109.5,104.5,98.5,1528.25,32.5,2366.64,707.8,6592,7055.9,1297,410.11,497.66,5.2462,138.5,38,303.83,533,2.4585999999999997,3.64,44.894942030040006,430,163,317.04,923,22.65,31,248,170,NA,NA,NA,NA,NA,NA
1990-02-01,19.6,19.9,16.8,1.9,2.82,1.0265,1.8508,1.1036,2.133,2.013,2.767321,1.618635,393,933,271,240,428,209,73.86,106.07,100.81,300,160.94,0.6449,0.40971,2.4573,1.07144532,9.98,0.52362252192,0.50441707955,0.3229,3384.92,174.83,584.67450829283,1.6802,0.8527,31,112,106.25,98.5,1454.28,32.5,2360.16,779.8,6156.1,6976.9,1396.8,416.81,516.1,5.2893,139.75,38,324.97,533,2.5565999999999995,3.64,38.94468927293999,426,155.52,314.37,900,22.1,31,256,176,NA,NA,NA,NA,NA,NA
1990-03-01,18.21666666667,18.45,15.8,1.55,2.82,1.1314,2.0885,1.2292,2.4239,3.01675,2.606892,1.648115,372,971,286,242,442,197,70.04,109.7,103.44,289.25,156.53,0.5385,0.4437,2.4839,1.109805708,10.67,0.50174145145,0.51984943637,0.3386,3361.05,160.26,581.70476033948,1.7392,0.8285,31,112,111,97.375,1567.39,32.5,2625.61,1062.3,6270.5,9266.8,1607.4,393.06,497.06,5.0766,146,38,321.47,533,2.5065999999999997,3.64,34.69450873215001,385,153.26,314.38,880,20.4,31,259,169,NA,NA,NA,NA,NA,NA
1990-04-01,16.55,16.75,14.3,1.49,2.82,1.3338,2.088,1.2335,2.1149,1.889,2.865741,1.589882,343,938,267,247,440,198,68.77,118.82,109.9,275.75,159.47,0.5842,0.49505,2.472,1.081807034,10.8,0.50531366516,0.52447911818,0.336,3354.45,161.2,565.30108962797,1.8263,0.838,31,127.5,111,93.2,1525.55,32.5,2686.15,836.1,6390.9,8939.5,1685.6,374.24,478.15,5.0655,155.2,38,326.31,533,2.6333,3.64,33.965906353730006,381,150.69,312.36,875,18.6,31,274,164,NA,NA,NA,NA,NA,NA
1990-05-01,16.58333333333,16.7,14.6,1.47,2.82,1.4405,2.0496,1.1821,2.1515,1.79,3.303695,1.360902,353,919,281,259,449,198,71.03,121.04,111.03,260,149.18,0.4944,0.58476,2.48,1.080925186,11.02,0.51820087437,0.52006986136,0.3225,3406.65,172.86,507.41951138695,1.8866,0.8543,31,127.5,107,93.5,1526.93,32.5,2741.95,825.6,6324.6,8698,1774.6,369.05,488.55,5.0791,149.125,40.5,337.58,533,2.7077000000000004,3.64,33.72303889426001,374,133.49,350.12,883,18.45,32.5,288,151,NA,NA,NA,NA,NA,NA
1990-06-01,15.26666666667,15.7,13.25,1.47,2.82,1.3201,1.9654,1.1171,1.9383,1.6005,3.092192,1.122307,317,931,272,249,435,184,80.23,120.86,110.95,255,135.58,0.5291,0.59986,2.504,1.108262474,11.35,0.52735835137,0.51389695228,0.286,3420.22,181.67,510.87618447119,1.9861,0.8525,31.5,130,107,93.5,1565.79,32.5,2584.56,838,6096,8422.1,1714.8,352.33,481.11,4.9182,152.75,40.5,335.4,533,2.7225,3.64,33.72303889426001,354,130.49,373.94,905,16.85,34,NA,140,NA,NA,NA,NA,NA,NA
1990-07-01,17.16666666667,17.55,15.3,1.41,2.82,1.3457,1.9103,1.1039,1.9932,1.5945,3.068443,1.316561,297,925,279,252,437,186,77.99,114.91,109.24,256.4,124.93,0.6256,0.56727,2.5589,1.10341231,10.95,0.61888640397,0.51632196363,0.2643,3446.4,187.96,501.36939485737,2.0125,0.86,31.5,131,107,93.5,1570.96,32.5,2769.49,875.4,5924.4,9318.2,1637,362.53,478.79,4.8749,160.7,40.5,345.41999999999996,533,2.7741,3.64,32.99443651583999,383,119.55,378.48,860,18.65,34,297,142,NA,NA,NA,NA,NA,NA
1990-08-01,26.4,27.05,25,1.36,2.82,1.2857,2.0818,1.1856,1.9604,1.738076,2.880244,1.262782,294,963,291,250,460,189,83.78,110.05,104.76,259.5,116.84,0.5464,0.59142,2.6541,1.096137064,10.01,0.65019070611,0.512794575,0.241,3483.54,186.13,503.07985520991,1.7919,0.8836,31.5,135.6,114.875,93.5,1782.02,32.5,2957.03,876.1,5905.2,10957.4,1615.1,394.73,492.73,5.008,160.5,40.5,360.32,533,2.6563999999999997,3.64,32.38726786715999,407,115.12,364.6,1400,27.15,34,298,149,NA,NA,NA,NA,NA,NA
1990-09-01,32.7,34.1,30.3,1.44,2.82,1.3715,2.103,1.228,2.0253,1.79421,2.802619,1.478987,284,991,284,250,461,197,88.39,101.52,98.27,260.75,114.27,0.5236,0.62623,2.6969,1.093050596,10.28,0.64389488549,0.51213321591,0.243,3430.39,185.33,503.32249222548,1.7918,0.8955,31.5,144.25,90.625,93.5,2066.53,32.5,3031.37,838.5,5707,10844,1537.5,389.32,461.66,4.8038,165.875,40.5,361.39,533,2.7022,3.64,33.35873770505,417,108.46,384.92,2050,33.7,34,268,150,NA,NA,NA,NA,NA,NA
1990-10-01,34.5,36.05,31.55,1.69,2.82,1.3069,2.019,1.2392,2.0797,1.821184,2.813694,1.604366,284,1012,290,247,468,211,88.16,100.34,97.83,281.4,114.64,0.4907,0.64407,2.5851,1.072988554,11.19,0.66624880585,0.51345601818,0.2164,3287.27,189.76,520.84593718941,1.7937,0.8962,31.5,149.5,136.5,93.5,1945.7,32.5,2743.56,760.9,6061.4,9145.4,1352.6,380.74,424.95,4.3891,165.7,40.5,369.74,533,2.773,3.64,36.39458094847001,435,104.77,409.31,2120,35.9,34,244,163,NA,NA,NA,NA,NA,NA
1990-11-01,31.08333333333,33,27.95,2.1,2.82,1.347,1.8678,1.2231,1.8418,1.69526,2.254658,1.575517,343,1040,331,239,455,204,91.47,100.39,98.16,272.25,112.8,0.4271,0.52001,2.5342,1.065713308,11.75,0.6727193013,0.51036956364,0.2217,3400.25,179.02,529.42408469304,1.8199,0.8982,31.5,152.5,144.5,93.5,1617.5,32.5,2585.89,701.2,5981.3,8587.4,1277.7,381.73,422.24,4.1729,163.375,40.5,369.96,533,2.7366999999999995,3.64,41.373363867669994,473,106.37,375.74,2110,32.30000000000001,34,216,153,NA,NA,NA,NA,NA,NA
1990-12-01,26.13333333333,28,23.25,2.11,2.82,1.2964,1.9661,1.2447,1.9381,1.683902,2.608696,1.521667,325,1038,346,244,476,208,89.81,102.01,100.97,263.75,113.17,0.496,0.43411,2.5477,1.0471945,11.75,0.66014136828,0.49559856591,0.2147,3388.44,171.13,517.52594315861,1.8464,0.8849,31.5,150.5,147.5,93.5,1522.44,32.5,2485.38,624.8,5615.2,8157.6,1265.4,376.95,420.07,4.0751,158.625,40.5,365.15,533,2.6516999999999995,3.64,41.49479759741,481,108.35,363.16,2000,27.15,34,227,147,NA,NA,NA,NA,NA,NA
1991-01-01,22.58333333333,23.65,19.4,1.67,3.44,1.2417,1.8945,1.1647,1.9187,1.678834,2.522778,1.554415,340,1013,349,239,455,198,93.88,105.67,105.07,303.4,111.33,0.59669,0.51121,2.5931,1.051383278,12.015000000000002,0.66236786258,0.48060714318,0.1941,3429.54,169.19,515.08631141536,1.8466,0.8682,31.5,152.5,151,93.5,1515.18,34.76,2448.52,600.4,5623.2,8568.8,1206.2,383.64,407.84,4.0517,157.375,40.5,360.57,NA,2.6341,3.99,39.33629930175,480,107.07,362.26,1850,24.7,34,239,165,NA,NA,NA,NA,NA,NA
1991-02-01,18.13333333333,19.4,14.45,1.36,3.41,1.2147,1.9667,1.1435,1.7684,1.642343,2.1815,1.481395,330,1027,338,241,445,192,92.04,106.1,106.37,327.25,113.91,0.69377,0.50148,2.7269,1.075413636,12.649,0.67333238723,0.47222956363,0.1876,3375.34,176.93,513.30036061994,1.8712,0.8486,31.5,152.5,151,95.625,1504.6,34.76,2449.38,593.8,5583.7,8672.3,1188.1,363.83,386.79,3.7376,160.625,40.5,367.11,NA,2.6595,3.99,35.429234508229996,476,106.37,371.7,1788,20.55,34,265,187,NA,NA,NA,NA,NA,NA
1991-03-01,18.06666666667,19.45,14.85,1.34,3.33,1.2103,2.0628,1.1324,1.7615,1.740283,2.06454,1.479775,343,1022,348,244,453,187,88.09,109.54,109.9,311.5,119.42,0.83723,0.5221,2.5918,1.069681624,13.14,0.62716890895,0.47245007273,0.2015,3400.39,162.57,523.01320974856,1.857,0.8325,31.5,147.5,145,95.625,1496,34.76,2409.63,603,5517.4,8700.8,1198.6,363.34,399.99,3.9428,163.625,39.5,338.84000000000003,NA,2.4537,3.99,34.80604925757999,455,116.16,364.4299999999999,1700,19.9,31,248,175,NA,NA,NA,NA,NA,NA
1991-04-01,18.46666666667,19.25,15.35,1.33,3.47,1.1458,2.0273,1.1229,1.7611,1.634483,2.173848,1.47494,323,986,319,245,460,188,85.14999999999999,110.33,109.02,285.8,120.89,0.77913,0.50087,2.6112,1.05601298,13.338,0.59940297044,0.46782039091,0.1875,3396.7,175.59,551.3355760805,1.8262,0.823,31.5,143.25,143.5,108,1391.86,34.76,2472.04,600.9,5560,9021,1252.9,358.38,396.88,3.9755,166,39.5,303.85,NA,2.295,3.99,35.350171662399994,459,117.05,368.34,1500,20.8,31,234,176,NA,NA,NA,NA,NA,NA
1991-05-01,18.81666666667,19.3,15.9,1.31,3.37,1.0622,1.9375,1.0375,1.904,1.586256,2.647591,1.47815,335,937,318,241,444,200,85.3,105.7,101.99,288.25,121.99,0.63263,0.48845,2.6259,1.06483146,13.2,0.59131915072,0.46914310909,0.1671,3439.41,174.04,540.19139855525,1.8153,0.8208,31.5,130.6,138.5,112,1296.05,34.76,2305.88,555.2,5701.7,8452.4,1090.9,356.95,389.64,4.0462,165.25,39.5,300.78999999999996,NA,2.3052999999999995,3.99,34.631906963960006,471,115.63,365.84,1256,21.25,31,234,173,NA,NA,NA,NA,NA,NA
1991-06-01,17.93333333333,18.2,15.4,1.2,3.29,1.0408,1.891,1.0005,1.7916,1.515269,2.482435,1.376949,369,919,311,241,440,201,71.28,104.21,98,293.25,120.15,0.63383,0.39648,2.7029,1.0471945,13.117,0.56439244191,0.47178871364,0.2028,3466.27,200.15,558.25861632515,1.7849,0.8364,31.5,129.5,135.5,112,1275.15,34.76,2219.28,549.4,5710.6,8280,1061.6,366.72,376.05,4.3898,159.25,39.5,288.87,NA,2.1964999999999995,3.99,32.91581814568001,482,118.18,361.26,1103,20.2,31,230,163,NA,NA,NA,NA,NA,NA
1991-07-01,19.05,19.45,16.25,1.19,3,1.0322,1.8351,1.0005,1.5989,1.230142,2.209798,1.356797,465,930,341,229,431,187,72.27,105.11,99.43,303.4,118.31,0.4019,0.51736,2.6874,1.07144532,10.619,0.57598006033,0.46840530348,0.2273,3489.62,207.82,556.9967659797,1.6992,0.8225,31.5,131,132.5,110.4,1296.78,34.76,2236.28,548.1,5669.6,8541.3,1063.1,367.69,376.03,4.3475,163.5,39.5,288.2099999999999,NA,2.1489,3.99,31.41573242292999,471,116.23,365.92,1180,21.45,31,240,174,NA,NA,NA,NA,NA,NA
1991-08-01,19.36666666667,19.75,16.65,1.31,2.98,1.1389,1.8027,0.99,1.5309,1.232421,2.011312,1.349087,459,929,338,241,457,195,67.06,110.43,105.47,298.25,125.3,0.4785,0.57202,2.6411,1.0471945,9.943,0.58836317667,0.47993695364,0.2086,3531.14,210.57,568.58312827973,1.6197,0.8168,31.5,127,132.5,110,1256.45,34.76,2233.19,540.2,5638.8,8144.7,1046.3,356.31,346.35,3.9573,161.875,39.5,295.0899999999999,NA,2.1778,3.99,32.777857731980006,452,127.06,363.6,928,21.7,31,245,184,NA,NA,NA,NA,NA,NA
1991-09-01,20.05,20.5,17.8,1.63,2.97,1.2729,1.9193,1.0287,1.5487,1.236162,2.028593,1.381346,455,844,323,246,468,209,67.43,108.85,106.21,291.5,135.22,0.36686,0.55921,2.7448,1.0471945,10.307,0.60243787194,0.48620270866,0.2048,3541.1,210.68,589.13276826632,1.5487,0.8111,31.5,122.5,132.5,110,1211.81,34.76,2324.57,539.8,5570.3,7680.7,1023.2,348.74,349.34,4.0375,159.5,39.5,302.77,NA,2.2335,3.99,36.61619735966,478,137.56,375.24,930,21.85,31,241,193,NA,NA,NA,NA,NA,NA
1991-10-01,21.46666666667,22.2,18.95,1.77,2.71,1.3008,1.7586,1.0115,1.5281,1.249466,1.924474,1.410403,546,799,345,237,485,207,68.21,109.7,107.01,276.6,146.97,0.44811,0.49305,2.7198,1.061744992,10.169,0.60201846734,0.48011616984,0.2011,3681.13,214.44,573.05626764009,1.4978,0.827,31.5,121.1,132.5,110,1150.03,34.76,2363.64,522.3,5549.6,7443,991.7,358.69,362.48,4.1154,155,39.5,303.6600000000001,NA,2.2151,3.99,37.08023675465999,498,147.2,386.32,965,23.25,31,236,191,NA,NA,NA,NA,NA,NA
1991-11-01,20.76666666667,21.25,18.45,1.81,2.7,1.314,1.724,1.1112,1.5006,1.209253,1.907981,1.384587,595,718,362,237,466,202,73.3,106.49,105.45,271.75,149.55,0.44092,0.59972,2.7073,1.039257868,10.119,0.62123446422,0.47962090742,0.1903,3585.13,195.5,573.89232740978,1.3991,0.8148,31.5,120,134.375,110,1134.8,34.76,2379.84,506.2,5505.5,7244.6,1093.3,360.17,365.11,4.0723,143.5,39.5,316.06,NA,2.2824,3.99,37.518431949710006,512,147.04,389.42,854,22.6,31,232,185,NA,NA,NA,NA,NA,NA
1991-12-01,17.75,18.4,15.3,1.92,2.7,1.3664,1.6612,1.1197,1.4756,1.202926,1.802899,1.420983,636,614,376,234,442,199,75.43,106.91,107.42,268.4,160.94,0.40397,0.58946,2.6081,1.04168295,9.921,0.63720703468,0.47348937532,0.1984,3665.05,200.33,567.3915767028,1.3632,0.7875,31.5,120,131.875,110,1097.55,34.76,2223.14,532.1,5510.1,7117.8,1188,361.73,353.3,3.9427,143.5,39.5,326.72999999999996,NA,2.3722999999999996,3.99,38.854202976809994,500,157.81,394.19,800,19.55,31,230,184,NA,NA,NA,NA,NA,NA
1992-01-01,17.38333333333,18.15,15.2,1.28,2.57,1.2815,1.6184,1.0765,1.4139,1.267087,1.519852,1.454708,738,619,383,236,429,210,73.42,109.31,111.64,277.25,170.12,0.56973,0.50474,2.5715,1.0538083600000001,10.031,0.63332045674,0.47124753285,0.1833,3632.64,202.85,577.77865606836,1.3144,0.8014,31.5,120,122.5,110,1177.07,33.1,2139.23,514.9,5476.9,7517.3,1153.7,354.45,341.19,4.11,145.25,39.5,325.27,NA,2.4377,3.5952429999999995,30.196982328900003,500,167.26,403.71,812,18.8,31,238,188,NA,NA,NA,NA,NA,NA
1992-02-01,17.61666666667,18.1,15.75,1.21,2.5,1.1929,1.5091,0.9385,1.3448,1.229947,1.416288,1.388091,702,605,382,237,414,204,71.28,113.62,116.73,278.25,177.1,0.60627,0.43912,2.5241,1.025589224,10.169,0.6210387645,0.47576805341,0.1728,3634.89,214.04,599.19098418718,1.2412,0.8113,31.5,120,120.625,110,1266.83,33.1,2205.97,505,5615.7,7861.9,1130.7,353.91,362.12,4.1457,147.875,39.5,317.54,NA,2.5187999999999997,3.50897,28.955718705919995,494,170.12,396,779,19,31,238,189,NA,NA,NA,NA,NA,NA
1992-03-01,17.45,17.6,15.8,1.28,2.58,1.1282,1.5514,0.9389,1.3789,1.341158,1.4017,1.393904,644,595,396,240,434,200,72.64,117,120.15,277.2,169.39,0.6063,0.43259,2.4493,1.039257868,10.472,0.60272099317,0.47083670641000003,0.1812,3611.67,201.96,602.24275977136,1.2197,0.827,31.5,120,120,110,1280.47,33.1,2227.33,521.2,5632,7417.7,1214.6,344.34,356.94,4.1101,144.8,39.5,310.3,NA,2.478,3.592248999999999,30.242493635489996,488,161.44,380.56,766,18.95,31,236,186,NA,NA,NA,NA,NA,NA
1992-04-01,18.63333333333,18.95,16.7,1.47,2.47,1.0443,1.4533,0.9118,1.5203,1.54378,1.484357,1.53262,647,616,402,235,425,192,75.23,108.52,109.35,278,159.83,0.41899,0.50986,2.3847,1.036832786,10.637,0.6139681765,0.47099086094,0.2086,3631.04,199.67,616.3828863789,1.2838,0.8583,31.5,120.2,120,110,1317.05,33.1,2215.33,532.8,5838.9,7420.6,1304.3,338.62,347.3,4.0505,142.75,39.5,313.9599999999999,NA,2.548,3.529824,31.984504969119996,489,153.07,361.72,788,20.25,31,238,186,NA,NA,NA,NA,NA,NA
1992-05-01,19.5,19.9,17.6,1.59,2.49,0.9923,1.3417,0.8307,1.7288,1.572503,1.98146,1.632439,638,651,390,247,439,196,84.78,109.64,108.03,274,149.55,0.42583,0.48647,2.3766,1.037714634,10.714,0.63283116539,0.46355814016,0.2114,3597.63,200.75,628.68385452407006,1.3357,0.8664,31.5,120.5,120,110,1306.79,33.1,2216.52,520.3,6121.1,7326.8,1372.9,337.24,358.59,4.0715,140.5,39.5,321.14000000000004,NA,2.7836000000000003,3.4715529999999997,33.49731091569,495,139.72,338.52,788,21,31,228,178,NA,NA,NA,NA,NA,NA
1992-06-01,20.83333333333,21.15,19,1.56,2.5,0.9706,1.3027,0.8195,1.6859,1.402295,1.971804,1.683557,589,665,404,253,456,204,84.89,110.9,104.66,268.8,148.81,0.40445,0.47224,2.3347,1.048076348,10.775,0.64767133503,0.46048497335,0.2284,3565.88,205.11,610.79690627472,1.4085,0.879,31.5,120.5,120,110,1275.55,33.1,2299.2,548.1,6618.8,7192.8,1385.2,340.81,369.13,4.0639,143.5,39.5,330.28,NA,2.7261,3.488016,33.19170303556,491,140.36,346.97999999999996,828,22.35,29,225,171,NA,NA,NA,NA,NA,NA
1992-07-01,20.16666666667,20.25,18.5,1.75,2.55,1.1021,1.2831,0.864,1.6996,1.307172,2.029355,1.762384,528,644,382,237,429,205,77.36999999999999,102.75,95.86,278.5,136.32,0.43254,0.55216,2.3457,1.06483146,11.001,0.67070742912,0.4649268608,0.2273,3512.73,201.08,609.62494857875,1.4394,0.8845,31.5,120.5,120,110,1313.05,33.1,2520.32,626.1,6989.4,7497.9,1320.2,352.72,383.12,3.9675,146,39.5,347.83,NA,2.8343999999999996,3.60554,35.81626433536999,485,129.93,350.18,830,21.75,27,236,173,NA,NA,NA,NA,NA,NA
1992-08-01,19.61666666667,19.75,17.8,1.97,2.56,1.1762,1.1669,0.8565,1.7295,1.58783,1.804944,1.795825,494,600,382,229,409,205,77.04,96.96,93.7,270.8,128.24,0.62071,0.57261,2.4454,1.07695687,11.739999999999998,0.67770813036,0.46925866191,0.2162,3426.62,197.25,607.43576959569,1.3173,0.8785,31.5,120.75,120,113.6,1305.05,33.1,2521.64,654.5,6780.4,7268,1360.4,343.06,359.55,3.8123,131.4,39.5,355.34000000000003,NA,2.906299999999999,3.649728,38.56528322228,493,118.8,348.35,796.25,21.3,27,231,182,NA,NA,NA,NA,NA,NA
1992-09-01,20.15,20.25,18.3,2.33,2.57,1.125,1.1735,0.9034,1.7043,1.541156,1.652762,1.918955,501,562,391,227,421,209,83.57,98.05,93.75,257,138.89,0.5117,0.56026,2.4403,1.077838718,12.207999999999998,0.65429695215,0.47511661807,0.2053,3368.12,205.53,606.17401917551,1.2489,0.8741,31.5,121.5,120,114.5,1269.61,33.1,2414.06,621.1,6643.2,6917.5,1366.9,345.43,362.14,3.7719,131.25,39.5,355.40999999999997,NA,2.7978,3.633951,42.973748392450005,481,131.47,358.54,758.75,21.9,27,222,176,NA,NA,NA,NA,NA,NA
1992-10-01,20.08333333333,20.3,18.25,2.42,2.63,1.071,1.3574,0.9742,1.7187,1.600387,1.662418,1.893414,493,565,396,221,418,207,82.21000000000001,95.11,91.01,250,140.73,0.3896,0.49776,2.5003,1.05601298,11.729,0.59695331791,0.47679919835,0.192,3244.52,220.2,600.25147755913,1.174,0.89,31.5,121.5,116.875,114.5,1173.78,33.1,2249.15,537.4,6016.7,6305.3,1163.6,344.38,358.07,3.7525,130.125,37.25,347.86,NA,2.5157999999999996,3.704153,44.3994517435,469,137.42,421.35,799,21.7,27,214,172,NA,NA,NA,NA,NA,NA
1992-11-01,18.88333333333,19.2,17.1,2.24,2.64,1.0763,1.4839,1.0509,1.6616,1.536286,1.6307449999999999,1.817775,496,575,413,229,437,206,82.11999999999999,94.48,92.37,252.6,147.71,0.38003,0.41869,2.5406,1.086657198,11.051,0.56998203632,0.47137099103,0.1889,3097.86,220.08,623.68820122856,1.1616,0.8849,31.5,121.5,107.5,114.5,1159.05,33.1,2158.32,460.4,5723,5564.88,1046.9,335.02,356.11,3.771,126.4,35,325.91999999999996,NA,2.5535,3.6527029999999994,42.22632726126,455,145.84,419.79,816.25,20.35,27,216,172,NA,NA,NA,NA,NA,NA
1992-12-01,17.93333333333,18.15,16.25,2.16,2.64,1.0344,1.7016,1.1202,1.6645,1.402072,1.728475,1.862866,461,622,401,235,436,215,79.55,94.61,95.75,256.25,147.71,0.31085,0.42439,2.5417,1.08577535,10.913,0.61196534503,0.46471383657,0.1797,2950.87,245.58,604.35276632615,1.1951,0.8836,31.5,121.88,103.75,114,1207.1,33.1,2206.82,454.6,5756.2,5724.07,1057.9,334.82,361.97,3.7252,124.625,35,324.48999999999995,NA,2.716899999999999,3.709421,41.2932835331,438,146.26999999999998,443.44,828.3299999999999,19.4,27,218,162,NA,NA,NA,NA,NA,NA
1993-01-01,17.21666666667,17.4,15.2,1.88,2.76,1.0355,1.5298,1.034,1.7614,1.503645,1.870611,1.91,444,621,410,239,444,216,75.08,94.21,95.18,259.75,155.79,0.52492,0.42606,2.3545,1.112892176,11.2436,0.6322,0.4576,0.1817,2861.41,249.97,605.35572255287,1.261,0.9059,31.5,121.88,102.5,113,1206.76,29.09,2256.85,436.5,5900.9,5930.93,1061.1,329.01,359.14,3.6835,123.75,35,319.27,NA,2.6893,3.642194,38.418069892110005,418,156.92,511.96,846.25,19.05,27,219,166,NA,NA,NA,NA,NA,NA
1993-02-01,18.16666666667,18.45,16,1.69,2.74,0.9976,1.4914,1.0361,1.846,1.590484,2.167557,1.78,439,611,425,236,433,201,74.83,94.38,94.47,254.25,148.81,0.58561,0.41241,2.3876,1.12545851,11.5467,0.6117,0.4641,0.1887,2847.42,286.7,618.11458860302,1.3324,0.8944,31.5,121.5,102.5,112.5,1201.85,29.09,2212.6,414,5790.9,6038.68,1072.1,329.31,359.02,3.6555,120.25,31,314.5299999999999,NA,2.5867,3.611498,35.99495322077001,391,149.43,611.7700000000001,852.5,20.05,27,216,172,NA,NA,NA,NA,NA,NA
1993-03-01,18.46666666667,18.75,16.3,2.18,2.75,0.9751,1.4026,1.0119,1.6075,1.545754,1.696737,1.58,427,602,408,238,438,193,75.16,97.14,95.4,230.2,148.08,0.659,0.36446,2.5263,1.150370716,11.6569,0.6294,0.4755,0.2341,2805.46,345.34,616.8146727236,1.3575,0.8481,31.5,111,86.2,112.5,1151.33,29.09,2152.59,405.9,5659.4,5971.3,996.1,330.08,350.46,3.647,115.1,31,312.7799999999999,NA,2.7039000000000004,3.589991,41.97817483639001,377,145.46,700.4399999999999,860,20.35,27,197,161,NA,NA,NA,NA,NA,NA
1993-04-01,18.43333333333,18.65,16.35,2.35,2.68,1.0117,1.2758,0.9894,1.5736,1.491452,1.769253,1.46,402,623,392,244,448,194,77.45,100.55,95.06,206.25,141.83,0.5637,0.38062,2.5922,1.179692162,11.64,0.6637,0.4783,0.2458,2774.73,463.41,645.42230389324,1.3459,0.8243,31.5,109.6,81,112.5,1108.53,29.09,1949.88,420.7,5590.9,5972.33,1004.6,342.15,368.01,3.9516,112.75,31,324.24,NA,2.9127999999999994,3.624532,43.733171497970005,361,156.34,738.14,870,20.3,27,182,153,NA,NA,NA,NA,NA,NA
1993-05-01,18.16666666667,18.5,16,2.17,2.68,0.9958,1.3708,1.0179,1.5314,1.320317,1.853755,1.42,418,685,371,246,448,195,77.46,98.59,93.15,184.75,136.69,0.4616,0.39362,2.6762,1.241862446,11.6029,0.6559,0.4709,0.2608,2694.58,520.81,776.64435838019,1.3272,0.8144,31.5,107.5,81,112.5,1123.96,29.09,1794.5,407.2,5503.5,5762.55,980.4,367.18,385.16,4.464,115.1,31,323.33,NA,3.0316999999999994,3.566033,41.507731635990005,348,140.09,751.81,1051.25,20,27,165,145,NA,NA,NA,NA,NA,NA
1993-06-01,17.46666666667,17.65,15.6,1.97,2.68,0.9872,1.3779,1.0267,1.6032,1.348695,1.981021,1.48,436,712,356,245,461,197,75.3,92.76,88.52,189,121.99,0.38956,0.37671,2.7425,1.233043966,11.2436,0.6372,0.4717,0.2291,2665.12,493.82,803.581896831,1.2993,0.8109,31.5,105.5,81,112.5,1165.3,29.09,1853.42,393.9,5112.7,5532.43,926,371.89,383.02,4.3757,113.875,31,314.45,NA,3.0165999999999995,3.5350789999999996,39.05808588922,348,112.25,745.3,1026.25,19.15,27,169,147,NA,NA,NA,NA,NA,NA
1993-07-01,16.31666666667,16.8,14.25,2.06,2.66,1.0604,1.5831,1.0891,1.6239,1.327859,1.953777,1.59,460,773,362,287,505,227,74.03,101.25,96.17,200.75,127.5,0.35073,0.40436,2.8197,1.25001954,10.957000000000004,0.6129,0.4825,0.2134,2648.22,467.02,829.75535445005,1.2749,0.8087,31.5,105.1,81,112.5,1202.13,29.09,1927.16,388.2,4972.6,5036.2,927.6,392.19,403.65,5.0194,112.875,31,299.97,NA,3.026,3.5392279999999996,40.05872093204001,356,116.77,696.1800000000001,1000,17.9,27,177,149,NA,NA,NA,NA,NA,NA
1993-08-01,16.48333333333,16.7,14.75,2.26,2.65,1.0966,1.6958,1.2888,1.5793,1.386884,1.841074,1.51,455,858,356,274,483,223,69.69,100.31,98.49,209,129.71,0.31691,0.44343,2.8043,1.277136366,10.802600000000002,0.5957,0.4838,0.2059,2625.52,450.47,835.60671444226,1.2236,0.8232,31.5,107.5,81,112.5,1172.14,29.09,1947.45,388.4,4809.3,4721.81,884,378.84,391.9,4.8377,113.1,31,295.22999999999996,NA,2.8797999999999995,3.493022,42.408551511000006,361,119.55,703.88,1061,18,27,187,156,NA,NA,NA,NA,NA,NA
1993-09-01,15.9,16,14.2,2.27,2.62,1.2677,1.7807,1.3779,1.5643,1.524164,1.718812,1.45,424,845,352,260,489,214,64.41000000000001,100.9,97.22,206,131.17,0.35076,0.60489,2.7337,1.269420196,11.1884,0.6086,0.4841,0.2103,2605.88,384,851.10576151251,1.2167,0.823,31.5,107.5,81,112.5,1115.38,29.09,1861.86,375.7,4493.6,4352.89,874.2,355.28,362.46,4.2185,116.875,31,308.36,NA,3.1062,3.480853999999999,42.37912232097001,353,115.71,664.8599999999999,1501,17.5,27,185,158,NA,NA,NA,NA,NA,NA
1993-10-01,16.51666666667,16.6,14.8,2.02,2.62,1.2923,1.6896,1.299,1.5717,1.486562,1.688556,1.54,419,807,333,249,491,207,60.95,106.53,100.92,256.75,135.95,0.33069,0.62142,2.6698,1.227311954,11.6844,0.6004,0.4822,0.2269,2591.58,378.13,851.33972869483,1.2081,0.7981,31.5,111.25,81,112.5,1087.1,29.09,1646.4,384.3,4681.1,4448.9,914.9,364.18,367.91,4.343,129.5,31,304.38,NA,2.9825999999999997,3.391258999999999,39.28257899464001,339,127.87,617.2800000000001,1423.75,18.15,27,217,162,NA,NA,NA,NA,NA,NA
1993-11-01,15.2,15.15,13.7,2.26,2.62,1.321,1.7328,1.355,1.5436,1.40598,1.764743,1.46,464,808,357,267,536,216,63.849999999999994,116.67,113.81,307.75,146.61,0.36827,0.44079,2.6411,1.214304696,11.5191,0.5912,0.4821,0.2231,2629.38,333.36,835.18135273469,1.2106,0.8091,31.5,112.5,82.8,112.5,1039.81,29.09,1630.02,400.3,4640.9,4633.89,928.4,373.83,374.41,4.5332,140.4,31,299.54,NA,2.9705999999999997,3.3554949999999995,42.172758609720006,358,136.41,602.97,1303.75,16.75,27,263,167,NA,NA,NA,NA,NA,NA
1993-12-01,13.76666666667,13.6,12.15,2.34,2.6,1.3622,1.7921,1.3627,1.5722,1.376271,1.830388,1.51,615,924,411,276,589,215,68.31,121.79,119.93,320.5,158.73,0.41456,0.32116,2.4626,1.183219554,11.5963,0.5949,0.4849,0.2319,2594.74,304.66,830.07827928152,1.306,0.8153,31.5,122.5,85.5,112.5,1094.3,29.09,1724.19,461.2,4777.9,5119.12,974.4,383.3,383.17,4.9717,150.375,31,307.76,NA,2.9807,3.25,42.9776767609,367,140.49,592.53,1310,15.55,26.5,252,155,NA,NA,NA,NA,NA,NA
1994-01-01,14.13333333333,14.25,13.15,2.34,2.47,1.2641,1.7405,1.3093,1.5414,1.383476,1.740835,1.5,595,993,404,282,602,215,74.61999999999999,127.23,121.92,356,153.22,0.53264,0.30401,2.4216,1.16403936,11.712,0.596,0.4851,0.2271,2634.14,294.84,773.48405120348,1.5257,0.8091,31.5,125,85.5,112.5,1174.59,26.47,1805.35,490.1,4942.8,5577.95,996.7,386.88,387.8,5.1458,150,31,304.0299999999999,NA,3.0234,3.12,42.27158611867,366,152.70999999999998,564.97,1196.25,15,27,263,151,NA,NA,NA,NA,NA,NA
1994-02-01,13.78333333333,13.8,12.8,2.71,2.36,1.2289,1.8503,1.3404,1.483,1.4139,1.425247,1.61,573,1011,387,273,577,207,72.29,123.22,119.21,343.75,146.97,0.6669,0.3401,2.4936,1.182337706,11.712,0.5904,0.4835,0.2385,2553.72,303.35,758.9887457325,1.7781,0.8536,31.5,125.63,85.5,112.5,1269.93,26.47,1866.4,485.4,5443.4,5824.95,968.9,381.91,394.02,5.2473,151.75,31,304.74,NA,2.9599,3.19,46.2891217423,364,144.19,600.26,1170,14.75,27,259,155,NA,NA,NA,NA,NA,NA
1994-03-01,13.61666666667,13.95,12.25,2.21,2.36,1.3073,1.9181,1.4265,1.474,1.399083,1.362973,1.66,539,1013,395,274,586,200,68.29,119.4,114.33,269.75,141.1,0.50562,0.46444,2.6903,1.22246179,12.291,0.5953,0.4839,0.2586,2595.42,310.48,771.97556376185,1.8039,0.9127,31.5,127.5,98.625,112.5,1289.03,26.47,1914.87,451.5,5405.4,5587.54,935.9,384.13,400.28,5.435,155.875,29.5,311.57,NA,2.9579999999999997,3.15,40.19033549190001,352,133.49,617.1,1180,14.65,27,222,155.25,NA,NA,NA,NA,NA,NA
1994-04-01,15.08333333333,15.15,13.8,2.04,2.36,1.2436,1.9967,1.5833,1.3455,1.27765,1.178814,1.58,560,1030,434,261,584,193,66.89,113.23,107.75,269.25,140.36,0.49604,0.35815,2.6277,1.2345872,12.732,0.592,0.4859,0.2427,2651.55,326.24,819.92735490329,1.8507,0.9486,31.5,130,103.5,112.5,1278.72,26.47,1881.82,439.9,5385.7,5407.97,923.6,377.27,397.9,5.352,162.25,29.5,309.5899999999999,NA,2.934499999999999,3.07,38.07176255924999,351,129.98,647.0499999999998,988,16.3,27,221,156.75,NA,NA,NA,NA,NA,NA
1994-05-01,16.28333333333,16.2,14.8,1.92,2.36,1.3788,2.687,2.0933,1.5231,1.178077,1.851132,1.54,599,1020,488,256,594,196,68.55,109.59,106.21,233,139.99,0.37577,0.41579,2.3907,1.299403028,12.787,0.6001,0.489,0.2553,2674.01,343.5,851.58009674169,1.8981,0.9793,31.5,132.5,103.5,112.5,1322.59,26.47,2150.6,473.5,5504.4,6086.65,955.6,381.43,398.01,5.4195,159.2,31.4,318.06,NA,2.9787999999999997,3.06,36.60778286152,362,125.25,637.21,908,17.85,27,201,160.2,NA,NA,NA,NA,NA,NA
1994-06-01,17.16666666667,16.75,15.7,1.9,2.36,1.459,3.1621,2.4776,1.4761,1.224481,1.633706,1.57,608,1014,508,265,571,203,67.78,112.16,105.73,213.75,139.26,0.25051,0.43665,2.2324,1.30844197,13.283,0.6088,0.495,0.2657,2641.3,344.6,876.93310365879,1.8852,1.0505,31.5,132.5,103.5,112.5,1400.58,26.47,2364.2,525.1,5509.2,6281.84,966.2,385.64,401.09,5.3876,157.625,33.6,331.2,NA,2.9579,3.1,36.392015165610005,365,120.15,629.58,919,19.05,28.5,193,166.25,NA,NA,NA,NA,NA,NA
1994-07-01,17.88333333333,17.6,16.4,1.96,2.42,1.5523,4.8256,3.6155,1.5923,1.216221,1.850783,1.71,579,1017,494,237,560,193,64.32,97.83,93.75,226.25,137.42,0.44617,0.53729,2.1912,1.278238676,13.867000000000004,0.6296,0.5007,0.2596,2632.1,331.98,875.75043339722,1.8011,1.2511,31.5,132.5,106.5,112.5,1492.42,26.47,2458.19,580.1,5311.2,6226.76,964,385.49,411.95,5.2823,158.625,33.1,343.77,NA,2.9581,3.14,37.43295565097001,376,119.51,649.7,920,19.65,28.5,204,177.75,NA,NA,NA,NA,NA,NA
1994-08-01,17,16.8,15.85,1.66,2.46,1.551,4.4189,3.585,1.5801,1.349189,1.731222,1.66,596,1018,575,232,600,189,66.16,95.99,95.02,252.6,145.87,0.40738,0.54397,2.1995,1.232162118,14.137,0.6345,0.4828,0.2668,2608.14,316.74,885.12969768761,1.6903,1.261,31.5,132.5,88,112.5,1455.36,26.47,2406.23,570.8,5161.5,5859.5,944.9,380.36,412.19,5.1972,161.1,33.1,344.81,NA,2.9651,3.24,34.04785206336,378,128.15,630.99,903,18.35,28.5,228,199.6,NA,NA,NA,NA,NA,NA
1994-09-01,16.2,15.9,15.25,1.49,2.48,1.4861,4.8943,4.0297,1.5378,1.421099,1.62223,1.57,622,1018,614,233,672,184,72.27,97.51,91.78,259.75,158.73,0.43841,0.53922,2.2081,1.237453206,13.625,0.6466,0.4802,0.2777,2634.62,299.92,861.97839974741,1.6558,1.2666,31.5,132.5,88,112.5,1569.22,26.47,2505.93,613.5,5321.1,6364.75,992.4,391.58,417.28,5.5237,164,33.1,347.76,NA,2.9659,3.28,32.105657869190004,392,142.12,566.5,825,17.45,29,239,210,NA,NA,NA,NA,NA,NA
1994-10-01,16.46666666667,16.4,15.35,1.51,2.56,1.4478,4.45,3.7352,1.5037,1.430328,1.48069,1.6,621,1029,616,227,642,177,80.14,96.48,92.37,262,167.18,0.3238,0.43487,2.1248,1.197770046,13.917,0.6642,0.4745,0.2811,2699.88,291.55,805.96790340075,1.6329,1.368,31.5,136.63,88,112.5,1698.05,26.47,2547.67,641.8,5473.6,6748.29,1058.5,389.77,419.4,5.4541,167.125,33.1,354.51,NA,3.0349999999999997,3.26,32.71529323806001,398,157.38000000000002,567.91,800,17.65,30.75,243,215.8,NA,NA,NA,NA,NA,NA
1994-11-01,17.08333333333,17.2,15.95,1.58,2.57,1.4352,4.0325,3.3803,1.4266,1.349938,1.469853,1.46,706,1048,707,239,706,174,83.98,95.47,97.74,264.5,162.04,0.29687,0.32921,2.1887,1.139127154,13.614,0.6574,0.4756,0.3073,2693.64,279.43,792.71004143764,1.7097,1.3437,33.5,139,88,112.5,1892.59,26.47,2802.45,667.2,6161.1,7556.14,1151.7,384.39,412.37,5.1924,165.875,33.1,351.42999999999995,NA,3.0259,3.26,33.612869070109994,394,152.39,562.7,815,18.1,30.5,242,216.5,NA,NA,NA,NA,NA,NA
1994-12-01,15.94,15.96,14.7,1.72,2.56,1.3975,3.7157,2.8601,1.4227,1.327972,1.550269,1.39,692,1062,719,243,693,178,86.49000000000001,102.49,100.62,260.5,164.61,0.53738,0.23238,2.2256,1.12986775,13.227999999999998,0.6451,0.4919,0.3234,2681.41,247.96,778.00690827385,1.9218,1.4654,33.5,139,88,112.5,1878.31,26.47,2985.3,634.3,5946.8,8555.5,1114.3,379.29,410.85,4.7795,171.66666666666998,36.1,341.65000000000003,NA,2.9397999999999995,3.29,35.2857263852,418,157.34,539.99,833.3299999999999,17.16,32,244,223.5,NA,NA,NA,NA,NA,NA
1995-01-01,16.9,16.63,16.08,1.51,2.66,1.4687,3.8056,2.8999,1.4622,1.364262,1.642469,1.38,622,1054,655,243,674,183,85.45,106.96,101.74,276.8,156.16,0.35825,0.3511,2.127899224,1.12986775,13.448199999999998,0.6513,0.4995,0.3254,2595.13,248.42,793.78967186796,2.108,1.6442,33.5,142.38,159.6,112.5,2060.55,28.38,3008.93,666.6,6199.3,9592.55,1156.5,378.55,413.9,4.7731,188.2,37.1,341,632.75598284948,2.7543,3.36,33.25843988593,435,152.99,551.01,878,17.98999999999999,34,258,232.2,NA,NA,NA,NA,NA,NA
1995-02-01,17.41666666667,17.08,16.64,1.58,2.66,1.5102,3.7431,2.9694,1.4104,1.377246,1.496595,1.3575,636,1025,661,238,663,185,85.77,106.69,102.07,280.5,154.32,0.58009,0.41838,2.16162991,1.134056528,13.6962,0.6504,0.4998,0.3177,2673.19,251.8,753.20105401509,2.2254,1.7703,31.5,147.5,177.5,112.5,1916.15,28.38,2877.65,579.9,5478.3,8505.45,1032.2,376.64,413.97,4.7215,198.625,37.6,334.12,621.5456405745,2.7069,3.4,34.13557575765,437,149.70999999999998,599.11,885,18.53,34.5,262,221,NA,NA,NA,NA,NA,NA
1995-03-01,17.34666666667,17.01,16.49,1.54,2.65,1.485,3.9558,3.2194,1.3475,1.363096,1.344409,1.335,632,990,687,246,652,175,90.83,109.7,102.74,286.25,150.28,0.39779,0.44861,2.044123664,1.14309547,14.0434,0.6799,0.4952,0.3217,2586.76,283.1,713.57749117422,2.4362,1.8034,31.5,147.5,191.25,112.5,1805.07,28.38,2924.04,585.6,5532.4,7531.91,1022.2,382.12,416.89,4.6485,205.625,38.349999999999994,346.84000000000003,642.1447635101201,2.7298,3.46,33.64295076015001,447,143.08,656.48,855,18.54,34.75,259,223.5,NA,NA,NA,NA,NA,NA
1995-04-01,18.64666666667,18.67,17.4,1.62,2.71,1.4612,3.8449,3.1918,1.3688,1.361928,1.394592,1.35,619,981,625,249,610,181,93.4,109.3,103.29,281.5,148.81,0.38581,0.55642,1.923310488,1.132733756,14.412700000000005,0.7008,0.5023,0.302,2501.1,300.91,730.81622126847,2.5079,1.84,31.5,147.5,205,112.5,1849,28.38,2903.5,608.5,5872.1,7397.83,1061.4,391.03,448.29,5.4777,204.5,37.1,350.64000000000004,639.70284770945,2.6323999999999996,3.4499999999999997,34.892884000529996,447,140.68,665.11,823,19.87,35,260,226.25,NA,NA,NA,NA,NA,NA
1995-05-01,18.42333333333,18.38,17.25,1.64,2.71,1.4453,3.7701,3.1063,1.4943,1.308731,1.872288,1.302,616,973,611,250,595,181,100.79,111.97,108.06,291,158.73,0.393,0.5619,1.752011514,1.153677646,14.8812,0.7066,0.5093,0.2981,2518.93,285.43,750.76812042568,2.5335,1.7225,31.5,147.5,159,112.5,1762.69,28.38,2773.31,596.5,5926.5,7232.19,1036.2,385.22,437.35,5.5598,197.8,38.77,340.95,635.2459016393401,2.5337,3.53,35.18995098713001,436,143.28,635.41,822,19.64,35,268,238.6,NA,NA,NA,NA,NA,NA
1995-06-01,17.36333333333,17.35,16.24,1.62,2.73,1.4372,3.4059,2.84,1.4919,1.204146,1.979186,1.2925,668,965,631,252,611,180,105.77,119.86,112.83,326,170.12,0.3689,0.65487,1.660519784,1.192919882,14.8812,0.7024,0.5187,0.3091,2587.47,274.22,759.11308092203,1.9996,1.5417,31.5,147.5,90,112.5,1780.05,28.38,2994.64,611.8,6670.7,7871.57,1009.6,387.56,438.53,5.3637,185.625,40.77,345.78,625.4576519404399,2.5332,3.56,35.06248779812,467,153.48,627,841,18.5,34.89,303,275.75,NA,NA,NA,NA,NA,NA
1995-07-01,16.08333333333,15.86,14.97,1.44,2.8,1.364,3.2112,2.6403,1.5698,1.222782,2.204687,1.282,693,969,655,261,626,193,112.97,126.99,119.1,345.6,190.7,0.53541,0.6867,1.633182496,1.24340568,14.551,0.7048,0.5402,0.2996,2642.87,259.57,752.31998638686,1.9258,1.334,33.5,147.5,90,112.5,1860.1,28.38,3075.67,621.9,6668.9,8596.57,1026.8,386.23,433.63,5.1648,180.8,41.05,351.78999999999996,615.6361228375099,2.5401,3.48,33.155259203010004,502,173.36,584.72,876,17.42,36.15,327,296,NA,NA,NA,NA,NA,NA
1995-08-01,16.46666666667,16.07,15.37,1.56,2.8,1.4129,3.3777,2.87,1.5048,1.398069,1.876227,1.24,686,980,616,257,616,190,104.87,126.44,118.7,339.5,184.45,0.52,0.60839,1.6865343,1.311087514,13.448,0.6937,0.5168,0.2862,2691.66,235.66,741.71674429781,1.8753,1.2979,33.5,147.5,90,112.5,1888.32,28.38,3036.84,623.6,6992.3,8944.66,1014.4,383.67,425.34,5.3982,185.25,40.879999999999995,341.96,583.3366858430197,2.5191999999999997,3.46,34.59891407807001,493,168.47,560.5599999999998,885,17.959999999999997,35.7,318,286,NA,NA,NA,NA,NA,NA
1995-09-01,16.82,16.78,15.65,1.64,2.78,1.3971,2.9643,2.5364,1.5497,1.566794,1.777377,1.305,677,981,586,266,614,206,104.82,130.48,127.26,359.75,193.64,0.52,0.53755,1.76479831,1.336661106,12.2136,0.6883,0.5117,0.2577,2689.09,221.73,728.69897473167,2.0102,1.3471,33.5,147.5,90,112.5,1760.83,28.38,2915.52,592.7,6328.1,8405.21,986.2,383.06,429.65,5.4295,192,40.93,337.09,565.65656565657,2.5597999999999996,3.46,35.47530446817,505,185.61,527.4299999999998,970,18.03,35.93,332,284.75,NA,NA,NA,NA,NA,NA
1995-10-01,16.12333333333,16.12,14.92,1.77,2.75,1.3946,2.8058,2.4859,1.5573,1.616761,1.787275,1.268,718,990,615,271,638,214,112.7,140.86,137.07,382.6,203.73,0.43321,0.54621,1.822338892,1.294552864,12.2356,0.6978,0.5062,0.2604,2689.44,233.86,723.49069347964,2.0093,1.4101,33.5,150,90,112.5,1674.32,28.38,2813.55,639.1,6220.7,8061.73,979.1,383.14,412.66,5.3741,204.8,40.97,344.06,546.4480874316902,2.6714,3.4499999999999997,36.90454884217001,522,194.04,526.5499999999998,1055,17.329999999999995,35.75,351,294.3999999999999,NA,NA,NA,NA,NA,NA
1995-11-01,16.74333333333,16.88,15.56,2.04,2.75,1.435,2.7613,2.4412,1.6267,1.802234,1.842744,1.235,750,995,607,282,623,225,125.76,143.95,141.8,340.5,203.93,0.44092,0.56424,1.937640518,1.31505583,12.4285,0.6953,0.4982,0.2641,2744.74,230.96,716.07334023151,1.9663,1.6133,33.5,160.7,90,112.5,1654.07,28.38,2977.36,713.6,6386.9,8505.91,1030.7,385.31,413.12,5.3151,224.875,39.59,337.67,521.84590197483,2.6546,3.4099999999999997,40.1561597815,602,198.27,539.65,1016,17.79,36.07,322,298.25,NA,NA,NA,NA,NA,NA
1995-12-01,17.86666666667,17.96,16.81,2.71,2.73,1.3779,2.3422,2.0479,1.4802,1.479748,1.690861,1.27,718,988,590,296,579,250,125,148.65,153,341.5,208.92,0.40785,0.44323,1.909862306,1.291245934,12.208099999999998,0.6845,0.5004,0.2714,2800.9,241.78,715.84779644152,1.9373,1.636,33.5,162.5,90,112.5,1656.74,28.38,2926.26,731.6,6289.5,8090.89,1018.1,387.44,408.71,5.1769,229.16666666667,39.349999999999994,302.2,523.8133612700501,2.6156999999999995,3.3699999999999997,48.1700404625,647,205.33,540.2,1013,18.829999999999995,35.01,312,277.75,NA,NA,NA,NA,NA,NA
1996-01-01,17.8,17.94,16.57,2.93,2.75,1.349,2.4394,1.9839,1.5205,1.715647,1.475975,1.37,711,959,535,305,554,260,124.93,156.13,154.3,369.2,206.88,0.41337,0.41753,1.8629039,1.28860039,11.978400000000002,0.6865,0.4938,0.2762,2869.95,234.29,719.34948924819,1.9003,1.5498,33.5,162.5,90,112.5,1589.34,30,2616.41,709.5,6271.6,7862.05,1019.1,399.45,415.48,5.4605,226.3,39.370000000000005,279.69,519.41825155826,2.6083,3.4299999999999997,50.977311609839994,649,196.98,529.12,986,18.89,34.75,331,271.6,686,NA,NA,NA,NA,NA
1996-02-01,17.69666666667,17.97,16.05,4.4,2.77,1.3702,2.7357,2.1361,1.5156,1.783177,1.423616,1.34,738,925,518,299,548,253,123.31,164.81,159.81,368,218.89,0.59084,0.43447,1.812418102,1.252885546,12.0979,0.6892,0.4975,0.2824,2890.78,246.43,713.65616759501,1.8749,1.5578,33.5,169.1,90,112.5,1591.55,30,2537.71,769.7,6195.5,8215.55,1035.8,404.76,420.21,5.6567,225.875,39.28,272.7799999999999,505.89215569575,2.6313,3.48,68.95702403339,641,203.96,548.59,980,19.07,34.25,320,256.25,716,NA,NA,NA,NA,NA
1996-03-01,19.4,19.99,17.05,2.95,2.67,1.3393,2.6641,2.0049,1.5666,1.921497,1.411517,1.3667,723,911,519,295,538,246,124.47,184.86,165.84,359.5,215.32,0.5,0.47439,1.720044524,1.215186544,12.015000000000002,0.685,0.4976,0.2846,2965.09,253.01,728.66736912034,1.8345,1.4764,33.5,173.5,90,112.5,1612.48,30,2561.02,817.9,6196.4,8021.74,1063.9,396.21,411.19,5.5241,221,39.01,271.78999999999996,504.04222094839,2.6388,3.47,50.866961041699994,616,205.51,529.22,988,21.16,32.92,313,259.5,715,NA,NA,NA,NA,NA
1996-04-01,20.66,21.01,17.77,2.23,3.1,1.4564,2.7227,1.9989,1.6972,1.931025,1.745645,1.415,756,895,562,316,582,270,132.69,190.37,188.66,327.2,257.61,0.60517,0.52879,1.71519436,1.235028124,12.897,0.6797,0.498,0.2641,2981.05,252.48,751.36769792347,1.825,1.4573,33.5,173.5,160.4,112.5,1587.23,30,2595.78,815,6480.9,8042.85,1045.4,392.85,404.39,5.4209,210.75,39.33,270.27,489.6200548374501,3.0921999999999996,3.56,44.22891509624001,583,247.52,521.11,1015,23.2,33.67,281,244.8,755,NA,NA,NA,NA,NA
1996-05-01,19.06333333333,19.12,16.99,2.24,2.81,1.5241,2.8499,2.0106,1.7267,1.839466,1.915514,1.425,778,897,552,322,591,271,137.79,204.02,185.76,332.25,262.11,0.53572,0.52009,1.701525716,1.329826784,13.9332,0.6797,0.498,0.2511,2987.62,261.65,753.09737591143,1.8288,1.4844,33.5,173.5,169.5,112.5,1589.26,30,2658.26,840.2,6412.4,8026.55,1035.8,391.93,401.42,5.3652,186.125,38.2,279.31,481.56566629426,3.3439,3.6,42.99879659653001,564,213.43,535.48,1015,21.08,33.28,279,244.5,775,NA,NA,NA,NA,NA
1996-06-01,18.51333333333,18.27,17,2.49,2.81,1.5375,2.7659,1.8984,1.6628,1.741527,1.849412,1.3975,816,904,508,308,563,266,138.14,197.55,174.88000000000002,341.5,227.34,0.48458,0.55905,1.654126386,1.425066368,14.1464,0.6808,0.4958,0.2683,2996.06,255.85,747.90020714315,1.8292,1.4711,33.5,174.63,172.125,112.5,1482.48,30,2173.4,796.5,6191.9,7709.48,1008.5,385.27,392.25,5.1615,182.125,38.2,280.1,502.2407664966799,3.5338,3.6,46.03463983995,563,180.6,523.62,950,20.27,32.4,285,240.25,762,NA,NA,NA,NA,NA
1996-07-01,19.58666666667,19.61,17.79,2.48,2.78,1.495,2.7,1.7077,1.7901,1.855392,2.14085,1.374,775,902,476,312,549,265,133.09,197.8,163.64,358,202.6,0.42505,0.52745,1.684109218,1.460781212,13.558400000000002,0.6969,0.4806,0.2824,3050.38,259.69,743.96678033918,1.758,1.3514,32.9,175.63,184.5,112.5,1458.7,30,1985.57,783.7,6250.2,7203.65,1000.1,383.47,393.66,5.0653,188,38.4,284.68,520.28114815251,3.545,3.61,45.777361879409995,547,181.08,521.39,993,21.36,32.1,293,229.2,734,NA,NA,NA,NA,NA
1996-08-01,20.44,20.58,18.77,2.03,2.79,1.5009,2.7827,1.7465,1.7371,1.954701,1.821449,1.435,742,885,513,317,565,270,115.01,185.5,152.47,335.5,191.63,0.40565,0.52725,1.755318444,1.47048154,13.1175,0.6766,0.4927,0.2727,3140.87,263.48,743.42955556098,1.683,1.3034,32.5,178.6,187,112.5,1463.36,30,2008.57,815.7,6110.2,7054.36,1006.9,387.35,400.03,5.1354,189.875,38.349999999999994,286.56,513.8339920948599,3.5133,3.68,40.40780835138999,539,174.99,538.2700000000001,970,21.97,32.03,276,213,725,NA,NA,NA,NA,NA
1996-09-01,22.25666666667,22.59,20.26,1.84,2.79,1.476,2.6169,1.6389,1.7435,2.104617,1.678654,1.4472,721,879,545,319,569,286,103.4,145.39,130.35000000000002,328.4,178.71,0.39639,0.52842,1.745397654,1.47048154,13.0899,0.6808,0.4932,0.2628,3149.7,258.69,755.30517965913,1.6612,1.3049,32.5,181.5,181.4,112.5,1407.38,30,1941.45,796.4,6101.9,7318.05,1000.3,383.14,389.86,5.0388,186.7,38.1,282.74,506.9906206735201,3.4717999999999996,3.68,38.10056748639,566,169.70999999999998,537.61,929,23.92,33.379999999999995,274,214.4,707,NA,NA,NA,NA,NA
1996-10-01,23.61,24.18,21.71,2.37,2.94,1.477,2.7381,1.6076,1.7266,2.141606,1.546468,1.491875,722,874,532,290,528,270,102.41,127.85,113.32,312.75,178,0.37545,0.4737,1.793899294,1.447994416,13.1175,0.6923,0.493,0.2452,3157.84,252.67,758.92666564174,1.6616,1.2412,32.5,182.5,172.25,112.5,1336.34,30,1961.17,741.9,5941.9,7031.39,1003.1,381.07,384.18,4.9276,183.75,37.6,300,503.22255985445,3.5925999999999996,3.79,45.32417537068,581,158.44,525.09,917,24.94,34.25,260,208,693,NA,NA,NA,NA,NA
1996-11-01,22.39,22.64,20.87,3.03,2.96,1.4676,2.7353,1.5476,1.6061,1.856011,1.462395,1.5,760,868,550,286,517,274,99.99,117.74,105.55,315,176.41,0.42659,0.47499,1.767223392,1.451301346,13.6466,0.7046,0.4877,0.2363,3213.38,253.21,753.66427692286,1.677,1.2703,32.5,182.5,172.625,112.5,1449.52,30,2230.86,716.6,5991.7,6943.38,1046.5,377.85,381.98,4.8332,188.25,35.7,303.54,558.1231395895401,3.772,4.03,53.59647956246,600,158.20999999999998,526.22,904,23.66,34.14,258,205.75,721,NA,NA,NA,NA,NA
1996-12-01,23.62333333333,23.9,21.65,3.82,2.96,1.4738,2.5798,1.3902,1.6338,1.824765,1.563411,1.513125,777,868,561,289,514,279,100.76,117.69,105.77,319.2,175.7,0.4762,0.43388,1.787285434,1.437191778,13.834,0.6455,0.4871,0.2368,3261.76,233.76,726.85184544222,1.7465,1.2571,32.5,182.5,174.5,112.5,1500.29,30,2268.08,688.8,5836.3,6580.75,1036.3,369,370.7,4.8264,188.5,35.349999999999994,300.38,543.6545027945799,3.7919,4.08,63.22361891611002,583,158.6,518.62,897,25.32,35.04,263,205.2,747,NA,NA,NA,NA,NA
1997-01-01,23.22666666667,23.47,21.28,3.31,2.89,1.4279,2.9291,1.4813,1.6523,1.765621,1.618793,1.5725,768,874,567,301,534,280,98.97,118.36,105.65,356,175.73,0.6669,0.4246,1.765239234,1.41536604,13.889100000000004,0.6896,0.4824,0.2357,3333.84,240.56,743.81747336712,1.761,1.2313,32.5,181.9,173.5,112.5,1575.61,30.15,2434.93,692.3,5877.7,7071.55,1086.5,355.11,360.1,4.7747,188,35.23000000000001,286.14000000000004,516.9008104266301,3.793,4.13,56.73159533672001,576,154.01,499.9299999999999,893,24.93,34.57,291,217.5,754,0.9359,NA,NA,NA,NA
1997-02-01,20.42,20.83,18.6,2.22,2.89,1.3726,3.7119,1.6623000000000001,1.6758,1.817979,1.59689,1.6125,768,886,580,308,527,282,97.73,121.67,111.22,347,172.35,0.7854,0.40673,1.83865308,1.378769348,13.889100000000004,0.6541,0.4824,0.2383,3353.29,235.18,753.2836832559,1.7731,1.2207,32.5,181,160.375,112.5,1580.01,30.15,2405.85,660.2,5883.2,7734.53,1179.4,346.58,365.01,5.0722,187.375,34.6,282.95,530.52274174153,3.6739,4.22,43.55629326342999,558,143.58,487.78,870,21.83,33.80000000000001,283,225.75,757,0.97305,NA,NA,NA,NA
1997-03-01,19.33,19.21,18.09,1.89,2.83,1.5236,4.2924,1.7688,1.7381,1.784457,1.63743,1.7925,737,896,559,332,541,300,99.75,127.6,119.66,323.4,176.61,0.76473,0.41962,2.04037581,1.362896084,13.9994,0.6457,0.4808,0.2449,3402.27,242.04,756.64171913516,1.7772,1.2267,32.5,181,148,112.5,1631.57,30.15,2421.29,694.6,5909.2,7895.87,1254.8,351.81,378.9,5.1962,187.4,34.5,279.74,542.0054200541999,3.4992999999999994,4.25,39.28406666139999,554,153.8,497.39,908,20.69,33.4,273,231.6,730,1.10937,NA,NA,NA,NA
1997-04-01,17.88,17.47,16.77,2.031,2.77,1.571,4.5633,1.7062,1.8831,1.917767,1.749072,1.9825,710,938,562,338,541,301,97.87,124.4,118,304.5,183.49,0.58974,0.45119,1.997606182,1.35143206,14.412700000000005,0.6336,0.4791,0.2491,3451.87,240.16,749.83030892449,1.7392,1.1506,32.5,177.63,135,112.5,1561.44,30.15,2391.18,642.5,5713.3,7315.52,1240.4,344.47,371.08,4.7726,188.5,35.4,277.6600000000001,555.31453362256,3.3109999999999995,4.07,40.58909497128999,547,158.62,486.03,920,19.4,32.99,262,217.25,705,1.02335,NA,NA,NA,NA
1997-05-01,19.36743333333,19.1425,18.455,2.24,2.74,1.5692,5.8923,2.0635,2.0609,1.982243,2.210377,1.99,654,981,553,298,541,300,100.07,118.77,114.2,324.5,172.59,0.38581,0.47014,1.897516434,1.342393118,14.638699999999998,0.6349,0.4784,0.2447,3557.14,252.18,747.55718951969,1.7493,1.1067,32.5,170,113.125,112.5,1625.25,30.15,2514.33,618.6,5711.2,7482.85,1310.5,343.84,387.5,4.7496,188.5,35.73000000000001,278.6,600.7208650380501,3.3390999999999997,4.03,42.95734098753,548,152.65,512.65,953,20.504799999999996,32.53,267,215.5,668,0.97484,NA,NA,NA,NA
1997-06-01,17.92,17.55,17.34,2.2,2.76,1.6883,4.8947,1.9564,2.0824,2.019573,2.295695,1.932,637,1047,533,278,550,274,94.94,112.05,104.28,323.2,148.39,0.46779,0.43975,1.756420754,1.342393118,14.8812,0.6393,0.4769,0.252,3604.59,264.32,744.94231422445,1.7765,1.112,32.5,170,108.5,112.5,1567.55,30.15,2612.62,614.9,5566.1,7062.48,1354.2,340.76,430.76,4.7569,187,34.5,283.07,591.8682449819898,3.3343999999999996,4.03,42.566685516380005,558,131.59,525.38,969,18.87,32.28,266,220.6,635,0.7987199999999999,NA,NA,NA,NA
1997-07-01,18.33,18.4,17.29,2.19,2.67,1.6775,4.1978,1.756,2.1856,1.953914,2.595415,2.0075,597,1096,498,306,535,248,91.66,106.06,96.21,320,136.21,0.43817,0.5155,1.80227685,1.35143206,14.918,0.6329,0.4859,0.2474,3582.17,254.34,705.70634147719,1.7936,0.9387,32.5,168.2,112.5,112.5,1591.99,30.15,2450.46,634.3,5442.7,6835.5,1518,324.1,415.52,4.3724,186.875,35,283.77,570.85181017936,3.353,3.89,41.92254509911,581,127.78,512.3399999999999,987,19.3,31.27,267,215.75,594,0.9153,NA,NA,NA,NA
1997-08-01,18.7,18.71,17.77,2.47,2.67,1.653,4.2064,1.6413,2.2448,2.09584,2.431108,2.2075,567,1093,504,265,544,258,91.3,112.92,104.06,285,150.61,0.41888,0.57151,1.83865308,1.382517202,15.4544,0.599,0.4907,0.2579,3576.49,244.23,649.00887436919,1.7895,0.9158,32.5,163.5,102.5,112.5,1710.58,30.15,2251.2,608.1,5428.4,6761.3,1653.5,324.01,424.55,4.4964,186.625,36.93,285.7099999999999,556.00322320709,3.216699999999999,3.69,45.18719071393,621,140.91,500.42,924,19.62,31.03,246,209.25,556,0.92199,NA,NA,NA,NA
1997-09-01,18.66174603175,18.45,17.95,2.84,2.7,1.7655,4.1859,1.6568,2.2113,2.177891,2.374009,2.082,615,1083,525,269,555,266,92.51,112.24,106.79,270.6,151.74,0.4485,0.54713,1.788828668,1.39001291,15.5756,0.5828,0.4914,0.2498,3635.2,232.74,595.33682165191,1.7558,0.8686,32.5,163.5,88.3,112.5,1610.6,30.15,2107.3,634.3,5496.3,6503.84,1640.9,322.82,424.73,4.7319,186.6,37.15,283.77,581.88831069511,3.2115,3.69,49.822857885880005,637,143.22,479.11,964,19.58523809524,29.88,239,202.8,603,1.0794199999999998,NA,NA,NA,NA
1997-10-01,20.04,19.85,19.06,3.04,2.63,1.741,3.6963,1.6429,2.2801,2.238921,2.376516,2.225,627,1083,547,278,611,260,102.71,120.36,112.83,265.75,151.59,0.3803,0.49347,1.764577848,1.314614906,15.256,0.5944,0.4905,0.2509,3621.51,227.39,533.2637104233,1.7141,0.873,32.5,164.3,87.5,112.5,1607.86,30.15,2052.26,600.3,5561.3,6380.33,1280.1,324.87,423.12,5.0348,186,37.15,295.97999999999996,585.4602226445799,3.2725,3.62,51.8713298271,658,143.65,454.33,1054.04,21.21,29,233,192.25,619,1.0515399999999997,NA,NA,NA,NA
1997-11-01,19.08666666667,19,18.38,3.02,2.66,1.6964,3.5333,1.6764,2.3323,2.225626,2.388797,2.3825,616,1090,556,288,676,276,102.27,117.22,112.33,252.5,149.88,0.43403,0.41498,1.834684764,1.268979272,15.1385,0.6149,0.4828,0.2648,3628.68,214.79,519.40097693091,1.7026,0.8406,32.5,169.38,90.625,112.5,1598.99,30.15,1917.45,563.4,5658,6139.5,1173,306.04,392.29,5.0779,185.5,33.6,293.52,576.7707723563203,3.386099999999999,3.68,51.81173118466,716,138.23,439.04,1199,19.88,27.69,221,180.66666666667,611,0.97497,NA,NA,NA,NA
1997-12-01,17.09,17,16.18,2.33,2.65,1.7388,3.9119,1.821,2.3746,2.261597,2.465579,2.396667,586,1058,566,284,622,264,97.08,113.45,110.23,269.67,144.62,0.42439,0.35294,1.85298311,1.234146276,15.1016,0.6056,0.4824,0.2723,3631.5,211.1,475.52447552448,1.6391,0.7255,32.5,172.5,90,112.5,1530.51,30.15,1762.33,526.6,5513.8,5945.36,1102.2,288.74,365.42,5.8368,185.5,31.4,286.14000000000004,554.6032066148999,3.3302999999999994,3.6,43.33106458180999,721,135.73999999999998,425.1,1220,18.09,27.75,237,195.66666666667,590,0.8577700000000001,NA,NA,NA,NA
1998-01-01,15,15.09,13.4,2.1,2.65,1.6707,3.9198,1.8389,2.4775,2.377544,2.504986,2.55,558,1055,621,273,625,231,95.77,114.71,111.44,288,137.1,0.45815,0.36163,1.815063646,1.2235641,15.322100000000002,0.5957,0.4817,0.254,3583.29,197.1,413.3640600618,1.5904,0.6762,32.5,172.5,86.25,112.5,1485.79,31,1688.45,531.6,5206.3,5491.75,1097.2,289.1,373.86,5.8871,184,31.4,287.6600000000001,534.22315734105,3.2326999999999995,3.54,40.49743915252,703,130.20999999999998,409.42,1146,16.510000000000005,27.5,247,184.75,590,1.01642,NA,NA,NA,NA
1998-02-01,14.1,14.06,12.43,2.22,2.63,1.6432,3.9282,1.8378,2.5139,2.363436,2.37065,2.8075,559,1029,659,273,634,214,91.49,113.38,111.73,297.25,140.05,0.43748,0.3947,1.794119756,1.230398422,15.395600000000002,0.5973,0.4804,0.2363,3497.56,202.54,504.14914748379,1.5176,0.8224,32.5,172.5,77.5,112.5,1465.56,31,1664.8,516.4,5242.5,5386.88,1044,297.49,386.08,6.8069,183.5,33.44,287.8,526.2638555405701,3.1037,3.4299999999999997,41.785040111780006,699,127.32,412.69,1079,15.81,26.76,246,186.75,620,0.9684199999999996,NA,NA,NA,NA
1998-03-01,13.12333333333,13.08,11.53,2.23,2.61,1.7211,3.4756,1.812,2.2342,2.338199,2.079531,2.285,578,949,671,265,652,184,93.04,114.21,110.47,296,138.92,0.4547,0.40836,1.791033288,1.254869704,15.46,0.6052,0.4793,0.2169,3451.77,190.94,506.12837102584,1.5086,0.7449,32.5,172.5,84.5,112.5,1437.7,31,1747.98,559.8,5476.8,5395.8,1047.6,295.94,398.99,6.2429,183.5,31.88,287.63,530.8635925581101,3.039499999999999,3.44,41.818169334610005,682,129.85000000000002,388.53,992.5,14.76,26.74,245,193.2,605,1.02965,NA,NA,NA,NA
1998-04-01,13.5,13.39,11.79,2.42,2.54,1.7202,3.3146,1.9615,2.199,2.200361,2.443367,1.953333,618,928,688,259,662,165,91.85,107.12,103.9,311.5,130.15,0.77437,0.44383,1.794119756,1.270302044,15.7906,0.6091,0.4881,0.2134,3493.49,166.49,505.97917464677,1.4484,0.7723,32.5,173.7,100,112.5,1418.16,31,1800.9,572.7,5714.8,5393.88,1097,308.29,413.75,6.341,185,31.18,287.67,534.2407206496401,2.9661999999999997,3.19,43.62325861007001,684,118.33,372.14,940,15.32,27.35,259,196.75,643,1.03885,NA,NA,NA,NA
1998-05-01,14.02666666667,14.39,12.79,2.14,2.51,1.7814,3.0362,2.0005,2.0272,2.214567,2.309527,1.5575,723,900,705,247,671,162,93.01,106.1,100.81,318.25,128.92,0.65794,0.44875,1.778246492,1.302489496,15.917400000000002,0.5911,0.4919,0.2035,3391.41,146.68,472.68616002405,1.4189,0.7824,32.5,176.34,95,112.5,1364.72,31,1732.53,543.5,5874.7,5020,1061.1,299.1,388.9,5.575,186.5,30.28,285.85,520.84208404039,2.6283,3,39.951771128839994,685,112.29,362.69,930,14.9,27.630000000000003,258.75,197,776,1.10259,NA,NA,NA,NA
1998-06-01,12.479,12.058,11.673,2.17,2.5,1.7234,2.7542,1.8239,1.911,2.043,2.132187,1.558,652,891,633,242,629,159,91.57,104.23,96.51,325.5,120.64,0.65794,0.45759,1.701305254,1.378769348,15.278,0.5874,0.4945,0.1786,3329.61,137.41,451.42137368224,1.5199,0.703,32.5,177.5,88.4,112.5,1307.24,31,1660.52,528.3,5970,4475.7,1009.8,292.32,355.43,5.263,189.2,30,274.48999999999995,515.7125983597,2.5737,3,40.26853259415002,675,107.18,348.59,989,13.706,27.33,268.33,205.5,700,1.1036199999999998,NA,NA,NA,NA
1998-07-01,12.69966666667,12.01,11.977,2.17,2.4,1.7167,2.5926,1.6984,1.9812,1.9787,2.282383,1.6825,667,874,661,238,612,157,85.2,100.51,95.44,324.25,118.9,0.45608,0.54293,1.671763346,1.484591108,14.2639,0.5835,0.4998,0.1901,3283.3,134.96,437.53623346933,1.5401,0.7028,32.5,177.5,86,112.5,1309.21,31,1651.04,546.2,5653.7,4325.43,1040.3,292.87,378.43,5.4552,190.5,30,273.82,510.2972170132299,2.4251,2.84,39.68473630094,660,96.78,348.53,1034,14.112,26.55,266.25,211,694,1.02236,NA,NA,NA,NA
1998-08-01,12.48796666667,11.8805,12.181,1.85,2.37,1.6825,2.7163,1.748,1.9523,2.0287,2.12637,1.702,667,862,674,219,592,145,73.2,87.86,91,321.4,107.95,0.35308,0.5068,1.657212854,1.56197327,13.778899999999998,0.5783,0.4898,0.1882,3237.58,136.94,455.57320103554,1.5031,0.6535,32.5,175,85.5,112.5,1310.9,31,1620.93,536.7,5691.5,4080.63,1029.8,284.11,369.18,5.1792,190.5,26.2,275.22,512.91032826261,2.4514999999999993,2.79,35.62236307322,670,92.85,335.25,1087.5,13.402400000000002,26.3,274.8,228.8,692,0.9667599999999998,NA,NA,NA,NA
1998-09-01,13.80333333333,13.36,13.07,2.01,2.33,1.6859,2.4659,1.7593,1.8964,1.9104,2.0263,1.7525,652,852,703,216,615,145,73.11999999999999,86.31,85.04,321.25,107.93,0.35446,0.49906,1.636489426,1.566602972,13.1175,0.5959,0.4835,0.1594,3209.48,150.19,503.4965034965,1.4636,0.6828,32.5,172.5,83.625,112.5,1342.27,31,1647.64,520.2,5485.7,4102.16,1000,288.98,361.15,4.9992,190.5,27.09,289.13,534.45012966987,2.6555999999999997,2.74,37.34126914897,681,96.34,349.2,965,14.98,26.43,280,237,697,1.07839,NA,NA,NA,NA
1998-10-01,13.26333333333,12.56,12.81,1.89,2.17,1.6475,2.4189,1.7703,1.8593,1.8387,2.0017,1.7375,695,850,694,223,614,151,74.74,95.53,87.7,298.75,126.54,0.3329,0.433,1.637150812,1.52449473,12.412000000000004,0.6078,0.4775,0.1645,3269.39,162.95,510.48951048951,1.355,0.7288,32.5,171.55,75.625,112.5,1304.06,31,1586.39,492.8,5432.1,3871.93,940.5,295.93,342.6,5.0092,189.625,27.1,300.27,555.0500454959098,2.7534,2.76,35.13697869156,662,107.64,379.23,955,14.42,26.08,271,251.75,714,0.90868,NA,NA,NA,NA
1998-11-01,11.88,10.92,11.76,2.103,2.15,1.5999,2.5655,1.7672,1.7975,1.8761,1.9284,1.588,752,862,681,234,614,163,79.26,98.12,92.21,270,130.21,0.56011,0.42824,1.659858398,1.47930002,12.015000000000002,0.6076,0.4813,0.1777,3183.02,159.45,513.98601398601,1.2364,0.7187,32.5,167.5,70.7,112.5,1294.96,31,1573.95,494.2,5478.3,4131.91,967.1,294.12,347.18,4.9733,186.7,26.1,292.65,523.2166294207399,2.6328999999999994,2.78,37.64198756893999,601,115.28,389.78,890,12.96,26.7,250.67,231,746,0.9608,NA,NA,NA,NA
1998-12-01,10.41,9.8,10.12,1.74,2.13,1.5241,2.588,1.8532,1.7032,1.726,1.7703,1.6133,774,861,663,230,591,168,78.39,95.76,90.2,277.75,126.21,0.37685,0.38392,1.656992392,1.43079838,12.125,0.6109,0.4892,0.1781,3103.56,163.46,534.96503496504,1.2346,0.6711,32.5,167.5,65.5,112.5,1249.06,31,1473.57,501.3,5257.6,3878.21,959.2,291.68,351.79,4.8775,182.83333333333,26.1,294.64000000000004,517.84789557329,2.541,2.72,33.09821408636,541,104.11,416.59,857,11.31,26.7,251.5,232.75,763,0.8629500000000001,NA,NA,NA,NA
1999-01-01,11.44333333333,11.06,10.78,1.86,2.02,1.4558,2.4903,1.8142,1.7612,1.7988,1.7348,1.75,763,952.71,632,221,541.63,166.24,77.71,97.44,91.13,299.75,125.29,0.4886,0.41737,1.706155418,1.387367366,12.12541,0.6036,0.4941,0.1788,3111.44,176.22,538.46153846154,1.2297,0.7147,32.5,166.38,64.5,112.5,1218.46,27.59,1431.18,492.3,5109.8,4268.75,932.8,287.08,355.11,5.1393,181.75,26.1,291.19,508.91948358065,2.4959999999999996,2.77,34.06635658479,444.26,103.18,441.77,880,12.49,26.5,258.75,233.5,744,1.10873,0.5979,NA,NA,NA
1999-02-01,10.75333333333,10.2,10.05,1.77,2.01,1.4111,2.3254,1.7467,1.6569,1.5386,1.6621,1.77,745,889.57,561,205,482.36,159.25,75.31,94.19,90.09,280,117.03,0.44678,0.40397,1.792576522,1.35032975,12.015179,0.5955,0.4925,0.1504,3173,177.12,538.46153846154,1.2388,0.687,41.12500000000001,163,64,112.5,1186.85,27.59,1410.78,513.7,5268.5,4626.38,1017.3,287.33,364.07,5.5306,181.625,26.1,281.8399999999999,444.11041268106,2.4591999999999996,2.78,32.93268823415001,426.97,94.96,420.02,857.5,12.01,26.38,239.5,212,709,1.0657799999999995,0.5587000000000001,NA,NA,NA
1999-03-01,13.16666666667,12.47,12.37,1.79,1.95,1.3139,2.3234,1.6186,1.6099,1.4709,1.4709,1.888,700,752.45,497,205,444.36,162.63,75.2,96.18,91.41,256.2,117.34,0.44781,0.43964,1.757523064,1.3007258,12.235641,0.5924,0.4969,0.1329,3058.83,172.52,555.94405594406,1.2483,0.6367,44,163,75.5,112.5,1181.59,27.59,1378.35,507.8,5360.2,5011.3,1030,285.96,369.93,5.1942,181.75,26.1,273.74,431.34197123281,2.4557,2.78,32.89031735025,407.39,100.24,417.44,837.8299999999999,14.66,25.05,220.6,197.2,661,1.104,0.5224,NA,NA,NA
1999-04-01,15.86666666667,15.3,14.96,2.15,1.87,1.1779,2.2511,1.5282,1.7161,1.4741,1.8076,1.8667,827,663.89,509,207,442.68,165.3,79.73,94.13,89.53,235.5,113.87,0.4214,0.44714,1.723571916,1.272286202,12.235641,0.5889,0.4982,0.1195,3006.36,175.18,559.44055944056,1.2729,0.5915,44,163,64.5,112.5,1278.2,27.59,1466,519.3,5393,5102.63,1019,282.62,357.15,5.0603,180.5,26.1,269.25,424.27506078556,2.5417,2.76,36.86806394781,390.98,99.65,434.04,854.5,17.34,25.05,204.5,184,776,0.86121,0.5235999999999998,NA,NA,NA
1999-05-01,16.06333333333,15.14,15.3,2.25,1.89,1.0676,2.4487,1.4978,1.9231,1.458,2.6012,1.71,874,762.17,475,199,421.5,147.29,81.53,92.49,87.19,244.25,113,0.33069,0.44425,1.727981156,1.31395352,12.235641,0.5908,0.4993,0.1263,3041.54,176.52,580.41958041958,1.3206,0.597,44,163,64.9,112.5,1323.46,27.59,1511.16,541.5,5649.2,5399.34,1040.3,276.44,356.01,5.2619,180.5,26.1,251.31,429.65773302852,2.6747,2.88,38.258779983660006,374.92,96.59,425.69,858.42,17.75,25.05,207,184.25,755,0.89471,0.5505,NA,NA,NA
1999-06-01,16.39333333333,15.77,15.52,2.3,1.91,1.1629,2.3636,1.446,1.8042,1.4434,2.2918,1.6775,796,836.25,392,194,405.88,146.09,80.54,93.65,85.98,253.8,111.41,0.2866,0.48444,1.721146834,1.343936352,12.345872,0.5836,0.4989,0.1332,3041.54,183.55,608.39160839161,1.2897,0.6036,44,161.75,63.75,112.5,1315.31,27.59,1422.48,496.1,5265.9,5195,1000.5,261.31,356.78,5.0269,180.5,26.1,245.21,419.23083007704,2.6794,2.9299999999999997,38.99490278459,424.17,92.94,430.1,868.1800000000001,17.89,25.25,223.2,200.2,656,0.7164799999999999,0.554,NA,NA,NA
1999-07-01,18.98666666667,19.01,17.88,2.31,2,1.1132,2.0911,1.3572,1.8939,1.6031,2.4138,1.665,656,859.8,319,183,391.4,144.18,76.86,83.99,76.88,259,103.02,0.35481,0.46027,1.780010188,1.347684206,12.345872,0.5754,0.4982,0.1186,3044.28,186.53,625.87412587413,1.1995,0.5661,44,153.88,62.75,112.5,1403.76,27.59,1640,495.8,5230,5700.11,1072.1,256.08,349.06,5.1797,177,26.1,243.83,424.7420085577699,2.6396999999999995,2.99,39.584843674739986,429.73,85.3,423.55,875.91,20.07,23.78,231,216,571,0.7160599999999999,0.5109,NA,NA,NA
1999-08-01,20.27,20.22,19.34,2.79,2.08,0.9984,2.0144,1.3905,1.8222,1.678,2.1247,1.664,684,849.78,354,199,412.37,160,75.14999999999999,85.65,81.63,244.5,111.3,0.35136,0.49236,1.924853722,1.331810942,12.345872,0.5875,0.4685,0.1263,3007.82,198.44,629.37062937063,1.1237,0.5617,44,151.25,65.7,112.5,1431.32,27.59,1647.62,503.1,5230.2,6448.69,1130.6,256.69,350.06,5.2603,172.4,26.1,250.46,444.3726266462,2.6921999999999997,3.17,45.91592942929999,407.3,92.78,441.76,820,21.25,23.14,220.25,202.75,689,0.7579399999999998,0.5392,NA,NA,NA
1999-09-01,22.7,22.4,21.84,2.54,2.2,1.0606,1.8587,1.3133,2.0083,1.8387,2.2096,1.9775,704,848.78,388,207,413.93,176.55,71.44000000000001,86.47,80.03,229.25,113.19,0.34861,0.47185,1.870179146,1.343054504,11.904948,0.5935,0.4436,0.147,3034.31,202.78,643.35664335664,1.0908,0.5415,44,147.5,67.5,112.5,1492.48,27.59,1750.34,507.3,5342.5,7028.41,1193.8,264.74,370.93,5.2089,164.375,26.1,247.15,456.1751712657699,2.68,3.3499999999999996,43.57251180867001,395.19,102.06,455.51,826.8199999999999,23.86,22.5,202.5,184.5,710,0.7633599999999999,0.5967,NA,NA,NA
1999-10-01,21.95,21.95,21.26,2.72,2.47,1.0215,2.0768,1.2901,2.0558,1.8664,2.306,1.995,690,888.15,381,203,399.53,187.62,72.29,85.8,78.43,217,108.1,0.32725,0.51799,1.852762648,1.293450554,12.12541,0.6061,0.4284,0.1488,2929.71,198.38,643.35664335664,1.0457,0.6473,44,145.13,65.375,112.5,1474.41,27.59,1724.12,497.1,5430.7,7321.19,1148.7,310.72,421.14,5.4123,157,25.6,269.2799999999999,481.4440056141301,2.7218,3.57,47.19094018873001,379.2,98.67,462.38,854.76,22.64,22.5,190.25,169.75,684,0.76549,0.6792999999999999,NA,NA,NA
1999-11-01,24.16333333333,24.59,23.05,2.36,2.51,0.9221,2.4996,1.39,1.9539,1.8396,2.21,1.812,703,924.94,370,198,387.31,183.36,73.14,85.43,79.36999999999999,228,108.8,0.33242,0.34037,1.927058342,1.2897027,12.676565,0.5935,0.3836,0.1435,2961.74,198.59,643.35664335664,1.0188,0.7405,44,138,66,112.5,1472.76,27.59,1727.55,478.3,5842.1,7949.55,1147.2,293.18,434.02,5.1538,148.3,25.1,307.47999999999996,504.58860260494,2.6656,3.73,43.11788386803999,376.36,96.91,466.86,916.36,24.85,23.5,199.2,172,693,0.72505,0.7639,NA,NA,NA
1999-12-01,25.1,25.59,23.63,2.36,2.66,0.9188,2.7439,1.4725,1.8637,1.7823,1.9823,1.8267,703,765.61,354,199,374.67,183.5,72.36,87.18,81,233.75,102.16,0.34964,0.33907,1.939183752,1.2897027,13.558413,0.59,0.3896,0.1318,3083.62,199.49,643.35664335664,0.9744,0.6541,44,138,66.83333333333,112.5,1554.48,27.59,1764.75,479.1,5721.3,8083.38,1183.8,283.07,439.13,5.1573,147.5,25.1,300.54,493.19544410709,2.6139,3.94,43.97325348518999,438.08,92.06,467.47,913.33,26.08,22.58,198.75,155.25,681,0.7264799999999999,0.6958,NA,NA,NA
2000-01-01,25.31,25.38,23.28,2.42,3.36,0.9185,2.4496000000000002,1.1724,1.8548,1.8273,1.8612,1.876,654,676.08,348,208,369.79,195.1,73.13,93.29,89.34,241.4,105.83,0.48226,0.3489,1.949325004,1.283750226,13.999337000000002,0.6001,0.39,0.1241,3038.81,193.08,643.35664335664,1.0457,0.6447,44,138,77.4,112.5,1680.28,28.79,1843.98,472.1,5927.8,8309.5,1178.8,284.32,441,5.1882,147.2,25.1,301.32,509.9281464884499,2.7269,4.1499999999999995,48.17191029508001,444.26,98.56,456.44,875,27.27,22.78,201.6,158.2,628,0.8854599999999999,0.7069,NA,NA,NA
2000-02-01,27.22096666667,27.7048,24.6771,2.65,3.46,0.8569,2.2805,1.0772,1.8122,1.808,1.5236,2.105,591,687.63,332,214,357.94,203.33,73.36,95.15,89.89,241,107.93,0.57871,0.32359,1.961670876,1.270522506,14.109568,0.5851,0.3765,0.1173,2985.46,184.11,643.35664335664,1.1845,0.7369,44,138,90.125,112.5,1670.27,28.79,1800.83,452.4,5642.1,9653.33,1094.9,299.86,519.71,5.2467,144.5,25.1,292.31,494.68587446971,2.6978,4.21,51.480932963330005,426.97,100.06,439.12,880,29.280999999999995,23.62,199,156.66666666666998,580,0.91963,0.7303999999999999,NA,NA,NA
2000-03-01,27.49,27.47,25.08,2.79,3.51,0.9259,2.2207,1.0196,1.7514,1.8245,1.3671,2.0625,552,733.28,349,221,363.49,204.74,74.4,95.05,91.73,225.75,105.7,0.48226,0.29918,1.983717076,1.26214495,14.440260999999998,0.5778,0.4054,0.1127,3030.14,190.87,636.36363636364,1.2632,0.6822,44,138,88.75,112.5,1577.05,28.79,1739.39,441.3,5457.8,10280.11,1116.4,286.39,479.33,5.0649,143,25.1,286.74,499.9632379972099,2.6998,4.46,53.58807732139,407.39,97.19,448.84,880,29.92,24.4,187.5,151.5,556,0.86436,0.6555,NA,NA,NA
2000-04-01,23.47,22.54,22.03,3.03,3.68,0.912,2.0858,0.98,1.7888,1.8111,1.5254,2.03,550,789.81,372,229,366.24,198.65,76.95,95.2,90.58,214.75,105.11,0.47709,0.33749,1.977103216,1.26214495,14.660723,0.5794,0.4279,0.1325,3048.4,194.19,636.36363636364,1.2939,0.7036,44,138,83.25,112.5,1457.14,28.79,1678.75,421.1,5384.4,9727.5,1127.6,279.69,497.55,5.0645,143,25.1,281.41,490.67005325212995,2.7043,4.64,57.43261107734,390.98,95.19,455.05,866.6700000000001,25.84,24.94,179.75,148,557,0.83696,0.6441,NA,NA,NA
2000-05-01,27.18666666667,27.34,25.39,3.58,3.55,0.9216,2.0756,0.9771,1.9767,1.7102,2.2003,2.01,481,793.66,324,229,337.97,202.14,78.26,96.35,95.02,198.6,112.14,0.41509,0.41102,1.986142158,1.273388512,14.881185,0.5547,0.4215,0.1526,2985.18,189.5,629.37062937063,1.3336,0.6877,44,138,91,112.5,1466.79,28.79,1785.62,412.1,5451.2,10130.24,1156.9,275.19,525.89,4.9796,143,25.6,269.19,469.35394809498,2.5645,4.53,63.418925452409994,374.92,104.28,444.04,853.3299999999999,28.83,26.05,168.8,143.6,483,0.7033299999999999,0.6171,NA,NA,NA
2000-06-01,29.62076666667,29.6773,27.3241,4.28,3.6,0.9482,1.9057,0.9409,1.8639,1.5749,1.9693,2.0475,437,783.14,315,211,330.17,198.5,78.48,84.33,79.76,196,113.51,0.39215,0.42649,1.932569892,1.303371344,14.660723,0.5514,0.4203,0.1845,2969.94,194.18,629.37062937063,1.3111,0.6698,44,138,105.125,112.5,1506.31,28.79,1753.18,419.6,5456.8,8410.91,1117.9,285.73,559.73,4.9976,142,25.6,282.14000000000004,506.40237285683,2.5727999999999995,4.74,72.29925891215998,424.17,99.28,450,837.2700000000001,31.8609,27,166.75,139.5,436,0.62181,0.5957,NA,NA,NA
2000-07-01,28.17666666667,28.53,26.0271,3.96,3.96,0.9671,1.9257,0.8999,2.0483,1.6748,2.3602,2.11,400,771.62,312,197,339.3,190,78.67999999999999,75.27,73.72,189,108.98,0.30658,0.40178,1.899941516,1.317480912,14.770954,0.5515,0.4151,0.2125,2934.73,191.07,604.89510489511,1.2873000000000001,0.6483,44,140.25,121.7,112.5,1563.5,28.79,1799.36,452.1,5343.8,8164.41,1136.2,281.59,560.29,4.9692,140.3,25.6,279.3,501.3105690591099,2.5764999999999993,4.859999999999999,70.20610891154999,429.73,91.17,443.83,860,29.972899999999996,27,165.6,142.8,401,0.6354299999999999,0.5790000000000001,NA,NA,NA
2000-08-01,29.2629,29.43,27.0504,4.41,4.01,0.8865,1.6958,0.8433,1.9513,1.7564,1.9974,2.1,371,754.36,306,198,328.92,190.26,75.13,75.58,76.81,186.5,108.36,0.33414,0.39232,1.885831948,1.326519854,14.109568,0.5507,0.4163,0.2302,2970.09,191.08,604.89510489511,1.3424,0.6608,44,142.5,133.375,112.5,1527.63,28.79,1855.86,473.1,5304.8,8006.71,1169.8,274.47,577.61,4.8864,148.625,25.6,278.19,506.45191203429994,2.5808,4.84,75.89477548741,407.3,90.87,443.86,864.55,31.308299999999996,27,164.25,143.75,366,0.6213699999999999,0.6072999999999998,NA,NA,NA
2000-09-01,32.08283333333,32.621,29.7415,5.06,4.03,0.8827,1.6707,0.8561,1.9611,1.8756,1.9003,2.1075,332,760.59,288,209,312.49,206.52,73.21,80.43,82.7,179,117.49,0.42163,0.36471,1.811756716,1.36025054,13.558413,0.5245,0.4314,0.2211,2938.45,193.57,541.95804195804,1.3591,0.6572,44,142.5,113.875,112.5,1601.21,28.79,1960.41,487.1,5474.3,8637.98,1224.4,273.68,591.9,4.8904,157.5,27.15,259.19,471.8573635002999,2.4817,4.9,83.92369701342999,395.19,97.88,459.01,880,33.885999999999996,27,161,143.66666666666998,326,0.57616,0.6049,NA,NA,NA
2000-10-01,31.40016666667,30.9323,30.2223,5.02,4.31,0.8777,1.6901,0.7967,1.8918,1.9144,1.7951,1.966,340,754.58,255,203,314.02,205.32,76.14999999999999,85.03,89.92,187.5,128.18,0.38236,0.37984,1.81991381,1.356502686,13.007257999999998,0.5307,0.476,0.237,2970.72,189.44,538.46153846154,1.3425,0.6634,44,141.25,111.1,112.5,1500.24,28.79,1898.59,486.1,5282.3,7678.07,1095.9,270,579.72,4.8302,155.9,27.15,254.12,462.6251042535499,2.5351999999999997,5.04,84.86392353604998,379.2,104.33,452,871.8199999999999,33.0459,28.18,163.25,136.75,318,0.56007,0.6056,NA,NA,NA
2000-11-01,32.331,32.52409090909,30.10090909091,5.55,4.39,0.8796,1.5772,0.7233,1.8187,1.8724,1.5786,2.005,367,769.61,257,206,316.78,214.64,82.46000000000001,89.17,96.12,185,127.73,0.3679,0.36421,1.96762335,1.3558413,13.007257999999998,0.5213,0.4799,0.2189,2948.7,188.11,517.48251748252,1.4105,0.6337,44,129,99.375,112.5,1473.86,28.79,1795.11,468,5269.5,7339.77,1059,266.01,593.34,4.6814,153.5,27.15,254.56,469.9493499034,2.5920999999999994,5.13,91.74120347129004,376.36,103.21,449.9899999999999,899.52,34.368,26.17,158,127.75,354,0.6104899999999999,0.6014999999999999,NA,NA,NA
2000-12-01,25.20466666667,25.1255,22.086,8.95,4.44,0.8928,1.4586,0.6698,1.7959,1.8705,1.5937,1.9233,329,806.79,265,217,320.57,235.15,86.6,97.56,100.45,184.25,128.09,0.44781,0.30902,1.93014481,1.3558413,13.007257999999998,0.5346975117,0.4708,0.2209,2893.94,180.16,510.48951048951,1.452,0.6179,44,129,96,112.5,1565.41,28.79,1850.55,462.3,5233.7,7314.34,1059.8,271.45,609.5,4.6398,153.5,30.75,266.63,485.4103426586799,2.6893,5.05,133.21217067412996,438.08,104.95,436.7,880,28.402499999999996,34.7,158.25,129.5,317,0.7140299999999999,0.6026,NA,NA,NA
2001-01-01,25.95727272727,25.63636363636,22.68545454545,8.17,4.65,0.996,1.4546,0.7143,1.8451,1.8511,1.8123,1.872,319,815.71,254,210,304.81,223.35,85.75,95.15,101.08,184.4,132.84,0.53462,0.34893,1.925515108,1.356723148,13.778875,0.53021111,0.4731,0.2275,2909.81,171.87,496.5034965035,1.4148,0.6088,44,129,121,112.5,1615.65,30.03,1787.5,478.1,5170.5,6994.77,1033.1,265.49,620.47,4.6571,154.5,32.1,278.89,507.71585074584,2.7774,4.88,124.62349996137002,485.75,110.37,427,907.27,29.55,34.949999999999996,158.2,134.2,304,0.8076500000000001,0.5986,NA,NA,NA
2001-02-01,27.23883333333,27.406,24.742,5.63,4.59,0.8926,1.4813,0.6962,1.7044,1.7851,1.6055,1.7225,285,811.08,240,200,303.78,202.2,82.31,91.97,97.69,184.5,128.11,0.68722,0.40717,1.921987716,1.361793774,13.999337000000002,0.531533882,0.4749,0.2176,2975.29,173.43,500,1.3325,0.6019,44,129,105.25,112.5,1604.36,30.03,1765.65,501.8,5121.8,6524.13,1020.9,261.87,600.92,4.5574,159,32.1,274,492.13290400596,2.8583999999999996,4.8,93.43989473774,460.29,106.74,439.51,983.33,29.568499999999997,34.349999999999994,156.25,134.25,269,0.91783,0.5711,NA,NA,NA
2001-03-01,25.02257575758,24.39545454545,23.43363636364,5.16,4.57,1.1244,1.4661,0.6729,1.5775,1.7584,1.3017,1.6725,289,780.64,254,195,327.63,205.27,83.07,90.25,95.6,175,130.2,0.54082,0.55481,1.981732918,1.3668644,13.889106000000002,0.5283922985,0.4751,0.2044,3032.72,166.15,500,1.2029,0.5743,44,129,98.875,112.5,1509.17,30.03,1738.77,498.4,5046.4,6133.52,1004.7,263.03,584.23,4.404,159.125,32.6,268.4599999999999,481.85472768324007,2.9390999999999994,4.87,87.68485457854999,431.31,103.49,421.06,954.76,27.23863636364,35.5,146.25,125.5,278,1.0052,0.5182,NA,NA,NA
2001-04-01,25.718,25.641,24.0925,5.17,4.48,1.0843,1.4579,0.6281,1.5976,1.6529,1.7048,1.435,293,744.85,251,186,326.01,198.19,84.72,87.99,94.3,163.75,129.67,0.55116,0.62972,1.977103216,1.368187172,14.770954,0.56029976376,0.4741,0.1939,3032.72,162.52,500,1.1274,0.5785,44,129,95.3,112.5,1496.91,30.03,1664.16,477.5,4949.2,6329.87,969.4,260.48,594.86,4.365,151.3,33.5,265.14000000000004,469.10055068326005,3.0045,4.73,87.28358162075,419.9299999999999,101.09,411.86,950,27.420499999999997,35.53,139,120.75,281,0.91424,0.512,NA,NA,NA
2001-05-01,27.54682539683,28.45047619048,25.58,4.21,4.36,1.0774,1.526,0.6512,1.594,1.4877,1.8317,1.4625,295,727.53,234,184,295.17,196.96,89.73,84.09,94.84,164.33,134.86,0.63658,0.73434,2.007747434,1.389792448,15.211877999999995,0.5212383066,0.4707,0.2113,3060.66,165.05,482.51748251748,1.1014,0.6082,44,125.5,85,112.5,1538.77,30.03,1682.21,466.7,4945,7060.83,938,272.36,610.7,4.4333,142,33.80000000000001,259.8,452.98906164648,2.9189999999999996,4.659999999999999,75.00804229302999,407.18,102.55,410.07,949,28.610000000000003,34.75,141.67,123,292,0.75486,0.514,NA,NA,NA
2001-06-01,26.96603174603,27.72428571429,25.61380952381,3.71,4.33,0.9733,1.4088,0.6431,1.6087,1.4448,1.9564,1.425,317,727.53,255,188,286.89,206.88,95.06,83.31,89.54,168,127.23,0.60972,0.83055809617,2.052942144,1.400815548,14.219799,0.51205826892,0.4639,0.1993,3050.33,164.75,475.52447552448,1.0465,0.6203,44,122.5,87.5,112.5,1466.13,30.03,1608.45,444.1,4828.3,6641.19,894.9,270.23,579.72,4.3738,133.125,33.9,253.62,455.20757465404,2.8141999999999996,4.6899999999999995,68.81406145718,415.87,97.42,409.32,930,27.56,34.75,148.5,129.75,312,0.83545,0.514,NA,NA,NA
2001-07-01,24.80367965368,24.53818181818,23.43,3.1,3.75,0.9664,1.2946,0.6047,1.6842,1.4357,2.0809,1.536,358,723.02,330,208,421.36,209.09,101.98,91.73,94.47,169.4,123.79,0.69756,0.96294125249,2.122828598,1.416909274,15.983495,0.5169392976,0.4632,0.1938,3065.2,159.29,465.03496503497,1.0035,0.6048,44,123.75,87.5,112.5,1416.39,30.03,1525.21,461.6,4350.9,5937.05,852.4,267.53,530.84,4.2543,135,34,255.79,459.11875434522995,2.7582,4.659999999999999,58.62897513455002,443.35,107.98,393.1,930,26.44285714286,34.349999999999994,152.4,137.2,352,0.63499,0.504,NA,NA,NA
2001-08-01,25.82115942029,25.69782608696,24.32043478261,2.95,3.79,1.0322,1.3166,0.5692,1.5808,1.518,1.7493,1.475,363,738.07,362,212,427.49,202.57,99.39,93.14,95.13,168.25,121.92,0.68343,0.78457564732,2.209690626,1.445789796,14.219799,0.525360946,0.4694,0.1788,3047.8,158.99,475.52447552448,0.955,0.5856,44,125,88.75,112.5,1377.08,30.03,1464.43,483,3895.7,5520.8,828.1,272.39,451.7,4.2208,135,33.80000000000001,267.62,480.3403554518599,2.7684,4.54,56.91632879341,492.13,105.91,402.94,847.5,27.4452173913,34.15,153,140.75,350,0.6963599999999999,0.5293,NA,NA,NA
2001-09-01,25.20766666667,25.544,23.964,2.15,3.79,1.0243,1.2802,0.5351,1.5274,1.5812,1.6136,1.3875,322,749.57,310,202,385.09,204.25,99.61,90.08,94.63,173,122.03,0.57182,0.57753841367,2.359163862,1.465631376,13.007257999999998,0.53478128726,0.4709,0.1662,3049.57,156.31,489.51048951049,0.9097,0.5797,44,124.38,94.5,112.5,1344.56,30.03,1426.33,464.8,3694.5,5027,798.6,283.42,457.9,4.353,135,32.80000000000001,270.78999999999996,486.03685548040994,2.9903,4.54,47.20163041447,498.98,107.57,411.85,807,26.115,33.06,161,148.33333333333002,316,0.72677,0.4935000000000001,NA,NA,NA
2001-10-01,20.73188405797,20.47826086957,19.54173913043,2.45,3.52,1.0849,1.2434,0.5124,1.4542,1.6074,1.3734,1.382,307,761.6,277,187,373.03,203.7,101.79,86.56,94.96,170.6,123.34,0.48364,0.42363003262,2.271419986,1.44843534,11.904948,0.530652034,0.4664,0.1497,2992.43,149.64,461.53846153846,0.8201,0.5379,44,124.38,96.1,112.5,1282.5,30.03,1377.28,468.1,3750.7,4825.33,761.5,283.06,431.39,4.4012,135.9,32.4,269.26,469.47708537579,3.0077,4.59,49.59494446580999,491.98,115.01,404.02,713.91,22.175652173909995,33.03,158.2,146.2,281.65,0.6866099999999999,0.4821,NA,NA,NA
2001-11-01,18.68818181818,18.94227272727,17.53227272727,2.36,3.46,1.2316,1.2974,0.5221,1.4949,1.6679,1.4142,1.4025,330,759.59,323,189,390.69,207.77,100.97,89.54,94.69,173.5,125.27,0.49604,0.46599531073,2.283104472,1.418232046,11.684486,0.52611272142,0.4702,0.1695,2965.41,142.5,461.53846153846,0.8378,0.5138,44,130,96.5,112.5,1327.46,30.03,1427.73,486.5,4041.8,5078.41,772.9,276.16,429.89,4.1226,140.5,29.4,264.05,453.6160647790799,3.0272,4.38,48.074528796100005,503.9299999999999,116.36,400.63,714.2900000000001,19.59,31.5,159.25,135,318.77,0.65077,0.4670000000000001,NA,NA,NA
2001-12-01,18.51978947368,18.60473684211,17.642,2.41,3.4,1.3374,1.2505,0.5368,1.5089,1.6091,1.49,1.4275,339,771.62,359.5,189,396.87,195.38,102.86,91.88,95.87,179.33,122.44,0.50637,0.42575876385,2.163393606,1.393981226,11.464024,0.52622956628,0.4724,0.1727,2873.44,138.13,468.53146853147,0.9453,0.4877,44,131,101.16666666667,112.5,1344.63,30.03,1471.74,483.3,4018.5,5263.82,754.7,275.85,461.73,4.3695,141.66666666666998,27.35,265.2099999999999,455.61494417017,3.0772,4.27,48.32193475160999,533.19,118.2,386.33,710,19.312631578949997,30.45,163,134.33333333333002,309.19,0.6960899999999999,0.4794000000000001,NA,NA,NA
2002-01-01,19.15481240981,19.485,18.29181818182,2.25,3.06,1.386,1.2842,0.5029,1.4679,1.6557,1.2904,1.4575,362,684.39,373.8,188,389.18,206.39,99.27,91.98,95.42,191.75,125.31,0.42852,0.44370590129,2.207706468,1.387587828,11.794717,0.524038174,0.4674,0.1713,2840.58,133.28,468.53146853147,0.9565,0.5672,44,131,104.125,112.5,1368.59,29.31,1503.96,513.1,3861.9,6043.18,793.2,281.51,472.11,4.5149,146,27.35,262.52,450.3804170761599,3.1182,4.21,44.72199481799,587.5599999999998,121.68,369.35,685.91,19.687619047619997,29.7,173.5,142.5,328.57,0.7544299999999999,0.5388,NA,NA,NA
2002-02-01,19.97523684211,20.2915,18.91105263158,2.31,3.03,1.4906,1.3034,0.5373,1.4547,1.7024,1.1568,1.505,376,617.29,352.98,187,364.92,197.15,99.01,90.82,92.87,195.33,123.28,0.51671,0.45461764374,2.232839136,1.387146904,11.904948,0.520069858,0.4604,0.1437,2785.51,134.58,486.01398601399,0.9436,0.6244,44,138,99.625,112.5,1369.34,29.31,1561.9,480,3730.8,6029.25,771.3,295.5,471.15,4.4232,150.25,28.1,220.53761915829003,443.7079818558001,3.1096,4.119999999999999,45.24700355671,621.9499999999999,113.38,366.9899999999999,651,20.72315789474,28.95,172.33,143.75,356,0.8691300000000001,0.5830999999999998,423.45,578,NA
2002-03-01,23.64066666667,23.6905,22.8545,3.03,2.97,1.5927,1.4213,0.6415,1.4219,1.7,1.0256,1.54,366,598.92,359,191,359.21,189.95,98.95,89.61,91.66,189,122.54,0.57182,0.59033406731,2.348140762,1.382958126,11.904948,0.520069858,0.4456,0.1477,2756.25,143.81,486.01398601399,0.9268,0.6706,44,138,90.25,112.5,1405,29.31,1604.88,480.2,3842.8,6537.5,819.3,294.06,512.05,4.5393,149.75,27.8,221.05557967547,446.64151784760986,3.1037,3.99,53.61691952280001,623.3599999999999,116.62,373.4899999999999,640,24.377,28.35,171.5,151.25,353.24,0.91106,0.6813999999999999,415.85,557,NA
2002-04-01,25.43424242424,25.65409090909,24.40545454545,3.42,2.81,1.5681,1.4425,0.6468,1.4778,1.5977,1.3457,1.49,411,590.24,360.07,195,370.86,185.59,95.82,87.13,88.9,190.2,123.72,0.54427,0.5791641225,2.253783026,1.3778875,11.243562,0.52690418000000006,0.4344,0.1519,2733.82,143.94,503.4965034965,0.9127,0.674,44,132,84.7,112.5,1369.99,29.31,1590.33,472.4,4023.6,6958.21,808.2,302.68,539.2,4.5757,147.8,27.087499999999995,223.56202639986,451.7427182499499,3.1478,3.96,57.57187457750999,642.17,112.99,373.84,631,26.24318181817999,26.83,171.6,148.4,405,0.86348,0.6422,410.77,552,NA
2002-05-01,25.67234519104,25.38727272727,24.5852173913,3.49,2.83,1.6021,1.3536,0.6243,1.4614,1.4779,1.5164,1.39,420,599.56,384.91,197,399.89,187.17,97.55,90.27,89.84,197.5,121.46,0.62556,0.635508649,2.1164352,1.39662677,11.0231,0.5336723634,0.4371,0.134,2766.3,153.43,503.4965034965,0.8785,0.7046,44,136.1,85.5,112.5,1343.3,29.31,1595.68,451.9,4149.8,6761.36,769.5,314.49,533.85,4.6992,143.875,26.875,225.66296809171,472.21759301971,3.1842,4.01,58.55086483791,676.43,110.91,391.35,618.18,27.04454545455,25.75,177,148,418.3,0.8439700000000001,0.6813999999999999,414.82,574,NA
2002-06-01,24.48805750487,24.12789473684,23.82777777778,3.22,2.9,1.6591,1.2912,0.6266,1.5378,1.4256,1.7354,1.4525,446,645.95,426.13,200,456.81,187.35,104.11,94.09,88.74000000000001,202.67,132.03,0.64761,0.63547215497,2.05691046,1.40654756,10.141251999999998,0.54264296218,0.4407,0.1268,2775.45,163.55,524.47552447552,0.9568,0.8412,44,128.88,92.75,112.5,1353.97,29.31,1647.53,440,4286.1,7119.86,767.1,321.18,554.7,4.9044,149.5,24.9,236.96869950570004,496.64046825177,3.2433000000000005,4.06,55.638806906750006,674.16,115.44,404.54,700.56,25.5085,24.38,182.33,149,439,0.6645799999999997,0.8314,451.04,595,NA
2002-07-01,25.75474810214,25.76782608696,24.57260869565,2.98,2.95,1.8711,1.2452,0.6305,1.5775,1.3913,1.8611,1.48,445,704.52,422.22,218,489.63,190.96,114.23,98.69,100.81,199.6,149.31,0.53682,0.65346502594,2.126796914,1.415586502,10.031021,0.56803797996,0.457,0.1409,2770.95,178.82,541.95804195804,1.0268,0.8307,44,127.38,94.2,112.5,1338.09,29.31,1589.46,446.1,4331.3,7142.72,794.9,313.29,526.2,4.9186,160.5,23.15,242.61191217239,515.8610447354898,3.3899999999999997,4.56,53.30084305706999,657.8199999999999,123.5,431.96,728.7,26.92380952381,22.73,181,152.4,432.61,0.65066,0.8128000000000001,477.29,NA,NA
2002-08-01,26.7758008658,26.63285714286,25.32409090909,3.09,3.01,1.9587,1.1964,0.6146,1.5177,1.5012,1.5569,1.495,443,758.59,446.09,227,502.75,189.82,120.99,108.93,113.78,190.33,161.26,0.42026,0.63759621852,2.09549131,1.413381882,9.259404000000002,0.561737176,0.461,0.1387,2722.29,181.94,559.44055944056,1.0889,0.8629,44,133.3,105,112.5,1291.6,29.31,1479.55,423.2,3834,6717.14,747.6,310.26,544.84,4.5403,162.5,22.25,236.82934250994,508.4180056640299,3.3654999999999995,4.35,54.77957866886001,649.12,130.05,432.75,730.9499999999999,28.37045454545,21.25,175,148.33333333333002,433.36,0.7914699999999999,0.8306000000000001,521.14,610,NA
2002-09-01,28.28079365079,28.34238095238,26.83,3.57,3.08,2.1609,1.3375,0.7072,1.5772,1.6097,1.5595,1.5625,410,794.71,424.76,236,505.67,202.1,119.75,114.14,117.01,186.6,187.84,0.48571,0.62668446167,2.037289342,1.411838648,9.149173,0.5685935442,0.4744,0.1534,2670.53,181.95,566.43356643357,1.0806,0.8894,44,135.5,93,112.5,1301.25,29.31,1478.71,421.3,3957.4,6640.24,756.2,319.14,556.33,4.5536,160.9,22.7,235.65223080313004,509.9152975647699,3.4352999999999994,4.46,61.015700113289995,646.16,151.84,427.45,742.8599999999999,29.67,23.08,172.2,148.8,414.57,0.6789599999999999,0.8955,525.01,NA,NA
2002-10-01,27.5268115942,27.54869565217,26.18086956522,4.12,3.28,2.2015,1.4491,0.7348,1.5754,1.6113,1.5699,1.545,434,816.19,427.24,229,528.57,201.83,120.61,109.7,113.56,186.25,190.32,0.54427,0.61427933463,1.90479168,1.3889106,9.479866,0.5693651612,0.4813,0.1656,2687.8,179.88,566.43356643357,1.0928,0.8265,44,133.1,92.25,112.5,1310.58,29.31,1483.76,418.2,4241.5,6804.46,754.7,316.56,580.2,4.4013,156.25,24.5,237.33366348393997,505.1179817282,3.4662999999999995,4.54,68.69954925387,637.64,156.82000000000002,415.78,778.4599999999999,28.85086956522,27.35,174,157.25,423.09,0.6838299999999999,0.8313,539.3099999999998,NA,NA
2002-11-01,24.54248120301,24.18476190476,23.15952380952,4.04,3.34,1.8118,1.5404,0.8358,1.5224,1.5367,1.5154,1.515,457,870.83,465.02,243,582,205.71,120.13,108.93,115.05,186.75,177.38,0.39614,0.47679760845,1.912728312,1.36465978,9.479866,0.5751192194,0.4916,0.1726,2706.18,183.47,552.44755244755,1.1484,0.8399,44,132,92.25,112.5,1372.2,29.31,1582.29,442.2,4230,7313.93,765.3,319.07,588.1,4.5108,151.5,24.5,243.71723688209005,515.8784664956299,3.5108999999999995,4.56,68.02686764112998,626.9,160.02,424.07,826.6700000000001,26.283157894739997,26.979999999999997,175.25,158.25,456.48,0.64906,0.8403,593.04,NA,NA
2002-12-01,27.88698412698,28.52095238095,25.70428571429,4.74,3.36,2.0317,1.4145,0.8391,1.4803,1.5347,1.4336,1.4725,482,952,488.52,241,591.03,204.43,117.19,106.96,113.26,186.5,162.48,0.62522,0.42675972764,2.010172516,1.355620838,9.259404000000002,0.57981506,0.4856,0.1753,2718.02,182.22,563,1.2183,0.8474,44,131.5,99.375,112.5,1375.07,29.31,1595.68,443.6,4236.8,7193.16,797.7,331.92,595.44,4.6313,147.5,24.5,245.85784664094004,519.6094441665902,3.5662,4.56,76.62230817049996,622.73,146.23999999999998,421.19,945.88,29.43571428570999,26.94,174,154.25,489.95,0.7524599999999999,0.8496000000000001,616.49,NA,NA
2003-01-01,30.75031746032,31.24666666667,28.05476190476,5.405869,3.61,2.178435,1.445569,0.9078625,1.518058,1.59268,1.453995,1.5075,494,970.03,486.11,244,540.72,206.2,113.7,106.1361,110.7822,200.75,149.608,0.5608002,0.5471338,2.039493962,1.372816874,9.590097,0.589956312,0.4859927,0.1805584,2655.74,187.7795,552.44755244755,1.250115,0.9064246,44,128.6,112,112.5,1378.284,31.95,1647.66,444.659,4435.68,8026.02,781.409,356.859,627.91,4.8062,149.75,24.9,260.18159613445005,536.2943352545002,3.5962669999999997,4.6899999999999995,85.98477111809997,639.75,137.5316,421.3908,960,32.94952380952,27.46249999999999,185.25,152,491.65,0.8928904,0.9031,623.72,612,NA
2003-02-01,32.88337719298,32.6485,30.199,7.773684,3.67,2.282,1.464088,0.896619,1.473034,1.48862,1.500481,1.43,477,1016.45,476.95,243,522.43,214.05,114.15,105.8507,109.2114,198.75,150.8382,0.4615923,0.5050627,1.992315094,1.391776606,10.141251999999998,0.58979537474,0.4890215,0.1986363,2651.2,186.8075,548.95104895105,1.292852,0.9863084,44,136,132.125,112.5,1422.16,31.95,1683.8,475.825,4570.75,8623,785.15,358.97,681.7,4.6551,155.25,25.15,263.93183017871996,544.0184674254,3.5818049999999997,4.8,115.09779448892002,629.4599999999999,140.77419999999998,419.2095,977,35.80263157895,27,182,150.25,472.75,0.9895947,0.94,585.76,595,NA
2003-03-01,30.35920634921,30.33904761905,27.42285714286,5.946857,3.74,1.946807,1.361353,0.8194572,1.394671,1.465689,1.210824,1.5075,441,1039.32,453.55,241,522.52,213.19,113.65,105.6047,106.7863,197,141.8087,0.4857054,0.6331585,2.01502268,1.407870332,10.141251999999998,0.57875243316,0.490528,0.1814402,2660.52,184.1771,559.44055944056,1.349503,1.06367,44,143.75,138.9,112.5,1389.274,31.95,1658.976,456.667,4604.524,8378.81,790.952,340.55,674.33,4.5283,177.2,24.4,264.6960317203099,545.59546240633,3.521952999999999,4.78,93.23318105504998,620.4299999999998,129.3607,421.8109999999999,1022.38,33.315714285709994,25.75,180.25,147,429.14,1.0073239999999997,0.9458,551.92,565,NA
2003-04-01,25.55596825397,25.016,23.43047619048,5.289318,4.03,1.924227,1.426169,0.8249688,1.441018,1.433609,1.386945,1.5025,421,1064.23,443.02,251,540.9,217.55,114.59,105.457,106.8138,195,138.6155,0.3844306,0.6737559,1.969166584,1.400595086,11.464024,0.5757585592,0.4818798,0.1708581,2617.637,180.0006,559.44055944056,1.339858,0.9980292,44,145,118.625,112.5,1332.013,31.95,1587.475,437.375,4565.75,7910.125,754.65,328.18,624.91,4.4932,181.5,23.45,265.72379909111993,542.29249338624,3.502595,4.78,86.62709172631999,601.92,125.80110000000002,417.3989,1050,28.221428571429996,23.825,178.6,141.4,395.23,0.8921774,0.8780000000000001,557.22,578,NA
2003-05-01,26.06491269841,25.8095,24.25285714286,5.838044,4.04,1.73555,1.460781,0.8333463,1.462398,1.444441,1.420252,1.5225,440,1147.41,453.82,250,549.24,222.05,115.5,107.4943,104.962,198,141.9618,0.2962458,0.6847986,1.87613162,1.42418452,11.904948,0.59338153418,0.4816465,0.1580713,2589.74,183.876,552.44755244755,1.275874,0.999654,44,146,128.125,112.5,1398.488,31.95,1648.275,463.5,4736.75,8330.625,775.65,355.683,650.36,4.7413,178.4375,23.3,283.39753154965996,578.36372293151,3.74403,4.74,93.31091616501,630.08610051993,129.154,426.3854,1050,28.13238095238,23.65,180.75,142.5,409.23,0.8925666999999998,0.8370000000000001,607.17,595,NA
2003-06-01,27.91714285714,27.54571428571,25.49571428571,5.771905,4.05,1.571095,1.3457,0.7542005,1.49152,1.431108,1.540951,1.5025,459,1234.59,466.21,239,545.85,219,111.48,107.327,97.58199,203.4,131.3528,0.3083023,0.7194428,1.872383766,1.454828738,12.015179,0.607152348,0.4767333,0.1483709,2589.77,182.3375,552.44755244755,1.285006,1.030569,44,148.25,133.9,112.5,1409.845,31.95,1686.5,468.024,4694.762,8874.762,790.69,356.352,661.67,4.5262,171.3,24.1,285.70429022891,572.0826747828598,4.026954999999999,4.77,92.57563016646998,657.20901213172,126.2834,422.8179999999999,1037.62,30.71,26.75,186.2,151.2,435.14,0.691746,0.8443,612.2700000000001,609,NA
2003-07-01,28.59158761528,28.39826086957,26.62695652174,5.005,4.04,1.560174,1.387808,0.7793332,1.627009,1.4943,1.840725,1.546,439,1261.43,457.72,230,531.41,210.98,96.62,96.80591,89.77212999999999,198.5,131.6174,0.2962458,0.7496481,1.91030323,1.4881185,12.015179,0.59414509,0.4706864,0.150796,2625.1,181.6653,552.44755244755,1.327469,1.004558,44,150.9,142.75,112.5,1436.087,31.95,1710,514.783,4739.348,8797.391,827.543,351.02,681.52,4.797,176.375,24.35,278.58637314654993,556.9360444968099,3.940625,4.75,83.20172711041997,643.6475563258199,128.95190000000002,421.2591,1023.18,30.749545454549995,29.5,182.25,150.25,414.65,0.6326971,0.8752000000000001,582.5599999999998,575,NA
2003-08-01,29.67555555556,29.82571428571,27.61714285714,4.970714,3.98,1.552274,1.408532,0.800277,1.533023,1.5542,1.494868,1.55,421,1299.68,439.36,237,515.69,212.6,88.07,100.6591,104.0856,195,148.7172,0.2859117,0.7931959,2.10982134,1.5101647,11.49158175,0.5828353894,0.4685762,0.1505755,2674.65,181.459,559.44055944056,1.33494990095,1.050699,44,150,141.5,112.5,1456.313,31.95,1760.275,496.525,4822.5,9351.375,817.875,359.768,692.19,4.9893,175.625,25.325,272.81635561889993,534.50245301917,3.9185439999999994,4.67,82.44594155414,622.7837781629102,144.17299999999997,420.7808999999999,1020,31.58380952381,30.1875,178.5,150,401.48,0.4852348,0.9477,553.48,543,NA
2003-09-01,26.88233044733,27.09818181818,25.265,4.612727,3.97,1.637863,1.464099,0.8234256,1.527583,1.610164,1.397586,1.575,431,1329.79,440.91,264,558.02,229.82,90.63,104.0791,109.12869999999998,197.6,145.623,0.311747,0.7829944,2.268113056,1.52669935,10.61891966667,0.588413078,0.4666341,0.1318363,2687.01,187.1879,545.45454545455,1.413111,1.112874,44,153.625,146.8,112.5,1415.568,31.95,1789.523,521.273,4911.591,9965.341,818.182,378.945,705.25,5.1708,171.3,26.7,274.80847531771,532.7877002787202,3.977065,4.7,78.07155699218997,627.4781282495701,138.36290000000002,434.0655,1014.54545454545,28.28380952381,34.1375,180,154.6,429.27,0.7186641999999999,1.0869,564.09,545,NA
2003-10-01,29.01449275362,29.59043478261,27.13130434783,4.635652,3.88,1.482835,1.417571,0.7910177,1.600061,1.675595,1.454588,1.67,487,1359.2,515.07,310,608.26,277.04,95.70283,105.3881,108.2689,195.75,147.4558,0.3279432,0.8361493,2.328740106,1.51228452692,10.207390599999998,0.612663898,0.463507,0.1320567,2685.64,196.772,545.45454545455,1.599452,1.299619,44,164,150.625,112.5,1474.25,31.95,1920.543,587.326,5236.739,11047.17,897.957,378.92,732.48,5.0022,166.375,27.5,292.28826637983,549.5050173781301,4.160911999999998,4.619999999999999,77.86788677541999,650.94987868284,142.82260000000002,456.2896999999999,920,30.321739130429997,36.6875,181.5,157,500.7,0.6862657999999999,1.2937999999999998,615.8199999999999,615,NA
2003-11-01,29.12274074074,28.772,27.504,4.5275,3.9,1.505669,1.373037,0.7519958,1.56486,1.672971,1.39911,1.6225,515,1388.91,548,327,630.62,292.9,101.6431,108.4834,114.2269,193.4,160.5453,0.4082066,0.6609821,2.590648962,1.50694962917,10.00346325,0.613325284,0.4595898,0.1340409,2642.11,197.4629,545.45454545455,1.697061,1.281393,44,163,153.5,112.5,1508.338,31.95,2055.425,622.325,5362.75,12086.5,914.525,389.91,760.38,5.1777,169.375,29.9125,298.32586543749,549.8578358807898,4.216587999999999,4.72,76.71738555826,675.9864124783401,160.93730000000002,457.89179999999993,931.5,31.09222222221999,39.1875,179.8,158.4,521.75,0.7536157999999998,1.2621,620.3199999999999,628,NA
2003-12-01,29.96920634921,29.92666666667,27.85761904762,6.126522,3.97,1.633597,1.429917,0.7914586,1.566468,1.629681,1.482222,1.5875,583,1402.33,539.72,332,637.36,276.3,101.15,111.1555,116.7953,198.25,165.5735,0.370314,0.582954,2.547879334,1.52076383462,9.737071666669998,0.639560262,0.4497425,0.138383,2674.11,196.4396,538.46153846154,1.624086,1.258725,44,162.875,159.375,112.5,1554.905,31.95,2201.286,692.071,6057.619,14162.5,977.762,406.953,807.87,5.6276,187.5,34,313.36405529954,577.31880828433,4.41801,4.75,96.48800898732,684.3319237434999,158.7694,463.2396,960,32.12333333333001,38.6875,185.5,163,583.48,0.8420172,1.235,648.67,660,197
2004-01-01,31.36771929825,31.17523809524,28.68476190476,6.09477272727,3.87,1.62867772727,1.603420126,0.878320608,1.54076168667,1.64071516848,1.35156989153,1.63,584,1433,527.23,350,656.97,293.45,98.54830898,115.520475,121.66746625,212.75,166.32713871053,0.427152875,0.71826741463,2.540604088,1.5322109,10.1963675,0.665574778,0.45123930095,0.128088422,2768.31,199.06499052487,538.46153846154,1.673507,1.2419,44,171.625,160.25,112.5,1606.488,37.9,2423.571,758.381,6485,15326.548,1017,413.788,849.93,6.3005,204.25,37.75,315.30224873564,592.77021726591,4.390537999999999,4.75,95.62706848797998,682,155.88501997500003,469.4306744779899,992.38,34.24315789474,41.25,198,171,569.4499999999999,0.9418814365800002,1.21,675.49,689,198.8175
2004-02-01,31.33133333333,30.866,28.398,5.3795,3.89,1.5688465,1.680140902,0.81681171,1.56429917221,1.66252477272,1.3828727439,1.6475,642,1433,564.13,368,682.08,298.85,95.56737660999998,123.541705,126.18693725,213.25,161.3914671875,0.4960485,0.83105370365,2.392674086,1.5783075,10.306598500000002,0.68278985589,0.45516120389,0.128749808,2779.65,198.99698419484,552.44755244755,1.629544873,1.2763,44,177.125,134.5,112.5,1685.625,37.9,2759.525,888.475,6672.75,15145.125,1087.675,404.878,846.32,6.4406,211.5,41.75,325.61139070837993,594.3243050468401,4.734112499999999,4.81,87.07697407594999,685,157.49255553749998,469.2703034489499,1000,34.73000000000001,42.25,200,181.75,614,0.97138530563,1.2462,704.51,731,204.07
2004-03-01,33.66507246377,33.79913043478,30.4647826087,5.39686956522,3.86,1.50401695652,1.720926372,0.80909554,1.51311921301,1.72020568011,1.22715195891,1.592,685,1356.32,583.52,413,689.43,329.09,103.02947009999998,127.84758,130.17056311110994,237.8,166.279804218,0.50810523438,0.93472322607,2.338440434,1.6093726,10.520446640000005,0.66826711691,0.46581703539,0.142418452,2773.99,195.19632371399,552.44755244755,1.58737432652,1.33,44,177.5,130.5,112.5,1655.989,37.9,3008.717,886.478,7619.783,13715,1105.783,406.667,899.76,7.2254,205.3,48.9375,315.71848945561993,539.47865420561,4.6332195,4.88,87.19270459931,663,156.50506940625,460.30766964639,980.43,36.73130434783001,42.5,225.6,207.4,678.7,1.0601109795400003,1.2705,687.6,712,225.802
2004-04-01,33.71139249639,33.36227272727,31.06666666667,5.71652173913,3.92,1.43777045455,1.663165328,0.801820294,1.67386491654,1.72282557679,1.75876917284,1.54,736,1322.77,575.05,358,672.46,332,112.5311284,133.496888,128.5954846,240.75,166.58442673929,0.5291184,0.85892470105,2.429050316,1.64716608571,10.692407000000005,0.65974445741,0.46398852448,0.145063996,2765.33,197.95914618825,552.44755244755,1.52900418,1.3708,44,177.5,128.375,112.5,1729.738,37.9,2948.725,753.675,8955.75,12848.125,1032.725,403.26,880.64,7.1486,199.375,53.25,308.71968252826,527.3737026750501,4.574153999999999,4.91,91.37992333504,652,157.24453576499994,466.82289672944006,970,36.705238095240006,47.25,229.25,215,737.05,0.8802641674199999,1.2717999999999998,644.98,696,240.71
2004-05-01,37.55789891395,37.91631578947,34.47238095238,6.33595238095,3.95,1.4195747619,1.697336938,0.806009072,1.66863237831,1.71572338035,1.7676737546,1.5225,716,1322.77,537.17,316,627.96,294.29,111.55951829999998,128.216655,118.55344049999998,232,163.73438647875,0.55633217188,0.87275104318,2.675085908,1.6885385,10.59540372,0.65361912374,0.4575578579,0.139772908,2769.73,188.43297750395,587.41258741259,1.54150179857,1.3474,44,177.5,135.9,112.5,1623.224,37.9,2733.5,808.895,9459.474,11118.289,1028.289,383.779,809.83,5.8674,191.1,56.4375,319.40545598502996,563.9399914759599,4.488117479999999,4.91,99.04451982169002,643,148.30663803750005,444.35849563676,982,40.285,52.56250000000001,222,212.8,724.2900000000001,0.91759307847,1.239,700.61,684,236.1425
2004-06-01,35.54274170274,35.19136363636,33.40590909091,6.27159090909,4.01,1.40479409091,1.812418102,0.878981994,1.67303699714,1.53227607219,1.98183491923,1.505,658,1264.65,471.2,295,581.74,254.23,114.0480505,123.32026,115.85278099999996,229,154.74334165714,0.603525675,0.92082175496,2.762829784,1.755428675,10.39919254,0.66819166194,0.441585386,0.152780166,2768.78,198.6160623056,590.90909090909,1.422631265,1.3677,44,177.5,158.25,112.5,1677.716,37.9,2686.705,870.318,9204.773,13533.523,1021.455,392.373,807.55,5.8618,190.625,59.55,323.16599504782,570.4712728753,4.5523025,5.04,98.63626703869998,645,137.21464265624996,456.7594923757701,1017.27,38.03095238095001,62.55,219.75,212.5,639.4499999999999,0.8512696821900001,1.1960000000000002,699.9599999999999,632,230.742
2004-07-01,37.891998557,38.37045454545,34.48363636364,5.92863636364,4.28,1.56356590909,1.652142228,0.794104124,1.71424358542,1.62971663486,1.9805141214,1.5325,669,1247.11,454.77,279,605.08,227.55,103.9693504,104.846826,96.7277025,230.75,150.60093028929,0.603525675,0.99418147587,2.813536044,1.7843643125,10.496195820000002,0.67328674099,0.44888162838,0.174385442,2732.03,200.44612204402,594.40559440559,1.256282665,1.2764,44,191.5,185,112.5,1709.273,37.9,2808.432,939.591,9044.318,15023.295,988.318,398.091,809.52,6.3141,201.5,61.375,326.54688170724,588.6982275072901,4.587176499999999,5.07,95.77553944810998,638,131.634197775,457.1896733654101,1039.09,40.821904761899994,68.5,221,210,637.73,0.72329842283,1.1457999999999997,650.92,624,228.9625
2004-08-01,42.08406926407,43.03,38.29857142857,5.39568181818,4.34,1.72831181818,1.622820782,0.747586642,1.77239706663,1.81812905379,1.92506214611,1.574,627,1234.59,458.14,265,604.65,217.41,87.77229198,104.054545,103.065985,239,141.29480849743,0.54772021875,0.93559182502,2.919798728,1.76599247917,9.786308179999995,0.66526790092,0.44312862,0.166969902,2723.65,198.64573061482,594.40559440559,1.194954145,1.2339,44,195,196.2,125.9,1692.19,37.9,2846.095,921.81,9021.905,13679.524,975.81,400.51,848.68,6.66,208.1,59.25,331.79599999999994,584.39318460225,4.5323744999999995,5.159999999999999,89.64988643603999,624,129.13103525625,453.0832313896099,1001.36,44.92363636363999,63.62500000000001,228.2,212.4,640.68,0.59770201151,1.1388,667.6800000000001,632,232.71499999999995
2004-09-01,41.59682539683,43.38136363636,35.47863636364,5.13886363636,4.41,1.54526272727,1.774057714,0.754861888,1.80491417206,1.88855828081,1.89118423536,1.635,657,1213.59,468.09,260,601.6,220.55,85.37146880999997,97.868848,99.67087019999995,235.25,151.034855535,0.5387637875,0.90129637545,2.93324691,1.72311095,9.40711354,0.65547411346,0.45366880324,0.169535278,2675.17,199.27141631781,594.40559440559,1.240950535,1.2438,44,195,218.125,143.5,1723.602,37.9,2894.864,935.455,9019.545,13270.909,975.182,405.275,847.89,6.4034,208.5,55.375,339.28537499999993,610.86308692332,4.51294298,5.430000000000001,87.04694893910998,625,138.19294287000002,454.51033329242995,1000,45.93047619048,61,224.5,206.25,669.09,0.7954087268399999,1.145,657.92,657,224.172
2004-10-01,46.88111111111,49.8180952381,37.57904761905,6.41166666667,4.83,1.4803352381,1.77582141,0.698203154,1.79067220847,1.99650553739,1.86551108801,1.51,642,1212.54,451.26,249,583.49,214.86,87.88838443999997,93.79426,93.77902325,244,150.14600866071,0.4960485,0.92119898145,2.79325354,1.6755112,9.41152278,0.6603098717,0.47150522886,0.18629039,2705.79,197.95618905284,601.3986013986,1.15858030095,1.2655,44,195,242.125,146,1819.57,37.9,3012.238,932.762,9045.238,14404.286,1064.952,420.464,841.43,7.095,211.75,56.62500000000001,346.96934999999996,624.3522872208799,4.57821,5.55,104.58103855244995,629,141.44016470624996,459.03565788991,960,53.24619047619,59.6875,230.25,201.25,657.05,0.7746963626700001,1.2129,668.92,701,222.145
2004-11-01,42.12554545455,43.05363636364,34.8765,6.08704545455,4.96,1.65912545455,1.990110474,0.721131202,1.78179003826,2.03555739551,1.85731271926,1.4525,659,1225.57,454.61,260,561.19,214.36,95.53333770999998,93.74505,92.34602025,259.2,156.56866837624,0.49260371875,0.71534033093,2.765475328,1.64703485833,9.786308179999995,0.678582036,0.45064532438,0.179896992,2711.83,202.12980610299,608.39160839161,1.08306968,1.2285,44,198.5,224.5,151.2,1813.898,37.9,3122.795,967.795,9070.455,14045.455,1095.636,439.375,854.41,7.4926,213.8,52.825,360.91372499999994,610.50188715113,4.714567649999999,5.45,101.18930910025,643,140.820115275,476.6580550444699,956.36,48.4465,60.75,244.8,211.6,664.91,1.0873207871799997,1.2162999999999995,684.6800000000001,727,233.07
2004-12-01,39.04494444444,39.64428571429,34.2615,6.58130434783,5.01,1.65790173913,2.295450344,0.809536464,1.72949901677,2.00850073225,1.66999631806,1.51,654,1233.63,446.2,265,552.06,222,92.04388491,95.388664,90.69255525,278.25,153.8743247,0.4960485,0.68612775677,2.713005372,1.623151475,9.810559,0.70514239334,0.45296542448,0.18188115,2708.32,190.35106839772,608.39160839161,1.07125361391,1.1823,44,202,185.25,152.5,1849.179,37.9,3145.452,974.905,8553.81,13768.81,1180.214,442.079,848.24,7.085,211.125,52.25,362.21039999999994,629.64584184299,4.889001,5.57,107.51027709708,654,139.46059948500002,510.41929500502,958.82,43.22904761905,54.2875,261.75,219.75,657,1.10297976328,1.1869,709.72,724,238.512
2005-01-01,42.97227777778,44.28333333333,37.8135,6.15452380952,5.46,1.55230857143,2.362470792,0.814827552,1.61654253338,1.95258635397,1.38904124616,1.508,646,1234.59,418.86,261.5,519.98,231.81,90.71480268000002,96.25476,89.97605375,287,153.59313355875,0.58905759375,0.64012466938,2.692502406,1.6183915,9.797331280000002,0.68673678713,0.4546587826,0.192242864,2695.57553219759,191.43493508715,636.36363636364,1.12955280429,1.1833,44,202,184.6,152.5,1834.425,65,3170,953.15,7735.75,14505,1246.375,424.03,859.07,6.619,208.6,53.045,353.9726999999999,603.4321654267699,4.7614905,5.42,104.36538530457996,711.45483535529,142.47358042499997,513.3256431340799,945.5,46.82,51.4175,268.6,226.2,641.19,1.15340242269,1.1875,683.88,699,255.32250000000005
2005-02-01,44.81821052632,45.557,40.935,6.14475,5.49,1.633594,2.664503732,0.909185288,1.59117811435,1.91113187723,1.37990246583,1.4825,646,1234.59,422.63,261,495.73,236.9,87.37563362,94.13873,92.29090475,290,151.1686798489,0.89047595313,0.74235825838,2.699116266,1.62590725,9.700327999999995,0.69016270152,0.448860632,0.20062042,2734.03133522637,191.02458315934,636.36363636364,1.1556066885,1.2587,44,202,185.75,152.5,1882.85,65,3253.7,977.55,8088.75,15349.5,1326.175,423.35,864.32,7.03,207.125,49.8975,351.4374,598.5745232077901,4.785116699999999,5.58,104.49771651608997,714.5844020797201,141.62388305624998,514.8689872956099,912,47.96263157895,46.62500000000001,270.5,231.75,649.4,1.3104646541899998,1.2162999999999995,647.24,695,265.6425
2005-03-01,50.94287878788,53.08409090909,45.57636363636,6.96804347826,5.52,1.75514869565,2.976898386,1.091507362,1.58881973252,1.94135333809,1.33760585946,1.4875,710,1234.59,458.13,290,543.69,254.65,94.16864198,99.876616,96.4300788,292.75,150.985863975,0.7922996875,1.10906192902,2.748720216,1.628663025,9.700327999999995,0.69675992173,0.454181783,0.195770256,2769.41375397174,193.65402770198,646.85314685315,1.24311812087,1.3183,44,202,217.125,152.5,1979.85,65,3379.49,1004,8407.39,16190.65,1372.15,433.85,866.83,7.2282,210.625,50.925,355.8789,593.49495335371,4.797409179999999,5.59,114.64467040198,691.6342461005199,152.15553747,517.5064355960901,907.39,54.16818181818001,45.3,272.5,230,722.61,1.38950491015,1.2225999999999997,663.64,714,262.91599999999994
2005-04-01,50.64047619048,51.85714285714,47.10142857143,7.15261904762,5.86,1.58567904762,2.855644286,1.11884465,1.72860867075,1.88550020958,1.83282580268,1.4675,679,1223.04,457.86,283,545.88,242.86,93.32723755,96.279365,93.00740625,297.25,140.87698047857,0.592502375,1.17496604532,2.742988204,1.6314188,9.618757059999998,0.69274436837,0.46769438571,0.189376858,2787.20897930686,194.14621533426,643.35664335664,1.25726329143,1.3126,44,202,242.125,152.5,1894.286,65,3394.476,985.762,8143.81,16141.905,1300.143,429.233,864.86,7.1188,214.75,51.25,323.48999999999995,569.2498915230201,4.719697700000001,5.67,118.55659052214,680.1591681109197,132.13942323749998,507.6402181455799,900,52.96285714286,46.25,276.25,225.5,684.3299999999999,1.3327301345900002,1.2094999999999998,651.7,695,259.92499999999995
2005-05-01,47.82657287157,48.66590909091,45,6.46931818182,5.89,1.50822772727,2.830070694,1.2361304339999999,1.60774494748,1.76026437012,1.65297047232,1.41,647,1212.54,450,283,537.98,234.32,88.89483345,95.41819,96.231663,293.8,143.33005787571,0.61833823438,1.09567832289,2.77341196,1.63777828077,9.479866,0.67915527359,0.48262281257,0.189376858,2795.59958258039,202.52077260111,657.34265734266,1.228123655,1.3594,44,201.625,256,152.5,1743.7,65,3249.1,988.075,8125,16931.5,1243.625,421.873,866.23,7.0224,217.2,51.3125,342.45179999999993,571.1257836080802,4.53818208333,5.74,110.44905701341,670.7704679376102,133.12690936875,519.11561406233,888.57,49.81380952380999,45.875,272.6,220.4,648.09,1.4733977901399995,1.2060999999999995,652.57,700,256.145
2005-06-01,53.8903030303,54.30681818182,50.975,7.18613636364,5.91,1.53954636364,2.671117592,1.323212924,1.64326151834,1.64917395044,1.88811060458,1.3925,638.75,1198.51,451.7,306,560.15,241.45,93.44352815,97.101172,97.0694186,285,141.93077620909,0.48571415625,0.9346943757,2.782671364,1.64201793462,9.590097,0.66501196281,0.482591318,0.19951811,2817.64279910233,203.12005755442,657.34265734266,1.193050155,1.4553,44,201.5,217.5,152.5,1731.295,65,3524.068,986.068,7618.864,16159.545,1275.727,430.657,880.09,7.3105,224.25,51,328.28219999999993,547.39109874826,4.389673800000001,5.68,119.20807735199,672.8568457539,131.06467088999997,510.9001231683499,870,56.389090909089994,49.12500000000001,262.5,210.75,644,1.2319924832599998,1.2668999999999997,642.01,706,241.48800000000003
2005-07-01,56.36580952381,57.57904761905,52.85238095238,7.62619047619,6.42,1.48748428571,2.423538766,1.276034056,1.69293983621,1.64326527438,1.98305423426,1.4525,606,1178.95,454.52,298,561.26,244.52,96.80533869,107.52385,105.601298,276.75,143.869839885,0.40131701563,0.74868880654,2.809347266,1.64795345,9.90756228,0.64011217641,0.4835944201,0.212525368,2791.86275210174,205.52787579156,657.34265734266,1.21275096381,1.6918,44,201.25,221.875,152.5,1778.786,65,3614.214,854.476,7169.286,14580.714,1194.429,424.479,873.67,7.0145,228.25,50.9,328.29437499999995,541.3079716124798,4.225314449999998,6.03,127.21346741923,665.55452339688,130.8533947875,495.95506200332005,848.57,58.66600000000001,51.3125,256.5,207.25,614.52,0.90749248181,1.4523999999999997,645.3299999999999,708,237.285
2005-08-01,61.89052042161,64.09,56.62590909091,9.6297826087,6.56,1.4808673913,2.38539884,1.145741014,1.65285700912,1.75583259905,1.70673842832,1.496,550,1165.1,448.48,274,550.08,238,98.00396788,101.66786,100.089748,282.8,149.35902467283,0.4048306925,0.75739682969,2.757318234,1.64795345,9.62757554,0.65569016511,0.45169788209,0.218918766,2746.67708144165,211.94435385391,664.33566433566,1.18915285739,1.5997,44,201.375,208.5,152.5,1867.841,65,3797.75,887.023,7188.864,14892.727,1298.386,437.93,898.43,7.0334,231.5,49.12500000000001,334.95699999999994,553.13529466879,4.328129549999998,6.2,152.32456410103995,650.94987868284,131.7719865375,510.2884077827599,816.3599999999999,64.95565217390997,49.5,261.3999999999999,212.8,555.22,1.0027137590899995,1.4392999999999998,654.17,682,255.654
2005-09-01,61.6876984127,62.98181818182,56.54318181818,12.87568181818,6.58,1.50483545455,2.193376438,1.033305394,1.65848404316,1.88531809673,1.56763403277,1.5225,559,1168.45,453.64,263,545.16,233.77,97.89225147,96.35318,97.37071666667,285.25,159.70865813438,0.59422476563,0.74902874045,2.75246807,1.6575986625,9.63859864,0.66119948217,0.4666130721,0.227296322,2760.72854089986,216.80451653997,671.32867132867,1.21110320435,1.6961,44,201,210.375,152.5,1839.909,65,3857.841,933.068,6783.864,14228.182,1397.523,456.048,914.64,7.1536,240.75,45.25,330.9228,545.3084093817399,4.322075999999999,6.39,191.96453216148,651.99306759099,128.2354083,513.2476419872598,806.3599999999999,65.53809523809998,46.62500000000001,264.25,215.5,576.14,1.10175250284,1.594,687.8199999999999,683,256.99749999999995
2005-10-01,58.18507936508,58.5219047619,53.66952380952,13.52261904762,7.28,1.45732809524,2.31595331,1.047855886,1.69048706018,1.96175377912,1.57370740142,1.536,587,1129.08,467.5,257,578.62,224.67,98.52558832999998,101.938515,97.3890885,286.4,167.826712725,0.63039496875,0.8151357845,2.699336728,1.6410640125,9.852446780000005,0.644856085,0.47885396219,0.245153744,2770.56331914306,211.27056471115,671.32867132867,1.28272140333,1.7014,44,201,215.5,152.5,1928.714,65,4059.762,1004.762,6422.857,12402.857,1488.381,469.898,931,7.6705,246.375,42.45833333333,324.4049999999999,534.6267605633801,4.1976059999999995,6.48,203.20928736987997,656.16582322357,135.2626351875,496.44216448784,862.38,62.36380952381,43.25,265.2,217.4,623.3299999999999,1.06364854944,1.6295999999999995,734.38,646,269.3575
2005-11-01,55.04282539683,55.535,51.31047619048,10.43090909091,7.46,1.44330818182,2.375257588,1.13427699,1.64828688364,1.87771255653,1.60214809438,1.465,582,1036.17,466.7,255.75,558.93,222.05,98.75981810999998,95.36898,92.56648225,277.75,161.11635164432,0.58905759375,0.87953358367,2.704627816,1.60386105,9.748829639999997,0.63447555507,0.4770026063,0.250885756,2860.42768760873,205.47202751157,685.31468531469,1.251783236,1.599,44,201,235,167.5,2050.591,65,4269.341,1018.409,6160,12115.682,1610.932,476.666,962.61,7.8725,246.125,38.06250000000001,318.21389999999997,524.4214852276701,4.095331599999999,6.609999999999999,166.60928950085997,670.7704679376102,132.34610638125002,498.2813516092799,850,58.283,38.08333333333,257.25,209.5,620.23,1.0869534737500002,1.5808,727.47,598,272
2005-12-01,56.42964285714,56.7475,53.12714285714,12.8275,7.49,1.50910727273,2.331826574,1.243185218,1.64575562673,1.89113930006,1.53612758014,1.51,553,1036.17,456.75,264,537.66,236.14,103.0139082,102.140276,96.56235599999998,280.5,164.44104598929,0.64589648438,0.84942023996,2.652819246,1.56987315833,9.810559,0.63816006666,0.48281178,0.293434922,2946.0871956324,210.52337161223,685.31468531469,1.249378196,1.6804,44,201,213.875,167.5,2247.45,65,4576.775,1124.075,6713.5,13429.25,1821.825,510.097,976.59,8.627,245.875,38.22500000000001,320.1173999999999,527.5691856409098,4.1016665,6.49,195.77330665627,682.24554592721,137.58667231500002,505.73772087779,883.53,59.41428571428999,41,257,206.75,590.8,1.01690229403,1.6313,711.64,602,NA
2006-01-01,62.45703968254,63.57428571429,58.31333333333,8.66090909091,7.96,1.57310363636,2.73813804,1.397508618,1.69578439041,1.89495973453,1.51239343672,1.68,569,1029.16,459.05,257,535.83,231.14,103.60208369999998,102.65206,100.64090299999998,291.25,167.16073370625,0.68551146875,0.84975109601,2.621954566,1.5402277,9.76205736,0.64580671225,0.5154291329,0.34722765,2917.2121956324,221.00285787816,713.28671328671,1.28639577,1.8754,44,201,202.3,167.5,2377.857,67.2,4734.333,1256.333,7051.429,14555.238,2090.31,549.864,1026.05,9.1391,244.3,43.1875,323.757925,586.9541822489,4.0183325,6.53,147.43830600518004,655.1226343154199,144.16149276563002,519.69600209126,853.3299999999999,65.4835,44.66250000000001,266.25,211,606.02,0.94910899869,1.7614999999999998,728.91,591,263.85666666667
2006-02-01,59.70492105263,59.923,57.5765,7.48785714286,7.95,1.546104,2.626143344,1.388469676,1.91830763042,1.94633285956,1.4560900317,2.3525,591,993.18,473.9,257,533.27,229.6,101.1340387,107.13017,106.06977975,301.5,179.84092587632,0.85430575,0.82145759749,2.645544,1.5251962,9.810559,0.6391706898,0.531974806,0.397713448,2895.37398835948,222.53879280041,713.28671328671,1.31505583,2.0584,44,201,213.875,167.5,2455.325,65.2,4982.4,1277.05,7826.25,14978.75,2219.375,554.995,1041.5,9.5349,238.125,47.7,316.3675999999999,578.9906401054099,3.977063999999999,7.04,133.49148094400005,668.4232928942798,149.24819458124998,530.17546687252,848,61.61526315789,49.4,274.75,216.75,621.13,1.0033981936299998,1.9258999999999995,716.23,595,264.28749999999997
2006-03-01,60.92927536232,62.25304347826,57.6452173913,6.89891304348,7.99,1.54505521739,2.505771092,1.31395352,1.74799332486,1.9403188578,1.34366111679,1.96,575,961.89,472.52,257,540.6,217.78,100.3758447,105.250348,103.6612324,303.5,174.43598036625,0.8253695875,0.80886459758,2.618647636,1.50634901154,9.810559,0.63744326654,0.508385372,0.380076488,2828.38,225.15783085827,713.28671328671,1.26986112,2.0709,44,200.6,243.125,167.5,2429.13,66.7,5102.848,1192.087,7939.565,14897.391,2416.913,557.093,1041.09,10.3838,233.625,49.75,306.51,582.9393403573101,3.8790649999999993,6.88,126.42147292593998,681.20235701906,142.65729877500002,537.03037546095,808.26,62.88956521738999,54.5,274.5,216.5,590,0.9981161885599996,1.9127,738.57,606,244.856
2006-04-01,67.97057504873,70.44210526316,64.05684210526,7.094,8.24,1.5480175,2.544572404,1.33489741,1.90035125806,1.88808507309,1.84963536777,1.96333333333,578,936.96,475.9,258,540.44,209.6,102.1245618,107.72069,109.35466355,302.25,180.34605464495,0.730293625,0.80033404079,2.600790214,1.4894963875,9.90756228,0.64590118851,0.51997703189,0.385588038,2824.88,229.39044284075,720.27972027972,1.24009875,2.1433,44,200.5,247.5,167.5,2621.111,67.3,6387.778,1170.417,8853.056,17942.222,3084.778,610.653,1098.75,12.6144,231.75,52.875,312.91049999999996,588.50016821801,3.930684999999999,6.930000000000001,130.01285440315996,683.02793760832,140.820115275,545.5546671349298,753,69.41277777777997,54.875,271.5,218.5,573.75,0.96852244712,1.9409,773.72,659,244.25
2006-05-01,68.6759486166,70.18727272727,64.90739130435,6.19804347826,8.28,1.59641695652,2.410972432,1.324535696,1.88965930809,1.7460009102,1.85297701407,2.07,583,936.96,483.72,266,588.29,212.83,107.4755681,110.648685,113.758392,308,193.16672228571,0.9259572,0.80019413669,2.615120244,1.4950079375,10.33746318,0.68359074273,0.516642676,0.370817084,2831.11,244.17192270505,759.89510489511,1.19821097,2.4467,44,200.5,229.5,167.5,2861.476,67.3,8045.857,1166.857,8837.381,21077.143,3565.69,675.393,1260.83,13.3772,232.9,52.6,325.6248,643.1951906614801,4.197364249999998,6.92,119.31630414618,722.92991334489,150.92462452499998,576.63424402804,780,70.93318181817999,50.4,276,219.4,558.26,1.0509641502399998,2.1543,828.42,679,256.22799999999995
2006-06-01,68.29015151515,68.85772727273,65.08090909091,6.19318181818,8.29,1.607,2.27406553,1.327842626,1.97923213842,1.74106319921,2.07163321605,2.125,575,957.01,478.16,267,600.55,215.91,106.88238549999998,109.403672,111.88446500000002,312.5,195.164003205,0.6545084375,0.66583920377,2.57499616,1.52076383462,10.48517272,0.67401633079,0.514167489,0.33951148,2854.88,238.46360007977,749.26677499753,1.21584793,2.7031,44,200.5,210,167.5,2477.341,69.3,7197.614,963.864,7896.364,20754.545,3225.682,596.145,1188.55,10.7964,232.375,52.375,309.92499999999995,621.5671589007098,4.1939625,7.1,119.42675585448998,733.36180242634,140.14035738,611.1743628070701,795.91,70.93181818182,52.375,280.5,216.5,534.7700000000001,0.95436690825,2.3491999999999997,829.91,666,259.42749999999995
2006-07-01,72.4501336675,73.89714285714,69.04904761905,6.25,8.58,1.67908333333,2.314851,1.421759438,2.00495642807,1.83263203015,2.03223725407,2.15,583.25,990.51,499.21,271.75,630.01,215.38,112.0984874,113.99108,119.9864435,315.4,202.42861353947,0.55977695313,0.73440007406,2.620852256,1.53955963333,10.445489560000002,0.63012456,0.4917184448,0.35384151,2955.27,236.11673167315,749.62037526563,1.22135948,2.4833,44,202,205.5,172.5,2512.714,70.5,7712.095,1052.381,8418.571,26586.19,3339.857,633.71,1228.83,11.2324,230.3,52.75,312.3361124999999,621.87794248016,4.140610649999999,6.859999999999999,121.33277363964,759.4415251299798,143.85146805000005,635.4173870945399,851.43,74.40421052632001,51.68,286.6,218.6,555.71,0.7500046258899999,2.3081,820.58,647,257.42999999999995
2006-08-01,71.81188405797,73.61217391304,68.78173913043,6.995,8.71,1.62071347826,2.463221926,1.622379858,1.95452389503,1.89781232897,1.87825935611,2.0875,606,1041.92,534.26,262,632.18,222.65,114.5306653,116.588332,114.44182420000004,312.66666666667,189.91466889546,0.5415196125,0.83083657723,2.663842346,1.55256123846,9.6452125,0.6364656,0.47150112087,0.29797835626,3038.08,240.03379448073,769.30412352336,1.32056738,2.1756,44,202,210.5,192.5,2459.932,69.8,7695.659,1174.136,8502.045,30743.636,3347.295,632.593,1233.52,12.1874,228.25,50.9375,317.07225,637.4248910421601,4.116839999999999,7.23,131.24827572861997,777.1757365684603,148.3617535425,638.5894422180102,880,73.04173913042999,53.5875,284.33333333333,220,566.8499999999999,0.75785438251,2.1356999999999995,809.12,666,263.628
2006-09-01,62.12125396825,62.7719047619,59.77285714286,4.86238095238,8.77,1.56876190476,2.421334146,1.699982482,1.90713642501,1.99604264885,1.85786662619,1.8675,609,1079.22,511.24,258,602.35,232.05,115.4445885,121.74554,119.5455195,309.2,195.9815498625,0.5442754375,0.87862546213,2.675967756,1.55892071923,9.122717560000003,0.63229865143,0.4665306613,0.266318096,3119.58,246.47282603335,766.66228243983,1.29741887,1.809,44,202,215.125,192.5,2472.881,70,7602.357,1342.381,9039.286,30130.714,3403.024,598.186,1183.6,11.6769,225.125,47.1,314.99324999999993,639.49926034058,3.998956,7.65,105.9208730834,802.21227036395,166.88515618125,640.9790741698301,913.47826086957,63.819,48.75,282.8,224.4,543.57,0.79618066242,1.8115,785.73,669,267.7099999999999
2006-10-01,57.91046897547,58.38,56.50095238095,5.9625,8.97,1.53022636364,2.438971106,1.657212854,1.85270565144,1.98287255601,1.83924439831,1.736,626,1102.31,514.18,273,614.71,243.98,136.5974641,142.16769,138.22967399999996,301,212.09408658214,0.54944260938,1.03599630919,2.690077324,1.53542597083,8.68399818,0.62651673818,0.447948721,0.256617768,3152.8,245.31882419776,762.06954332539,1.25773571,1.8202,44,202,209.2,192.5,2654.591,71.7,7500.386,1531.136,9768.182,32702.955,3822.955,585.78,1082.45,11.5586,218.5,44.05,316.85137499999996,642.02498238349,3.975,7.2,119.92595113195,859.5876603119599,197.77280377499997,632.0707649573202,937.39130434783,58.85045454544999,49.212500000000006,274.75,223.5,557.61,0.7862843854399998,1.7926,784.4,666,283.2124999999999
2006-11-01,58.14304545455,58.48318181818,56.81545454545,7.45363636364,8.99,1.58116636364,2.695588874,1.692927698,1.78585838118,1.92753785838,1.70753728515,1.7225,656,1102.31,571.57,300,675.67,248.32,148.14787559999996,164.538556,167.08814980000005,296.25,209.68065367105,0.598014025,0.9311167865,2.77230965,1.5211878,8.598018,0.63994840364,0.4356108658,0.259704236,3149.23,256.02106610911,776.98578452008,1.26545188,1.6243,44,202,227.375,192.5,2702.795,73.5,7029.182,1624.523,10079.091,32113.864,4382.227,627.827,1183,12.9311,219.375,46,328.46549999999996,656.7519195283501,3.9476605,7.21,138.13523053888,848.8299999999999,192.94101117,639.1301013234299,1044.52173913043,59.130500000000005,48.2,273.25,220.75,594.4299999999998,0.85896492276,1.615,822.39,722,NA
2006-12-01,60.9944122807,62.31473684211,58.6695,6.5780952381,8.92,1.70717809524,2.831613928,1.690282154,1.82841654409,2.12296761576,1.64894868319,1.71333333333,731.66666666667,1102.31,625.88,297,698.12,249.1,150.9675787,160.37539,170.61003025,305,204.30628759688,0.65795321875,0.79280186613,2.698013956,1.52899582917,8.63990578,0.65641138105,0.4318630118,0.255074534,3063.55,268.46107522045,798.17741438088,1.31064659,1.7348,44,205.5,251.66666666667,192.5,2813.632,73.5,6675.105,1725.5,11158.684,34570.263,4405.395,629.791,1121.19,13.2786,223.83333333333,49.75,336.92639999999994,674.66427245203,4.0553296,7.35,127.26527920283,872.91,189.84994993125,640.3141808247299,1037.82608695652,61.999,50.6875,280.25,228.25,640.71,0.89054303957,1.6454,854.31,730,NA
2007-01-01,53.51696969697,54.29909090909,52.01181818182,6.58434782609,8.59,1.69852217391,2.745413286,1.744515806,1.78778022688,2.09345272302,1.56988795761,1.7,731,1071.64,637.59,306,697.33,263.87,152.1326862,164.774764,175.05123724000003,313,196.06615699737,0.6393514,0.79708632003,2.686990856,1.5702907,8.756750640000003,0.64573416,0.4390390499,0.24140589,3095.78,262.27355254261,796.35251184779,1.30182811,2.0776,44,207.5,265,192.5,2809.341,78.2,5669.659,1666.091,11361.818,36811.136,3786.682,631.166,1146.65,12.8413,249.2,51.2875,358.7420399999999,721.83452171615,3.9774805,7.109999999999999,125.60979724089997,908.36,175.980133098,622.00184742842,1050,54.24,50.1375,286.6,243.8,649.13,0.98503544847,1.9395,823.02,719,NA
2007-02-01,57.5625,57.757,55.6805,7.9725,8.56,1.815393,2.690297786,1.743413496,1.77864031727,2.27756880734,1.40835214447,1.65,763,1016.33,645.2,325,715.04,283.45,151.03191690000003,177.3489032,180.63994894,315,199.98225866842,0.6545084375,0.84181642325,2.711462138,1.6264083,8.818480000000001,0.649526256,0.45692489989,0.233028334,3182.84,262.56124574499,795.35674097785,1.27537267,2.2788,44,215,299.375,192.5,2832.2,82.66,5676.45,1779.6,12933.25,41184.25,3309.5,664.745,1204.55,13.91,317.625,52.9,375.2237999999998,720.9319292348599,3.9431535,6.89,142.17497896165997,916.75,176.461475175,622.6841339252401,1050,59.25,51.6375,291.75,257.5,676.75,1.0688383249200002,2.1174,790.39,709,303
2007-03-01,60.59984848485,62.14363636364,59.05409090909,7.12318181818,8.37,1.92399818182,2.581169096,1.6975574,1.77221736896,2.42113553127,1.26551657562,1.63,769,1055.21,660.93,322,719.03,279.09,157.05778830000003,170.5067448,169.96076965999998,318.66666666667,199.09820044286,0.647618875,0.81134080289,2.689195476,1.68356654231,9.02571428,0.65785578545,0.45916222,0.230162328,3298.14,269.65970421302,791.45494491602,1.28749808,2.2349,44,254.5,318.125,192.5,2761.727,88.55,6452.477,1914.045,13892.955,46324.773,3271.295,654.895,1218.77,13.1843,387,55.379999999999995,380.0453999999999,717.3952403286,3.9043365,6.859999999999999,130.93781192980998,936.76,168.54321428999995,643.7821304839799,1050,60.60181818182,53.475,299.33333333333,262.33333333333,701.14,1.05514753804,2.0525,771.51,713,304.92999999999995
2007-04-01,65.05764035088,67.39842105263,63.838,7.58738095238,8,1.97797809524,2.52649452,1.754436596,1.98077977141,2.34303556928,2.01180374496,1.5875,827.5,1078.17,743.45,319.75,753.7,264.76,157.11700369999997,152.74784,149.51732840000005,316.5,198.3077916102,0.647618875,0.85583967141,2.694266102,1.72172342692,9.4247505,0.67148272421,0.4608978572,0.214289064,3361.26,266.04299296184,808.80980864935,1.25994033,2.3184,44,300,291,192.5,2814.789,91.26,7766.474,2000.947,14052.895,50266.842,3557.474,679.368,1275.81,13.7233,404.6,56.120000000000005,387.9092,733.12613785956,3.9998999999999993,7.09,134.97160900673998,978.16,175.2673059,635.1476402793,1050,63.9365,51.36,296,258.5,797.26,1.1198561698500002,2.165,808.43,755,302.25
2007-05-01,65.15725955204,67.47608695652,64.5447826087,7.61347826087,7.98,2.00386304348,2.496511688,1.849896642,1.94138339545,2.27678142123,1.99736876512,1.55,894,1169.41,816.09,334,788.7,268.26,161.6894342,160.22776,150.00895866000002,317.6,195.7212822,0.68895625,0.88683983233,2.699336728,1.7530587085,9.6782818,0.67124228727,0.463210704,0.207895666,3397.24,261.94534536608,806.2126756457,1.22466641,2.3689,44,338.125,293.125,192.5,2792.75,102.02,7681.42,2101.25,14140,52179.048,3831.26,667.31,1300.65,13.1478,392,56,373.587445,724.04713333112,3.9870561,7.22,135.28151314110997,1200.1699999999998,180.7788564,641.10263026021,1080.56338028169,63.450909090909995,50.25,295.8,255.4,866.8499999999999,1.0375697650899998,2.2192,844.71,831,300.355
2007-06-01,68.1880952381,71.31619047619,65.75619047619,7.3041428571399996,8.03,2.01698333333,2.630773046,2.043241816,2.07378019691,2.31339900297,2.25044158775,1.6575,979,1268.18,833.19,361,835.55,278.14,184.4487629,165.24718,154.7863702,323.25,223.0391801875,0.7785205625,0.93534291432,2.679054224,1.78023065,9.934017720000002,0.66663462857,0.47010896952,0.204809198,3409.32,257.9107862002,807.06212916332,1.33599972,2.2342,44,355,291.875,192.5,2676.93,103.21,7474.38,2425.2,14099.76,41718.571,3602.85,655.66,1286.24,13.1443,387.875,61.6,356.9454,718.0780328379201,3.991257,7.109999999999999,131.68831222939,1354.38,205.0296786,642.6457431651601,1107.1830985915497,67.49190476190003,56.78,300.5,257,968.33,0.97681993893,2.1098,867.6800000000001,916,302.48599999999993
2007-07-01,73.6016955267,77.20409090909,69.45909090909,6.22090909091,8.13,2.15846772727,2.593294506,2.039493962,2.12968231645,2.4856505459,2.26739640344,1.636,929,1404.95,854.52,375.5,887.12,301.41,177.9077053,146.84264,138.4721822,328.8,238.40670983625,0.73373840625,1.14248400658,2.673322212,1.78941656667,10.18975364,0.68139055636,0.46557375124,0.224430316,3364.03,263.05015633851,826.40853463655,1.49583467,2.076,44,355,269.5,192.5,2732.44,106.09,7972.57,3082.76,14737.84,33425.682,3545.58,665.38,1303.02,12.9093,398.5,67.31,364.8456,744.4825074137399,4.086933,7.26,119.11122194066002,1382.65,225.6061338,645.6197373767003,1186.05633802817,74.1419047619,58.06,306.8,260.3999999999999,919.55,0.9543698619299998,2.0401,925.81,999,302.7124999999999
2007-08-01,70.1268115942,70.79652173913,67.20565217391,6.19543478261,8.34,1.9052273913,2.715871378,1.927719728,2.06863676179,2.54607041236,2.047339873,1.6125,910,1472.3,830.65,385,921.79,316.74,158.8833571,151.17312,150.28453616000002,327.5,259.72730786209,0.697223725,1.23112627922,2.692502406,1.79082978462,10.068499540000005,0.67667321455,0.48060716,0.216273222,3307.6,270.93356373415,816.73533189994,1.46827692,2.1134,44,377.5,260.625,192.5,2515.773,121.89,7513.5,3119.455,15174.318,27652.273,3252.523,665.411,1263.61,12.3343,401.625,69.35,371.1995,744.85181656972,4.111436999999999,7.7,120.09830951473,1360.33,253.8987597,646.82332641961,1303.38028169014,72.37826086956998,60.18,306.5,264.5,904.02,0.93596854456,2.0685,958.29,1114,310
2007-09-01,76.76243859649,77.127,73.254,6.0965,8.54,1.93431,2.822795448,2.045446436,2.13256590954,2.60806537567,2.02463235294,1.765,930,1523.39,851.63,426,977.48,363.75,184.655658,159.4404,163.30502188000003,325,326.54486304474,0.66485182813,1.03222037317,2.692061482,1.7981431875,9.92079,0.690375636,0.46307462937,0.215170912,3302.92,274.96005367452,819.62103523733,1.50244853,2.1623,57.75,392.5,305,197.5,2391.25,148.65,7648.975,3226.55,15023,29537.5,2881.4,712.653,1307.65,12.8335,399.625,68.44000000000001,378.666,779.3883250698201,4.295358,8.09,120.1119247221,1220.96,322.97685929999994,647.74159892188,1417.2535211267602,79.90631578947001,62.809999999999995,306.25,272.25,926.63,1.107166604,2.1111,1044.75,1279,315.25
2007-10-01,81.96724637681,82.85782608696,77.14,6.79804347826,9.16,1.91149782609,2.960584198,2.00840882,2.2487123634,2.90050722694,2.09562986325,1.75,1010,1633.34,926.2,450,1007.69,401.91,197.1072664,164.16456,163.19038164,329.2,335.14620304891,0.6586511375,0.97450733665,2.670235744,1.76030427692,9.92079,0.70682112,0.44707776539,0.220462,3280.16,271.68201359109,812.95099860547,1.52008549,2.3317,71.5,402.9,323.75,202.5,2442.37,168.11,8008.435,3719.717,16071.304,31055.435,2975.326,754.604,1410.7,13.6704,406,74.81,387.6987826087,801.24117730585,4.393030499999999,8.55,131.89013899842004,1215.12,325.54891619999995,647.9965329593501,1395.0704225352097,85.90391304348,73.11999999999999,313.3999999999999,293.2,999.67,1.10429072915,2.2628,1146.97,1358,323
2007-11-01,91.33826118326,92.52818181818,86.73136363636,7.13772727273,9.47,1.96833909091,2.8880522,2.041257658,2.20632125151,2.91316303297,1.99830072156,1.7075,1131,1829.84,998.57,489,1141.52,408.59,187.60857279999996,171.2508,170.09745610000002,342,321.81330975,0.65107251563,1.04569953201,2.721382928,1.71455134583,10.11700118,0.72930003429,0.4417507325,0.22266662,3348.08,279.40619632256,806.26766707363,1.53662014,2.4827,71.5,423.75,366.25,202.5,2506.886,195.09,6966.705,3328.182,16691.818,30610.227,2541.318,806.248,1448.73,14.7016,447,84.6,422.05,865.9775352087502,4.4321112,9.14,137.88849896107004,1241.4,307.65107454299994,647.15901685759,1605.0704225352097,94.75523809524,89.75,327.75,311.25,1115,1.04500272667,2.3732,1252.43,1401,320
2007-12-01,89.51994152047,91.45,85.75315789474,7.14976190476,9.49,2.11265,3.033116196,2.014802218,2.31271599986,3.08663577527,2.11817889098,1.73333333333,1153,1978.91,1002.22,503.99,1187.73,433.28,198.93445569999997,180.2542616,187.00909612,360.66666666667,368.62006231324,0.6476276875,0.92586666736,2.734610648,1.6945511,10.29998464,0.72391942588,0.44551889221,0.235232954,3433.31,275.34225348266,788.32880710745,1.53331321,2.4778,71.5,446.875,401.66666666667,202.5,2381.694,190.12,6587.667,2596.028,16263.056,25991.944,2353.083,803.203,1492.9,14.3036,512.5,91,418.945,846.71017478693,4.31325,9.18,138.15681919782,1282.84,345.30966192600005,645.90850371954,1676.05633802817,91.35666666666998,94.25,347.33333333333,331.66666666667,1136.53,1.0540338950199997,2.4088,1336.75,1469,NA
2008-01-01,90.68993506494,91.92045454545,87.17363636364,8,10.7,2.20146,3.083381532,2.187203502,2.37717912132,3.05267028729,1.93636707668,2.1425,1285,1984.16,1122.15,528.5,1280.2,447.9,205.48559940405,206.662316,212.67307754,375.6,370.6609570425,0.688965625,1.02964823806,2.765254866,1.70306895,10.471945,0.73118572364,0.44618359343,0.263893014,3438.78,287.07700063685,812.61574921681,1.61488415,2.6236,71.5,539.2,376.625,230.625,2445.523,193.37,7061.023,2608.136,16337.273,27689.545,2340.114,889.595,1583.3,15.9089,593.875,91.75,483.85425,954.9165144053198,4.293946,9.94,154.74877960388997,1229.94,343.81052019,640.9256080433399,1750,92.97571428571,100.62,364.4,358,1278.1799999999998,1.16943856242,2.5345,1390.42,1709,NA
2008-02-01,93.38759064327,94.81666666667,89.96210526316,8.55,10.84,2.5035,3.467646798,2.54523379,2.39684047172,3.04256443001,1.73129031847,2.41666666667,1382,1984.16,1268.63,574.01,1414.17,458.05,216.38691209,220.06712,218.49547896,464.75,424.995659055,0.79231046875,1.04903404216,2.893122826,1.74486487083,10.471945,0.73269956571,0.444010468,0.297844162,3387.51,288.3971412243,855.83776287721,1.65456731,2.79,71.5,729.375,328.125,240,2776.929,186.12,7887.69,3079.881,17210,27955.476,2438.143,922.298,1999.67,17.569,692.5,132,545.6908000000001,1082.96406753429,4.5190796875,10.46,162.44548780026005,1255.48,388.7480286,639.20719644657,1721.43,95.384,115,NA,432.75,1391.6699999999998,1.45107403878,2.7213,1429.55,1839,NA
2008-03-01,101.84283333333,103.2775,96.7785,9.40142857143,11.04,2.72649,3.304504918,2.687872704,2.26259917845,3.06109700108,1.63170053426,2.095,1471,2075.49,1377.22,558.86,1488.74,465.95,228.62588944443,234.357704,224.93296936000004,594,439.71609184875,1.02655878125,1.23076822792,3.010629072,1.79082978462,10.471945,0.7714,0.45525403,0.29100984,3348.3,304.85272754597,912.45484122926,1.76810524,2.792,71.5,875.625,371,240,3005.289,197.12,8439.289,3008.579,19803.947,31225.263,2511.474,968.434,2025.19,19.3174,862.2,118.25,562.8356249999998,1068.71822675995,4.793636925,10.96,174.07424402600998,1271.44,419.6127114,640.9366008532598,1700,105.4725,111,NA,537.6,1456.39,1.64290976353,2.6960999999999995,1510.12,1863,NA
2008-04-01,108.75818181818,110.18772727273,103.46863636364,10.13227272727,12.19,2.6075,3.10190034,2.453521598,2.48788400741,2.91624925794,2.35240276429,2.195,1443,2126.46,1320.11,549.11,1422.23,516.14,237.77293359886997,246.44368,240.28373842,907,362.22924711171,0.9673077375,1.23371724068,3.164952472,1.80863633077,10.471945,0.78220450286,0.451576323,0.276900272,3410.54,291.75731683686,940.97487459694,1.66228348,2.835,160.375,1029,462.5,393,2959.273,195.95,8684.932,2822.75,21658.636,28763.182,2263.795,909.705,1988.41,17.5,953.5,123,558.94395,1020.85467527063,4.893144099999999,11.42,188.72787272513995,1288.71,323.4278043409099,646.56118194895,1700,112.61818181818,108.75,NA,762.66666666667,1425.91,1.4404226894399998,2.7039000000000004,1471.49,1838,NA
2008-05-01,122.63260894661,123.93619047619,118.94863636364,11.23045454545,12.38,2.68423,3.12945809,2.400390256,2.48375859274,2.93651906909,2.37225670912,2.1425,1502,2253.22,1326.45,566.12,1437.87,504.35,238.41479700855,243.4556488,238.24068557142996,901.8,328.76171271686,0.9232139375,1.31769130901,3.512621046,1.83993910833,10.471945,0.77287176,0.45928533514,0.266097634,3485.76,282.97231647983,933.58398750854,1.63362342,3.0485,190,1037,633.75,546,2902.9,192.95,8382.75,2234.625,24062.25,25735,2182.1,888.663,2052.45,17.06,997.5,133.2,552.2735000000001,1048.3744906193697,4.952984399999999,11.63,203.10903264896,1265.54,255.100277709,648.17526659209,1700,125.01300000000002,120.7,NA,727.4,1432.5,1.24676206296,2.9603,1524.95,1962,NA
2008-06-01,131.52111111111,133.04857142857,127.58761904762,12.67619047619,12.63,3.00118,3.22205213,2.454623908,2.66923710821,3.10126106773,2.59645025689,2.31,1551,2332.7,1293.21,634.85,1535.16,534.37,241.00849152487,287.110824,262.19325197999996,757,348.55307816786,0.8680966875,1.41442612393,3.657023656,1.88961371923,10.73429478,0.77266121143,0.47946285724,0.267420406,3565.33,272.28845584229,932.88574817564,1.69865971,3.2225,190,1043.125,642,546,2957.857,183.93,8260.595,1863.048,22229.286,22549.048,1894.476,889.488,2039.24,16.969,1004.1,159.75,552.1315,1087.5408792899,4.949280000000001,12.07,222.15173377391,1233.45,254.74386410999995,647.30489182899,1700,133.92714285714004,142.38000000000002,NA,591,1396.6699999999998,1.10180884127,3.171,1591.88,2045,780
2008-07-01,132.82518445323,133.87304347826,131.2247826087,11.1487826087,14.37,2.96716,3.248728032,2.540383626,2.75915178081,3.12036180262,2.74459353982,2.4125,1436,2425.08,1213.48,637.25,1506.98,521.57,248.14718443814,265.34032,218.818556,731.75,328.18360435568,0.722035975,1.43169174205,3.92642822,1.94557715,11.1884465,0.78317064,0.52379767,0.313717426,3654.88,275.76173439204,932.7733658719,1.70417126,3.1952,240,1112.5,733.75,546,3071.239,180.5,8414.043,1944.913,23139.348,20160.217,1852.37,939.772,1904.43,18.0339,1075.75,180,559.622,1056.6423145931697,5.013288,12.35,212.06546065898,1148.55,245.4477156,647.8683726201801,1700,133.37772727273003,167.75,700,546.5,1253.48,1.103422394,3.1959999999999997,1549.44,1692,698
2008-08-01,114.56682539683,113.84904761905,113.21095238095,8.25,14.64,2.81578,3.228225066,2.481520272,2.74206651878,2.99641936841,2.62978018792,2.6,1193,2427.18,963.57,557.28,1329.64,441.67,212.25341426403995,235.02696,209.3396921,693.5,329.34415053553,0.799200125,1.1318525629,3.83824342,1.94924021092,11.23033428,0.74397692571,0.5126791319,0.322094982,3704.49,272.94851080369,879.39373032904,1.7206009281,2.9265,290,1131.5,785,546,2764.375,178.74,7634.7,1923.575,20026.25,18927.75,1723.275,839.025,1485.55,14.635,1065,158.4,554.0898000000001,957.04103651996,4.7637072,13.25,178.75777949733998,1104.21,255.3685065,649.25260455987,1620,116.64047619047996,156.9,657.5,468.75,1064.29,1.15844178105,2.9137999999999997,1352.83,1319,607.5
2008-09-01,99.65676767677,99.06409090909,95.96954545455,7.6945,14.85,2.69572,3.158559074,2.323228556,2.66865752877,2.98045665267,2.45351593363,2.572,1110,2313.85,826.02,525.48,1201.02,413.14,189.4592855568,233.84592,216.01087221999995,683.8,295.55033419286,0.80264495313,0.92397093374000006,3.557815756,1.94896887308,10.59540372,0.71387676,0.50924622362,0.298285086,3748.63,284.47124764634,888.75544555624,1.62260032,2.8313,278,1079.25,744.5,546,2525.818,139.64,6990.864,1868.364,18368.864,17794.545,1735.477,829.932,1223.18,12.373,980,150,531.6715,909.77018780339,4.541892225,14.39,173.78281327379,1122.61,223.7689503,648.8177764454599,1616.36,103.93666666667004,147.75,651,420.4,994.09,1.1068470999000002,2.8073,1238.29,1176,561.7850000000001
2008-10-01,72.69275362319,72.84260869565,68.62086956522,6.7335,15.93,2.27393,2.724689858,1.957041174,2.30495518218,2.36712246885,2.32274307768,2.225,856,2119.44,635.75,399.87,942.53,350.96,143.36741545013004,183.0612,163.62593786957,609.25,237.38407758587,0.8074677125,0.90982506564,3.11402575,1.92982986429,10.361714,0.52608921391,0.47192287426,0.26234978,3804.36,304.44857531829,861.69599039057,1.37347826,1.9161,450,965,575,546,2121.413,88.67,4925.696,1480.109,14401.739,12139.783,1302.109,806.62,912.57,10.4413,910,108,492.9177,822.2085238244699,4.314650999999999,15.01,167.66736836214,1154.02,185.9229702,643.8521093631599,1489.13,76.61478260869997,109.7,487.5,348.25,750.65,0.94203309071,1.8623,1040.6799999999998,950,478.572
2008-11-01,53.97272807018,53.241,51.3835,6.6745,15.81,2.05459,2.687211318,2.000913112,1.96734080153,1.97986455161,2.19465785297,1.7275,719,1933.45,581.25,371.76,825.64,333.7,130.0877409413,163.77088,150.75412021999998,552,226.8462326625,0.90254496875,0.85333830755,2.72821725,1.916365935,9.962677780000003,0.5027926035,0.43362554747,0.266979482,3740.82,315.96597694114,872.32760116586,1.21143869,1.6513,450,606,287.5,546,1852.425,64.95,3717,1291.1,13643.5,10701.5,1152.6,760.863,840.3,9.8652,710,92.25,451.98599999999993,756.6602169145799,4.054248,15.06,166.41430737438,1187.59,182.9834766,646.4872983347499,1265,57.29368421053,89.38,440.25,307,514.5,0.88292644683,1.6161,974.82,835,431.07
2008-12-01,41.33892496393,41.58090909091,40.99681818182,5.7948,15.5,2.39385588235,2.622836414,1.819031962,1.92601276103,1.9164806479,2.0890576352,1.7725,740,1761.69,587.24,359.35,745.55,317.86,115.17666870908,158.25936,138.60005015999997,531.8,220.1354096,0.83020357813,0.76172000244,2.6565671,1.91847869583,9.71355572,0.5301947145,0.435943563,0.25904285,3775.49,326.62278045522,845.80048065115,1.22246179,1.2031,450,405,240,546,1490.429,69.98,3071.976,962.881,11240,9686.429,1100.571,816.092,839.7,10.2857,495,78.64999999999999,476.623,733.6504935767501,3.9309599999999993,13.78,153.39085829469,1180.83,179.3091096,646.0691074938499,1250,41.439047619049994,77.25,422,287,540.24,1.0064389609800002,1.1773,838.02,759,413
2009-01-01,43.85521428571,44.86,44.96714285714,5.2414,13.89,2.625922882,2.82852746,1.824102588,2.18581719459,2.45943677322,1.90551481054,2.1925,734,1619.87,658.55,400.92,789.89,382.67,121.39498219577,172.82552,153.25636391999998,580,239.11426721842,0.81986909375000006,0.78288590259,2.636064134,1.92353095,9.73780654,0.5230983615,0.4441758145,0.277561658,3828.99166666667,329.65248684649,818.4485,1.27206574,1.487368,450,350,273.75,546,1413.119,72.51,3220.69,1132.738,11372.857,11306.905,1187.405,858.69,947.41,11.2682,308.875,79.4,470.23299999999995,697.55312275644,3.807408,12.71,138.29190146841,1192.2,195.1088877,574.6986700146601,1195.45,41.73850000000001,76.4,464,318.6,556,1.0277110227499997,1.4079469999999998,831.74,817,386.79
2009-02-01,41.8436754386,43.2425,43.138,4.519,11.04,2.647528158,2.854541976,1.768546164,2.13518684881,2.54270987133,1.7453506751,2.1175,673,1543.24,655.66,374.45,747.64,396,112.53437575821,163.3772,144.12923712,590.75,224.68754205,0.94388290625,0.76646124726,2.535974386,1.91140554,9.92079,0.504867803,0.43494831947,0.292553074,4097.5,322.45407424049,806.652,1.21695024,1.46315,450,320,281.25,580.125,1330.2,75.59,3314.725,1100.525,11039.25,10408.75,1112.075,943,1033.25,13.4125,313.75,75.38,421.8951,690.1954175765902,3.802788,10.52,114.48699546667,1192.07,183.35091330000003,572.9599032930199,1110,39.15052631579,69.06,472.75,319.5,565.25,1.06714966492,1.2977,802.4,805,418.09333333333
2009-03-01,46.6453030303,46.83909090909,45.57590909091,3.9502,10.9,2.50995987,2.833377624,1.682345522,2.21858600382,2.8473854739,1.67037253755,2.138,625,1535.22,660.48,372.75,730.71,366.91,114.84506035754998,164.55824,138.58902706,588.25,230.981732721,0.909434625,0.84705326175,2.612915624,1.89003768462,10.031021,0.51533732,0.435482597,0.29541908,4203.6,288.5691361509,815.856,1.1353793,1.430818,450,295,268.5,682.5,1335.841,64.07,3749.75,1238.909,10675.909,9696.364,1216.75,924.273,1081.77,13.1168,317.8,61,388.23155,679.8600951723898,3.745843199999999,9.48,106.20969493210002,1253.7,183.71835,570.78559738134,1100,47.52090909091,58.56,471.5,332,586.25,1.33094357267,1.2775,776.9,757,NA
2009-04-01,50.2780952381,50.84523809524,50.18,3.4998,8.51,2.55515458,2.973591456,1.665149486,2.5089199608,2.87293988209,2.44382000032,2.21,747,1433,799.7,387.55,809.08,395.57,111.29020326960004,168.49504,154.14482577999996,549.66666666667,233.47312851686,0.8901435875,0.9045228628,2.637386906,1.88240630769,10.031021,0.520884947,0.468261288,0.30093063,4191.175,283.13029886185,815.6835,1.25222416,1.62381,315,278,245.625,682.5,1420.85,59.78,4406.55,1383.1,11743.5,11166,1378.85,890.2,1165.45,12.4793,300.625,63.56,382.51,684.2801426497902,4.043512125,8.120000000000001,88.45693377235,1274.23,182.6160399,567.71685761048,1100,49.80904761904999,62.879999999999995,446,335.66666666667,713.5,1.2915894872799998,1.483,830.19,843,430
2009-05-01,58.15388888889,57.94095238095,57.39571428571,3.81,8.09,2.480858886,3.328755738,1.667133644,2.69362024588,2.96466765651,2.89369308114,2.2225,842.5,1406.55,872.61,425.72,889.62,447.37,128.70362325136995,179.91176,160.08407205999998,533,261.48173459625,0.83020357813,0.88823791278,2.724469396,1.91717146923,9.87890222,0.53835024571,0.4767600981,0.353621048,4226.725,291.06493490753,855.4215,1.36576209,1.69325,270,245,236.25,682.5,1460.447,62.69,4568.632,1440.158,13793.421,12634.737,1483.789,928.645,1128.67,13.9838,267.875,64.5,395.3570000000001,717.61650940064,4.2771075,7.5,89.80709332991002,1258.71,202.4576217,565.91391462903,1100,59.12500000000001,58.03,454,322.3999999999999,826.8399999999999,1.28675470969,1.56165,947.07,941,405.1775
2009-06-01,69.1496969697,68.61681818182,69.21090909091,3.8043,7.95,2.700439038,3.302300298,1.626789098,2.78153715316,3.13644330803,2.80066815145,2.4075,747,1338.81,788.57,442.09,892.92,460.14,148.58836815359004,179.51808,153.04251577999997,574.5,256.6449314908,0.854317375,0.81611932534,2.7447519,1.94388128846,9.55261846,0.55350979,0.49153005,0.362219066,4245.09166666667,279.2527859823,817.9,1.35363668,1.674636,198,220,239.7,682.5,1573.727,71.66,5013.955,1674.455,14985.682,14960.455,1557.273,945.67,1217.86,14.6543,256.1,71.38,406.464,761.61492641119,4.539345000000001,7.18,88.85552186091999,1263.6799999999998,201.72274830000003,563.6295254840297,1100,69.62136363636,60.2,476,320.75,732.62,1.2842793348,1.526818,917.18,907,404.285
2009-07-01,64.66667325428,64.91,64.96956521739,3.3902,6.67,2.791269382,3.10630958,1.580271616,2.95894170344,3.46032776556,2.74399734475,2.6725,685,1322.77,698.48,430.61,846.3,440.22,140.30670078052,151.5668,133.80059242000002,572,224.85038331477,0.82675875,0.71535925367,2.792371692,1.9524665875,9.05216972,0.5563231013,0.507393293,0.406311466,4238.85833333333,281.42337662145,760.275,1.42859376,1.749217,90,224,243.75,615.625,1667.957,83.95,5215.543,1678.609,14038.913,15984.565,1578.609,934.228,1162.26,13.3617,263.25,73.8,408.552,776.0238598948099,4.537124999999999,7.55,77.99253926666998,1278.56,175.63474259999998,561.9291418992799,1100,64.12045454544999,61.1,463.5,320.25,663.91,1.1465831788400005,1.595478,851.56,804,410.2279999999999
2009-08-01,71.62968253968,72.50476190476,71.32428571429,3.1479,6.92,2.956615882,3.301638912,1.59504257,2.99231843422,3.45763709385,2.70531820882,2.814,747,1310.18,746.05,497.53,903.15,453.19,122.24774857563,151.96048,142.37215498,526.25,210.37290809743,0.83364840625,0.83629003698,2.795678622,1.9130089,8.33566822,0.56344332,0.57464995029,0.494716728,4272.55833333333,276.61863311556,769.668,1.41646835,2.0588,90,225,251.5,530,1933.75,97.67,6165.3,1900.1,14869.75,19641.75,1821.675,949.375,1244.57,14.3567,276.3999999999999,72.5,413.77199999999993,785.6114329650701,4.560075999999999,7.76,76.38096685127,1217.04,161.67214800000002,562.01041564519,1119.05,71.06,64.25,432.75,305.5,726.19,1.0763685120399995,1.83885,884.24,820,395.7174999999999
2009-09-01,68.34611111111,67.68681818182,67.90818181818,2.9616,7.13,3.142906272,3.274522086,1.627450484,3.15704239192,3.76446018223,2.74166699354,2.965,701,1232.58,703.85,425.01,858.18,440.95,103.46648361803,150.38576,141.82981846,518.75,191.09332947857,0.8184911625,1.03094669438,2.813756506,1.871171225,7.81317328,0.54300342,0.63736614019,0.508385372,4300.35,280.83979017967,784.272,1.41205911,2.1719,90,225,232.25,425,1834.114,80.71,6196.432,2204.545,14869.091,17473.182,1884.023,996.591,1288.7,16.3895,280.625,67.64,422.29799999999994,775.50176433158,4.5013945,8.42,75.56413676687,1161.64,158.36521770000002,560.69740702041,1150,69.44333333333,61.13,428,303.25,700.6800000000001,1.1303169413300005,2.0666,855.3599999999999,809,392.858
2009-10-01,74.08060606061,73.19409090909,73.27545454545,4.0232,7.6,3.372627676,3.407681134,1.620616162,3.02668042507,3.52390338996,2.94363788524,2.6125,706,1155.42,724.66,430.08,897,429.5,130.65072284964,167.314,159.04790065999998,493,198.84886839643,0.80953460938,1.15261406736,2.746515596,1.82661952917,7.619166719999999,0.48781481818,0.677780356,0.499125968,4329.45,276.62496826472,805.10425,1.47268616,2.352182,90,246.5,234.875,425,1878.568,86.79,6287.977,2240.773,15008.864,18525.227,2071.591,1043.159,1332.77,17.2361,271.625,71.07,444.48,790.04314283687,4.458416499999999,9.1,91.1506045194,1079.38,175.63474259999998,559.31508821673,1150,75.77227272726999,64.35,412.8,298.3999999999999,727.05,1.0802821718300004,2.263682,894.11,846,414.1075
2009-11-01,77.5523015873,77.03666666667,77.62523809524,3.6907,7.81,3.3840917,3.355652102,1.531769976,3.0559291266,3.34950667805,2.91228070175,2.906,729,1151.65,763.33,447.41,932.38,439.57,155.25198187996,171.64448,166.007886,542.75,211.03834934118,0.83364840625,1.15440641492,2.833157162,1.81075615769,7.495708,0.49634818182,0.7024580706,0.490748412,4427.4,271.97349973866,821.0565,1.58291716,2.54185,90,228.5,243.5,425,1949.286,99.26,6675.595,2308.762,14942.381,16991.19,2193.381,1127.036,1400.62,17.8213,273.2,78.8,451.1485,821.0129023831299,4.5697185,9.13,88.13159203015996,1028.92,204.66224190000003,558.60821705601,1150,77.995,66.44000000000001,460.25,337,754.52,1.0274907087499998,2.4888499999999993,933.77,921,491.605
2009-12-01,74.88181818182,74.66954545455,75.48863636364,5.3652,8.01,3.49762963,3.4868159689,1.5407207332,2.97358010567,3.26709531022,2.67697834012,2.97666666667,768,1181.87,821.81,449.35,939.91,430.82,150.58598335049004,164.55824,166.34519286,591,206.2514056275,0.79575529688,1.01357667246,2.88364296,1.81100347083,7.5508235,0.48924128261,0.734208607,0.518747086,4460.68333333333,264.8295343959,795.956,1.6755112,2.80125,90,232,262,425,2180.095,105.07,6981.714,2328.524,15546.905,17066.429,2375.952,1134.724,1437.48,17.6422,331.5,83.1,452.72399999999993,807.70669801337,4.4752220000000005,9.76,109.8432858286,1093.12,206.4994254,557.21747370279,1185.68965517241,74.48727272726998,73.8,515.25,403,835.4499999999999,0.98936456163,2.79415,938.29,986,529.914
2010-01-01,77.1210877193,76.373,76.635,5.8069,8.8,3.52518738,3.50314118,1.544997696,2.89774709912,3.41052368679,2.43771761059,2.845,784,1275.53,830.88,435.88,920.55,423.05,146.53767234932,167.314,161.79485717999998,568.8,201.19093202368,0.7854208125,1.08926182595,3.02253402,1.8298346,7.71617,0.47811535,0.86769201895,0.583562914,4465.53333333333,258.21614989233,792.4427,1.70637588,3.092,90,296.25,266.5,389.375,2235.15,125.72,7386.25,2368.375,17714.75,18439.25,2434.45,1117.963,1557.9,17.749,383,97,442.43509999999986,804.1415311673,4.487813249999999,10.02,119.13880032206,1075.52,198.78325469999996,557.21747370279,1202.54310344828,78.35526315788996,86.94000000000001,510.6,420.2,879.5,0.94131466663,3.0372,914.09,968,485.28399999999993
2010-02-01,74.76301559454,74.312,73.56388888889,5.3357,8.8,3.276506244,3.480213132,1.496496056,2.85121522536,3.32142005883,2.29472561726,2.9375,798,1287.5,830,411.86,909.19,404.85,137.37599107533998,161.80248,154.05664098000003,535,194,0.71996907813,0.98159241609,3.211690416,1.83534615,7.978519780000001,0.45847095,0.88740596305,0.559753018,4389.29166666667,252.75851306509,781,1.76479831,3.1274,90,300,297.5,374.375,2048.925,127.49,6848.175,2123.675,16361.75,18976,2156.9,1095.413,1520.35,15.873,413.625,94.19,424.266,804.9221883427999,4.514179999999999,10.52,113.75559002138,1034.1,191.8019574,557.21747370279,1200,76.41315789473998,83.36,474.66666666667,405,894,0.97588951082,3.0808,900.93,948,421.785
2010-03-01,79.29768115942,79.2747826087,77.36782608696,4.2924,8.93,3.08977493,3.6265999,1.48260695,2.62139846454,3.32195930053,1.7422360931,2.8,921,1317.02,862.83,409.36,911.07,371.38,146.98247256851002,159.04672,154.70259463999997,502.2,191.07507175435,0.8377822,0.9547218697,3.39952404,1.85109343571,8.218823359999996,0.4547158913,0.77412834974,0.411382092,4206.93333333333,249.83986763524,790.10213625,1.89156396,3.33860869565,90,354.375,278.7,340,2205.63,139.69,7462.826,2172.087,17549.348,22461.304,2275.065,1113.337,1599.43,17.1061,424.5,94.375,427.56871499999994,803.2628737163801,4.427467422,10.42,101.63667599970998,1061.33,189.9647739,557.21747370279,1200,81.25043478261,82.9625,445.6,377,996.96,1.12470048816,3.1763479999999995,910.08,949,392.572
2010-04-01,84.18285714286,84.97857142857,83.09238095238,4.0059,7.52,3.221170282,3.731098888,1.576744224,2.77435787002,3.26639387447,2.45334640226,2.60333333333,940,1361.62,862.71,402.6,902.83,376.95,151.70521637143003,157.07832,149.40709740000003,466,192.87,0.82503633594,0.99472843659,3.657244118,1.87943855,8.487787000000003,0.44978851136,0.68384162943,0.36265999,4179.79166666667,246.03528154254,820.2085,1.941829296,3.94818181818,90,372.5,253.75,340,2316.725,172.47,7745.075,2264.85,18683.5,26030.75,2366.675,1148.688,1710.5,18.0623,417.5,100.15,429.64864000000006,818.0699559204298,4.560999999999999,10.98,91.83389526316,1072.37,187.76015369999996,564.6632630402598,1200,84.47761904762,88.7,408.66666666667,343,1021.05,1.0514299700099998,3.2806,909.13,924,371.17
2010-05-01,75.61831746032,76.25095238095,76.874,4.156,7.27,3.178400654,3.820165536,1.556682182,2.79885003181,3.21856280846,2.84798728698,2.33,932,1366.87,855.31,402.87,859.49,371,143.03590335932,163.3772,147.3457777,451.33333333333,181.605588975,0.799200125,1.05471155131,3.58360981,1.9056184125,10.031021,0.42097695238,0.6810622335,0.33510224,4244.575,253.65874816398,836.4713235,1.985701234,3.66775,90,352.75,234,334.5,2040.526,161.35,6837.684,1882.684,17566.053,22008.158,1968.368,1205.434,1624.86,18.4333,410,100.13,403.48799999999994,772.9003271312299,4.84275,11.39,92.74589502559,1108.04,190.3322106,566.7888620506702,1200,73.73,90.9375,396.66666666667,329,1031.05,0.99899255053,2.8869499999999997,862.49,910,368.8225
2010-06-01,74.725,74.83818181818,73.98318181818,4.7948,7.74,3.23087061,4.20861958,1.695793704,2.71804797413,3.00076145372,2.91838246866,2.235,993,1366.87,825.68,401.33,860.28,351.18,145.93266868950002,152.74784,130.97867882,440,157.67209847046,0.96207159875,1.20127028571,3.325007884,1.92183508846,12.394373639999998,0.40909210227,0.723736662,0.350093656,4337.80833333333,260.83782247765,841.092,2.051178448,3.56577272727,90,346.8,226.25,312.5,1931.386,143.63,6499.295,1703.955,17319.773,19388.636,1742.841,1232.92,1553.23,18.4548,392.5,98.1875,390.78399999999993,770.4042131051199,5.20149,10.48,102.1209290833,1136.71,182.6160399,567.49575788167,1200,75.35363636363999,92.8125,392,329.5,1050,1.03652854844,2.90009090909,876.07,889,358.2149999999999
2010-07-01,74.5794011544,74.73545454545,72.65227272727,4.6266,8.04,3.229547838,4.480008302,1.879879474,2.86409975458,3.0446446425200002,3.23265462124,2.315,1031,1366.87,844.43,427.53,910.82,369.32,156.36196489269005,163.75682,132.40286334,441.8,195.81769059129,0.98522084375,1.30241177536,3.26945146,1.93655825,12.68979272,0.42774931818,0.73277369524,0.384926652,4381.85,274.90743387152,871.18287,1.85538815,3.27418181818,98.75,360,259.375,312.5,1988.273,126.36,6735.25,1836.977,18191.364,19517.5,1843.886,1192.966,1525.59,17.9605,418.125,95.98,421.36511999999993,794.51176102273,5.387578274999999,11.32,102.07370050081998,1139.59,222.28170651429,569.6698521914199,1200,76.35047619047995,90.61,395.6,349.8,1063.86,0.95885934492,2.9264090909099996,946.76,937,357.856
2010-08-01,75.82626984127,76.69318181818,74.18380952381,4.305,8.45,3.071697046,4.664755458,1.822779816,2.99338321328,3.26955247269,3.20259716716,2.508,1170,1383.9,943.73,449.84,997.62,398.91,161.23269214492998,175.58128,143.39509866,452.75,246.24722445586,0.89910014063,1.13932707033,3.410106216,1.93540198077,11.96667736,0.432057875,0.771727231,0.408075162,4350.09166666667,294.6719543626,892.1847252,1.9917691881,3.31609090909,125,380.75,263.5,312.5,2118.143,145.34,7283.952,2075.238,20754.762,21413.333,2044.571,1215.81,1540.59,18.3877,459.9,89.78,425.60925,813.66528381834,6.8494,11.3,100.10397055047996,1155.87,261.61493040000005,571.8185899462701,1231.82,76.60181818181998,87.9,412,369,1171.14,0.86485336522,3.14259090909,1012.94,1074,422.8575
2010-09-01,76.11624098124,77.78681818182,75.27047619048,3.9039,8.28,2.875044942,4.909909202,1.791915136,2.9960260726,3.34880855073,3.18176966708,2.4575,1275,1426.71,948.88,468.26,1035.26,409.73,168.11980413512995,205.89464,184.90462885714,476.5,271.67359754743,0.88049806875,1.04685089906,3.390926022,1.93455405,11.73298764,0.43901111905,0.841503454,0.496259962,4358.35,310.9120984774,875.964375,2.308898526,3.533381,125,428,308.75,312.5,2162.341,140.62727272727,7709.295,2184.227,22701.136,22643.409,2151.409,1270.977,1591.75,20.5498,506,94.9,432.0195,827.12243754222,7.2438,11.03,94.24216494045,1182.14,276.31239839999995,575.35057104861,1250,75.29142857143,85.82,448,412,1259.66,0.97408516714,3.362524,1032.57,1114,457.678
2010-10-01,81.71936507937,82.9180952381,80.34047619048,3.4315,8.29,2.927514898,4.798134968,1.879879474,3.03472973501,3.37241399687,3.24677520817,2.485,1412,1471.32,1025.83,495.79,1146.75,417.77,174.62422634836005,235.81432,201.03929780000001,486,270.23219586429,0.91632428125,1.08632365351,3.374391372,1.91204855417,11.757238459999998,0.45409956305,0.84287871695,0.542556982,4357.49166666667,316.36162135653,880.1745,2.78994661,3.92476190476,125,455,332.5,312.5,2346.57,148.48095238095,8292.405,2379.667,26342.619,23807.381,2372.143,1342.024,1688.69,23.3933,557.25,97.45,458.8815,867.4195134310099,7.647899999999999,11.13,88.62092468049,1197.99,267.49391759999986,578.2319598399499,1280.95,81.89952380952,90.99,457,428.25,1420.95,1.0033432303099998,3.84795238095,1149.51,1284,477.68
2010-11-01,84.53406349206,85.67,83.696,3.72725,8.59,2.910318862,5.147346776,2.029132248,3.0270648023,3.39794202704,3.16575237985,2.5175,1512,1543.24,1131.36,514.15,1231.69,436.82,179.09046833728004,238.1764,203.24832704,514.5,274.08076079559,0.909434625,0.82334876,3.501597946,1.88403150833,12.19816246,0.44547608182,0.85621141886,0.58091737,4372.175,313.32446030099,901.45185,3.40970728476,4.31225,125,463.75,365.4,322.5,2333.068,156.1,8469.886,2376.727,25519.091,22909.318,2291.682,1369.886,1692.77,26.5409,554.1,107.16,450.1695000000001,843.81640927426,8.0579,10.84,93.44204566854002,1202.6699999999998,278.5170185999999,580.99853360545,1350,84.23619047619,103.2,477.5,427.75,1631.14,1.0347555517000002,4.2383500000000005,1242.32,1441,508.03
2010-12-01,90.00596179183,91.79652173913,89.07454545455,4.2370952381,8.74,3.06001256,5.471205454,2.074326958,3.04230296836,3.50276276276,2.93747947564,2.68666666667,1715,1644.45,1234.64,545.75,1324.72,449.19,189.64090120530997,250.38048,221.57092386,532,306.5201043804,0.89978910625,0.723890525,3.880792586,1.88173502917,12.456103000000002,0.43194375165,0.846854668,0.616872718,4354.80833333333,306.53989014485,896.9885,3.7034088608,4.746,125,472.5,380.625,322.5,2350.667,163.1,9147.262,2412.929,26163.333,24111.19,2280.929,1390.553,1711.39,29.3248,540.625,118.29,436.4942999999999,832.08761155164,8.230599999999999,10.75,100.28540794401998,1301.1849082568797,308.6468280000001,582.38416766671,1372.57525083612,89.14681818181998,115.24,479.8,413.4,1829.55,1.06214235638,4.68943478261,1382.99,1454,528.286
2011-01-01,92.6905952381,96.29428571429,92.369,4.4934,9.61,3.164952472,5.815126174,2.228650358,3.02085137563,3.55880235112,2.61175177578,2.892,2038,1653.47,1303.57,567.62,1365.73,462.26,195.20185783871,264.94664,246.31778336,516.8,326.55656760729,0.89218215625,0.734611625,4.19428955,1.873927,12.524446220000002,0.43668458476,0.84793166179,0.652787982,4370.775,315.32101589552,907.7824,3.9446714505,5.5195,125,475,378.5,322.5,2439.525,179.18,9555.7,2601.65,27465.25,25646.25,2371.55,1360.46,1785.43,28.5086,547.4,132.48,441.28458,827.82763721784,8.267299999999999,11.45,108.0080141041,1324.8284862385296,320.40480240000005,584.4945008401901,1426.75585284281,89.4085,122.62,467.6,405,2139.05,1.19677266213,5.332,1440.75,1492,493.858
2011-02-01,97.9141920078,103.9555,100.25444444444,4.0749,9.36,3.4722765,6.346880518,2.41075197,2.88210796575,3.55939696316,2.2994269341,2.7875,2256,1653.47,1327.21,566.05,1359.86,468.74,196.45768564745,292.89792,253.15210536,524,348.1203485495,1.00241315625,0.8849569476,4.076562842,1.87543015,12.566334,0.4461348424,0.873911368,0.649701514,4317.06666666667,328.62873281808,927.8085,4.699808916,6.2592,140,490,297.5,374.375,2508.175,187.18,9867.6,2586.675,31526,28252.25,2465.125,1374.68,1825.9,30.7785,413.625,128.36,450.83609999999993,831.50214127155,8.399600000000003,12.02,102.12369104794,1282.27004587156,338.77663739999997,588.68760283644,1426.75585284281,89.53263157894999,117.74,473,420.5,2307.63,1.31099588448,5.5811,1403.14,1704.74,478.57
2011-03-01,108.6452173913,114.44130434783,108.57826086957,3.9713,9.37,3.39291018,6.439033634,2.604317606,2.7577365014,3.57092333587,1.96478616833,2.7375,1925,1637.17,1241.74,552.75,1306.53,437.96,202.57443163402,290.53584,266.1417264,492.75,316.74657066378,0.9962126625,0.85244409418,4.185030146,1.89766906154,12.6545188,0.45777464765,0.87509036043,0.578492288,4537.675,334.76410728956,929.21725,5.063350754,5.41856521739,145,494,278.7,340,2555.5,169.36,9503.36,2624.02,30590.93,26710.35,2341.48,1423.26,1770.17,35.8135,424.5,126.13,462.5973,840.0696164564899,8.9671,12.5,101.23837449449996,1317.73541284404,303.1352774999999,592.2211305343501,1486.35451505017,102.91608695652,121,455.5,408.25,1975.22,1.2463036897299995,4.83947826087,1411.8,1636.96,464
2011-04-01,116.24316666667,123.07,115.7,4.2424,10.36,3.134308254,6.616505544,2.587562494,3.02166955416,3.37234500539,3.02599699041,2.66666666667,2089,1631.42,1219.61,556.58,1310.45,412.37,208.92135991092005,319.27448,289.6099063,484.25,336.12429558105,1.0265261875,0.88096929647,4.3320783,1.90487647308,12.786796000000002,0.47256886362,0.8427711105,0.537045432,4606.99166666667,343.49831515305,946.2089175,4.77557435667,5.8531,145,535.625,253.75,340,2678.11,179.33,9492.79,2701.17,32363.31,26408.33,2362.22,1480.89,1797.9,42.6952,417.5,122.5,477.54696,883.40806851266,10.1743,12.99,109.56884767707,1476.9355045871605,314.89325189999994,596.3314097754799,1598.32775919732,109.95950000000002,124.03,448.25,409,1906.32,1.2940009970899995,4.970650000000001,1447.42,1634.05,484.2875
2011-05-01,108.06851298701,114.45818181818,108.4645,4.30895454545,10.3,3.070815198,6.4174283580000004,2.689195476,2.95091788075,3.1002959792400002,3.13645766301,2.616,2097,1632.47,1230.12,556.8,1296.03,404.36,209.36910764967,307.85776,261.31581322,481.4,355.27788556364,1.01102495313,0.8364106967,4.162102098,1.90791489167,12.63908646,0.46787650743,0.781758252,0.48391409,4431.15,385.24920138391,958.1259625,3.649087024,5.11635,147,547.5,234,334.5,2596.45,177.05,8959.9,2428.32,28676.45,24236.73,2167.35,1512.58,1786.55,37.3359,410,119.12,487.237,862.5110353835199,10.283,13.61,110.51185233744,1435.1651834862405,308.6468280000001,605.6347378262901,1710.30100334448,101.28285714285998,120.46,448.4,421.2,1985.48,1.2704043751099998,4.522599999999999,1406.76,1644.09,479.645
2011-06-01,105.84545454546,113.75772727273,107.52454545455,4.549,10.26,3.015699698,6.062264076,2.60034929,3.01791472078,3.11777169792,3.22847246443,2.7075,1803,1700.57,1192.38,556.22,1319.38,402.45,210.06429381464,310.61352,260.43176059999996,513.75,326.42992919659,0.97554435,0.9164,3.939435478,1.91674750385,12.70081582,0.47025827491,0.783932809,0.555784702,4389.70833333333,417.56132438567,973.158,3.177518806,4.934,155,549.5,478.75,355,2557.76,170.88,9066.85,2524.99,25519.68,22420.93,2234.47,1529.36,1768.5,35.795,575.875,120.09,504.014,870.63023163334,10.0912,14.52,113.85317454804,1376.84435779817,282.1913856,607.7482224649099,1736.4882943143798,96.25409090908998,119.01,473.75,427.5,1761.75,1.18605590786,4.524727272729998,1401.82,1699.32,475.2819999999998
2011-07-01,107.91661111111,116.46,109.98333333333,4.4131,10.99,3.167157092,5.908822524,2.485268126,3.10101146085,3.09573985429,3.41229452826,2.795,1662,1945.58,1183.45,556.5,1337.36,410.41,215.53213093132,300.77152,271.1682599999999,538.25,303.88392977625,0.96107653125,0.97156140075,3.935908086,1.92553515,12.77356828,0.46669544876,0.8362013429,0.622143764,4458.56666666667,430.48876613092,969.42,2.6896364,4.732,161.875,555,483.75,442.5,2525.43,172.98,9650.46,2681.02,27398.1,23847.95,2397.75,1572.75,1759.76,37.9171,597.625,120.75,521.6324499999998,832.59460928646,9.8381,16.22,116.82502995674,1351.6245412843998,266.39160749999996,612.7099401131901,1867.42474916388,97.3065,116.27,506.75,449.25,1372.62,1.0758147941699998,4.561761904760001,1392.95,1672.38,519.4649999999999
2011-08-01,100.48642512077,110.08130434783,105.05666666667,4.0539,10.81,3.0644218,5.962174328,2.470717634,3.02196353381,3.15671145664,3.11417914479,2.795,1454,2076.18,1205.48,552.96,1328.39,409.21,206.09369421563,310.21984,302.52658317391,566,327.06658952609,0.950742375,0.94883461569,3.929073764,1.942821375,11.794717,0.468172744,0.88025683948,0.61178205,4569.35833333333,450.03070651744,973.5985,2.51547142,4.67628571429,182.5,560,475.5,442.5,2379.35,177.5,9000.76,2397.28,24042.43,21845.09,2200.17,1759.01,1804.7,40.3313,597.4,120.13,523.28225,839.5118104608,9.5638,16.55,111.83098840383,1283.84628440367,277.61839623586997,619.18098569347,2054.34782608696,86.32130434782997,118.27,533.75,465.25,1377.83,1.02250180679,4.617571428569998,1350.5,1671.3,553.428
2011-09-01,100.81935064935,110.87909090909,106.00181818182,3.9013,10.85,2.873942632,6.060059456,2.338219972,2.88722099244,3.13785456326,2.85630841407,2.6675,1305,2113.43,1137.25,531.95,1307.85,404.09,209.57357284057997,295.26,288.80522,598.75,315.91622907614,0.94729765625,1.19493784609,3.829204478,1.96165250417,11.243562,0.44907937455,0.8852599119,0.587751692,4595.3,453.62805761751,952.6814,2.576318932,4.5515,182.5,560,508.75,442.5,2293.46,177.23,8300.14,2287.67,22526.6,20377.59,2075.22,1772.14,1748.11,38.1545,587.875,123.09,500.42959999999994,797.2203069189201,9.5901,16.27,109.97837023871,1657.72,267.49391759999986,631.0946717256701,2131.1036789297696,85.57714285713999,115.62,555.5,514,1264.32,0.99134458596,4.51622727273,1309.99,1591.59,561.4299999999998
2011-10-01,99.84775396825,109.46857142857,103.6685,3.568,11.42,2.680156534,5.463489284,2.16273222,2.90292978025,3.23417891394,2.78261042682,2.692,1208,2116.44,1044.75,491.42,1223.1,381,208.84605202522,274.78864,263.672552,599.4,289.01083578214,0.95418709375,1.03269959681,3.917830202,1.9621118,11.133330999999998,0.4482230381,0.8284080112,0.56107579,4582.75833333333,435.85795661484,954.17575,2.438530182,4.06105,188.75,592.5,493.5,435,2180.65,150.43,7394.19,1960.38,21868.64,19039.05,1871.42,1666.43,1535.19,31.9748,571.4,119.39,500.98439999999994,798.47080489825,9.5901,16.479999999999997,108.7830220474,1684.88,253.531323,619.88841412459,2167.2240802675597,86.40619047619,110.88,560.2,489,1082.62,0.99208336331,4.084849999999999,1270.51,1483.81,580.5374999999999
2011-11-01,105.40501443001,110.50409090909,108.58761904762,3.24245,11.32,2.527376368,5.403303158,2.143772488,2.78715949027,3.15501105003,2.54896742077,2.6575,1479,2116.44,1113.38,478.35,1213.96,359.59,211.4554712768,274.39496,265.43624799999986,615.25,281.0064022425,0.956253925,0.681649675,4.204871726,1.9671223,11.17080954,0.44259641636,0.83607588952,0.529549724,4522.575,403.25939883984,892.75085,2.307796216,3.37185714286,195,570,481.25,435,2079.98,135.54,7581.02,1994.22,21291.7,17873,1935.32,1739,1596.98,33.0818,563.5,113.78,481.14215,771.38927860416,9.678299999999998,16.779999999999998,104.55759796356,1597.1899999999998,253.1638863,617.46927324894,2472.4414715719104,97.12333333332997,105.47,584.25,549.75,1294.32,0.97059896479,3.3302857142899995,1273.54,1502.5,568.7474999999998
2011-12-01,104.23047619048,107.90904761905,106.21857142857,3.16423809524,11.53,2.19690383,5.218556002,2.169566542,2.69510301823,3.11060536733,2.36137035401,2.61333333333,1445,2116.44,1121.5,483.03,1203.28,351.62,212.27336667709,258.64776,256.39730599999996,585.75,269.0300071375,0.94247505,0.7577302,4.2218473,1.9801496,11.353793,0.42934179127,0.79828240381,0.507944448,4438.68333333333,387.85881936205,888.4362,2.10430979,3.38447619048,195,530,423.125,450,2022.25,136.39,7565.48,2022.35,19375.01,18266.76,1904.73,1639.97,1454.59,30.3032,488.75,111.56,466.7327,753.88167405045,9.968100000000002,16.479999999999997,104.40292760818,1515.66,244.7128422,615.03255126901,2528.42809364549,98.56380952380998,104.19,565.5,544,1376.58,0.93996398782,3.34685714286,1244.66,1439.77,504.42599999999993
2012-01-01,107.07457226399,111.15619047619,109.78052631579,2.6797,11.45,2.30762,5.229508955,2.132308464,2.65663881539,3.05757403868,2.28034240748,2.632,1451,2116.44,1123.5,503.18,1216.28,385.86,210.55817656619,272.844845,265.6567099999999,542,274.89317414625,0.945230825,0.73058219062,4.25712122,1.99196602917,11.353793,0.42159415527,0.7648488166,0.519408472,4414.58333333333,387.7467478395,876.99865,2.229091282,3.62605263158,195,435,368,495,2144.2,140.26,8040.47,2096.16,21438.63,19854.77,1981.86,1654.05,1499.32,30.6509,451.4,116.46,458.3121,750.7619835485901,9.9077,16.71,98.29450664705,1616.04,253.8987597,615.03255126901,2528.42809364549,100.28700000000002,106.26,534,516.25,1362.05,0.96192371197,3.50378947368,1252.78,1451.82,451.4299999999999
2012-02-01,112.68752380952,119.70238095238,116.14619047619,2.5192,11.12,2.35624,4.941876192,2.247169166,2.56716329218,2.96994962524,2.0940402513,2.6375,1411,2116.44,1146.25,522.96,1249.12,406.19,213.40087266162,279.458669,269.184102,537.5,277.7729592825,1.0678628125,0.77864096153,4.309591176,2.00987856667,11.422136220000004,0.43228146743,0.7414467753,0.531754344,4417.525,374.97851200127,885.0688,2.22115465,4.00252380952,190,445,375,495,2207.92,140.4,8441.49,2121.26,24293.31,20393.67,2057.79,1744.82,1657.76,34.1405,435.5,117.02,466.61835,757.2911614922099,9.535,16.03,94.31598841564995,1760.57,263.08467720000004,612.2960359825602,2528.42809364549,102.214,105.3,529,518.25,1365.48,1.24455195609,3.77876190476,1287.6799999999998,1485,430.4299999999999
2012-03-01,117.785,124.92863636364,122.27590909091,2.1661,11.97,2.35925,4.437018212,2.283324934,2.42423392884,2.75423358245,1.78596820409,2.7325,1338,2138.48,1195.34,547.46,1285.38,440.73,222.78858648901,280.69384,274.034266,548,283.87825408636,1.143646625,0.80257294213,4.347069716,2.04563298077,11.56102728,0.431500056,0.763530053,0.53131342,4379.00833333333,357.05200619994,886.536,2.1935969,3.92904545455,160,441.25,393.125,495,2184.16,144.66,8470.78,2056.69,22985.43,18660.81,2035.92,1675.95,1655.41,32.9532,442.875,107.46,465.7758749999999,758.5465414040799,9.535,16.34,94.27906311747,1766.55,259.77774689999995,610.96493061843,2528.42809364549,106.15045454545997,103.43,544.4,526.75,1366.43,1.2210655536299997,3.78145454545,1289.12,1500.6799999999998,428.7475
2012-04-01,113.6655,120.4635,117.25,1.9467,11.42,2.26678,4.22074499,2.24430316,2.79141738796,3.20417831324,2.38807385065,2.782,1348,2274.96,1233.61,583.83,1308.89,482.37,237.17206304445995,274.00128,254.854072,547.75,266.32392179211,1.02997090625,0.82289048766,4.28688359,2.05580815,11.76826156,0.42987269867,0.7025572785,0.50155105,4354.075,353.69889957438,896.3808,2.203297228,3.84495,185,441.25,494.375,477.5,2049.67,147.64,8289.48,2071.07,22200.62,17939.79,2002.14,1649.2,1585.81,31.5255,478,103.59,464.020425,766.97004478218,9.535,16.85,89.34564425812998,1734.07,254.63363309999997,611.58491903131,2528.42809364549,103.283,101.33,550.66666666667,533.25,1394.72,1.25723456083,3.6649,1303.59,1551.9,440.7149999999999
2012-05-01,104.0860342556,110.52173913044,107.05454545455,2.4374,11.64,2.31393,4.07083083,2.356297856,3.00160249213,3.02418604651,3.18312142989,2.7975,1155,2408.05,1125,577.48,1220.55,502.8,239.45847566667,269.27712,259.35389539456014,600.5,264.35872401848,0.95349815,0.75583243959,4.21743806,2.0737206875,11.794717,0.4182515168,0.66579524,0.458781422,4355.23333333333,367.02541036256,892.1584,1.951840275,3.72813636364,195,485,513.125,477.5,2007.63095238095,136.61,7955.64285714286,2012.82142857143,20405.2380952381,17068.1904761905,1936,1589.04,1470.7,28.7196,490.5,95.83,451.4749499999999,763.3572338907798,9.515,17.12,96.53319470607,1607.08,251.3267028,611.58491903131,2400,94.68181818182,93.77,553.25,561.75,1236.75,1.2071220187799998,3.3764090909099993,1234.88,1522.1699999999998,433.2879999999999
2012-06-01,90.72825396825,95.58904761905,94.23619047619,2.4552,11.49,2.26421,3.718973478,2.33028334,2.9724366848,2.91231787357,3.12499218082,2.88,1058,2425.08,1027.74,578.01,1181.93,514.95,236.75781616667,267.30872,263.93316978796986,600,276.1899195,0.95418709375,0.95276366104,4.124182634,2.0833659,11.794717,0.4097542701,0.6306368001,0.451285714,4282.96666666667,362.31127081427,862.84,1.811756716,3.19871428571,193.125,485,456.875,477.5,1890.17857142857,134.66,7423.02380952381,1854.15238095238,19271.0714285714,16549.1428571429,1858.70238095238,1598.76,1443.86,27.9836,501.625,87.19,442.3029,751.6946586789901,9.1964,17.2,96.09045041368,1558.48,249.4895193,606.6789733724002,2400,82.35952380952,85.31,578,541.2,1089.05,1.0493064800299998,2.8629523809499995,1183.37,1430.48,411.9624999999999
2012-07-01,96.75411255411,103.14090909091,99.22,2.9455,11.13,2.34981863636,4.19869879,2.360266172,3.02936132279,2.98983723063,3.11024673773,2.988,1070,2450.28,1052.84,670.19,1239.49,608.68,253.379732375,333.05328,268.59329800444,573.75,345.68794675714,0.96452125,1.01515810558,4.031809056,2.08841815417,11.794717,0.40143723927,0.63230601238,0.504417056,4191.41666666667,357.19175146739,857.9175,1.851219414,3.07836363636,188.5,485,307.5,279.5,1876.25,127.94,7584.26136363636,1881.47727272727,18546.0909090909,16128.4090909091,1847.75,1594.29,1425.82,27.4318,436.875,88.24000000000001,430.2515,747.4062425678401,8.750300000000001,18.110000000000003,100.9494357434,1502.97,322.97685929999994,606.6789733724002,2400,87.90142857143,87.33,555,518.75,1063.1799999999998,0.8502537056,2.892863636359999,1214.6699999999998,1472.27,409.285
2012-08-01,105.27363699103,113.34,108.37047619048,2.8383,11.18,2.51226,3.85421253704,2.34838039461,3.11729100995,3.06582246362,3.20355056622,3.0825,1001,2469.18,1022.38,684.02,1250.27,651.35,265.69345366666994,331.99205565217,273.33570763713,567.75,349.40035068261,0.950742375,0.97038912808,4.09508165,2.09478268214,11.757238459999998,0.40505721496,0.6336173733,0.460324656,4207.93333333333,354.70767584685,856.65825,1.86069928,2.7930952381,182.5,485,382.5,477.5,1845.37608695652,107.5,7515.53260869565,1900.61956521739,18772.6195652174,15735.2065217391,1818.16304347826,1630.31,1453.26,28.8002,504.5,91,431.03205,749.6034512336201,7.946200000000001,17.739999999999995,99.63469196715998,1431.13,333.73237052935,606.6789733724002,2400,94.11043478261,89.11,545,509,1007.61,0.98487190125,2.5950952381,1230.73,1525.43,436.42799999999994
2012-09-01,106.28496491228,113.3825,110.9645,2.8415,11.08,2.62028,3.945828876,2.31374869,3.10404710124,3.18797649226,3.08916481146,3.035,967,2469.18,1001.38,677.32,1280.95,647.18,256.2365524583298,320.8492,278.16185148541,563.25,353.42092377237,0.96452125,1.000894425,4.062232812,2.10862717083,11.36702072,0.42040518,0.57904924463,0.44065712495,4191.46666666667,353.34306287826,878.19665,1.85518773,3.03845,182.5,485,384.375,477.5,2064.12,99.47,8087.74,2177.67,20771.26,17287.96,2009.85,1744.81,1623.65,33.6085,527.375,88.96000000000001,447.36455,768.4502422078,7.144699999999999,16.829999999999995,98.5816339007,1354.36,343.55331449999994,608.0829184599498,2400,94.50789473684,85.82,543.75,512,980,1.11188084102,2.76275,1268.6899999999998,1572.25,455.1775
2012-10-01,103.40786561265,111.97347826087,108.73272727273,3.3174,11.58,2.46354,3.821047384,2.303166514,3.00924948795,3.15898193463,2.98876652923,2.88,898,2469.18,886,625.76,1177.95,595.41,252.911250625,321.24288,283.07320799999997,558.25,358.195666995,0.956253925,0.98084851102,4.073696836,2.11289206071,10.92609672,0.42354051096,0.52540103,0.44778707791,4223.95,350.2331294111,873.3625,1.80668609,3.20395454545,182.5,474,349,477.5,1974.3,113.95,8062.03,2141.97,21233.7,17168.74,1903.96,1746.58,1635.83,33.1874,533.5,81.85,450.70055,766.4806762482002,7.1099,15.3,105.70108533749,1359.81,340.24638419999997,610.15249444235,2400,89.51739130435,82.8,532.5,520.25,863.04,1.11732749176,2.95377272727,1214.2,1302.61,453.7440000000001
2012-11-01,101.17441558442,109.71181818181999,107.13333333333,3.538,11.83,2.47816,3.525407842,2.153252354,3.01698104943,3.11612345158,2.89231969671,3.0425,848,2469.18,863.18,584.59,1137.78,567.61,252.06614629167,321.63656,289.025682,559.25,360.8228394,0.93351878125,0.84683615,4.293056526,2.1304646,10.961370639999998,0.41925182945,0.49645942762,0.42635251162,4268.775,353.03499444639,870.04914772727,1.782876194,2.97414285714,182.5,447.5,383.5,477.5,1948.82954545455,120.35,7711.22727272727,2181.96590909091,20713.0681818182,16335.3636363636,1912.39772727273,1721.64,1576.36,32.7732,487.875,85.89,449.34511363636005,761.32091633885,7.1594999999999995,15,109.3651582862,1339.11,346.4928081,611.5119238402599,2400,86.67809523809997,85.74000000000001,530,523,806.7,1.0677897500199998,2.80033333333,1184.61,1285.23,448.3225
2012-12-01,101.19366666667,109.6765,105.689,3.3395,11.79,2.41034,3.367336588,2.129442458,3.08301240905,3.31013641601,2.86223414447,3.07666666667,785,2502.25,843.55,591.29,1158.64,577.22,242.94453104167,308.64512,283.95505599999996,557.8,347.9625549,0.9438529375,0.758087,4.374627466,2.15271957083,11.07160164,0.42867686705,0.4920270916,0.425712122,4341.30833333333,354.80016941862,879.93753571429,1.837991694,3.1097,182.5,435,375.83333333333,477.5,2086.76315789474,128.51111111111,7966.48684210526,2279.80263157895,22880.8947368421,17448.5,2040.42894736842,1684.762,1582.25,31.8745,472.83333333333,92.88,459.4466666666699,769.9735730572102,7.2201,15.41,107.04231243184,1303.09,325.18147949999997,612.8590746724001,2400,88.2155,88.84,530,520.4,753.53,1.1233965702499995,2.896049999999999,1188.1799999999998,1271.9,413.75
2013-01-01,105.10021645022,112.97363636364,107.58272727273,3.328,11.87,2.27544,3.467646798,2.197785678,3.00336951773,3.33770742452,2.62040112868,3.052,828.64,2270.76,884.52,595.3,1192.35,526.2,233.32228333333003,303.1336,291.00984000000005,564.2,335.4697071,0.928696175,0.75002570307,4.35963605,2.2166452,11.243562,0.434390112,0.47559952314,0.416101983,4416.93333333333,334.12429369001,870.59366304348,1.885170562,3.3036,182.5,428,380,395,2037.75,150.49090909091,8047.36,2333.68,24545.9,17472.5,2032.2,1671.84782608696,1638.89130434783,31.06173913043,462.25,92.77,465.57,761.7973847091502,7.0197,15.89,107.60817859654996,1926.47,309.0142647,612.8590746724001,2400,94.74428571429002,86.13,540,530,801.3599999999999,1.09557213013,3.0432,1210.92,1298.48,401.245
2013-02-01,107.63743567252,116.5195,111.09333333333,3.3292,11.77,2.1977,3.295025052,2.293466186,2.92514797946,3.33160514514,2.53133879325,2.9125,853.25,1821.71,919.58,610.73,1173.48,518.9,236.99665,302.73992,288.1438340000001,563,318.9350556,0.923184625,0.81957741644,4.354785886,2.18918766,11.574255,0.4355967512,0.45716470067,0.40283306556,4390.59166666667,319.68583597454,842.8847375,1.977764602,3.1859,182.5,419,415.625,395,2053.595,154.63888888889,8060.925,2365.7875,24211.7375,17690.1,2128.6875,1627.57,1674.55,30.3288,464.5,94.94,466.86325,737.55118592758,6.999700000000001,16.47,107.54029997678002,1901.12,297.9911636999999,586.3756970721702,1635,95.29947368421004,85.13,538.75,535,836,1.11242362363,3.0443,1216.99,1285.75,401.645
2013-03-01,102.5225,109.24,105.415,3.8069,11.87,2.15336,3.302079836,2.342629212,2.89627221072,3.48250233346,2.55131429871,2.655,818.75,1763.7,891.5,584.7,1117.43,513.95,239.752425,309.0388,296.741852,559,309.7491381,0.9369635,0.90809637424,4.29239514,2.30933945,11.904948,0.42310513143,0.45945441126,0.40773866737,4377.35833333333,313.7840182914,822.00403571429,2.08226359,2.9773,160,415,395.625,395,1909.56666666667,139.87,7645.58333333333,2169.41666666667,23296.5238095238,16724.9285714286,1926.07142857143,1593.08619047619,1582.95238095238,28.79095238095,467.625,90.98,436.1941666666699,722.6888114786602,6.999700000000001,16.27,113.68108766747,1801.47,285.8657526,575.55043655541,1500,92.9125,82.77,535,532.5,832.75,1.07918368383,2.8002,1161.66,1249.76,401.61
2013-04-01,98.85196969697,102.87545454546,101.66136363636,4.1669,12.88,2.29448863636,3.302741222,2.241657616,2.88914084364,3.39119915918,2.90872337174,2.3675,791.43,1763.7,874.17,563.88,1094.52,495.55,229.64791666667,279.90648,269.184102,557,308.2793913,0.9025163125,0.98048854404,4.269687554,2.2928048,12.370122820000002,0.425360728,0.448058952,0.392512549,4366.9,304.53375040576,834.36775,2.034423336,2.8668,111.5,409,365.625,395,1861.67045454545,137.39090909091,7234.27954545454,2027.38636363636,21662.25,15672.9545454545,1856.00454545455,1487.85727272727,1493.06818181818,25.355,461.125,87.76,455.8924999999999,733.5587313262401,6.999700000000001,16.2,122.80678946534002,1850.72,278.1495819000001,558.5833655464301,1500,92.01909090908998,82.02,535.6,530.6,830.71,1.1033332364799997,2.4985999999999997,1131.82,1221.14,390.7556756756799
2013-05-01,99.36663341489,103.02695652174,100.31476190476,4.0403,12.29,2.34286,3.24489391026,2.18643667765,2.95447469528,3.29168896974,3.18423511609,2.3875,822.5,1780.73,879.47,498.01,1073.2,514.78,231.4851,295.5375444,273.59334199999995,543.5,319.669929,0.90940575,1.05701086066,4.103018282,2.3769812,12.80002372,0.42381737704,0.430191509,0.38851417,4342.71666666667,294.78031103608,833.20073913044,2.043021354,3.038,157.5,410,358.125,395,1832.02173913043,124.00952380952,7249.41304347826,2032.97826086957,20775.8260869565,14947.9565217391,1831.55434782609,1414.02695652174,1475.17391304348,23.03826086957,421.25,87.71000000000001,454.2383695652199,732.5327196989699,6.9947,16.22,118.47814461874,1823.4,279.251892,540.6933649093702,1500,94.75818181817998,81.79,508.75,510.75,827.5,1.0539977015099995,2.5128999999999997,1116.66,1227.73,386.8481189189199
2013-06-01,99.74266666667,103.11,100.3285,3.8254,11.92,2.28358,3.0480965889,2.0014752901,2.83520736062,3.17273419352,3.02538788835,2.3075,890.63,1807.79,876.88,524.66,1037.75,545.2,229.64791666667,298.40944,236.776188,524.25,313.4235051,0.90975022188,1.15764697355,3.933923928,2.39862656,13.710531779999998,0.4310828756,0.4225925847,0.3768356966,4493.375,306.01237122058,844.60285,2.052060296,2.8102,125.625,410,329.375,395,1814.5375,114.815,7000.2375,2099.6875,20267.4,14280.275,1839.0125,1343.35,1430.23,21.109,424.125,82.75431946201002,462.02537499999994,742.5572178700899,6.828799999999999,16.610000000000003,114.37378667724,1785.85,268.22879099999994,561.2954885541702,1500,95.7895,77.28942633541999,483.75,492,853.5,1.0599706165099998,2.3257999999999996,1147.34,1245.25,385.93153153153
2013-07-01,105.25790513834,107.71608695652,103.36217391304,3.6227,11.6,2.30866,3.05091610617,2.09895160487,2.83184987414,3.17334128424,3.0382083382,2.284,860.43,1816.31,827.09,511.3,990.31,569.26,214.03185833333,279.5128,220.021076,509,304.6050243,0.923184625,1.12122947261,3.937671782,2.2156431,14.61222136,0.42762819026,0.423667838,0.371187861,4635.35833333333,298.76375053639,827.70334782609,2.041919044,2.5631,115,410,312.5,395,1769.60869565217,127.19130434783,6906.64130434783,2047.72826086957,19563.8260869565,13750.3152173913,1837.61956521739,1285.51565217391,1401.47826086957,19.7102173913,409.625,77.25921082883,458.32271739129993,727.699527871,6.5036,16.170000000000005,110.0929564116,1719.92,260.88005699999997,547.9998885362802,1433.48,104.69545454546,72.64328692981002,454,461.8,835.54,0.99815795329,2.2426,1008.78,1210.87,387.74058558559
2013-08-01,108.15763636364,110.96454545455,106.962,3.4251,11.64,2.48361,2.979634119,2.072583304,2.78223726302,3.36037372753,2.70633806153,2.28,892.61,1807.79,819.29,511.71,994.65,539.39,185.09622083333,238.73560454546,220.61582235,478.75,305.3398977,0.94040821875,1.19080504574,3.949135806,2.0412777,15.652802,0.43495417018,0.450564202,0.37548687,4675.55,304.38587740248,845.04603409091,2.04478505,2.569,115,360,310.625,395,1817.61590909091,137.055,7192.92045454545,2174.18181818182,21644.4318181818,14314.9318181818,1898.81818181818,1351.74181818182,1496.09090909091,21.89386363636,400.375,76.96,466.17454545455,742.9468560835398,6.5036,15.6,107.49741317685,1714.4,252.4290129,558.31213321263,1343.1,106.54636363636,72.912,425,428.25,868.64,0.97737992238,2.3795999999999995,993.85,1111.6699999999998,399.43913513514
2013-09-01,108.75773015873,111.62142857143,108.40476190476,3.6154,11.25,2.61605142857,2.91630283057,1.93514194867,2.75336137804,3.59112423802,2.5489598961,2.12,985.24,1797.87,826.25,560.18,1019.72,576.81,159.83495000000002,207.405387,216.934608,444,307.50777423,0.9369635,1.11971564762,3.987275732,1.98195338,16.080498279999997,0.43634169676,0.4641717179,0.3835928569,4709.96666666667,300.11634772286,865.133,1.986142158,2.6381,97.5,344,301,395,1761.30476190476,134.18571428571,7159.26904761905,2084.91904761905,22735.0714285714,13801.3928571429,1846.88095238095,1348.6,1456.86,22.5638,374.8,77.61249999999998,467.6616666666701,760.60689774798,6.3714,14.96,107.52065160478,1668.63,259.7961187349999,550.4808558761601,1325,106.247,73.0975,428,431.4761904761899,909.76,0.97394214898,2.4223999999999997,983.52,1005.71,362
2013-10-01,105.42713438735,109.47869565217,106.30227272727,3.6739,11.37,2.7307,2.83734594,1.84526694,2.79777807215,3.7745898512,2.61874436523,2,985.65,1764.66,859.66,540.85,990.96,584.87,155.7012875,201.72521090909,205.24731612,439,325.6867049625,0.93145195,0.99726336075,4.039304764,1.95540208696,16.4574883,0.445395184,0.47967738548,0.41145877443,4770.04166666667,304.31135047213,876.95594565217,1.970268894,2.5345,84.37499999999999,324,296.875,395,1814.58260869565,132.57272727273,7203.02173913043,2115.42826086957,23101.5869565217,14117.652173913,1884.83695652174,1316.58,1413.48,21.917,370,79.4125,477.365,771.0013850866301,6.8104,15.3,109.03186360077002,1650.81,287.7196377681799,558.1754340667202,1335.87,100.50043478261,80.6475,423,420.4347826087,912.17,0.9576916679300002,2.3187,1010.85,1008.48,376.31578947368
2013-11-01,102.62649122807,108.07619047619,105.85380952381,3.6174,11.42,2.75517,2.69003533124,1.75721861648,2.77881191747,3.72303055611,2.5234051963,2.09,1274.5,1754.88,904.05,551.32,989.83,567.19,158.91635833333,199.13474,195.23082029579,438,306.75162817895,0.923184625,0.7659979881,4.137410354,2.03405203158,16.823455220000003,0.44078291276,0.4594097387,0.38937788476,5051.89166666667,297.3641195705,878.24803571429,1.865769906,2.4896,87.5,320,305,395,1747.96428571429,136.32380952381,7070.65476190476,2089.55952380952,22826.880952381,13684.0119047619,1866.41666666667,1275.86,1420.1,20.7576,334.375,82.25,472.4216666666699,772.1373637324,7.3217,15.4,108.65121105615,1614.74,274.42686796578994,545.4326506704999,1357.14,93.94947368421003,83.81800000000001,405,414.3,1108.1,0.8806341172000001,2.3023999999999996,1021.7,1004.05,395.8823529411799
2013-12-01,105.48165079365,110.674,107.91952380952,4.2366,11.55,2.82454,2.777159814,1.937640518,2.89628989425,3.80675806449,2.55211161825,2.33,1270,1697.56,886.25,564.03,990.52,569.45,161.67213333333,197.391152,205.896296122,451,291.55664720357,0.923184625,0.73998040909,4.17555028,2.0723428,16.865342999999992,0.44749630073,0.43545444276,0.36489610457,4835.15,287.34816346819,892.832625,1.9287669225,2.5585,96.875,320,305,395,1739.81,135.79047619048,7214.9,2136.7275,22762.125,13924.55,1974.975,1221.5119047619,1355.66666666667,19.67,341.625,84.3375,479.61693181817986,784.95983058031,7.771300000000001,16.38,117.45234821935,1552.25,267.04840060125,527.0611353250299,1342,97.85142857143,84.615,398.66666666667,400.76190476190993,1147,0.97146151746,2.3124999999999996,1007.11,996,419.41176470587993
2014-01-01,102.09666666667,107.42,104.01,4.7008,11.59,2.81943,2.926192126,1.934113126,2.87440012549,3.89903534357,2.16166503291,2.5625,1269.09,1560.64,862.63,565.5,942.1,539.52,167.64297916667,198.0643448,210.210517,450,275.577525,0.9259404,0.75383950318,4.180841368,2.114431,16.92707236,0.4448457113,0.446876474,0.344582106,4924.33333333333,286.59503651868,897.7785,2.005322352,2.3446,97.5,333,330,395,1727.41,128.119,7291.47,2143.17,22063.86,14101.25,2036.93,1244.27,1420.95,19.875,403.375,81.61,476.77608695651986,789.30814077123,8.192200000000001,16.670000000000005,123.47593413513,1536.47,246.546351333,525.6797311766202,1298.64,94.86,82.9,377,405,1158.64,0.99254824857,2.1442,948.01,951.82,402
2014-02-01,104.82666666667,108.81,104.94,5.9733,11.3,2.99284,3.828102168,2.11423058,2.57569303055,3.6535768878,1.85150220385,2.222,1364,1409.8,904.34,490.73,970.96,570.75,169.93945833333,209.3235928,221.123386,459,292.1121765,0.95418709375,0.77092533291,4.280931116,2.02384116,16.975574,0.446113616,0.47730023,0.366187382,5051.89166666667,291.83593789742,902.193,2.07344511,2.1658,97.5,367,353.125,307.625,1695.17,121.37,7149.21,2108.03,22820.67,14203.55,2034.53,1299.58,1409.53,20.845,450.125,76.29,478.135,793.18927713998,8.203999999999999,16.76,137.61069871913995,1557.26,258.6717624330001,535.29272259951,1250,100.73,77.6,382,449.85,1292,1.0456354891899995,1.9011,971.77,953,393.16
2014-03-01,104.04,107.4,104.15,4.8783,10.88,3.04167,4.719870958,2.323008094,2.49552354663,3.59373803874,1.80283260114,2.09,1389.05,1366.87,953.81,530.81,996.67,601.52,177.7474875,222.33078,234.351106,422,323.7117327,0.96452125,0.80641942502,4.471189822,2.25711095238,17.085805,0.451403888,0.485677786,0.39462698,5083.59166666667,290.9233267362,905.7355,2.13737909,2.2853,106.6,384,327.5,278.5,1705.37,111.833,6650.04,2053.08,23024.31,15678.1,2007.9,1336.08,1451.62,20.716,486.5,73.34,483.805,796.30376928775,8.046899999999999,16.55,122.1747631506,1651.2,286.91662156199993,533.6187885505302,1235.71,100.57,74.6,366,425.1,1376.9,1.1213649784699995,1.929,1009.95,984.76,378.57
2014-04-01,104.86666666667,107.79,104.73,4.6339,10.73,3.05061,4.926884776,2.32697641,2.67085795318,3.54786053276,2.37804666012,2.08666666667,1356.13,1366.87,926.63,516.18,1001.69,584.36,181.42185416667,222.3583376,232.36694800000004,395,324.8140428,0.9300740625,0.84688586386,4.351478956,2.37679032381,17.66121082,0.45114264,0.536384046,0.39132005,5089.1,290.32752121041,912.4935,2.07675204,2.1542,111.5,383,260,299,1810.67,114.581,6673.56,2087.09,23405.2,17373.6,2027.21,1298.45,1430.33,19.736,409,72.82,483.5249999999999,802.2452620004099,8.277800000000001,16.79,118.65642551874998,1629.2,277.09136420399994,532.52594726328,1197,102.08,75.06,352,399.29,1291.75,1.2259495332899997,1.7756999999999998,1011.42,952.25,370.91
2014-05-01,105.71333333333,109.68,105.6,4.5625,10.2,3.02999,4.72229604,2.270538138,2.86976530451,3.66513990034,2.98165601318,1.9625,1413.25,1366.87,898.42,519.42,961.81,568,181.88115000000005,217.2956128,220.682462,388,334.7348337,0.9149173,0.84080267371,4.382123174,2.56470793333,17.967652999999995,0.44869344,0.543659292,0.402784074,5117.55833333333,292.49542174215,918.0525,2.043903202,2.0215,112.625,385,265,300.875,1751.05,100.56,6891.13,2097.32,23271.25,19401.08,2058.97,1288.74,1456.27,19.342,413.5625,73.69,480.9,807.1326189092099,8.235800000000001,16.32,114.95136110006,1632.73,277.212618315,536.50236424029,1180,101.86,75.78,346,391.55,1255.25,1.12031141124,1.6931,954.94,951.5,390.48
2014-06-01,108.37333333333,111.87,108.01,4.5692,9.77,3.17433,4.362722518,2.180589642,2.8475067078,3.57636224098,3.0611578824,1.905,1393.25,1366.87,861.88,511.14,925.82,543.86,160.29424583333,202.3948248,204.698967,397,306.4422078,0.92662934375,0.83456079164,4.543942282,2.55106028571,18.14622722,0.443827696,0.56548503,0.400579454,4996.075,291.72154850481,921.3225,2.00399958,2.0394,111.4,389,288.75,301.5,1838.95,92.743,6821.14,2106.94,22762,18628.81,2128.1,1279.1,1452.76,19.892,421.375,71.48,475.685,810.00753473791,7.8999,16.130000000000003,112.85978969451,1720.6699999999998,236.647606635,535.08290673568,1180,105.24,74.09,356,402.57,1233.75,1.0711769075199995,1.7112999999999998,948.33,942.38,404.5
2014-07-01,105.22666666667,106.98,105.76,4.0099,9.27,3.19604,4.34089678,2.244082698,2.96437290307,3.50965067179,3.28846803743,2.095,1255.22,1373.38,853.69,471.74,897.43,503.35,138.70734166667,182.726572,193.014481,422,280.3542021,0.9300740625,0.78965097912,5.170274824,2.4511366,18.981778199999997,0.442260208,0.546304836,0.402563612,4991.25833333333,292.69672623061,930.5875,1.848353408,1.9986,111,390,305,279.5,1948.3,96.05,7113.38,2193.24,22424.01,19117.65,2310.62,1310.59,1492.18,20.923,440.625,68.75,474.005,818.1531295859098,7.746200000000001,15.208826629869998,103.06692548226002,1734.13,218.30884093800003,536.87160193075,1181.74,102.94,71.44000000000001,375,435.39,1106.3,1.02260802661,1.7003999999999997,892.08,908.04,420.87
2014-08-01,100.05,101.92,101.85,3.884,9.14,3.27027,4.695179214,2.21013155,2.79228724949,3.48655913978,2.86030260869,2.03,1187.62,1388.91,778.69,458.57,861.77,502.12,118.498325,176.4237552,191.36101600000003,445,263.4521139,0.9576318125,0.76817467302,5.793300436,2.2707586,19.248537219999992,0.434879952,0.565264568,0.379635564,4919.96666666667,289.17128727456,910.3135,1.6314188,1.86,111,391,311.25,279.5,2030.49,92.614,7001.84,2236.84,22231.05,18600.2,2326.99,1295.13,1446.33,19.736,446.5,68.94000000000001,466.095,800.3286514479399,7.7162,15.739999999999998,101.27992523272997,1729.32,220.362812091,530.40515427272,1200,96.38,71.19,414,460.57,938.81,0.9889370238,1.6661,851.75,853.75,442.62
2014-09-01,95.85,97.34,96.99,3.917,9.24,3.21483,4.641386486,2.216084024,2.63503948919,3.36786920479,2.64524926277,1.892,1193.41,1388.91,760.75,430.17,839.82,459.73,105.63804166667,163.0583192,180.55837800000003,432,243.6105321,0.923184625,0.76880944068,6.174699696,2.35999321905,18.34684764,0.421556304,0.559091632,0.353400586,4923.76666666667,277.55159448924,889.004,1.617750156,1.6704,111.375,398,317.5,279.5,1990.43,82.37954545455,6872.22,2117.24,21090.52,18034.8,2294.59,1236.55,1359.48,18.369,438.1,65.94000000000001,451.815,781.5937832975402,7.7162,15.16,101.76310720818998,1678.85,202.83240713400005,509.09202528786,1213.64,93.22,67.86,411,449.91,904.55,0.96690945973,1.5318999999999998,836.4599999999999,834.09,442.05
2014-10-01,86.08,87.27,86.57,3.7719,9.77,3.10083,4.966788398,2.30823714,2.64901403857,3.42273249139,2.61180962433,1.9125,1148.7,1388.91,764.4,425.81,833.03,453.13,112.06818333333,163.121308,195.21910099999997,428,245.4477156,0.897831495,0.73215160785,5.952914924,2.36086046087,17.50247818,0.413784176,0.582240142,0.36927385,4943.225,275.64985208255,875.7605,1.550729708,1.6332,116,398,317.5,279.5,1946.19,81.06,6737.48,2034.26,19830.41,15812.37,2276.83,1222.49,1259.76,17.163,418.75,63.71,443.485,769.9503741912799,7.7425,15.89,103.01527984123,1696.44,220.142350071,505.60380215163,1338.7,84.4,65.74,409,437.57,936.09,1.0087932989699997,1.5061,859.11,888.26,436.96
2014-11-01,76.99333333333,78.44,76.73,4.1003,8.9,2.90909,4.616033356,2.272081372,2.64679409388,3.332729146,2.70515313563,1.9025,1191.63,1388.91,764.75,449.9,825.98,473.6,113.90536666667002,178.7425304,213.84814000000003,418,258.6754368,0.89907159375,0.72114896827,5.84003838,2.314851,17.306266999999995,0.407350944,0.534840812,0.356927978,4922.275,256.13167017909,859.901,1.488559424,1.6369,119.5,385,317.5,279.5,2055.55,73.73,6712.85,2030.18,20033.47,15807.05,2253.22,1175.33,1208.32,15.966,408.75,62.55,436.59,756.00703242205,7.8693,15.59,102.66395932005,1806.34,236.02663861200003,469.80306833327,1397,75.81,65.66,400,423.8,970,0.99774997158,1.5369999999999997,841.3299999999999,922.75,422
2014-12-01,60.70333333333,62.33,60.52,3.4328,9.83,2.94695,4.339133084,2.197344754,2.62448058638,3.36962734339,2.62381441575,1.88,1212.14,1372.88,719.64,448.32,814.55,469.67,123.09128333333,178.7346568,227.296322,418,269.6985378,0.90940575,0.76923261913,5.463709746,2.22351674286,17.3834287,0.402289264,0.546966222,0.33796824600000003,4926.225,249.39418635265,852.162,1.50575546,1.608,119.5,381,308.125,279.5,1909.46,68.39,6446.45,1938.11,19829.71,15962.05,2175.76,1200.62,1215.32,16.295,418.375,62.44,431.165,749.2030649607801,8.212200000000001,15.62,98.9997770052,1795.13,261.78027691499994,457.4450082296699,1427.38,59.260000000000005,66.14,398,421.18,972.26,0.94885756269,1.4711,814.81,900.95,382.39
2015-01-01,47.10666666667,48.07,45.98,2.9743,9.25,2.91591,4.188778,2.160748062,2.61454547791,3.24,2.28363643372,2.32,1145.71,1350.33,719.64,433.21,796.58,442.64,128.14353749999998,174.7073104,215.060681,420,248.3872092,0.90940575,0.75791259571,5.297922322,2.22246692381,17.416498,0.380311776,0.556446088,0.338188708,4922.85833333333,251.47984477881,826.7105,1.48481157,1.6633,119.5,381.5,305,279.5,1814.72,68.23,5830.54,1843.13,19454.12,14849.19,2113.05,1250.75,1242.45,17.236,440.25,61.44,407.61,726.82663676069,7.9288,16.187337970939996,91.05910463255996,1712.65,231.470423532,461.27057469485,1392.86,47.27,59.290000000000006,400,418.55,1010.48,0.8883551563900001,1.4197999999999995,777.72,870.71,374.42
2015-02-01,54.79,57.93,55.83,2.8478,8.27,2.9617,3.943844718,2.168464232,2.45444324111,3.11,1.83582972332,2.4175,1160.5,1344.82,723.04,423.55,762.61,418.25,125.38776249999998,173.6955528,217.706225,420,236.9966715,1.00241315625,0.70416893315,4.883453762,2.02935271,17.48484122,0.370874192,0.542777444,0.321654058,4910.96666666667,250.88643203199,835.2125,1.539706608,1.8166,121.25,382.5,305,279.5,1817.82,62.75,5729.27,1795.66,18233.91,14573.84,2097.76,1227.08,1197.16,16.787,444.125,69.05,397.49499999999995,734.3014179153199,7.7052,14.20383414428,83.52026289136998,1677.34,219.848400711,460.18212230217995,1350,50.61,63.48,400,417,1052.37,0.93813766683,1.4292999999999998,762.51,825,353.5
2015-03-01,52.82666666667,55.79,54.91,2.8006,8.27,2.877,3.543706188,2.031777792,2.40935001402,3.08,1.42405004206,2.724,1090.68,1344.82,698.86,409.79,749.93,412.36,126.30635416667,174.2270208,227.73724600000003,410,230.7502476,1.03858270313,0.6338155166,4.715902642,2.1525108,17.453976539999996,0.353795104,0.530652034,0.290127992,4961.56666666667,247.32228981404,816.5735,1.52890397,1.7441,123,383,295.5,283.4,1773.86,58.05,5939.67,1792.47,17421.91,13755.5,2028.73,1178.63,1138.64,16.24,428.8,64.76,379.19,717.9143976917,7.5809,13.04131932439,82.15949876812999,1570.53,218.79753174899997,453.64468416031013,1350,47.78,59.92,392,411,1020.8,0.92852366349,1.4296999999999995,751.16,804.55,360.74
2015-04-01,57.54333333333,59.39,58.8,2.5797,6.77444566675,2.86827,3.6155768,2.029573172,2.63454324852,3.01,2.12612974557,2.7675,1077.5,1344.82,682.75,394.73,747.74,398.09,129.06212916667002,172.0539072,224.20985399999995,399,223.4015136,1.0320377375,0.61212762127,4.81599239,2.30540262857,16.92707236,0.352456208,0.537706818,0.288364296,4986.70833333333,249.06035325789,814.23,1.58071254,1.7003,114.125,380,260,299,1819.19,52.28,6042.09,2005.36,15900.88,12830.92,2212.72,1198.93,1151.29,16.341,409,56.24,377.755,715.85404134779,7.771300000000001,10.93665948014,70.94130906679,1569.57,209.699799057,456.83268327931006,1339.5,54.44,58.95,384,400.26,979.75,0.91489712773,1.4070999999999998,747.72,833.5,354.02
2015-05-01,62.50666666667,64.56,63.69,2.8383,6.68399731108,3.096,3.493881776,1.930365272,2.88605338527,2.97,2.5956601558,3.0925,1131.94,1344.82,697.35,388.2,785.13,386.12,126.76565,166.2943688,217.375532,381,215.3179062,0.9438529375,0.61466669195,4.4974248,2.35343185,15.860036280000005,0.36460424,0.542556982,0.294096308,5018.00833333333,246.50313840288,842.461,1.606286132,1.8391,110.5,380,265,300.875,1804.04,60.3,6294.78,1991.78,15803.59,13511.34,2281.8,1198.63,1140.4,16.833,413.5625,61.190000000000005,390.7749999999999,740.67414800229,7.4847,9.336900163869998,72.56776885161999,1619.84,200.771087247,452.14217630518,1270,59.27,61.63,368,386.53,962.06,0.94074890143,1.5501,769.9499999999999,916.05,351
2015-06-01,61.30666666667,62.34,61.78,2.7692,6.66672592954,3.23951,3.522100912,1.98966955,2.99673680287,3.01,2.71221040861,3.268,1123.64,1365.86,705.91,391.48,788.21,387,118.95762083333,166.7195432,221.123386,376,209.8063557,0.923184625,0.62990111598,4.438781908,2.284788,13.79210272,0.366171728,0.545863912,0.274695652,4947.23333333333,240.58658497588,847.7475,1.59504257,1.8241,118.9,380,288.75,301.5,1687.73,62.63,5833.01,1829.5,15064.94,12825.23,2082.09,1181.5,1088.82,16.075,421.375,58.96,392.4549999999999,745.3219285920298,7.2753,9.18912211656,71.54643535463997,1547.16,204.989260563,441.28988712119,1250,59.8,60.71,365,375.95,914.43,0.8999944339000001,1.5829,841.7900000000001,927.95,349
2015-07-01,54.34,55.87,56.25,2.83,6.69403713465,3.32596,3.40503559,1.920664944,3.09647655031,3.04,2.85692965093,3.3925,1103.04,1388.91,680,405.87,752.32,407.09,124.00987499999998,179.596816,222.887082,392,197.3135079,0.9383413875,0.64233198281,4.64623665,2.0693365,12.25989182,0.359346624,0.543879754,0.282852746,4878.08333333333,241.26901714009,848.0745,1.59504257,1.6425,121,380,283.75,301.5,1639.5,52.39,5456.75,1763.04,15071.53,11413.1,2000.68,1128.31,1009.27,15.053,431.5,59.9,385.14,745.6094201748999,7.2753,9.495083258450002,72.62187601155998,1440.43,207.377599113,442.54162113928,1269.13,50.9,57.9,376,389.86,869.13,0.8879869848499998,1.4530999999999998,809.98,917.39,345.78
2015-08-01,45.69,46.99,47.22,2.763,6.34573758328,3.15391,3.459489704,1.891123036,2.9590963931,2.91,2.7972891793,3.17,1032.38,1392.06,601.38,378.78,728.33,385.86,110.69029583333,162.5937768,183.53461499999997,373,179.6765463,0.9576318125,0.68427954621,4.766608902,1.81933640952,10.39037406,0.363689872,0.5401319,0.2535313,4925.58333333333,241.69995960799,849.982,1.583358084,1.4489,121,378.8,274.625,301.5,1548.13,56.19,5127.3,1703.6,15163.77,10386,1807.64,1117.93,984.1,14.941,434.625,59.14,389.795,747.2864544083101,7.2753,9.815839657960003,70.36977413643997,1466.01,187.86671034300005,443.33206651276,1233.5,42.86,55.02,362,377.5,735.48,0.90198803043,1.314,753.56,894.75,340.13
2015-09-01,46.28,47.24,46.15,2.6461,6.27869866034,3.27845,3.22205213,1.7967653,2.78155370484,2.65,2.59216111453,3.1025,1051.59,1399.94,599.5,367.49,720.4,374.45,109.77170416667,165.621176,173.61382499999996,357,172.695249,0.94729765625,0.63169962437,4.581861746,1.69230830476,8.76997836,0.366694224,0.533738502,0.261467932,4887.35833333333,247.77514793937,836.7385,1.515455788,1.3466,124,379,279.375,301.5,1589.6,56.95,5217.25,1684.25,15453.34,9937.55,1720.23,1124.77,964.38,14.75,428,57.65,393.015,735.64304530205,7.2753,10.306943949140004,68.96423290149,1471.88,193.97350829699997,454.4753277767499,1280,45.45,51.379999999999995,347,360,799.66,0.90682796362,1.2392999999999998,771.69,896.8199999999999,326.42999999999995
2015-10-01,46.95666666667,48.12,46.55,2.3152,6.0269578206,3.19734,3.37858015,1.824984436,2.8623742092,2.81,2.53712262759,3.24,1104.09,1399.94,636.67,375.95,743.3,372.68,118.03902916667002,171.388588,177.47191,373,172.709946468,0.9300740625,0.66068734788,4.235956868,1.6093726,8.708248999999999,0.366955472,0.552036848,0.306662642,4858.43333333333,248.0848668743,835.812,1.521849186,1.3276,123.5,380,250.625,301.5,1516.49,53.12,5216.09,1720.11,15794.61,10316.83,1724.34,1159.25,976.91,15.813,423.75,54.260000000000005,393.295,734.82848581725,7.2753,10.107426810420002,63.614050100890005,1520.37,206.337753252,455.04342193647,1280,46.2,50.11,362,369.27,857.73,0.9260308335100002,1.2423999999999995,809.13,961.59,342.4
2015-11-01,43.11333333333,44.42,42.22,2.0775,5.50083385123,3.36084,3.262396676,1.802056388,2.82155185268,2.92,2.48965555804,3.055,1071.07,1413.16,608.21,368,727.34,350.57,119.41691666667003,166.1565808,169.09435399999998,368,177.1044894,0.9300740625,0.76780439188,4.029163512,1.61633455789,9.63198478,0.350692784,0.566146416,0.32077221,4813.09166666667,242.90293754011,828.618,1.526037964,1.2367,123.5,366.4,263.625,301.5,1467.89,46.86,4799.9,1618.35,14745.29,9244.33,1583.31,1086.44,885.2,14.452,383.875,52.47,375.865,728.5036709941,7.524699999999999,9.515585913850003,57.82542281205001,1517.92,203.405608386,445.53859850176,1307.82608695652,42.7,53.34,359,366.24,788.75,0.8474996759300001,1.161,799.62,915.24,353.61
2015-12-01,36.57333333333,37.72,34.77,1.9228,5.09276298262,3.34565,3.277388092,1.747822736,2.8090698932,2.95,2.45054301293,3.02666666667,1150,1446.03,607.38,368.42,765.7,338.35,119.41691666667003,163.948036,169.75574,363,189.2299005,0.9300740625,0.76870364607,3.800544418,1.7366393,9.8877207,0.355068688,0.569453346,0.322756368,4789.65,244.61942501985,816.846,1.551832018,1.2661,123.5,360,264,301.5,1497.2,40.5,4638.83,1706.58,14691.69,8707.79,1527.79,1075.74,859.82,14.127,340.625,52.21,380.555,718.15397401076,7.605999999999999,9.080196292110005,53.71191147546,1536.52,191.98200138300004,448.68702245174,1335.65217391304,37.23000000000001,48.77,356,360.24,849.55,0.8597580107400001,1.1611,820.9399999999999,898.1800000000001,371
2016-01-01,29.78,30.8,27,2.2744,4.39818627541,2.95242,3.197360386,1.647071602,2.55220335112,2.85,2.08411005337,2.7225,1152,1359.9,611.63,373.08,736.03,336.48,118.498325,161.0269304,164.905576,369,193.2717042,1.0403050625,0.69284890973,3.63321376,1.85077849,10.471945,0.354742128,0.567910112,0.30974911,4730.95833333333,251.75631310711,785.6175,1.51567625,1.2338,122.6,334,233.875,301.5,1481.1,41.88,4471.79,1646.2,13808.08,8507.29,1520.36,1097.91,855.25,14.106,327.125,49.02,380.2049999999999,690.6985278466101,7.605999999999999,8.40230220527,54.22025368757001,1498.6,191.72847006,461.7776797664,1307.82608695652,31.54,49.09,361,366.19,895.63,0.8558065807499999,1.0829,781.3499999999999,885.3499999999999,364.91
2016-02-01,31.03,33.2,29.5,1.9572,3.96837858928,2.91637,3.25622374,1.632300648,2.35173727427,2.83,1.7452118228,2.48,1218.93,1317.26,679.17,373.75,767.24,323.29,114.82395833332998,159.676608,164.905576,384,187.0252803,1.0540839375,0.69136778518,3.863155626,1.76684545714,10.802638000000002,0.362416288,0.5621781,0.292773536,4670.33333333333,259.34475150201,780.113,1.467615534,1.2696,114.5,286.25,191.875,301.5,1531.26,46.83,4598.62,1765.75,15610.14,8298.5,1709.85,1199.5,919.35,15.167,326,50.27,388.4299999999999,685.85908620163,7.585,8.56185813228,48.433180105039995,1511.99,188.432562861,475.69658186581,1280,30.39,50.33,374,377.38,986.9,0.9309895654,1.0963,779.88,898.19,360.13
2016-03-01,37.34,39.07,35.18,1.7017,3.9101802431,3.07352,3.4722765,1.66669272,2.31288622651,2.87,1.76615867953,2.3025,1440.48,1300.73,715.95,380.97,765.61,319.13,112.98677499999998,159.1372664,160.49633600000004,384,191.067084,1.0127473125,0.68200496207,4.03335229,1.8548871,10.6703608,0.362840816,0.580255984,0.340393328,4569.675,263.61625807948,775.0445,1.443144252,1.4563,114.5,291.25,201.75,301.5,1531.01,56.2,4953.8,1802.19,16897.6,8717.25,1801.69,1245.14,967.73,15.465,338.125,52.21,388.885,681.40296666713,7.3855,7.736698095510002,44.494833931950005,1443.58,189.689196375,483.5314852773999,1280,37.77,52.57,375,374.9,1210.6,0.93921695233,1.2835,766.26,859.19,360.2
2016-04-01,40.75,42.25,39.04,1.9047,3.97007508979,3.0785,3.399964964,1.767664316,2.53755451134,2.99,2.51016353401,2.1125,1580.95,1314.38,775,395.14,794.13,346.19,112.52747916667,164.4125784,162.260032,395,187.392717,0.9934568875,0.71379624278,3.963024912,1.93376668571,10.5270605,0.37015576,0.61508898,0.335763626,4625,271.70013712618,780.004,1.527360736,1.7074,114.125,295,196.25,301.5,1571.23,60.92,4872.74,1732.27,17032.71,8878.86,1855.37,1242.26,994.19,16.36,330.5,50.690000000000005,396.725,685.763255674,7.3855,6.824979564249999,46.626993177280006,1474.33,192.760967187,498.3591369204699,1294.46956521739,40.96,52.349999999999994,386,383.53,1299.05,0.93965644333,1.4885999999999997,808.51,875.9499999999999,371
2016-05-01,45.93666666667,47.13,43.95,1.922,4.32919186506,3.09866,3.421349778,1.850337566,2.57487716258,3.08,2.43263148774,2.212,1439.5,1322.77,753.42,422.55,795.64,421.64,112.06818333333,168.9556456,158.512178,433,171.9603756,0.9851895625,0.76362550473,4.041729846,2.05554569524,10.471945,0.369306704,0.600979412,0.375005862,4680.35833333333,273.2713789693,792.0485,1.549406936,1.6287,110.5,295,198.375,301.5,1550.63,55.13,4694.54,1707.8,16706.95,8660.35,1869.03,1260.95,1035.86,16.947,313.5,51.309999999999995,395.815,696.3525289764,7.3855,6.268892506919999,48.16755906968999,1500.81,189.850868523,501.24114771778994,1200,46.73,54.24,415,414.38,1218.25,0.92890044682,1.3583,805.59,881,377.31
2016-06-01,47.68666666667,48.48,45.83,2.5666,4.75572046689,3.1208,3.64754379,1.894650428,2.6481127369,2.96,2.57683821071,2.4075,1547.95,1365.86,718.18,457.4,799.91,467.73,108.39381666667002,179.872392,166.66927199999998,441,173.0626857,0.9934568875,0.87545040893,4.10500244,2.154515,10.471945,0.366824848,0.610018354,0.42879859,4809.95,282.2621032039,774.7175,1.63362342,1.4944,110.5,285,142.625,301.5,1593.51,51.98,4641.97,1712.77,16966.69,8928.35,2026.19,1276.4,984.14,17.286,306.625,52.849999999999994,393.155,681.11547508426,7.3354,6.40180116949,58.112927318340006,1517.12,187.01425719899996,517.7321573184399,1195,48.75,58.59,422,426.79,1337.27,0.9422734926200002,1.2641,793.48,860.23,372.46
2016-07-01,44.12666666667,45.07,42.62,2.7879,4.67473769135,3.04998,3.786655312,2.002235884,2.77243287823,3.18,2.7047986347,2.4325,1515,1415.37,678.16,431.08,796.67,439.9,107.01592916667002,161.7591752,145.174227,442,151.7513571,1.00930259375,0.96775620733,4.255577986,1.9621118,10.471945,0.361403952,0.62060053,0.43210552,4856.58333333333,285.97679178593,717.0565,1.787064972,1.5932,110.5,281,181,282.5,1629.05,57.26,4864.9,1834.79,17826.23,10262.86,2183.25,1336.66,1087.5,19.992,305.2,61.24,387.3450000000001,630.4211259714099,7.148499999999999,6.757118647049999,60.655991369199995,1493.28,166.51496370599995,524.5457313388702,1327.7777777777803,44.690000000000005,62.39,424,417.89,1290,0.92840991887,1.2816,767.8299999999999,832.8599999999999,361.57
2016-08-01,44.87666666667,46.14,43.74,2.7913,4.0474899302,3.03249,3.693620348,2.023620698,2.77523548898,3.46,2.55570646693,2.31,1575,1433,771.02,412.17,824.42,398.7,95.53353333332998,150.1534888,152.66993499999998,415,149.1793002,1.0430608375,0.95923974111,4.23948426,1.7416498,10.84011654,0.366041104,0.629198548,0.443790006,4889.70833333333,294.02650888806,714.822,1.769428012,1.5519,109.75,281.25,186.25,206.5,1639.28,60.89,4751.67,1835.52,18427.02,10335.99,2279.14,1340.17,1121.65,19.587,318.0625,67.39,392.315,628.4566001551299,6.8343,7.13867472405,57.97386228615,1539.99,159.280135083,539.3107222950699,1565.63,44.75,66.34,403,393.78,1423.7,0.90134392314,1.2972999999999997,817.52,830.3499999999999,347.46
2016-09-01,45.04333333333,46.19,43.74,2.9689,4.25361416995,2.88119,3.88674506,2.135835856,2.79071283003,3.6,2.4421384901,2.33,1557.39,1433,797.85,403.53,837.21,368.05,89.56268749999998,148.4252336,145.394689,384,150.649047,0.9989684375,1.05064628532,4.118009698,1.70490613333,11.88069718,0.366139072,0.61619129,0.474654686,4957.01666666667,292.15097178524,716.6205,1.716517132,1.5727,109,287,187.3,206.5,1592.36,57.79,4722.2,1947.64,19499.52,10191.78,2292.31,1326.61,1046.71,19.357,320,72.72,392.42,630.0378038609199,6.9078,7.539792900810001,61.38218946461999,1536.8,157.560531327,535.8705655777801,1550,45.2,68.33,378,365.27,1443.86,0.90870264846,1.3576999999999997,849.65,865.73,342.72999999999996
2016-10-01,49.29333333333,49.73,48.26,2.9492,5.33681888345,2.71135,3.945387952,2.28508863,2.88826862988,3.88,2.39080588963,2.394,1473.57,1433,749.75,401.87,861.26,361.88,91.85916666667,152.2596768,148.701619,369,151.7513571,0.96796596875,1.06466407133,4.03665922,1.5873264,12.290756500000002,0.360163024,0.629859934,0.489866564,4906.03333333333,286.85858570934,672.9115,1.731067624,1.6576,109,285,187.5,206.5,1665.9,59.09,4731.26,2024.49,20099.76,10259.74,2311.5,1266.55,959.14,17.655,310,94.2,386.015,591.60976228388,7.2753,7.652866646009998,66.36909711138999,1487.98,164.36913337800004,526.1631396451701,1550,49.89,83.79,365,349.9,1331.1899999999998,0.89723924451,1.4765999999999997,914.14,873,336.39
2016-11-01,45.26,46.44,43.77,2.5009,5.69317950115,2.47855,4.059146344,2.286631864,3.03436186364,4.01,2.41308559091,2.68,1553.41,1433,766.93,397.76,885.11,357,91.85916666667,151.803008,144.292379,365,150.649047,0.9576318125,1.13776814777,4.298568076,1.75597983,12.493581540000005,0.352978704,0.634048712,0.446215088,4878.28333333333,275.14033294746,677.326,1.739886104,1.8706,103,285,205,206.5,1737.11,73.1,5450.93,2180.58,21126.09,11128.91,2566.2,1238.35,955.14,17.407,298,103.43,378.315,595.4908986526301,7.3634,7.592588751959999,62.578513627670006,1459.81,167.27555767499996,504.6692295044001,1563.64,45.57,89.14999999999999,357,339.59,1512.95,0.85847031975,1.6586,918.26,873,338
2016-12-01,52.62,54.07,51.78,3.5818,5.4235014224,2.29531,3.566634236,2.24540547,2.98082060272,3.91,2.35912847483,2.67333333333,1727.14,1439.3,811.38,416.07,916.7,355.95,91.85916666667,152.4486432,153.11085899999998,373,141.8305662,0.9576318125,1.07698914355,4.143142366,1.86237899048,13.20346918,0.3445208,0.644630888,0.407634238,4912.05833333333,256.41846705354,680.269,1.7526729,2.226,97.5,277.5,217.75,206.5,1727.74,80.02,5660.35,2209.84,21204.35,10972.27,2664.81,1157.36,918.38,16.432,296.625,88.14999999999999,369.25,598.07832289847,7.501,7.59175415229,74.4216778981,1423.35,161.168759721,470.3291182805899,1600,52.01,80.19,364,354.41999999999996,1666.43,0.83229172491,1.9279999999999995,930.43,873,341
2017-01-01,53.59,54.89,53.37,3.2608,6.1443492548,2.19409,3.717209782,2.388044384,3.04413484829,3.95,2.13640454486,3.046,1818.64,1427.78,825,412,876.85,371.05,91.85916666667,159.9876152,156.19732700000003,377,153.2211039,1.00241315625,0.93501277512,4.074799146,1.9400656,13.41070346,0.346708752,0.649040128,0.448199246,4904.88333333333,258.60132057779,671.8215,1.815063646,2.5584,96.875,270,233.75,206.5,1791.24,80.41,5754.56,2242.62,20691.79,9971.46,2714.8,1192.1,971.15,16.902,308,83.73,371.595,590.65145700765,7.5167,8.042276860509999,74.25577233774996,1397.52,173.606492016,474.33296240772,1643.64,52.51,86.49000000000001,369,355.90999999999997,1737.27,0.83396158677,2.1623,890.8199999999999,873,336.55
2017-02-01,54.35333333333,55.49,54.17,2.8233,6.0515836448,2.03408,3.66738537,2.347699838,2.96014713218,3.97,1.85044139653,3.06,1688.25,1359.9,808.61,394.5312,839.6,373.6,91.85916666667,162.8575424,157.07917499999996,367,155.0582874,1.0540839375,0.90258672674,4.22625654,1.94116791,13.64218856,0.347492496,0.674393258,0.447317398,4870.49166666667,263.4529559727,680.487,1.87723393,2.7089,95,278.75,191.875,301.5,1860.75,89.44,5940.91,2311.5,19446.47,10643.3,2845.55,1234.2,1007.63,17.933,326,79.98,372.43499999999995,598.26998395372,7.368999999999999,8.414987315460001,68.75455064325001,1350.87,181.002992787,483.2319524988999,1653.5,53.4,83.6,361,348.75,1566.5,0.83208504178,2.232899999999999,874.38,873,335.34000000000003
2017-03-01,50.903333333330004,51.97,51.16,2.8875,5.00094507654,2.0638,3.53069893,2.352990926,2.87438580894,4.01,1.69065742683,2.9225,1542.39,1398.98,778.7,383.681592,814.94,360.7,93.69634999999998,158.9640472,151.126701,370,154.323414,1.0678628125,0.92125947564,4.346187868,2.12602050435,13.778875,0.348994672,0.66028369,0.398595296,4864.70833333333,263.47627245699,672.4755,1.913169236,2.3497,97.5,288,223.5,206.5,1901.47,87.65,5824.63,2280.92,19875.2,10204.66,2776.88,1231.42,962.87,17.631,325.625,80.9,374.045,591.2264401733901,7.397499999999999,8.24598306107,64.42494905975,1305.6699999999998,176.53863688200005,483.2747201732601,1641.3,49.58,79.11,364,358.42999999999995,1229.57,0.8499355743500001,1.966,847.3199999999999,835.1700000000001,343.56
2017-04-01,52.16333333333,52.98,52.45,3.082,5.0109139183,1.96116,3.42597948,2.283545396,3.03415611891,4.05,2.17996835674,2.8725,1589.72,1421.4,752.06,387.44,794.04,345.7,94.15564583332996,156.4405584,149.803929,380,166.0813884,1.06441809375,0.84937203723,4.41034231,2.1605276,13.778875,0.349843728,0.633166864,0.362880452,4708.61666666667,270.34311682633,688.444,1.918901248,2.2095,95.625,285,207.875,206.5,1921.22,70.22,5683.9,2220.61,19910.32,9609.28,2614.92,1266.88,960.84,18.033,313.125,83.64999999999999,374.9549999999999,605.2656124702299,8.438500000000001,8.76311875469,67.18458307726,1297.58,172.19186072099995,495.87005659622,1600,51.06,78.89,369,358.53,1085.56,0.86942916886,1.6543,839.3299999999999,797.6700000000001,344.65000000000003
2017-05-01,49.89333333333,50.87,50.31,3.1248,5.05843597847,1.98348,3.30693,2.168464232,3.19804977706,4.02,2.63414933117,2.94,1719.29,1453.05,762.75,389.72,825.06,344.35,94.15564583332996,158.5900512,159.945181,421,180.4114197,1.08508640625,0.7568017523,4.604128408,2.334893,14.29255146,0.3608488,0.626553004,0.354061972,4582.05833333333,265.28412069966,704.5215,1.954175168,2.0971,92.5,275,178.75,206.5,1913.02,62.43,5599.56,2125.11,20200.33,9155.12,2590.21,1246.04,930.27,16.745,309.25,74.42,386.75,619.4006152947097,8.573,9.09680852049,68.15631084638997,1330.3,174.97335654,486.59072030276,1593.04,48.5,74.41000000000001,399,394.95,1098.57,0.91497765147,1.5306,842.05,795,345
2017-06-01,46.16666666667,46.89,46.44,2.941,4.88676678563,1.99825,3.157456764,2.24761009,3.23760429812,3.95,2.62531289435,3.1375,1869.76,1463.07,735.14,378.59,832.95,330.32,94.15564583332996,157.9326056,165.015807,458,189.5973372,1.0954205625,0.72268299014,4.678424102,2.4341009,14.85693418,0.366628912,0.613545746,0.30644218,4517.45,268.39329268766,697.4365,1.868635912,1.7195,92.5,275,191,206.5,1885.29,57.48,5719.76,2132.93,19658.84,8931.76,2573.4,1260.26,930.73,16.931,310.3,81.09,392.945,613.1716309991801,9.1918,8.882709704700003,64.96319760874002,1332.77,183.36193640100004,492.29364075348,1592.27,45.17,79.2,430,440.86,1030.83,0.93177443079,1.4396999999999998,847.47,794.3599999999999,357.18
2017-07-01,47.65666666667,48.69,47.63,2.9614,5.00392083226,1.98858,3.299434292,2.313528228,3.22588379086,3.86,2.83165137259,2.986,1644.05,1496.94,720.48,410.23,835.6,340.86,94.15564583332996,157.511368,163.69303499999998,417,202.4576217,1.0954205625,0.69692200227,4.66607823,2.34571568,14.72906622,0.375772592,0.589294926,0.322315444,4515.00833333333,264.62385799925,707.846,1.853864958,1.7493,92.5,275.75,181,207.25,1902.96,67.74,5985.12,2269.86,20223.48,9491.39,2787.19,1236.84,918.9,16.152,313.75,87.49000000000001,402.745,622.32344638722,9.369700000000003,8.858482327340004,65.75145561549,1355.22,201.77051507099995,485.3796500655701,1485.71,46.65,81.69,399,397.4299999999999,1033.57,0.93605395646,1.5165999999999995,905.99,793,385.87
2017-08-01,49.94333333333,51.37,50.43,2.8757,5.47660118187,1.98856,3.304284456,2.304268824,3.26449979065,4.13,2.76683270528,2.89666666667,1845,1510.17,717.95,392.87,861.72,330.17,96.452125,148.496096,169.865971,393,171.2255022,1.0954205625,0.71697008112,4.473835366,2.19215910435,12.841911499999998,0.385569392,0.553580082,0.316803894,4432.19166666667,270.95825998831,706.5925,1.749145508,1.8368,88.75,280.5,192.625,215.5,2030.01,76.07,6485.63,2348.47,20521,10889.98,2980.73,1283.04,972.7,16.952,320.75,98.58,413.245,621.2213953195501,8.890400000000001,8.915415407160001,66.99644970788,1386.11,172.68422589899998,496.99836745586987,1432.61,48.03,87.84,381,376.14,1174.35,0.93543700733,1.5462,875.3599999999999,815.74,390.37
2017-09-01,52.95,55.16,53.86,2.963,5.96114997199,1.9983,3.231091072,2.186542116,3.28176302309,4.27,2.61778906927,2.9575,1600.95,1504.65,754.25,393.95,889.44,342.07,96.452125,147.2914352,169.75574,402,178.5742362,1.0952001005,0.78901621145,4.30121362,2.11423058,12.12541,0.38925952,0.59414509,0.317244818,4395.35833333333,268.92668495859,725.286,1.77692372,1.8582,85,283.2,219,215.5,2096.49,71.53,6577.17,2374.39,20796.62,11215.79,3116.86,1314.07,964.1,17.432,325.8999999999999,97.82,417.2,637.65633080699,8.5539,8.642029997940002,70.17488073939997,1406.1,176.89872484800003,493.27200209915,1382.14,49.83,92.26,388,384.81,1336.05,0.92601960097,1.6082,872.87,822.24,382
2017-10-01,54.92,57.62,55.58,2.8638,6.17632034854,2.09705,3.102120802,2.169125618,3.29433559267,4.19,2.635006778,3.058,1484.77,1481.11,746.79,396.52,880.6,353.27,96.452125,148.6220736,170.96828100000002,394,175.6347426,1.0816416875,0.82186543828,4.250948284,1.9771433,11.953449640000004,0.384001904,0.597231558,0.316142508,4513.14166666667,263.61625807948,719.4545,1.73283132,1.6372,80,283.5,252.5,215.5,2131.49,61.66,6807.6,2498.22,20376.09,11335.77,3264.6,1279.51,921,16.941,322.375,97.11,411.565,632.5293975791302,8.242299999999998,8.313898892600001,69.77086528530002,1379.14,177.00528149099998,483.5314852773999,1325,51.56,91.43,379,375.68,1418.86,0.92183663766,1.4569,897.25,804.8199999999999,376.19
2017-11-01,59.93333333333,62.57,60.58,2.9913,6.69459903982,2.1279,3.10630958,2.013479446,3.23464256332,4.11,2.61392768997,2.98,1554.32,1502.29,728.86,393.85,886.77,350.91,108.39381666667002,148.7047464,167.661351,402,179.6765463,1.07819696875,0.8584703738,4.331416914,1.9621118,12.173911639999998,0.383348784,0.601640798,0.330472538,4594.48333333333,263.84989829758,720.49,1.772734942,1.5688,80,295,280,215.5,2097.44,64.24,6826.55,2461.43,19557.52,11972,3229.31,1281.9,934.05,16.977,344,96.64,410.865,633.43978759155,7.5536,8.45066567641,73.87568661552999,1385.62,175.664137536,483.96003396592994,1259.55,56.65,91.39,386,378.82,1444.77,0.92527722275,1.4286,962.98,809.8599999999999,379.01
2017-12-01,61.18666666667,64.21,61.41,2.7583,7.13893361413,1.91768,3.029588804,1.931026658,3.13214816613,4.11,2.49644449839,2.79,1450.66,1510.17,679.17,387.15455,867.19,359.9,119.87621249999998,148.9803224,175.157059,406,184.0857867,1.0954205625,0.77346440358,4.283356198,1.96559277895,12.235641,0.386581728,0.593704166,0.317024356,4629.98333333333,263.61625807948,730.4635,1.883186404,1.6519,80,308.75,214.625,215.5,2080.47,72.25,6833.89,2509.92,19476.37,11495.11,3195.95,1264.45,907.2,16.165,357.25,100.81,414.33,642.2082808691101,7.936600000000001,8.6471138153,73.29172746364002,1476.7,172.49315881500002,483.5314852773999,1231.43,57.94,95.48,391,388.5,1305.66,0.91247520109,1.46,901.97,800.76,383.24
2018-01-01,66.22666666667,68.99,66.02,3.8556,6.66225501314,1.95183,3.060233022,1.95439563,3.10220474156,4.16,2.18861422468,2.958,1393.86,1433,703.45,389.53,870.5,375.74,121.71339583333,155.838228,178.463989,442,192.1693941,1.1340014125,0.75648436846,4.295922532,2.07013818,12.35909972,0.398109296,0.586208458,0.310630958,4649.44166666667,268.29653951799,751.9365,2.007526972,1.7224,80,320,219.625,215.5,2209.73,76.34,7065.85,2584.09,20696.91,12864.88,3441.52,1331.3,990.12,17.127,360.375,106.45,426.685,661.0868948109398,7.7162,9.342463875850004,84.82162927562001,1596.54,178.34275107899998,492.11617368759994,1180.22,63.67,97.48,422,410.83,1265,0.97835499248,1.5021,848.38,799.04,380.94
2018-02-01,63.46,65.42,62.79,2.6708,6.7187497665,2.1228,3.004456136,1.967402888,2.99959870594,4.1,1.91129611781,2.9875,1244.25,1433,709.44,416.28,843.56,421.13,129.06212916667002,163.357516,187.3927,425,192.1693941,1.2676565,0.77753749612,4.353683576,1.984158,12.7316805,0.403562848,0.569453346,0.298946472,4628.16666666667,275.80307601367,762.1825,1.946018074,1.72,82.5,320,232.5,215.5,2181.79,77.46,7006.52,2581.06,21651.55,13595.88,3532.9,1330.73,987.26,16.582,370,105.95,432.53,670.09496440755,7.867799999999999,9.82569311019,71.03012042398,1605.89,190.560021354,505.88484929013,1160,62.17,92.68,411,407.8,1145.38,1.07421191142,1.4617999999999998,827.48,806,395.4299999999999
2018-03-01,64.16666666667,66.45,63.29,2.6989,6.69738764036,2.50395,2.976898386,1.944033916,2.83550247639,3.95,1.75150742917,2.805,1118.63,1435.63,706.19,430.11,836.68,445.36,130.8993125,171.998792,181.2197639999999,430,192.1693941,1.1643149375,0.73516675427,4.439443294,2.2010374925,12.786796000000002,0.402779104,0.545202526,0.275136576,4741.49166666667,280.71837835847,761.365,2.031336868,1.7579,84.7,324,232.5,215.5,2069.24,70.35,6799.18,2390,21211.94,13392.5,3269.18,1324.66,954.57,16.473,378,96.66,431.69,669.37623545038,8.052100000000003,10.11006909105,71.46245729273998,1604.08,198.8604164070001,514.9006188814398,1227.05,62.760000000000005,89.5,418,403.5,1016.19,1.11227491685,1.4404999999999997,800.24,800.91,409.92
2018-04-01,68.79333333333,71.63,68.43,2.7791,6.92785820242,2.62474,2.961686508,1.946899922,2.94784364498,3.88,2.27853093494,2.685,1131.18,1444.03,701.18,439.07,831.85,461.62,130.8993125,175.6049008,178.57422,451,213.8481594,1.1574255,0.75833577416,4.37837532,2.362470792,12.82868378,0.400950368,0.549391304,0.265215786,4842.1,276.70028836245,767.033,2.033541488,1.7318,88,325,230.625,215.5,2254.69,65.75,6851.51,2352.41,21291.1,13938.1,3188.05,1334.76,924.05,16.648,384.75,93.69,429.73,674.3594228867998,8.382800000000003,10.09046974822,73.51872805499997,1577.89,198.794277801,507.5305384550299,1379.76,66.32,92.32,436,430.24,1006.71,1.11318948968,1.3914,793.31,799.3299999999999,413.4299999999999
2018-05-01,73.43,76.65,73.66,2.7972,7.48735405732,2.65994,2.989685182,1.956379788,3.02045236587,3.76,2.68635709761,2.615,1027.75,1444.03,687.15,430.32,793.25,459.17,130.8993125,179.085032,178.57422,451,213.8481594,1.1505360625,0.87851845265,4.31995289,2.64995324,12.897027,0.3861572,0.54233652,0.27227057,4906.85833333333,271.37815884153,734.551,2.082924976,1.6959,88,326,221.875,215.5,2299.67,66.1,6825.27,2360.93,20858.83,14366.49,3059.87,1303.45,904.73,16.49,384.375,105.29,413.875,645.8019256549899,8.187199999999999,10.25151696204,76.50745948758,1513.28,209.949656013,497.7685563571199,1450,69.98,101.89,436,431.76,935.25,0.96277169113,1.4391999999999998,811.49,801.3199999999999,419
2018-06-01,71.97666666667,75.19,73.22,2.9523,7.44894284404,2.41076,2.954852186,1.897516434,2.86780302043,3.39,2.69007572797,2.52333333333,931.19,1461.87,656.5,394.44,788.57,421.33,130.8993125,165.070024,161.92933900000003,427,219.3597099,1.1574255,0.84201931174,4.2438935,2.7227057,12.539878559999998,0.38142208,0.567028264,0.2755775,4932.79166666667,270.58883861948,724.305,2.154134202,1.5603,86.8,335.2,224,215.5,2237.62,65.04,6965.86,2436.29,20660.52,15105.65,3088.57,1281.57,884.9,16.541,391.6,114.33,408.8,636.7938560583802,7.8264,10.44298762979,78.33801103403997,1494.49,206.003385855,496.3207656096701,1503.33,67.52,103.88,415,408.6,865.71,0.9177220589,1.3806,838.02,775,443.1
2018-07-01,72.66666666667,74.44,72.72,2.8251,7.59883923025,2.35705,2.87923372,1.861140204,2.88854244743,3.41,2.76362734228,2.492,916.25,1477.1,616.14,377.17,780.45,406.64,130.8993125,156.4602424,147.489078,398,218.2573998,1.1367571875,0.88772258384,4.188337076,2.53200607,12.235641,0.381454736,0.563059948,0.258381464,4927.6,267.02111422473,717.765,2.120403516,1.4653,86.88,344.25,252.5,215.5,2082.24,64.56,6250.75,2207.02,19729.8,13793.86,2656.13,1237.71,832,15.723,400.75,119.57,408.8349999999999,631.0440244009599,7.8264,10.44079690313,77.50449306875,1496.33,206.93300070599997,489.77675695018985,1450.91,70.84,106.02,390,382.73,877.16,0.8765765469,1.3111999999999997,848.61,780.05,440.65
2018-08-01,71.08333333333,73.13,72.13,2.9572,8.08490993844,2.17161,2.760404702,1.780010188,2.77410472823,3.34,2.58731418468,2.395,915.22,1477.1,614.75,376.77,761.82,388.04,127.68424166667,162.373316,165.566962,405,236.6292348,1.1091994375,0.84313015516,4.114482306,2.22115465,12.015179,0.377046176,0.56438272,0.244492358,4983.91666666667,268.10324229931,701.7965,2.08446821,1.4738,87.5,357.6,260,215.5,2051.51,67.15,6051.05,2053.53,19228.77,13411.35,2512,1201.71,804.91,14.987,409,117.34,404.11,617.00485210412,7.8264,10.875000000070004,81.71356939636001,1475.4,217.438015959,491.76162313019,1405.45,67.99,98.48,393,393.5,900.22,0.8433705466800001,1.3399,853.6700000000001,763.23,401.56
2018-09-01,75.36333333333,78.86,77.02,2.9847,9.52157703121,2.19489,2.671558516,1.69094354,2.67161271274,3.25,2.35233813822,2.4125,897.13,1442.29,605.15,356.87,754.05,377.15,119.41691666667003,154.8028496,163.582804,405,212.3784126,1.11264415625,0.79996595373,4.010424242,2.0282504,11.53236722,0.380736304,0.55997348,0.250665294,4973.95833333333,265.8526882025,711.443,1.992094632,1.4418,87.5,376.25,267.5,215.5,2026.46,68.44,6050.76,2022.91,18967.13,12510.35,2434.68,1198.39,804.79,14.272,421.63,114.16,408.065,625.4858537988,7.8264,11.30331690113,89.16757001401999,1492.6899999999998,202.04976696299997,487.6336009321,1380,70.21,102.14,393,395.35,865.63,0.88528441698,1.3341,821.47,733.9499999999999,384.65
2018-10-01,76.72666666667,80.47,78.96,3.284,8.79096072974,2.1342,3.027825108,1.880981784,2.7366844304,3.48,2.31405329121,2.416,830.25,1431.7,589.8,367.96,751.58,379.31,119.41691666667003,160.2553176,158.953102,409,213.4807227,1.1229783125,0.74955482142,3.864257936,2.0282504,11.464024,0.375119472,0.555784702,0.292773536,4940.225,263.84989829758,709.2085,1.91361016,1.4253,91.25,385,270,215.5,2029.86,73.41,6219.59,1987.55,19121.48,12314.91,2673.67,1215.39,829.87,14.597,420.75,108.73,402.045,623.5213279825199,7.8264,11.660580234210002,89.57079561677998,1485.36,209.10455160299995,483.96003396592994,1265.22,70.75,100.34,397,390.39,794.49,0.90741905669,1.3171999999999997,850.2900000000001,718.04,389.8
2018-11-01,62.31666666667,65.17,65.11,4.1293,8.26507901291,2.18504,3.022754482,1.841298624,2.70173890156,3.36,2.38771670468,2.3575,759.26,1438.26,539.1,374.04,729.22,366.2,119.41691666667003,160.6883656,157.52009900000002,401,203.5599318,1.1229783125,0.73135814827,3.946490262,2.0282504,11.66023518,0.371037472,0.552036848,0.28439598,4941.375,262.70900127882,702.7775,1.912948774,1.3529,92.5,379.2,305.6,215.5,1938.51,73.26,6195.92,1937.11,19064.86,11239.72,2595.69,1220.65,846.19,14.353,410.2,100.73,397.67,617.8673268527298,7.4599,11.70029462162,97.36246789214,1479.22,210.846201561,481.86737232948,1223.86,56.67,91.58,391,378.81,707.62,0.8601171653799999,1.2345999999999997,840.39,706.09,395.73
2018-12-01,53.96,56.46,56.47,3.9825,7.97624238009,2.20841,2.80207202,1.710123734,2.62356609112,3.18,2.39403160669,2.29666666667,796.27,1434.58,535.02,380.53,727.88,361.02,119.41691666667003,167.4399776,163.803266,404,211.2761025,1.12986775,0.71845120568,4.185250608,2.0879074172,11.794717,0.371853872,0.556225626,0.27888443,4923.55833333333,265.42603445895,690.951,1.8959732,1.4365,99.17,368.33,276.67,215.5,1920.38,69.16,6075.32,1972.32,19259.58,10835.08,2616.29,1250.4,791.16,14.772,389.67,101.37,398.545,607.4697146055798,7.4406,11.99532079611,94.40657785134998,1480.06,217.809127026,486.8510220433,1212.63,48.95,95.41,395,379.33,738.3599999999999,0.83952839006,1.2614,827.02,703,399.52
2019-01-01,56.58333333333,59.27,58.96,3.0795,7.26234323345,2.26334,2.832054852,1.724894688,2.53712433504,3.23,2.11937300513,2.262,773.07,1379.77,584.58,381.96,747.79,362.01,119.41691666667003,166.743164,162.92141800000005,410,209.8063557,1.1367571875,0.63841758219,4.241358187,2.1495045,11.794717,0.372964176,0.563721334,0.281970898,4806.10833333333,273.24629669496,702.069,1.81550457,1.5925,102.5,355,260,215.5,1853.72,76.16,5939.1,1997.14,20457.75,11523.09,2569.7,1291.75,806.77,15.624,382.13,98.56,399.735,617.24442842318,7.9918,12.00729261726,80.05536606206996,1486.35,220.15704753900005,501.1951411874799,1235.22,51.52,91.29,402,387.35,765,0.84844252301,1.3562,859.73,688.13,396.31
2019-02-01,61.13333333333,64.13,64.32,2.7171,6.0057971222,2.2558,2.83183439,1.73393363,2.38197139039,3.27,1.72091417117,2.155,710.43,1370.06,602.97,380.33,772.82,353.34,119.41691666667003,169.5225448,170.41712600000002,408,218.9922732,1.1574255,0.62762653184,4.27916742,2.08557052,11.794717,0.370710912,0.57099658,0.286159676,4782.90833333333,269.70632383508,708.7725,1.78904913,1.6528,102.5,343.75,250.63,215.5,1862.99,88.22,6300.49,2062.79,21263.95,12685.23,2707.19,1320.07,818.15,15.815,357.38,95.42,397.32,623.13800587202,8.019300000000001,11.806581648330004,69.54504168209,1472.28,217.246948875,494.70203508222994,1367.5,54.95,84.16,401,386.25,694.6700000000001,0.87170654132,1.3987,829.7,700,367.95
2019-03-01,63.78666666667,66.41,66.8,2.935,5.17873567413,2.20049,2.731303718,1.696675552,2.38102230847,3.38,1.6305669254,2.1325,678.56,1370.38,573.02,369.53,750.33,344.63,119.41691666667003,166.2235064,169.314816,406,205.764552,1.1780938125,0.65084844903,4.47648091,2.06903587,11.794717,0.369241392,0.578271826,0.280207202,4732.59166666667,267.74155971684,718.1465,1.847692022,1.7225,98.5,321,247.5,245.5,1871.21,86.47,6439.46,2046.46,21393.4,13026.27,2850.6,1300.9,842.81,15.296,335.03,93.12,395.745,631.3794312476502,8.005500000000003,11.2941866074,67.91211075289,1476.02,200.388953079,491.0982159580599,1383.33,58.15,78.81,399,382.4299999999999,654.72,0.93803205176,1.4704999999999997,808.6800000000001,711.71,342.62
2019-04-01,68.57666666667,71.2,70.66,2.646,4.92218081968,2.33113,2.670456206,1.615545536,2.64702430568,3.34,2.34507291703,2.256,668.63,1377.61,588.45,359.84,733.77,341.53,136.41086249999998,161.487536,165.45673100000002,413,199.5181281,1.1643149375,0.57361838274,4.698927068,2.094389,11.794717,0.367086096,0.59414509,0.282411822,4673.14166666667,266.66234346933,710.6255,1.92353095,1.7166,97.5,310,247.5,265.5,1845.42,93.7,6438.36,1938.99,20604.3,12772.79,2932.65,1285.91,887.29,15.055,323.75,86.77,393.43499999999995,624.7671248416199,8.046899999999999,10.26546106987,62.48606579812,1505.38,197.331879735,489.11869072354006,1318.5,63.87,72.49,404,391.3,636.23,0.93417878936,1.5035999999999998,805.9599999999999,713,341.11
2019-05-01,66.83333333333,70.53,69.13,2.6279,4.34105529405,2.31508,2.65766941,1.567925744,2.73002526555,3.09,2.70757579665,2.3925,661.17,1392.89,564.4,339.81,742.53,339.18,149.27114583333,171.0815176,165.45673100000002,409,199.5181281,1.1229783125,0.5219377151,4.600601016,2.08667283,11.794717,0.36525736,0.581137832,0.27337288,4650.85,270.58883861948,700.107,1.766782468,1.7689,97.5,305,247.5,265.5,1781.26,100.15,6017.9,1815.19,19523.9,12016.31,2742.81,1283.7,833.55,14.662,313.3999999999999,82.32,391.475,615.51947892595,8.046899999999999,10.14548849427,59.422335332700015,1511.52,200.32281447300005,496.3207656096701,1312.86,60.84,68.93,401,386.76,573.3599999999999,0.91854739973,1.4957999999999998,815.8399999999999,721.57,350.94
2019-06-01,59.76,63.3,61.3,2.3965,3.58800651227,2.40773,2.860053526,1.631859724,2.56195490104,2.78,2.75086470312,2.155,635.6,1391.97,552.19,358.95,742.89,362.6,149.27114583333,195.0802504,157.74056099999996,420,206.1319887,1.12642303125,0.5434140212,4.629150845,2.0723428,11.97329122,0.368751552,0.584003838,0.284836904,4607.04166666667,275.39485684473,691.0055,1.71188743,1.9273,97.5,293.75,247.5,265.5,1755.95,108.94,5882.23,1899.7,19193.2,11943.94,2601.22,1359.04,808.2,15.036,314.88,72.49,395.22,607.5176298693899,8.046899999999999,10.04237787692,52.96252887614001,1522.28,222.40943451,505.13608355575,1315,54.68,62.94,411,394.2,542.24,0.8860459754000001,1.5012,840.01,725,358.82
2019-07-01,61.47666666667,64,62.91,2.36,3.62037140561,2.41653,2.986598714,1.629875566,2.57951625082,2.84,2.90188208581,1.99666666667,657.31,1437.71,543.88,369.58,748.17,348.73,149.27114583333,189.419132,159.504257,416,196.2111978,1.12642303125,0.54277925353,4.629702,1.98856724,12.94552864,0.36640032,0.565705492,0.282852746,4542.63333333333,275.11490643116,679.8875,1.665369948,1.6682,80,283.75,263.5,265.5,1796.99,120.24,5941.2,1975.64,17977.85,13546.3,2446.51,1412.89,843.95,15.791,307.5,72.08,392.7,597.74291605179,8.046899999999999,10.12781122427,52.73103815976,1496.12,203.96043780300008,504.62259155694,1260,57.52,65.79,409,391.7,555.03,0.8636087309300001,1.4111999999999998,845.2700000000001,753.8299999999999,360.16
2019-08-01,57.67,59.25,58.92,2.2243,3.67677516041,2.1947,2.782891826,1.560209574,2.6269387065,3.06,2.71081611951,2.11,719.28,1457.89,586.12,360.93,793.21,337.36,135.032975,163.5858504,147.930002,430,181.1462931,1.1229783125,0.52542893727,4.595861083,1.90038244,13.055759640000002,0.363330656,0.56879196,0.271609184,4523.13333333333,280.18996729332,661.957,1.560430036,1.5004,78,275,262.5,265.5,1740.68,93.07,5709.44,2044.55,16608.99,15748.64,2273.01,1500.41,859.14,17.224,292.8999999999999,65.55,389.41,581.9787942577202,8.046899999999999,10.860998638240002,51.84805447931999,1436.95,197.52294681900003,513.9313941870699,1252.38,54.84,60.43,421,407.52,619.3299999999999,0.8338213453800001,1.3102,877.48,776,362.39
2019-09-01,60.04,62.33,60.84,2.58,4.20525568494,2.30542,2.841534718,1.557343568,2.54333205255,2.88,2.52599615764,2.224,724.03,1458.25,580.3,366.07,779.25,333.13,114.82395833332998,157.2594128,149.69369799999998,427,189.5973372,1.1505360625,0.53383960887,4.654503975,1.85298311,13.227719999999998,0.359477248,0.565264568,0.261908856,4544.5,277.0608099108,672.9115,1.572114522,1.4991,77.5,270,237.75,265.5,1753.51,93.08,5759.25,2071.85,16830.62,17656.88,2331.56,1510.58,944.7,18.16,285.75,65.95,385.28,591.60976228388,8.102,10.14170040633,58.19251376782001,1385.38,201.90646665000003,508.19181602956,1321.43,56.95,61.37,421,401.71,613.15,0.84632254664,1.335,903.07,776,350.85
2019-10-01,57.27333333333,59.37,58.47,2.3313,5.0572178578700004,2.43527,2.799646938,1.513030706,2.58178842046,2.94,2.46203192803,2.34333333333,719.52,1458.53,591.35,381.65,770.8,341.76,114.82395833332998,167.1486544,163.803266,424,199.5181281,1.1340014125,0.52072107707,4.858321094,1.8518808,13.404089600000002,0.360946768,0.574744434,0.277120734,4447.39166666667,275.34391439989,688.553,1.628773256,1.4349,77.5,270,237,265.5,1725.96,88.53,5757.3,2184.09,16603.39,17046.22,2451.65,1494.81,897.26,17.645,277.38,69.2,386.855,605.36144299786,8.267299999999999,9.98352408584,59.11549803428,1360.05,212.848731576,505.04264365868,1358.7,53.98,67.44000000000001,418,397.04,593.74,0.8560280968300001,1.2977999999999998,908.67,776,325.78999999999996
2019-11-01,60.403333333330004,62.74,61.41,2.6505,5.15000421731,2.51966,3.108073276,1.615545536,2.61496361162,3.19,2.35739083486,2.2975,848.92,1388.47,685.41,375.51,770.2,347.32,114.82395833332998,166.3337368,161.92933900000003,421,203.1924951,1.12986775,0.52521734805,5.936270043,1.8518808,13.681871719999997,0.360979424,0.600538488,0.28219136,4320.975,273.39685944454,702.396,1.650378532,1.544,74,264,224.5,265.5,1774.79,84.98,5859.95,2021.15,16335.48,15171.81,2425.48,1470.79,901.8,17.165,248,66.99,386.89,617.53192000605,8.267299999999999,10.03950330791,63.47069207042,1360.93,223.537465179,501.47130712073,1400,57.06,73.61999999999999,415,394.76,767.4399999999999,0.85366710038,1.3856999999999997,891.1700000000001,776,328.24
2019-12-01,63.35333333333,65.85,64.41,2.2425,4.62047221239,2.44471,3.455080464,1.614443226,2.56810384994,3.21,2.28431154983,2.21,1031.29,1404.96,763.73,383.2,833.52,352.68,114.82395833332998,166.9557512,163.913497,432,210.9086658,1.1367571875,0.51622480608,5.563579032,1.97754414,13.950835360000005,0.362873472,0.573421662,0.295639542,4321.025,272.79560180441,714.2225,1.671763346,1.6575,72.5,243.33,217.5,265.5,1771.38,92.65,6077.06,1900.54,17141.05,13829.42,2272.54,1479.13,924.25,17.138,238.16,66.17999999999999,388.92,627.9295322532,8.350000000000001,10.056696811440004,56.01046386332999,1362.61,237.676429395,500.36846543,1528.75,59.8,76.03,423,400.9,969.77,0.85824292698,1.4593999999999998,900.66,776,337.42999999999995
2020-01-01,61.62666666667,63.6,63.76,2.0305,3.63338434727,2.60307,3.134749178,1.55535941,2.50762380872,3.27,1.96537142617,2.2875,1003.72,1371.35,810.07,387.23,875.64,355.53,114.82395833332998,171.7862048,166.22834800000004,451,224.5038237,1.1698264875,0.51241620008,5.039099934,2.07124049,13.999337000000002,0.36264488,0.57099658,0.31195373,4424.30833333333,272.39623044117,712.5875,1.743193034,1.6834,72.5,239,215.4,268.7,1773.09,95.76,6031.21,1923.93,17029.18,13506.86,2354.31,1560.67,987.36,17.972,264.8999999999999,69.66,388.675,626.4920743388501,6.623870249999999,9.88695006327,48.62847791743001,1374.37,247.99405193099997,499.6359285604899,1671.59,57.52,82.09,440,426,970.53,0.8703126289899998,1.466,945.39,806.91,348.68
2020-02-01,53.34666666667,55,54.51,1.9158,2.90777364106,2.71621,2.9872601,1.500684834,2.35911707882,3.35,1.59985123646,2.1275,844.12,1393.46,728.81,375.63,800.41,354.14,114.82395833332998,168.711564,164.13395899999998,450,215.3179062,1.18498325,0.51648929261,4.717335645,1.87613162,13.999337000000002,0.356244304,0.588854002,0.325842836,4443.29166666667,270.56424634114,706.429,1.688077534,1.6126,72.5,245,214.38,243.38,1688.1,87.68,5687.75,1872.54,16480.3,12715.55,2113.24,1597.1,961.1,17.88,279.38,67.64,381.815,621.0776495281201,6.128968999999999,9.894430505530003,43.7911677298,1364.56,238.977155313,496.2756578421899,1718.75,50.53,79.99,442,426.45,801.8399999999999,0.89920797017,1.3411999999999995,902.34,823,357.41999999999996
2020-03-01,32.20333333333,32.98,33.75,1.7927,2.71886838175,2.33847,3.270112846,1.487236652,2.13391909664,3.08,1.32775728991,1.994,837.72,1412.91,636.25,372.61,747.8,377.25,114.82395833332998,162.4205576,164.35442100000003,494,209.0714823,1.19531740625,0.55378189311,4.473614904,1.77692372,13.999337000000002,0.361305984,0.597231558,0.260806546,4402.46666666667,276.93194441782,675.255,1.492307278,1.4986,71.88,245,231.13,235,1610.89,88.99,5182.63,1734.44,15290.91,11846.23,1903.63,1591.93,759,14.884,276.22,66.74,387.24,593.6701186277901,6.324115999999998,10.21299199713,41.61409165723998,1400.08,228.12307519499996,507.95544774303,1868.18,29.88,67.89,477,469.64,691.04,0.90768886773,1.2094999999999998,796.6700000000001,730,372.58
2020-04-01,21.04333333333,23.34,23.27,1.7386,2.12031866732,2.27024,3.406578824,1.410074952,2.355843643,3.66,1.29753092901,2.11,834.51,1527.27,608.88,361.26,679.98,363.83,114.82395833332998,146.9095656,166.66927199999998,564,218.9922732,1.281435375,0.58192325973,4.445285537,1.2676565,13.889106000000002,0.354905408,0.573642124,0.225091702,4345.34166666667,276.23813700395,676.7265,1.400595086,1.3342,70.75,245,235,220.38,1459.93,84.73,5057.97,1657.55,14952.8,11804.01,1903.37,1683.17,753.86,15.065,282,58.55,380.38,594.9638307507,6.2831265,10.00988126196,37.97404004065999,1390.91,221.685584211,506.6828489596,2050,16.52,56.58,536,543.7,720.69,0.90264914086,1.1067,758.9599999999999,732.1,407.14
2020-05-01,30.38,31.02,31.56,1.7525,1.57516497792,2.31599,3.303402608,1.422641286,2.5072032289,3.76,1.78910968669,1.9725,832.33,1588.02,576.56,359.17,684.78,339.1,80.37677083332996,143.9057872,175.92867600000002,510,205.764552,1.29521425,0.6450297454,5.081097945,1.51788087,12.553106280000002,0.356015712,0.56989427,0.241626352,4392.71666666667,277.7328484459,670.459,1.44843534,1.3468,72.9,243,201.9,222.2,1466.37,93.65,5239.83,1626.34,15401.92,12179.61,1975.32,1715.91,790.22,16.256,263,52.49,381.57,589.45357541235,6.044166399999999,10.075527030660002,35.595661957699996,1394.65,209.927609811,509.42448579509,2050,28.56,57.42,494,492.89,684.9499999999999,0.9086442742500002,1.1177999999999997,799.8299999999999,738.26,438.42
2020-06-01,39.45666666667,39.93,40.14,1.6128,1.75217111218,2.22863,3.119978224,1.424625444,2.83584737029,3.3,3.35154211088,1.856,916.38,1712.82,656.49,369.58,755.71,345.17,80.37677083332996,147.9882488,170.85805000000005,520,198.415818,1.29521425,0.64952601639,5.09818375,1.5652802,12.12541,0.36754328000000003,0.57209889,0.26675902,4401.81666666667,276.67457272226,682.3945,1.49473236,1.4009,75,240,202,226.25,1568.57,103.3,5754.6,1744.84,16837.84,12727.15,2025.71,1732.22,820.77,17.713,273,52.21,393.9249999999999,599.9470181871299,5.765405999999999,8.97081909187,33.992281929709996,1451.36,200.495509722,507.4833701893699,2050,38.30000000000001,56.809999999999995,501,493.64,724.62,0.9007428335,1.1731,850.98,788.3599999999999,449.46
2020-07-01,42.06666666667,42.81,42.64,1.7352,1.80103549647,2.10174,3.235941236,1.492307278,3.04014078191,3.32,3.99042234572,1.81,888.31,1876.87,694.16,381.07,821.11,355.24,80.37677083332996,152.5549368,174.936597,480,222.13,1.270412275,0.6607931425,4.698816837,1.52339242,12.51783236,0.374270416,0.586869844,0.270727336,4383.66666666667,278.85148018842,690.2425,1.510605624,1.4838,75,262.2,214.4,237.5,1643.81,108.52,6372.46,1817.93,17469.92,13402.3,2177.2,1846.51,864.64,20.647,305.1,51.56,401.135,606.84681617602,5.613032499999999,7.78644550106,34.90852460845,1486.92,212.74217493299997,511.4763079091099,1984.78,40.75,56.6,467,459.7,683.93,0.86138446914,1.2002999999999997,890.21,833.1700000000001,444.19
2020-08-01,43.44333333333,44.26,43.71,2.3017,2.86189667673,2.34868,3.59904215,1.602317816,3.14850371794,3.37,4.07301115381,2.0025,981.3,1876.96,760.3,384.55236292428,866.94,374.95,80.37677083332996,149.342508,189.48708900000003,505,223,1.25043290625,0.61657099495,4.632347544,1.496496056,12.566334,0.386255168,0.603845418,0.28880522,4353.36666666667,280.77132910417,715.585,1.541911228,1.7032,76.88,276.25,249.5,240.38,1737.26,121.07,6498.94,1935.73,17650.03,14537.75,2410.05,1968.63,940.33,27.003,341.88,50.14,413.98,629.1274138484899,6.145530999999999,6.34356489532,45.85350707671999,1479.92,208.939205088,514.9977424538,1929.76,42.36,57.379999999999995,486,480.85,739.1700000000001,0.8953183453199999,1.3213999999999997,921.55,877.14,448.91
2020-09-01,40.59666666667,41.09,41.1,1.9186,3.95213946267,2.4579,3.672015072,1.604301974,3.07961320405,3.35,3.85683961216,2.032,1034.18,1880.71,796.22,423.41,905.86,408.43,NA,166.0817816,NA,507,247.68,1.24009875,0.60514517692,4.599057782,1.47158385,11.856446360000003,0.385144864,0.59194047,0.281309512,4220.36666666667,282.02144775403,707.3555,1.561091422,1.8576,79.38,282.5,250.5,247.75,1743.77,123.75,6704.9,1872.91,17951.26,14857.49,2442.46,1921.92,907.62,25.742,358.38,54.6,412.79,621.8922090129198,6.306035999999999,5.88384743113,46.07290912833001,1470.95,219.68305419599992,517.2907411176202,1663.64,39.6,57.47,488,483,767.8399999999999,0.91014050851,1.3705,938.14,982.38482384824,462.66
2020-10-01,39.9,40.47,39.7,2.2473,4.88959040816,2.29205,3.352345172,1.507078232,2.99741934848,3.51,3.50475804543,1.9775,1118.36,1877.59,819.27,454.25,914.77,465.55,NA,186.7460448,NA,471,272.36,1.132623525,0.60990593444,4.424782571,1.50134622,11.353793,0.38436112,0.60737281,0.302694326,4245.4,282.9865401608,707.083,1.649496684,2.1865,80,290,245,255,1806.1,119.78,6713.81,1776.27,18176.59,15239.36,2440.65,1900.27,876.27,24.23,357.1,58.4,411.95,621.6526326938599,6.704003999999999,6.17920516176,54.72115485296001,1438.22,245.197858644,519.0609375701201,1532.73,39.53,61.04,463,454.5,805.91,0.90325182885,1.5285,927.71,981.40243902439,459.17
2020-11-01,42.30333333333,43.23,42.58,2.5881,4.83583900516,2.35819,3.323023726,1.595703956,2.77942760165,3.47,2.88328280495,1.985,1368.95,1878.61,917.81,499.98,973.88,495.98,NA,190.3757744,NA,489,273,1.12986775,0.64656376727,4.395902049,1.704612184,11.53236722,0.386516416,0.646615046,0.311512806,4222.23333333333,285.20965726112,719.945,1.713430664,2.3017,82.5,292.5,245,250,1935.28,124.36,7068.91,1915.62,18522.48,15807.73,2671.6,1866.3,911.55,24.079,359.63,64.4,414.26,632.9606349534299,7.29184875,6.8555053474399985,59.06227305483,1442.77,247.94628515999997,523.1386341480801,1607.14,41.1,69.43,480,468.48,1073.48,0.88583047379,1.5591999999999997,1047.78,1109.11246612466,469.5
2020-12-01,48.72666666667,49.87,49.26,2.5387,5.85610629604,2.4072,3.479110822,1.588208248,2.64694307645,3.41,2.59582922936,1.935,1464.96456977585,1977.17389145497,1016.37389145497,510.93573705179,1026.1958677686,494.97802020202,NA,198.769032,NA,520,268.55,1.1505360625,0.63767701991,4.402185216,1.8077884,11.684486,0.397325552,0.626553004,0.310410496,4200.4,286.85858570934,732.4255,1.786183124,2.327,83.33,320,245,246.33,2014.67,155.43,7772.24,2020.47,19731.96,16823.04,2779.85,1858.42,1028,24.968,388.5,83.03,425.8450000000001,643.9332303663301,7.088903999999999,7.661002563049999,63.85843256317,1497.68512110727,251.154007551,526.1631396451701,1937.5,47.05,85.17999999999999,508,496.55,1224.86820512821,0.92024241631,1.5724,1097.62584466019,1170.02032520325,477.39
2021-01-01,53.60333333333,54.55,54.16,2.6655,7.2683017493,2.39141,3.542383416,1.559327726,2.67952553987,3.39,2.62107661962,2.0275,1463.07,1988.94048883757,990.27,576.37,1098.67,562.38,NA,234.4679501472,NA,545,289.3,1.23665403125,0.63418579774,4.45663933,1.8077884,11.752829220000002,0.3975868,0.634710098,0.335543164,4157.4,286.99685746569,743.598,1.923090026,2.2973,85,337.6,265,255.5,2003.98,169.63,7972.15,2014.73,21920.24,17863.18,2705.34,1866.98,1090.95,25.88,421.3,86.83,426.125,653.75585944774,7.2832056,9.003787527950003,73.02147932641998,1495.98,276.44834997899994,526.4167611334799,1892.86,52.1,86.85,528,517.75,1368.31,0.93904568092,1.5943,1141.24,1276.11788617886,490.98
2021-02-01,60.46333333333,61.96,60.37,5.0651,6.15850716652,2.40544,3.669149066,1.617529694,2.5554176964,3.32,2.32625308919,2.02,1444.5,1993.20597247937,1019.86,578.26,1123.5,548.44,NA,245.2350824,NA,557,289.4,1.22287515625,0.58382756274,4.66166899,1.8077884,11.932505750000002,0.395039632,0.655213064,0.356927978,4185.43333333333,282.52998030669,755.261,2.045005512,2.3461,88.13,453.75,335,290.63,2078.59,163.8,8470.94,2080.11,26315.75,18584.38,2744.5,1808.17,1206.7,27.293,528.88,86.74000000000001,423.3949999999999,664.00972590346,7.4514825,9.879427812160005,97.47802542593,1479.1799999999998,276.6283939619999,518.2235041508601,1875,59.06,82.76,542,531,1359.5,0.94597281742,1.6803,1272.13,1362.56775067751,500.48
2021-03-01,63.83,65.19,63.95,2.5645,6.12706957935,2.46132,3.68281771,1.628332332,2.42971471426,3.27,2.02314414278,1.996,1540.65,2006.03898182246,1030.48,585.71,1284.81,483.9,NA,245.1720936,NA,525,273.13,1.226319875,0.59900908947,4.719099341,1.886272872,12.28414264,0.388704368,0.671968176,0.342597948,4202.16666666667,273.8495448893,755.5335,2.01612499,2.369,96.25,458,352.88,320.88,2190.48,168.18,8988.25,1948,27061,16406.66,2791.94,1718.23,1181,25.648,534.13,94.92,416.605,664.2493022225201,7.989623000000001,7.895051571949998,65.61845037344997,1476.34,272.5755671609999,502.3016340021699,1623.04,62.349999999999994,90.66,515,504.13,1478.59,0.95066422673,1.7434999999999998,1321.88,1611.11111111111,498.38
2021-04-01,62.95,64.77,62.37,2.61,7.14681628809,2.36833,3.71809163,1.641560052,2.66680157246,3.21,2.87540471739,1.915,1659.64,2020.63680170152,1078.05,597.13,1386.35,464.2,NA,268.233868,NA,495,280.95,1.226319875,0.58684270916,5.172479444,2.26414474,12.493581540000005,0.390500448,0.689164212,0.356266592,4218.775,272.89562769196,754.389,2.000251726,2.1535,95,478,328.1,345.5,2319.39,179.83,9324.82,2011.92,28328.42,16521.25,2829.01,1760.04,1208.81,25.687,543.4,92.22,418.53,663.24308168247,8.367055,8.2767941961000009,71.27744991294999,1487.25,281.379350493,500.55193539624,1426.82,61.71,89.13,484,477.38,1487.14,0.9613880716099998,1.6424,1312.33,1572.79810298103,488.17
2021-05-01,66.4,68.04,65.98,2.8884,8.90875692439,2.41286,4.110734452,1.756641216,2.71186371566,3.08,3.13892448031,1.91666666667,1715.24,2072.0399166728,1136.46,646.8,1574.67,482.38,NA,305.3106504,NA,493,297.25,1.226319875,0.60927116677,5.48399225,2.374816664,12.64900725,0.396705088,0.712974108,0.380517412,4168.00833333333,272.74561635287,767.3055,2.003779118,2.2903,102.5,527.5,331.63,378.13,2433.53,207.72,10161.97,2181.81,32246.21,17577.06,2965.73,1850.26,1214,27.504,574.63,107.04,425.18,674.5989992058601,8.802713200000001,8.915694512970004,83.46723327421003,1514.29,270.98456624999994,500.2767808738101,1450,65.17999999999999,99.31,483,462.75,1530.5,0.96928708729,1.6913,1531.38,1584.58672086721,477.7
2021-06-01,71.80333333333,73.07,70.96,3.2318,10.30105100564,2.36623,4.243011652,1.870179146,2.69850506451,2.93,3.34151519352,1.824,1670.68,2078.82575899142,1004.42,614.68,1518.16,467.15,NA,292.5593552,NA,466,285.55,1.226319875,0.63577271691,5.677447655,2.3809896,13.39968036,0.3935048,0.72862691,0.383824342,4138.96666666667,270.39222547607,764.6895,2.0833659,2.1218,125,550,393.25,462.5,2446.65,214.43,9631.5,2191.03,32502.55,17979.57,2951.85,1834.57,1124,26.995,604.75,129.97,421.75,672.2990665429,8.859216750000003,9.61601229637,94.73065633263,1502.27,263.47783446899996,495.9601329007799,1450,71.38,112.92,455,438.59,1400.45,0.95067186161,1.6381,1527.59,1296.7479674796705,474
2021-07-01,73.28333333333,74.39,73,3.8036,12.50994243239,2.3271,4.503818198,2.080499894,2.65257205527,2.99,3.20438283248,1.76333333333,1584.09,2092.19289412811,1062.99,600.44,1468.34,470.02,NA,278.4341168,NA,414,294.27,1.2345872,0.69364236932,5.585625232,2.3809896,15.860036280000005,0.386059232,0.796749668,0.39021774,4078.11666666667,269.95088887301,752.3725,2.15391374,1.867,125,555,441.5,633,2497.64,214.14,9450.82,2337.51,34020.18,18818.51,2947.52,1807.84,1086.48,25.677,613,151.97,413.77,661.47021692144,8.9927074,10.359188366980002,112.67874324849998,1504.13,254.67037677,495.1506223465401,1456.82,72.46,122.33,407,397,1274.09,0.8479398420900001,1.6312,1410.08,1282.01219512195,436.17
2021-08-01,68.86666666667,70.02,68.85,4.0486,15.42647593843,2.48431,4.767270288,2.098357316,2.7152308005,2.99,2.99969240151,2.156,1493.64,2102.28835486,1141.82,585.8,1433.94,470.26,NA,256.6124344,NA,403,324.52,1.22976459375,0.71823961646,5.60965559,2.3809896,15.763033,0.384426432,0.759712052,0.429459976,3973.24166666667,271.03226533973,752.1,2.23328006,1.9004,136.88000000000002,555,446.88,695,2602.99,162.16,9370.14,2414.47,35024,19141.3,2987.95,1785.28,1008.73,23.986,603.13,169.58,412.02,661.23064060238,9.0452325,10.80139654747,129.81858281675,1504.12,276.18379555499996,497.13410990874,1443.1799999999998,67.73,137.92,392,381,1341.14,0.8917399232600001,1.7063999999999997,1519.1899999999998,1355.6910569105698,384.46
2021-09-01,72.8,74.6,72.24,5.1111,22.84059607792,2.55809,4.972299948,2.30603252,2.72736012521,2.98,2.98458037564,2.2175,1485,2109.02021997389,1181.38,557.55,1398.75,467.83,NA,235.61748,NA,400,337.55,1.18498325,0.73670077614,5.767837075,1.832465,14.67395072,0.384426432,0.787931188,0.431664596,4089.225,270.24495302211,748.6665,2.285750016,1.7875,147.5,573.75,418.75,736.25,2834.56,124.52,9324.71,2248.3,34887.3,19376.88,3036.02,1775.14,973.19,23.185,643.75,185.69,412.02,658.21197898224,9.076734500000002,11.43899050402,178.39940517492,1483.27,263.59908858,495.69000210944006,1476.14,71.56,146.05275137829005,391,381.27,1427.27,0.91410285826,1.6254999999999995,1629.14,1309.5189701897002,387.3
2021-10-01,82.06333333333,83.65,81.22,5.478,31.05246636754,2.56757,5.314456972,2.320142088,2.78018124085,3.05,2.87554372256,2.415,1922.86,2133.66533688546,1310.25,551.95,1483.52,450.85,NA,239.6487632,NA,401,354.67,1.1505360625,0.663649597,5.5335962,1.75807,14.46781875,0.378842256,0.817032172,0.424168888,4241.74622158045,263.17347971106,746.432,2.587782956,1.8694,147.5,618,695,782,2934.39,122.91,9829.22,2344.83,37722.92,19362.39,3359.91,1776.85,1017.1,23.413,672.9,224.51,406.035,656.2474531659499,9.2967976,12.3769153834,222.52925190517,1461.66,NA,482.7193302013499,1539.29,81.32,199.65,395,382.71,1818.33,0.92557798114,1.7316999999999998,1795.1699999999998,1420.52845528455,404.46
2021-11-01,79.91666666667,80.77,79.8,5.0176,27.62343200775,2.39333,5.709083952,2.41185428,2.83076375558,3.11,2.90729126675,2.475,1960.68,2150.20944983901,1340.65,551.04,1442.96,442.63,NA,248.7191504,NA,400,379.45,1.143646625,0.66195688322,5.69343115,1.551674,14.48876264,0.372800896,0.818354944,0.428137204,4221.65,261.16487433034,733.5155,2.789726148,1.9289,153.13,665,900.5,806.88,2636.45,96.24,9728.9,2329.98,39158.69,19932.86,3311.27,1821.76,1038.05,24.175,726.69,157.48,399.56,644.89153564256,9.36761475,15.25400265088,202.58611793577003,1439.66,334.49967421199995,479.03509634507986,1552.27,79.17999999999999,128,394,378.55,2050.23,0.90364638693,1.7447999999999997,1825.34,1415.61653116531,411.41
2021-12-01,72.86666666667,74.31,72.76,3.7327,38.02711984318,2.38239,5.910145296,2.483724892,2.81890784726,3.19,2.67268345315,2.615,1695.71,2154.06022202044,1270.29,554.14,1411.21,461.66,NA,264.5372128,NA,400,376.81,1.1574255,0.70797753916,5.74744434,1.471808,14.62324446,0.369110768,0.809316002,0.415350408,4182.15,261.23362605226,725.5585,2.646425848,1.921,176.67,686.67,890,807.5,2695.53,116.96,9551.18,2301.69,39422.52,20015.55,3399.21,1790.43,944.59,22.532,745,169.65,395.605,637.89590712605,9.439490000000005,15.322526915880005,236.48836750687,1422.52,327.819675006,479.16120246029993,1475,71.53,142.5,393,380.95,1861.43,0.8850968933800001,1.7222,1742.5,1361.83096205962,402.66
2022-01-01,83.92,85.53,83.11,4.3325,28.26067331655,2.46736,5.976283896,2.425082,2.86190204087,3.51,2.39820612261,2.6775,2016.14,2489.88,1344.79,606.22,1469.56,526.49,NA,276.6231888,NA,427,374.24,1.1574255,0.7931950986,5.806417925,1.3575,14.78418172,0.36966592,0.782199176,0.401681764,4184.6,259.05137508628,738.9655,2.91120071,1.9735,173.13,674.38,846.38,785.63,3005.98,132.53,9782.34,2331.85,41791.7,22355.4,3599.14,1816.02,994.15,23.158,699.38,196.95,396.2,649.68306202374,9.1124838,14.685759807360002,196.91113953145,1428.56,325.159433298,475.15846356053,1479.55,83.11999999999999,168.5,419,403.15,2195.79,0.91152966024,1.7790999999999997,1865.36,1411.73,395.94
2022-02-01,93.54333333333,95.76,93.13,4.6577,27.2297159067,2.55094,6.169188146,2.412515666,2.78835909895,3.61,2.07011062729,2.73,2147.89,2473.1,1522.36,661.63,1595.74,569.46,NA,292.622344,NA,427,390.5,1.24354346875,0.73278637552,5.993810625,1.448352,14.881185,0.370417008,0.779994556,0.393745132,4219.55,258.46660900257,737.9845,3.051414542,2.1121,172.5,680,744.17,791.88,3245.79,142.84,9943.17,2296.86,43983.35,24015.55,3620.04,1856.3,1049.4,23.542,747.13,219.78,397.005,648.82058727513,8.9468505,16.995238319599995,197.5236794019,1445.25,339.346164285,474.085871092,1496.25,91.74,196.4,422,405.95,2442.63,0.96250546948,1.7905,1744.2,1499.12,384.21
2022-03-01,112.39666666667,115.59,113.11,4.8839,42.39297079612,2.45901,5.698501776,2.288836484,2.61364854464,3.35,1.95594563392,2.535,2230.22,2153.15,1776.96,720.6,1956.88,601.43,NA,335.5295272,NA,422,486.3,1.3889106,0.76669354846,6.06821655,1.756807,14.9583467,0.359836464,0.800938446,0.41998011,4258,250.94987798125,717.983,3.111380206,2.1217,178.75,792.5,872.5,977.5,3498.37,152.07,10230.89,2344.84,43949.67,33924.18,3962.21,1947.83,1043.26,25.314,938.13,314.04,385.665,631.23568545621,9.133665,15.11138495446,271.07990593107996,1514.62,446.65605252,460.29849643746,1491.3,108.49,294.41999999999996,419,407.13,2441.48,0.97017463974,1.7453999999999998,2162.3,2361.13,391.67
2022-04-01,103.41333333333,105.78,102.68,6.5306,32.20418722871,2.45535,5.854147948,2.291041104,3.24066791571,4.09,3.10700374714,2.525,2094.61,2145.25,1682.74,720.79,1947.51,579.45,NA,348.1666552,NA,431,495.28,1.45711603125,0.90703010041,5.9745202,1.868574,14.991416,0.353468544,0.81350478,0.433428292,4263.34166666667,235.71008729149,705.775,3.424215784,2.0944,249.5,856,925,1202,3244.41,151.25,10161.38,2380.41,42991.11,33132.74,4360.43,1936.86,965,24.545,954,310.85,378.84,620.5026663623798,9.003082000000001,16.287523919009995,243.43602963927,1643.39,427.3068358979999,432.3452940014,1443.75,101.78,302,429,409.06,2064.3100000000004,0.96240781171,1.7027,2266.17,2275.76,402.38
2022-05-01,110.09666666667,112.37,108.32,8.1373,29.17072267381,2.36662,5.741271404,2.27296322,2.98524993581,3.71,2.86908314075,2.37666666667,1813.33,2146.29,1716.92,724.09,1962.88,529.83,NA,344.8400592,NA,464,522.29,1.46056075,0.9217884487,5.9414509,1.895698,15.12589782,0.345467824,0.802040756,0.42879859,4277.06666666667,231.13496913754,678.7975,3.61006525,2.058,255,827.5,707.5,1170,2830.32,131.21,9377.15,2142.48,35769.39,28062.55,3751.48,1848.5,958.38,21.905,842.5,371.86,370.265,596.78461077555,8.7075975,16.67909128791,248.79106483488997,1634.21,438.38137803599994,423.95349869856994,1482.95,109.6,280,458,442.86,1811.19,0.96246988554,1.6173999999999995,2218.45,2079.3,406.45
2022-06-01,116.8,120.08,115.73,7.674,33.55773104275,2.32229,6.033824478,2.288616022,2.96427731058,3.51,3.27283193173,2.11,1700.5,2146.19,1501.1,737.06,1751.76,528.14,NA,335.7145568,NA,444,459.59,1.43851455,0.93866268921,5.811929475,1.848386,14.85693418,0.345304544,0.793001814,0.41777549,4206.05833333333,222.29826780851,671.8215,3.398862654,2.0302,287.5,730.13,690,1101.88,2563.44,130.74,9024.46,2066.38,31559.31,25658.63,3629.73,1836.57,956.59,21.556,783.75,374.08,370.09,590.65145700764,8.461119750000002,15.533920713349998,263.24491050026,1608.06,379.89280413000006,407.74500173519,1607.14,114.59,291.3568,441,427.55,1554.5,0.95185945595,1.6362,2000.53,1884.59,411.92
2022-07-01,105.08333333333,108.92,106.48,7.2561,51.33003047298,2.23913,5.639197498,2.212115708,3.308573635,4.01,3.55072090499,2.365,1540.53,2146.19,1056.64,678.2,1533.4,535.54,NA,322.9671984,NA,418,382.5,1.52601040625,0.84180772252,5.73421662,1.723275,14.041224779999997,0.33260136,0.767869146,0.402784074,4268.39166666667,217.76156846548,653.564,2.888713586,1.7791,320,736,601,1013,2408.42,108.57,7544.81,1985.2,25395.77,21481.89,3105.36,1732.74,869.25,19.075,784,402.2,356.47499999999997,574.5998436307002,8.458164,18.88075436128,344.9266757403999,1581.28,316.68634299599995,399.42367516916,1621.09,99.85,269.0865577131699,412,405.67,1301.05,0.8914803981499999,1.5561,1737.34,1556.87,411.09
2022-08-01,95.97333333333,98.6,97.75,8.7854,70.04363980339,2.32322,5.917861466,2.41736583,3.36938450465,4.21,3.53815351396,2.36,1384.57,2146.11,1025.95,671.11,1598.78,535.42,NA,289.8350896,NA,431,382.86,1.67068859375,0.93284398558,5.5666655,1.835136,12.62806336,0.330772624,0.782199176,0.39352467,4356.6,220.19366882334,653.4005,2.742988204,1.6094,320,703.75,591.25,888.75,2430.79,108.85,7981.84,2072.72,24647.48,22057.39,3587.57,1764.56,908.65,19.724,749.38,406.97,354.515,574.4560978392699,8.5333375,21.210847976659995,454.04014274838994,1623.3,NA,403.88469402645006,1625,91.57,274.6194638854601,421,412.55,1173.04,0.8767005912200001,1.4622999999999995,1638.85,1496.22,395.8
2022-09-01,88.22,90.16,90.63,7.7629,59.10262225038,2.29846,5.897138038,2.455064832,3.33439935316,4.49,3.15319805949,2.36,1248.1,2146.13,909.32,664.45,1548.32,536.55,NA,312.6567192,NA,439,419.14,1.6190178125,0.93416641822,5.44320678,1.74956,11.51252564,0.32362096,0.770955614,0.390658664,4146.95764875796,208.21222566034,617.594,2.59263312,1.48,320,708,678,731,2224.76,99.81,7746.01,1870.1,21124.04,22773.97,3124.97,1680.78,881.24,18.944,752,430.81,346.85,542.97576951494,8.4936285,23.733790735749995,391.3195273270501,1623.2,NA,381.90803351780994,1641.6699999999998,83.86999999999999,234.98445322436996,428,423.36,1249.29,0.9010624345,1.3227,1402.02,1304.75,392.24
2022-10-01,90.32666666667,93.13,90.59,5.6195,39.02204993845,2.30902,5.292851696,2.270979062,3.14687079089,4.15,2.83311237266,2.4575,1108.1,2146.1,888.99,626,1575.9,542.15,NA,343.5566624,NA,431,437.95,1.57079175,1.06879006117,5.332424625,1.62792,11.464024,0.320943168,0.762578058,0.38691081,4325.15833333333,202.133242972,614.9235,2.197565216,1.496,317.5,675,636.25,622.5,2255.54,92.56,7651.08,1999.86,19391.17,22032.89,2967.21,1664.45,914.67,19.426,725,389.79,343.97999999999996,540.62792158816,7.6957974,21.84177616254,268.54710666568997,1621.79,NA,370.75781255008,1619.05,87.26,191.21987979183993,420,411.62,1038.81,0.95008123013,1.2885,1408.01,1359.15,409.08
2022-11-01,87.37666666667,91.07,86.28,5.2769,35.72328224044,2.41204,4.715461718,2.041257658,3.04665955023,3.8,2.8499786507,2.49,1173.25,2146.14,945.74,648.92,1651.6,518.68,NA,320.9200624,NA,440,422.68,1.653465,1.08899683194,5.073381775,1.539822,11.464024,0.332993232,0.792340428,0.407413776,4333.325,209.22189911389,639.721,2.22556389,1.4324,300,625,588.75,563.13,2350.72,93.34,8049.86,2099.99,21249.5,25562.7,2938.92,1725.07,989.05,21.018,665.63,342.16,356.8949999999999,562.42936662251,6.5371425,19.586267422630005,247.17644268952,1677.21,NA,383.76000163312005,1639.29,84.78,169.09656696557,430,417.5,1061.58,0.96972615114,1.27,1377.58,1347.28,421.21
2022-12-01,78.06666666667,80.9,76.78,5.503,36.04426003614,2.51231,4.629481538,2.045446436,2.94939406624,4.04,2.42151553205,2.38666666667,1158.41,2146.1,940.39,645.67,1409.24,571.15,NA,302.24782,NA,467,386.33,1.68102275,1.10465443442,4.71347756,1.54686,11.464024,0.345729072,0.805127224,0.417334566,4399.325,220.74880635411,663.592,2.223800194,1.5355,300,584.38,519.38,513.75,2401.69,111.84,8375.4,2216.48,24172.37,28946.81,3129.48,1797.55,1010.95,23.326,625,379.23,370.545,583.4162521720699,6.0988494,20.576742402939992,252.11901984184996,1745.96,NA,404.9029410675999,1670.45,76.52,215,457,446.39,1067.05,1.01413735297,1.3461,1259.95,1233.8,432.35
2023-01-01,80.41,83.09,80.03,3.2728,20.18397092135,2.62468,4.558272312,2.115994276,2.76957197412,4.04,1.94121592236,2.3275,1078.5,1970.67,941.97,626.59,1351.77,605.12,NA,302.7753512,NA,517,380.36,1.68102275,1.09132431339,4.6517482,1.544652,11.464024,0.3518684,0.8046863,0.416011794,4475.61666666667,228.22894836642,665.663,2.211013398,1.63,300,569.38,443.75,508.75,2501.82,122.23,9037.95,2201.26,28154.14,28194.61,3309.81,1897.71,1053.25,23.653,631,317.98999999999995,377.125,585.2370321969199,6.113599999999999,20.19478822332,149.37872119293002,1779.84,NA,418.62320325342,1681.25,78.11,172,507,484.64,1060,1.07210731916,1.4116999999999995,1223.58,1218.34,440.66
2023-02-01,80.25333333333,82.71,81.21,2.3836,16.53713727891,2.6527,5.064673526,2.291261566,2.70275797693,3.96,1.85827393078,2.29,1086.67,2042.62,949.98,651.12,1243.01,605.27,NA,298.1771688,NA,492,394.75,1.6603544375,1.30137951422,4.6517482,1.532076,11.06498778,0.350007008,0.813063856,0.445994626,4492.34166666667,224.02125084593,659.1775,2.190951356,1.6173,322.5,547.5,357.5,496.88,2416.18,127.6,8936.59,2093.06,26862.9,26727.95,3133.84,1854.54,958.85,21.921,612.5,207.48,375.13,579.5351158033199,6.6186525,18.4153297936,120.03831493101002,1762.2,311.88027095999996,410.9053399983199,1750,76.84,144.67,482,468.95,1036.6699999999998,1.0981034128,1.4011999999999998,1188.57,1158.6,448.28
2023-03-01,76.47333333333,78.53,77.52,2.3049,13.81207686229,2.74764,4.902193032,2.347699838,2.68777325371,3.82,1.84581976113,2.3975,1114.75,2100.41,972.06,628.38,1113.19,580.7,NA,282.4890208,NA,476,369.86,1.60179421875,1.28958341506,4.836385125,1.522224,10.99884918,0.34958248,0.835110056,0.452388024,4525.65833333333,222.59745794015,661.3575,2.102987018,1.5807,345,537.5,313.5,453,2296.42,128.37,8856.31,2115.18,23999.96,23288.61,2967.46,1912.73,970.61,21.976,606,187.23,374.675,581.4517263557899,6.99063375,16.033125947769996,104.51384047273,1720.35,284.682606426,408.29378370252994,1750,73.36999999999999,136.84,468,460.91,1051.75,1.10595158443,1.3573999999999995,1053.74,1075.05,444.64
2023-04-01,82.46,84.11,83.83,2.1611,13.52052961513,2.88324,5.060925672,2.55074534,2.95803877302,3.9,2.62661631905,2.3475,1073.95,2088.26,1005.24,614.93,1029.97,546.73,NA,291.1145496,NA,501,378.18,1.653465,1.46155255581,5.30431572,1.570852,10.912869000000002,0.358105696,0.911169446,0.532195268,4586.58333333333,223.11462208586,678.3615,2.097916392,1.5413,345,550,313.38,407.5,2343.23,117.39,8809.42,2149.43,25793.75,23894.56,2767.56,1999.77,1050.74,25.01,637,194.28,383.81,596.4012886650598,7.22223,14.366062552300004,100.25219027939002,1755.34,277.16485154400004,409.2423790180299,1737.5,79.44000000000001,133.74509999999998,490,482.88,1016.84,1.14271699875,1.3581,1026.14,1034.83,455.1
2023-05-01,74.12333333333,75.7,75.08,2.1464,10.10875599841,2.96484,4.852809544,2.70176181,2.71223656379,3.43,2.47270969137,2.234,1047.69,2016.88,934.06,595,988.32,519.19,NA,268.135448,NA,510,367.74,1.612128375,1.40548141179,5.310378425,1.542912,10.912869000000002,0.355036032,0.938286272,0.55997348,4786.75,217.20548682997,680.378,2.07344511,1.5568,345,485.63,329.25,372.5,2268.6,105.15,8217.47,2083.6,25533.8,21970.39,2475.7,1992.13,1062.73,24.267,510,160.48,380.52,598.1741534260901,7.0623225,13.430296277200002,83.22022900282998,1787.31,260.508945933,398.4036964276699,1773.08,71.59,103,495,492.68,992.5,1.11147560431,1.3505,967.27,961.79,470.53
2023-06-01,73.26333333333,74.89,74.67,2.1834,10.35062473915,3.17287,4.572161418,2.912964406,2.69450681029,3.2340862423,2.76443418857,2.085,1012.73,1971.27,816.97,591.89,1007.12,491.56,NA,266.8677984,NA,514,345.5,1.59283795,1.40495243873,5.01330588,1.467504,10.361714,0.353958384,0.909185288,0.542116058,5064.74166666667,210.73252654432,688.008,2.038832576,1.534,344.5,390,287.5,328,2184.75,113.45,8396.52,2122.89,27216.68,21233.28,2375.45,1942.9,970.64,23.417,454.55,139.42,379.365,604.8822903597398,6.272526,12.67923100243,84.31052883412997,1810.35,256.9999254479999,386.53083196982,1850,70.23,98.58,496,495.75,927.95,1.1008424395800005,1.3188,990.58,910.95,508.24
2023-07-01,78.98333333333,80.1,80.46,2.554,9.54528398968,3.38746,4.265719238,2.812654196,2.46670467474,2.47523418653,2.86237983769,2.0625,1047.38,2159.21,878.5,633.85,1135.74,517.23,NA,242.3848392,NA,547,345.5,1.5501234375,1.51291583962,4.7840254,1.372038,9.797331280000002,0.361142704,0.851203782,0.521172168,5098.175,211.0462499994,702.1235,2.054264916,1.4925,342.5,392.25,334.63,341.25,2159.73,114.43,8476.68,2109.12,28743.14,21091.26,2404.65,1951.02,950.42,24.256,458.75,140.63,387.065,617.2923436869901,5.4329338,12.98891009773,85.19210092748999,1879.02,249.853281633,387.10627131984006,1960.48,76.39,96.75,524,533.4499999999999,998.1,1.1181578075300005,1.2991999999999997,1107.99,1038.8,502.76
2023-08-01,84.72433333333,86.163,86.61,2.5845,11.19194456369,3.45961,4.116686926,2.747397444,2.83496393834,3.57854468882,2.6783471262,2.248,1099.09,2173.94,860.82,583.93,1126.53,514.56,NA,207.607148,NA,635,315.82,1.557012875,1.65885950598,4.726154125,1.424562,9.0499651,0.356309616,0.8928711,0.52800649,5295.79166666667,205.60939308596,692.368,2.114891966,1.4697,346.25,450.63,385.63,353.13,2136.57,110.2,8349.13,2153.84,26074.87,20438.65,2406.72,1918.7,925,23.437,528.75,152.61,381.885,608.71551146468,5.666381499999999,12.544073479699998,93.08927852790995,1882.62,230.805363105,377.13385339026,2000,81.4,97.6046,600,626,998.41,1.07425350984,1.2924,1066.77,989.42,541.15
2023-09-01,92.22,94,93.08,2.6395,11.54929514615,3.60822,4.045918624,2.731303718,2.84695076117,3.63546132339,2.65289096011,2.2525,1071.67,2106.22,829.6,619.04,1111.63,509.31,NA,223.80708,NA,620,314.68,1.5639023125,1.76930908023,4.90307488,1.53748,8.708248999999999,0.348962016,0.940490892,0.579594598,5437.41666666667,201.54481094656,675.909,2.15942529,1.5544,347.5,461.5,380,352,2184.67,120.98,8276.71,2252.1,25573.93,19644.64,2495.5,1915.95,920.9,23.101,527.9,162.47,374.01,594.2451017935299,5.975954999999999,12.21064536834,95.23010326937003,1851.82,230.551831782,369.6784959202199,2050,89.58,99.85,587,609.9,957.64,1.04311757202,1.4181999999999997,1047.44,894.81,594.37
2023-10-01,89.08366666667,91.061,90.62,2.9886,14.56950705657,3.63014,4.04768232,2.619970408,2.75596128806,3.49014314802,2.61524071615,2.1625,1046.43,1954.4,804.26,529.57,1133.87,511.73,NA,230.69648,NA,590,298.1,1.57079175,2.03458906819,4.9796854250000004,1.58395,8.598018,0.344912672,0.975103426,0.567028264,5488.175,198.99855631628,662.938,2.106293948,1.6073,347.5,468.13,411.38,341.88,2192.21,118.97,7937.18,2133.72,24536.07,18281.23,2448.56,1916.25,891.9,22.379,534.75,142.12,369.67,582.8412690063299,5.5598075,12.619881403989998,114.10461380273,1832.74,236.647606635,365.00809246240993,2050,85.57,128.4,563,574.71,912.38,1.0530950620899997,1.4480999999999995,1060.31,910.17,616.15
2023-11-01,81.35433333333,83.183,83.45,2.7084,14.48505487638,4.02771,4.347069716,2.703525506,2.7412037104,3.42768241654,2.61842871465,2.1775,1114.55,1891.89,830.47,553.05,1118.39,571.61,NA,211.2604984,NA,598,283.55,1.5501234375,2.06198987253,4.8832333,1.667497,NA,0.352815424,0.985906064,0.574964896,5475.26666666667,198.70634110877,676.563,1.994299252,1.6747,NA,462.63,385.5,331.88,2202.26,131.07,8189.59,2188.46,24167.86,17027.36,2543.61,1984.11,905.75,23.488,535.63,126.82,378.14,594.82008495927,5.249125,12.723406594050005,110.370695067,1869.68,241.03112646600005,364.4721040740599,2050,77.43,109,573,574.59,967.5,1.07669359015,1.4801,1039.32,943.6,629.41
2023-12-01,75.71933333333,77.858,77.22,2.5265,11.50665790666,4.20889,4.646457112,2.986598714,2.71402020373,3.6698974532,2.282163158,2.19,1108.81,1940.09,813.51,547.43,1062.48,524.08,NA,206.54803944445,NA,644,291.12,1.5652802,1.89758504649,4.79137413333,1.6336,NA,0.35644024,0.882068462,0.478182078,5461.775,206.70867952309,689.97,1.995401562,1.6619,152.5,447.5,354,311.88,2182.43,137.05,8399.94,2026.91,24600.26,16460.84,2502.39,2026.18,935.47,23.878,563.75,141.82000000000002,382.0249999999999,606.6072398569598,5.31117,14.439545219760005,95.16527233837998,1847.44,255.034139103,379.15019186485006,2050,72.08,108.8294,610,629.59,966.19,1.0834627862899997,1.4568,1009.98,944.03,632.9
2024-01-01,77.67233333333,80.227,78.86,3.1806,9.55961355312,4.39763,4.47317398,3.26393991,2.65779725353,4.00845378204,1.76243797855,2.2025,1130.57,1896.09,844.9,547.38,971.46,493.64,NA,198.62480884615,NA,660,283.91,1.6052389375,1.66779915063,4.996384,1.56618,NA,0.356146336,0.882068462,0.484575476,5533.84166666667,203.71003164716,692.259,2.030014096,1.8043,152.5,450.63,335.38,296.25,2192.82,135.82,8338.88,2086.12,25099.84,16103.83,2515.42,2034.04,925.86,22.916,596.25,124.9,381.71,608.6196809370601,5.291288,14.3441541813,93.787430637560007,1787.36,247.861774719,373.64999748444006,2056,73.93,106.75,620,648.8599999999999,977.5,1.08631628107,1.5298999999999998,972.06,943.36,625.51
2024-02-01,80.548,83.764,81.18,1.7211,8.14838086764,5.55571,4.602805636,3.378139226,2.7083573978,4.27276008084,1.62481211255,2.2275,1171.58,1809.43,856.93,519.75,911.9,457.08,NA,189.128793,NA,624,278.5,1.57423646875,1.95418516356,5.375565,1.51528,NA,0.352423552,0.916460534,0.50155105,5534.95833333333,199.1316657185,688.3895,2.196021982,2.0245,152.5,454.38,351.25,289.38,2179.46,124.39,8304.95,2079.83,26104.1,16338.46,2360.09,2023.24,894.29,22.657,583.8099999999998,124.22,377.72,605.21769720642,5.202505499999999,13.64499251382,68.88153866327998,1731.46,246.160542798,365.25224503262,2025,76.7,105.193,594,619.9,1034.1699999999998,1.0679953652799998,1.5589,962.71,925.08,614.26
2024-03-01,83.54566666667,85.447,84.7,1.4999,8.55372632183,7.08887,4.605010256,3.65636227,2.68655848842,4.33353850699,1.57363695827,2.1525,1287.86,1821.63,942.92,487.49,964.95,441.29,NA,190.56700446,NA,613,274.83,1.639686125,1.9219178071,5.729792,1.528088,NA,0.354938064,0.881186614,0.47509561,5608.24166666667,198.78595102107,692.695,2.198887988,2.3904,152.5,449,330,300.5,2226.16,109.79,8689.13,2056.2,27450.46,17438.83,2461.04,2158.01,908.75,24.518,617.5,131.49,380.415,609.0030030475501,5.188672,13.18562895162,67.81120956091003,1725.23,228.490511895,364.61812655165994,1950,80.49,104.84,584,607.72,1176.9,1.0835458177899997,1.6497999999999995,1029.01,950.93,585.4299999999998
2024-04-01,88.01133333333,90.054,89.39,1.5967,9.08511900567,9.74003,5.274332888,4.233531786,3.03388527101,4.11638954869,2.66188355718,2.3075,1425.23,1820.32,935.69,477.3,958.56,428.86,NA,191.65107888889,NA,592,272.3,1.62590725,1.9518047848,6.05028,1.439838,NA,0.350431536,0.87192721,0.451065252,5674.49166666667,193.69020185371,682.7215,1.98856724,2.2765,152.5,442.5,320,305,2506.1,112.75,9464.43,2129.46,31774.5,18163.95,2732.74,2331.45,940.18,27.494,545,134.97,375.5849999999999,600.23450977,5.1808499999999995,11.87776966329,70.62684727468995,1701.83,227.81075399999995,355.2713769185199,1850,84.59,104.89,564,577.9499999999999,1290.23,1.0742903132199997,1.6294,1058.58,971.27,571.5
2024-05-01,81.445,81.995,83.53,2.1314,10.12306554509,7.53803,5.083192334,4.04217077,3.19554153628,4.28304847109,3.13024280443,2.17333333333,1401.74,1837.96,859.15,490.22,988,478.8,NA,197.79344375,NA,628,289.42,1.4219799,2.23924874384,5.87630925,1.514766,NA,0.352913392,0.83003943,0.41777549,5629.86666666667,190.8834574565,688.3895,1.9069963,2.1539,152.5,434.9,284.8,307,2564.54,118.88,10139.33,2220.81,32977.51,19586.98,2959.13,2351.13,1014.68,29.36,522,142.01,378.245,605.21769720642,5.170787999999999,12.16289610182,82.24744947083002,1718.56,253.1638863,350.12317666308996,1800,78.81,105.63,593,606.47,1196.09,1.0782569619700004,1.6934,1104.11,1005.73,567.97
2024-06-01,81.205,82.555,82.17,2.5123,10.86897789978,8.27169,5.476055618,4.504259122,3.22211974447,4.15887542797,3.36498380544,2.1425,1397.89,1809.62,873.67,479.72,1010.68,480.7,NA,192.506708,NA,632,265.55,1.088531125,2.26442786135,5.8516948,1.400868,NA,0.35137856,0.828496196,0.425271198,5754.60833333333,188.65769344053,692.804,1.833802916,2.2613,152.5,473.75,336.25,310,2497.61,107.45,9648.17,2147.1,32032.7,17498.01,2809.19,2326.44,985.08,29.577,543,135.1,376.6,609.0988335751803,5.021702,12.130971465489996,90.39727822340998,1730,230.60694728700005,346.04062504674005,1812.5,78.89,105.3,595,613.3,1155.53,1.0645416558099998,1.7532,1099.12,1043.05,561.63
2024-07-01,83.25866666667,85.296,83.94,2.0751,10.34681932853,7.08917,5.66807802,4.733760064,3.29554042421,4.09737163209,3.58924964054,2.2,1474.35,1850.74,896.09,469.63,1079.02,472.46,NA,177.42921392,NA,590,260.26,1.0265261875,2.30172046185,6.1882875,1.33496,NA,0.35415432,0.834669132,0.425932584,6015.53333333333,188.58598774177,700.8155,1.792796984,2.0595,152.5,505.75,342.5,300.63,2349.13,106.85,9385.31,2106.94,31860.47,16334.88,2777.27,2398.2,978.8,29.773,539.4,137.55,379.575,616.1423773555,5.105902499999999,12.49096428544,82.84976113614997,1739.14,218.837949786,345.90910067386005,1840,80.54,105.31,557,570.87,1365,1.0793915972099997,1.6503,1118.33,1068.51,552.4299999999998
2024-08-01,78.121,80.863,77.95,1.9903,12.37459819711,6.8781,5.763758528,4.732878216,3.22486988042,4.02134126033,3.45826838093,2.195,1618.64,1757.94,932.63,400.13,1031.38,436.03,NA,170.32475727273,NA,589,250.85,1.0141252,2.40598105133,6.3351728,1.383168,NA,0.359575216,0.785506106,0.40565008,5998.6,203.54289638258,704.794,1.761270918,2.387,152.5,507.2,342.5,294,2343.67,99.91,8971.96,1994.63,31491.65,16292.12,2714.08,2470.15,945.36,28.53,546,145.76,385.385,619.6401916137598,5.2368976,13.319636577760006,92.02142844138,1733.37,205.76822636700004,373.34343383274006,1687.5,75.55,106.21,560,566.7,1480,1.0698740046499997,1.7373999999999998,1080.09,1048.56,535.25
2024-09-01,72.42433333333,74.293,73.43,2.2508,11.7842591911,6.52376,6.124654822,5.330330236,3.2684684135,4.09472354291,3.61318169759,2.0975,1735.75,1770.68,982.83,391.31,1043.81,435.74,NA,184.9671542069,NA,580,269.69,1.033415625,2.54668788443,6.2960425,1.453025,NA,0.362710192,0.800717984,0.447978784,6078.925,207.89234654271,720.2175,1.818370576,2.6512,152.5,504.38,337.5,286.88,2449.92,92.83,9237.48,2000.31,31471.69,16076.74,2837.02,2570.55,966.7,30.131,554.75,139.2,388.745,633.20021127249,5.485106,12.96922628408,92.14092086318,1684.97,219.205386486,381.3213032987199,1525,69.55,106.07,556,564.25,1515,1.0659262605099995,1.9068,1082.78,1068,540.4599999999999
2024-10-01,73.97066666667,75.662,74.65,2.2077,12.92013302544,6.65744,6.101726774,4.892272242,3.14555524744,4.05631948707,3.31434625526,2.066,1728.38,1750.37,1077.25,442.1,1094.89,421.63,NA,190.33572173913,NA,515,272.85,1.033415625,2.60223005539,6.059766,1.480128,NA,0.356146336,0.836212366,0.461647428,6166.25833333333,198.98525516286,711.7155,1.843723706,2.6339,152.5,503.75,374.75,278.13,2595.58,101.39,9533.99,2034,32012.43,16765.8,3105.77,2690.08,998.91,32.416,573.4399999999999,146.63,381.71,625.7254301178601,5.5993575,12.540979694109998,96.72731980128998,1638.57,233.340676335,364.9836951565798,1575,71.6,106.81,499,504.81,1636.1899999999998,1.0498333956899994,2.0093,1142.14,1205.71,529.8399999999999
2024-11-01,72.29166666667,74.395,72.79,2.1045,13.92640045783,7.89481,6.723650076,4.984866282,3.08916784132,3.95781191072,3.07219161325,2.2375,1878.67391304348,1733.86,1168.58791,435.64075,1145.17057,384.87775,NA,201.33106,NA,511,253.75,0.90940575,2.56551932525,6.183042,1.519686,NA,0.347067968,0.841282992,0.450403866,6338.63333333333,193.81630224554,694.4935,1.797206224,2.2907,152.5,491,352.3,281,2582.19,100.5,9075.73,1987.53,29654.89,15723.06,3004.2,2651.13,965.53,31.094,574.5,142.12,371.98,610.58420675334,5.829624,12.82273138964,100.44877640894002,1600.5982299999998,229.02329511,355.50267338787,1541.72535,69.69,106.82,487,489.6,2015.31354,1.0399699878199995,1.9320999999999997,1242.9170588235302,1267,509.69
2024-12-01,72.311,73.833,73.31,3.0229,13.85662099801,10.32051,7.569342308,5.218996926,2.95565574238,4.11223125193,2.56140264188,2.19333333333,1973.24251841871,1687.54438377867,1189.73,409.26716703136,1063.63100601493,376.39279078483,NA,202.59757,NA,527,252.17,0.8267325,2.69665174602,6.2332505,1.417642,NA,0.341940976,0.808434154,0.436294298,6458.25,193.31288327867,689.207,1.762373228,2.3849,152.5,477.5,352,292.5,2541.02,102.21,8916.32,1990.43,28864.99,15444.89,3034.16,2648.01,937.88,30.764,568.3299999999999,129.81,366.485,605.9364261635999,5.840266,12.64061637119,111.14613867406,1597.9154757909102,230.276254257,354.57928982063,1515.4089794303802,69.79,105.47,500,501.94,2098.8462154649997,1.03719386142,1.9937,1180.82210338681,1222.5,495.67
2025-01-01,78.162,79.206,80.14,4.0991,14.66351159521,10.74511,7.814716514,5.407712398,2.77547070082,4.08026995979,2.00364214267,2.2425,1978.4,1660.81,1070.31,410.82956521739,1047.62,368,NA,214.43704863636,NA,478,254.09,1.10782155,2.56953952048,6.464128,1.544927,NA,0.338087568,0.796088282,0.396170214,6519.4,190.21266388675,673.184,1.723571916,2.3714,152.5,478,380.5,302,2573.4,99.58,8991.41,1921.36,29612.36,15394.14,2818.96,2709.69,949.23,30.411,582.7,118.6,362.355,591.8493386029398,5.834751999999999,13.193105764099998,128.42508058688,1580.81,230.577552351,348.8927904439099,1481.4,75.14,103.28,459,464.17,1961.53,1.0154662152299996,1.9328,1149.12904260327,1207,447.27
2025-02-01,73.819,75.157,74.97,4.2226,15.34053214373,9.85585,9.049303714,5.81248063,2.68588230328,4.00383668376,1.80381022607,2.25,1990,1664.06,1067.27,412.15,1068.51,358.125,NA,220.8752,NA,437,264.61,1.2469881875,1.91213180555,6.623281,1.628226,NA,0.340046928,0.824086956,0.422846116,6735.76666666667,196.08868413197,683.103,1.721146834,2.4078,152.5,480.63,436.5,318.75,2657.6,105.08,9330.6,1956.55,31832.96,15288.09,2800.14,2894.73,978.25,32.152,603.75,106.93,364.4549999999999,600.5699166166801,5.6484749999999995,12.781781324569998,132.86465426757997,1592.3818109484398,243.507649824,359.67073265957,1434.08982035928,71.33,100.41,424,419.06,1947.45838521927,1.0294927792899995,2.0051,1159.09702139809,1220,401.7
2025-03-01,70.70133333333,72.574,71.71,4.1281,13.23540689614,8.08386,8.919451596,5.689903758,2.68741022028,4.07260218398,1.76712847686,2.2225,2356,1675.59,1067.6,401.11,1011.43,368.75,NA,207.41312,NA,425,255.37,1.18498325,1.43870091976,6.7705322,1.627835,NA,0.352978704,0.824748342,0.416452718,6812.975,199.65249832282,703.6495,1.712548816,2.3637,152.5,478.5,394.5,336.25,2658.29,100.1,9739.68,2033.21,34047.87,16065.69,2889.29,2983.25,980.05,33.188,615.13,103.97,378.315,618.6339710737201,5.608691,12.54544874824,121.54928429417,1644.68999327227,227.542525209,366.20756912599,1312.74375830769,67.82,97.99,410,404.11,2063.59366789711,1.08306266843,1.9816,1193.09038498044,1232.5,378.42
2025-04-01,65.905,67.745,66.89,3.3998,11.59029271163,8.14979,8.635937464,5.425128896,2.90647319823,3.96196944826,2.64995014644,2.1075,2483,1679.03,994.37,407.6,1119.53,369.38,NA,215.00062956522,NA,415,249.58,1.10231,1.41098273158,6.7119305,1.739932,NA,0.366759536,0.825850652,0.401020378,6870.875,206.63694054915,716.784,1.727540232,2.125,152.5,496,386.88,351.88,2371.6,97.24,9176.8,1903.46,32565.05,15113.29,2621.55,3217.64,958.81,32.225,635,98.61,393.0849999999999,630.1815496523501,5.8886315,12.68000374149,104.975598559,1681.1548325726496,219.58384628700003,379.01860645780994,1202.0216733871002,63.08,95.56,401,396.89,2090.3898701298695,1.1248693597499997,1.7064999999999997,1256.47650654752,1225,377.75
2025-05-01,62.74866666667,64.206,63.01,3.1152,11.66346590514,8.98984,8.770860208,5.24148405,3.01683310135,3.89069340017,3.24647257056,1.91333333333,2766.8,1686.86235340338,907.58,414.11363636364,1163.04675090909,358,NA,203.87293109647,NA,431,237,1.08577535,1.38098995926,6.616338,1.778867,NA,0.368457648,0.812622932,0.389997278,5525.30693753188,205.72306008511,728.3925,1.719824062,2.1944,152.5,541.5,392,362.5,2448.79,96.97,9532.98,1957.75,31981.17,15345.79,2644.37,3309.49,979.5,32.763,669.2,104.41,394.9049999999999,640.3875008442599,6.07744,12.32196857296,101.62489124197,1663.53794,221.27038074,377.34234422207,1188.7624264705898,61.03,94.33,416,405.45,2002.8414499999997,1.13618197458,1.7030999999999998,1241.1411545554895,1208,379.25
2025-06-01,69.14666666667,71.45,68.5,3.022,12.36749611794,8.40195,8.006297992,4.325684902,2.98648046352,3.74183540715,3.21510598343,2.0025,2766,1694.32086874283,935.38894111862,415.65733333333,1166.72082444444,353.125,NA,196.07200262857,NA,419,240.05,0.923184625,1.35782093938,6.6710885,1.781535,NA,0.376131808,0.776467164,0.368832926,5626.53264525086,205.95077153176,738.6385,1.725776536,2.1607,152.5,641.25,420.5,363.13,2525.96,92.33,9835.07,1973.86,32544.03,15003.11,2654.65,3352.66,1251.48,36.005,715.38,109.03,403.13,649.3955704408701,6.404305249999999,12.26,103.79808573211,1688.1941284633997,217.305738747,377.7600182108399,1155.6184926470598,67.49,93.78,408,393.35,1859.7813464285696,1.1622862048400002,1.6116999999999997,1270.02273414049,1182.5,377.16
